0.000000000000000000e+00,-2.040902900923658725e-01
2.083333333333333218e-02,-8.476683503462902058e-03
4.166666666666666435e-02,6.869798870588425879e-03
6.250000000000000000e-02,7.816715576264643764e-03
8.333333333333332871e-02,7.623370092085824182e-03
1.041666666666666574e-01,7.352001329314812768e-03
1.250000000000000000e-01,7.082020804042699243e-03
1.458333333333333148e-01,6.819184419950707725e-03
1.666666666666666574e-01,6.563289289011230675e-03
1.875000000000000000e-01,6.313780909542568605e-03
2.083333333333333148e-01,6.070605030980977951e-03
2.291666666666666574e-01,5.835926895765410592e-03
2.500000000000000000e-01,5.611031741542721156e-03
2.708333333333333148e-01,5.396217061686599432e-03
2.916666666666666297e-01,5.191647996282843305e-03
3.125000000000000000e-01,4.997140755596552082e-03
3.333333333333333148e-01,4.811603110791732793e-03
3.541666666666666297e-01,4.633758445936248839e-03
3.750000000000000000e-01,4.462804635741004014e-03
3.958333333333333148e-01,4.298158227924728410e-03
4.166666666666666297e-01,4.139303248471903202e-03
4.375000000000000000e-01,3.985949878238017816e-03
4.583333333333333148e-01,3.838022742791981964e-03
4.791666666666666297e-01,3.695417229032132555e-03
5.000000000000000000e-01,3.557928210349912534e-03
5.208333333333332593e-01,3.425303217827097273e-03
5.416666666666666297e-01,3.297282757885113078e-03
5.625000000000000000e-01,3.173629927787984754e-03
5.833333333333332593e-01,3.054176225511383898e-03
6.041666666666666297e-01,2.938833474915588696e-03
6.250000000000000000e-01,2.827576474481802420e-03
6.458333333333332593e-01,2.720419409377418211e-03
6.666666666666666297e-01,2.617378190122254377e-03
6.875000000000000000e-01,2.518426863681499841e-03
7.083333333333332593e-01,2.423479024567695185e-03
7.291666666666666297e-01,2.332395587698730087e-03
7.500000000000000000e-01,2.244997265140659306e-03
7.708333333333332593e-01,2.161079202407485949e-03
7.916666666666666297e-01,2.080432846988398803e-03
8.125000000000000000e-01,2.002865632836901312e-03
8.333333333333332593e-01,1.928208067210646602e-03
8.541666666666666297e-01,1.856312089007979092e-03
8.750000000000000000e-01,1.787047929463851095e-03
8.958333333333332593e-01,1.720300634522477006e-03
9.166666666666666297e-01,1.655966060091881810e-03
9.375000000000000000e-01,1.593948353836709478e-03
9.583333333333332593e-01,1.534159977336803501e-03
9.791666666666666297e-01,1.476522936297192416e-03
1.000000000000000000e+00,1.420969391511308190e-03
1.020833333333333259e+00,1.367440689106871107e-03
1.041666666666666519e+00,1.315884833591440036e-03
1.062500000000000000e+00,1.266253078598852857e-03
1.083333333333333259e+00,1.218496407061824254e-03
1.104166666666666519e+00,1.172562533769451422e-03
1.125000000000000000e+00,1.128394071819181039e-03
1.145833333333333259e+00,1.085928298886375178e-03
1.166666666666666519e+00,1.045098336352948479e-03
1.187500000000000000e+00,1.005835091357864912e-03
1.208333333333333259e+00,9.680693728680075244e-04
1.229166666666666519e+00,9.317338110176275317e-04
1.250000000000000000e+00,8.967642991066235650e-04
1.270833333333333259e+00,8.631007992449424727e-04
1.291666666666666519e+00,8.306875817454431425e-04
1.312500000000000000e+00,7.994731153749364732e-04
1.333333333333333259e+00,7.694097971363436737e-04
1.354166666666666519e+00,7.404536195132960978e-04
1.375000000000000000e+00,7.125638163643480171e-04
1.395833333333333259e+00,6.857024965663211045e-04
1.416666666666666519e+00,6.598342479024368445e-04
1.437500000000000000e+00,6.349256885535798723e-04
1.458333333333333259e+00,6.109449703071650030e-04
1.479166666666666519e+00,5.878612766219327860e-04
1.500000000000000000e+00,5.656443806551736354e-04
1.520833333333333259e+00,5.442643220372318747e-04
1.541666666666666519e+00,5.236912370119881175e-04
1.562500000000000000e+00,5.038953480759079126e-04
1.583333333333333259e+00,4.848470912930711945e-04
1.604166666666666519e+00,4.665173357518044030e-04
1.625000000000000000e+00,4.488776383525534667e-04
1.645833333333333259e+00,4.319004823970856374e-04
1.666666666666666519e+00,4.155594644489625489e-04
1.687500000000000000e+00,3.998294119391610424e-04
1.708333333333333259e+00,3.846864295986307265e-04
1.729166666666666519e+00,3.701078845392252303e-04
1.750000000000000000e+00,3.560723460756577436e-04
1.770833333333333259e+00,3.425594968524048518e-04
1.791666666666666519e+00,3.295500287128660835e-04
1.812500000000000000e+00,3.170255330197698364e-04
1.833333333333333259e+00,3.049683923924577443e-04
1.854166666666666519e+00,2.933616792381604668e-04
1.875000000000000000e+00,2.821890656697401720e-04
1.895833333333333259e+00,2.714347489523393051e-04
1.916666666666666519e+00,2.610833958964725674e-04
1.937500000000000000e+00,2.511201081106801520e-04
1.958333333333333259e+00,2.415304077192122602e-04
1.979166666666666519e+00,2.323002405705914511e-04
2.000000000000000000e+00,2.234159917941617188e-04
2.020833333333333037e+00,2.148645073224879961e-04
2.041666666666666519e+00,2.066331149046409898e-04
2.062500000000000000e+00,1.987096391413021505e-04
2.083333333333333037e+00,1.910824069072725769e-04
2.104166666666666519e+00,1.837402416837759104e-04
2.125000000000000000e+00,1.766724473444071010e-04
2.145833333333333037e+00,1.698687834499734012e-04
2.166666666666666519e+00,1.633194349832315219e-04
2.187500000000000000e+00,1.570149796805846468e-04
2.208333333333333037e+00,1.509463558432308592e-04
2.229166666666666519e+00,1.451048329213799643e-04
2.250000000000000000e+00,1.394819864310402324e-04
2.270833333333333037e+00,1.340696780489967848e-04
2.291666666666666519e+00,1.288600410875569233e-04
2.312500000000000000e+00,1.238454710127415094e-04
2.333333333333333037e+00,1.190186202487883969e-04
2.354166666666666519e+00,1.143723961976230173e-04
2.375000000000000000e+00,1.098999612098411046e-04
2.395833333333333037e+00,1.055947331648859043e-04
2.416666666666666519e+00,1.014503853949516690e-04
2.437500000000000000e+00,9.746084488370828876e-05
2.458333333333333037e+00,9.362028799176510770e-05
2.479166666666666519e+00,8.992313335122066316e-05
2.500000000000000000e+00,8.636403198734357545e-05
2.520833333333333037e+00,8.293785510089320579e-05
2.541666666666666519e+00,7.963968023001992272e-05
2.562500000000000000e+00,7.646477668557939526e-05
2.583333333333333037e+00,7.340859118754774061e-05
2.604166666666666519e+00,7.046673454940183983e-05
2.625000000000000000e+00,6.763497007927406766e-05
2.645833333333333037e+00,6.490920413223292510e-05
2.666666666666666519e+00,6.228547898514877595e-05
2.687500000000000000e+00,5.975996796042169052e-05
2.708333333333333037e+00,5.732897251330108129e-05
2.729166666666666519e+00,5.498892084036315168e-05
2.750000000000000000e+00,5.273636747243403767e-05
2.770833333333333037e+00,5.056799328797841037e-05
2.791666666666666519e+00,4.848060540766940027e-05
2.812500000000000000e+00,4.647113651489301388e-05
2.833333333333333037e+00,4.453664326282902525e-05
2.854166666666666519e+00,4.267430356594252995e-05
2.875000000000000000e+00,4.088141272720645299e-05
2.895833333333333037e+00,3.915537848584367292e-05
2.916666666666666519e+00,3.749371519203244295e-05
2.937500000000000000e+00,3.589403739989867440e-05
2.958333333333333037e+00,3.435405321743759447e-05
2.979166666666666519e+00,3.287155775812895309e-05
3.000000000000000000e+00,3.144442701254361659e-05
3.020833333333333037e+00,3.007061239289229138e-05
3.041666666666666519e+00,2.874813612857870547e-05
3.062500000000000000e+00,2.747508759223666995e-05
3.083333333333333037e+00,2.624962055036816330e-05
3.104166666666666519e+00,2.506995125058706549e-05
3.125000000000000000e+00,2.393435718963629575e-05
3.145833333333333037e+00,2.284117636867436844e-05
3.166666666666666519e+00,2.178880682250712884e-05
3.187500000000000000e+00,2.077570621147175814e-05
3.208333333333333037e+00,1.980039128964090011e-05
3.229166666666666519e+00,1.886143710490457303e-05
3.250000000000000000e+00,1.795747583249333233e-05
3.270833333333333037e+00,1.708719519704870429e-05
3.291666666666666519e+00,1.624933649357412712e-05
3.312500000000000000e+00,1.544269225831831503e-05
3.333333333333333037e+00,1.466610367964523028e-05
3.354166666666666519e+00,1.391845785976679642e-05
3.375000000000000000e+00,1.319868504577075361e-05
3.395833333333333037e+00,1.250575594873874450e-05
3.416666666666666519e+00,1.183867925087947828e-05
3.437500000000000000e+00,1.119649937727483004e-05
3.458333333333333037e+00,1.057829458340938749e-05
3.479166666666666519e+00,9.983175374781499078e-06
3.500000000000000000e+00,9.410283247811527266e-06
3.520833333333333037e+00,8.858789718035052732e-06
3.541666666666666519e+00,8.327895576341225918e-06
3.562500000000000000e+00,7.816830310779859320e-06
3.583333333333333037e+00,7.324851619522000887e-06
3.604166666666666519e+00,6.851244949972370997e-06
3.625000000000000000e+00,6.395323003536935988e-06
3.645833333333333037e+00,5.956425160498393392e-06
3.666666666666666519e+00,5.533916797487383942e-06
3.687500000000000000e+00,5.127188486528219661e-06
3.708333333333333037e+00,4.735655076688604243e-06
3.729166666666666519e+00,4.358754679450519159e-06
3.750000000000000000e+00,3.995947585583667818e-06
3.770833333333333037e+00,3.646715146649902812e-06
3.791666666666666519e+00,3.310558661144696500e-06
3.812500000000000000e+00,2.986998295958848293e-06
3.833333333333333037e+00,2.675572077890067819e-06
3.854166666666666519e+00,2.375834974411959772e-06
3.875000000000000000e+00,2.087358079243503964e-06
3.895833333333333037e+00,1.809727907065793838e-06
3.916666666666666519e+00,1.542545792565244290e-06
3.937500000000000000e+00,1.285427383468849597e-06
3.958333333333333037e+00,1.038002210003123249e-06
3.979166666666666519e+00,7.999133113419089394e-07
4.000000000000000000e+00,5.708168969773583781e-07
4.020833333333333037e+00,3.503820231349686893e-07
4.041666666666666075e+00,1.382902677990460611e-07
4.062500000000000000e+00,-6.576461051874597420e-08
4.083333333333333037e+00,-2.620770380776015359e-07
4.104166666666666075e+00,-4.509300192493271570e-07
4.125000000000000000e+00,-6.325955556834299720e-07
4.145833333333333037e+00,-8.073350893214296289e-07
4.166666666666666075e+00,-9.753999578749551389e-07
4.187500000000000000e+00,-1.137031856232455931e-06
4.208333333333333037e+00,-1.292463291028735428e-06
4.229166666666666075e+00,-1.441918021370769143e-06
4.250000000000000000e+00,-1.585611475015006379e-06
4.270833333333333037e+00,-1.723751134912484557e-06
4.291666666666666075e+00,-1.856536892139301902e-06
4.312500000000000000e+00,-1.984161365243014099e-06
4.333333333333333037e+00,-2.106810183346623331e-06
4.354166666666666075e+00,-2.224662242087110665e-06
4.375000000000000000e+00,-2.337889931568789500e-06
4.395833333333333037e+00,-2.446659344607451500e-06
4.416666666666666075e+00,-2.551130471752462687e-06
4.437500000000000000e+00,-2.651457387281417854e-06
4.458333333333333037e+00,-2.747788430424839472e-06
4.479166666666666075e+00,-2.840266389305676918e-06
4.500000000000000000e+00,-2.929028685389472537e-06
4.520833333333333037e+00,-3.014207562829866541e-06
4.541666666666666075e+00,-3.095930281759816846e-06
4.562500000000000000e+00,-3.174319314390348581e-06
4.583333333333333037e+00,-3.249492542073014477e-06
4.604166666666666075e+00,-3.321563450983808300e-06
4.625000000000000000e+00,-3.390641323551506395e-06
4.645833333333333037e+00,-3.456831424103995895e-06
4.666666666666666075e+00,-3.520235174957695782e-06
4.687500000000000000e+00,-3.580950323690789251e-06
4.708333333333333037e+00,-3.639071097768895954e-06
4.729166666666666075e+00,-3.694688349807600968e-06
4.750000000000000000e+00,-3.747889689472430842e-06
4.770833333333333037e+00,-3.798759607232199326e-06
4.791666666666666075e+00,-3.847379588171330909e-06
4.812500000000000000e+00,-3.893828218540889374e-06
4.833333333333333037e+00,-3.938181286658951747e-06
4.854166666666666075e+00,-3.980511879451147370e-06
4.875000000000000000e+00,-4.020890475447162435e-06
4.895833333333333037e+00,-4.059385036989578403e-06
4.916666666666666075e+00,-4.096061100481121886e-06
4.937500000000000000e+00,-4.130981865730329269e-06
4.958333333333333037e+00,-4.164208284993483103e-06
4.979166666666666075e+00,-4.195799151840175912e-06
5.000000000000000000e+00,-4.225811186867812333e-06
5.020833333333333037e+00,-4.254299123551998210e-06
5.041666666666666075e+00,-4.281315791073222812e-06
5.062500000000000000e+00,-4.306912193751688250e-06
5.083333333333333037e+00,-4.331137587536975689e-06
5.104166666666666075e+00,-4.354039553306783432e-06
5.125000000000000000e+00,-4.375664065332973598e-06
5.145833333333333037e+00,-4.396055555439911605e-06
5.166666666666666075e+00,-4.415256975133713670e-06
5.187500000000000000e+00,-4.433309852309228995e-06
5.208333333333333037e+00,-4.450254344909711649e-06
5.229166666666666075e+00,-4.466129292660306502e-06
5.250000000000000000e+00,-4.480972265223534152e-06
5.270833333333333037e+00,-4.494819608977224153e-06
5.291666666666666075e+00,-4.507706491749148965e-06
5.312500000000000000e+00,-4.519666945917630557e-06
5.333333333333333037e+00,-4.530733910959423276e-06
5.354166666666666075e+00,-4.540939274203339540e-06
5.375000000000000000e+00,-4.550313911337931880e-06
5.395833333333333037e+00,-4.558887724871584651e-06
5.416666666666666075e+00,-4.566689682656319551e-06
5.437500000000000000e+00,-4.573747854526942678e-06
5.458333333333333037e+00,-4.580089447756912809e-06
5.479166666666666075e+00,-4.585740841531371945e-06
5.500000000000000000e+00,-4.590727619612137442e-06
5.520833333333333037e+00,-4.595074601435844971e-06
5.541666666666666075e+00,-4.598805871725113283e-06
5.562500000000000000e+00,-4.601944809135120556e-06
5.583333333333333037e+00,-4.604514112475554865e-06
5.604166666666666075e+00,-4.606535825878645597e-06
5.625000000000000000e+00,-4.608031363651135533e-06
5.645833333333333037e+00,-4.609021531595675612e-06
5.666666666666666075e+00,-4.609526549954745189e-06
5.687500000000000000e+00,-4.609566073143751601e-06
5.708333333333333037e+00,-4.609159210063390153e-06
5.729166666666666075e+00,-4.608324543198053433e-06
5.750000000000000000e+00,-4.607080146579687417e-06
5.770833333333333037e+00,-4.605443602897970512e-06
5.791666666666666075e+00,-4.603432021878960849e-06
5.812500000000000000e+00,-4.601062054995045682e-06
5.833333333333333037e+00,-4.598349912530316618e-06
5.854166666666666075e+00,-4.595311377700845170e-06
5.875000000000000000e+00,-4.591961821599625351e-06
5.895833333333333037e+00,-4.588316216898112560e-06
5.916666666666666075e+00,-4.584389150982949044e-06
5.937500000000000000e+00,-4.580194838377946009e-06
5.958333333333333037e+00,-4.575747132985697701e-06
5.979166666666666075e+00,-4.571059538777867336e-06
6.000000000000000000e+00,-4.566145221257934056e-06
6.020833333333333037e+00,-4.561017016274125203e-06
6.041666666666666075e+00,-4.555687441065084246e-06
6.062500000000000000e+00,-4.550168701676129584e-06
6.083333333333333037e+00,-4.544472703301366746e-06
6.104166666666666075e+00,-4.538611056806852590e-06
6.125000000000000000e+00,-4.532595087171701296e-06
6.145833333333333037e+00,-4.526435840600129589e-06
6.166666666666666075e+00,-4.520144091831806781e-06
6.187500000000000000e+00,-4.513730350528411193e-06
6.208333333333333037e+00,-4.507204867209890310e-06
6.229166666666666075e+00,-4.500577639722680506e-06
6.250000000000000000e+00,-4.493858419193798084e-06
6.270833333333333037e+00,-4.487056714711497608e-06
6.291666666666666075e+00,-4.480181799101990014e-06
6.312500000000000000e+00,-4.473242713371644222e-06
6.333333333333333037e+00,-4.466248271585425116e-06
6.354166666666666075e+00,-4.459207064949837140e-06
6.375000000000000000e+00,-4.452127466039978694e-06
6.395833333333333037e+00,-4.445017632870670475e-06
6.416666666666666075e+00,-4.437885511684116283e-06
6.437500000000000000e+00,-4.430738841545760652e-06
6.458333333333333037e+00,-4.423585156267894742e-06
6.479166666666666075e+00,-4.416431788369875024e-06
6.500000000000000000e+00,-4.409285871170648726e-06
6.520833333333333037e+00,-4.402154342098193714e-06
6.541666666666666075e+00,-4.395043944331196248e-06
6.562500000000000000e+00,-4.387961229985463572e-06
6.583333333333333037e+00,-4.380912561870464411e-06
6.604166666666666075e+00,-4.373904115583566269e-06
6.625000000000000000e+00,-4.366941881437450431e-06
6.645833333333333037e+00,-4.360031666432292649e-06
6.666666666666666075e+00,-4.353179096139679621e-06
6.687500000000000000e+00,-4.346389616012915593e-06
6.708333333333333037e+00,-4.339668493098415157e-06
6.729166666666666075e+00,-4.333020817648790263e-06
6.750000000000000000e+00,-4.326451504258284323e-06
6.770833333333333037e+00,-4.319965293492268790e-06
6.791666666666666075e+00,-4.313566753085704990e-06
6.812500000000000000e+00,-4.307260278368292831e-06
6.833333333333333037e+00,-4.301050094830452079e-06
6.854166666666666075e+00,-4.294940257996042113e-06
6.875000000000000000e+00,-4.288934655231274468e-06
6.895833333333333037e+00,-4.283037006211151862e-06
6.916666666666666075e+00,-4.277250864187087727e-06
6.937500000000000000e+00,-4.271579616734197639e-06
6.958333333333333037e+00,-4.266026486929910935e-06
6.979166666666666075e+00,-4.260594534238842320e-06
7.000000000000000000e+00,-4.255286654862152295e-06
7.020833333333333037e+00,-4.250105583483913103e-06
7.041666666666666075e+00,-4.245053893857471522e-06
7.062500000000000000e+00,-4.240133999067998586e-06
7.083333333333333037e+00,-4.235348153181572101e-06
7.104166666666666075e+00,-4.230698451965654397e-06
7.125000000000000000e+00,-4.226186833345067954e-06
7.145833333333333037e+00,-4.221815079168945940e-06
7.166666666666666075e+00,-4.217584815264521343e-06
7.187500000000000000e+00,-4.213497513075793522e-06
7.208333333333333037e+00,-4.209554489882613284e-06
7.229166666666666075e+00,-4.205756910766778484e-06
7.250000000000000000e+00,-4.202105788788121170e-06
7.270833333333333037e+00,-4.198601986588335665e-06
7.291666666666666075e+00,-4.195246217000750813e-06
7.312500000000000000e+00,-4.192039044668265395e-06
7.333333333333333037e+00,-4.188980886891728710e-06
7.354166666666666075e+00,-4.186072014810690948e-06
7.375000000000000000e+00,-4.183312554996549346e-06
7.395833333333333037e+00,-4.180702490086102574e-06
7.416666666666666075e+00,-4.178241660931440631e-06
7.437500000000000000e+00,-4.175929767068557358e-06
7.458333333333333037e+00,-4.173766369115382023e-06
7.479166666666666075e+00,-4.171750889274020730e-06
7.500000000000000000e+00,-4.169882613530998195e-06
7.520833333333333037e+00,-4.168160692945976022e-06
7.541666666666666075e+00,-4.166584145175243102e-06
7.562500000000000000e+00,-4.165151856512628793e-06
7.583333333333333037e+00,-4.163862583120074084e-06
7.604166666666666075e+00,-4.162714953277864398e-06
7.625000000000000000e+00,-4.161707468550391727e-06
7.645833333333333037e+00,-4.160838506871025752e-06
7.666666666666666075e+00,-4.160106322669024790e-06
7.687500000000000000e+00,-4.159509050506979027e-06
7.708333333333333037e+00,-4.159044706662202393e-06
7.729166666666666075e+00,-4.158711190456754711e-06
7.750000000000000000e+00,-4.158506287270227773e-06
7.770833333333333037e+00,-4.158427670541503577e-06
7.791666666666666075e+00,-4.158472903821296422e-06
7.812500000000000000e+00,-4.158639443192550407e-06
7.833333333333333037e+00,-4.158924639598975345e-06
7.854166666666666075e+00,-4.159325741503722260e-06
7.875000000000000000e+00,-4.159839896590781186e-06
7.895833333333333037e+00,-4.160464155294692832e-06
7.916666666666666075e+00,-4.161195472589001887e-06
7.937500000000000000e+00,-4.162030710983927806e-06
7.958333333333333037e+00,-4.162966643034329411e-06
7.979166666666666075e+00,-4.163999953872951737e-06
8.000000000000000000e+00,-4.165127244155379177e-06
8.020833333333332149e+00,-4.166345032822480969e-06
8.041666666666666075e+00,-4.167649759947848820e-06
8.062500000000000000e+00,-4.169037789251943162e-06
8.083333333333332149e+00,-4.170505411575576216e-06
8.104166666666666075e+00,-4.172048847081958788e-06
8.125000000000000000e+00,-4.173664248865224955e-06
8.145833333333332149e+00,-4.175347705851293744e-06
8.166666666666666075e+00,-4.177095245169436876e-06
8.187500000000000000e+00,-4.178902835827436137e-06
8.208333333333332149e+00,-4.180766391739954866e-06
8.229166666666666075e+00,-4.182681774263407711e-06
8.250000000000000000e+00,-4.184644796339307001e-06
8.270833333333332149e+00,-4.186651224234362335e-06
8.291666666666666075e+00,-4.188696782117344338e-06
8.312500000000000000e+00,-4.190777153990141908e-06
8.333333333333332149e+00,-4.192887987294453067e-06
8.354166666666666075e+00,-4.195024896454093687e-06
8.375000000000000000e+00,-4.197183465702763619e-06
8.395833333333332149e+00,-4.199359251887413198e-06
8.416666666666666075e+00,-4.201547788356055013e-06
8.437500000000000000e+00,-4.203744587433810615e-06
8.458333333333332149e+00,-4.205945144233693114e-06
8.479166666666666075e+00,-4.208144939322292711e-06
8.500000000000000000e+00,-4.210339442107459557e-06
8.520833333333332149e+00,-4.212524113802943633e-06
8.541666666666666075e+00,-4.214694411209800548e-06
8.562500000000000000e+00,-4.216845789010199959e-06
8.583333333333332149e+00,-4.218973703178891424e-06
8.604166666666666075e+00,-4.221073614710917630e-06
8.625000000000000000e+00,-4.223140992183231757e-06
8.645833333333332149e+00,-4.225171315162732003e-06
8.666666666666666075e+00,-4.227160077593869063e-06
8.687500000000000000e+00,-4.229102791089276794e-06
8.708333333333332149e+00,-4.230994987960190985e-06
8.729166666666666075e+00,-4.232832225038263711e-06
8.750000000000000000e+00,-4.234610087296325937e-06
8.770833333333332149e+00,-4.236324190999505096e-06
8.791666666666666075e+00,-4.237970187776188250e-06
8.812500000000000000e+00,-4.239543769274989753e-06
8.833333333333332149e+00,-4.241040669808845065e-06
8.854166666666666075e+00,-4.242456672538042942e-06
8.875000000000000000e+00,-4.243787612608324119e-06
8.895833333333332149e+00,-4.245029383295954563e-06
8.916666666666666075e+00,-4.246177940236310460e-06
8.937500000000000000e+00,-4.247229307781173041e-06
8.958333333333332149e+00,-4.248179584244080055e-06
8.979166666666666075e+00,-4.249024948711781025e-06
9.000000000000000000e+00,-4.249761666515851555e-06
9.020833333333332149e+00,-4.250386097239710180e-06
9.041666666666666075e+00,-4.250894700311953843e-06
9.062500000000000000e+00,-4.251284043562990709e-06
9.083333333333332149e+00,-4.251550808374181407e-06
9.104166666666666075e+00,-4.251691798523517595e-06
9.125000000000000000e+00,-4.251703945797392269e-06
9.145833333333332149e+00,-4.251584316749656713e-06
9.166666666666666075e+00,-4.251330118562725118e-06
9.187500000000000000e+00,-4.250938704084964218e-06
9.208333333333332149e+00,-4.250407576255481604e-06
9.229166666666666075e+00,-4.249734390770054349e-06
9.250000000000000000e+00,-4.248916959357773475e-06
9.270833333333332149e+00,-4.247953249262498003e-06
9.291666666666666075e+00,-4.246841383814050779e-06
9.312500000000000000e+00,-4.245579640217803830e-06
9.333333333333332149e+00,-4.244166446554252196e-06
9.354166666666666075e+00,-4.242600377959451832e-06
9.375000000000000000e+00,-4.240880150899838374e-06
9.395833333333332149e+00,-4.239004617419853592e-06
9.416666666666666075e+00,-4.236972758751147031e-06
9.437500000000000000e+00,-4.234783677321384275e-06
9.458333333333332149e+00,-4.232436590855079209e-06
9.479166666666666075e+00,-4.229930824693544592e-06
9.500000000000000000e+00,-4.227265804792690066e-06
9.520833333333332149e+00,-4.224441052864714759e-06
9.541666666666666075e+00,-4.221456179529192846e-06
9.562500000000000000e+00,-4.218310881032401443e-06
9.583333333333332149e+00,-4.215004935113446609e-06
9.604166666666666075e+00,-4.211538198418786753e-06
9.625000000000000000e+00,-4.207910605145944004e-06
9.645833333333332149e+00,-4.204122165745629498e-06
9.666666666666666075e+00,-4.200172967200988973e-06
9.687500000000000000e+00,-4.196063173072356595e-06
9.708333333333332149e+00,-4.191793024609128009e-06
9.729166666666666075e+00,-4.187362842524512045e-06
9.750000000000000000e+00,-4.182773027639813630e-06
9.770833333333332149e+00,-4.178024063113633071e-06
9.791666666666666075e+00,-4.173116515866935462e-06
9.812500000000000000e+00,-4.168051037823599893e-06
9.833333333333332149e+00,-4.162828367118285894e-06
9.854166666666666075e+00,-4.157449329815729047e-06
9.875000000000000000e+00,-4.151914839768819775e-06
9.895833333333332149e+00,-4.146225900747187814e-06
9.916666666666666075e+00,-4.140383605236242488e-06
9.937500000000000000e+00,-4.134389135986141847e-06
9.958333333333332149e+00,-4.128243765982349815e-06
9.979166666666666075e+00,-4.121948857795826382e-06
1.000000000000000000e+01,-4.115505864807990568e-06
1.002083333333333215e+01,-4.108916330124079637e-06
1.004166666666666607e+01,-4.102181886889758158e-06
1.006250000000000000e+01,-4.095304258161219571e-06
1.008333333333333215e+01,-4.088285256219435088e-06
1.010416666666666607e+01,-4.081126783269408193e-06
1.012500000000000000e+01,-4.073830829983768404e-06
1.014583333333333215e+01,-4.066399476111704106e-06
1.016666666666666607e+01,-4.058834888983724086e-06
1.018750000000000000e+01,-4.051139323999645074e-06
1.020833333333333215e+01,-4.043315123155576039e-06
1.022916666666666607e+01,-4.035364714174190683e-06
1.025000000000000000e+01,-4.027290610006660215e-06
1.027083333333333215e+01,-4.019095407533287866e-06
1.029166666666666607e+01,-4.010781786372201093e-06
1.031250000000000000e+01,-4.002352507325013937e-06
1.033333333333333215e+01,-3.993810411294583191e-06
1.035416666666666607e+01,-3.985158417339194992e-06
1.037500000000000000e+01,-3.976399521349791587e-06
1.039583333333333215e+01,-3.967536794333478546e-06
1.041666666666666607e+01,-3.958573380199910035e-06
1.043750000000000000e+01,-3.949512494743396614e-06
1.045833333333333215e+01,-3.940357422652595184e-06
1.047916666666666607e+01,-3.931111516369730935e-06
1.050000000000000000e+01,-3.921778193769029967e-06
1.052083333333333215e+01,-3.912360936440631385e-06
1.054166666666666607e+01,-3.902863287265217724e-06
1.056250000000000000e+01,-3.893288848319631959e-06
1.058333333333333215e+01,-3.883641278673985377e-06
1.060416666666666607e+01,-3.873924292627759736e-06
1.062500000000000000e+01,-3.864141656821012415e-06
1.064583333333333215e+01,-3.854297188539166177e-06
1.066666666666666607e+01,-3.844394752761580460e-06
1.068750000000000000e+01,-3.834438260460309425e-06
1.070833333333333215e+01,-3.824431665155951636e-06
1.072916666666666607e+01,-3.814378961425353771e-06
1.075000000000000000e+01,-3.804284181972057388e-06
1.077083333333333215e+01,-3.794151394730933634e-06
1.079166666666666607e+01,-3.783984700704196599e-06
1.081250000000000000e+01,-3.773788231209811710e-06
1.083333333333333215e+01,-3.763566144951838728e-06
1.085416666666666607e+01,-3.753322625832965783e-06
1.087500000000000000e+01,-3.743061879228703231e-06
1.089583333333333215e+01,-3.732788130685102696e-06
1.091666666666666607e+01,-3.722505621773012322e-06
1.093750000000000000e+01,-3.712218608381960995e-06
1.095833333333333215e+01,-3.701931357045701036e-06
1.097916666666666607e+01,-3.691648142687924038e-06
1.100000000000000000e+01,-3.681373245834367960e-06
1.102083333333333215e+01,-3.671110949432919496e-06
1.104166666666666607e+01,-3.660865536305160445e-06
1.106250000000000000e+01,-3.650641286164246343e-06
1.108333333333333215e+01,-3.640442473050048772e-06
1.110416666666666607e+01,-3.630273361888927228e-06
1.112500000000000000e+01,-3.620138206326339103e-06
1.114583333333333215e+01,-3.610041245768633869e-06
1.116666666666666607e+01,-3.599986701714126895e-06
1.118750000000000000e+01,-3.589978776130578622e-06
1.120833333333333215e+01,-3.580021647923303067e-06
1.122916666666666607e+01,-3.570119469860064260e-06
1.125000000000000000e+01,-3.560276366351571250e-06
1.127083333333333215e+01,-3.550496430278917894e-06
1.129166666666666607e+01,-3.540783720620294794e-06
1.131250000000000000e+01,-3.531142258729315417e-06
1.133333333333333215e+01,-3.521576026586568565e-06
1.135416666666666607e+01,-3.512088963381649007e-06
1.137500000000000000e+01,-3.502684963190478783e-06
1.139583333333333215e+01,-3.493367872372810338e-06
1.141666666666666607e+01,-3.484141486250508889e-06
1.143750000000000000e+01,-3.475009546893720431e-06
1.145833333333333215e+01,-3.465975740864421709e-06
1.147916666666666607e+01,-3.457043695876133507e-06
1.150000000000000000e+01,-3.448216978929128061e-06
1.152083333333333215e+01,-3.439499093154938261e-06
1.154166666666666607e+01,-3.430893476003490300e-06
1.156250000000000000e+01,-3.422403496346156130e-06
1.158333333333333215e+01,-3.414032452117896219e-06
1.160416666666666607e+01,-3.405783568181342310e-06
1.162500000000000000e+01,-3.397659993855240829e-06
1.164583333333333215e+01,-3.389664800740077807e-06
1.166666666666666607e+01,-3.381800980292885486e-06
1.168750000000000000e+01,-3.374071441506870097e-06
1.170833333333333215e+01,-3.366479009614410448e-06
1.172916666666666607e+01,-3.359026423187537512e-06
1.175000000000000000e+01,-3.351716332190261369e-06
1.177083333333333215e+01,-3.344551296564893536e-06
1.179166666666666607e+01,-3.337533783680619415e-06
1.181250000000000000e+01,-3.330666166864713087e-06
1.183333333333333215e+01,-3.323950723575495715e-06
1.185416666666666607e+01,-3.317389633579388509e-06
1.187500000000000000e+01,-3.310984977379448917e-06
1.189583333333333215e+01,-3.304738734309977211e-06
1.191666666666666607e+01,-3.298652781445777337e-06
1.193750000000000000e+01,-3.292728891805824078e-06
1.195833333333333215e+01,-3.286968733541881719e-06
1.197916666666666607e+01,-3.281373867422540909e-06
1.200000000000000000e+01,-3.275945746915000965e-06
1.202083333333333215e+01,-3.270685715964711064e-06
1.204166666666666607e+01,-3.265595008365718985e-06
1.206250000000000000e+01,-3.260674746991438563e-06
1.208333333333333215e+01,-3.255925941831885039e-06
1.210416666666666607e+01,-3.251349490285812908e-06
1.212500000000000000e+01,-3.246946175510520829e-06
1.214583333333333215e+01,-3.242716666096738354e-06
1.216666666666666607e+01,-3.238661515095011111e-06
1.218750000000000000e+01,-3.234781159775458962e-06
1.220833333333333215e+01,-3.231075920734555622e-06
1.222916666666666607e+01,-3.227546001916442975e-06
1.225000000000000000e+01,-3.224191489804533409e-06
1.227083333333333215e+01,-3.221012353573470079e-06
1.229166666666666607e+01,-3.218008444526527189e-06
1.231250000000000000e+01,-3.215179496343844018e-06
1.233333333333333215e+01,-3.212525124775631275e-06
1.235416666666666607e+01,-3.210044827911860459e-06
1.237500000000000000e+01,-3.207737986127248227e-06
1.239583333333333215e+01,-3.205603862467500874e-06
1.241666666666666607e+01,-3.203641603156496064e-06
1.243750000000000000e+01,-3.201850237133345016e-06
1.245833333333333215e+01,-3.200228677661839386e-06
1.247916666666666607e+01,-3.198775722507988528e-06
1.250000000000000000e+01,-3.197490053867217008e-06
1.252083333333333215e+01,-3.196370240046054503e-06
1.254166666666666607e+01,-3.195414735856212794e-06
1.256250000000000000e+01,-3.194621883295760350e-06
1.258333333333333215e+01,-3.193989913180580626e-06
1.260416666666666607e+01,-3.193516945158874960e-06
1.262500000000000000e+01,-3.193200989891922590e-06
1.264583333333333215e+01,-3.193039949761874938e-06
1.266666666666666607e+01,-3.193031620070685851e-06
1.268750000000000000e+01,-3.193173690484006316e-06
1.270833333333333215e+01,-3.193463746768725591e-06
1.272916666666666607e+01,-3.193899271758581990e-06
1.275000000000000000e+01,-3.194477647528644263e-06
1.277083333333333215e+01,-3.195196156491827937e-06
1.279166666666666607e+01,-3.196051983747892163e-06
1.281250000000000000e+01,-3.197042218247287555e-06
1.283333333333333215e+01,-3.198163855405339570e-06
1.285416666666666607e+01,-3.199413798148279146e-06
1.287500000000000000e+01,-3.200788859759875639e-06
1.289583333333333215e+01,-3.202285765555299719e-06
1.291666666666666607e+01,-3.203901155133189575e-06
1.293750000000000000e+01,-3.205631584303613528e-06
1.295833333333333215e+01,-3.207473528186873998e-06
1.297916666666666607e+01,-3.209423382348801856e-06
1.300000000000000000e+01,-3.211477466343308252e-06
1.302083333333333215e+01,-3.213632025093661143e-06
1.304166666666666607e+01,-3.215883232354358503e-06
1.306250000000000000e+01,-3.218227192798812120e-06
1.308333333333333215e+01,-3.220659944814400047e-06
1.310416666666666607e+01,-3.223177462615803639e-06
1.312500000000000000e+01,-3.225775659380554539e-06
1.314583333333333215e+01,-3.228450390733463530e-06
1.316666666666666607e+01,-3.231197455794353700e-06
1.318750000000000000e+01,-3.234012601509081357e-06
1.320833333333333215e+01,-3.236891525202772430e-06
1.322916666666666607e+01,-3.239829876794131764e-06
1.325000000000000000e+01,-3.242823262636086165e-06
1.327083333333333215e+01,-3.245867247989480602e-06
1.329166666666666607e+01,-3.248957360036218337e-06
1.331250000000000000e+01,-3.252089091366597220e-06
1.333333333333333215e+01,-3.255257902340196338e-06
1.335416666666666607e+01,-3.258459224769185233e-06
1.337500000000000000e+01,-3.261688464803763665e-06
1.339583333333333215e+01,-3.264941006285515068e-06
1.341666666666666607e+01,-3.268212213568083023e-06
1.343750000000000000e+01,-3.271497434712946092e-06
1.345833333333333215e+01,-3.274792005333723018e-06
1.347916666666666607e+01,-3.278091251161543297e-06
1.350000000000000000e+01,-3.281390491628203214e-06
1.352083333333333215e+01,-3.284685043054823498e-06
1.354166666666666607e+01,-3.287970221871407996e-06
1.356250000000000000e+01,-3.291241348266144100e-06
1.358333333333333215e+01,-3.294493749313633486e-06
1.360416666666666607e+01,-3.297722762498884597e-06
1.362500000000000000e+01,-3.300923739000173488e-06
1.364583333333333215e+01,-3.304092047197838841e-06
1.366666666666666607e+01,-3.307223076431582059e-06
1.368750000000000000e+01,-3.310312240381427221e-06
1.370833333333333215e+01,-3.313354980267565075e-06
1.372916666666666607e+01,-3.316346769477438643e-06
1.375000000000000000e+01,-3.319283116421684641e-06
1.377083333333333215e+01,-3.322159568760483556e-06
1.379166666666666607e+01,-3.324971717072360472e-06
1.381250000000000000e+01,-3.327715198937065555e-06
1.383333333333333215e+01,-3.330385702511134335e-06
1.385416666666666607e+01,-3.332978971338014590e-06
1.387500000000000000e+01,-3.335490808109386878e-06
1.389583333333333215e+01,-3.337917078526329077e-06
1.391666666666666607e+01,-3.340253716421846385e-06
1.393750000000000000e+01,-3.342496727124378594e-06
1.395833333333333215e+01,-3.344642192683405533e-06
1.397916666666666607e+01,-3.346686275832759965e-06
1.400000000000000000e+01,-3.348625224650166848e-06
1.402083333333333215e+01,-3.350455376600098128e-06
1.404166666666666607e+01,-3.352173163829810668e-06
1.406250000000000000e+01,-3.353775115909220008e-06
1.408333333333333215e+01,-3.355257865716208100e-06
1.410416666666666607e+01,-3.356618152198851959e-06
1.412500000000000000e+01,-3.357852824702980636e-06
1.414583333333333215e+01,-3.358958846866967390e-06
1.416666666666666607e+01,-3.359933299304552807e-06
1.418750000000000000e+01,-3.360773382758801631e-06
1.420833333333333215e+01,-3.361476420885124798e-06
1.422916666666666607e+01,-3.362039862739295574e-06
1.425000000000000000e+01,-3.362461283462504814e-06
1.427083333333333215e+01,-3.362738386793761479e-06
1.429166666666666607e+01,-3.362869005233251413e-06
1.431250000000000000e+01,-3.362851100210501756e-06
1.433333333333333215e+01,-3.362682762884697484e-06
1.435416666666666607e+01,-3.362362212666993894e-06
1.437500000000000000e+01,-3.361887796740015564e-06
1.439583333333333215e+01,-3.361257988609927220e-06
1.441666666666666607e+01,-3.360471386384840545e-06
1.443750000000000000e+01,-3.359526710816735734e-06
1.445833333333333215e+01,-3.358422803414932777e-06
1.447916666666666607e+01,-3.357158624133273922e-06
1.450000000000000000e+01,-3.355733248554829685e-06
1.452083333333333215e+01,-3.354145866317635172e-06
1.454166666666666607e+01,-3.352395777871504268e-06
1.456250000000000000e+01,-3.350482393048422671e-06
1.458333333333333215e+01,-3.348405228422275046e-06
1.460416666666666607e+01,-3.346163905715551912e-06
1.462500000000000000e+01,-3.343758149337869354e-06
1.464583333333333215e+01,-3.341187786153138725e-06
1.466666666666666607e+01,-3.338452742495343366e-06
1.468750000000000000e+01,-3.335553044511287097e-06
1.470833333333333215e+01,-3.332488816067253090e-06
1.472916666666666607e+01,-3.329260278744998668e-06
1.475000000000000000e+01,-3.325867750474746621e-06
1.477083333333333215e+01,-3.322311646099019466e-06
1.479166666666666607e+01,-3.318592475785218810e-06
1.481250000000000000e+01,-3.314710845671699306e-06
1.483333333333333215e+01,-3.310667457089773977e-06
1.485416666666666607e+01,-3.306463106807519515e-06
1.487500000000000000e+01,-3.302098686254659827e-06
1.489583333333333215e+01,-3.297575181732098260e-06
1.491666666666666607e+01,-3.292893674192698706e-06
1.493750000000000000e+01,-3.288055338955895633e-06
1.495833333333333215e+01,-3.283061445542906792e-06
1.497916666666666607e+01,-3.277913357081646409e-06
1.500000000000000000e+01,-3.272612530004860427e-06
1.502083333333333215e+01,-3.267160514507810598e-06
1.504166666666666607e+01,-3.261558952551549316e-06
1.506250000000000000e+01,-3.255809578676744213e-06
1.508333333333333215e+01,-3.249914218713411505e-06
1.510416666666666607e+01,-3.243874789476252219e-06
1.512500000000000000e+01,-3.237693297944040744e-06
1.514583333333333215e+01,-3.231371840323607681e-06
1.516666666666666607e+01,-3.224912601833807483e-06
1.518750000000000000e+01,-3.218317855211085941e-06
1.520833333333333215e+01,-3.211589959614066260e-06
1.522916666666666607e+01,-3.204731360456512047e-06
1.525000000000000000e+01,-3.197744587060877908e-06
1.527083333333333215e+01,-3.190632252722290081e-06
1.529166666666666607e+01,-3.183397052313264744e-06
1.531250000000000000e+01,-3.176041761775765222e-06
1.533333333333333215e+01,-3.168569236344880302e-06
1.535416666666666607e+01,-3.160982408803202406e-06
1.537500000000000000e+01,-3.153284288727987251e-06
1.539583333333333215e+01,-3.145477959404119400e-06
1.541666666666666607e+01,-3.137566577743283297e-06
1.543750000000000000e+01,-3.129553371550299109e-06
1.545833333333333215e+01,-3.121441637725474441e-06
1.547916666666666607e+01,-3.113234740800053880e-06
1.550000000000000000e+01,-3.104936110418707053e-06
1.552083333333333215e+01,-3.096549239570640501e-06
1.554166666666666607e+01,-3.088077682889613992e-06
1.556250000000000000e+01,-3.079525053774754828e-06
1.558333333333333215e+01,-3.070895022921452889e-06
1.560416666666666607e+01,-3.062191315630430561e-06
1.562500000000000000e+01,-3.053417709752157245e-06
1.564583333333333215e+01,-3.044578033430138446e-06
1.566666666666666607e+01,-3.035676162362436646e-06
1.568750000000000000e+01,-3.026716018179881470e-06
1.570833333333333215e+01,-3.017701564802476988e-06
1.572916666666666607e+01,-3.008636807240960635e-06
1.575000000000000000e+01,-2.999525788348813872e-06
1.577083333333333215e+01,-2.990372586361317223e-06
1.579166666666666607e+01,-2.981181312245592027e-06
1.581250000000000000e+01,-2.971956107383779833e-06
1.583333333333333215e+01,-2.962701140664802206e-06
1.585416666666666607e+01,-2.953420605915236527e-06
1.587500000000000000e+01,-2.944118719115882300e-06
1.589583333333333215e+01,-2.934799715784015569e-06
1.591666666666666607e+01,-2.925467848228324963e-06
1.593750000000000000e+01,-2.916127382567540377e-06
1.595833333333333215e+01,-2.906782596081908331e-06
1.597916666666666607e+01,-2.897437774871027705e-06
1.600000000000000000e+01,-2.888097209971678789e-06
1.602083333333333215e+01,-2.878765195799884052e-06
1.604166666666666430e+01,-2.869446026301491947e-06
1.606250000000000000e+01,-2.860143992548405409e-06
1.608333333333333215e+01,-2.850863380115535113e-06
1.610416666666666430e+01,-2.841608465743518040e-06
1.612500000000000000e+01,-2.832383514802805437e-06
1.614583333333333215e+01,-2.823192778595100132e-06
1.616666666666666430e+01,-2.814040490891003481e-06
1.618750000000000000e+01,-2.804930865673232029e-06
1.620833333333333215e+01,-2.795868094372001917e-06
1.622916666666666430e+01,-2.786856342377253414e-06
1.625000000000000000e+01,-2.777899746822932151e-06
1.627083333333333215e+01,-2.769002413527273613e-06
1.629166666666666430e+01,-2.760168414265958436e-06
1.631250000000000000e+01,-2.751401783938542830e-06
1.633333333333333215e+01,-2.742706517884797744e-06
1.635416666666666430e+01,-2.734086569248849903e-06
1.637500000000000000e+01,-2.725545845947971071e-06
1.639583333333333215e+01,-2.717088208012028077e-06
1.641666666666666430e+01,-2.708717465469178896e-06
1.643750000000000000e+01,-2.700437374855747920e-06
1.645833333333333215e+01,-2.692251637380271887e-06
1.647916666666666430e+01,-2.684163895632980167e-06
1.650000000000000000e+01,-2.676177731784879047e-06
1.652083333333333215e+01,-2.668296664441703654e-06
1.654166666666666430e+01,-2.660524146413673006e-06
1.656250000000000000e+01,-2.652863562365320867e-06
1.658333333333333215e+01,-2.645318226357813130e-06
1.660416666666666430e+01,-2.637891379119094889e-06
1.662500000000000000e+01,-2.630586186719938970e-06
1.664583333333333215e+01,-2.623405736915791483e-06
1.666666666666666430e+01,-2.616353038277217110e-06
1.668750000000000000e+01,-2.609431016725218830e-06
1.670833333333333215e+01,-2.602642514840233951e-06
1.672916666666666430e+01,-2.595990288526096961e-06
1.675000000000000000e+01,-2.589477005580842109e-06
1.677083333333333215e+01,-2.583105243779213934e-06
1.679166666666666430e+01,-2.576877488781156571e-06
1.681250000000000000e+01,-2.570796132309521472e-06
1.683333333333333215e+01,-2.564863470494066741e-06
1.685416666666666430e+01,-2.559081701839885041e-06
1.687500000000000000e+01,-2.553452926028564821e-06
1.689583333333333215e+01,-2.547979141758416821e-06
1.691666666666666430e+01,-2.542662245807942347e-06
1.693750000000000000e+01,-2.537504031071673985e-06
1.695833333333333215e+01,-2.532506185781777306e-06
1.697916666666666430e+01,-2.527670290904580334e-06
1.700000000000000000e+01,-2.522997820558862975e-06
1.702083333333333215e+01,-2.518490139587496569e-06
1.704166666666666430e+01,-2.514148502988069190e-06
1.706250000000000000e+01,-2.509974054599153636e-06
1.708333333333333215e+01,-2.505967826493808126e-06
1.710416666666666430e+01,-2.502130737695860171e-06
1.712500000000000000e+01,-2.498463593437001930e-06
1.714583333333333215e+01,-2.494967084564626938e-06
1.716666666666666430e+01,-2.491641787141798887e-06
1.718750000000000000e+01,-2.488488160942970665e-06
1.720833333333333215e+01,-2.485506549964977734e-06
1.722916666666666430e+01,-2.482697181416911530e-06
1.725000000000000000e+01,-2.480060165534149992e-06
1.727083333333333215e+01,-2.477595495632507527e-06
1.729166666666666430e+01,-2.475303046890499371e-06
1.731250000000000000e+01,-2.473182577576154457e-06
1.733333333333333215e+01,-2.471233728255505481e-06
1.735416666666666430e+01,-2.469456021786952322e-06
1.737500000000000000e+01,-2.467848864183054958e-06
1.739583333333333215e+01,-2.466411543824973516e-06
1.741666666666666430e+01,-2.465143232533666367e-06
1.743750000000000000e+01,-2.464042985601061788e-06
1.745833333333333215e+01,-2.463109742560651692e-06
1.747916666666666430e+01,-2.462342327413923861e-06
1.750000000000000000e+01,-2.461739449363186478e-06
1.752083333333333215e+01,-2.461299703780907552e-06
1.754166666666666430e+01,-2.461021572751876560e-06
1.756250000000000000e+01,-2.460903425932425783e-06
1.758333333333333215e+01,-2.460943521675583552e-06
1.760416666666666430e+01,-2.461140007978261644e-06
1.762500000000000000e+01,-2.461490923392730069e-06
1.764583333333333215e+01,-2.461994199055533727e-06
1.766666666666666430e+01,-2.462647658833985484e-06
1.768750000000000000e+01,-2.463449021514035333e-06
1.770833333333333215e+01,-2.464395901723676917e-06
1.772916666666666430e+01,-2.465485811853508760e-06
1.775000000000000000e+01,-2.466716163343960075e-06
1.777083333333333215e+01,-2.468084268595236131e-06
1.779166666666666430e+01,-2.469587342468313578e-06
1.781250000000000000e+01,-2.471222504190257629e-06
1.783333333333333215e+01,-2.472986779285995890e-06
1.785416666666666430e+01,-2.474877101121852951e-06
1.787500000000000000e+01,-2.476890313660079928e-06
1.789583333333333215e+01,-2.479023172960955164e-06
1.791666666666666430e+01,-2.481272349407355754e-06
1.793750000000000000e+01,-2.483634430153266365e-06
1.795833333333333215e+01,-2.486105920972874186e-06
1.797916666666666430e+01,-2.488683248870429477e-06
1.800000000000000000e+01,-2.491362764752782754e-06
1.802083333333333215e+01,-2.494140745112130507e-06
1.804166666666666430e+01,-2.497013395123358461e-06
1.806250000000000000e+01,-2.499976850973664245e-06
1.808333333333333215e+01,-2.503027182418360725e-06
1.810416666666666430e+01,-2.506160395808190815e-06
1.812500000000000000e+01,-2.509372436071013997e-06
1.814583333333333215e+01,-2.512659190269714853e-06
1.816666666666666430e+01,-2.516016489632580850e-06
1.818750000000000000e+01,-2.519440112949652891e-06
1.820833333333333215e+01,-2.522925789095705271e-06
1.822916666666666430e+01,-2.526469200388702097e-06
1.825000000000000000e+01,-2.530065984709293519e-06
1.827083333333333215e+01,-2.533711739443148901e-06
1.829166666666666430e+01,-2.537402023885109490e-06
1.831250000000000000e+01,-2.541132362648587934e-06
1.833333333333333215e+01,-2.544898248181759270e-06
1.835416666666666430e+01,-2.548695144802789041e-06
1.837500000000000000e+01,-2.552518490942664731e-06
1.839583333333333215e+01,-2.556363702845992829e-06
1.841666666666666430e+01,-2.560226177715576874e-06
1.843750000000000000e+01,-2.564101296857374565e-06
1.845833333333333215e+01,-2.567984429138906596e-06
1.847916666666666430e+01,-2.571870934197669234e-06
1.850000000000000000e+01,-2.575756165361105911e-06
1.852083333333333215e+01,-2.579635473896487892e-06
1.854166666666666430e+01,-2.583504212014735354e-06
1.856250000000000000e+01,-2.587357735811993833e-06
1.858333333333333215e+01,-2.591191409690273757e-06
1.860416666666666430e+01,-2.595000609391597859e-06
1.862500000000000000e+01,-2.598780725437316616e-06
1.864583333333333215e+01,-2.602527167412306461e-06
1.866666666666666430e+01,-2.606235366717895464e-06
1.868750000000000000e+01,-2.609900781421411562e-06
1.870833333333333215e+01,-2.613518899353598664e-06
1.872916666666666430e+01,-2.617085241896079582e-06
1.875000000000000000e+01,-2.620595368374400083e-06
1.877083333333333215e+01,-2.624044879944047919e-06
1.879166666666666430e+01,-2.627429423418181583e-06
1.881250000000000000e+01,-2.630744695580805934e-06
1.883333333333333215e+01,-2.633986447464095882e-06
1.885416666666666430e+01,-2.637150488414891875e-06
1.887500000000000000e+01,-2.640232690362826923e-06
1.889583333333333215e+01,-2.643228992358938346e-06
1.891666666666666430e+01,-2.646135404297849455e-06
1.893750000000000000e+01,-2.648948012117668812e-06
1.895833333333333215e+01,-2.651662981569187323e-06
1.897916666666666430e+01,-2.654276562276126856e-06
1.900000000000000000e+01,-2.656785092559774686e-06
1.902083333333333215e+01,-2.659185002906400963e-06
1.904166666666666430e+01,-2.661472820080780613e-06
1.906250000000000000e+01,-2.663645171123288039e-06
1.908333333333333215e+01,-2.665698786577471691e-06
1.910416666666666430e+01,-2.667630503853589714e-06
1.912500000000000000e+01,-2.669437270713384810e-06
1.914583333333333215e+01,-2.671116147262167237e-06
1.916666666666666430e+01,-2.672664308876155596e-06
1.918750000000000000e+01,-2.674079048085719484e-06
1.920833333333333215e+01,-2.675357776264100190e-06
1.922916666666666430e+01,-2.676498024772337926e-06
1.925000000000000000e+01,-2.677497445996726681e-06
1.927083333333333215e+01,-2.678353813640158821e-06
1.929166666666666430e+01,-2.679065023024712788e-06
1.931250000000000000e+01,-2.679629090706178146e-06
1.933333333333333215e+01,-2.680044154115307061e-06
1.935416666666666430e+01,-2.680308470026495620e-06
1.937500000000000000e+01,-2.680420414730963529e-06
1.939583333333333215e+01,-2.680378481026735714e-06
1.941666666666666430e+01,-2.680181278033491510e-06
1.943750000000000000e+01,-2.679827529209112919e-06
1.945833333333333215e+01,-2.679316070525477189e-06
1.947916666666666430e+01,-2.678645848740085662e-06
1.950000000000000000e+01,-2.677815919895671113e-06
1.952083333333333215e+01,-2.676825448012121809e-06
1.954166666666666430e+01,-2.675673702656346520e-06
1.956250000000000000e+01,-2.674360058452972387e-06
1.958333333333333215e+01,-2.672883993427033059e-06
1.960416666666666430e+01,-2.671245087961297387e-06
1.962500000000000000e+01,-2.669443023425689233e-06
1.964583333333333215e+01,-2.667477581796830754e-06
1.966666666666666430e+01,-2.665348644777303056e-06
1.968750000000000000e+01,-2.663056193434320570e-06
1.970833333333333215e+01,-2.660600307137949841e-06
1.972916666666666430e+01,-2.657981163506747802e-06
1.975000000000000000e+01,-2.655199038265109570e-06
1.977083333333333215e+01,-2.652254305180256812e-06
1.979166666666666430e+01,-2.649147434985574170e-06
1.981250000000000000e+01,-2.645878995626871806e-06
1.983333333333333215e+01,-2.642449653011408594e-06
1.985416666666666430e+01,-2.638860169032013277e-06
1.987500000000000000e+01,-2.635111402911015321e-06
1.989583333333333215e+01,-2.631204310850327979e-06
1.991666666666666430e+01,-2.627139944224943853e-06
1.993750000000000000e+01,-2.622919451801454374e-06
1.995833333333333215e+01,-2.618544077305568102e-06
1.997916666666666430e+01,-2.614015160238232063e-06
2.000000000000000000e+01,-2.609334134869800869e-06
2.002083333333333215e+01,-2.604502530417159784e-06
2.004166666666666430e+01,-2.599521969582971930e-06
2.006250000000000000e+01,-2.594394169276361455e-06
2.008333333333333215e+01,-2.589120938500035154e-06
2.010416666666666430e+01,-2.583704178977673429e-06
2.012500000000000000e+01,-2.578145883210987896e-06
2.014583333333333215e+01,-2.572448134829622652e-06
2.016666666666666430e+01,-2.566613106707162842e-06
2.018750000000000000e+01,-2.560643060703460460e-06
2.020833333333333215e+01,-2.554540345741344396e-06
2.022916666666666430e+01,-2.548307397745543432e-06
2.025000000000000000e+01,-2.541946737499373134e-06
2.027083333333333215e+01,-2.535460970206768993e-06
2.029166666666666430e+01,-2.528852783422979428e-06
2.031250000000000000e+01,-2.522124946157252543e-06
2.033333333333333215e+01,-2.515280307031035403e-06
2.035416666666666430e+01,-2.508321793000924480e-06
2.037500000000000000e+01,-2.501252407586493584e-06
2.039583333333333215e+01,-2.494075228948558215e-06
2.041666666666666430e+01,-2.486793409061803098e-06
2.043750000000000000e+01,-2.479410170375546218e-06
2.045833333333333215e+01,-2.471928805610165040e-06
2.047916666666666430e+01,-2.464352674368324786e-06
2.050000000000000000e+01,-2.456685202391078946e-06
2.052083333333333215e+01,-2.448929878538175228e-06
2.054166666666666430e+01,-2.441090253406358042e-06
2.056250000000000000e+01,-2.433169936680992522e-06
2.058333333333333215e+01,-2.425172594967881669e-06
2.060416666666666430e+01,-2.417101950221609433e-06
2.062500000000000000e+01,-2.408961776638849166e-06
2.064583333333333215e+01,-2.400755898711756129e-06
2.066666666666666430e+01,-2.392488188873290436e-06
2.068750000000000000e+01,-2.384162565006040215e-06
2.070833333333333215e+01,-2.375782988002269091e-06
2.072916666666666430e+01,-2.367353459253006869e-06
2.075000000000000000e+01,-2.358878017942070643e-06
2.077083333333333215e+01,-2.350360739189726875e-06
2.079166666666666430e+01,-2.341805730389417891e-06
2.081250000000000000e+01,-2.333217129588256910e-06
2.083333333333333215e+01,-2.324599102045024958e-06
2.085416666666666430e+01,-2.315955838036730774e-06
2.087500000000000000e+01,-2.307291549984089301e-06
2.089583333333333215e+01,-2.298610469792005526e-06
2.091666666666666430e+01,-2.289916846324916122e-06
2.093750000000000000e+01,-2.281214941466585300e-06
2.095833333333333215e+01,-2.272509029346462611e-06
2.097916666666666430e+01,-2.263803391811118275e-06
2.100000000000000000e+01,-2.255102316530651054e-06
2.102083333333333215e+01,-2.246410093393130308e-06
2.104166666666666430e+01,-2.237731012858417526e-06
2.106250000000000000e+01,-2.229069361953660525e-06
2.108333333333333215e+01,-2.220429422061618847e-06
2.110416666666666430e+01,-2.211815465890176811e-06
2.112500000000000000e+01,-2.203231754627947584e-06
2.114583333333333215e+01,-2.194682535163790966e-06
2.116666666666666430e+01,-2.186172037042031070e-06
2.118750000000000000e+01,-2.177704469991140711e-06
2.120833333333333215e+01,-2.169284020797365242e-06
2.122916666666666430e+01,-2.160914850335681496e-06
2.125000000000000000e+01,-2.152601091303085520e-06
2.127083333333333215e+01,-2.144346844667770330e-06
2.129166666666666430e+01,-2.136156177469721420e-06
2.131250000000000000e+01,-2.128033120012094432e-06
2.133333333333333215e+01,-2.119981662506072330e-06
2.135416666666666430e+01,-2.112005753109116343e-06
2.137500000000000000e+01,-2.104109294520774007e-06
2.139583333333333215e+01,-2.096296141844216591e-06
2.141666666666666430e+01,-2.088570099666214980e-06
2.143750000000000000e+01,-2.080934919413551967e-06
2.145833333333333215e+01,-2.073394296699791072e-06
2.147916666666666430e+01,-2.065951868761574622e-06
2.150000000000000000e+01,-2.058611212038990711e-06
2.152083333333333215e+01,-2.051375839384956235e-06
2.154166666666666430e+01,-2.044249197952339369e-06
2.156250000000000000e+01,-2.037234666475029971e-06
2.158333333333333215e+01,-2.030335552846228338e-06
2.160416666666666430e+01,-2.023555092160177881e-06
2.162500000000000000e+01,-2.016896443601835149e-06
2.164583333333333215e+01,-2.010362689334935803e-06
2.166666666666666430e+01,-2.003956831066678432e-06
2.168750000000000000e+01,-1.997681788615988994e-06
2.170833333333333215e+01,-1.991540397483376943e-06
2.172916666666666430e+01,-1.985535407254618625e-06
2.175000000000000000e+01,-1.979669478709377286e-06
2.177083333333333215e+01,-1.973945182562934771e-06
2.179166666666666430e+01,-1.968364997572333862e-06
2.181250000000000000e+01,-1.962931308249455804e-06
2.183333333333333215e+01,-1.957646403298296190e-06
2.185416666666666430e+01,-1.952512473918596831e-06
2.187500000000000000e+01,-1.947531612328137487e-06
2.189583333333333215e+01,-1.942705809498543529e-06
2.191666666666666430e+01,-1.938036954700781192e-06
2.193750000000000000e+01,-1.933526832515511583e-06
2.195833333333333215e+01,-1.929177122999953638e-06
2.197916666666666430e+01,-1.924989399859696485e-06
2.200000000000000000e+01,-1.920965128099919008e-06
2.202083333333333215e+01,-1.917105664657154035e-06
2.204166666666666430e+01,-1.913412255653483225e-06
2.206250000000000000e+01,-1.909886036728333011e-06
2.208333333333333215e+01,-1.906528031005756877e-06
2.210416666666666430e+01,-1.903339148401804242e-06
2.212500000000000000e+01,-1.900320185531729904e-06
2.214583333333333215e+01,-1.897471823959360745e-06
2.216666666666666430e+01,-1.894794630417833149e-06
2.218750000000000000e+01,-1.892289055329526388e-06
2.220833333333333215e+01,-1.889955433369445405e-06
2.222916666666666430e+01,-1.887793982032010577e-06
2.225000000000000000e+01,-1.885804801873692843e-06
2.227083333333333215e+01,-1.883987876036249988e-06
2.229166666666666430e+01,-1.882343070280582336e-06
2.231250000000000000e+01,-1.880870132514333370e-06
2.233333333333333215e+01,-1.879568693083762041e-06
2.235416666666666430e+01,-1.878438264911720622e-06
2.237500000000000000e+01,-1.877478243014368624e-06
2.239583333333333215e+01,-1.876687905495215512e-06
2.241666666666666430e+01,-1.876066413905543814e-06
2.243750000000000000e+01,-1.875612812449825086e-06
2.245833333333333215e+01,-1.875326030039907160e-06
2.247916666666666430e+01,-1.875204879791481641e-06
2.250000000000000000e+01,-1.875248060096768555e-06
2.252083333333333215e+01,-1.875454155064529841e-06
2.254166666666666430e+01,-1.875821635621232518e-06
2.256250000000000000e+01,-1.876348860202906885e-06
2.258333333333333215e+01,-1.877034075926417966e-06
2.260416666666666430e+01,-1.877875419477953941e-06
2.262500000000000000e+01,-1.878870918239653874e-06
2.264583333333333215e+01,-1.880018491521123734e-06
2.266666666666666430e+01,-1.881315951939888554e-06
2.268750000000000000e+01,-1.882761006391830879e-06
2.270833333333333215e+01,-1.884351258466671022e-06
2.272916666666666430e+01,-1.886084208366942643e-06
2.275000000000000000e+01,-1.887957256410064874e-06
2.277083333333333215e+01,-1.889967703146845398e-06
2.279166666666666430e+01,-1.892112751494966714e-06
2.281250000000000000e+01,-1.894389509441323836e-06
2.283333333333333215e+01,-1.896794990243185517e-06
2.285416666666666430e+01,-1.899326116350204548e-06
2.287500000000000000e+01,-1.901979719531869962e-06
2.289583333333333215e+01,-1.904752544434028758e-06
2.291666666666666430e+01,-1.907641249615223937e-06
2.293750000000000000e+01,-1.910642410846558048e-06
2.295833333333333215e+01,-1.913752522132271961e-06
2.297916666666666430e+01,-1.916967999151038772e-06
2.300000000000000000e+01,-1.920285181070926291e-06
2.302083333333333215e+01,-1.923700333078126234e-06
2.304166666666666430e+01,-1.927209648986459868e-06
2.306250000000000000e+01,-1.930809253368434562e-06
2.308333333333333215e+01,-1.934495204842552392e-06
2.310416666666666430e+01,-1.938263498372813164e-06
2.312500000000000000e+01,-1.942110067656952186e-06
2.314583333333333215e+01,-1.946030788385503715e-06
2.316666666666666430e+01,-1.950021480398416303e-06
2.318750000000000000e+01,-1.954077911253422601e-06
2.320833333333333215e+01,-1.958195798761719738e-06
2.322916666666666430e+01,-1.962370813510233960e-06
2.325000000000000000e+01,-1.966598582103181833e-06
2.327083333333333215e+01,-1.970874690330509223e-06
2.329166666666666430e+01,-1.975194685651039947e-06
2.331250000000000000e+01,-1.979554080583597592e-06
2.333333333333333215e+01,-1.983948355684897648e-06
2.335416666666666430e+01,-1.988372962362194102e-06
2.337500000000000000e+01,-1.992823326315191040e-06
2.339583333333333215e+01,-1.997294850528537631e-06
2.341666666666666430e+01,-2.001782918081712546e-06
2.343750000000000000e+01,-2.006282895522015456e-06
2.345833333333333215e+01,-2.010790136399566285e-06
2.347916666666666430e+01,-2.015299983838426713e-06
2.350000000000000000e+01,-2.019807774239152716e-06
2.352083333333333215e+01,-2.024308840099084776e-06
2.354166666666666430e+01,-2.028798513392885183e-06
2.356250000000000000e+01,-2.033272129396857900e-06
2.358333333333333215e+01,-2.037725029035901111e-06
2.360416666666666430e+01,-2.042152563144650025e-06
2.362500000000000000e+01,-2.046550095378741405e-06
2.364583333333333215e+01,-2.050913005453354249e-06
2.366666666666666430e+01,-2.055236693436179028e-06
2.368750000000000000e+01,-2.059516582482514592e-06
2.370833333333333215e+01,-2.063748122896883487e-06
2.372916666666666430e+01,-2.067926795796697627e-06
2.375000000000000000e+01,-2.072048116508291207e-06
2.377083333333333215e+01,-2.076107638942049591e-06
2.379166666666666430e+01,-2.080100959574758001e-06
2.381250000000000000e+01,-2.084023720921213913e-06
2.383333333333333215e+01,-2.087871616234801245e-06
2.385416666666666430e+01,-2.091640393736996489e-06
2.387500000000000000e+01,-2.095325861079304072e-06
2.389583333333333215e+01,-2.098923889663376381e-06
2.391666666666666430e+01,-2.102430419402137678e-06
2.393750000000000000e+01,-2.105841463636923012e-06
2.395833333333333215e+01,-2.109153113852097489e-06
2.397916666666666430e+01,-2.112361544577644428e-06
2.400000000000000000e+01,-2.115463018044309360e-06
2.402083333333333215e+01,-2.118453890012488174e-06
2.404166666666666430e+01,-2.121330613491257408e-06
2.406250000000000000e+01,-2.124089744432016219e-06
2.408333333333333215e+01,-2.126727946310837639e-06
2.410416666666666430e+01,-2.129241994065013968e-06
2.412500000000000000e+01,-2.131628778888032781e-06
2.414583333333333215e+01,-2.133885311771094104e-06
2.416666666666666430e+01,-2.136008727148616128e-06
2.418750000000000000e+01,-2.137996285818528678e-06
2.420833333333333215e+01,-2.139845377340328520e-06
2.422916666666666430e+01,-2.141553522620588562e-06
2.425000000000000000e+01,-2.143118374345445679e-06
2.427083333333333215e+01,-2.144537718614249862e-06
2.429166666666666430e+01,-2.145809474287954058e-06
2.431250000000000000e+01,-2.146931693263471102e-06
2.433333333333333215e+01,-2.147902558824636097e-06
2.435416666666666430e+01,-2.148720384696877408e-06
2.437500000000000000e+01,-2.149383612248676135e-06
2.439583333333333215e+01,-2.149890808806716359e-06
2.441666666666666430e+01,-2.150240664233055493e-06
2.443750000000000000e+01,-2.150431988369419211e-06
2.445833333333333215e+01,-2.150463708026680749e-06
2.447916666666666430e+01,-2.150334863155352537e-06
2.450000000000000000e+01,-2.150044604696376464e-06
2.452083333333333215e+01,-2.149592190918672000e-06
2.454166666666666430e+01,-2.148976984800633364e-06
2.456250000000000000e+01,-2.148198451614931121e-06
2.458333333333333215e+01,-2.147256156900930875e-06
2.460416666666666430e+01,-2.146149763920626423e-06
2.462500000000000000e+01,-2.144879032928720549e-06
2.464583333333333215e+01,-2.143443819120771140e-06
2.466666666666666430e+01,-2.141844071915192277e-06
2.468750000000000000e+01,-2.140079834756247919e-06
2.470833333333333215e+01,-2.138151243873928335e-06
2.472916666666666430e+01,-2.136058528590028842e-06
2.475000000000000000e+01,-2.133802010742593038e-06
2.477083333333333215e+01,-2.131382105502112903e-06
2.479166666666666430e+01,-2.128799320439990761e-06
2.481250000000000000e+01,-2.126054256551224838e-06
2.483333333333333215e+01,-2.123147607758304186e-06
2.485416666666666430e+01,-2.120080161880815339e-06
2.487500000000000000e+01,-2.116852799535579775e-06
2.489583333333333215e+01,-2.113466495297949215e-06
2.491666666666666430e+01,-2.109922317532737425e-06
2.493750000000000000e+01,-2.106221428139141323e-06
2.495833333333333215e+01,-2.102365082063278178e-06
2.497916666666666430e+01,-2.098354628066617711e-06
2.500000000000000000e+01,-2.094191507809110013e-06
2.502083333333333215e+01,-2.089877255874908238e-06
2.504166666666666430e+01,-2.085413498981967010e-06
2.506250000000000000e+01,-2.080801956575146752e-06
2.508333333333333215e+01,-2.076044439056358670e-06
2.510416666666666430e+01,-2.071142847995070649e-06
2.512500000000000000e+01,-2.066099175660526116e-06
2.514583333333333215e+01,-2.060915503547505633e-06
2.516666666666666430e+01,-2.055594002569113295e-06
2.518750000000000000e+01,-2.050136931511498948e-06
2.520833333333333215e+01,-2.044546636386278629e-06
2.522916666666666430e+01,-2.038825548993964149e-06
2.525000000000000000e+01,-2.032976186819705195e-06
2.527083333333333215e+01,-2.027001150645129907e-06
2.529166666666666430e+01,-2.020903124214798133e-06
2.531250000000000000e+01,-2.014684872008611072e-06
2.533333333333333215e+01,-2.008349238881576218e-06
2.535416666666666430e+01,-2.001899147391582301e-06
2.537500000000000000e+01,-1.995337597042856999e-06
2.539583333333333215e+01,-1.988667662137995982e-06
2.541666666666666430e+01,-1.981892490576605927e-06
2.543750000000000000e+01,-1.975015301202322356e-06
2.545833333333333215e+01,-1.968039382809121838e-06
2.547916666666666430e+01,-1.960968091623698655e-06
2.550000000000000000e+01,-1.953804849513302759e-06
2.552083333333333215e+01,-1.946553142101155413e-06
2.554166666666666430e+01,-1.939216516508863710e-06
2.556250000000000000e+01,-1.931798579529035504e-06
2.558333333333333215e+01,-1.924302994723085346e-06
2.560416666666666430e+01,-1.916733480828622378e-06
2.562500000000000000e+01,-1.909093809496506101e-06
2.564583333333333215e+01,-1.901387802492289754e-06
2.566666666666666430e+01,-1.893619329597155567e-06
2.568750000000000000e+01,-1.885792306717844383e-06
2.570833333333333215e+01,-1.877910691968519261e-06
2.572916666666666430e+01,-1.869978485209852072e-06
2.575000000000000000e+01,-1.861999723533963930e-06
2.577083333333333215e+01,-1.853978480208366321e-06
2.579166666666666430e+01,-1.845918861059730327e-06
2.581250000000000000e+01,-1.837825002626132963e-06
2.583333333333333215e+01,-1.829701068824704830e-06
2.585416666666666430e+01,-1.821551248777819585e-06
2.587500000000000000e+01,-1.813379753595143778e-06
2.589583333333333215e+01,-1.805190814279866483e-06
2.591666666666666430e+01,-1.796988678577754101e-06
2.593750000000000000e+01,-1.788777607982139052e-06
2.595833333333333215e+01,-1.780561875681174820e-06
2.597916666666666430e+01,-1.772345762777087022e-06
2.600000000000000000e+01,-1.764133556320169709e-06
2.602083333333333215e+01,-1.755929546301701087e-06
2.604166666666666430e+01,-1.747738022222692668e-06
2.606250000000000000e+01,-1.739563271062058611e-06
2.608333333333333215e+01,-1.731409574100699784e-06
2.610416666666666430e+01,-1.723281203857374140e-06
2.612500000000000000e+01,-1.715182421537710045e-06
2.614583333333333215e+01,-1.707117474052092313e-06
2.616666666666666430e+01,-1.699090591374014627e-06
2.618750000000000000e+01,-1.691105983080180556e-06
2.620833333333333215e+01,-1.683167836521834382e-06
2.622916666666666430e+01,-1.675280312901733511e-06
2.625000000000000000e+01,-1.667447545278099029e-06
2.627083333333333215e+01,-1.659673635190211772e-06
2.629166666666666430e+01,-1.651962650694839399e-06
2.631250000000000000e+01,-1.644318622305301459e-06
2.633333333333333215e+01,-1.636745541283342328e-06
2.635416666666666430e+01,-1.629247356344433294e-06
2.637500000000000000e+01,-1.621827971513231884e-06
2.639583333333333215e+01,-1.614491242818469043e-06
2.641666666666666430e+01,-1.607240975687964528e-06
2.643750000000000000e+01,-1.600080922839061707e-06
2.645833333333333215e+01,-1.593014781210688197e-06
2.647916666666666430e+01,-1.586046188972531870e-06
2.650000000000000000e+01,-1.579178724227797401e-06
2.652083333333333215e+01,-1.572415901124474828e-06
2.654166666666666430e+01,-1.565761168511812103e-06
2.656250000000000000e+01,-1.559217906548785853e-06
2.658333333333333215e+01,-1.552789424771584492e-06
2.660416666666666430e+01,-1.546478960159041501e-06
2.662500000000000000e+01,-1.540289673866590953e-06
2.664583333333333215e+01,-1.534224649404518172e-06
2.666666666666666430e+01,-1.528286890857311828e-06
2.668750000000000000e+01,-1.522479320142475581e-06
2.670833333333333215e+01,-1.516804774903866724e-06
2.672916666666666430e+01,-1.511266006689606974e-06
2.675000000000000000e+01,-1.505865678738608352e-06
2.677083333333333215e+01,-1.500606364242438704e-06
2.679166666666666430e+01,-1.495490544268354776e-06
2.681250000000000000e+01,-1.490520605985061684e-06
2.683333333333333215e+01,-1.485698840548364098e-06
2.685416666666666430e+01,-1.481027442185364802e-06
2.687500000000000000e+01,-1.476508505659467250e-06
2.689583333333333215e+01,-1.472144024691220692e-06
2.691666666666666430e+01,-1.467935891595055493e-06
2.693750000000000000e+01,-1.463885894236566081e-06
2.695833333333333215e+01,-1.459995715678300402e-06
2.697916666666666430e+01,-1.456266932517071307e-06
2.700000000000000000e+01,-1.452701013392861769e-06
2.702083333333333215e+01,-1.449299318413067159e-06
2.704166666666666430e+01,-1.446063097351819030e-06
2.706250000000000000e+01,-1.442993489052128720e-06
2.708333333333333215e+01,-1.440091520288486221e-06
2.710416666666666430e+01,-1.437358104805294822e-06
2.712500000000000000e+01,-1.434794043046937378e-06
2.714583333333333215e+01,-1.432400020201399350e-06
2.716666666666666430e+01,-1.430176606750188635e-06
2.718750000000000000e+01,-1.428124257590233458e-06
2.720833333333333215e+01,-1.426243311162136597e-06
2.722916666666666430e+01,-1.424533989072653433e-06
2.725000000000000000e+01,-1.422996396062299299e-06
2.727083333333333215e+01,-1.421630519756253603e-06
2.729166666666666430e+01,-1.420436229886715817e-06
2.731250000000000000e+01,-1.419413279139122739e-06
2.733333333333333215e+01,-1.418561302004504180e-06
2.735416666666666430e+01,-1.417879815935016753e-06
2.737500000000000000e+01,-1.417368220851906663e-06
2.739583333333333215e+01,-1.417025799344082185e-06
2.741666666666666430e+01,-1.416851717401356841e-06
2.743750000000000000e+01,-1.416845024328632677e-06
2.745833333333333215e+01,-1.417004653631880425e-06
2.747916666666666430e+01,-1.417329423118452765e-06
2.750000000000000000e+01,-1.417818036185400685e-06
2.752083333333333215e+01,-1.418469081895969664e-06
2.754166666666666430e+01,-1.419281036040878591e-06
2.756250000000000000e+01,-1.420252262231857087e-06
2.758333333333333215e+01,-1.421381012402554107e-06
2.760416666666666430e+01,-1.422665428366505126e-06
2.762500000000000000e+01,-1.424103542277995563e-06
2.764583333333333215e+01,-1.425693278834654973e-06
2.766666666666666430e+01,-1.427432455682232076e-06
2.768750000000000000e+01,-1.429318784845680632e-06
2.770833333333333215e+01,-1.431349874472312171e-06
2.772916666666666430e+01,-1.433523230798168998e-06
2.775000000000000000e+01,-1.435836258530720884e-06
2.777083333333333215e+01,-1.438286263328760691e-06
2.779166666666666430e+01,-1.440870453587429114e-06
2.781250000000000000e+01,-1.443585941949210073e-06
2.783333333333333215e+01,-1.446429747101844963e-06
2.785416666666666430e+01,-1.449398795959640278e-06
2.787500000000000000e+01,-1.452489925904535312e-06
2.789583333333333215e+01,-1.455699885995021036e-06
2.791666666666666430e+01,-1.459025340037285060e-06
2.793750000000000000e+01,-1.462462868731831128e-06
2.795833333333333215e+01,-1.466008970830087370e-06
2.797916666666666430e+01,-1.469660067022383452e-06
2.800000000000000000e+01,-1.473412501077649710e-06
2.802083333333333215e+01,-1.477262542915035390e-06
2.804166666666666430e+01,-1.481206391254007073e-06
2.806250000000000000e+01,-1.485240175446174105e-06
2.808333333333333215e+01,-1.489359958617306068e-06
2.810416666666666430e+01,-1.493561740472762652e-06
2.812500000000000000e+01,-1.497841459367436139e-06
2.814583333333333215e+01,-1.502194995555482242e-06
2.816666666666666430e+01,-1.506618173881276654e-06
2.818750000000000000e+01,-1.511106766641059103e-06
2.820833333333333215e+01,-1.515656496042876281e-06
2.822916666666666430e+01,-1.520263037731101388e-06
2.825000000000000000e+01,-1.524922023370469505e-06
2.827083333333333215e+01,-1.529629043829428998e-06
2.829166666666666430e+01,-1.534379651715543639e-06
2.831250000000000000e+01,-1.539169365077337242e-06
2.833333333333333215e+01,-1.543993670229265848e-06
2.835416666666666430e+01,-1.548848024749886561e-06
2.837500000000000000e+01,-1.553727860687867724e-06
2.839583333333333215e+01,-1.558628587538808071e-06
2.841666666666666430e+01,-1.563545596038167471e-06
2.843750000000000000e+01,-1.568474260691255869e-06
2.845833333333333215e+01,-1.573409943639139944e-06
2.847916666666666430e+01,-1.578347997470866603e-06
2.850000000000000000e+01,-1.583283768665605197e-06
2.852083333333333215e+01,-1.588212601081019513e-06
2.854166666666666430e+01,-1.593129839265648773e-06
2.856250000000000000e+01,-1.598030831937379513e-06
2.858333333333333215e+01,-1.602910935201104152e-06
2.860416666666666430e+01,-1.607765516367386290e-06
2.862500000000000000e+01,-1.612589957233615835e-06
2.864583333333333215e+01,-1.617379658092921709e-06
2.866666666666666430e+01,-1.622130040472745837e-06
2.868750000000000000e+01,-1.626836551914584841e-06
2.870833333333333215e+01,-1.631494669298528083e-06
2.872916666666666430e+01,-1.636099902004572874e-06
2.875000000000000000e+01,-1.640647796912079111e-06
2.877083333333333215e+01,-1.645133941421088788e-06
2.879166666666666430e+01,-1.649553968180051403e-06
2.881250000000000000e+01,-1.653903558597573640e-06
2.883333333333333215e+01,-1.658178447015774421e-06
2.885416666666666430e+01,-1.662374425454711466e-06
2.887500000000000000e+01,-1.666487347053743394e-06
2.889583333333333215e+01,-1.670513131082281439e-06
2.891666666666666430e+01,-1.674447766844984039e-06
2.893750000000000000e+01,-1.678287318340581612e-06
2.895833333333333215e+01,-1.682027927647339138e-06
2.897916666666666430e+01,-1.685665821214199188e-06
2.900000000000000000e+01,-1.689197312151225294e-06
2.902083333333333215e+01,-1.692618805274412236e-06
2.904166666666666430e+01,-1.695926801110045312e-06
2.906250000000000000e+01,-1.699117900140523920e-06
2.908333333333333215e+01,-1.702188806183716398e-06
2.910416666666666430e+01,-1.705136329948486694e-06
2.912500000000000000e+01,-1.707957392532333332e-06
2.914583333333333215e+01,-1.710649027971839916e-06
2.916666666666666430e+01,-1.713208386941972312e-06
2.918750000000000000e+01,-1.715632737625259598e-06
2.920833333333333215e+01,-1.717919469264491014e-06
2.922916666666666430e+01,-1.720066092133247052e-06
2.925000000000000000e+01,-1.722070239555874405e-06
2.927083333333333215e+01,-1.723929668700958905e-06
2.929166666666666430e+01,-1.725642260459111794e-06
2.931250000000000000e+01,-1.727206019521916798e-06
2.933333333333333215e+01,-1.728619073733739646e-06
2.935416666666666430e+01,-1.729879673776425135e-06
2.937500000000000000e+01,-1.730986191623306999e-06
2.939583333333333215e+01,-1.731937119121058122e-06
2.941666666666666430e+01,-1.732731066807032009e-06
2.943750000000000000e+01,-1.733366762028012567e-06
2.945833333333333215e+01,-1.733843046900675866e-06
2.947916666666666430e+01,-1.734158876544094536e-06
2.950000000000000000e+01,-1.734313317391558329e-06
2.952083333333333215e+01,-1.734305545121359872e-06
2.954166666666666430e+01,-1.734134842766254611e-06
2.956250000000000000e+01,-1.733800599724469162e-06
2.958333333333333215e+01,-1.733302309443010726e-06
2.960416666666666430e+01,-1.732639568191967421e-06
2.962500000000000000e+01,-1.731812074304716132e-06
2.964583333333333215e+01,-1.730819626861743848e-06
2.966666666666666430e+01,-1.729662124576643057e-06
2.968750000000000000e+01,-1.728339565399076066e-06
2.970833333333333215e+01,-1.726852045583751961e-06
2.972916666666666430e+01,-1.725199759586108355e-06
2.975000000000000000e+01,-1.723382999334740582e-06
2.977083333333333215e+01,-1.721402153990329134e-06
2.979166666666666430e+01,-1.719257709765490149e-06
2.981250000000000000e+01,-1.716950249453017237e-06
2.983333333333333215e+01,-1.714480452965446124e-06
2.985416666666666430e+01,-1.711849095973865085e-06
2.987500000000000000e+01,-1.709057050922352942e-06
2.989583333333333215e+01,-1.706105286068685023e-06
2.991666666666666430e+01,-1.702994865418980556e-06
2.993750000000000000e+01,-1.699726948552864473e-06
2.995833333333333215e+01,-1.696302790337000236e-06
2.997916666666666430e+01,-1.692723740652065280e-06
3.000000000000000000e+01,-1.688991243439421364e-06
3.002083333333333215e+01,-1.685106837451884977e-06
3.004166666666666430e+01,-1.681072154382272834e-06
3.006250000000000000e+01,-1.676888919143264108e-06
3.008333333333333215e+01,-1.672558949098406741e-06
3.010416666666666430e+01,-1.668084153420212379e-06
3.012500000000000000e+01,-1.663466531875918327e-06
3.014583333333333215e+01,-1.658708174838167161e-06
3.016666666666666430e+01,-1.653811261700207441e-06
3.018750000000000000e+01,-1.648778060277195160e-06
3.020833333333333215e+01,-1.643610925568615499e-06
3.022916666666666430e+01,-1.638312299002590107e-06
3.025000000000000000e+01,-1.632884706828444457e-06
3.027083333333333215e+01,-1.627330759095145889e-06
3.029166666666666430e+01,-1.621653148420832388e-06
3.031250000000000000e+01,-1.615854648533027966e-06
3.033333333333333215e+01,-1.609938112364728796e-06
3.035416666666666430e+01,-1.603906471253010942e-06
3.037500000000000000e+01,-1.597762733012083133e-06
3.039583333333333215e+01,-1.591509980064701375e-06
3.041666666666666430e+01,-1.585151367866148322e-06
3.043750000000000000e+01,-1.578690123154143353e-06
3.045833333333333215e+01,-1.572129542133011452e-06
3.047916666666666430e+01,-1.565472988251444418e-06
3.050000000000000000e+01,-1.558723890651802070e-06
3.052083333333333215e+01,-1.551885741615961476e-06
3.054166666666666430e+01,-1.544962095140203079e-06
3.056250000000000000e+01,-1.537956564175451988e-06
3.058333333333333215e+01,-1.530872818956846852e-06
3.060416666666666430e+01,-1.523714584168927257e-06
3.062500000000000000e+01,-1.516485637303590265e-06
3.064583333333333215e+01,-1.509189806075708613e-06
3.066666666666666430e+01,-1.501830965874674122e-06
3.068750000000000000e+01,-1.494413037585533976e-06
3.070833333333333215e+01,-1.486939985057390927e-06
3.072916666666666430e+01,-1.479415812654654133e-06
3.075000000000000000e+01,-1.471844562541145747e-06
3.077083333333333215e+01,-1.464230312457655657e-06
3.079166666666666430e+01,-1.456577172953947295e-06
3.081250000000000000e+01,-1.448889284789454502e-06
3.083333333333333215e+01,-1.441170816046654445e-06
3.085416666666666430e+01,-1.433425959821056932e-06
3.087500000000000000e+01,-1.425658931330176787e-06
3.089583333333333215e+01,-1.417873965339522900e-06
3.091666666666666430e+01,-1.410075313163941509e-06
3.093750000000000000e+01,-1.402267239876406104e-06
3.095833333333333215e+01,-1.394454022095829312e-06
3.097916666666666430e+01,-1.386639944256500889e-06
3.100000000000000000e+01,-1.378829296913434407e-06
3.102083333333333215e+01,-1.371026373016480231e-06
3.104166666666666430e+01,-1.363235465178684284e-06
3.106250000000000000e+01,-1.355460863422486901e-06
3.108333333333333215e+01,-1.347706851718021996e-06
3.110416666666666430e+01,-1.339977705399171475e-06
3.112500000000000000e+01,-1.332277688525574938e-06
3.114583333333333215e+01,-1.324611050533694547e-06
3.116666666666666430e+01,-1.316982023877779989e-06
3.118750000000000000e+01,-1.309394820750639713e-06
3.120833333333333215e+01,-1.301853630537872181e-06
3.122916666666666430e+01,-1.294362617078870065e-06
3.125000000000000000e+01,-1.286925915591385912e-06
3.127083333333333215e+01,-1.279547629819819123e-06
3.129166666666666430e+01,-1.272231829457506657e-06
3.131250000000000000e+01,-1.264982547369162651e-06
3.133333333333333215e+01,-1.257803776648021060e-06
3.135416666666666430e+01,-1.250699468233363214e-06
3.137500000000000000e+01,-1.243673527436922730e-06
3.139583333333333215e+01,-1.236729812137104449e-06
3.141666666666666430e+01,-1.229872129669327216e-06
3.143750000000000000e+01,-1.223104234184770808e-06
3.145833333333333215e+01,-1.216429823827831968e-06
3.147916666666666430e+01,-1.209852539029715553e-06
3.150000000000000000e+01,-1.203375958637099876e-06
3.152083333333333215e+01,-1.197003598464402397e-06
3.154166666666666430e+01,-1.190738908598877483e-06
3.156250000000000000e+01,-1.184585270275849398e-06
3.158333333333333215e+01,-1.178545994480166463e-06
3.160416666666666430e+01,-1.172624319081788044e-06
3.162500000000000000e+01,-1.166823406148566809e-06
3.164583333333333215e+01,-1.161146340621240807e-06
3.166666666666666430e+01,-1.155596127216138910e-06
3.168750000000000000e+01,-1.150175688479999299e-06
3.170833333333333215e+01,-1.144887863187378465e-06
3.172916666666666430e+01,-1.139735403351623772e-06
3.175000000000000000e+01,-1.134720973283583740e-06
3.177083333333333215e+01,-1.129847146456191927e-06
3.179166666666666430e+01,-1.125116404637829187e-06
3.181250000000000000e+01,-1.120531135210653154e-06
3.183333333333333215e+01,-1.116093630350121038e-06
3.185416666666666430e+01,-1.111806083970129737e-06
3.187500000000000000e+01,-1.107670591312764313e-06
3.189583333333333215e+01,-1.103689146921409141e-06
3.191666666666666430e+01,-1.099863642664398753e-06
3.193750000000000000e+01,-1.096195866850239835e-06
3.195833333333333215e+01,-1.092687502596142335e-06
3.197916666666666430e+01,-1.089340126233566125e-06
3.200000000000000000e+01,-1.086155206919630877e-06
3.202083333333332860e+01,-1.083134104229489491e-06
3.204166666666666430e+01,-1.080278068024665721e-06
3.206250000000000000e+01,-1.077588236980982059e-06
3.208333333333332860e+01,-1.075065637471052869e-06
3.210416666666666430e+01,-1.072711183196327551e-06
3.212500000000000000e+01,-1.070525673710861196e-06
3.214583333333332860e+01,-1.068509794505327334e-06
3.216666666666666430e+01,-1.066664115426117760e-06
3.218750000000000000e+01,-1.064989090538929997e-06
3.220833333333332860e+01,-1.063485057905601006e-06
3.222916666666666430e+01,-1.062152238651913121e-06
3.225000000000000000e+01,-1.060990736978707339e-06
3.227083333333332860e+01,-1.060000539374648349e-06
3.229166666666666430e+01,-1.059181515513188175e-06
3.231250000000000000e+01,-1.058533416718193512e-06
3.233333333333332860e+01,-1.058055877154947114e-06
3.235416666666666430e+01,-1.057748413272809002e-06
3.237500000000000000e+01,-1.057610424013085556e-06
3.239583333333332860e+01,-1.057641191357737449e-06
3.241666666666666430e+01,-1.057839880009641660e-06
3.243750000000000000e+01,-1.058205538568287597e-06
3.245833333333332860e+01,-1.058737099416740555e-06
3.247916666666666430e+01,-1.059433379669794089e-06
3.250000000000000000e+01,-1.060293081323168301e-06
3.252083333333332860e+01,-1.061314792588032491e-06
3.254166666666666430e+01,-1.062496988112130934e-06
3.256250000000000000e+01,-1.063838030566869577e-06
3.258333333333332860e+01,-1.065336170476188277e-06
3.260416666666666430e+01,-1.066989548801489153e-06
3.262500000000000000e+01,-1.068796196534819574e-06
3.264583333333332860e+01,-1.070754037418238409e-06
3.266666666666666430e+01,-1.072860887559201862e-06
3.268750000000000000e+01,-1.075114458082187205e-06
3.270833333333332860e+01,-1.077512356248401294e-06
3.272916666666666430e+01,-1.080052086811261141e-06
3.275000000000000000e+01,-1.082731053316845501e-06
3.277083333333332860e+01,-1.085546560718777698e-06
3.279166666666666430e+01,-1.088495816046803337e-06
3.281250000000000000e+01,-1.091575930774604210e-06
3.283333333333332860e+01,-1.094783922557019665e-06
3.285416666666666430e+01,-1.098116717394917350e-06
3.287500000000000000e+01,-1.101571151477436079e-06
3.289583333333332860e+01,-1.105143972974468912e-06
3.291666666666666430e+01,-1.108831844570498053e-06
3.293750000000000000e+01,-1.112631345811397464e-06
3.295833333333332860e+01,-1.116538974791971731e-06
3.297916666666666430e+01,-1.120551151076127991e-06
3.300000000000000000e+01,-1.124664217469788942e-06
3.302083333333332860e+01,-1.128874443161959310e-06
3.304166666666666430e+01,-1.133178025562249058e-06
3.306250000000000000e+01,-1.137571093475478116e-06
3.308333333333332860e+01,-1.142049709004258924e-06
3.310416666666666430e+01,-1.146609870864968632e-06
3.312500000000000000e+01,-1.151247516584763890e-06
3.314583333333332860e+01,-1.155958525455525034e-06
3.316666666666666430e+01,-1.160738721286673135e-06
3.318750000000000000e+01,-1.165583875460220489e-06
3.320833333333332860e+01,-1.170489708976697168e-06
3.322916666666666430e+01,-1.175451896445396608e-06
3.325000000000000000e+01,-1.180466068403308927e-06
3.327083333333332860e+01,-1.185527814094824081e-06
3.329166666666666430e+01,-1.190632684826270750e-06
3.331250000000000000e+01,-1.195776196915493005e-06
3.333333333333332860e+01,-1.200953834740995488e-06
3.335416666666666430e+01,-1.206161053916481235e-06
3.337500000000000000e+01,-1.211393283910649404e-06
3.339583333333332860e+01,-1.216645931912687519e-06
3.341666666666666430e+01,-1.221914385324663162e-06
3.343750000000000000e+01,-1.227194015307173400e-06
3.345833333333332860e+01,-1.232480179839333467e-06
3.347916666666666430e+01,-1.237768227133442496e-06
3.350000000000000000e+01,-1.243053498623964584e-06
3.352083333333332860e+01,-1.248331332297118323e-06
3.354166666666666430e+01,-1.253597066463037443e-06
3.356250000000000000e+01,-1.258846042116752548e-06
3.358333333333332860e+01,-1.264073607445230558e-06
3.360416666666666430e+01,-1.269275120356377705e-06
3.362500000000000000e+01,-1.274445952469971850e-06
3.364583333333332860e+01,-1.279581492386662692e-06
3.366666666666666430e+01,-1.284677149485773787e-06
3.368750000000000000e+01,-1.289728356964679961e-06
3.370833333333332860e+01,-1.294730576436029717e-06
3.372916666666666430e+01,-1.299679300773875033e-06
3.375000000000000000e+01,-1.304570058893404388e-06
3.377083333333332860e+01,-1.309398418628572659e-06
3.379166666666666430e+01,-1.314159991545968298e-06
3.381250000000000000e+01,-1.318850436691240057e-06
3.383333333333332860e+01,-1.323465465188257194e-06
3.385416666666666430e+01,-1.328000843760512576e-06
3.387500000000000000e+01,-1.332452400186029473e-06
3.389583333333332860e+01,-1.336816026689944718e-06
3.391666666666666430e+01,-1.341087685384633711e-06
3.393750000000000000e+01,-1.345263412409529954e-06
3.395833333333332860e+01,-1.349339322887032027e-06
3.397916666666666430e+01,-1.353311615251949230e-06
3.400000000000000000e+01,-1.357176576425790176e-06
3.402083333333332860e+01,-1.360930586498965039e-06
3.404166666666666430e+01,-1.364570122348725226e-06
3.406250000000000000e+01,-1.368091763604404125e-06
3.408333333333332860e+01,-1.371492195723734255e-06
3.410416666666666430e+01,-1.374768214720331272e-06
3.412500000000000000e+01,-1.377916730577285448e-06
3.414583333333332860e+01,-1.380934771385967093e-06
3.416666666666666430e+01,-1.383819485086877467e-06
3.418750000000000000e+01,-1.386568143791066246e-06
3.420833333333332860e+01,-1.389178144802009434e-06
3.422916666666666430e+01,-1.391647012679166063e-06
3.425000000000000000e+01,-1.393972400520444735e-06
3.427083333333332860e+01,-1.396152090428305098e-06
3.429166666666666430e+01,-1.398183993660825958e-06
3.431250000000000000e+01,-1.400066150246146477e-06
3.433333333333332860e+01,-1.401796728272788928e-06
3.435416666666666430e+01,-1.403374021848234967e-06
3.437500000000000000e+01,-1.404796450506280188e-06
3.439583333333332860e+01,-1.406062556245907521e-06
3.441666666666666430e+01,-1.407171001253585569e-06
3.443750000000000000e+01,-1.408120566461116664e-06
3.445833333333332860e+01,-1.408910147533145022e-06
3.447916666666666430e+01,-1.409538752823832272e-06
3.450000000000000000e+01,-1.410005501479101737e-06
3.452083333333332860e+01,-1.410309619781486495e-06
3.454166666666666430e+01,-1.410450439866236863e-06
3.456250000000000000e+01,-1.410427396748126539e-06
3.458333333333332860e+01,-1.410240027157785614e-06
3.460416666666666430e+01,-1.409887967409194752e-06
3.462500000000000000e+01,-1.409370952187591843e-06
3.464583333333332860e+01,-1.408688813532276277e-06
3.466666666666666430e+01,-1.407841479625712665e-06
3.468750000000000000e+01,-1.406828974489937504e-06
3.470833333333332860e+01,-1.405651416954796812e-06
3.472916666666666430e+01,-1.404309021195514741e-06
3.475000000000000000e+01,-1.402802095457903911e-06
3.477083333333332860e+01,-1.401131043170638253e-06
3.479166666666666430e+01,-1.399296361502705079e-06
3.481250000000000000e+01,-1.397298642868991107e-06
3.483333333333332860e+01,-1.395138573787442323e-06
3.485416666666666430e+01,-1.392816935278058205e-06
3.487500000000000000e+01,-1.390334603211231916e-06
3.489583333333332860e+01,-1.387692547997770330e-06
3.491666666666666430e+01,-1.384891834333198506e-06
3.493750000000000000e+01,-1.381933621340834987e-06
3.495833333333332860e+01,-1.378819162593685696e-06
3.497916666666666430e+01,-1.375549805233885000e-06
3.500000000000000000e+01,-1.372126990535962247e-06
3.502083333333332860e+01,-1.368552252670206057e-06
3.504166666666666430e+01,-1.364827219209763471e-06
3.506250000000000000e+01,-1.360953610044761284e-06
3.508333333333332860e+01,-1.356933236709713396e-06
3.510416666666666430e+01,-1.352768002939118943e-06
3.512500000000000000e+01,-1.348459902335325211e-06
3.514583333333332860e+01,-1.344011018627034896e-06
3.516666666666666430e+01,-1.339423525068908183e-06
3.518750000000000000e+01,-1.334699682725786975e-06
3.520833333333332860e+01,-1.329841840264566830e-06
3.522916666666666430e+01,-1.324852432370484630e-06
3.525000000000000000e+01,-1.319733978907419253e-06
3.527083333333332860e+01,-1.314489083756399968e-06
3.529166666666666430e+01,-1.309120432881998564e-06
3.531250000000000000e+01,-1.303630793878666344e-06
3.533333333333332860e+01,-1.298023014131703406e-06
3.535416666666666430e+01,-1.292300018959239783e-06
3.537500000000000000e+01,-1.286464810494254655e-06
3.539583333333332860e+01,-1.280520465542860319e-06
3.541666666666666430e+01,-1.274470134488994357e-06
3.543750000000000000e+01,-1.268317038973387783e-06
3.545833333333332860e+01,-1.262064469888861471e-06
3.547916666666666430e+01,-1.255715786016588913e-06
3.550000000000000000e+01,-1.249274411842222094e-06
3.552083333333332860e+01,-1.242743835188524611e-06
3.554166666666666430e+01,-1.236127605591653135e-06
3.556250000000000000e+01,-1.229429331683446983e-06
3.558333333333332860e+01,-1.222652679530941146e-06
3.560416666666666430e+01,-1.215801370438440944e-06
3.562500000000000000e+01,-1.208879177543176330e-06
3.564583333333332860e+01,-1.201889924911813140e-06
3.566666666666666430e+01,-1.194837484927700556e-06
3.568750000000000000e+01,-1.187725774479093672e-06
3.570833333333332860e+01,-1.180558754569583134e-06
3.572916666666666430e+01,-1.173340426141943194e-06
3.575000000000000000e+01,-1.166074828698530816e-06
3.577083333333332860e+01,-1.158766037002575791e-06
3.579166666666666430e+01,-1.151418158756455385e-06
3.581250000000000000e+01,-1.144035332155223685e-06
3.583333333333332860e+01,-1.136621722717448628e-06
3.585416666666666430e+01,-1.129181521144797016e-06
3.587500000000000000e+01,-1.121718940438977030e-06
3.589583333333332860e+01,-1.114238212847237058e-06
3.591666666666666430e+01,-1.106743587748311639e-06
3.593750000000000000e+01,-1.099239328003159789e-06
3.595833333333332860e+01,-1.091729708155937755e-06
3.597916666666666430e+01,-1.084219010997220636e-06
3.600000000000000000e+01,-1.076711525026780201e-06
3.602083333333332860e+01,-1.069211541173496390e-06
3.604166666666666430e+01,-1.061723350661526945e-06
3.606250000000000000e+01,-1.054251241694859305e-06
3.608333333333332860e+01,-1.046799496660374998e-06
3.610416666666666430e+01,-1.039372389510937744e-06
3.612500000000000000e+01,-1.031974182630490640e-06
3.614583333333332860e+01,-1.024609124158699418e-06
3.616666666666666430e+01,-1.017281445209045735e-06
3.618750000000000000e+01,-1.009995356472922588e-06
3.620833333333332860e+01,-1.002755046471043641e-06
3.622916666666666430e+01,-9.955646776025920775e-07
3.625000000000000000e+01,-9.884283838249585024e-07
3.627083333333332860e+01,-9.813502679568901015e-07
3.629166666666666430e+01,-9.743343986833319544e-07
3.631250000000000000e+01,-9.673848077072865842e-07
3.633333333333332860e+01,-9.605054874707032532e-07
3.635416666666666430e+01,-9.537003876056163789e-07
3.637500000000000000e+01,-9.469734127746387397e-07
3.639583333333332860e+01,-9.403284201004708025e-07
3.641666666666666430e+01,-9.337692159610475930e-07
3.643750000000000000e+01,-9.272995539320020697e-07
3.645833333333332860e+01,-9.209231315870273887e-07
3.647916666666666430e+01,-9.146435880706169601e-07
3.650000000000000000e+01,-9.084645023651064008e-07
3.652083333333332860e+01,-9.023893892769132582e-07
3.654166666666666430e+01,-8.964216983102141120e-07
3.656250000000000000e+01,-8.905648105277068530e-07
3.658333333333332860e+01,-8.848220362578935591e-07
3.660416666666666430e+01,-8.791966127954932986e-07
3.662500000000000000e+01,-8.736917022298248840e-07
3.664583333333332860e+01,-8.683103886780405593e-07
3.666666666666666430e+01,-8.630556766566540190e-07
3.668750000000000000e+01,-8.579304886298342478e-07
3.670833333333332860e+01,-8.529376629782926161e-07
3.672916666666666430e+01,-8.480799517807322793e-07
3.675000000000000000e+01,-8.433600186823581636e-07
3.677083333333332860e+01,-8.387804374584170842e-07
3.679166666666666430e+01,-8.343436894715724445e-07
3.681250000000000000e+01,-8.300521622608017676e-07
3.683333333333332860e+01,-8.259081478599446048e-07
3.685416666666666430e+01,-8.219138402771927354e-07
3.687500000000000000e+01,-8.180713348244736418e-07
3.689583333333332860e+01,-8.143826258499680854e-07
3.691666666666666430e+01,-8.108496054386394871e-07
3.693750000000000000e+01,-8.074740619884837745e-07
3.695833333333332860e+01,-8.042576789175669401e-07
3.697916666666666430e+01,-8.012020328188391514e-07
3.700000000000000000e+01,-7.983085928067425355e-07
3.702083333333332860e+01,-7.955787188814099276e-07
3.704166666666666430e+01,-7.930136609464761709e-07
3.706250000000000000e+01,-7.906145582747790504e-07
3.708333333333332860e+01,-7.883824373656835740e-07
3.710416666666666430e+01,-7.863182125130061284e-07
3.712500000000000000e+01,-7.844226834690694528e-07
3.714583333333332860e+01,-7.826965361465695969e-07
3.716666666666666430e+01,-7.811403408439817571e-07
3.718750000000000000e+01,-7.797545520926817356e-07
3.720833333333332860e+01,-7.785395084585657414e-07
3.722916666666666430e+01,-7.774954317137832462e-07
3.725000000000000000e+01,-7.766224262914017151e-07
3.727083333333332860e+01,-7.759204796287254710e-07
3.729166666666666430e+01,-7.753894616239981745e-07
3.731250000000000000e+01,-7.750291242976720187e-07
3.733333333333332860e+01,-7.748391024033723826e-07
3.735416666666666430e+01,-7.748189130681214336e-07
3.737500000000000000e+01,-7.749679560066452984e-07
3.739583333333332860e+01,-7.752855135502207226e-07
3.741666666666666430e+01,-7.757707513200439235e-07
3.743750000000000000e+01,-7.764227183961539474e-07
3.745833333333332860e+01,-7.772403481401275013e-07
3.747916666666666430e+01,-7.782224580406329769e-07
3.750000000000000000e+01,-7.793677509846620510e-07
3.752083333333332860e+01,-7.806748158228566266e-07
3.754166666666666430e+01,-7.821421281006723319e-07
3.756250000000000000e+01,-7.837680508660585284e-07
3.758333333333332860e+01,-7.855508358783336747e-07
3.760416666666666430e+01,-7.874886244056896105e-07
3.762500000000000000e+01,-7.895794485551233869e-07
3.764583333333332860e+01,-7.918212323187716661e-07
3.766666666666666430e+01,-7.942117928273423477e-07
3.768750000000000000e+01,-7.967488419995774024e-07
3.770833333333332860e+01,-7.994299877853102502e-07
3.772916666666666430e+01,-8.022527354217519936e-07
3.775000000000000000e+01,-8.052144896884801058e-07
3.777083333333332860e+01,-8.083125556303400755e-07
3.779166666666666430e+01,-8.115441411471242358e-07
3.781250000000000000e+01,-8.149063586240692121e-07
3.783333333333332860e+01,-8.183962263547017609e-07
3.785416666666666430e+01,-8.220106709144964566e-07
3.787500000000000000e+01,-8.257465290452560186e-07
3.789583333333332860e+01,-8.296005497934027884e-07
3.791666666666666430e+01,-8.335693963517874986e-07
3.793750000000000000e+01,-8.376496486395393428e-07
3.795833333333332860e+01,-8.418378056916279759e-07
3.797916666666666430e+01,-8.461302873372482880e-07
3.800000000000000000e+01,-8.505234373498431847e-07
3.802083333333332860e+01,-8.550135250356152008e-07
3.804166666666666430e+01,-8.595967486678651007e-07
3.806250000000000000e+01,-8.642692374268748874e-07
3.808333333333332860e+01,-8.690270540486142392e-07
3.810416666666666430e+01,-8.738661976414784836e-07
3.812500000000000000e+01,-8.787826063975524406e-07
3.814583333333332860e+01,-8.837721601491921802e-07
3.816666666666666430e+01,-8.888306832100734766e-07
3.818750000000000000e+01,-8.939539474146927778e-07
3.820833333333332860e+01,-8.991376745875303976e-07
3.822916666666666430e+01,-9.043775397251668451e-07
3.825000000000000000e+01,-9.096691740358939081e-07
3.827083333333332860e+01,-9.150081677142759981e-07
3.829166666666666430e+01,-9.203900728327424374e-07
3.831250000000000000e+01,-9.258104064704991084e-07
3.833333333333332860e+01,-9.312646542210709242e-07
3.835416666666666430e+01,-9.367482724348430500e-07
3.837500000000000000e+01,-9.422566921241182648e-07
3.839583333333332860e+01,-9.477853216483679996e-07
3.841666666666666430e+01,-9.533295502424516233e-07
3.843750000000000000e+01,-9.588847509489545089e-07
3.845833333333332860e+01,-9.644462837360562787e-07
3.847916666666666430e+01,-9.700094991126560943e-07
3.850000000000000000e+01,-9.755697413521298671e-07
3.852083333333332860e+01,-9.811223514321647777e-07
3.854166666666666430e+01,-9.866626711500087109e-07
3.856250000000000000e+01,-9.921860452197134569e-07
3.858333333333332860e+01,-9.976878263557177173e-07
3.860416666666666430e+01,-1.003163377392725991e-06
3.862500000000000000e+01,-1.008608075195797101e-06
3.864583333333332860e+01,-1.014017314791288936e-06
3.866666666666666430e+01,-1.019386511829956572e-06
3.868750000000000000e+01,-1.024711107461407712e-06
3.870833333333332860e+01,-1.029986571117973031e-06
3.872916666666666430e+01,-1.035208404584375916e-06
3.875000000000000000e+01,-1.040372146405432949e-06
3.877083333333332860e+01,-1.045473374989008971e-06
3.879166666666666430e+01,-1.050507712868577614e-06
3.881250000000000000e+01,-1.055470831276073936e-06
3.883333333333332860e+01,-1.060358453781642427e-06
3.885416666666666430e+01,-1.065166360411259622e-06
3.887500000000000000e+01,-1.069890392630131314e-06
3.889583333333332860e+01,-1.074526457160521412e-06
3.891666666666666430e+01,-1.079070530340848179e-06
3.893750000000000000e+01,-1.083518663241281277e-06
3.895833333333332860e+01,-1.087866985576395314e-06
3.897916666666666430e+01,-1.092111710185951908e-06
3.900000000000000000e+01,-1.096249137911135162e-06
3.902083333333332860e+01,-1.100275661540183602e-06
3.904166666666666430e+01,-1.104187770539858620e-06
3.906250000000000000e+01,-1.107982054994371296e-06
3.908333333333332860e+01,-1.111655209555249289e-06
3.910416666666666430e+01,-1.115204037284402601e-06
3.912500000000000000e+01,-1.118625453293249240e-06
3.914583333333332860e+01,-1.121916487644421176e-06
3.916666666666666430e+01,-1.125074288533518253e-06
3.918750000000000000e+01,-1.128096124770639858e-06
3.920833333333332860e+01,-1.130979387372591298e-06
3.922916666666666430e+01,-1.133721591780115138e-06
3.925000000000000000e+01,-1.136320378733354609e-06
3.927083333333332860e+01,-1.138773514864193266e-06
3.929166666666666430e+01,-1.141078893073290114e-06
3.931250000000000000e+01,-1.143234532428105092e-06
3.933333333333332860e+01,-1.145238577121404309e-06
3.935416666666666430e+01,-1.147089296018634007e-06
3.937500000000000000e+01,-1.148785080752663523e-06
3.939583333333332860e+01,-1.150324444770537369e-06
3.941666666666666430e+01,-1.151706020491422837e-06
3.943750000000000000e+01,-1.152928557918066554e-06
3.945833333333332860e+01,-1.153990922890409275e-06
3.947916666666666430e+01,-1.154892093596116333e-06
3.950000000000000000e+01,-1.155631159715543207e-06
3.952083333333332860e+01,-1.156207319728378472e-06
3.954166666666666430e+01,-1.156619878474812548e-06
3.956250000000000000e+01,-1.156868245952132791e-06
3.958333333333332860e+01,-1.156951935839151225e-06
3.960416666666666430e+01,-1.156870562847613836e-06
3.962500000000000000e+01,-1.156623842398348534e-06
3.964583333333332860e+01,-1.156211589427101165e-06
3.966666666666666430e+01,-1.155633717020501601e-06
3.968750000000000000e+01,-1.154890235835699427e-06
3.970833333333332860e+01,-1.153981253922904607e-06
3.972916666666666430e+01,-1.152906975625388357e-06
3.975000000000000000e+01,-1.151667701859018212e-06
3.977083333333332860e+01,-1.150263829432127832e-06
3.979166666666666430e+01,-1.148695850994654157e-06
3.981250000000000000e+01,-1.146964355209353686e-06
3.983333333333332860e+01,-1.145070026303282646e-06
3.985416666666666430e+01,-1.143013643846093319e-06
3.987500000000000000e+01,-1.140796083219433656e-06
3.989583333333332860e+01,-1.138418314838854339e-06
3.991666666666666430e+01,-1.135881404507047569e-06
3.993750000000000000e+01,-1.133186512855554520e-06
3.995833333333332860e+01,-1.130334895485825123e-06
3.997916666666666430e+01,-1.127327902298574439e-06
4.000000000000000000e+01,-1.124166977243285577e-06
4.002083333333332860e+01,-1.120853658061257174e-06
4.004166666666666430e+01,-1.117389575705268718e-06
4.006250000000000000e+01,-1.113776454052212129e-06
4.008333333333332860e+01,-1.110016109104301152e-06
4.010416666666666430e+01,-1.106110448185835091e-06
4.012500000000000000e+01,-1.102061469584968462e-06
4.014583333333332860e+01,-1.097871261683829119e-06
4.016666666666666430e+01,-1.093542002015079191e-06
4.018750000000000000e+01,-1.089075956256149437e-06
4.020833333333332860e+01,-1.084475477680421816e-06
4.022916666666666430e+01,-1.079743005194920334e-06
4.025000000000000000e+01,-1.074881063325437568e-06
4.027083333333332860e+01,-1.069892259979997740e-06
4.029166666666666430e+01,-1.064779285703556878e-06
4.031250000000000000e+01,-1.059544912169344598e-06
4.033333333333332860e+01,-1.054191990679528752e-06
4.035416666666666430e+01,-1.048723450526296885e-06
4.037500000000000000e+01,-1.043142297720376352e-06
4.039583333333332860e+01,-1.037451612897883128e-06
4.041666666666666430e+01,-1.031654549772632314e-06
4.043750000000000000e+01,-1.025754333625613484e-06
4.045833333333332860e+01,-1.019754259098239887e-06
4.047916666666666430e+01,-1.013657688014409264e-06
4.050000000000000000e+01,-1.007468048166265389e-06
4.052083333333332860e+01,-1.001188830313939393e-06
4.054166666666666430e+01,-9.948235872904208092e-07
4.056250000000000000e+01,-9.883759307201326613e-07
4.058333333333332860e+01,-9.818495296152335464e-07
4.060416666666666430e+01,-9.752481076159112361e-07
4.062500000000000000e+01,-9.685754411189900114e-07
4.064583333333332860e+01,-9.618353567035777309e-07
4.066666666666666430e+01,-9.550317287922505266e-07
4.068750000000000000e+01,-9.481684775090642408e-07
4.070833333333332860e+01,-9.412495656105925919e-07
4.072916666666666430e+01,-9.342789969210387814e-07
4.075000000000000000e+01,-9.272608127028466980e-07
4.077083333333332860e+01,-9.201990901678111787e-07
4.079166666666666430e+01,-9.130979389882309324e-07
4.081250000000000000e+01,-9.059614993825480100e-07
4.083333333333332860e+01,-8.987939390694467607e-07
4.085416666666666430e+01,-8.915994504097931435e-07
4.087500000000000000e+01,-8.843822481909752617e-07
4.089583333333332860e+01,-8.771465667667893604e-07
4.091666666666666430e+01,-8.698966571132857570e-07
4.093750000000000000e+01,-8.626367838963932935e-07
4.095833333333332860e+01,-8.553712234491793535e-07
4.097916666666666430e+01,-8.481042599843790966e-07
4.100000000000000000e+01,-8.408401833704002347e-07
4.102083333333332860e+01,-8.335832866144490148e-07
4.104166666666666430e+01,-8.263378623270071806e-07
4.106250000000000000e+01,-8.191081998515193753e-07
4.108333333333332860e+01,-8.118985834024317647e-07
4.110416666666666430e+01,-8.047132880802297166e-07
4.112500000000000000e+01,-7.975565777728694161e-07
4.114583333333332860e+01,-7.904327020308987285e-07
4.116666666666666430e+01,-7.833458928841261189e-07
4.118750000000000000e+01,-7.763003628992460956e-07
4.120833333333332860e+01,-7.693003013079605530e-07
4.122916666666666430e+01,-7.623498720782029053e-07
4.125000000000000000e+01,-7.554532100637654898e-07
4.127083333333332860e+01,-7.486144194268970024e-07
4.129166666666666430e+01,-7.418375699757629501e-07
4.131250000000000000e+01,-7.351266946566422984e-07
4.133333333333332860e+01,-7.284857866038801693e-07
4.135416666666666430e+01,-7.219187967933776669e-07
4.137500000000000000e+01,-7.154296309492852583e-07
4.139583333333332860e+01,-7.090221470794065710e-07
4.141666666666666430e+01,-7.027001525440802660e-07
4.143750000000000000e+01,-6.964674019455873856e-07
4.145833333333332860e+01,-6.903275936473138199e-07
4.147916666666666430e+01,-6.842843681466199206e-07
4.150000000000000000e+01,-6.783413047828985144e-07
4.152083333333332860e+01,-6.725019195861502865e-07
4.154166666666666430e+01,-6.667696629653734811e-07
4.156250000000000000e+01,-6.611479164851917732e-07
4.158333333333332860e+01,-6.556399917554565430e-07
4.160416666666666430e+01,-6.502491265177924536e-07
4.162500000000000000e+01,-6.449784835321602532e-07
4.164583333333332860e+01,-6.398311480965376301e-07
4.166666666666666430e+01,-6.348101253120017619e-07
4.168750000000000000e+01,-6.299183383193459512e-07
4.170833333333332860e+01,-6.251586261979722591e-07
4.172916666666666430e+01,-6.205337417677550341e-07
4.175000000000000000e+01,-6.160463493289647317e-07
4.177083333333332860e+01,-6.116990233054816460e-07
4.179166666666666430e+01,-6.074942456915387570e-07
4.181250000000000000e+01,-6.034344048385474624e-07
4.183333333333332860e+01,-5.995217928255437212e-07
4.185416666666666430e+01,-5.957586050033122738e-07
4.187500000000000000e+01,-5.921469366530307655e-07
4.189583333333332860e+01,-5.886887831326935793e-07
4.191666666666666430e+01,-5.853860368301399304e-07
4.193750000000000000e+01,-5.822404867874080950e-07
4.195833333333332860e+01,-5.792538168140978455e-07
4.197916666666666430e+01,-5.764276040624059709e-07
4.200000000000000000e+01,-5.737633181137997660e-07
4.202083333333332860e+01,-5.712623196021349065e-07
4.204166666666666430e+01,-5.689258588260073226e-07
4.206250000000000000e+01,-5.667550752890629130e-07
4.208333333333332860e+01,-5.647509962187079150e-07
4.210416666666666430e+01,-5.629145362263934237e-07
4.212500000000000000e+01,-5.612464954628950527e-07
4.214583333333332860e+01,-5.597475603047703516e-07
4.216666666666666430e+01,-5.584183013662304951e-07
4.218750000000000000e+01,-5.572591737914276359e-07
4.220833333333332860e+01,-5.562705163572206440e-07
4.222916666666666430e+01,-5.554525510765386945e-07
4.225000000000000000e+01,-5.548053828647433540e-07
4.227083333333332860e+01,-5.543289997296221997e-07
4.229166666666666430e+01,-5.540232714470036791e-07
4.231250000000000000e+01,-5.538879508955945310e-07
4.233333333333332860e+01,-5.539226728002981999e-07
4.235416666666666430e+01,-5.541269546502598496e-07
4.237500000000000000e+01,-5.545001964924854085e-07
4.239583333333332860e+01,-5.550416811874878665e-07
4.241666666666666430e+01,-5.557505744594677294e-07
4.243750000000000000e+01,-5.566259259931102543e-07
4.245833333333332860e+01,-5.576666688543320155e-07
4.247916666666666430e+01,-5.588716213703998099e-07
4.250000000000000000e+01,-5.602394866844758178e-07
4.252083333333332860e+01,-5.617688537730868142e-07
4.254166666666666430e+01,-5.634581983918418542e-07
4.256250000000000000e+01,-5.653058843408276045e-07
4.258333333333332860e+01,-5.673101631909152687e-07
4.260416666666666430e+01,-5.694691768212559400e-07
4.262500000000000000e+01,-5.717809575452935859e-07
4.264583333333332860e+01,-5.742434296200390595e-07
4.266666666666666430e+01,-5.768544106982661586e-07
4.268750000000000000e+01,-5.796116127154766713e-07
4.270833333333332860e+01,-5.825126440866971593e-07
4.272916666666666430e+01,-5.855550106782029899e-07
4.275000000000000000e+01,-5.887361168155919403e-07
4.277083333333332860e+01,-5.920532687574648317e-07
4.279166666666666430e+01,-5.955036744060786513e-07
4.281250000000000000e+01,-5.990844463664104879e-07
4.283333333333332860e+01,-6.027926034291311696e-07
4.285416666666666430e+01,-6.066250724929546900e-07
4.287500000000000000e+01,-6.105786906431472643e-07
4.289583333333332860e+01,-6.146502074475470345e-07
4.291666666666666430e+01,-6.188362863919565837e-07
4.293750000000000000e+01,-6.231335079980776738e-07
4.295833333333332860e+01,-6.275383715036014138e-07
4.297916666666666430e+01,-6.320472972755581220e-07
4.300000000000000000e+01,-6.366566292818712687e-07
4.302083333333332860e+01,-6.413626377236011925e-07
4.304166666666666430e+01,-6.461615209486475908e-07
4.306250000000000000e+01,-6.510494085136208406e-07
4.308333333333332860e+01,-6.560223640123041791e-07
4.310416666666666430e+01,-6.610763868113876902e-07
4.312500000000000000e+01,-6.662074153427754678e-07
4.314583333333332860e+01,-6.714113302048057460e-07
4.316666666666666430e+01,-6.766839560545168922e-07
4.318750000000000000e+01,-6.820210650772998700e-07
4.320833333333332860e+01,-6.874183798885578309e-07
4.322916666666666430e+01,-6.928715756855224839e-07
4.325000000000000000e+01,-6.983762839264594389e-07
4.327083333333332860e+01,-7.039280954043814724e-07
4.329166666666666430e+01,-7.095225621437952176e-07
4.331250000000000000e+01,-7.151552022669973502e-07
4.333333333333332860e+01,-7.208215010583484045e-07
4.335416666666666430e+01,-7.265169153367749026e-07
4.337500000000000000e+01,-7.322368761054018097e-07
4.339583333333332860e+01,-7.379767921106980521e-07
4.341666666666666430e+01,-7.437320523735826991e-07
4.343750000000000000e+01,-7.494980296681627019e-07
4.345833333333332860e+01,-7.552700841163276930e-07
4.347916666666666430e+01,-7.610435657752588219e-07
4.350000000000000000e+01,-7.668138183927637264e-07
4.352083333333332860e+01,-7.725761825510386808e-07
4.354166666666666430e+01,-7.783259987038375775e-07
4.356250000000000000e+01,-7.840586113812491441e-07
4.358333333333332860e+01,-7.897693717041298122e-07
4.360416666666666430e+01,-7.954536411632565133e-07
4.362500000000000000e+01,-8.011067952919751411e-07
4.364583333333332860e+01,-8.067242268608261813e-07
4.366666666666666430e+01,-8.123013496405041440e-07
4.368750000000000000e+01,-8.178336021621270313e-07
4.370833333333332860e+01,-8.233164512833791939e-07
4.372916666666666430e+01,-8.287453960315959512e-07
4.375000000000000000e+01,-8.341159713758889791e-07
4.377083333333332860e+01,-8.394237519841786290e-07
4.379166666666666430e+01,-8.446643569634779745e-07
4.381250000000000000e+01,-8.498334530332376913e-07
4.383333333333332860e+01,-8.549267593833310491e-07
4.385416666666666430e+01,-8.599400514339751428e-07
4.387500000000000000e+01,-8.648691658466606001e-07
4.389583333333332860e+01,-8.697100041139826677e-07
4.391666666666666430e+01,-8.744585380023240470e-07
4.393750000000000000e+01,-8.791108130238812730e-07
4.395833333333332860e+01,-8.836629539847504240e-07
4.397916666666666430e+01,-8.881111690350289236e-07
4.400000000000000000e+01,-8.924517544294247774e-07
4.402083333333332860e+01,-8.966810987302206111e-07
4.404166666666666430e+01,-9.007956876179204259e-07
4.406250000000000000e+01,-9.047921081084146730e-07
4.408333333333332860e+01,-9.086670524485561405e-07
4.410416666666666430e+01,-9.124173221682735641e-07
4.412500000000000000e+01,-9.160398317647977590e-07
4.414583333333332860e+01,-9.195316118019943491e-07
4.416666666666666430e+01,-9.228898120849952899e-07
4.418750000000000000e+01,-9.261117038944742132e-07
4.420833333333332860e+01,-9.291946825349605071e-07
4.422916666666666430e+01,-9.321362686352624242e-07
4.425000000000000000e+01,-9.349341094275093846e-07
4.427083333333332860e+01,-9.375859792466905030e-07
4.429166666666666430e+01,-9.400897799311034968e-07
4.431250000000000000e+01,-9.424435402930507853e-07
4.433333333333332860e+01,-9.446454158078297438e-07
4.435416666666666430e+01,-9.466936866967739008e-07
4.437500000000000000e+01,-9.485867572073567769e-07
4.439583333333332860e+01,-9.503231532692848548e-07
4.441666666666666430e+01,-9.519015205331402737e-07
4.443750000000000000e+01,-9.533206225541994653e-07
4.445833333333332860e+01,-9.545793379966931265e-07
4.447916666666666430e+01,-9.556766582206032116e-07
4.450000000000000000e+01,-9.566116853819203917e-07
4.452083333333332860e+01,-9.573836300190515177e-07
4.454166666666666430e+01,-9.579918085444737427e-07
4.456250000000000000e+01,-9.584356414643582996e-07
4.458333333333332860e+01,-9.587146522483039239e-07
4.460416666666666430e+01,-9.588284648357921355e-07
4.462500000000000000e+01,-9.587768028323455609e-07
4.464583333333332860e+01,-9.585594881527613572e-07
4.466666666666666430e+01,-9.581764402651408716e-07
4.468750000000000000e+01,-9.576276753647235623e-07
4.470833333333332860e+01,-9.569133063413016413e-07
4.472916666666666430e+01,-9.560335412771104805e-07
4.475000000000000000e+01,-9.549886843418084936e-07
4.477083333333332860e+01,-9.537791350182384130e-07
4.479166666666666430e+01,-9.524053879110841345e-07
4.481250000000000000e+01,-9.508680333018768800e-07
4.483333333333332860e+01,-9.491677559585196133e-07
4.485416666666666430e+01,-9.473053366156643088e-07
4.487500000000000000e+01,-9.452816504166607028e-07
4.489583333333332860e+01,-9.430976681890412687e-07
4.491666666666666430e+01,-9.407544547806204955e-07
4.493750000000000000e+01,-9.382531705957844847e-07
4.495833333333332860e+01,-9.355950702624693551e-07
4.497916666666666430e+01,-9.327815026321705607e-07
4.500000000000000000e+01,-9.298139105230814196e-07
4.502083333333332860e+01,-9.266938302930692887e-07
4.504166666666666430e+01,-9.234228914898131581e-07
4.506250000000000000e+01,-9.200028164160845308e-07
4.508333333333332860e+01,-9.164354192218505002e-07
4.510416666666666430e+01,-9.127226058652453298e-07
4.512500000000000000e+01,-9.088663729451132016e-07
4.514583333333332860e+01,-9.048688068584595661e-07
4.516666666666666430e+01,-9.007320833908387153e-07
4.518750000000000000e+01,-8.964584667665583743e-07
4.520833333333332860e+01,-8.920503081584218984e-07
4.522916666666666430e+01,-8.875100449500516206e-07
4.525000000000000000e+01,-8.828401999428065028e-07
4.527083333333332860e+01,-8.780433796002031207e-07
4.529166666666666430e+01,-8.731222727025374467e-07
4.531250000000000000e+01,-8.680796494616693512e-07
4.533333333333332860e+01,-8.629183595592789443e-07
4.535416666666666430e+01,-8.576413309673216339e-07
4.537500000000000000e+01,-8.522515682368410480e-07
4.539583333333332860e+01,-8.467521507365135167e-07
4.541666666666666430e+01,-8.411462309180234873e-07
4.543750000000000000e+01,-8.354370327894511731e-07
4.545833333333332860e+01,-8.296278498993070337e-07
4.547916666666666430e+01,-8.237220426009123466e-07
4.550000000000000000e+01,-8.177230377832689932e-07
4.552083333333332860e+01,-8.116343254402369980e-07
4.554166666666666430e+01,-8.054594569692049026e-07
4.556250000000000000e+01,-7.992020432990035923e-07
4.558333333333332860e+01,-7.928657522986114345e-07
4.560416666666666430e+01,-7.864543068569479518e-07
4.562500000000000000e+01,-7.799714824216310227e-07
4.564583333333332860e+01,-7.734211046503719950e-07
4.566666666666666430e+01,-7.668070475993945574e-07
4.568750000000000000e+01,-7.601332301376822229e-07
4.570833333333332860e+01,-7.534036148121783261e-07
4.572916666666666430e+01,-7.466222042157834953e-07
4.575000000000000000e+01,-7.397930394475521403e-07
4.577083333333332860e+01,-7.329201969961232371e-07
4.579166666666666430e+01,-7.260077856979005011e-07
4.581250000000000000e+01,-7.190599454400518211e-07
4.583333333333332860e+01,-7.120808434200759268e-07
4.585416666666666430e+01,-7.050746715162424970e-07
4.587500000000000000e+01,-6.980456440007954780e-07
4.589583333333332860e+01,-6.909979947615392213e-07
4.591666666666666430e+01,-6.839359742290628840e-07
4.593750000000000000e+01,-6.768638467414536412e-07
4.595833333333332860e+01,-6.697858882775261931e-07
4.597916666666666430e+01,-6.627063826430484491e-07
4.600000000000000000e+01,-6.556296195156416790e-07
4.602083333333332860e+01,-6.485598912561953922e-07
4.604166666666666430e+01,-6.415014901309825533e-07
4.606250000000000000e+01,-6.344587055250061008e-07
4.608333333333332860e+01,-6.274358211773924625e-07
4.610416666666666430e+01,-6.204371118573433148e-07
4.612500000000000000e+01,-6.134668410899128938e-07
4.614583333333332860e+01,-6.065292583654884440e-07
4.616666666666666430e+01,-5.996285955837087364e-07
4.618750000000000000e+01,-5.927690647362125293e-07
4.620833333333332860e+01,-5.859548550131000114e-07
4.622916666666666430e+01,-5.791901300307671834e-07
4.625000000000000000e+01,-5.724790248017880024e-07
4.627083333333332860e+01,-5.658256430042738131e-07
4.629166666666666430e+01,-5.592340544231598206e-07
4.631250000000000000e+01,-5.527082915390129350e-07
4.633333333333332860e+01,-5.462523477554129947e-07
4.635416666666666430e+01,-5.398701737561683565e-07
4.637500000000000000e+01,-5.335656748891262067e-07
4.639583333333332860e+01,-5.273427092822035740e-07
4.641666666666666430e+01,-5.212050842709655233e-07
4.643750000000000000e+01,-5.151565538915586155e-07
4.645833333333332860e+01,-5.092008169894439901e-07
4.647916666666666430e+01,-5.033415134561254837e-07
4.650000000000000000e+01,-4.975822229383221345e-07
4.652083333333332860e+01,-4.919264611987424756e-07
4.654166666666666430e+01,-4.863776785316813495e-07
4.656250000000000000e+01,-4.809392564577580105e-07
4.658333333333332860e+01,-4.756145063066418044e-07
4.660416666666666430e+01,-4.704066661768036398e-07
4.662500000000000000e+01,-4.653188986180935601e-07
4.664583333333332860e+01,-4.603542887544003719e-07
4.666666666666666430e+01,-4.555158418458632407e-07
4.668750000000000000e+01,-4.508064808722567292e-07
4.670833333333332860e+01,-4.462290448764444913e-07
4.672916666666666430e+01,-4.417862866073057501e-07
4.675000000000000000e+01,-4.374808704403111815e-07
4.677083333333332860e+01,-4.333153707440513745e-07
4.679166666666666430e+01,-4.292922695039478371e-07
4.681250000000000000e+01,-4.254139550478976973e-07
4.683333333333332860e+01,-4.216827196688624962e-07
4.685416666666666430e+01,-4.181007583226971745e-07
4.687500000000000000e+01,-4.146701666199947258e-07
4.689583333333332860e+01,-4.113929397374295841e-07
4.691666666666666430e+01,-4.082709701302158181e-07
4.693750000000000000e+01,-4.053060468605155656e-07
4.695833333333332860e+01,-4.024998536249698735e-07
4.697916666666666430e+01,-3.998539679274768981e-07
4.700000000000000000e+01,-3.973698590881541421e-07
4.702083333333332860e+01,-3.950488876812726424e-07
4.704166666666666430e+01,-3.928923043755033767e-07
4.706250000000000000e+01,-3.909012484500135837e-07
4.708333333333332860e+01,-3.890767475388950062e-07
4.710416666666666430e+01,-3.874197157642816758e-07
4.712500000000000000e+01,-3.859309536944357580e-07
4.714583333333332860e+01,-3.846111473511659163e-07
4.716666666666666430e+01,-3.834608678964456092e-07
4.718750000000000000e+01,-3.824805700653248459e-07
4.720833333333332860e+01,-3.816705929609729399e-07
4.722916666666666430e+01,-3.810311584447462260e-07
4.725000000000000000e+01,-3.805623716921344829e-07
4.727083333333332860e+01,-3.802642205149065114e-07
4.729166666666666430e+01,-3.801365749483248274e-07
4.731250000000000000e+01,-3.801791875995768998e-07
4.733333333333332860e+01,-3.803916936925905519e-07
4.735416666666666430e+01,-3.807736104890672486e-07
4.737500000000000000e+01,-3.813243380833403019e-07
4.739583333333332860e+01,-3.820431592823380740e-07
4.741666666666666430e+01,-3.829292401627130681e-07
4.743750000000000000e+01,-3.839816300068822069e-07
4.745833333333332860e+01,-3.851992624470444065e-07
4.747916666666666430e+01,-3.865809553505583310e-07
4.750000000000000000e+01,-3.881254121820156297e-07
4.752083333333332860e+01,-3.898312220556002251e-07
4.754166666666666430e+01,-3.916968603999635961e-07
4.756250000000000000e+01,-3.937206909902807995e-07
4.758333333333332860e+01,-3.959009659440898979e-07
4.760416666666666430e+01,-3.982358268175730329e-07
4.762500000000000000e+01,-4.007233058040959759e-07
4.764583333333332860e+01,-4.033613274904252237e-07
4.766666666666666430e+01,-4.061477094103039457e-07
4.768750000000000000e+01,-4.090801633170310550e-07
4.770833333333332860e+01,-4.121562980592569664e-07
4.772916666666666430e+01,-4.153736188041217171e-07
4.775000000000000000e+01,-4.187295308531907515e-07
4.777083333333332860e+01,-4.222213394115806858e-07
4.779166666666666430e+01,-4.258462531100969504e-07
4.781250000000000000e+01,-4.296013842486776236e-07
4.783333333333332860e+01,-4.334837515625294454e-07
4.785416666666666430e+01,-4.374902820576616612e-07
4.787500000000000000e+01,-4.416178127478998215e-07
4.789583333333332860e+01,-4.458630928751066265e-07
4.791666666666666430e+01,-4.502227863477035959e-07
4.793750000000000000e+01,-4.546934732983912338e-07
4.795833333333332860e+01,-4.592716529222599745e-07
4.797916666666666430e+01,-4.639537457198057941e-07
4.800000000000000000e+01,-4.687360953666265346e-07
4.802083333333332860e+01,-4.736149722425945247e-07
4.804166666666666430e+01,-4.785865745365891906e-07
4.806250000000000000e+01,-4.836470318588293067e-07
4.808333333333332860e+01,-4.887924072347160799e-07
4.810416666666666430e+01,-4.940187004627324266e-07
4.812500000000000000e+01,-4.993218497642234966e-07
4.814583333333332860e+01,-5.046977355909285674e-07
4.816666666666666430e+01,-5.101421824492010683e-07
4.818750000000000000e+01,-5.156509626790611098e-07
4.820833333333332860e+01,-5.212197985137257073e-07
4.822916666666666430e+01,-5.268443652420058659e-07
4.825000000000000000e+01,-5.325202942266556547e-07
4.827083333333332860e+01,-5.382431762148180515e-07
4.829166666666666430e+01,-5.440085634312797828e-07
4.831250000000000000e+01,-5.498119734301146831e-07
4.833333333333332860e+01,-5.556488916792612668e-07
4.835416666666666430e+01,-5.615147750738448222e-07
4.837500000000000000e+01,-5.674050546386533941e-07
4.839583333333332860e+01,-5.733151389707092270e-07
4.841666666666666430e+01,-5.792404171191712570e-07
4.843750000000000000e+01,-5.851762622092505917e-07
4.845833333333332860e+01,-5.911180341619624707e-07
4.847916666666666430e+01,-5.970610831535769584e-07
4.850000000000000000e+01,-6.030007532368027427e-07
4.852083333333332860e+01,-6.089323851852958255e-07
4.854166666666666430e+01,-6.148513198259735346e-07
4.856250000000000000e+01,-6.207529017972286654e-07
4.858333333333332860e+01,-6.266324825949177700e-07
4.860416666666666430e+01,-6.324854240724186087e-07
4.862500000000000000e+01,-6.383071024286551303e-07
4.864583333333332860e+01,-6.440929107186704115e-07
4.866666666666666430e+01,-6.498382636231616097e-07
4.868750000000000000e+01,-6.555386003462490258e-07
4.870833333333332860e+01,-6.611893882819255562e-07
4.872916666666666430e+01,-6.667861271752893227e-07
4.875000000000000000e+01,-6.723243533017076721e-07
4.877083333333332860e+01,-6.777996420421151857e-07
4.879166666666666430e+01,-6.832076134991905673e-07
4.881250000000000000e+01,-6.885439354367499642e-07
4.883333333333332860e+01,-6.938043283932675064e-07
4.885416666666666430e+01,-6.989845687797109041e-07
4.887500000000000000e+01,-7.040804944204066261e-07
4.889583333333332860e+01,-7.090880084487750282e-07
4.891666666666666430e+01,-7.140030830504037819e-07
4.893750000000000000e+01,-7.188217655064210648e-07
4.895833333333332860e+01,-7.235401816749929329e-07
4.897916666666666430e+01,-7.281545404994902700e-07
4.900000000000000000e+01,-7.326611390146040655e-07
4.902083333333332860e+01,-7.370563668059988696e-07
4.904166666666666430e+01,-7.413367101839857964e-07
4.906250000000000000e+01,-7.454987561591740467e-07
4.908333333333332860e+01,-7.495391972888507014e-07
4.910416666666666430e+01,-7.534548348729050650e-07
4.912500000000000000e+01,-7.572425827271428639e-07
4.914583333333332860e+01,-7.608994708314230571e-07
4.916666666666666430e+01,-7.644226476788037653e-07
4.918750000000000000e+01,-7.678093830777816886e-07
4.920833333333332860e+01,-7.710570703094565352e-07
4.922916666666666430e+01,-7.741632278841828046e-07
4.925000000000000000e+01,-7.771255002395195359e-07
4.927083333333332860e+01,-7.799416588914083287e-07
4.929166666666666430e+01,-7.826096022344514441e-07
4.931250000000000000e+01,-7.851273555130538158e-07
4.933333333333332860e+01,-7.874930703426176657e-07
4.935416666666666430e+01,-7.897050230905939262e-07
4.937500000000000000e+01,-7.917616138103718444e-07
4.939583333333332860e+01,-7.936613641469861028e-07
4.941666666666666430e+01,-7.954029156971460483e-07
4.943750000000000000e+01,-7.969850276079185684e-07
4.945833333333332860e+01,-7.984065744352902054e-07
4.947916666666666430e+01,-7.996665436500488904e-07
4.950000000000000000e+01,-8.007640336154665242e-07
4.952083333333332860e+01,-8.016982508925978044e-07
4.954166666666666430e+01,-8.024685089079042811e-07
4.956250000000000000e+01,-8.030742250588468504e-07
4.958333333333332860e+01,-8.035149199260069405e-07
4.960416666666666430e+01,-8.037902149256148491e-07
4.962500000000000000e+01,-8.038998313886294773e-07
4.964583333333332860e+01,-8.038435893527601846e-07
4.966666666666666430e+01,-8.036214068705266340e-07
4.968750000000000000e+01,-8.032332986881927488e-07
4.970833333333332860e+01,-8.026793764014431107e-07
4.972916666666666430e+01,-8.019598473811267529e-07
4.975000000000000000e+01,-8.010750152465872188e-07
4.977083333333332860e+01,-8.000252788587882505e-07
4.979166666666666430e+01,-7.988111327113486661e-07
4.981250000000000000e+01,-7.974331667838231246e-07
4.983333333333332860e+01,-7.958920662009350536e-07
4.985416666666666430e+01,-7.941886115718037097e-07
4.987500000000000000e+01,-7.923236785483738331e-07
4.989583333333332860e+01,-7.902982381291114754e-07
4.991666666666666430e+01,-7.881133558601295341e-07
4.993750000000000000e+01,-7.857701924634566541e-07
4.995833333333332860e+01,-7.832700031643490711e-07
4.997916666666666430e+01,-7.806141374554627697e-07
5.000000000000000000e+01,-7.778040388321157706e-07
5.002083333333332860e+01,-7.748412443725262364e-07
5.004166666666666430e+01,-7.717273845138904181e-07
5.006250000000000000e+01,-7.684641823041946413e-07
5.008333333333332860e+01,-7.650534527784404443e-07
5.010416666666666430e+01,-7.614971024279790722e-07
5.012500000000000000e+01,-7.577971287102979345e-07
5.014583333333332860e+01,-7.539556191657537062e-07
5.016666666666666430e+01,-7.499747502577960759e-07
5.018750000000000000e+01,-7.458567868967650815e-07
5.020833333333332860e+01,-7.416040811864158620e-07
5.022916666666666430e+01,-7.372190711048967172e-07
5.025000000000000000e+01,-7.327042807591266546e-07
5.027083333333332860e+01,-7.280623168337060018e-07
5.029166666666666430e+01,-7.232958692290390539e-07
5.031250000000000000e+01,-7.184077085718541602e-07
5.033333333333332860e+01,-7.134006855729559213e-07
5.035416666666666430e+01,-7.082777289469912562e-07
5.037500000000000000e+01,-7.030418438977465463e-07
5.039583333333332860e+01,-6.976961103313324798e-07
5.041666666666666430e+01,-6.922436814370881340e-07
5.043750000000000000e+01,-6.866877820203640131e-07
5.045833333333332860e+01,-6.810317057261441355e-07
5.047916666666666430e+01,-6.752788144052451605e-07
5.050000000000000000e+01,-6.694325349197608506e-07
5.052083333333332860e+01,-6.634963580278104235e-07
5.054166666666666430e+01,-6.574738356911351688e-07
5.056250000000000000e+01,-6.513685794655735346e-07
5.058333333333332860e+01,-6.451842576915311924e-07
5.060416666666666430e+01,-6.389245937653275054e-07
5.062500000000000000e+01,-6.325933638956199734e-07
5.064583333333332860e+01,-6.261943941867287593e-07
5.066666666666666430e+01,-6.197315588739086591e-07
5.068750000000000000e+01,-6.132087778384481430e-07
5.070833333333332860e+01,-6.066300136634382058e-07
5.072916666666666430e+01,-5.999992698605267855e-07
5.075000000000000000e+01,-5.933205876362257500e-07
5.077083333333332860e+01,-5.865980437897094830e-07
5.079166666666666430e+01,-5.798357483316889078e-07
5.081250000000000000e+01,-5.730378409364398170e-07
5.083333333333332860e+01,-5.662084893265471465e-07
5.085416666666666430e+01,-5.593518858234874939e-07
5.087500000000000000e+01,-5.524722452306102397e-07
5.089583333333332860e+01,-5.455738019374016797e-07
5.091666666666666430e+01,-5.386608065140807527e-07
5.093750000000000000e+01,-5.317375239738517624e-07
5.095833333333332860e+01,-5.248082303867241522e-07
5.097916666666666430e+01,-5.178772100580231001e-07
5.100000000000000000e+01,-5.109487531490481349e-07
5.102083333333332860e+01,-5.040271522709786376e-07
5.104166666666666430e+01,-4.971167002620613935e-07
5.106250000000000000e+01,-4.902216864813318520e-07
5.108333333333332860e+01,-4.833463952983410407e-07
5.110416666666666430e+01,-4.764951018311643428e-07
5.112500000000000000e+01,-4.696720700817296145e-07
5.114583333333332860e+01,-4.628815495069439585e-07
5.116666666666666430e+01,-4.561277726377379484e-07
5.118750000000000000e+01,-4.494149517547534313e-07
5.120833333333332860e+01,-4.427472764200259924e-07
5.122916666666666430e+01,-4.361289104504498367e-07
5.125000000000000000e+01,-4.295639893455825148e-07
5.127083333333332860e+01,-4.230566170038006250e-07
5.129166666666666430e+01,-4.166108634289778543e-07
5.131250000000000000e+01,-4.102307618588052717e-07
5.133333333333332860e+01,-4.039203055553982076e-07
5.135416666666666430e+01,-3.976834455018227120e-07
5.137500000000000000e+01,-3.915240878149417843e-07
5.139583333333332860e+01,-3.854460906034249000e-07
5.141666666666666430e+01,-3.794532614203578318e-07
5.143750000000000000e+01,-3.735493549549173556e-07
5.145833333333332860e+01,-3.677380699072556855e-07
5.147916666666666430e+01,-3.620230470003973614e-07
5.150000000000000000e+01,-3.564078657109530652e-07
5.152083333333332860e+01,-3.508960422967059943e-07
5.154166666666666430e+01,-3.454910273010710039e-07
5.156250000000000000e+01,-3.401962027858050938e-07
5.158333333333332860e+01,-3.350148801496099478e-07
5.160416666666666430e+01,-3.299502977054437455e-07
5.162500000000000000e+01,-3.250056184927867315e-07
5.164583333333332860e+01,-3.201839280917660214e-07
5.166666666666666430e+01,-3.154882314825818975e-07
5.168750000000000000e+01,-3.109214523833420786e-07
5.170833333333332860e+01,-3.064864301572447386e-07
5.172916666666666430e+01,-3.021859175668311067e-07
5.175000000000000000e+01,-2.980225795769233545e-07
5.177083333333332860e+01,-2.939989905140880138e-07
5.179166666666666430e+01,-2.901176329745381331e-07
5.181250000000000000e+01,-2.863808955019972706e-07
5.183333333333332860e+01,-2.827910705013833357e-07
5.185416666666666430e+01,-2.793503533293848354e-07
5.187500000000000000e+01,-2.760608400497749132e-07
5.189583333333332860e+01,-2.729245257066244128e-07
5.191666666666666430e+01,-2.699433036536568718e-07
5.193750000000000000e+01,-2.671189627455562485e-07
5.195833333333332860e+01,-2.644531873334249731e-07
5.197916666666666430e+01,-2.619475548900359705e-07
5.200000000000000000e+01,-2.596035352896367559e-07
5.202083333333332860e+01,-2.574224892528738654e-07
5.204166666666666430e+01,-2.554056677282644099e-07
5.206250000000000000e+01,-2.535542105001315725e-07
5.208333333333332860e+01,-2.518691451146082299e-07
5.210416666666666430e+01,-2.503513862541007920e-07
5.212500000000000000e+01,-2.490017348853053466e-07
5.214583333333332860e+01,-2.478208771727525912e-07
5.216666666666666430e+01,-2.468093844742005561e-07
5.218750000000000000e+01,-2.459677121778234336e-07
5.220833333333332860e+01,-2.452961993792741252e-07
5.222916666666666430e+01,-2.447950684057107007e-07
5.225000000000000000e+01,-2.444644245872754848e-07
5.227083333333332860e+01,-2.443042562227893758e-07
5.229166666666666430e+01,-2.443144335374510695e-07
5.231250000000000000e+01,-2.444947096478960008e-07
5.233333333333332860e+01,-2.448447197786659861e-07
5.235416666666666430e+01,-2.453639817821498627e-07
5.237500000000000000e+01,-2.460518960282862998e-07
5.239583333333332860e+01,-2.469077455772712222e-07
5.241666666666666430e+01,-2.479306967474136744e-07
5.243750000000000000e+01,-2.491197992284388124e-07
5.245833333333332860e+01,-2.504739870793706955e-07
5.247916666666666430e+01,-2.519920785913526533e-07
5.250000000000000000e+01,-2.536727771175511625e-07
5.252083333333332860e+01,-2.555146722922858676e-07
5.254166666666666430e+01,-2.575162402413228746e-07
5.256250000000000000e+01,-2.596758446885012205e-07
5.258333333333332860e+01,-2.619917382934384546e-07
5.260416666666666430e+01,-2.644620627267770750e-07
5.262500000000000000e+01,-2.670848507551196527e-07
5.264583333333332860e+01,-2.698580272019530352e-07
5.266666666666666430e+01,-2.727794100068922693e-07
5.268750000000000000e+01,-2.758467115013731007e-07
5.270833333333332860e+01,-2.790575401506963550e-07
5.272916666666666430e+01,-2.824094025731714197e-07
5.275000000000000000e+01,-2.858997033932582536e-07
5.277083333333332860e+01,-2.895257488631456914e-07
5.279166666666666430e+01,-2.932847476316300377e-07
5.281250000000000000e+01,-2.971738125182644320e-07
5.283333333333332860e+01,-3.011899626433225096e-07
5.285416666666666430e+01,-3.053301253124876846e-07
5.287500000000000000e+01,-3.095911380719616497e-07
5.289583333333332860e+01,-3.139697502984793143e-07
5.291666666666666430e+01,-3.184626264261882314e-07
5.293750000000000000e+01,-3.230663468709134798e-07
5.295833333333332860e+01,-3.277774113907825871e-07
5.297916666666666430e+01,-3.325922408335733969e-07
5.300000000000000000e+01,-3.375071793202665390e-07
5.302083333333332860e+01,-3.425184973484162295e-07
5.304166666666666430e+01,-3.476223937103333013e-07
5.306250000000000000e+01,-3.528149984777886464e-07
5.308333333333332860e+01,-3.580923750076353519e-07
5.310416666666666430e+01,-3.634505232619768946e-07
5.312500000000000000e+01,-3.688853823244519934e-07
5.314583333333332860e+01,-3.743928325856894635e-07
5.316666666666666430e+01,-3.799686994046019360e-07
5.318750000000000000e+01,-3.856087552694352580e-07
5.320833333333332860e+01,-3.913087228156401039e-07
5.322916666666666430e+01,-3.970642779586498008e-07
5.325000000000000000e+01,-4.028710522597051305e-07
5.327083333333332860e+01,-4.087246368940048469e-07
5.329166666666666430e+01,-4.146205845574485727e-07
5.331250000000000000e+01,-4.205544132272514862e-07
5.333333333333332860e+01,-4.265216088886674688e-07
5.335416666666666430e+01,-4.325176289329185240e-07
5.337500000000000000e+01,-4.385379046729957097e-07
5.339583333333332860e+01,-4.445778449241938790e-07
5.341666666666666430e+01,-4.506328396877625704e-07
5.343750000000000000e+01,-4.566982621359916708e-07
5.345833333333332860e+01,-4.627694725809669791e-07
5.347916666666666430e+01,-4.688418221372099141e-07
5.350000000000000000e+01,-4.749106548639585173e-07
5.352083333333332860e+01,-4.809713121615229820e-07
5.354166666666666430e+01,-4.870191352650635174e-07
5.356250000000000000e+01,-4.930494694605193898e-07
5.358333333333332860e+01,-4.990576665004718261e-07
5.360416666666666430e+01,-5.050390890749164168e-07
5.362500000000000000e+01,-5.109891133577786273e-07
5.364583333333332860e+01,-5.169031334535384041e-07
5.366666666666666430e+01,-5.227765643718201503e-07
5.368750000000000000e+01,-5.286048456776874578e-07
5.370833333333332860e+01,-5.343834456026974008e-07
5.372916666666666430e+01,-5.401078645705540523e-07
5.375000000000000000e+01,-5.457736389233245805e-07
5.377083333333332860e+01,-5.513763452951260593e-07
5.379166666666666430e+01,-5.569116041842157665e-07
5.381250000000000000e+01,-5.623750839821826009e-07
5.383333333333332860e+01,-5.677625059897002196e-07
5.385416666666666430e+01,-5.730696476202736236e-07
5.387500000000000000e+01,-5.782923471923689272e-07
5.389583333333332860e+01,-5.834265082900197557e-07
5.391666666666666430e+01,-5.884681045701326680e-07
5.393750000000000000e+01,-5.934131839162302154e-07
5.395833333333332860e+01,-5.982578728489602862e-07
5.397916666666666430e+01,-6.029983815014410065e-07
5.400000000000000000e+01,-6.076310077476689371e-07
5.402083333333332860e+01,-6.121521423883734738e-07
5.404166666666666430e+01,-6.165582722265546204e-07
5.406250000000000000e+01,-6.208459855237524448e-07
5.408333333333332860e+01,-6.250119756795173329e-07
5.410416666666666430e+01,-6.290530452436405231e-07
5.412500000000000000e+01,-6.329661088520219708e-07
5.414583333333332860e+01,-6.367481974165761025e-07
5.416666666666666430e+01,-6.403964604832417331e-07
5.418750000000000000e+01,-6.439081686651079240e-07
5.420833333333332860e+01,-6.472807162972725257e-07
5.422916666666666430e+01,-6.505116224735280257e-07
5.425000000000000000e+01,-6.535985324078808258e-07
5.427083333333332860e+01,-6.565392184132710247e-07
5.429166666666666430e+01,-6.593315794721745714e-07
5.431250000000000000e+01,-6.619736416574869487e-07
5.433333333333332860e+01,-6.644635567877018801e-07
5.435416666666666430e+01,-6.667996015984046869e-07
5.437500000000000000e+01,-6.689801766296951477e-07
5.439583333333332860e+01,-6.710038035500265000e-07
5.441666666666666430e+01,-6.728691241695535113e-07
5.443750000000000000e+01,-6.745748979422846218e-07
5.445833333333332860e+01,-6.761199993801606604e-07
5.447916666666666430e+01,-6.775034157736630313e-07
5.450000000000000000e+01,-6.787242454221897276e-07
5.452083333333332860e+01,-6.797816946946628576e-07
5.454166666666666430e+01,-6.806750770828732934e-07
5.456250000000000000e+01,-6.814038095775818143e-07
5.458333333333332860e+01,-6.819674125503453046e-07
5.460416666666666430e+01,-6.823655071373418881e-07
5.462500000000000000e+01,-6.825978145499040025e-07
5.464583333333332860e+01,-6.826641545166516971e-07
5.466666666666666430e+01,-6.825644444886188098e-07
5.468750000000000000e+01,-6.822986993448921828e-07
5.470833333333332860e+01,-6.818670301605045148e-07
5.472916666666666430e+01,-6.812696444234988356e-07
5.475000000000000000e+01,-6.805068452230408616e-07
5.477083333333332860e+01,-6.795790312577619528e-07
5.479166666666666430e+01,-6.784866969749309667e-07
5.481250000000000000e+01,-6.772304320266252254e-07
5.483333333333332860e+01,-6.758109214475784234e-07
5.485416666666666430e+01,-6.742289455064962755e-07
5.487500000000000000e+01,-6.724853800188586905e-07
5.489583333333332860e+01,-6.705811955218391652e-07
5.491666666666666430e+01,-6.685174578654564897e-07
5.493750000000000000e+01,-6.662953274571216257e-07
5.495833333333332860e+01,-6.639160596337410808e-07
5.497916666666666430e+01,-6.613810034995571053e-07
5.500000000000000000e+01,-6.586916029447195285e-07
5.502083333333332860e+01,-6.558493947801962891e-07
5.504166666666666430e+01,-6.528560094736899533e-07
5.506250000000000000e+01,-6.497131700445875203e-07
5.508333333333332860e+01,-6.464226915721329652e-07
5.510416666666666430e+01,-6.429864807166635706e-07
5.512500000000000000e+01,-6.394065349555123044e-07
5.514583333333332860e+01,-6.356849415039736074e-07
5.516666666666666430e+01,-6.318238773230590385e-07
5.518750000000000000e+01,-6.278256070780896386e-07
5.520833333333332860e+01,-6.236924831317100258e-07
5.522916666666666430e+01,-6.194269438273013778e-07
5.525000000000000000e+01,-6.150315126521995945e-07
5.527083333333332860e+01,-6.105087969456365345e-07
5.529166666666666430e+01,-6.058614864160183700e-07
5.531250000000000000e+01,-6.010923521410317796e-07
5.533333333333332860e+01,-5.962042445465934790e-07
5.535416666666666430e+01,-5.912000926789289517e-07
5.537500000000000000e+01,-5.860829016755716736e-07
5.539583333333332860e+01,-5.808557518182893277e-07
5.541666666666666430e+01,-5.755217964193175307e-07
5.543750000000000000e+01,-5.700842600496727928e-07
5.545833333333332860e+01,-5.645464368880679332e-07
5.547916666666666430e+01,-5.589116885707731536e-07
5.550000000000000000e+01,-5.531834423016226353e-07
5.552083333333332860e+01,-5.473651888238088641e-07
5.554166666666666430e+01,-5.414604804704726186e-07
5.556250000000000000e+01,-5.354729286402741604e-07
5.558333333333332860e+01,-5.294062020873304873e-07
5.560416666666666430e+01,-5.232640242224205558e-07
5.562500000000000000e+01,-5.170501711645608985e-07
5.564583333333332860e+01,-5.107684695189773171e-07
5.566666666666666430e+01,-5.044227934345605988e-07
5.568750000000000000e+01,-4.980170630501596985e-07
5.570833333333332860e+01,-4.915552409933161002e-07
5.572916666666666430e+01,-4.850413308398741570e-07
5.575000000000000000e+01,-4.784793741722758997e-07
5.577083333333332860e+01,-4.718734477905290864e-07
5.579166666666666430e+01,-4.652276617123305448e-07
5.581250000000000000e+01,-4.585461560295799444e-07
5.583333333333332860e+01,-4.518330984115831077e-07
5.585416666666666430e+01,-4.450926814220914017e-07
5.587500000000000000e+01,-4.383291198488123139e-07
5.589583333333332860e+01,-4.315466482345244574e-07
5.591666666666666430e+01,-4.247495173569981126e-07
5.593750000000000000e+01,-4.179419923225225337e-07
5.595833333333332860e+01,-4.111283493721544563e-07
5.597916666666666430e+01,-4.043128728312103595e-07
5.600000000000000000e+01,-3.974998533736333289e-07
5.602083333333332860e+01,-3.906935832744943545e-07
5.604166666666666430e+01,-3.838983554356702366e-07
5.606250000000000000e+01,-3.771184599325125475e-07
5.608333333333332860e+01,-3.703581807733005866e-07
5.610416666666666430e+01,-3.636217935159620883e-07
5.612500000000000000e+01,-3.569135619444829609e-07
5.614583333333332860e+01,-3.502377358016995661e-07
5.616666666666666430e+01,-3.435985478559679832e-07
5.618750000000000000e+01,-3.370002102849815162e-07
5.620833333333332860e+01,-3.304469129019066195e-07
5.622916666666666430e+01,-3.239428198049070702e-07
5.625000000000000000e+01,-3.174920662830803660e-07
5.627083333333332860e+01,-3.110987564687251766e-07
5.629166666666666430e+01,-3.047669607713753084e-07
5.631250000000000000e+01,-2.985007119996962012e-07
5.633333333333332860e+01,-2.923040040116045724e-07
5.635416666666666430e+01,-2.861807877858780503e-07
5.637500000000000000e+01,-2.801349693559271952e-07
5.639583333333332860e+01,-2.741704071001204789e-07
5.641666666666666430e+01,-2.682909086255459420e-07
5.643750000000000000e+01,-2.625002288070286478e-07
5.645833333333332860e+01,-2.568020664353404713e-07
5.647916666666666430e+01,-2.512000622895568756e-07
5.650000000000000000e+01,-2.456977959151619562e-07
5.652083333333332860e+01,-2.402987838047184968e-07
5.654166666666666430e+01,-2.350064764473664462e-07
5.656250000000000000e+01,-2.298242560148876192e-07
5.658333333333332860e+01,-2.247554340770446768e-07
5.660416666666666430e+01,-2.198032491023618964e-07
5.662500000000000000e+01,-2.149708640989585774e-07
5.664583333333332860e+01,-2.102613645761174557e-07
5.666666666666666430e+01,-2.056777561414384471e-07
5.668750000000000000e+01,-2.012229620786637339e-07
5.670833333333332860e+01,-1.968998219963513650e-07
5.672916666666666430e+01,-1.927110889055832387e-07
5.675000000000000000e+01,-1.886594275233780674e-07
5.677083333333332860e+01,-1.847474126110579778e-07
5.679166666666666430e+01,-1.809775266692103928e-07
5.681250000000000000e+01,-1.773521582119829946e-07
5.683333333333332860e+01,-1.738735997734799019e-07
5.685416666666666430e+01,-1.705440469061738231e-07
5.687500000000000000e+01,-1.673655957566914087e-07
5.689583333333332860e+01,-1.643402414048765097e-07
5.691666666666666430e+01,-1.614698770238035910e-07
5.693750000000000000e+01,-1.587562918559006335e-07
5.695833333333332860e+01,-1.562011700479158778e-07
5.697916666666666430e+01,-1.538060893417049754e-07
5.700000000000000000e+01,-1.515725194787059432e-07
5.702083333333332860e+01,-1.495018213986522418e-07
5.704166666666666430e+01,-1.475952460955620567e-07
5.706250000000000000e+01,-1.458539333837266762e-07
5.708333333333332860e+01,-1.442789107175254565e-07
5.710416666666666430e+01,-1.428710929573180388e-07
5.712500000000000000e+01,-1.416312809961096766e-07
5.714583333333332860e+01,-1.405601612735159494e-07
5.716666666666666430e+01,-1.396583050539790938e-07
5.718750000000000000e+01,-1.389261676996954899e-07
5.720833333333332860e+01,-1.383640882746140991e-07
5.722916666666666430e+01,-1.379722893688745129e-07
5.725000000000000000e+01,-1.377508762260631152e-07
5.727083333333332860e+01,-1.376998371529258295e-07
5.729166666666666430e+01,-1.378190422595291927e-07
5.731250000000000000e+01,-1.381082449765985413e-07
5.733333333333332860e+01,-1.385670804045057968e-07
5.735416666666666430e+01,-1.391950663961001061e-07
5.737500000000000000e+01,-1.399916032749738042e-07
5.739583333333332860e+01,-1.409559741744201179e-07
5.741666666666666430e+01,-1.420873455792058686e-07
5.743750000000000000e+01,-1.433847670242635350e-07
5.745833333333332860e+01,-1.448471725282062670e-07
5.747916666666666430e+01,-1.464733803342222796e-07
5.750000000000000000e+01,-1.482620941062927662e-07
5.752083333333332860e+01,-1.502119031507640172e-07
5.754166666666666430e+01,-1.523212838605635562e-07
5.756250000000000000e+01,-1.545885998378894483e-07
5.758333333333332860e+01,-1.570121036873880748e-07
5.760416666666666430e+01,-1.595899371504301114e-07
5.762500000000000000e+01,-1.623201330635247113e-07
5.764583333333332860e+01,-1.652006159312318647e-07
5.766666666666666430e+01,-1.682292038566301340e-07
5.768750000000000000e+01,-1.714036091628465064e-07
5.770833333333332860e+01,-1.747214406927009250e-07
5.772916666666666430e+01,-1.781802041018130925e-07
5.775000000000000000e+01,-1.817773050680711891e-07
5.777083333333332860e+01,-1.855100491316383868e-07
5.779166666666666430e+01,-1.893756451466796603e-07
5.781250000000000000e+01,-1.933712060286326760e-07
5.783333333333332860e+01,-1.974937505954536546e-07
5.785416666666666430e+01,-2.017402062111475638e-07
5.787500000000000000e+01,-2.061074104556409515e-07
5.789583333333332860e+01,-2.105921129025583591e-07
5.791666666666666430e+01,-2.151909775415139935e-07
5.793750000000000000e+01,-2.199005852569994923e-07
5.795833333333332860e+01,-2.247174353957429543e-07
5.797916666666666430e+01,-2.296379488790118867e-07
5.800000000000000000e+01,-2.346584697294971102e-07
5.802083333333332860e+01,-2.397752686310147509e-07
5.804166666666666430e+01,-2.449845442177624629e-07
5.806250000000000000e+01,-2.502824263197543032e-07
5.808333333333332860e+01,-2.556649786077548280e-07
5.810416666666666430e+01,-2.611282011407384370e-07
5.812500000000000000e+01,-2.666680323629710876e-07
5.814583333333332860e+01,-2.722803533795869729e-07
5.816666666666666430e+01,-2.779609888701005325e-07
5.818750000000000000e+01,-2.837057116168949921e-07
5.820833333333332860e+01,-2.895102441949304331e-07
5.822916666666666430e+01,-2.953702623811315551e-07
5.825000000000000000e+01,-3.012813979839984334e-07
5.827083333333332860e+01,-3.072392418149271063e-07
5.829166666666666430e+01,-3.132393467568554649e-07
5.831250000000000000e+01,-3.192772304542930399e-07
5.833333333333332860e+01,-3.253483791177705423e-07
5.835416666666666430e+01,-3.314482498424737074e-07
5.837500000000000000e+01,-3.375722739776773085e-07
5.839583333333332860e+01,-3.437158604799284714e-07
5.841666666666666430e+01,-3.498743989072627747e-07
5.843750000000000000e+01,-3.560432623322274760e-07
5.845833333333332860e+01,-3.622178114748926456e-07
5.847916666666666430e+01,-3.683933966773457410e-07
5.850000000000000000e+01,-3.745653623316226192e-07
5.852083333333332860e+01,-3.807290493079767193e-07
5.854166666666666430e+01,-3.868797989033998028e-07
5.856250000000000000e+01,-3.930129560624577472e-07
5.858333333333332860e+01,-3.991238723772245944e-07
5.860416666666666430e+01,-4.052079102721706935e-07
5.862500000000000000e+01,-4.112604455951250486e-07
5.864583333333332860e+01,-4.172768723141804256e-07
5.866666666666666430e+01,-4.232526046278982755e-07
5.868750000000000000e+01,-4.291830822222211505e-07
5.870833333333332860e+01,-4.350637724590100698e-07
5.872916666666666430e+01,-4.408901755444107586e-07
5.875000000000000000e+01,-4.466578270408132862e-07
5.877083333333332860e+01,-4.523623031765607340e-07
5.879166666666666430e+01,-4.579992236245390828e-07
5.881250000000000000e+01,-4.635642564202222929e-07
5.883333333333332860e+01,-4.690531217160476402e-07
5.885416666666666430e+01,-4.744615962121797356e-07
5.887500000000000000e+01,-4.797855174958086451e-07
5.889583333333332860e+01,-4.850207885171519801e-07
5.891666666666666430e+01,-4.901633816014931560e-07
5.893750000000000000e+01,-4.952093439765397827e-07
5.895833333333332860e+01,-5.001548009747449057e-07
5.897916666666666430e+01,-5.049959619728769451e-07
5.900000000000000000e+01,-5.097291236532606550e-07
5.902083333333332860e+01,-5.143506757908440738e-07
5.904166666666666430e+01,-5.188571044367390338e-07
5.906250000000000000e+01,-5.232449969314939740e-07
5.908333333333332860e+01,-5.275110459658332048e-07
5.910416666666666430e+01,-5.316520530324959512e-07
5.912500000000000000e+01,-5.356649323182014435e-07
5.914583333333332860e+01,-5.395467139527047792e-07
5.916666666666666430e+01,-5.432945472401752062e-07
5.918750000000000000e+01,-5.469057023852610162e-07
5.920833333333332860e+01,-5.503775735930995830e-07
5.922916666666666430e+01,-5.537076798029481623e-07
5.925000000000000000e+01,-5.568936665368854971e-07
5.927083333333332860e+01,-5.599333063352456219e-07
5.929166666666666430e+01,-5.628244986191991544e-07
5.931250000000000000e+01,-5.655652701134961109e-07
5.933333333333332860e+01,-5.681537732166435427e-07
5.935416666666666430e+01,-5.705882859114391639e-07
5.937500000000000000e+01,-5.728672093143730037e-07
5.939583333333332860e+01,-5.749890666752126736e-07
5.941666666666666430e+01,-5.769525007828413007e-07
5.943750000000000000e+01,-5.787562723210946841e-07
5.945833333333332860e+01,-5.803992569959961155e-07
5.947916666666666430e+01,-5.818804438002072574e-07
5.950000000000000000e+01,-5.831989320144257368e-07
5.952083333333332860e+01,-5.843539296317330803e-07
5.954166666666666430e+01,-5.853447511016784188e-07
5.956250000000000000e+01,-5.861708149601516582e-07
5.958333333333332860e+01,-5.868316425851564544e-07
5.960416666666666430e+01,-5.873268562198102207e-07
5.962500000000000000e+01,-5.876561781939729423e-07
5.964583333333332860e+01,-5.878194290843429604e-07
5.966666666666666430e+01,-5.878165275011191244e-07
5.968750000000000000e+01,-5.876474888756882749e-07
5.970833333333332860e+01,-5.873124250244336629e-07
5.972916666666666430e+01,-5.868115439626143885e-07
5.975000000000000000e+01,-5.861451495014810619e-07
5.977083333333332860e+01,-5.853136408707714298e-07
5.979166666666666430e+01,-5.843175127686732492e-07
5.981250000000000000e+01,-5.831573552497147122e-07
5.983333333333332860e+01,-5.818338538377214778e-07
5.985416666666666430e+01,-5.803477888940592652e-07
5.987500000000000000e+01,-5.787000365785166063e-07
5.989583333333332860e+01,-5.768915675262804623e-07
5.991666666666666430e+01,-5.749234477025440813e-07
5.993750000000000000e+01,-5.727968377447999962e-07
5.995833333333332860e+01,-5.705129929166685768e-07
5.997916666666666430e+01,-5.680732626666092168e-07
