0.000000000000000000e+00,0.000000000000000000e+00
2.083333333333333218e-02,0.000000000000000000e+00
4.166666666666666435e-02,-5.673834735279655039e-02
6.250000000000000000e-02,-1.144611932839034868e-01
8.333333333333332871e-02,-1.165146738442508073e-01
1.041666666666666574e-01,-9.086242016238134378e-02
1.250000000000000000e-01,-8.227196578360662649e-02
1.458333333333333148e-01,-8.205462741244946845e-02
1.666666666666666574e-01,-6.145596489935298279e-02
1.875000000000000000e-01,-2.500549874981867343e-02
2.083333333333333148e-01,3.055013137928166804e-03
2.291666666666666574e-01,1.783693819053294716e-02
2.500000000000000000e-01,3.186998052648031682e-02
2.708333333333333148e-01,4.841770193693654273e-02
2.916666666666666297e-01,5.813382093203696421e-02
3.125000000000000000e-01,5.662449891652673872e-02
3.333333333333333148e-01,4.979002632682115459e-02
3.541666666666666297e-01,4.269931312069655260e-02
3.750000000000000000e-01,3.378598942016523832e-02
3.958333333333333148e-01,2.116749040945669486e-02
4.166666666666666297e-01,7.509636033459209450e-03
4.375000000000000000e-01,-3.592833894207000684e-03
4.583333333333333148e-01,-1.172851755557898640e-02
4.791666666666666297e-01,-1.805725466422032285e-02
5.000000000000000000e-01,-2.229118109112966650e-02
5.208333333333332593e-01,-2.326730736137196109e-02
5.416666666666666297e-01,-2.107458873033858648e-02
5.625000000000000000e-01,-1.698047829814113355e-02
5.833333333333332593e-01,-1.188229781669954133e-02
6.041666666666666297e-01,-5.977984968729956917e-03
6.250000000000000000e-01,3.447433280162550567e-04
6.458333333333332593e-01,6.223276061777702553e-03
6.666666666666666297e-01,1.095567659943486385e-02
6.875000000000000000e-01,1.436866982311413819e-02
7.083333333333332593e-01,1.648729381331261526e-02
7.291666666666666297e-01,1.723737635442952956e-02
7.500000000000000000e-01,1.660644930140792175e-02
7.708333333333332593e-01,1.484559987419464475e-02
7.916666666666666297e-01,1.235340670147517389e-02
8.125000000000000000e-01,9.467560488003408381e-03
8.333333333333332593e-01,6.454149573478815821e-03
8.541666666666666297e-01,3.598059134043800605e-03
8.750000000000000000e-01,1.184239964533681348e-03
8.958333333333332593e-01,-5.990149929808583811e-04
9.166666666666666297e-01,-1.684592072440457226e-03
9.375000000000000000e-01,-2.072928880780495770e-03
9.583333333333332593e-01,-1.802162744644402077e-03
9.791666666666666297e-01,-9.660858860463250597e-04
1.000000000000000000e+00,2.826564082287552149e-04
1.020833333333333259e+00,1.768832439008253925e-03
1.041666666666666519e+00,3.329370605420954587e-03
1.062500000000000000e+00,4.819857837976407322e-03
1.083333333333333259e+00,6.113717788630588200e-03
1.104166666666666519e+00,7.114392691263016211e-03
1.125000000000000000e+00,7.768996481955860872e-03
1.145833333333333259e+00,8.067292626389697269e-03
1.166666666666666519e+00,8.031295605515633221e-03
1.187500000000000000e+00,7.708250468656344459e-03
1.208333333333333259e+00,7.166839690403114388e-03
1.229166666666666519e+00,6.489291206749696686e-03
1.250000000000000000e+00,5.759603550467604950e-03
1.270833333333333259e+00,5.054235826418231395e-03
1.291666666666666519e+00,4.437369094741929615e-03
1.312500000000000000e+00,3.957636082036979260e-03
1.333333333333333259e+00,3.644847558461407431e-03
1.354166666666666519e+00,3.508747617966937599e-03
1.375000000000000000e+00,3.541040112671676749e-03
1.395833333333333259e+00,3.719149667394025614e-03
1.416666666666666519e+00,4.010035541079486239e-03
1.437500000000000000e+00,4.374130223050964363e-03
1.458333333333333259e+00,4.769852285935199769e-03
1.479166666666666519e+00,5.158053844302541192e-03
1.500000000000000000e+00,5.505405888736986456e-03
1.520833333333333259e+00,5.786537477211816521e-03
1.541666666666666519e+00,5.985291678574971609e-03
1.562500000000000000e+00,6.095170762980159536e-03
1.583333333333333259e+00,6.118773941880345513e-03
1.604166666666666519e+00,6.066311743827317027e-03
1.625000000000000000e+00,5.953612985004219302e-03
1.645833333333333259e+00,5.799969656167927590e-03
1.666666666666666519e+00,5.625949516385715318e-03
1.687500000000000000e+00,5.451303042700255883e-03
1.708333333333333259e+00,5.293194858740885890e-03
1.729166666666666519e+00,5.164945758619388441e-03
1.750000000000000000e+00,5.075315437630924936e-03
1.770833333333333259e+00,5.028276121918193349e-03
1.791666666666666519e+00,5.023241026684251501e-03
1.812500000000000000e+00,5.055700921776205489e-03
1.833333333333333259e+00,5.118158948336145979e-03
1.854166666666666519e+00,5.201216317869622810e-03
1.875000000000000000e+00,5.294683420451188303e-03
1.895833333333333259e+00,5.388623938911136710e-03
1.916666666666666519e+00,5.474249575664533012e-03
1.937500000000000000e+00,5.544592911216081853e-03
1.958333333333333259e+00,5.594918769007244976e-03
1.979166666666666519e+00,5.622874289732323998e-03
2.000000000000000000e+00,5.628402053475883675e-03
2.020833333333333037e+00,5.613452363816287538e-03
2.041666666666666519e+00,5.581543643726425037e-03
2.062500000000000000e+00,5.537232342772356077e-03
2.083333333333333037e+00,5.485555900014235479e-03
2.104166666666666519e+00,5.431503780981185824e-03
2.125000000000000000e+00,5.379560303521851126e-03
2.145833333333333037e+00,5.333352328768243070e-03
2.166666666666666519e+00,5.295422290465852042e-03
2.187500000000000000e+00,5.267131876884250524e-03
2.208333333333333037e+00,5.248687747491358017e-03
2.229166666666666519e+00,5.239270832500505896e-03
2.250000000000000000e+00,5.237244333337614730e-03
2.270833333333333037e+00,5.240411303013546920e-03
2.291666666666666519e+00,5.246291240130603051e-03
2.312500000000000000e+00,5.252387275477062890e-03
2.333333333333333037e+00,5.256420452488291123e-03
2.354166666666666519e+00,5.256513766215822545e-03
2.375000000000000000e+00,5.251315271469636156e-03
2.395833333333333037e+00,5.240056506926955154e-03
2.416666666666666519e+00,5.222549129772695135e-03
2.437500000000000000e+00,5.199128121750013626e-03
2.458333333333333037e+00,5.170553730365779616e-03
2.479166666666666519e+00,5.137886498332589098e-03
2.500000000000000000e+00,5.102350434542423166e-03
2.520833333333333037e+00,5.065198608970890130e-03
2.541666666666666519e+00,5.027593372770297608e-03
2.562500000000000000e+00,4.990510430003490365e-03
2.583333333333333037e+00,4.954672589087363334e-03
2.604166666666666519e+00,4.920515546842921945e-03
2.625000000000000000e+00,4.888184781085375477e-03
2.645833333333333037e+00,4.857559833748610958e-03
2.666666666666666519e+00,4.828300193781896558e-03
2.687500000000000000e+00,4.799905740174486950e-03
2.708333333333333037e+00,4.771784263771350516e-03
2.729166666666666519e+00,4.743318882682699342e-03
2.750000000000000000e+00,4.713929094318046811e-03
2.770833333333333037e+00,4.683120607485127124e-03
2.791666666666666519e+00,4.650520770056718045e-03
2.812500000000000000e+00,4.615898153500015873e-03
2.833333333333333037e+00,4.579166509303485635e-03
2.854166666666666519e+00,4.540374737818081603e-03
2.875000000000000000e+00,4.499685601666484659e-03
2.895833333333333037e+00,4.457346610186247934e-03
2.916666666666666519e+00,4.413656786607795569e-03
2.937500000000000000e+00,4.368932934765571222e-03
2.958333333333333037e+00,4.323478604604781561e-03
2.979166666666666519e+00,4.277558294028492407e-03
3.000000000000000000e+00,4.231378610976058857e-03
3.020833333333333037e+00,4.185077250782655647e-03
3.041666666666666519e+00,4.138719807982279078e-03
3.062500000000000000e+00,4.092303711675474021e-03
3.083333333333333037e+00,4.045768002648796047e-03
3.104166666666666519e+00,3.999007292313077992e-03
3.125000000000000000e+00,3.951888068248765769e-03
3.145833333333333037e+00,3.904265529374685226e-03
3.166666666666666519e+00,3.855999318102596926e-03
3.187500000000000000e+00,3.806966829089497746e-03
3.208333333333333037e+00,3.757073169199018174e-03
3.229166666666666519e+00,3.706257273514037068e-03
3.250000000000000000e+00,3.654494103125197502e-03
3.270833333333333037e+00,3.601793223997406829e-03
3.291666666666666519e+00,3.548194363997071808e-03
3.312500000000000000e+00,3.493760749274637395e-03
3.333333333333333037e+00,3.438571124448864917e-03
3.354166666666666519e+00,3.382711367086492765e-03
3.375000000000000000e+00,3.326266527673894628e-03
3.395833333333333037e+00,3.269313979717304065e-03
3.416666666666666519e+00,3.211918173531226519e-03
3.437500000000000000e+00,3.154127274726411818e-03
3.458333333333333037e+00,3.095971757237421518e-03
3.479166666666666519e+00,3.037464829986866264e-03
3.500000000000000000e+00,2.978604421530012866e-03
3.520833333333333037e+00,2.919376337611008596e-03
3.541666666666666519e+00,2.859758147095999882e-03
3.562500000000000000e+00,2.799723341241857743e-03
3.583333333333333037e+00,2.739245344300087967e-03
3.604166666666666519e+00,2.678301021505207456e-03
3.625000000000000000e+00,2.616873422763764563e-03
3.645833333333333037e+00,2.554953604903633258e-03
3.666666666666666519e+00,2.492541481364345113e-03
3.687500000000000000e+00,2.429645744885756617e-03
3.708333333333333037e+00,2.366282989292952180e-03
3.729166666666666519e+00,2.302476214466630568e-03
3.750000000000000000e+00,2.238252932466860273e-03
3.770833333333333037e+00,2.173643101629017544e-03
3.791666666666666519e+00,2.108677102360319213e-03
3.812500000000000000e+00,2.043383937066242922e-03
3.833333333333333037e+00,1.977789792333316341e-03
3.854166666666666519e+00,1.911917050017587468e-03
3.875000000000000000e+00,1.845783781159351109e-03
3.895833333333333037e+00,1.779403707350837990e-03
3.916666666666666519e+00,1.712786572744639689e-03
3.937500000000000000e+00,1.645938839099761247e-03
3.958333333333333037e+00,1.578864597380029476e-03
3.979166666666666519e+00,1.511566583167473724e-03
4.000000000000000000e+00,1.444047187906342998e-03
4.020833333333333037e+00,1.376309372290010708e-03
4.041666666666666075e+00,1.308357409216681600e-03
4.062500000000000000e+00,1.240197409063244390e-03
4.083333333333333037e+00,1.171837606106764396e-03
4.104166666666666075e+00,1.103288410123560992e-03
4.125000000000000000e+00,1.034562248257848678e-03
4.145833333333333037e+00,9.656732387905373740e-04
4.166666666666666075e+00,8.966367483804946453e-04
4.187500000000000000e+00,8.274688889746418781e-04
4.208333333333333037e+00,7.581860086970262751e-04
4.229166666666666075e+00,6.888042246175098138e-04
4.250000000000000000e+00,6.193390354540412876e-04
4.270833333333333037e+00,5.498050397730367507e-04
4.291666666666666075e+00,4.802157722635995137e-04
4.312500000000000000e+00,4.105836580537956543e-04
4.333333333333333037e+00,3.409200740998738965e-04
4.354166666666666075e+00,2.712354980458860955e-04
4.375000000000000000e+00,2.015397195337573200e-04
4.395833333333333037e+00,1.318420862543932923e-04
4.416666666666666075e+00,6.215175725753614515e-05
4.437500000000000000e+00,-7.522060892629307745e-06
4.458333333333333037e+00,-7.716991487795380996e-05
4.479166666666666075e+00,-1.467819561883190239e-04
4.500000000000000000e+00,-2.163478507152578217e-04
4.520833333333333037e+00,-2.858567473184245593e-04
4.541666666666666075e+00,-3.552973009077671517e-04
4.562500000000000000e+00,-4.246577406861356315e-04
4.583333333333333037e+00,-4.939259715903235879e-04
4.604166666666666075e+00,-5.630896952468628092e-04
4.625000000000000000e+00,-6.321365367496145291e-04
4.645833333333333037e+00,-7.010541646517528440e-04
4.666666666666666075e+00,-7.698303941412152100e-04
4.687500000000000000e+00,-8.384532658441592578e-04
4.708333333333333037e+00,-9.069110961989417614e-04
4.729166666666666075e+00,-9.751924984197488837e-04
4.750000000000000000e+00,-1.043286375951181901e-03
4.770833333333333037e+00,-1.111181892647417719e-03
4.791666666666666075e+00,-1.178868425437133239e-03
4.812500000000000000e+00,-1.246335506223344818e-03
4.833333333333333037e+00,-1.313572759978039097e-03
4.854166666666666075e+00,-1.380569845266903456e-03
4.875000000000000000e+00,-1.447316402498419067e-03
4.895833333333333037e+00,-1.513802013835281301e-03
4.916666666666666075e+00,-1.580016177138033684e-03
4.937500000000000000e+00,-1.645948294588378373e-03
4.958333333333333037e+00,-1.711587675279376561e-03
4.979166666666666075e+00,-1.776923549906274727e-03
5.000000000000000000e+00,-1.841945094679406023e-03
5.020833333333333037e+00,-1.906641461199189017e-03
5.041666666666666075e+00,-1.971001808850636212e-03
5.062500000000000000e+00,-2.035015336547306344e-03
5.083333333333333037e+00,-2.098671311051648718e-03
5.104166666666666075e+00,-2.161959089774735145e-03
5.125000000000000000e+00,-2.224868136857263874e-03
5.145833333333333037e+00,-2.287388031955139497e-03
5.166666666666666075e+00,-2.349508472039291054e-03
5.187500000000000000e+00,-2.411219267077249675e-03
5.208333333333333037e+00,-2.472510330873695442e-03
5.229166666666666075e+00,-2.533371668682371600e-03
5.250000000000000000e+00,-2.593793363397859167e-03
5.270833333333333037e+00,-2.653765561869541115e-03
5.291666666666666075e+00,-2.713278462659138822e-03
5.312500000000000000e+00,-2.772322306479365565e-03
5.333333333333333037e+00,-2.830887369937855769e-03
5.354166666666666075e+00,-2.888963962871945838e-03
5.375000000000000000e+00,-2.946542429253417444e-03
5.395833333333333037e+00,-3.003613151212729867e-03
5.416666666666666075e+00,-3.060166555626555197e-03
5.437500000000000000e+00,-3.116193122418303100e-03
5.458333333333333037e+00,-3.171683393733643573e-03
5.479166666666666075e+00,-3.226627983230204427e-03
5.500000000000000000e+00,-3.281017584678688499e-03
5.520833333333333037e+00,-3.334842979377703690e-03
5.541666666666666075e+00,-3.388095041930455891e-03
5.562500000000000000e+00,-3.440764744270505271e-03
5.583333333333333037e+00,-3.492843157906190110e-03
5.604166666666666075e+00,-3.544321454590570932e-03
5.625000000000000000e+00,-3.595190905575879753e-03
5.645833333333333037e+00,-3.645442880040201342e-03
5.666666666666666075e+00,-3.695068842970236720e-03
5.687500000000000000e+00,-3.744060352939378687e-03
5.708333333333333037e+00,-3.792409060126517538e-03
5.729166666666666075e+00,-3.840106704916913718e-03
5.750000000000000000e+00,-3.887145117285202654e-03
5.770833333333333037e+00,-3.933516217013668069e-03
5.791666666666666075e+00,-3.979212014765350601e-03
5.812500000000000000e+00,-4.024224614040303703e-03
5.833333333333333037e+00,-4.068546213789091606e-03
5.854166666666666075e+00,-4.112169111417149532e-03
5.875000000000000000e+00,-4.155085706133279655e-03
5.895833333333333037e+00,-4.197288502406384264e-03
5.916666666666666075e+00,-4.238770113233330042e-03
5.937500000000000000e+00,-4.279523263178073439e-03
5.958333333333333037e+00,-4.319540791001910858e-03
5.979166666666666075e+00,-4.358815651868457909e-03
6.000000000000000000e+00,-4.397340919078772739e-03
6.020833333333333037e+00,-4.435109785422745518e-03
6.041666666666666075e+00,-4.472115564113011109e-03
6.062500000000000000e+00,-4.508351689451950244e-03
6.083333333333333037e+00,-4.543811717370438256e-03
6.104166666666666075e+00,-4.578489325846472890e-03
6.125000000000000000e+00,-4.612378315385750813e-03
6.145833333333333037e+00,-4.645472609576917038e-03
6.166666666666666075e+00,-4.677766255802621141e-03
6.187500000000000000e+00,-4.709253426183121830e-03
6.208333333333333037e+00,-4.739928418710547160e-03
6.229166666666666075e+00,-4.769785658543562040e-03
6.250000000000000000e+00,-4.798819699488777839e-03
6.270833333333333037e+00,-4.827025225605615331e-03
6.291666666666666075e+00,-4.854397052885982798e-03
6.312500000000000000e+00,-4.880930130948476359e-03
6.333333333333333037e+00,-4.906619544663115041e-03
6.354166666666666075e+00,-4.931460515746105035e-03
6.375000000000000000e+00,-4.955448404277666349e-03
6.395833333333333037e+00,-4.978578710003802275e-03
6.416666666666666075e+00,-5.000847073601127034e-03
6.437500000000000000e+00,-5.022249277769240232e-03
6.458333333333333037e+00,-5.042781248234366742e-03
6.479166666666666075e+00,-5.062439054619610225e-03
6.500000000000000000e+00,-5.081218911287609802e-03
6.520833333333333037e+00,-5.099117178121869050e-03
6.541666666666666075e+00,-5.116130361311036628e-03
6.562500000000000000e+00,-5.132255114080769634e-03
6.583333333333333037e+00,-5.147488237463334129e-03
6.604166666666666075e+00,-5.161826681154934107e-03
6.625000000000000000e+00,-5.175267544333709939e-03
6.645833333333333037e+00,-5.187808076509449300e-03
6.666666666666666075e+00,-5.199445678401930573e-03
6.687500000000000000e+00,-5.210177902868336382e-03
6.708333333333333037e+00,-5.220002455816575952e-03
6.729166666666666075e+00,-5.228917197068870364e-03
6.750000000000000000e+00,-5.236920141217664242e-03
6.770833333333333037e+00,-5.244009458465844278e-03
6.791666666666666075e+00,-5.250183475412788410e-03
6.812500000000000000e+00,-5.255440675779769061e-03
6.833333333333333037e+00,-5.259779701103247523e-03
6.854166666666666075e+00,-5.263199351313108468e-03
6.875000000000000000e+00,-5.265698585331786592e-03
6.895833333333333037e+00,-5.267276521605024353e-03
6.916666666666666075e+00,-5.267932438579236640e-03
6.937500000000000000e+00,-5.267665775130705649e-03
6.958333333333333037e+00,-5.266476130975077108e-03
6.979166666666666075e+00,-5.264363267074109558e-03
7.000000000000000000e+00,-5.261327106014628170e-03
7.020833333333333037e+00,-5.257367732315571668e-03
7.041666666666666075e+00,-5.252485392789035118e-03
7.062500000000000000e+00,-5.246680496856209915e-03
7.083333333333333037e+00,-5.239953616843008415e-03
7.104166666666666075e+00,-5.232305488247296354e-03
7.125000000000000000e+00,-5.223737010005988224e-03
7.145833333333333037e+00,-5.214249244692976612e-03
7.166666666666666075e+00,-5.203843418739416068e-03
7.187500000000000000e+00,-5.192520922614999104e-03
7.208333333333333037e+00,-5.180283310921050127e-03
7.229166666666666075e+00,-5.167132302469693017e-03
7.250000000000000000e+00,-5.153069780379095251e-03
7.270833333333333037e+00,-5.138097792063434262e-03
7.291666666666666075e+00,-5.122218549203424488e-03
7.312500000000000000e+00,-5.105434427700694146e-03
7.333333333333333037e+00,-5.087747967559233357e-03
7.354166666666666075e+00,-5.069161872774732673e-03
7.375000000000000000e+00,-5.049679011163443060e-03
7.395833333333333037e+00,-5.029302414156716985e-03
7.416666666666666075e+00,-5.008035276582605000e-03
7.437500000000000000e+00,-4.985880956426358077e-03
7.458333333333333037e+00,-4.962842974527485913e-03
7.479166666666666075e+00,-4.938925014274501112e-03
7.500000000000000000e+00,-4.914130921276368621e-03
7.520833333333333037e+00,-4.888464702983699381e-03
7.541666666666666075e+00,-4.861930528319049517e-03
7.562500000000000000e+00,-4.834532727222639638e-03
7.583333333333333037e+00,-4.806275790222571884e-03
7.604166666666666075e+00,-4.777164367932937999e-03
7.625000000000000000e+00,-4.747203270581827096e-03
7.645833333333333037e+00,-4.716397467450333426e-03
7.666666666666666075e+00,-4.684752086295721797e-03
7.687500000000000000e+00,-4.652272412757480803e-03
7.708333333333333037e+00,-4.618963889757097228e-03
7.729166666666666075e+00,-4.584832116838835105e-03
7.750000000000000000e+00,-4.549882849491006936e-03
7.770833333333333037e+00,-4.514121998459632093e-03
7.791666666666666075e+00,-4.477555629015771144e-03
7.812500000000000000e+00,-4.440189960233361342e-03
7.833333333333333037e+00,-4.402031364249919115e-03
7.854166666666666075e+00,-4.363086365465285166e-03
7.875000000000000000e+00,-4.323361639761417845e-03
7.895833333333333037e+00,-4.282864013741332666e-03
7.916666666666666075e+00,-4.241600463900298268e-03
7.937500000000000000e+00,-4.199578115800517431e-03
7.958333333333333037e+00,-4.156804243286268789e-03
7.979166666666666075e+00,-4.113286267641410622e-03
8.000000000000000000e+00,-4.069031756793906052e-03
8.020833333333332149e+00,-4.024048424488313978e-03
8.041666666666666075e+00,-3.978344129491323024e-03
8.062500000000000000e+00,-3.931926874789825298e-03
8.083333333333332149e+00,-3.884804806816986866e-03
8.104166666666666075e+00,-3.836986214708192761e-03
8.125000000000000000e+00,-3.788479529579233743e-03
8.145833333333332149e+00,-3.739293323804578940e-03
8.166666666666666075e+00,-3.689436310364039521e-03
8.187500000000000000e+00,-3.638917342243414357e-03
8.208333333333332149e+00,-3.587745411867889010e-03
8.229166666666666075e+00,-3.535929650598092482e-03
8.250000000000000000e+00,-3.483479328260945165e-03
8.270833333333332149e+00,-3.430403852809260547e-03
8.291666666666666075e+00,-3.376712770070795355e-03
8.312500000000000000e+00,-3.322415763486524874e-03
8.333333333333332149e+00,-3.267522654033404392e-03
8.354166666666666075e+00,-3.212043400272352519e-03
8.375000000000000000e+00,-3.155988098454022908e-03
8.395833333333332149e+00,-3.099366982746427305e-03
8.416666666666666075e+00,-3.042190425620277475e-03
8.437500000000000000e+00,-2.984468938375903560e-03
8.458333333333332149e+00,-2.926213171809607765e-03
8.479166666666666075e+00,-2.867433916925401886e-03
8.500000000000000000e+00,-2.808142105938171880e-03
8.520833333333332149e+00,-2.748348813329160815e-03
8.541666666666666075e+00,-2.688065256980730865e-03
8.562500000000000000e+00,-2.627302799525090861e-03
8.583333333333332149e+00,-2.566072949697729717e-03
8.604166666666666075e+00,-2.504387363791722287e-03
8.625000000000000000e+00,-2.442257847108404017e-03
8.645833333333332149e+00,-2.379696355361500797e-03
8.666666666666666075e+00,-2.316714996001871790e-03
8.687500000000000000e+00,-2.253326029370704160e-03
8.708333333333332149e+00,-2.189541869537215378e-03
8.729166666666666075e+00,-2.125375084759955225e-03
8.750000000000000000e+00,-2.060838397418344493e-03
8.770833333333332149e+00,-1.995944683230106535e-03
8.791666666666666075e+00,-1.930706969654267385e-03
8.812500000000000000e+00,-1.865138433221960384e-03
8.833333333333332149e+00,-1.799252395519909675e-03
8.854166666666666075e+00,-1.733062317694377590e-03
8.875000000000000000e+00,-1.666581793305918664e-03
8.895833333333332149e+00,-1.599824539081671137e-03
8.916666666666666075e+00,-1.532804383497484227e-03
8.937500000000000000e+00,-1.465535252902302197e-03
8.958333333333332149e+00,-1.398031155107677453e-03
8.979166666666666075e+00,-1.330306160237040066e-03
9.000000000000000000e+00,-1.262374378830577720e-03
9.020833333333332149e+00,-1.194249937149310936e-03
9.041666666666666075e+00,-1.125946950011230989e-03
9.062500000000000000e+00,-1.057479491321152223e-03
9.083333333333332149e+00,-9.888615627004057520e-04
9.104166666666666075e+00,-9.201070607824027433e-04
9.125000000000000000e+00,-8.512297438444518588e-04
9.145833333333332149e+00,-7.822431986862815774e-04
9.166666666666666075e+00,-7.131608085443288296e-04
9.187500000000000000e+00,-6.439957230624405050e-04
9.208333333333332149e+00,-5.747608313636211807e-04
9.229166666666666075e+00,-5.054687392213666475e-04
9.250000000000000000e+00,-4.361317511603150766e-04
9.270833333333332149e+00,-3.667618582939197224e-04
9.291666666666666075e+00,-2.973707324893138672e-04
9.312500000000000000e+00,-2.279697271704642905e-04
9.333333333333332149e+00,-1.585698848427758518e-04
9.354166666666666075e+00,-8.918195107243250485e-05
9.375000000000000000e+00,-1.981639441906913980e-05
9.395833333333332149e+00,4.951656841694481120e-05
9.416666666666666075e+00,1.188069432188484855e-04
9.437500000000000000e+00,1.880449259592430146e-04
9.458333333333332149e+00,2.572208686956412526e-04
9.479166666666666075e+00,3.263252449784594241e-04
9.500000000000000000e+00,3.953486161623693466e-04
9.520833333333332149e+00,4.642815995786353121e-04
9.541666666666666075e+00,5.331148396055762585e-04
9.562500000000000000e+00,6.018389823655393312e-04
9.583333333333332149e+00,6.704446545576891580e-04
9.604166666666666075e+00,7.389224466571443599e-04
9.625000000000000000e+00,8.072629004270901994e-04
9.645833333333332149e+00,8.754565005271486332e-04
9.666666666666666075e+00,9.434936699466220508e-04
9.687500000000000000e+00,1.011364768588728525e-03
9.708333333333332149e+00,1.079060094353286210e-03
9.729166666666666075e+00,1.146569886277070674e-03
9.750000000000000000e+00,1.213884328938872378e-03
9.770833333333332149e+00,1.280993557644716880e-03
9.791666666666666075e+00,1.347887663882379062e-03
9.812500000000000000e+00,1.414556700682686975e-03
9.833333333333332149e+00,1.480990687688583983e-03
9.854166666666666075e+00,1.547179615695813432e-03
9.875000000000000000e+00,1.613113450725117389e-03
9.895833333333332149e+00,1.678782137588454709e-03
9.916666666666666075e+00,1.744175602996283266e-03
9.937500000000000000e+00,1.809283758559957324e-03
9.958333333333332149e+00,1.874096503599080414e-03
9.979166666666666075e+00,1.938603728008472631e-03
1.000000000000000000e+01,2.002795315302016623e-03
1.002083333333333215e+01,2.066661145891976470e-03
1.004166666666666607e+01,2.130191100690583504e-03
1.006250000000000000e+01,2.193375064981308541e-03
1.008333333333333215e+01,2.256202932565207903e-03
1.010416666666666607e+01,2.318664610136743874e-03
1.012500000000000000e+01,2.380750021779926874e-03
1.014583333333333215e+01,2.442449113469012147e-03
1.016666666666666607e+01,2.503751857535211484e-03
1.018750000000000000e+01,2.564648256934921790e-03
1.020833333333333215e+01,2.625128349332566356e-03
1.022916666666666607e+01,2.685182210925076383e-03
1.025000000000000000e+01,2.744799959878257631e-03
1.027083333333333215e+01,2.803971759485763496e-03
1.029166666666666607e+01,2.862687821096344606e-03
1.031250000000000000e+01,2.920938406674422096e-03
1.033333333333333215e+01,2.978713831166061778e-03
1.035416666666666607e+01,3.036004464721885673e-03
1.037500000000000000e+01,3.092800734807144535e-03
1.039583333333333215e+01,3.149093128217784424e-03
1.041666666666666607e+01,3.204872193069559574e-03
1.043750000000000000e+01,3.260128540841573073e-03
1.045833333333333215e+01,3.314852848437782346e-03
1.047916666666666607e+01,3.369035860274520282e-03
1.050000000000000000e+01,3.422668390470917990e-03
1.052083333333333215e+01,3.475741325028052723e-03
1.054166666666666607e+01,3.528245624077090085e-03
1.056250000000000000e+01,3.580172324071637970e-03
1.058333333333333215e+01,3.631512540042885779e-03
1.060416666666666607e+01,3.682257467772246697e-03
1.062500000000000000e+01,3.732398385893729784e-03
1.064583333333333215e+01,3.781926657983413972e-03
1.066666666666666607e+01,3.830833734500391566e-03
1.068750000000000000e+01,3.879111154703466808e-03
1.070833333333333215e+01,3.926750548483263700e-03
1.072916666666666607e+01,3.973743638080446186e-03
1.075000000000000000e+01,4.020082239776553990e-03
1.077083333333333215e+01,4.065758265547919637e-03
1.079166666666666607e+01,4.110763724647083575e-03
1.081250000000000000e+01,4.155090725179715928e-03
1.083333333333333215e+01,4.198731475665552770e-03
1.085416666666666607e+01,4.241678286603369104e-03
1.087500000000000000e+01,4.283923572030466642e-03
1.089583333333333215e+01,4.325459851084289230e-03
1.091666666666666607e+01,4.366279749576751183e-03
1.093750000000000000e+01,4.406376001569947340e-03
1.095833333333333215e+01,4.445741450961652151e-03
1.097916666666666607e+01,4.484369053040124578e-03
1.100000000000000000e+01,4.522251876062300530e-03
1.102083333333333215e+01,4.559383102811421888e-03
1.104166666666666607e+01,4.595756032088967220e-03
1.106250000000000000e+01,4.631364080230479172e-03
1.108333333333333215e+01,4.666200782583855046e-03
1.110416666666666607e+01,4.700259794944782778e-03
1.112500000000000000e+01,4.733534894953679920e-03
1.114583333333333215e+01,4.766019983500735524e-03
1.116666666666666607e+01,4.797709086047824943e-03
1.118750000000000000e+01,4.828596353983812851e-03
1.120833333333333215e+01,4.858676065914678370e-03
1.122916666666666607e+01,4.887942628935287685e-03
1.125000000000000000e+01,4.916390579915138129e-03
1.127083333333333215e+01,4.944014586763474661e-03
1.129166666666666607e+01,4.970809449640609112e-03
1.131250000000000000e+01,4.996770102172580497e-03
1.133333333333333215e+01,5.021891612711390854e-03
1.135416666666666607e+01,5.046169185481390318e-03
1.137500000000000000e+01,5.069598161789144394e-03
1.139583333333333215e+01,5.092174021213761309e-03
1.141666666666666607e+01,5.113892382681435242e-03
1.143750000000000000e+01,5.134749005664726584e-03
1.145833333333333215e+01,5.154739791264550605e-03
1.147916666666666607e+01,5.173860783283742298e-03
1.150000000000000000e+01,5.192108169303058518e-03
1.152083333333333215e+01,5.209478281694937367e-03
1.154166666666666607e+01,5.225967598657925081e-03
1.156250000000000000e+01,5.241572745168681866e-03
1.158333333333333215e+01,5.256290493970925196e-03
1.160416666666666607e+01,5.270117766478515584e-03
1.162500000000000000e+01,5.283051633694322256e-03
1.164583333333333215e+01,5.295089317094491509e-03
1.166666666666666607e+01,5.306228189476476682e-03
1.168750000000000000e+01,5.316465775806115783e-03
1.170833333333333215e+01,5.325799754013977975e-03
1.172916666666666607e+01,5.334227955767873244e-03
1.175000000000000000e+01,5.341748367266837064e-03
1.177083333333333215e+01,5.348359129969402874e-03
1.179166666666666607e+01,5.354058541282511081e-03
1.181250000000000000e+01,5.358845055263028630e-03
1.183333333333333215e+01,5.362717283270622588e-03
1.185416666666666607e+01,5.365673994626804152e-03
1.187500000000000000e+01,5.367714117180857024e-03
1.189583333333333215e+01,5.368836737908993552e-03
1.191666666666666607e+01,5.369041103462049436e-03
1.193750000000000000e+01,5.368326620680503175e-03
1.195833333333333215e+01,5.366692857090963470e-03
1.197916666666666607e+01,5.364139541356711602e-03
1.200000000000000000e+01,5.360666563714033828e-03
1.202083333333333215e+01,5.356273976371333546e-03
1.204166666666666607e+01,5.350961993890030605e-03
1.206250000000000000e+01,5.344730993516140678e-03
1.208333333333333215e+01,5.337581515487722916e-03
1.210416666666666607e+01,5.329514263319229742e-03
1.212500000000000000e+01,5.320530104063981788e-03
1.214583333333333215e+01,5.310630068516545080e-03
1.216666666666666607e+01,5.299815351421170197e-03
1.218750000000000000e+01,5.288087311632094605e-03
1.220833333333333215e+01,5.275447472229286873e-03
1.222916666666666607e+01,5.261897520618581854e-03
1.225000000000000000e+01,5.247439308616901575e-03
1.227083333333333215e+01,5.232074852509492439e-03
1.229166666666666607e+01,5.215806333014793607e-03
1.231250000000000000e+01,5.198636095258547113e-03
1.233333333333333215e+01,5.180566648753674210e-03
1.235416666666666607e+01,5.161600667335292623e-03
1.237500000000000000e+01,5.141740988985891991e-03
1.239583333333333215e+01,5.120990615722856125e-03
1.241666666666666607e+01,5.099352713404752512e-03
1.243750000000000000e+01,5.076830611552783298e-03
1.245833333333333215e+01,5.053427803097103668e-03
1.247916666666666607e+01,5.029147944097999735e-03
1.250000000000000000e+01,5.003994853465788817e-03
1.252083333333333215e+01,4.977972512647981136e-03
1.254166666666666607e+01,4.951085065232918060e-03
1.256250000000000000e+01,4.923336816602502143e-03
1.258333333333333215e+01,4.894732233532738883e-03
1.260416666666666607e+01,4.865275943724716931e-03
1.262500000000000000e+01,4.834972735332733820e-03
1.264583333333333215e+01,4.803827556525820316e-03
1.266666666666666607e+01,4.771845514940578278e-03
1.268750000000000000e+01,4.739031877141810026e-03
1.270833333333333215e+01,4.705392068039738855e-03
1.272916666666666607e+01,4.670931670340842425e-03
1.275000000000000000e+01,4.635656423931962603e-03
1.277083333333333215e+01,4.599572225236820203e-03
1.279166666666666607e+01,4.562685126565649806e-03
1.281250000000000000e+01,4.525001335442565067e-03
1.283333333333333215e+01,4.486527213953595862e-03
1.285416666666666607e+01,4.447269278013898583e-03
1.287500000000000000e+01,4.407234196646770373e-03
1.289583333333333215e+01,4.366428791254060859e-03
1.291666666666666607e+01,4.324860034909477034e-03
1.293750000000000000e+01,4.282535051574109207e-03
1.295833333333333215e+01,4.239461115323915272e-03
1.297916666666666607e+01,4.195645649618776757e-03
1.300000000000000000e+01,4.151096226499895181e-03
1.302083333333333215e+01,4.105820565846791774e-03
1.304166666666666607e+01,4.059826534580491739e-03
1.306250000000000000e+01,4.013122145887107126e-03
1.308333333333333215e+01,3.965715558467286170e-03
1.310416666666666607e+01,3.917615075769912206e-03
1.312500000000000000e+01,3.868829145228302752e-03
1.314583333333333215e+01,3.819366357510451618e-03
1.316666666666666607e+01,3.769235445810697940e-03
1.318750000000000000e+01,3.718445285114796266e-03
1.320833333333333215e+01,3.667004891505292515e-03
1.322916666666666607e+01,3.614923421454710895e-03
1.325000000000000000e+01,3.562210171183448609e-03
1.327083333333333215e+01,3.508874576006068731e-03
1.329166666666666607e+01,3.454926209706485341e-03
1.331250000000000000e+01,3.400374783895363830e-03
1.333333333333333215e+01,3.345230147452950276e-03
1.335416666666666607e+01,3.289502285944267967e-03
1.337500000000000000e+01,3.233201321065874191e-03
1.339583333333333215e+01,3.176337510049895979e-03
1.341666666666666607e+01,3.118921245141198766e-03
1.343750000000000000e+01,3.060963053019382166e-03
1.345833333333333215e+01,3.002473594247585462e-03
1.347916666666666607e+01,2.943463662648790769e-03
1.350000000000000000e+01,2.883944184641247868e-03
1.352083333333333215e+01,2.823926218562034830e-03
1.354166666666666607e+01,2.763420953881576530e-03
1.356250000000000000e+01,2.702439710294224102e-03
1.358333333333333215e+01,2.640993936684953459e-03
1.360416666666666607e+01,2.579095209989128515e-03
1.362500000000000000e+01,2.516755233770802923e-03
1.364583333333333215e+01,2.453985836592293811e-03
1.366666666666666607e+01,2.390798970121535590e-03
1.368750000000000000e+01,2.327206706889718701e-03
1.370833333333333215e+01,2.263221237662566866e-03
1.372916666666666607e+01,2.198854868338756888e-03
1.375000000000000000e+01,2.134120016388104182e-03
1.377083333333333215e+01,2.069029206761265668e-03
1.379166666666666607e+01,2.003595067065096040e-03
1.381250000000000000e+01,1.937830322135454791e-03
1.383333333333333215e+01,1.871747787859571414e-03
1.385416666666666607e+01,1.805360364144005091e-03
1.387500000000000000e+01,1.738681027115420753e-03
1.389583333333333215e+01,1.671722820437201084e-03
1.391666666666666607e+01,1.604498845619171683e-03
1.393750000000000000e+01,1.537022251512999965e-03
1.395833333333333215e+01,1.469306222946770938e-03
1.397916666666666607e+01,1.401363968444629699e-03
1.400000000000000000e+01,1.333208707133928675e-03
1.402083333333333215e+01,1.264853655032446497e-03
1.404166666666666607e+01,1.196312010692578707e-03
1.406250000000000000e+01,1.127596940459163694e-03
1.408333333333333215e+01,1.058721563495681637e-03
1.410416666666666607e+01,9.896989367400221491e-04
1.412500000000000000e+01,9.205420400700485128e-04
1.414583333333333215e+01,8.512637619130727787e-04
1.416666666666666607e+01,7.818768856178342011e-04
1.418750000000000000e+01,7.123940767419593414e-04
1.420833333333333215e+01,6.428278716059506121e-04
1.422916666666666607e+01,5.731906673278201790e-04
1.425000000000000000e+01,5.034947135901373392e-04
1.427083333333333215e+01,4.337521062271195793e-04
1.429166666666666607e+01,3.639747829141405633e-04
1.431250000000000000e+01,2.941745209573591938e-04
1.433333333333333215e+01,2.243629372145724199e-04
1.435416666666666607e+01,1.545514900978663749e-04
1.437500000000000000e+01,8.475148369115042136e-05
1.439583333333333215e+01,1.497407369677794958e-05
1.441666666666666607e+01,-5.476972497914825129e-05
1.443750000000000000e+01,-1.244690291781871733e-04
1.445833333333333215e+01,-1.941130772624194065e-04
1.447916666666666607e+01,-2.636912180944910142e-04
1.450000000000000000e+01,-3.331928994549759990e-04
1.452083333333333215e+01,-4.026076563253854000e-04
1.454166666666666607e+01,-4.719250991118718050e-04
1.456250000000000000e+01,-5.411349022711370088e-04
1.458333333333333215e+01,-6.102267935678295672e-04
1.460416666666666607e+01,-6.791905440868958518e-04
1.462500000000000000e+01,-7.480159590845161105e-04
1.464583333333333215e+01,-8.166928699317117834e-04
1.466666666666666607e+01,-8.852111271549997513e-04
1.468750000000000000e+01,-9.535605944982069541e-04
1.470833333333333215e+01,-1.021731144132313187e-03
1.472916666666666607e+01,-1.089712652780801044e-03
1.475000000000000000e+01,-1.157494998875579703e-03
1.477083333333333215e+01,-1.225068060493527452e-03
1.479166666666666607e+01,-1.292421714113795852e-03
1.481250000000000000e+01,-1.359545833960186913e-03
1.483333333333333215e+01,-1.426430291915759810e-03
1.485416666666666607e+01,-1.493064957902081767e-03
1.487500000000000000e+01,-1.559439700648652515e-03
1.489583333333333215e+01,-1.625544388801377195e-03
1.491666666666666607e+01,-1.691368892284077089e-03
1.493750000000000000e+01,-1.756903083844224512e-03
1.495833333333333215e+01,-1.822136840854351883e-03
1.497916666666666607e+01,-1.887060047273687868e-03
1.500000000000000000e+01,-1.951662595722312684e-03
1.502083333333333215e+01,-2.015934389709216762e-03
1.504166666666666607e+01,-2.079865346021539732e-03
1.506250000000000000e+01,-2.143445397180261669e-03
1.508333333333333215e+01,-2.206664493982728095e-03
1.510416666666666607e+01,-2.269512608179320278e-03
1.512500000000000000e+01,-2.331979735192874978e-03
1.514583333333333215e+01,-2.394055896876281543e-03
1.516666666666666607e+01,-2.455731144282770687e-03
1.518750000000000000e+01,-2.516995560479585222e-03
1.520833333333333215e+01,-2.577839263393764437e-03
1.522916666666666607e+01,-2.638252408535787449e-03
1.525000000000000000e+01,-2.698225191741511399e-03
1.527083333333333215e+01,-2.757747851869919286e-03
1.529166666666666607e+01,-2.816810673447609197e-03
1.531250000000000000e+01,-2.875403989269714657e-03
1.533333333333333215e+01,-2.933518182881681997e-03
1.535416666666666607e+01,-2.991143691013941740e-03
1.537500000000000000e+01,-3.048271006008157480e-03
1.539583333333333215e+01,-3.104890678173922742e-03
1.541666666666666607e+01,-3.160993318076568085e-03
1.543750000000000000e+01,-3.216569598752623722e-03
1.545833333333333215e+01,-3.271610257933258836e-03
1.547916666666666607e+01,-3.326106100238242300e-03
1.550000000000000000e+01,-3.380047999331524822e-03
1.552083333333333215e+01,-3.433426900029019901e-03
1.554166666666666607e+01,-3.486233820363422633e-03
1.556250000000000000e+01,-3.538459853697390432e-03
1.558333333333333215e+01,-3.590096170747935408e-03
1.560416666666666607e+01,-3.641134021619805202e-03
1.562500000000000000e+01,-3.691564737769519131e-03
1.564583333333333215e+01,-3.741379733957986373e-03
1.566666666666666607e+01,-3.790570510224514598e-03
1.568750000000000000e+01,-3.839128653781065121e-03
1.570833333333333215e+01,-3.887045840827554714e-03
1.572916666666666607e+01,-3.934313838412910325e-03
1.575000000000000000e+01,-3.980924506283570891e-03
1.577083333333333215e+01,-4.026869798638510987e-03
1.579166666666666607e+01,-4.072141765846193362e-03
1.581250000000000000e+01,-4.116732556160710051e-03
1.583333333333333215e+01,-4.160634417477645196e-03
1.585416666666666607e+01,-4.203839698999945612e-03
1.587500000000000000e+01,-4.246340852830079483e-03
1.589583333333333215e+01,-4.288130435629242988e-03
1.591666666666666607e+01,-4.329201110245873597e-03
1.593750000000000000e+01,-4.369545647343780863e-03
1.595833333333333215e+01,-4.409156926908111042e-03
1.597916666666666607e+01,-4.448027939820953063e-03
1.600000000000000000e+01,-4.486151789452661950e-03
1.602083333333333215e+01,-4.523521693143974474e-03
1.604166666666666430e+01,-4.560130983716845741e-03
1.606250000000000000e+01,-4.595973110974237337e-03
1.608333333333333215e+01,-4.631041643167839970e-03
1.610416666666666430e+01,-4.665330268435571165e-03
1.612500000000000000e+01,-4.698832796232558194e-03
1.614583333333333215e+01,-4.731543158752951270e-03
1.616666666666666430e+01,-4.763455412310529241e-03
1.618750000000000000e+01,-4.794563738690630315e-03
1.620833333333333215e+01,-4.824862446508895036e-03
1.622916666666666430e+01,-4.854345972558272125e-03
1.625000000000000000e+01,-4.883008883092032106e-03
1.627083333333333215e+01,-4.910845875107650894e-03
1.629166666666666430e+01,-4.937851777600792830e-03
1.631250000000000000e+01,-4.964021552862858677e-03
1.633333333333333215e+01,-4.989350297668304103e-03
1.635416666666666430e+01,-5.013833244465176926e-03
1.637500000000000000e+01,-5.037465762603669968e-03
1.639583333333333215e+01,-5.060243359464352240e-03
1.641666666666666430e+01,-5.082161681634388660e-03
1.643750000000000000e+01,-5.103216516009524001e-03
1.645833333333333215e+01,-5.123403790900813923e-03
1.647916666666666430e+01,-5.142719577116759352e-03
1.650000000000000000e+01,-5.161160089029628861e-03
1.652083333333333215e+01,-5.178721685594560135e-03
1.654166666666666430e+01,-5.195400871370388363e-03
1.656250000000000000e+01,-5.211194297517863366e-03
1.658333333333333215e+01,-5.226098762744429450e-03
1.660416666666666430e+01,-5.240111214265624762e-03
1.662500000000000000e+01,-5.253228748701615873e-03
1.664583333333333215e+01,-5.265448612987666532e-03
1.666666666666666430e+01,-5.276768205231588925e-03
1.668750000000000000e+01,-5.287185075562579432e-03
1.670833333333333215e+01,-5.296696926939458393e-03
1.672916666666666430e+01,-5.305301615927044724e-03
1.675000000000000000e+01,-5.312997153514129219e-03
1.677083333333333215e+01,-5.319781705797792595e-03
1.679166666666666430e+01,-5.325653594719702809e-03
1.681250000000000000e+01,-5.330611298754543530e-03
1.683333333333333215e+01,-5.334653453565718802e-03
1.685416666666666430e+01,-5.337778852632541447e-03
1.687500000000000000e+01,-5.339986447864961822e-03
1.689583333333333215e+01,-5.341275350191297330e-03
1.691666666666666430e+01,-5.341644830075168750e-03
1.693750000000000000e+01,-5.341094318074274608e-03
1.695833333333333215e+01,-5.339623405290902340e-03
1.697916666666666430e+01,-5.337231843886300689e-03
1.700000000000000000e+01,-5.333919547475717872e-03
1.702083333333333215e+01,-5.329686591566113948e-03
1.704166666666666430e+01,-5.324533213897681035e-03
1.706250000000000000e+01,-5.318459814822861301e-03
1.708333333333333215e+01,-5.311466957600319283e-03
1.710416666666666430e+01,-5.303555368706735010e-03
1.712500000000000000e+01,-5.294725938069698434e-03
1.714583333333333215e+01,-5.284979719336386876e-03
1.716666666666666430e+01,-5.274317930007387661e-03
1.718750000000000000e+01,-5.262741951674278044e-03
1.720833333333333215e+01,-5.250253330104417623e-03
1.722916666666666430e+01,-5.236853775376239424e-03
1.725000000000000000e+01,-5.222545161963879252e-03
1.727083333333333215e+01,-5.207329528761627489e-03
1.729166666666666430e+01,-5.191209079112447944e-03
1.731250000000000000e+01,-5.174186180803067719e-03
1.733333333333333215e+01,-5.156263366007125988e-03
1.735416666666666430e+01,-5.137443331220034257e-03
1.737500000000000000e+01,-5.117728937165852941e-03
1.739583333333333215e+01,-5.097123208668724072e-03
1.741666666666666430e+01,-5.075629334455871756e-03
1.743750000000000000e+01,-5.053250667009995430e-03
1.745833333333333215e+01,-5.029990722334208748e-03
1.747916666666666430e+01,-5.005853179703576017e-03
1.750000000000000000e+01,-4.980841881405423215e-03
1.752083333333333215e+01,-4.954960832405352553e-03
1.754166666666666430e+01,-4.928214200050631648e-03
1.756250000000000000e+01,-4.900606313713328811e-03
1.758333333333333215e+01,-4.872141664378895620e-03
1.760416666666666430e+01,-4.842824904260165791e-03
1.762500000000000000e+01,-4.812660846363122670e-03
1.764583333333333215e+01,-4.781654464042897623e-03
1.766666666666666430e+01,-4.749810890500466044e-03
1.768750000000000000e+01,-4.717135418278646866e-03
1.770833333333333215e+01,-4.683633498775539514e-03
1.772916666666666430e+01,-4.649310741676773197e-03
1.775000000000000000e+01,-4.614172914378475432e-03
1.777083333333333215e+01,-4.578225941445129323e-03
1.779166666666666430e+01,-4.541475903961013361e-03
1.781250000000000000e+01,-4.503929038963833294e-03
1.783333333333333215e+01,-4.465591738787974899e-03
1.785416666666666430e+01,-4.426470550434878290e-03
1.787500000000000000e+01,-4.386572174911947813e-03
1.789583333333333215e+01,-4.345903466563189911e-03
1.791666666666666430e+01,-4.304471432429977061e-03
1.793750000000000000e+01,-4.262283231529910218e-03
1.795833333333333215e+01,-4.219346174186650034e-03
1.797916666666666430e+01,-4.175667721368308931e-03
1.800000000000000000e+01,-4.131255483976845923e-03
1.802083333333333215e+01,-4.086117222129714149e-03
1.804166666666666430e+01,-4.040260844519288214e-03
1.806250000000000000e+01,-3.993694407720019095e-03
1.808333333333333215e+01,-3.946426115491192405e-03
1.810416666666666430e+01,-3.898464318088217580e-03
1.812500000000000000e+01,-3.849817511658621023e-03
1.814583333333333215e+01,-3.800494337523509757e-03
1.816666666666666430e+01,-3.750503581540119095e-03
1.818750000000000000e+01,-3.699854173485987111e-03
1.820833333333333215e+01,-3.648555186431048925e-03
1.822916666666666430e+01,-3.596615836085123932e-03
1.825000000000000000e+01,-3.544045480214101131e-03
1.827083333333333215e+01,-3.490853618029915364e-03
1.829166666666666430e+01,-3.437049889587941252e-03
1.831250000000000000e+01,-3.382644075183440825e-03
1.833333333333333215e+01,-3.327646094724552497e-03
1.835416666666666430e+01,-3.272066007147996728e-03
1.837500000000000000e+01,-3.215914009754137007e-03
1.839583333333333215e+01,-3.159200437533755349e-03
1.841666666666666430e+01,-3.101935762480401843e-03
1.843750000000000000e+01,-3.044130592795255084e-03
1.845833333333333215e+01,-2.985795672052463014e-03
1.847916666666666430e+01,-2.926941878285698254e-03
1.850000000000000000e+01,-2.867580222919919718e-03
1.852083333333333215e+01,-2.807721849603743262e-03
1.854166666666666430e+01,-2.747378032853861098e-03
1.856250000000000000e+01,-2.686560176506853134e-03
1.858333333333333215e+01,-2.625279811951040151e-03
1.860416666666666430e+01,-2.563548596059216002e-03
1.862500000000000000e+01,-2.501378308844411699e-03
1.864583333333333215e+01,-2.438780850723559507e-03
1.866666666666666430e+01,-2.375768239399304958e-03
1.868750000000000000e+01,-2.312352606299369374e-03
1.870833333333333215e+01,-2.248546192516112565e-03
1.872916666666666430e+01,-2.184361344181413953e-03
1.875000000000000000e+01,-2.119810507217872054e-03
1.877083333333333215e+01,-2.054906221521218043e-03
1.879166666666666430e+01,-1.989661114451202195e-03
1.881250000000000000e+01,-1.924087893546866162e-03
1.883333333333333215e+01,-1.858199338547196402e-03
1.885416666666666430e+01,-1.792008292667414925e-03
1.887500000000000000e+01,-1.725527653146121743e-03
1.889583333333333215e+01,-1.658770361003593288e-03
1.891666666666666430e+01,-1.591749390123152691e-03
1.893750000000000000e+01,-1.524477735717280494e-03
1.895833333333333215e+01,-1.456968402199479559e-03
1.897916666666666430e+01,-1.389234390611545971e-03
1.900000000000000000e+01,-1.321288685657188251e-03
1.902083333333333215e+01,-1.253144242561584840e-03
1.904166666666666430e+01,-1.184813973905982608e-03
1.906250000000000000e+01,-1.116310736570927213e-03
1.908333333333333215e+01,-1.047647319004877493e-03
1.910416666666666430e+01,-9.788364290975589896e-04
1.912500000000000000e+01,-9.098906827037184317e-04
1.914583333333333215e+01,-8.408225931978571214e-04
1.916666666666666430e+01,-7.716445621446401228e-04
1.918750000000000000e+01,-7.023688712589459381e-04
1.920833333333333215e+01,-6.330076758974545340e-04
1.922916666666666430e+01,-5.635730000992011848e-04
1.925000000000000000e+01,-4.940767333514777199e-04
1.927083333333333215e+01,-4.245306289933813626e-04
1.929166666666666430e+01,-3.549463044154291974e-04
1.931250000000000000e+01,-2.853352429074313703e-04
1.933333333333333215e+01,-2.157087971189554799e-04
1.935416666666666430e+01,-1.460781938696261969e-04
1.937500000000000000e+01,-7.645454035660150167e-05
1.939583333333333215e+01,-6.848831405796634347e-06
1.941666666666666430e+01,6.272804237257133958e-05
1.943750000000000000e+01,1.322652858835095008e-04
1.945833333333333215e+01,2.017521903649508017e-04
1.947916666666666430e+01,2.711781240131576646e-04
1.950000000000000000e+01,3.405325227060998646e-04
1.952083333333333215e+01,4.098048809815060573e-04
1.954166666666666430e+01,4.789847433674804256e-04
1.956250000000000000e+01,5.480616963144844481e-04
1.958333333333333215e+01,6.170253608174053545e-04
1.960416666666666430e+01,6.858653857501114531e-04
1.962500000000000000e+01,7.545714419871629025e-04
1.964583333333333215e+01,8.231332173892757240e-04
1.966666666666666430e+01,8.915404125655457647e-04
1.968750000000000000e+01,9.597827373911972096e-04
1.970833333333333215e+01,1.027849908309763725e-03
1.972916666666666430e+01,1.095731646273339277e-03
1.975000000000000000e+01,1.163417675309077462e-03
1.977083333333333215e+01,1.230897721637211036e-03
1.979166666666666430e+01,1.298161513259015951e-03
1.981250000000000000e+01,1.365198779999742288e-03
1.983333333333333215e+01,1.431999253864406265e-03
1.985416666666666430e+01,1.498552669750777624e-03
1.987500000000000000e+01,1.564848766451469543e-03
1.989583333333333215e+01,1.630877287879249063e-03
1.991666666666666430e+01,1.696627984462509590e-03
1.993750000000000000e+01,1.762090614791964526e-03
1.995833333333333215e+01,1.827254947407364093e-03
1.997916666666666430e+01,1.892110762750308459e-03
2.000000000000000000e+01,1.956647855207775417e-03
2.002083333333333215e+01,2.020856035312254984e-03
2.004166666666666430e+01,2.084725132008909826e-03
2.006250000000000000e+01,2.148244995045850512e-03
2.008333333333333215e+01,2.211405497403805698e-03
2.010416666666666430e+01,2.274196537779785577e-03
2.012500000000000000e+01,2.336608043118533051e-03
2.014583333333333215e+01,2.398629971155568502e-03
2.016666666666666430e+01,2.460252312962834913e-03
2.018750000000000000e+01,2.521465095506323847e-03
2.020833333333333215e+01,2.582258384170557815e-03
2.022916666666666430e+01,2.642622285248046390e-03
2.025000000000000000e+01,2.702546948426851926e-03
2.027083333333333215e+01,2.762022569208540373e-03
2.029166666666666430e+01,2.821039391305311082e-03
2.031250000000000000e+01,2.879587709003206264e-03
2.033333333333333215e+01,2.937657869453772636e-03
2.035416666666666430e+01,2.995240274974148194e-03
2.037500000000000000e+01,3.052325385249769416e-03
2.039583333333333215e+01,3.108903719586358916e-03
2.041666666666666430e+01,3.164965859051566046e-03
2.043750000000000000e+01,3.220502448617345616e-03
2.045833333333333215e+01,3.275504199314935479e-03
2.047916666666666430e+01,3.329961890296092696e-03
2.050000000000000000e+01,3.383866370922410105e-03
2.052083333333333215e+01,3.437208562821372163e-03
2.054166666666666430e+01,3.489979461873736564e-03
2.056250000000000000e+01,3.542170140238185948e-03
2.058333333333333215e+01,3.593771748315682368e-03
2.060416666666666430e+01,3.644775516704367065e-03
2.062500000000000000e+01,3.695172758128708723e-03
2.064583333333333215e+01,3.744954869280688655e-03
2.066666666666666430e+01,3.794113332731094412e-03
2.068750000000000000e+01,3.842639718775979832e-03
2.070833333333333215e+01,3.890525687209636131e-03
2.072916666666666430e+01,3.937762989150889702e-03
2.075000000000000000e+01,3.984343468778947517e-03
2.077083333333333215e+01,4.030259065070856267e-03
2.079166666666666430e+01,4.075501813535862411e-03
2.081250000000000000e+01,4.120063847912714197e-03
2.083333333333333215e+01,4.163937401836723985e-03
2.085416666666666430e+01,4.207114810474168326e-03
2.087500000000000000e+01,4.249588512202175962e-03
2.089583333333333215e+01,4.291351050190758340e-03
2.091666666666666430e+01,4.332395074045193757e-03
2.093750000000000000e+01,4.372713341356691472e-03
2.095833333333333215e+01,4.412298719277276890e-03
2.097916666666666430e+01,4.451144186076306901e-03
2.100000000000000000e+01,4.489242832667075106e-03
2.102083333333333215e+01,4.526587864134104869e-03
2.104166666666666430e+01,4.563172601213430490e-03
2.106250000000000000e+01,4.598990481767095684e-03
2.108333333333333215e+01,4.634035062252141700e-03
2.110416666666666430e+01,4.668300019154918330e-03
2.112500000000000000e+01,4.701779150397096367e-03
2.114583333333333215e+01,4.734466376770459992e-03
2.116666666666666430e+01,4.766355743290930438e-03
2.118750000000000000e+01,4.797441420539327699e-03
2.120833333333333215e+01,4.827717706051497248e-03
2.122916666666666430e+01,4.857179025614528391e-03
2.125000000000000000e+01,4.885819934575015913e-03
2.127083333333333215e+01,4.913635119109243700e-03
2.129166666666666430e+01,4.940619397508111757e-03
2.131250000000000000e+01,4.966767721424663468e-03
2.133333333333333215e+01,4.992075177074249692e-03
2.135416666666666430e+01,5.016536986451515349e-03
2.137500000000000000e+01,5.040148508535221249e-03
2.139583333333333215e+01,5.062905240418474548e-03
2.141666666666666430e+01,5.084802818483338642e-03
2.143750000000000000e+01,5.105837019494804431e-03
2.145833333333333215e+01,5.126003761723011559e-03
2.147916666666666430e+01,5.145299106006117826e-03
2.150000000000000000e+01,5.163719256814054172e-03
2.152083333333333215e+01,5.181260563289797651e-03
2.154166666666666430e+01,5.197919520240294050e-03
2.156250000000000000e+01,5.213692769125281498e-03
2.158333333333333215e+01,5.228577099028619384e-03
2.160416666666666430e+01,5.242569447598214444e-03
2.162500000000000000e+01,5.255666901953072109e-03
2.164583333333333215e+01,5.267866699580577017e-03
2.166666666666666430e+01,5.279166229189839049e-03
2.168750000000000000e+01,5.289563031550632496e-03
2.170833333333333215e+01,5.299054800334025705e-03
2.172916666666666430e+01,5.307639382873069467e-03
2.175000000000000000e+01,5.315314780927710321e-03
2.177083333333333215e+01,5.322079151434299521e-03
2.179166666666666430e+01,5.327930807219666796e-03
2.181250000000000000e+01,5.332868217662305003e-03
2.183333333333333215e+01,5.336890009352266741e-03
2.185416666666666430e+01,5.339994966741783665e-03
2.187500000000000000e+01,5.342182032734408073e-03
2.189583333333333215e+01,5.343450309259366836e-03
2.191666666666666430e+01,5.343799057778850919e-03
2.193750000000000000e+01,5.343227699860685770e-03
2.195833333333333215e+01,5.341735817653414826e-03
2.197916666666666430e+01,5.339323154322715183e-03
2.200000000000000000e+01,5.335989614467059883e-03
2.202083333333333215e+01,5.331735264552953102e-03
2.204166666666666430e+01,5.326560333284827836e-03
2.206250000000000000e+01,5.320465211926392150e-03
2.208333333333333215e+01,5.313450454578255190e-03
2.210416666666666430e+01,5.305516778522569032e-03
2.212500000000000000e+01,5.296665064439505695e-03
2.214583333333333215e+01,5.286896356624088029e-03
2.216666666666666430e+01,5.276211863147264869e-03
2.218750000000000000e+01,5.264612956064975563e-03
2.220833333333333215e+01,5.252101171538132995e-03
2.222916666666666430e+01,5.238678209880318071e-03
2.225000000000000000e+01,5.224345935642444629e-03
2.227083333333333215e+01,5.209106377681650517e-03
2.229166666666666430e+01,5.192961729109966257e-03
2.231250000000000000e+01,5.175914347296180738e-03
2.233333333333333215e+01,5.157966753817165746e-03
2.235416666666666430e+01,5.139121634320207438e-03
2.237500000000000000e+01,5.119381838447721947e-03
2.239583333333333215e+01,5.098750379670182430e-03
2.241666666666666430e+01,5.077230435081896143e-03
2.243750000000000000e+01,5.054825345216945945e-03
2.245833333333333215e+01,5.031538613796860890e-03
2.247916666666666430e+01,5.007373907459056542e-03
2.250000000000000000e+01,4.982335055443889126e-03
2.252083333333333215e+01,4.956426049266363446e-03
2.254166666666666430e+01,4.929651042373396630e-03
2.256250000000000000e+01,4.902014349728710946e-03
2.258333333333333215e+01,4.873520447423620831e-03
2.260416666666666430e+01,4.844173972210647286e-03
2.262500000000000000e+01,4.813979721049957937e-03
2.264583333333333215e+01,4.782942650598145766e-03
2.266666666666666430e+01,4.751067876710444136e-03
2.268750000000000000e+01,4.718360673879500380e-03
2.270833333333333215e+01,4.684826474664688205e-03
2.272916666666666430e+01,4.650470869096055837e-03
2.275000000000000000e+01,4.615299604118440827e-03
2.277083333333333215e+01,4.579318582880684448e-03
2.279166666666666430e+01,4.542533864113188630e-03
2.281250000000000000e+01,4.504951661493004564e-03
2.283333333333333215e+01,4.466578342934741930e-03
2.285416666666666430e+01,4.427420429875889712e-03
2.287500000000000000e+01,4.387484596583188755e-03
2.289583333333333215e+01,4.346777669449892675e-03
2.291666666666666430e+01,4.305306626241489285e-03
2.293750000000000000e+01,4.263078595343679743e-03
2.295833333333333215e+01,4.220100855062847850e-03
2.297916666666666430e+01,4.176380832860520503e-03
2.300000000000000000e+01,4.131926104606286482e-03
2.302083333333333215e+01,4.086744393822729429e-03
2.304166666666666430e+01,4.040843570996485896e-03
2.306250000000000000e+01,3.994231652808592770e-03
2.308333333333333215e+01,3.946916801443439357e-03
2.310416666666666430e+01,3.898907323870077525e-03
2.312500000000000000e+01,3.850211671171815692e-03
2.314583333333333215e+01,3.800838437894846211e-03
2.316666666666666430e+01,3.750796361382316684e-03
2.318750000000000000e+01,3.700094321199927025e-03
2.320833333333333215e+01,3.648741338518600354e-03
2.322916666666666430e+01,3.596746575576883088e-03
2.325000000000000000e+01,3.544119335215365537e-03
2.327083333333333215e+01,3.490869060345516955e-03
2.329166666666666430e+01,3.437005333524717748e-03
2.331250000000000000e+01,3.382537876595918380e-03
2.333333333333333215e+01,3.327476550334301786e-03
2.335416666666666430e+01,3.271831354104377549e-03
2.337500000000000000e+01,3.215612425615022463e-03
2.339583333333333215e+01,3.158830040694672950e-03
2.341666666666666430e+01,3.101494613076493431e-03
2.343750000000000000e+01,3.043616694206413998e-03
2.345833333333333215e+01,2.985206973116393686e-03
2.347916666666666430e+01,2.926276276256960674e-03
2.350000000000000000e+01,2.866835567286536192e-03
2.352083333333333215e+01,2.806895946881227295e-03
2.354166666666666430e+01,2.746468652502839693e-03
2.356250000000000000e+01,2.685565058037841027e-03
2.358333333333333215e+01,2.624196673297708032e-03
2.360416666666666430e+01,2.562375143401090898e-03
2.362500000000000000e+01,2.500112247969219024e-03
2.364583333333333215e+01,2.437419900038451884e-03
2.366666666666666430e+01,2.374310144607010096e-03
2.368750000000000000e+01,2.310795156881497413e-03
2.370833333333333215e+01,2.246887240030761689e-03
2.372916666666666430e+01,2.182598822406277631e-03
2.375000000000000000e+01,2.117942454116054484e-03
2.377083333333333215e+01,2.052930802950243740e-03
2.379166666666666430e+01,1.987576649473577796e-03
2.381250000000000000e+01,1.921892881179571065e-03
2.383333333333333215e+01,1.855892485744421293e-03
2.385416666666666430e+01,1.789588543201107301e-03
2.387500000000000000e+01,1.722994216908014815e-03
2.389583333333333215e+01,1.656122743404345350e-03
2.391666666666666430e+01,1.588987420991372010e-03
2.393750000000000000e+01,1.521601597072238686e-03
2.395833333333333215e+01,1.453978654241284063e-03
2.397916666666666430e+01,1.386131995230086575e-03
2.400000000000000000e+01,1.318075026764357373e-03
2.402083333333333215e+01,1.249821142424423518e-03
2.404166666666666430e+01,1.181383704782016210e-03
2.406250000000000000e+01,1.112776026989250244e-03
2.408333333333333215e+01,1.044011354106714074e-03
2.410416666666666430e+01,9.751028444999668534e-04
2.412500000000000000e+01,9.060635515992515468e-04
2.414583333333333215e+01,8.369064064807142135e-04
2.416666666666666430e+01,7.676442016428359442e-04
2.418750000000000000e+01,6.982895762872882300e-04
2.420833333333333215e+01,6.288550035395208855e-04
2.422916666666666430e+01,5.593527799639580510e-04
2.425000000000000000e+01,4.897950176618307743e-04
2.427083333333333215e+01,4.201936390161332144e-04
2.429166666666666430e+01,3.505603744777623619e-04
2.431250000000000000e+01,2.809067632418866135e-04
2.433333333333333215e+01,2.112441568799872170e-04
2.435416666666666430e+01,1.415837256930049316e-04
2.437500000000000000e+01,7.193646764372267947e-05
2.439583333333333215e+01,2.313219550353926489e-06
2.441666666666666430e+01,-6.727532989794574850e-05
2.443750000000000000e+01,-1.368186257571605289e-04
2.445833333333333215e+01,-2.063062314103031509e-04
2.447916666666666430e+01,-2.757278126387086286e-04
2.450000000000000000e+01,-3.450731217741944551e-04
2.452083333333333215e+01,-4.143319821748208450e-04
2.454166666666666430e+01,-4.834942734663813784e-04
2.456250000000000000e+01,-5.525499178954088215e-04
2.458333333333333215e+01,-6.214888680231862167e-04
2.460416666666666430e+01,-6.903010959028814918e-04
2.462500000000000000e+01,-7.589765838354910936e-04
2.464583333333333215e+01,-8.275053167403600409e-04
2.466666666666666430e+01,-8.958772760827045508e-04
2.468750000000000000e+01,-9.640824353232859941e-04
2.470833333333333215e+01,-1.032110756605946877e-03
2.472916666666666430e+01,-1.099952188682046294e-03
2.475000000000000000e+01,-1.167596665865917004e-03
2.477083333333333215e+01,-1.235034107751386461e-03
2.479166666666666430e+01,-1.302254419645157034e-03
2.481250000000000000e+01,-1.369247493485806775e-03
2.483333333333333215e+01,-1.436003209190134548e-03
2.485416666666666430e+01,-1.502511436302682779e-03
2.487500000000000000e+01,-1.568762035821878471e-03
2.489583333333333215e+01,-1.634744862216217951e-03
2.491666666666666430e+01,-1.700449765608485608e-03
2.493750000000000000e+01,-1.765866594020747572e-03
2.495833333333333215e+01,-1.830985195806481740e-03
2.497916666666666430e+01,-1.895795422102114361e-03
2.500000000000000000e+01,-1.960287129445808900e-03
2.502083333333333215e+01,-2.024450182538347406e-03
2.504166666666666430e+01,-2.088274457065289469e-03
2.506250000000000000e+01,-2.151749842616042588e-03
2.508333333333333215e+01,-2.214866245715522812e-03
2.510416666666666430e+01,-2.277613592931415718e-03
2.512500000000000000e+01,-2.339981833990130086e-03
2.514583333333333215e+01,-2.401960944911882105e-03
2.516666666666666430e+01,-2.463540931162257717e-03
2.518750000000000000e+01,-2.524711830749420006e-03
2.520833333333333215e+01,-2.585463717278607253e-03
2.522916666666666430e+01,-2.645786702902191111e-03
2.525000000000000000e+01,-2.705670941181527976e-03
2.527083333333333215e+01,-2.765106629902573492e-03
2.529166666666666430e+01,-2.824084013724692099e-03
2.531250000000000000e+01,-2.882593386781291157e-03
2.533333333333333215e+01,-2.940625095170052924e-03
2.535416666666666430e+01,-2.998169539387245119e-03
2.537500000000000000e+01,-3.055217176612324420e-03
2.539583333333333215e+01,-3.111758523043418097e-03
2.541666666666666430e+01,-3.167784156142291248e-03
2.543750000000000000e+01,-3.223284716793368455e-03
2.545833333333333215e+01,-3.278250911505747964e-03
2.547916666666666430e+01,-3.332673514560796722e-03
2.550000000000000000e+01,-3.386543370142629759e-03
2.552083333333333215e+01,-3.439851394418417911e-03
2.554166666666666430e+01,-3.492588577659304101e-03
2.556250000000000000e+01,-3.544745986297322213e-03
2.558333333333333215e+01,-3.596314764969815551e-03
2.560416666666666430e+01,-3.647286138524759823e-03
2.562500000000000000e+01,-3.697651413994286918e-03
2.564583333333333215e+01,-3.747401982570305531e-03
2.566666666666666430e+01,-3.796529321484226269e-03
2.568750000000000000e+01,-3.845024995905060080e-03
2.570833333333333215e+01,-3.892880660742058328e-03
2.572916666666666430e+01,-3.940088062477785542e-03
2.575000000000000000e+01,-3.986639040918993175e-03
2.577083333333333215e+01,-4.032525530925712594e-03
2.579166666666666430e+01,-4.077739564134342902e-03
2.581250000000000000e+01,-4.122273270620012593e-03
2.583333333333333215e+01,-4.166118880572584372e-03
2.585416666666666430e+01,-4.209268725923647966e-03
2.587500000000000000e+01,-4.251715241981028626e-03
2.589583333333333215e+01,-4.293450969023779491e-03
2.591666666666666430e+01,-4.334468553915102329e-03
2.593750000000000000e+01,-4.374760751662659305e-03
2.595833333333333215e+01,-4.414320426980374024e-03
2.597916666666666430e+01,-4.453140555872815189e-03
2.600000000000000000e+01,-4.491214227110579792e-03
2.602083333333333215e+01,-4.528534643801901405e-03
2.604166666666666430e+01,-4.565095124852480701e-03
2.606250000000000000e+01,-4.600889106455726546e-03
2.608333333333333215e+01,-4.635910143550900364e-03
2.610416666666666430e+01,-4.670151911276617523e-03
2.612500000000000000e+01,-4.703608206374511845e-03
2.614583333333333215e+01,-4.736272948547813784e-03
2.616666666666666430e+01,-4.768140181893004703e-03
2.618750000000000000e+01,-4.799204076236231360e-03
2.620833333333333215e+01,-4.829458928465316797e-03
2.622916666666666430e+01,-4.858899163816756024e-03
2.625000000000000000e+01,-4.887519337210894516e-03
2.627083333333333215e+01,-4.915314134500426910e-03
2.629166666666666430e+01,-4.942278373733915812e-03
2.631250000000000000e+01,-4.968407006412526097e-03
2.633333333333333215e+01,-4.993695118674205263e-03
2.635416666666666430e+01,-5.018137932519695782e-03
2.637500000000000000e+01,-5.041730806972458817e-03
2.639583333333333215e+01,-5.064469239270902833e-03
2.641666666666666430e+01,-5.086348865990627383e-03
2.643750000000000000e+01,-5.107365464160884203e-03
2.645833333333333215e+01,-5.127514952365345123e-03
2.647916666666666430e+01,-5.146793391826939151e-03
2.650000000000000000e+01,-5.165196987459333422e-03
2.652083333333333215e+01,-5.182722088895853202e-03
2.654166666666666430e+01,-5.199365191502485807e-03
2.656250000000000000e+01,-5.215122937367808360e-03
2.658333333333333215e+01,-5.229992116252450522e-03
2.660416666666666430e+01,-5.243969666515206976e-03
2.662500000000000000e+01,-5.257052676057067005e-03
2.664583333333333215e+01,-5.269238383191348317e-03
2.666666666666666430e+01,-5.280524177514317463e-03
2.668750000000000000e+01,-5.290907600716196479e-03
2.670833333333333215e+01,-5.300386347453066131e-03
2.672916666666666430e+01,-5.308958266058988115e-03
2.675000000000000000e+01,-5.316621359369814830e-03
2.677083333333333215e+01,-5.323373785445164805e-03
2.679166666666666430e+01,-5.329213858269630892e-03
2.681250000000000000e+01,-5.334140048423976002e-03
2.683333333333333215e+01,-5.338150983779810059e-03
2.685416666666666430e+01,-5.341245450108655750e-03
2.687500000000000000e+01,-5.343422391697597550e-03
2.689583333333333215e+01,-5.344680911897493371e-03
2.691666666666666430e+01,-5.345020273692093968e-03
2.693750000000000000e+01,-5.344439900223792519e-03
2.695833333333333215e+01,-5.342939375281994391e-03
2.697916666666666430e+01,-5.340518443750495378e-03
2.700000000000000000e+01,-5.337177012032957336e-03
2.702083333333333215e+01,-5.332915148499702690e-03
2.704166666666666430e+01,-5.327733083823190871e-03
2.706250000000000000e+01,-5.321631211323988100e-03
2.708333333333333215e+01,-5.314610087315975624e-03
2.710416666666666430e+01,-5.306670431357743238e-03
2.712500000000000000e+01,-5.297813126524709287e-03
2.714583333333333215e+01,-5.288039219629963976e-03
2.716666666666666430e+01,-5.277349921425206723e-03
2.718750000000000000e+01,-5.265746606767700289e-03
2.720833333333333215e+01,-5.253230814742960823e-03
2.722916666666666430e+01,-5.239804248758801568e-03
2.725000000000000000e+01,-5.225468776653871897e-03
2.727083333333333215e+01,-5.210226430741290819e-03
2.729166666666666430e+01,-5.194079407783837830e-03
2.731250000000000000e+01,-5.177030068998206454e-03
2.733333333333333215e+01,-5.159080940010131282e-03
2.735416666666666430e+01,-5.140234710778692449e-03
2.737500000000000000e+01,-5.120494235496405103e-03
2.739583333333333215e+01,-5.099862532435988673e-03
2.741666666666666430e+01,-5.078342783786829288e-03
2.743750000000000000e+01,-5.055938335456633230e-03
2.745833333333333215e+01,-5.032652696865445863e-03
2.747916666666666430e+01,-5.008489540684050133e-03
2.750000000000000000e+01,-4.983452702536555166e-03
2.752083333333333215e+01,-4.957546180701612702e-03
2.754166666666666430e+01,-4.930774135771812811e-03
2.756250000000000000e+01,-4.903140890295848604e-03
2.758333333333333215e+01,-4.874650928374625776e-03
2.760416666666666430e+01,-4.845308895258386081e-03
2.762500000000000000e+01,-4.815119596886539843e-03
2.764583333333333215e+01,-4.784087999434379242e-03
2.766666666666666430e+01,-4.752219228818819162e-03
2.768750000000000000e+01,-4.719518570176720745e-03
2.770833333333333215e+01,-4.685991467321851817e-03
2.772916666666666430e+01,-4.651643522213467358e-03
2.775000000000000000e+01,-4.616480494355371805e-03
2.777083333333333215e+01,-4.580508300209691804e-03
2.779166666666666430e+01,-4.543733012557582898e-03
2.781250000000000000e+01,-4.506160859905266290e-03
2.783333333333333215e+01,-4.467798225811356848e-03
2.785416666666666430e+01,-4.428651648221350323e-03
2.787500000000000000e+01,-4.388727818807451782e-03
2.789583333333333215e+01,-4.348033582279986660e-03
2.791666666666666430e+01,-4.306575935696692857e-03
2.793750000000000000e+01,-4.264362027724466660e-03
2.795833333333333215e+01,-4.221399157972908003e-03
2.797916666666666430e+01,-4.177694776279722820e-03
2.800000000000000000e+01,-4.133256481970032543e-03
2.802083333333333215e+01,-4.088092023137171634e-03
2.804166666666666430e+01,-4.042209295964745500e-03
2.806250000000000000e+01,-3.995616343974123068e-03
2.808333333333333215e+01,-3.948321357333351572e-03
2.810416666666666430e+01,-3.900332672159791212e-03
2.812500000000000000e+01,-3.851658769827296085e-03
2.814583333333333215e+01,-3.802308276261558238e-03
2.816666666666666430e+01,-3.752289961271891745e-03
2.818750000000000000e+01,-3.701612737934412319e-03
2.820833333333333215e+01,-3.650285661896237981e-03
2.822916666666666430e+01,-3.598317930716610734e-03
2.825000000000000000e+01,-3.545718883295192851e-03
2.827083333333333215e+01,-3.492497999243344108e-03
2.829166666666666430e+01,-3.438664898265704570e-03
2.831250000000000000e+01,-3.384229339561468670e-03
2.833333333333333215e+01,-3.329201221224529529e-03
2.835416666666666430e+01,-3.273590579670816389e-03
2.837500000000000000e+01,-3.217407589009846792e-03
2.839583333333333215e+01,-3.160662560407758240e-03
2.841666666666666430e+01,-3.103365941484085427e-03
2.843750000000000000e+01,-3.045528315564041081e-03
2.845833333333333215e+01,-2.987160400977346367e-03
2.847916666666666430e+01,-2.928273050239157786e-03
2.850000000000000000e+01,-2.868877249135028291e-03
2.852083333333333215e+01,-2.808984115717423104e-03
2.854166666666666430e+01,-2.748604899156736458e-03
2.856250000000000000e+01,-2.687750978429675856e-03
2.858333333333333215e+01,-2.626433860785897488e-03
2.860416666666666430e+01,-2.564665179987081923e-03
2.862500000000000000e+01,-2.502456694311816499e-03
2.864583333333333215e+01,-2.439820284171574823e-03
2.866666666666666430e+01,-2.376767949386307966e-03
2.868750000000000000e+01,-2.313311806070738556e-03
2.870833333333333215e+01,-2.249464083038814170e-03
2.872916666666666430e+01,-2.185237117675719026e-03
2.875000000000000000e+01,-2.120643351234529489e-03
2.877083333333333215e+01,-2.055695323518772280e-03
2.879166666666666430e+01,-1.990405666918202299e-03
2.881250000000000000e+01,-1.924787099723804804e-03
2.883333333333333215e+01,-1.858852418646843785e-03
2.885416666666666430e+01,-1.792614490594771721e-03
2.887500000000000000e+01,-1.726086243700425665e-03
2.889583333333333215e+01,-1.659280657467677913e-03
2.891666666666666430e+01,-1.592210752224236612e-03
2.893750000000000000e+01,-1.524889577785420178e-03
2.895833333333333215e+01,-1.457330201464658928e-03
2.897916666666666430e+01,-1.389545695479537301e-03
2.900000000000000000e+01,-1.321549123873776458e-03
2.902083333333333215e+01,-1.253353529033213089e-03
2.904166666666666430e+01,-1.184971918024692013e-03
2.906250000000000000e+01,-1.116417248927507270e-03
2.908333333333333215e+01,-1.047702417293714956e-03
2.910416666666666430e+01,-9.788402429885883702e-04
2.912500000000000000e+01,-9.098434575932396904e-04
2.914583333333333215e+01,-8.407246926800189708e-04
2.916666666666666430e+01,-7.714964690946769354e-04
2.918750000000000000e+01,-7.021711874739658453e-04
2.920833333333333215e+01,-6.327611201995316653e-04
2.922916666666666430e+01,-5.632784049500687675e-04
2.925000000000000000e+01,-4.937350399494616279e-04
2.927083333333333215e+01,-4.241428810328125342e-04
2.929166666666666430e+01,-3.545136405506372026e-04
2.931250000000000000e+01,-2.848588881001103547e-04
2.933333333333333215e+01,-2.151900529816860462e-04
2.935416666666666430e+01,-1.455184283993867639e-04
2.937500000000000000e+01,-7.585517711598658858e-05
2.939583333333333215e+01,-6.211338443374731553e-06
2.941666666666666430e+01,6.340216363733022190e-05
2.943750000000000000e+01,1.329745115378680855e-04
2.945833333333333215e+01,2.024949845013984575e-04
2.947916666666666430e+01,2.719529486408084318e-04
2.950000000000000000e+01,3.413378469306416543e-04
2.952083333333333215e+01,4.106391892807278337e-04
2.954166666666666430e+01,4.798465430100197341e-04
2.956250000000000000e+01,5.489495237655403438e-04
2.958333333333333215e+01,6.179377871292979826e-04
2.960416666666666430e+01,6.868010210057681015e-04
2.962500000000000000e+01,7.555289388214399618e-04
2.964583333333333215e+01,8.241112736457531767e-04
2.966666666666666430e+01,8.925377731553266495e-04
2.968750000000000000e+01,9.607981954974986272e-04
2.970833333333333215e+01,1.028882305974829735e-03
2.972916666666666430e+01,1.096779874473319694e-03
2.975000000000000000e+01,1.164480673637361243e-03
2.977083333333333215e+01,1.231974477665654906e-03
2.979166666666666430e+01,1.299251061596558982e-03
2.981250000000000000e+01,1.366300201151017914e-03
2.983333333333333215e+01,1.433111672983606926e-03
2.985416666666666430e+01,1.499675255252757525e-03
2.987500000000000000e+01,1.565980728528751668e-03
2.989583333333333215e+01,1.632017876938286673e-03
2.991666666666666430e+01,1.697776489578014213e-03
2.993750000000000000e+01,1.763246362105141875e-03
2.995833333333333215e+01,1.828417298485103971e-03
2.997916666666666430e+01,1.893279112925002781e-03
3.000000000000000000e+01,1.957821631963852123e-03
3.002083333333333215e+01,2.022034696648894632e-03
3.004166666666666430e+01,2.085908164842314744e-03
3.006250000000000000e+01,2.149431913611696103e-03
3.008333333333333215e+01,2.212595841709769084e-03
3.010416666666666430e+01,2.275389872123181889e-03
3.012500000000000000e+01,2.337803954656740221e-03
3.014583333333333215e+01,2.399828068519287583e-03
3.016666666666666430e+01,2.461452224966865273e-03
3.018750000000000000e+01,2.522666469940929718e-03
3.020833333333333215e+01,2.583460886647684623e-03
3.022916666666666430e+01,2.643825598158280540e-03
3.025000000000000000e+01,2.703750769948126947e-03
3.027083333333333215e+01,2.763226612398983224e-03
3.029166666666666430e+01,2.822243383277920573e-03
3.031250000000000000e+01,2.880791390148149632e-03
3.033333333333333215e+01,2.938860992719469732e-03
3.035416666666666430e+01,2.996442605199455857e-03
3.037500000000000000e+01,3.053526698583545161e-03
3.039583333333333215e+01,3.110103802880552319e-03
3.041666666666666430e+01,3.166164509322265310e-03
3.043750000000000000e+01,3.221699472572281831e-03
3.045833333333333215e+01,3.276699412849953114e-03
3.047916666666666430e+01,3.331155118057036509e-03
3.050000000000000000e+01,3.385057445883087740e-03
3.052083333333333215e+01,3.438397325891182250e-03
3.054166666666666430e+01,3.491165761529442003e-03
3.056250000000000000e+01,3.543353832164202952e-03
3.058333333333333215e+01,3.594952695114098876e-03
3.060416666666666430e+01,3.645953587570587191e-03
3.062500000000000000e+01,3.696347828572127143e-03
3.064583333333333215e+01,3.746126820895048348e-03
3.066666666666666430e+01,3.795282052969872061e-03
3.068750000000000000e+01,3.843805100720158394e-03
3.070833333333333215e+01,3.891687629384063974e-03
3.072916666666666430e+01,3.938921395336749190e-03
3.075000000000000000e+01,3.985498247861144448e-03
3.077083333333333215e+01,4.031410130889550095e-03
3.079166666666666430e+01,4.076649084753761199e-03
3.081250000000000000e+01,4.121207247855613633e-03
3.083333333333333215e+01,4.165076858372450570e-03
3.085416666666666430e+01,4.208250255940854632e-03
3.087500000000000000e+01,4.250719883239868421e-03
3.089583333333333215e+01,4.292478287681069683e-03
3.091666666666666430e+01,4.333518122972578913e-03
3.093750000000000000e+01,4.373832150734862333e-03
3.095833333333333215e+01,4.413413242051259823e-03
3.097916666666666430e+01,4.452254379029031359e-03
3.100000000000000000e+01,4.490348656364866013e-03
3.102083333333333215e+01,4.527689282815320314e-03
3.104166666666666430e+01,4.564269582712458286e-03
3.106250000000000000e+01,4.600082997471824017e-03
3.108333333333333215e+01,4.635123087029961904e-03
3.110416666666666430e+01,4.669383531279161330e-03
3.112500000000000000e+01,4.702858131511940959e-03
3.114583333333333215e+01,4.735540811806704213e-03
3.116666666666666430e+01,4.767425620410685981e-03
3.118750000000000000e+01,4.798506731133379659e-03
3.120833333333333215e+01,4.828778444662830578e-03
3.122916666666666430e+01,4.858235189882816746e-03
3.125000000000000000e+01,4.886871525180400133e-03
3.127083333333333215e+01,4.914682139776012891e-03
3.129166666666666430e+01,4.941661854933057478e-03
3.131250000000000000e+01,4.967805625225546300e-03
3.133333333333333215e+01,4.993108539756389332e-03
3.135416666666666430e+01,5.017565823393820880e-03
3.137500000000000000e+01,5.041172837911517962e-03
3.139583333333333215e+01,5.063925083191404657e-03
3.141666666666666430e+01,5.085818198341180048e-03
3.143750000000000000e+01,5.106847962841907194e-03
3.145833333333333215e+01,5.127010297619306357e-03
3.147916666666666430e+01,5.146301266145157823e-03
3.150000000000000000e+01,5.164717075513196483e-03
3.152083333333333215e+01,5.182254077423455521e-03
3.154166666666666430e+01,5.198908769210557577e-03
3.156250000000000000e+01,5.214677794852599566e-03
3.158333333333333215e+01,5.229557945924685064e-03
3.160416666666666430e+01,5.243546162526678718e-03
3.162500000000000000e+01,5.256639534209682149e-03
3.164583333333333215e+01,5.268835300857387105e-03
3.166666666666666430e+01,5.280130853556718427e-03
3.168750000000000000e+01,5.290523735450739472e-03
3.170833333333333215e+01,5.300011642530701693e-03
3.172916666666666430e+01,5.308592424439185185e-03
3.175000000000000000e+01,5.316264085224185580e-03
3.177083333333333215e+01,5.323024784107960837e-03
3.179166666666666430e+01,5.328872836163163138e-03
3.181250000000000000e+01,5.333806712999488407e-03
3.183333333333333215e+01,5.337825043436320548e-03
3.185416666666666430e+01,5.340926614128771455e-03
3.187500000000000000e+01,5.343110370165741682e-03
3.189583333333333215e+01,5.344375415652020782e-03
3.191666666666666430e+01,5.344721014242386110e-03
3.193750000000000000e+01,5.344146589661881094e-03
3.195833333333333215e+01,5.342651726209760206e-03
3.197916666666666430e+01,5.340236169199021055e-03
3.200000000000000000e+01,5.336899825398418000e-03
3.202083333333332860e+01,5.332642763425375285e-03
3.204166666666666430e+01,5.327465214126607049e-03
3.206250000000000000e+01,5.321367570919704332e-03
3.208333333333332860e+01,5.314350390095523395e-03
3.210416666666666430e+01,5.306414391105482818e-03
3.212500000000000000e+01,5.297560456814312708e-03
3.214583333333332860e+01,5.287789633711860969e-03
3.216666666666666430e+01,5.277103132137194418e-03
3.218750000000000000e+01,5.265502326379803422e-03
3.220833333333332860e+01,5.252988754852616279e-03
3.222916666666666430e+01,5.239564120190284315e-03
3.225000000000000000e+01,5.225230289291680000e-03
3.227083333333332860e+01,5.209989293395211711e-03
3.229166666666666430e+01,5.193843328026347475e-03
3.231250000000000000e+01,5.176794753044844551e-03
3.233333333333332860e+01,5.158846092526677210e-03
3.235416666666666430e+01,5.140000034718163711e-03
3.237500000000000000e+01,5.120259431909782513e-03
3.239583333333332860e+01,5.099627300285037960e-03
3.241666666666666430e+01,5.078106819746595890e-03
3.243750000000000000e+01,5.055701333706840925e-03
3.245833333333332860e+01,5.032414348857906783e-03
3.247916666666666430e+01,5.008249534906477826e-03
3.250000000000000000e+01,4.983210724272236873e-03
3.252083333333332860e+01,4.957301911771127244e-03
3.254166666666666430e+01,4.930527254265378370e-03
3.256250000000000000e+01,4.902891070284478257e-03
3.258333333333332860e+01,4.874397839599271115e-03
3.260416666666666430e+01,4.845052202812768181e-03
3.262500000000000000e+01,4.814858960908547161e-03
3.264583333333332860e+01,4.783823074749651329e-03
3.266666666666666430e+01,4.751949664567997091e-03
3.268750000000000000e+01,4.719244009437621734e-03
3.270833333333332860e+01,4.685711546727438018e-03
3.272916666666666430e+01,4.651357871521013404e-03
3.275000000000000000e+01,4.616188736004290735e-03
3.277083333333332860e+01,4.580210048880386207e-03
3.279166666666666430e+01,4.543427874705329925e-03
3.281250000000000000e+01,4.505848433261271276e-03
3.283333333333332860e+01,4.467478098872263229e-03
3.285416666666666430e+01,4.428323399720246988e-03
3.287500000000000000e+01,4.388391017185441605e-03
3.289583333333332860e+01,4.347687785100422427e-03
3.291666666666666430e+01,4.306220689072532033e-03
3.293750000000000000e+01,4.263996865743694548e-03
3.295833333333332860e+01,4.221023602076909124e-03
3.297916666666666430e+01,4.177308334646067170e-03
3.300000000000000000e+01,4.132858648886781651e-03
3.302083333333332860e+01,4.087682278384739340e-03
3.304166666666666430e+01,4.041787104167177298e-03
3.306250000000000000e+01,3.995181153966046936e-03
3.308333333333332860e+01,3.947872601577076188e-03
3.310416666666666430e+01,3.899869766118209489e-03
3.312500000000000000e+01,3.851181111359056053e-03
3.314583333333332860e+01,3.801815245093651159e-03
3.316666666666666430e+01,3.751780918509483448e-03
3.318750000000000000e+01,3.701087025571502855e-03
3.320833333333332860e+01,3.649742602418657583e-03
3.322916666666666430e+01,3.597756826821608273e-03
3.325000000000000000e+01,3.545139017652764336e-03
3.327083333333332860e+01,3.491898634400642919e-03
3.329166666666666430e+01,3.438045276674901989e-03
3.331250000000000000e+01,3.383588683778779999e-03
3.333333333333332860e+01,3.328538734304733147e-03
3.335416666666666430e+01,3.272905445725713281e-03
3.337500000000000000e+01,3.216698974041840714e-03
3.339583333333332860e+01,3.159929613455006100e-03
3.341666666666666430e+01,3.102607796008007186e-03
3.343750000000000000e+01,3.044744091234589597e-03
3.345833333333332860e+01,2.986349205839847892e-03
3.347916666666666430e+01,2.927433983292349572e-03
3.350000000000000000e+01,2.868009403429535361e-03
3.352083333333332860e+01,2.808086581950263588e-03
3.354166666666666430e+01,2.747676769823145012e-03
3.356250000000000000e+01,2.686791352586908026e-03
3.358333333333332860e+01,2.625441849515802815e-03
3.360416666666666430e+01,2.563639912493658694e-03
3.362500000000000000e+01,2.501397324731988950e-03
3.364583333333332860e+01,2.438725999177545917e-03
3.366666666666666430e+01,2.375637976547025423e-03
3.368750000000000000e+01,2.312145422927574297e-03
3.370833333333332860e+01,2.248260626926343493e-03
3.372916666666666430e+01,2.183995996286986711e-03
3.375000000000000000e+01,2.119364053859246807e-03
3.377083333333332860e+01,2.054377432827716402e-03
3.379166666666666430e+01,1.989048871233379916e-03
3.381250000000000000e+01,1.923391205580723875e-03
3.383333333333332860e+01,1.857417363593410033e-03
3.385416666666666430e+01,1.791140355979723873e-03
3.387500000000000000e+01,1.724573267114342442e-03
3.389583333333332860e+01,1.657729244719592177e-03
3.391666666666666430e+01,1.590621488510860198e-03
3.393750000000000000e+01,1.523263237745460215e-03
3.395833333333332860e+01,1.455667757761983051e-03
3.397916666666666430e+01,1.387848325595603984e-03
3.400000000000000000e+01,1.319818214767406496e-03
3.402083333333332860e+01,1.251590679446542773e-03
3.404166666666666430e+01,1.183178938012286992e-03
3.406250000000000000e+01,1.114596156377815461e-03
3.408333333333332860e+01,1.045855431321745946e-03
3.410416666666666430e+01,9.769697740602159390e-04
3.412500000000000000e+01,9.079520943737793637e-04
3.414583333333332860e+01,8.388151855723326991e-04
3.416666666666666430e+01,7.695717107103713407e-04
3.418750000000000000e+01,7.002341903031994051e-04
3.420833333333332860e+01,6.308149918264830801e-04
3.422916666666666430e+01,5.613263212644802004e-04
3.425000000000000000e+01,4.917802169162151715e-04
3.427083333333332860e+01,4.221885456004560808e-04
3.429166666666666430e+01,3.525630013602086771e-04
3.431250000000000000e+01,2.829151066678347866e-04
3.433333333333332860e+01,2.132562160382779170e-04
3.435416666666666430e+01,1.435975219124431415e-04
3.437500000000000000e+01,7.395006262561157361e-05
3.439583333333332860e+01,4.324732225446641928e-06
3.441666666666666430e+01,-6.526770831248385814e-05
3.443750000000000000e+01,-1.348166187194643122e-04
3.445833333333332860e+01,-2.043114662872062099e-04
3.447916666666666430e+01,-2.737418123875824238e-04
3.450000000000000000e+01,-3.430972990040499792e-04
3.452083333333332860e+01,-4.123676355684684778e-04
3.454166666666666430e+01,-4.815425864297349641e-04
3.456250000000000000e+01,-5.506119592092933784e-04
3.458333333333332860e+01,-6.195655942616976660e-04
3.460416666666666430e+01,-6.883933552916108364e-04
3.462500000000000000e+01,-7.570851212631457983e-04
3.464583333333332860e+01,-8.256307796035470235e-04
3.466666666666666430e+01,-8.940202206911451906e-04
3.468750000000000000e+01,-9.622433335777590526e-04
3.470833333333332860e+01,-1.030290002764328592e-03
3.472916666666666430e+01,-1.098150105958585433e-03
3.475000000000000000e+01,-1.165813512776755437e-03
3.477083333333332860e+01,-1.233270084150308752e-03
3.479166666666666430e+01,-1.300509672302167102e-03
3.481250000000000000e+01,-1.367522121256096665e-03
3.483333333333332860e+01,-1.434297267768219883e-03
3.485416666666666430e+01,-1.500824942584096707e-03
3.487500000000000000e+01,-1.567094971877719140e-03
3.489583333333332860e+01,-1.633097179027366520e-03
3.491666666666666430e+01,-1.698821386485475015e-03
3.493750000000000000e+01,-1.764257417788273356e-03
3.495833333333332860e+01,-1.829395099773269877e-03
3.497916666666666430e+01,-1.894224264917852970e-03
3.500000000000000000e+01,-1.958734753738921707e-03
3.502083333333332860e+01,-2.022916417384942184e-03
3.504166666666666430e+01,-2.086759120282443390e-03
3.506250000000000000e+01,-2.150252742884457141e-03
3.508333333333332860e+01,-2.213387184520897080e-03
3.510416666666666430e+01,-2.276152366280533718e-03
3.512500000000000000e+01,-2.338538233952303959e-03
3.514583333333332860e+01,-2.400534760939112243e-03
3.516666666666666430e+01,-2.462131951193329178e-03
3.518750000000000000e+01,-2.523319842153370907e-03
3.520833333333332860e+01,-2.584088507629048615e-03
3.522916666666666430e+01,-2.644428060546797059e-03
3.525000000000000000e+01,-2.704328655701361463e-03
3.527083333333332860e+01,-2.763780492468413674e-03
3.529166666666666430e+01,-2.822773817373093897e-03
3.531250000000000000e+01,-2.881298926592023180e-03
3.533333333333332860e+01,-2.939346168429734802e-03
3.535416666666666430e+01,-2.996905945649397558e-03
3.537500000000000000e+01,-3.053968717814033260e-03
3.539583333333332860e+01,-3.110525003609663185e-03
3.541666666666666430e+01,-3.166565383032908434e-03
3.543750000000000000e+01,-3.222080499573692306e-03
3.545833333333332860e+01,-3.277061062410040193e-03
3.547916666666666430e+01,-3.331497848539974067e-03
3.550000000000000000e+01,-3.385381704908716274e-03
3.552083333333332860e+01,-3.438703550492094169e-03
3.554166666666666430e+01,-3.491454378361632128e-03
3.556250000000000000e+01,-3.543625257741927093e-03
3.558333333333332860e+01,-3.595207336035433857e-03
3.560416666666666430e+01,-3.646191840807861285e-03
3.562500000000000000e+01,-3.696570081742986662e-03
3.564583333333332860e+01,-3.746333452574004876e-03
3.566666666666666430e+01,-3.795473432996031120e-03
3.568750000000000000e+01,-3.843981590523667079e-03
3.570833333333332860e+01,-3.891849582280099747e-03
3.572916666666666430e+01,-3.939069156857925857e-03
3.575000000000000000e+01,-3.985632156042929683e-03
3.577083333333332860e+01,-4.031530516591939547e-03
3.579166666666666430e+01,-4.076756271892961227e-03
3.581250000000000000e+01,-4.121301553673708401e-03
3.583333333333332860e+01,-4.165158593721809098e-03
3.585416666666666430e+01,-4.208319725481858044e-03
3.587500000000000000e+01,-4.250777385675888649e-03
3.589583333333332860e+01,-4.292524115934701762e-03
3.591666666666666430e+01,-4.333552564418638627e-03
3.593750000000000000e+01,-4.373855487379470393e-03
3.595833333333332860e+01,-4.413425750734560789e-03
3.597916666666666430e+01,-4.452256331582797599e-03
3.600000000000000000e+01,-4.490340319771228376e-03
3.602083333333332860e+01,-4.527670919417222176e-03
3.604166666666666430e+01,-4.564241450399028968e-03
3.606250000000000000e+01,-4.600045349798001851e-03
3.608333333333332860e+01,-4.635076173387928274e-03
3.610416666666666430e+01,-4.669327597072432320e-03
3.612500000000000000e+01,-4.702793418310857558e-03
3.614583333333332860e+01,-4.735467557492987686e-03
3.616666666666666430e+01,-4.767344059314746439e-03
3.618750000000000000e+01,-4.798417094152774252e-03
3.620833333333332860e+01,-4.828680959403134319e-03
3.622916666666666430e+01,-4.858130080786626954e-03
3.625000000000000000e+01,-4.886759013637561634e-03
3.627083333333332860e+01,-4.914562444203170698e-03
3.629166666666666430e+01,-4.941535190889833826e-03
3.631250000000000000e+01,-4.967672205521215731e-03
3.633333333333332860e+01,-4.992968574536100525e-03
3.635416666666666430e+01,-5.017419520208179877e-03
3.637500000000000000e+01,-5.041020401809909353e-03
3.639583333333332860e+01,-5.063766716801396811e-03
3.641666666666666430e+01,-5.085654101954823272e-03
3.643750000000000000e+01,-5.106678334459375905e-03
3.645833333333332860e+01,-5.126835333074322189e-03
3.647916666666666430e+01,-5.146121159146947385e-03
3.650000000000000000e+01,-5.164532017684152210e-03
3.652083333333332860e+01,-5.182064258413907575e-03
3.654166666666666430e+01,-5.198714376755281599e-03
3.656250000000000000e+01,-5.214479014838094457e-03
3.658333333333332860e+01,-5.229354962434457944e-03
3.660416666666666430e+01,-5.243339157898692024e-03
3.662500000000000000e+01,-5.256428689105680126e-03
3.664583333333332860e+01,-5.268620794333315170e-03
3.666666666666666430e+01,-5.279912863093838907e-03
3.668750000000000000e+01,-5.290302437004055537e-03
3.670833333333332860e+01,-5.299787210605574894e-03
3.672916666666666430e+01,-5.308365032129632941e-03
3.675000000000000000e+01,-5.316033904278961129e-03
3.677083333333332860e+01,-5.322791984923180668e-03
3.679166666666666430e+01,-5.328637587876467775e-03
3.681250000000000000e+01,-5.333569183543157045e-03
3.683333333333332860e+01,-5.337585399578943443e-03
3.685416666666666430e+01,-5.340685021508410034e-03
3.687500000000000000e+01,-5.342866993349244809e-03
3.689583333333332860e+01,-5.344130418184516416e-03
3.691666666666666430e+01,-5.344474558688861766e-03
3.693750000000000000e+01,-5.343898837685240322e-03
3.695833333333332860e+01,-5.342402838589110914e-03
3.697916666666666430e+01,-5.339986305895693883e-03
3.700000000000000000e+01,-5.336649145606111103e-03
3.702083333333332860e+01,-5.332391425642899960e-03
3.704166666666666430e+01,-5.327213376196396864e-03
3.706250000000000000e+01,-5.321115390082623714e-03
3.708333333333332860e+01,-5.314098023053613444e-03
3.710416666666666430e+01,-5.306161994097402697e-03
3.712500000000000000e+01,-5.297308185664703802e-03
3.714583333333332860e+01,-5.287537643886280371e-03
3.716666666666666430e+01,-5.276851578808526219e-03
3.718750000000000000e+01,-5.265251364536225297e-03
3.720833333333332860e+01,-5.252738539340137507e-03
3.722916666666666430e+01,-5.239314805767821513e-03
3.725000000000000000e+01,-5.224982030741134875e-03
3.727083333333332860e+01,-5.209742245595831711e-03
3.729166666666666430e+01,-5.193597646060300194e-03
3.731250000000000000e+01,-5.176550592237111163e-03
3.733333333333332860e+01,-5.158603608567467573e-03
3.735416666666666430e+01,-5.139759383764255438e-03
3.737500000000000000e+01,-5.120020770704921190e-03
3.739583333333332860e+01,-5.099390786233204062e-03
3.741666666666666430e+01,-5.077872611023255198e-03
3.743750000000000000e+01,-5.055469589401245627e-03
3.745833333333332860e+01,-5.032185229098018985e-03
3.747916666666666430e+01,-5.008023200964054761e-03
3.750000000000000000e+01,-4.982987338723090728e-03
3.752083333333332860e+01,-4.957081638614731743e-03
3.754166666666666430e+01,-4.930310259092769189e-03
3.756250000000000000e+01,-4.902677520408923670e-03
3.758333333333332860e+01,-4.874187904269014146e-03
3.760416666666666430e+01,-4.844846053353870675e-03
3.762500000000000000e+01,-4.814656770883192841e-03
3.764583333333332860e+01,-4.783625020176473890e-03
3.766666666666666430e+01,-4.751755924113723779e-03
3.768750000000000000e+01,-4.719054764611511563e-03
3.770833333333332860e+01,-4.685526982095921701e-03
3.772916666666666430e+01,-4.651178174942228842e-03
3.775000000000000000e+01,-4.616014098875579480e-03
3.777083333333332860e+01,-4.580040666359573055e-03
3.779166666666666430e+01,-4.543263945966428963e-03
3.781250000000000000e+01,-4.505690161763417460e-03
3.783333333333332860e+01,-4.467325692635895108e-03
3.785416666666666430e+01,-4.428177071614698701e-03
3.787500000000000000e+01,-4.388250985202851381e-03
3.789583333333332860e+01,-4.347554272688410049e-03
3.791666666666666430e+01,-4.306093925411009528e-03
3.793750000000000000e+01,-4.263877086088351843e-03
3.795833333333332860e+01,-4.220911048081349599e-03
3.797916666666666430e+01,-4.177203254675064016e-03
3.800000000000000000e+01,-4.132761298366356348e-03
3.802083333333332860e+01,-4.087592920143390436e-03
3.804166666666666430e+01,-4.041706008777395422e-03
3.806250000000000000e+01,-3.995108600082719445e-03
3.808333333333332860e+01,-3.947808876249590815e-03
3.810416666666666430e+01,-3.899815165121169828e-03
3.812500000000000000e+01,-3.851135939532562315e-03
3.814583333333332860e+01,-3.801779816632075686e-03
3.816666666666666430e+01,-3.751755557222201821e-03
3.818750000000000000e+01,-3.701072065130651002e-03
3.820833333333332860e+01,-3.649738386582630084e-03
3.822916666666666430e+01,-3.597763709609165615e-03
3.825000000000000000e+01,-3.545157363468793427e-03
3.827083333333332860e+01,-3.491928818078793122e-03
3.829166666666666430e+01,-3.438087683459137636e-03
3.831250000000000000e+01,-3.383643709240021294e-03
3.833333333333332860e+01,-3.328606784129636235e-03
3.835416666666666430e+01,-3.272986935434717831e-03
3.837500000000000000e+01,-3.216794328526832291e-03
3.839583333333332860e+01,-3.160039266367760218e-03
3.841666666666666430e+01,-3.102732189011712504e-03
3.843750000000000000e+01,-3.044883673078395935e-03
3.845833333333332860e+01,-2.986504431168671581e-03
3.847916666666666430e+01,-2.927605311254498095e-03
3.850000000000000000e+01,-2.868197296023136406e-03
3.852083333333332860e+01,-2.808291502072635722e-03
3.854166666666666430e+01,-2.747899179027961120e-03
3.856250000000000000e+01,-2.687031708494455693e-03
3.858333333333332860e+01,-2.625700602850143846e-03
3.860416666666666430e+01,-2.563917503788747890e-03
3.862500000000000000e+01,-2.501694180612005873e-03
3.864583333333332860e+01,-2.439042528183301122e-03
3.866666666666666430e+01,-2.375974564621079373e-03
3.868750000000000000e+01,-2.312502428458772068e-03
3.870833333333332860e+01,-2.248638375340955651e-03
3.872916666666666430e+01,-2.184394774268641481e-03
3.875000000000000000e+01,-2.119784103210564218e-03
3.877083333333332860e+01,-2.054818944009602182e-03
3.879166666666666430e+01,-1.989511976602002189e-03
3.881250000000000000e+01,-1.923875972497112591e-03
3.883333333333332860e+01,-1.857923787407546540e-03
3.885416666666666430e+01,-1.791668352996029709e-03
3.887500000000000000e+01,-1.725122667742817577e-03
3.889583333333332860e+01,-1.658299786926014817e-03
3.891666666666666430e+01,-1.591212811708259253e-03
3.893750000000000000e+01,-1.523874877304759153e-03
3.895833333333332860e+01,-1.456299140361002860e-03
3.897916666666666430e+01,-1.388498765594718643e-03
3.900000000000000000e+01,-1.320486911791293131e-03
3.902083333333332860e+01,-1.252276717286345854e-03
3.904166666666666430e+01,-1.183881285131628503e-03
3.906250000000000000e+01,-1.115313668121337056e-03
3.908333333333332860e+01,-1.046586853878516028e-03
3.910416666666666430e+01,-9.777137502979072001e-04
3.912500000000000000e+01,-9.087071715481635044e-04
3.914583333333332860e+01,-8.395798248859839743e-04
3.916666666666666430e+01,-7.703442985812120102e-04
3.918750000000000000e+01,-7.010130512383940665e-04
3.920833333333332860e+01,-6.315984026563077440e-04
3.922916666666666430e+01,-5.621125264296339625e-04
3.925000000000000000e+01,-4.925674445714591431e-04
3.927083333333332860e+01,-4.229750241415624690e-04
3.929166666666666430e+01,-3.533469759602130239e-04
3.931250000000000000e+01,-2.836948554703627051e-04
3.933333333333332860e+01,-2.140300656177310929e-04
3.935416666666666430e+01,-1.443638617119563205e-04
3.937500000000000000e+01,-7.470735794745703596e-05
3.939583333333332860e+01,-5.071535505044575958e-06
3.941666666666666430e+01,6.453274803226847665e-05
3.943750000000000000e+01,1.340947483193123799e-04
3.945833333333332860e+01,2.036038232307219899e-04
3.947916666666666430e+01,2.730494214511239802e-04
3.950000000000000000e+01,3.424210709310997322e-04
3.952083333333332860e+01,4.117083676065899124e-04
3.954166666666666430e+01,4.809009645281789314e-04
3.956250000000000000e+01,5.499885617002856289e-04
3.958333333333332860e+01,6.189608966353612237e-04
3.960416666666666430e+01,6.878077359442239880e-04
3.962500000000000000e+01,7.565188678864308769e-04
3.964583333333332860e+01,8.250840960344950435e-04
3.966666666666666430e+01,8.934932339165276190e-04
3.968750000000000000e+01,9.617361007135375893e-04
3.970833333333332860e+01,1.029802517911468504e-03
3.972916666666666430e+01,1.097682306808601526e-03
3.975000000000000000e+01,1.165365286821196372e-03
3.977083333333332860e+01,1.232841274453266465e-03
3.979166666666666430e+01,1.300100082846910969e-03
3.981250000000000000e+01,1.367131521899522676e-03
3.983333333333332860e+01,1.433925398748384962e-03
3.985416666666666430e+01,1.500471518581617501e-03
3.987500000000000000e+01,1.566759685808313167e-03
3.989583333333332860e+01,1.632779705461891813e-03
3.991666666666666430e+01,1.698521384799047589e-03
3.993750000000000000e+01,1.763974535048723393e-03
3.995833333333332860e+01,1.829128973413142803e-03
3.997916666666666430e+01,1.893974525161498147e-03
4.000000000000000000e+01,1.958501025849589908e-03
4.002083333333332860e+01,2.022698323688387149e-03
4.004166666666666430e+01,2.086556282014798060e-03
4.006250000000000000e+01,2.150064781840433249e-03
4.008333333333332860e+01,2.213213724477973172e-03
4.010416666666666430e+01,2.275993034230889417e-03
4.012500000000000000e+01,2.338392661178713677e-03
4.014583333333332860e+01,2.400402583884824435e-03
4.016666666666666430e+01,2.462012812157705639e-03
4.018750000000000000e+01,2.523213389840704701e-03
4.020833333333332860e+01,2.583994397506415418e-03
4.022916666666666430e+01,2.644345955144206551e-03
4.025000000000000000e+01,2.704258224826017361e-03
4.027083333333332860e+01,2.763721413266601295e-03
4.029166666666666430e+01,2.822725774348044340e-03
4.031250000000000000e+01,2.881261611611653662e-03
4.033333333333332860e+01,2.939319280641319778e-03
4.035416666666666430e+01,2.996889191435027529e-03
4.037500000000000000e+01,3.053961810728313044e-03
4.039583333333332860e+01,3.110527664257404807e-03
4.041666666666666430e+01,3.166577338950937043e-03
4.043750000000000000e+01,3.222101485159193854e-03
4.045833333333332860e+01,3.277090818811982924e-03
4.047916666666666430e+01,3.331536123546711015e-03
4.050000000000000000e+01,3.385428252814368186e-03
4.052083333333332860e+01,3.438758131974862988e-03
4.054166666666666430e+01,3.491516760343652253e-03
4.056250000000000000e+01,3.543695213246853687e-03
4.058333333333332860e+01,3.595284644009250248e-03
4.060416666666666430e+01,3.646276285934190765e-03
4.062500000000000000e+01,3.696661454267701537e-03
4.064583333333332860e+01,3.746431548135495480e-03
4.066666666666666430e+01,3.795578052396125172e-03
4.068750000000000000e+01,3.844092539542800103e-03
4.070833333333332860e+01,3.891966671500749278e-03
4.072916666666666430e+01,3.939192201450284619e-03
4.075000000000000000e+01,3.985760975602922751e-03
4.077083333333332860e+01,4.031664934939610881e-03
4.079166666666666430e+01,4.076896116931317052e-03
4.081250000000000000e+01,4.121446657263139711e-03
4.083333333333332860e+01,4.165308791473087968e-03
4.085416666666666430e+01,4.208474856632614045e-03
4.087500000000000000e+01,4.250937292991777312e-03
4.089583333333332860e+01,4.292688645599934856e-03
4.091666666666666430e+01,4.333721565889081702e-03
4.093750000000000000e+01,4.374028813272384623e-03
4.095833333333332860e+01,4.413603256721822937e-03
4.097916666666666430e+01,4.452437876307888294e-03
4.100000000000000000e+01,4.490525764741474558e-03
4.102083333333332860e+01,4.527860128890710475e-03
4.104166666666666430e+01,4.564434291285612844e-03
4.106250000000000000e+01,4.600241691572804804e-03
4.108333333333332860e+01,4.635275887998217825e-03
4.110416666666666430e+01,4.669530558849164723e-03
4.112500000000000000e+01,4.702999503872419725e-03
4.114583333333332860e+01,4.735676645651496104e-03
4.116666666666666430e+01,4.767556031015389960e-03
4.118750000000000000e+01,4.798631832389616686e-03
4.120833333333332860e+01,4.828898349148832113e-03
4.122916666666666430e+01,4.858350008925061206e-03
4.125000000000000000e+01,4.886981368896671334e-03
4.127083333333332860e+01,4.914787117089627379e-03
4.129166666666666430e+01,4.941762073648194031e-03
4.131250000000000000e+01,4.967901192079971114e-03
4.133333333333332860e+01,4.993199560444945909e-03
4.135416666666666430e+01,5.017652402585530066e-03
4.137500000000000000e+01,5.041255079315599789e-03
4.139583333333332860e+01,5.064003089577171282e-03
4.141666666666666430e+01,5.085892071582379624e-03
4.143750000000000000e+01,5.106917803936587320e-03
4.145833333333332860e+01,5.127076206735787720e-03
4.147916666666666430e+01,5.146363342654495208e-03
4.150000000000000000e+01,5.164775417994223357e-03
4.152083333333332860e+01,5.182308783707581523e-03
4.154166666666666430e+01,5.198959936433481498e-03
4.156250000000000000e+01,5.214725519451999559e-03
4.158333333333332860e+01,5.229602323666566500e-03
4.160416666666666430e+01,5.243587288555258755e-03
4.162500000000000000e+01,5.256677503058208335e-03
4.164583333333332860e+01,5.268870206470325362e-03
4.166666666666666430e+01,5.280162789328769583e-03
4.168750000000000000e+01,5.290552794215958206e-03
4.170833333333332860e+01,5.300037916630534127e-03
4.172916666666666430e+01,5.308616005735257264e-03
4.175000000000000000e+01,5.316285065102529725e-03
4.177083333333332860e+01,5.323043253495440309e-03
4.179166666666666430e+01,5.328888885560531530e-03
4.181250000000000000e+01,5.333820432530326193e-03
4.183333333333332860e+01,5.337836522835650958e-03
4.185416666666666430e+01,5.340935942777362035e-03
4.187500000000000000e+01,5.343117637105792260e-03
4.189583333333332860e+01,5.344380709617214086e-03
4.191666666666666430e+01,5.344724423689573359e-03
4.193750000000000000e+01,5.344148202789326951e-03
4.195833333333332860e+01,5.342651630975719067e-03
4.197916666666666430e+01,5.340234453338092886e-03
4.200000000000000000e+01,5.336896576477417713e-03
4.202083333333332860e+01,5.332638068850407802e-03
4.204166666666666430e+01,5.327459161175863989e-03
4.206250000000000000e+01,5.321360246766869764e-03
4.208333333333332860e+01,5.314341881841436015e-03
4.210416666666666430e+01,5.306404785809174483e-03
4.212500000000000000e+01,5.297549841536571685e-03
4.214583333333332860e+01,5.287778095547478706e-03
4.216666666666666430e+01,5.277090758205996157e-03
4.218750000000000000e+01,5.265489203915658598e-03
4.220833333333332860e+01,5.252974971239115706e-03
4.222916666666666430e+01,5.239549762966654728e-03
4.225000000000000000e+01,5.225215446206651557e-03
4.227083333333332860e+01,5.209974052459658174e-03
4.229166666666666430e+01,5.193827777572748196e-03
4.231250000000000000e+01,5.176778981731543217e-03
4.233333333333332860e+01,5.158830189421799092e-03
4.235416666666666430e+01,5.139984089354598593e-03
4.237500000000000000e+01,5.120243534335879379e-03
4.239583333333332860e+01,5.099611541107320831e-03
4.241666666666666430e+01,5.078091290184001683e-03
4.243750000000000000e+01,5.055686125693638865e-03
4.245833333333332860e+01,5.032399555108675940e-03
4.247916666666666430e+01,5.008235248958805598e-03
4.250000000000000000e+01,4.983197040562455278e-03
4.252083333333332860e+01,4.957288925721935538e-03
4.254166666666666430e+01,4.930515062390699275e-03
4.256250000000000000e+01,4.902879770262756100e-03
4.258333333333332860e+01,4.874387530357660557e-03
4.260416666666666430e+01,4.845042984623284740e-03
4.262500000000000000e+01,4.814850935495403224e-03
4.264583333333332860e+01,4.783816345415111207e-03
4.266666666666666430e+01,4.751944336273795401e-03
4.268750000000000000e+01,4.719240188931632905e-03
4.270833333333332860e+01,4.685709342659853324e-03
4.272916666666666430e+01,4.651357394603957210e-03
4.275000000000000000e+01,4.616190099133987527e-03
4.277083333333332860e+01,4.580213367253339364e-03
4.279166666666666430e+01,4.543433265984717258e-03
4.281250000000000000e+01,4.505856017736329690e-03
4.283333333333332860e+01,4.467487999621936462e-03
4.285416666666666430e+01,4.428335742761127167e-03
4.287500000000000000e+01,4.388405931640249925e-03
4.289583333333332860e+01,4.347705403409983689e-03
4.291666666666666430e+01,4.306241147148961133e-03
4.293750000000000000e+01,4.264020303170248764e-03
4.295833333333332860e+01,4.221050162308320926e-03
4.297916666666666430e+01,4.177338165190259099e-03
4.300000000000000000e+01,4.132891901543697850e-03
4.302083333333332860e+01,4.087719109418926251e-03
4.304166666666666430e+01,4.041827674513506254e-03
4.306250000000000000e+01,3.995225629483687216e-03
4.308333333333332860e+01,3.947921153212629285e-03
4.310416666666666430e+01,3.899922570119859853e-03
4.312500000000000000e+01,3.851238349488661852e-03
4.314583333333332860e+01,3.801877104834655661e-03
4.316666666666666430e+01,3.751847593227300177e-03
4.318750000000000000e+01,3.701158714681790276e-03
4.320833333333332860e+01,3.649819511550903093e-03
4.322916666666666430e+01,3.597839167960989546e-03
4.325000000000000000e+01,3.545227009239809626e-03
4.327083333333332860e+01,3.491992501395223703e-03
4.329166666666666430e+01,3.438145250597429183e-03
4.331250000000000000e+01,3.383695002697253811e-03
4.333333333333332860e+01,3.328651642763764268e-03
4.335416666666666430e+01,3.273025194641247717e-03
4.337500000000000000e+01,3.216825820496648034e-03
4.339583333333332860e+01,3.160063820391687157e-03
4.341666666666666430e+01,3.102749631861359807e-03
4.343750000000000000e+01,3.044893829471237694e-03
4.345833333333332860e+01,2.986507124350633747e-03
4.347916666666666430e+01,2.927600363636639284e-03
4.350000000000000000e+01,2.868184529935789880e-03
4.352083333333332860e+01,2.808270740705212307e-03
4.354166666666666430e+01,2.747870247430909008e-03
4.356250000000000000e+01,2.686994434740227599e-03
4.358333333333332860e+01,2.625654819345487126e-03
4.360416666666666430e+01,2.563863048722387662e-03
4.362500000000000000e+01,2.501630899608580684e-03
4.364583333333332860e+01,2.438970276098419675e-03
4.366666666666666430e+01,2.375893207468809075e-03
4.368750000000000000e+01,2.312411845535635758e-03
4.370833333333332860e+01,2.248538461544400367e-03
4.372916666666666430e+01,2.184285442504960411e-03
4.375000000000000000e+01,2.119665286941746149e-03
4.377083333333332860e+01,2.054690599922945598e-03
4.379166666666666430e+01,1.989374087418471684e-03
4.381250000000000000e+01,1.923728549758056553e-03
4.383333333333332860e+01,1.857766874266792052e-03
4.385416666666666430e+01,1.791502027024588668e-03
4.387500000000000000e+01,1.724947043619825962e-03
4.389583333333332860e+01,1.658115018993174808e-03
4.391666666666666430e+01,1.591019096236983600e-03
4.393750000000000000e+01,1.523672454506180742e-03
4.395833333333332860e+01,1.456088296039971313e-03
4.397916666666666430e+01,1.388279832348464967e-03
4.400000000000000000e+01,1.320260269634466197e-03
4.402083333333332860e+01,1.252042793735869000e-03
4.404166666666666430e+01,1.183640554638192054e-03
4.406250000000000000e+01,1.115066650766338230e-03
4.408333333333332860e+01,1.046334113340647957e-03
4.410416666666666430e+01,9.774558910528021935e-04
4.412500000000000000e+01,9.084448353164900278e-04
4.414583333333332860e+01,8.393136863766319147e-04
4.416666666666666430e+01,7.700750605337362831e-04
4.418750000000000000e+01,7.007414388201389224e-04
4.420833333333332860e+01,6.313251573781692707e-04
4.422916666666666430e+01,5.618383997034982150e-04
4.425000000000000000e+01,4.922931909414861307e-04
4.427083333333332860e+01,4.227013943896645799e-04
4.429166666666666430e+01,3.530747103139516879e-04
4.431250000000000000e+01,2.834246769766391371e-04
4.433333333333332860e+01,2.137626738752292088e-04
4.435416666666666430e+01,1.440999270238354254e-04
4.437500000000000000e+01,7.444751615142449885e-05
4.439583333333332860e+01,4.816383566228876830e-06
4.441666666666666430e+01,-6.478265573247671749e-05
4.443750000000000000e+01,-1.343389028389879649e-04
4.445833333333332860e+01,-2.038417630338358382e-04
4.447916666666666430e+01,-2.732807335059608171e-04
4.450000000000000000e+01,-3.426453910457877478e-04
4.452083333333332860e+01,-4.119253799818686670e-04
4.454166666666666430e+01,-4.811104006820427544e-04
4.456250000000000000e+01,-5.501901987526205788e-04
4.458333333333332860e+01,-6.191545551585092393e-04
4.460416666666666430e+01,-6.879932774493684091e-04
4.462500000000000000e+01,-7.566961920839190359e-04
4.464583333333332860e+01,-8.252531378524684486e-04
4.466666666666666430e+01,-8.936539605196191409e-04
4.468750000000000000e+01,-9.618885085059519086e-04
4.470833333333332860e+01,-1.029946629639774246e-03
4.472916666666666430e+01,-1.097818168748354670e-03
4.475000000000000000e+01,-1.165492966101996323e-03
4.477083333333332860e+01,-1.232960856624143973e-03
4.479166666666666430e+01,-1.300211669610610351e-03
4.481250000000000000e+01,-1.367235228975079847e-03
4.483333333333332860e+01,-1.434021353932285773e-03
4.485416666666666430e+01,-1.500559860040058969e-03
4.487500000000000000e+01,-1.566840560453296085e-03
4.489583333333332860e+01,-1.632853267476137458e-03
4.491666666666666430e+01,-1.698587794277981377e-03
4.493750000000000000e+01,-1.764033956801475209e-03
4.495833333333332860e+01,-1.829181575814016513e-03
4.497916666666666430e+01,-1.894020479132061665e-03
4.500000000000000000e+01,-1.958540503911045637e-03
4.502083333333332860e+01,-2.022731499096165272e-03
4.504166666666666430e+01,-2.086583328003893505e-03
4.506250000000000000e+01,-2.150085870940242165e-03
4.508333333333332860e+01,-2.213229027913107307e-03
4.510416666666666430e+01,-2.276002721447116517e-03
4.512500000000000000e+01,-2.338396899357021979e-03
4.514583333333332860e+01,-2.400401537612899434e-03
4.516666666666666430e+01,-2.462006643140518796e-03
4.518750000000000000e+01,-2.523202256686535305e-03
4.520833333333332860e+01,-2.583978455591168320e-03
4.522916666666666430e+01,-2.644325356479913618e-03
4.525000000000000000e+01,-2.704233117983369933e-03
4.527083333333332860e+01,-2.763691943345551825e-03
4.529166666666666430e+01,-2.822692082997657701e-03
4.531250000000000000e+01,-2.881223837014977324e-03
4.533333333333332860e+01,-2.939277557559823954e-03
4.535416666666666430e+01,-2.996843651249434925e-03
4.537500000000000000e+01,-3.053912581463424491e-03
4.539583333333332860e+01,-3.110474870625770487e-03
4.541666666666666430e+01,-3.166521102417695251e-03
4.543750000000000000e+01,-3.222041924002392969e-03
4.545833333333332860e+01,-3.277028048158902186e-03
4.547916666666666430e+01,-3.331470255430649292e-03
4.550000000000000000e+01,-3.385359396234260791e-03
4.552083333333332860e+01,-3.438686392971289016e-03
4.554166666666666430e+01,-3.491442242061367027e-03
4.556250000000000000e+01,-3.543618015985896749e-03
4.558333333333332860e+01,-3.595204865331884121e-03
4.560416666666666430e+01,-3.646194020734652447e-03
4.562500000000000000e+01,-3.696576794860426639e-03
4.564583333333332860e+01,-3.746344584326119151e-03
4.566666666666666430e+01,-3.795488871584727208e-03
4.568750000000000000e+01,-3.844001226801292692e-03
4.570833333333332860e+01,-3.891873309665763638e-03
4.572916666666666430e+01,-3.939096871207066128e-03
4.575000000000000000e+01,-3.985663755566973970e-03
4.577083333333332860e+01,-4.031565901724794634e-03
4.579166666666666430e+01,-4.076795345234349166e-03
4.581250000000000000e+01,-4.121344219907608492e-03
4.583333333333332860e+01,-4.165204759515063297e-03
4.585416666666666430e+01,-4.208369299408741722e-03
4.587500000000000000e+01,-4.250830278149953304e-03
4.589583333333332860e+01,-4.292580239177867449e-03
4.591666666666666430e+01,-4.333611832361414402e-03
4.593750000000000000e+01,-4.373917815587127951e-03
4.595833333333332860e+01,-4.413491056368858655e-03
4.597916666666666430e+01,-4.452324533373072830e-03
4.600000000000000000e+01,-4.490411337922287083e-03
4.602083333333332860e+01,-4.527744675565586324e-03
4.604166666666666430e+01,-4.564317867536776818e-03
4.606250000000000000e+01,-4.600124352244367061e-03
4.608333333333332860e+01,-4.635157686748100220e-03
4.610416666666666430e+01,-4.669411548175339370e-03
4.612500000000000000e+01,-4.702879735140123342e-03
4.614583333333332860e+01,-4.735556169148811417e-03
4.616666666666666430e+01,-4.767434895980926686e-03
4.618750000000000000e+01,-4.798510087074504479e-03
4.620833333333332860e+01,-4.828776040802754306e-03
4.622916666666666430e+01,-4.858227183835277414e-03
4.625000000000000000e+01,-4.886858072444269334e-03
4.627083333333332860e+01,-4.914663393763192729e-03
4.629166666666666430e+01,-4.941637967067006795e-03
4.631250000000000000e+01,-4.967776745003504336e-03
4.633333333333332860e+01,-4.993074814809027664e-03
4.635416666666666430e+01,-5.017527399532740150e-03
4.637500000000000000e+01,-5.041129859206028470e-03
4.639583333333332860e+01,-5.063877692016086410e-03
4.641666666666666430e+01,-5.085766535427443946e-03
4.643750000000000000e+01,-5.106792167322175835e-03
4.645833333333332860e+01,-5.126950507095428926e-03
4.647916666666666430e+01,-5.146237616752110007e-03
4.650000000000000000e+01,-5.164649701900230969e-03
4.652083333333332860e+01,-5.182183112844195721e-03
4.654166666666666430e+01,-5.198834345585986311e-03
4.656250000000000000e+01,-5.214600042808950620e-03
4.658333333333332860e+01,-5.229476994814305849e-03
4.660416666666666430e+01,-5.243462140456854430e-03
4.662500000000000000e+01,-5.256552568109405278e-03
4.664583333333332860e+01,-5.268745516532006429e-03
4.666666666666666430e+01,-5.280038375701384852e-03
4.668750000000000000e+01,-5.290428687662954155e-03
4.670833333333332860e+01,-5.299914147386802603e-03
4.672916666666666430e+01,-5.308492603528162067e-03
4.675000000000000000e+01,-5.316162059161255032e-03
4.677083333333332860e+01,-5.322920672561296668e-03
4.679166666666666430e+01,-5.328766757905250250e-03
4.681250000000000000e+01,-5.333698785946172291e-03
4.683333333333332860e+01,-5.337715384656113206e-03
4.685416666666666430e+01,-5.340815339901229183e-03
4.687500000000000000e+01,-5.342997595998842664e-03
4.689583333333332860e+01,-5.344261256325166277e-03
4.691666666666666430e+01,-5.344605583833153366e-03
4.693750000000000000e+01,-5.344030001593466292e-03
4.695833333333332860e+01,-5.342534093265606521e-03
4.697916666666666430e+01,-5.340117603571185347e-03
4.700000000000000000e+01,-5.336780438727653335e-03
4.702083333333332860e+01,-5.332522666842883993e-03
4.704166666666666430e+01,-5.327344518281402520e-03
4.706250000000000000e+01,-5.321246386023817040e-03
4.708333333333332860e+01,-5.314228825955468784e-03
4.710416666666666430e+01,-5.306292557168241879e-03
4.712500000000000000e+01,-5.297438462225957830e-03
4.714583333333332860e+01,-5.287667587352869701e-03
4.716666666666666430e+01,-5.276981142639223382e-03
4.718750000000000000e+01,-5.265380502221334892e-03
4.720833333333332860e+01,-5.252867204398941822e-03
4.722916666666666430e+01,-5.239442951708524025e-03
4.725000000000000000e+01,-5.225109611035512469e-03
4.727083333333332860e+01,-5.209869213644222757e-03
4.729166666666666430e+01,-5.193723955188531485e-03
4.731250000000000000e+01,-5.176676195665883516e-03
4.733333333333332860e+01,-5.158728459379460264e-03
4.735416666666666430e+01,-5.139883434859283604e-03
4.737500000000000000e+01,-5.120143974765008037e-03
4.739583333333332860e+01,-5.099513095716768675e-03
4.741666666666666430e+01,-5.077993978120621220e-03
4.743750000000000000e+01,-5.055589965991369450e-03
4.745833333333332860e+01,-5.032304566703729547e-03
4.747916666666666430e+01,-5.008141450724649252e-03
4.750000000000000000e+01,-4.983104451352226780e-03
4.752083333333332860e+01,-4.957197564353130192e-03
4.754166666666666430e+01,-4.930424947653921572e-03
4.756250000000000000e+01,-4.902790920953570102e-03
4.758333333333332860e+01,-4.874299965327722611e-03
4.760416666666666430e+01,-4.844956722788913012e-03
4.762500000000000000e+01,-4.814765995842591045e-03
4.764583333333332860e+01,-4.783732747007920540e-03
4.766666666666666430e+01,-4.751862098317498166e-03
4.768750000000000000e+01,-4.719159330795928524e-03
4.770833333333332860e+01,-4.685629883891941592e-03
4.772916666666666430e+01,-4.651279354942529712e-03
4.775000000000000000e+01,-4.616113498561300564e-03
4.777083333333332860e+01,-4.580138226007283292e-03
4.779166666666666430e+01,-4.543359604608544940e-03
4.781250000000000000e+01,-4.505783857089639029e-03
4.783333333333332860e+01,-4.467417360900633599e-03
4.785416666666666430e+01,-4.428266647559008298e-03
4.787500000000000000e+01,-4.388338401972067052e-03
4.789583333333332860e+01,-4.347639461733443511e-03
4.791666666666666430e+01,-4.306176816409794036e-03
4.793750000000000000e+01,-4.263957606833328889e-03
4.795833333333332860e+01,-4.220989124373947417e-03
4.797916666666666430e+01,-4.177278810263269221e-03
4.800000000000000000e+01,-4.132834254817988051e-03
4.802083333333332860e+01,-4.087663196763421589e-03
4.804166666666666430e+01,-4.041773522474552578e-03
4.806250000000000000e+01,-3.995173265305768107e-03
4.808333333333332860e+01,-3.947870604887662553e-03
4.810416666666666430e+01,-3.899873866405928653e-03
4.812500000000000000e+01,-3.851191519937108027e-03
4.814583333333332860e+01,-3.801832179787445129e-03
4.816666666666666430e+01,-3.751804603866747048e-03
4.818750000000000000e+01,-3.701117693029814821e-03
4.820833333333332860e+01,-3.649780490463502315e-03
4.822916666666666430e+01,-3.597802181126889733e-03
4.825000000000000000e+01,-3.545192091189428366e-03
4.827083333333332860e+01,-3.491959687457745452e-03
4.829166666666666430e+01,-3.438114576880907554e-03
4.831250000000000000e+01,-3.383666506061421952e-03
4.833333333333332860e+01,-3.328625360739041056e-03
4.835416666666666430e+01,-3.273001165358560820e-03
4.837500000000000000e+01,-3.216804082606489115e-03
4.839583333333332860e+01,-3.160044412962064592e-03
4.841666666666666430e+01,-3.102732594231277872e-03
4.843750000000000000e+01,-3.044879201095139140e-03
4.845833333333332860e+01,-2.986494944601363402e-03
4.847916666666666430e+01,-2.927590671623859272e-03
4.850000000000000000e+01,-2.868177364254786890e-03
4.852083333333332860e+01,-2.808266139122005817e-03
4.854166666666666430e+01,-2.747868246583353227e-03
4.856250000000000000e+01,-2.686995069796064509e-03
4.858333333333332860e+01,-2.625658123594057196e-03
4.860416666666666430e+01,-2.563869053135440796e-03
4.862500000000000000e+01,-2.501639632329754476e-03
4.864583333333332860e+01,-2.438981761949438661e-03
4.866666666666666430e+01,-2.375907467372171799e-03
4.868750000000000000e+01,-2.312428895884515931e-03
4.870833333333332860e+01,-2.248558313545764333e-03
4.872916666666666430e+01,-2.184308101496126430e-03
4.875000000000000000e+01,-2.119690751662393381e-03
4.877083333333332860e+01,-2.054718861791163254e-03
4.879166666666666430e+01,-1.989405129730344168e-03
4.881250000000000000e+01,-1.923762346936205977e-03
4.883333333333332860e+01,-1.857803391126374446e-03
4.885416666666666430e+01,-1.791541218023199981e-03
4.887500000000000000e+01,-1.724988852176066257e-03
4.889583333333332860e+01,-1.658159376833697038e-03
4.891666666666666430e+01,-1.591065922860195611e-03
4.893750000000000000e+01,-1.523721656743609381e-03
4.895833333333332860e+01,-1.456139767697889591e-03
4.897916666666666430e+01,-1.388333454036760070e-03
4.900000000000000000e+01,-1.320315908767675118e-03
4.902083333333332860e+01,-1.252100304668127663e-03
4.904166666666666430e+01,-1.183699778997148334e-03
4.906250000000000000e+01,-1.115127418053022150e-03
4.908333333333332860e+01,-1.046396241712302735e-03
4.910416666666666430e+01,-9.775191883221029648e-04
4.912500000000000000e+01,-9.085091001567718177e-04
4.914583333333332860e+01,-8.393787097309770044e-04
4.916666666666666430e+01,-7.701406272281913646e-04
4.918750000000000000e+01,-7.008073293349991731e-04
4.920833333333332860e+01,-6.313911496948835774e-04
4.922916666666666430e+01,-5.619042712833053959e-04
4.925000000000000000e+01,-4.923587207508985574e-04
4.927083333333332860e+01,-4.227663649389989801e-04
4.929166666666666430e+01,-3.531389095998928762e-04
4.931250000000000000e+01,-2.834879003685918217e-04
4.933333333333332860e+01,-2.138247258516876113e-04
4.935416666666666430e+01,-1.441606227789810296e-04
4.937500000000000000e+01,-7.450668295370157504e-05
4.939583333333332860e+01,-4.873861853171746565e-06
4.941666666666666430e+01,6.472701144509379319e-05
4.943750000000000000e+01,1.342852233225392189e-04
4.945833333333332860e+01,2.037901640019888544e-04
4.947916666666666430e+01,2.732313155178433791e-04
4.950000000000000000e+01,3.425982396259905473e-04
4.952083333333332860e+01,4.118805659534262613e-04
4.954166666666666430e+01,4.810679806805566255e-04
4.956250000000000000e+01,5.501502159327057535e-04
4.958333333333332860e+01,6.191170400040126639e-04
4.960416666666666430e+01,6.879582486367009789e-04
4.962500000000000000e+01,7.566636574077949522e-04
4.964583333333332860e+01,8.252230952301162561e-04
4.966666666666666430e+01,8.936263989601472661e-04
4.968750000000000000e+01,9.618634090666709205e-04
4.970833333333332860e+01,1.029923966275847176e-03
4.972916666666666430e+01,1.097797909212845820e-03
4.975000000000000000e+01,1.165475072790158901e-03
4.977083333333332860e+01,1.232945287247206321e-03
4.979166666666666430e+01,1.300198377875624043e-03
4.981250000000000000e+01,1.367224165231082289e-03
4.983333333333332860e+01,1.434012465721851409e-03
4.985416666666666430e+01,1.500553092554368206e-03
4.987500000000000000e+01,1.566835857040317550e-03
4.989583333333332860e+01,1.632850570057491372e-03
4.991666666666666430e+01,1.698587043680096316e-03
4.993750000000000000e+01,1.764035093119208477e-03
4.995833333333332860e+01,1.829184538735036374e-03
4.997916666666666430e+01,1.894025208184815443e-03
5.000000000000000000e+01,1.958546938731185912e-03
5.002083333333332860e+01,2.022739579674199227e-03
5.004166666666666430e+01,2.086592994857509268e-03
5.006250000000000000e+01,2.150097065312071842e-03
5.008333333333332860e+01,2.213241691898004074e-03
5.010416666666666430e+01,2.276016798116536899e-03
5.012500000000000000e+01,2.338412332891278561e-03
5.014583333333332860e+01,2.400418273358549855e-03
5.016666666666666430e+01,2.462024627671170404e-03
5.018750000000000000e+01,2.523221437841775827e-03
5.020833333333332860e+01,2.583998782496975313e-03
5.022916666666666430e+01,2.644346779566994834e-03
5.025000000000000000e+01,2.704255588995367263e-03
5.027083333333332860e+01,2.763715415327636787e-03
5.029166666666666430e+01,2.822716510271560970e-03
5.031250000000000000e+01,2.881249175168546992e-03
5.033333333333332860e+01,2.939303763417990597e-03
5.035416666666666430e+01,2.996870682861830018e-03
5.037500000000000000e+01,3.053940398081860658e-03
5.039583333333332860e+01,3.110503432668171829e-03
5.041666666666666430e+01,3.166550371454813703e-03
5.043750000000000000e+01,3.222071862732770603e-03
5.045833333333332860e+01,3.277058620378340507e-03
5.047916666666666430e+01,3.331501426013375351e-03
5.050000000000000000e+01,3.385391131124275681e-03
5.052083333333332860e+01,3.438718659118028716e-03
5.054166666666666430e+01,3.491475007420022023e-03
5.056250000000000000e+01,3.543651249503081482e-03
5.058333333333332860e+01,3.595238536890392553e-03
5.060416666666666430e+01,3.646228101130551038e-03
5.062500000000000000e+01,3.696611255791556593e-03
5.064583333333332860e+01,3.746379398338325201e-03
5.066666666666666430e+01,3.795524012057664969e-03
5.068750000000000000e+01,3.844036667907762845e-03
5.070833333333332860e+01,3.891909026354720743e-03
5.072916666666666430e+01,3.939132839178711466e-03
5.075000000000000000e+01,3.985699951222272490e-03
5.077083333333332860e+01,4.031602302167400925e-03
5.079166666666666430e+01,4.076831928231046225e-03
5.081250000000000000e+01,4.121380963884085404e-03
5.083333333333332860e+01,4.165241643509825370e-03
5.085416666666666430e+01,4.208406303069816244e-03
5.087500000000000000e+01,4.250867381717888388e-03
5.089583333333332860e+01,4.292617423460039910e-03
5.091666666666666430e+01,4.333649078713236631e-03
5.093750000000000000e+01,4.373955105928219872e-03
5.095833333333332860e+01,4.413528373129351964e-03
5.097916666666666430e+01,4.452361859474607969e-03
5.100000000000000000e+01,4.490448656810070056e-03
5.102083333333332860e+01,4.527781971148800953e-03
5.104166666666666430e+01,4.564355124187663600e-03
5.106250000000000000e+01,4.600161554798780014e-03
5.108333333333332860e+01,4.635194820476582107e-03
5.110416666666666430e+01,4.669448598770639496e-03
5.112500000000000000e+01,4.702916688718458693e-03
5.114583333333332860e+01,4.735593012231085683e-03
5.116666666666666430e+01,4.767471615480553364e-03
5.118750000000000000e+01,4.798546670270012124e-03
5.120833333333332860e+01,4.828812475365732056e-03
5.122916666666666430e+01,4.858263457793808755e-03
5.125000000000000000e+01,4.886894174174189961e-03
5.127083333333332860e+01,4.914699311998261232e-03
5.129166666666666430e+01,4.941673690878637878e-03
5.131250000000000000e+01,4.967812263791492391e-03
5.133333333333332860e+01,4.993110118296476170e-03
5.135416666666666430e+01,5.017562477758372511e-03
5.137500000000000000e+01,5.041164702536545320e-03
5.139583333333332860e+01,5.063912291105674562e-03
5.141666666666666430e+01,5.085800881230708760e-03
5.143750000000000000e+01,5.106826251099747839e-03
5.145833333333332860e+01,5.126984320388368842e-03
5.147916666666666430e+01,5.146271151363293432e-03
5.150000000000000000e+01,5.164682949941552803e-03
5.152083333333332860e+01,5.182216066696656784e-03
5.154166666666666430e+01,5.198866997893156032e-03
5.156250000000000000e+01,5.214632386461645966e-03
5.158333333333332860e+01,5.229509022967964577e-03
5.160416666666666430e+01,5.243493846541980724e-03
5.162500000000000000e+01,5.256583945792870673e-03
5.164583333333332860e+01,5.268776559714585632e-03
5.166666666666666430e+01,5.280069078532662226e-03
5.168750000000000000e+01,5.290459044545839200e-03
5.170833333333332860e+01,5.299944152939153538e-03
5.172916666666666430e+01,5.308522252597536184e-03
5.175000000000000000e+01,5.316191346840372887e-03
5.177083333333332860e+01,5.322949594159759150e-03
5.179166666666666430e+01,5.328795308953478138e-03
5.181250000000000000e+01,5.333726962192035688e-03
5.183333333333332860e+01,5.337743182080135519e-03
5.185416666666666430e+01,5.340842754677820395e-03
5.187500000000000000e+01,5.343024624526745460e-03
5.189583333333332860e+01,5.344287895201737040e-03
5.191666666666666430e+01,5.344631829872478757e-03
5.193750000000000000e+01,5.344055851803407656e-03
5.195833333333332860e+01,5.342559544854874956e-03
5.197916666666666430e+01,5.340142653964617681e-03
5.200000000000000000e+01,5.336805085540232037e-03
5.202083333333332860e+01,5.332546907868662700e-03
5.204166666666666430e+01,5.327368351519315252e-03
5.206250000000000000e+01,5.321269809669119076e-03
5.208333333333332860e+01,5.314251838389013466e-03
5.210416666666666430e+01,5.306315156959793070e-03
5.212500000000000000e+01,5.297460648129445442e-03
5.214583333333332860e+01,5.287689358304380888e-03
5.216666666666666430e+01,5.277002497765880852e-03
5.218750000000000000e+01,5.265401440816486894e-03
5.220833333333332860e+01,5.252887725938080836e-03
5.222916666666666430e+01,5.239463055865519435e-03
5.225000000000000000e+01,5.225129297655687656e-03
5.227083333333332860e+01,5.209888482739486598e-03
5.229166666666666430e+01,5.193742806949177074e-03
5.231250000000000000e+01,5.176694630457198514e-03
5.233333333333332860e+01,5.158746477747888637e-03
5.235416666666666430e+01,5.139901037520426541e-03
5.237500000000000000e+01,5.120161162608041425e-03
5.239583333333332860e+01,5.099529869797722777e-03
5.241666666666666430e+01,5.078010339679523213e-03
5.243750000000000000e+01,5.055605916436990005e-03
5.245833333333332860e+01,5.032320107611587892e-03
5.247916666666666430e+01,5.008156583849159710e-03
5.250000000000000000e+01,4.983119178610067972e-03
5.252083333333332860e+01,4.957211887849272830e-03
5.254166666666666430e+01,4.930438869654399370e-03
5.256250000000000000e+01,4.902804443908544661e-03
5.258333333333332860e+01,4.874313091854720788e-03
5.260416666666666430e+01,4.844969455686673476e-03
5.262500000000000000e+01,4.814778338078721728e-03
5.264583333333332860e+01,4.783744701748471329e-03
5.266666666666666430e+01,4.751873668916348735e-03
5.268750000000000000e+01,4.719170520767659860e-03
5.270833333333332860e+01,4.685640696954549225e-03
5.272916666666666430e+01,4.651289794998033841e-03
5.275000000000000000e+01,4.616123569704409270e-03
5.277083333333332860e+01,4.580147932542047613e-03
5.279166666666666430e+01,4.543368951032997032e-03
5.281250000000000000e+01,4.505792848100876637e-03
5.283333333333332860e+01,4.467426001416626401e-03
5.285416666666666430e+01,4.428274942717183235e-03
5.287500000000000000e+01,4.388346357127563199e-03
5.289583333333332860e+01,4.347647082464015274e-03
5.291666666666666430e+01,4.306184108538914194e-03
5.293750000000000000e+01,4.263964576420381340e-03
5.295833333333332860e+01,4.220995777750735298e-03
5.297916666666666430e+01,4.177285153997429591e-03
5.300000000000000000e+01,4.132840295755789255e-03
5.302083333333332860e+01,4.087668942030994040e-03
5.304166666666666430e+01,4.041778979491887115e-03
5.306250000000000000e+01,3.995178441799758506e-03
5.308333333333332860e+01,3.947875508892168851e-03
5.310416666666666430e+01,3.899878506279855998e-03
5.312500000000000000e+01,3.851195904390693810e-03
5.314583333333332860e+01,3.801836317886043287e-03
5.316666666666666430e+01,3.751808505040797083e-03
5.318750000000000000e+01,3.701121367100519612e-03
5.320833333333332860e+01,3.649783947658399429e-03
5.322916666666666430e+01,3.597805432103224222e-03
5.325000000000000000e+01,3.545195147031695963e-03
5.327083333333332860e+01,3.491962559721207247e-03
5.329166666666666430e+01,3.438117277590700509e-03
5.331250000000000000e+01,3.383669047736056600e-03
5.333333333333332860e+01,3.328627756428235822e-03
5.335416666666666430e+01,3.273003428640930499e-03
5.337500000000000000e+01,3.216806227617751476e-03
5.339583333333332860e+01,3.160046454405897147e-03
5.341666666666666430e+01,3.102734547415943525e-03
5.343750000000000000e+01,3.044881081926841763e-03
5.345833333333332860e+01,2.986496769613030799e-03
5.347916666666666430e+01,2.927592457988797622e-03
5.350000000000000000e+01,2.868179129779976477e-03
5.352083333333332860e+01,2.808267902277873217e-03
5.354166666666666430e+01,2.747870026495779442e-03
5.356250000000000000e+01,2.686996886240152534e-03
5.358333333333332860e+01,2.625659996982326362e-03
5.360416666666666430e+01,2.563871004506561042e-03
5.362500000000000000e+01,2.501641683349469653e-03
5.364583333333332860e+01,2.438983934867408349e-03
5.366666666666666430e+01,2.375909784947581160e-03
5.368750000000000000e+01,2.312431381367193242e-03
5.370833333333332860e+01,2.248560990630882588e-03
5.372916666666666430e+01,2.184310994221823430e-03
5.375000000000000000e+01,2.119693884323366022e-03
5.377083333333332860e+01,2.054722258837246920e-03
5.379166666666666430e+01,1.989408815676118030e-03
5.381250000000000000e+01,1.923766346216581160e-03
5.383333333333332860e+01,1.857807727934754523e-03
5.385416666666666430e+01,1.791545916154169745e-03
5.387500000000000000e+01,1.724993934861434328e-03
5.389583333333332860e+01,1.658164866557735023e-03
5.391666666666666430e+01,1.591071841157739490e-03
5.393750000000000000e+01,1.523728023988270373e-03
5.395833333333332860e+01,1.456146602899369711e-03
5.397916666666666430e+01,1.388340774610676443e-03
5.400000000000000000e+01,1.320323730316344708e-03
5.402083333333332860e+01,1.252108640785044857e-03
5.404166666666666430e+01,1.183708641064628361e-03
5.406250000000000000e+01,1.115136815044417236e-03
5.408333333333332860e+01,1.046406180046103836e-03
5.410416666666666430e+01,9.775296716964889960e-04
5.412500000000000000e+01,9.085201294472765830e-04
5.414583333333332860e+01,8.393902829141607113e-04
5.416666666666666430e+01,7.701527393288103802e-04
5.418750000000000000e+01,7.008199724261491388e-04
5.420833333333332860e+01,6.314043129501030211e-04
5.422916666666666430e+01,5.619179410391896001e-04
5.425000000000000000e+01,4.923728806459385862e-04
5.427083333333332860e+01,4.227809960591889468e-04
5.429166666666666430e+01,3.531539906675858730e-04
5.431250000000000000e+01,2.835034079780107490e-04
5.433333333333332860e+01,2.138406347714207013e-04
5.435416666666666430e+01,1.441769061634180478e-04
5.437500000000000000e+01,7.452331263281860424e-05
5.439583333333332860e+01,4.890808668010716168e-06
5.441666666666666430e+01,-6.470977735574114467e-05
5.443750000000000000e+01,-1.342677322670003800e-04
5.445833333333332860e+01,-2.037724464476769364e-04
5.447916666666666430e+01,-2.732134018164418966e-04
5.450000000000000000e+01,-3.425801597887256434e-04
5.452083333333332860e+01,-4.118623494627947834e-04
5.454166666666666430e+01,-4.810496563305215016e-04
5.456250000000000000e+01,-5.501318116294585557e-04
5.458333333333332860e+01,-6.190985826719307790e-04
5.460416666666666430e+01,-6.879397641347598496e-04
5.462500000000000000e+01,-7.566451704683707733e-04
5.464583333333332860e+01,-8.252046294121216609e-04
5.466666666666666430e+01,-8.936079766199756837e-04
5.468750000000000000e+01,-9.618450513467632305e-04
5.470833333333332860e+01,-1.029905693172438515e-03
5.472916666666666430e+01,-1.097779739551302475e-03
5.475000000000000000e+01,-1.165457024244843714e-03
5.477083333333332860e+01,-1.232927376402129498e-03
5.479166666666666430e+01,-1.300180620275933003e-03
5.481250000000000000e+01,-1.367206575414220112e-03
5.483333333333332860e+01,-1.433995057252525612e-03
5.485416666666666430e+01,-1.500535878100692742e-03
5.487500000000000000e+01,-1.566818848379095694e-03
5.489583333333332860e+01,-1.632833778121510135e-03
5.491666666666666430e+01,-1.698570478647951727e-03
5.493750000000000000e+01,-1.764018764424849168e-03
5.495833333333332860e+01,-1.829168455105183730e-03
5.497916666666666430e+01,-1.894009377680327217e-03
5.500000000000000000e+01,-1.958531368808289798e-03
5.502083333333332860e+01,-2.022724277222627716e-03
5.504166666666666430e+01,-2.086577966221339533e-03
5.506250000000000000e+01,-2.150082316310949430e-03
5.508333333333332860e+01,-2.213227227922587824e-03
5.510416666666666430e+01,-2.276002624120036961e-03
5.512500000000000000e+01,-2.338398453422948272e-03
5.514583333333332860e+01,-2.400404692598850313e-03
5.516666666666666430e+01,-2.462011349482237481e-03
5.518750000000000000e+01,-2.523208465756119311e-03
5.520833333333332860e+01,-2.583986119765619219e-03
5.522916666666666430e+01,-2.644334429196263086e-03
5.525000000000000000e+01,-2.704243553731193548e-03
5.527083333333332860e+01,-2.763703697686865045e-03
5.529166666666666430e+01,-2.822705112552016324e-03
5.531250000000000000e+01,-2.881238099475355412e-03
5.533333333333332860e+01,-2.939293011674041015e-03
5.535416666666666430e+01,-2.996860256811189130e-03
5.537500000000000000e+01,-3.053930299294101928e-03
5.539583333333332860e+01,-3.110493662550053214e-03
5.541666666666666430e+01,-3.166540931284801252e-03
5.543750000000000000e+01,-3.222062753639557808e-03
5.545833333333332860e+01,-3.277049843344398417e-03
5.547916666666666430e+01,-3.331492981896634013e-03
5.550000000000000000e+01,-3.385383020667928795e-03
5.552083333333332860e+01,-3.438710882946870336e-03
5.554166666666666430e+01,-3.491467566043095477e-03
5.556250000000000000e+01,-3.543644143324648898e-03
5.558333333333332860e+01,-3.595231766216715023e-03
5.560416666666666430e+01,-3.646221666171828909e-03
5.562500000000000000e+01,-3.696605156641989253e-03
5.564583333333332860e+01,-3.746373635019813100e-03
5.566666666666666430e+01,-3.795518584507102337e-03
5.568750000000000000e+01,-3.844031575976592299e-03
5.570833333333332860e+01,-3.891904269787890662e-03
5.572916666666666430e+01,-3.939128417635337845e-03
5.575000000000000000e+01,-3.985695864307527495e-03
5.577083333333332860e+01,-4.031598549393864556e-03
5.579166666666666430e+01,-4.076828509017028403e-03
5.581250000000000000e+01,-4.121377877563648338e-03
5.583333333333332860e+01,-4.165238889363121269e-03
5.585416666666666430e+01,-4.208403880295328268e-03
5.587500000000000000e+01,-4.250865289408451569e-03
5.589583333333332860e+01,-4.292615660634725369e-03
5.591666666666666430e+01,-4.333647644346140179e-03
5.593750000000000000e+01,-4.373953998890907358e-03
5.595833333333332860e+01,-4.413527592210093019e-03
5.597916666666666430e+01,-4.452361403395171599e-03
5.600000000000000000e+01,-4.490448524208122405e-03
5.602083333333332860e+01,-4.527782160594490991e-03
5.604166666666666430e+01,-4.564355634189378938e-03
5.606250000000000000e+01,-4.600162383769990267e-03
5.608333333333332860e+01,-4.635195966750560621e-03
5.610416666666666430e+01,-4.669450060621066663e-03
5.612500000000000000e+01,-4.702918464332767057e-03
5.614583333333332860e+01,-4.735595099729387504e-03
5.616666666666666430e+01,-4.767474012908752036e-03
5.618750000000000000e+01,-4.798549375596328388e-03
5.620833333333332860e+01,-4.828815486475733151e-03
5.622916666666666430e+01,-4.858266772504184726e-03
5.625000000000000000e+01,-4.886897790236557036e-03
5.627083333333332860e+01,-4.914703227079124034e-03
5.629166666666666430e+01,-4.941677902552274460e-03
5.631250000000000000e+01,-4.967816769571337977e-03
5.633333333333332860e+01,-4.993114915633548902e-03
5.635416666666666430e+01,-5.017567564023840340e-03
5.637500000000000000e+01,-5.041170075003338809e-03
5.639583333333332860e+01,-5.063917946978976382e-03
5.641666666666666430e+01,-5.085806817660728195e-03
5.643750000000000000e+01,-5.106832465142703385e-03
5.645833333333332860e+01,-5.126990809031940072e-03
5.647916666666666430e+01,-5.146277911532403694e-03
5.650000000000000000e+01,-5.164689978455301242e-03
5.652083333333332860e+01,-5.182223360309819865e-03
5.654166666666666430e+01,-5.198874553290133357e-03
5.656250000000000000e+01,-5.214640200256595581e-03
5.658333333333332860e+01,-5.229517091686379342e-03
5.660416666666666430e+01,-5.243502166633131484e-03
5.662500000000000000e+01,-5.256592513638356709e-03
5.664583333333332860e+01,-5.268785371616901969e-03
5.666666666666666430e+01,-5.280078130710215770e-03
5.668750000000000000e+01,-5.290468333143437743e-03
5.670833333333332860e+01,-5.299953674028628527e-03
5.672916666666666430e+01,-5.308532002172905440e-03
5.675000000000000000e+01,-5.316201320804940338e-03
5.677083333333332860e+01,-5.322959788352201599e-03
5.679166666666666430e+01,-5.328805719133864263e-03
5.681250000000000000e+01,-5.333737584032522717e-03
5.683333333333332860e+01,-5.337754011167449887e-03
5.685416666666666430e+01,-5.340853786528950917e-03
5.687500000000000000e+01,-5.343035854579206330e-03
5.689583333333332860e+01,-5.344299318803513374e-03
5.691666666666666430e+01,-5.344643442285389352e-03
5.693750000000000000e+01,-5.344067648211507128e-03
5.695833333333332860e+01,-5.342571520360911430e-03
5.697916666666666430e+01,-5.340154803583075684e-03
5.700000000000000000e+01,-5.336817404193088497e-03
5.702083333333332860e+01,-5.332559390406818589e-03
5.704166666666666430e+01,-5.327380992683885229e-03
5.706250000000000000e+01,-5.321282604117572035e-03
5.708333333333332860e+01,-5.314264780683312234e-03
5.710416666666666430e+01,-5.306328241579305084e-03
5.712500000000000000e+01,-5.297473869446510907e-03
5.714583333333332860e+01,-5.287702710595666537e-03
5.716666666666666430e+01,-5.277015975209291276e-03
5.718750000000000000e+01,-5.265415037496779839e-03
5.720833333333332860e+01,-5.252901435824228193e-03
5.722916666666666430e+01,-5.239476872811035975e-03
5.725000000000000000e+01,-5.225143215416983532e-03
5.727083333333332860e+01,-5.209902494970244241e-03
5.729166666666666430e+01,-5.193756907168851217e-03
5.731250000000000000e+01,-5.176708812072143388e-03
5.733333333333332860e+01,-5.158760734039244400e-03
5.735416666666666430e+01,-5.139915361647061365e-03
5.737500000000000000e+01,-5.120175547587025450e-03
5.739583333333332860e+01,-5.099544308521621570e-03
5.741666666666666430e+01,-5.078024824891434232e-03
5.743750000000000000e+01,-5.055620440734803073e-03
5.745833333333332860e+01,-5.032334663448038981e-03
5.747916666666666430e+01,-5.008171163515922654e-03
5.750000000000000000e+01,-4.983133774239724249e-03
5.752083333333332860e+01,-4.957226491388694832e-03
5.754166666666666430e+01,-4.930453472891068757e-03
5.756250000000000000e+01,-4.902819038445722401e-03
5.758333333333332860e+01,-4.874327669097165174e-03
5.760416666666666430e+01,-4.844984006831817326e-03
5.762500000000000000e+01,-4.814792854126477041e-03
5.764583333333332860e+01,-4.783759173476048038e-03
5.766666666666666430e+01,-4.751888086865697046e-03
5.768750000000000000e+01,-4.719184875245399126e-03
5.770833333333332860e+01,-4.685654978018809202e-03
5.772916666666666430e+01,-4.651303992454558500e-03
5.775000000000000000e+01,-4.616137673071208335e-03
5.777083333333332860e+01,-4.580161931048108530e-03
5.779166666666666430e+01,-4.543382833609640840e-03
5.781250000000000000e+01,-4.505806603375664757e-03
5.783333333333332860e+01,-4.467439617677445782e-03
5.785416666666666430e+01,-4.428288407910160353e-03
5.787500000000000000e+01,-4.388359658835632414e-03
5.789583333333332860e+01,-4.347660207896929425e-03
5.791666666666666430e+01,-4.306197044495560337e-03
5.793750000000000000e+01,-4.263977309299067653e-03
5.795833333333332860e+01,-4.221008293511267426e-03
5.797916666666666430e+01,-4.177297438143294170e-03
5.800000000000000000e+01,-4.132852333320466941e-03
5.802083333333332860e+01,-4.087680717554651767e-03
5.804166666666666430e+01,-4.041790477002737622e-03
5.806250000000000000e+01,-3.995189644783000982e-03
5.808333333333332860e+01,-3.947886400260762312e-03
5.810416666666666430e+01,-3.899889068388708458e-03
5.812500000000000000e+01,-3.851206118999527927e-03
5.814583333333332860e+01,-3.801846166117726564e-03
5.816666666666666430e+01,-3.751817967356039195e-03
5.818750000000000000e+01,-3.701130423317522487e-03
5.820833333333332860e+01,-3.649792576932614756e-03
5.822916666666666430e+01,-3.597813612859712250e-03
5.825000000000000000e+01,-3.545202856973438729e-03
5.827083333333332860e+01,-3.491969775833282316e-03
5.829166666666666430e+01,-3.438123976147382937e-03
5.831250000000000000e+01,-3.383675204234804033e-03
5.833333333333332860e+01,-3.328633345611163065e-03
5.835416666666666430e+01,-3.273008424524547020e-03
5.837500000000000000e+01,-3.216810603488125427e-03
5.839583333333332860e+01,-3.160050182824708682e-03
5.841666666666666430e+01,-3.102737600238927515e-03
5.843750000000000000e+01,-3.044883430360770422e-03
5.845833333333332860e+01,-2.986498384236231131e-03
5.847916666666666430e+01,-2.927593308807802282e-03
5.850000000000000000e+01,-2.868179186319350354e-03
5.852083333333332860e+01,-2.808267133642869482e-03
5.854166666666666430e+01,-2.747868401468874736e-03
5.856250000000000000e+01,-2.686994373403850649e-03
5.858333333333332860e+01,-2.625656564849839728e-03
5.860416666666666430e+01,-2.563866621675915322e-03
5.862500000000000000e+01,-2.501636318690768444e-03
5.864583333333332860e+01,-2.438977557692751080e-03
5.866666666666666430e+01,-2.375902365258627646e-03
5.868750000000000000e+01,-2.312422890105857685e-03
5.870833333333332860e+01,-2.248551399910254760e-03
5.872916666666666430e+01,-2.184300277669479987e-03
5.875000000000000000e+01,-2.119682017385457994e-03
5.877083333333332860e+01,-2.054709219108982743e-03
5.879166666666666430e+01,-1.989394583244448629e-03
5.881250000000000000e+01,-1.923750904052365417e-03
5.883333333333332860e+01,-1.857791062306180093e-03
5.885416666666666430e+01,-1.791528016998027249e-03
5.887500000000000000e+01,-1.724974796188006145e-03
5.889583333333332860e+01,-1.658144486826839108e-03
5.891666666666666430e+01,-1.591050223669167926e-03
5.893750000000000000e+01,-1.523705177246480278e-03
5.895833333333332860e+01,-1.456122540917838314e-03
5.897916666666666430e+01,-1.388315517204552832e-03
5.900000000000000000e+01,-1.320297303345630956e-03
5.902083333333332860e+01,-1.252081076300960282e-03
5.904166666666666430e+01,-1.183679977412145342e-03
5.906250000000000000e+01,-1.115107096871558899e-03
5.908333333333332860e+01,-1.046375458233980704e-03
5.910416666666666430e+01,-9.774980032017689668e-04
5.912500000000000000e+01,-9.084875770081538536e-04
5.914583333333332860e+01,-8.393569147221185576e-04
5.916666666666666430e+01,-7.701186285606039308e-04
5.918750000000000000e+01,-7.007851966782728363e-04
5.920833333333332860e+01,-6.313689536109094117e-04
5.922916666666666430e+01,-5.618820826050651340e-04
5.925000000000000000e+01,-4.923366099423430627e-04
5.927083333333332860e+01,-4.227444014481533284e-04
5.929166666666666430e+01,-3.531171612337716823e-04
5.931250000000000000e+01,-2.834664326929539624e-04
5.933333333333332860e+01,-2.138036016482458036e-04
5.935416666666666430e+01,-1.441399015134975576e-04
5.937500000000000000e+01,-7.448642036103152425e-05
5.939583333333332860e+01,-4.854109552770565099e-06
5.941666666666666430e+01,6.474620624080619155e-05
5.943750000000000000e+01,1.343038180036382461e-04
5.945833333333332860e+01,2.038081206936014458e-04
5.947916666666666430e+01,2.732486011074313783e-04
5.950000000000000000e+01,3.426148257479188098e-04
5.952083333333332860e+01,4.118964289126058188e-04
5.954166666666666430e+01,4.810831012661169535e-04
5.956250000000000000e+01,5.501645792069524872e-04
5.958333333333332860e+01,6.191306350698300197e-04
5.960416666666666430e+01,6.879710683691385876e-04
5.962500000000000000e+01,7.566756981526698463e-04
5.964583333333332860e+01,8.252343564966850304e-04
5.966666666666666430e+01,8.936368831232606707e-04
5.968750000000000000e+01,9.618731210627378759e-04
5.970833333333332860e+01,1.029932913330093092e-03
5.972916666666666430e+01,1.097806100569544228e-03
5.975000000000000000e+01,1.165482519435311407e-03
5.977083333333332860e+01,1.232952001682979543e-03
5.979166666666666430e+01,1.300204373928993571e-03
5.981250000000000000e+01,1.367229457833109285e-03
5.983333333333332860e+01,1.434017070742462990e-03
5.985416666666666430e+01,1.500557026640622236e-03
5.987500000000000000e+01,1.566839137462477374e-03
5.989583333333332860e+01,1.632853214566842674e-03
5.991666666666666430e+01,1.698589070437952261e-03
5.993750000000000000e+01,1.764036520545500877e-03
5.995833333333332860e+01,1.829185385394401170e-03
5.997916666666666430e+01,1.894025492729601613e-03
