0.000000000000000000e+00,-0.000000000000000000e+00
2.083333333333333218e-02,-0.000000000000000000e+00
4.166666666666666435e-02,-7.093117319224554905e-04
6.250000000000000000e-02,-2.612989196850496864e-03
8.333333333333332871e-02,-5.023269405186058661e-03
1.041666666666666574e-01,-7.129962054009333569e-03
1.250000000000000000e-01,-8.915534380875509216e-03
1.458333333333333148e-01,-1.062681643364779722e-02
1.666666666666666574e-01,-1.207877141910313444e-02
1.875000000000000000e-01,-1.290341732516481557e-02
2.083333333333333148e-01,-1.307356807709172085e-02
2.291666666666666574e-01,-1.282512616638198551e-02
2.500000000000000000e-01,-1.227808892703274694e-02
2.708333333333333148e-01,-1.140725878739119042e-02
2.916666666666666297e-01,-1.027708938677153808e-02
3.125000000000000000e-01,-9.084836204521566996e-03
3.333333333333333148e-01,-7.990599911703281585e-03
3.541666666666666297e-01,-7.041951841774633791e-03
3.750000000000000000e-01,-6.263812264758442279e-03
3.958333333333333148e-01,-5.717686878611833064e-03
4.166666666666666297e-01,-5.447439907276023507e-03
4.375000000000000000e-01,-5.429785241564459748e-03
4.583333333333333148e-01,-5.606343134563883217e-03
4.791666666666666297e-01,-5.929805174676796263e-03
5.000000000000000000e-01,-6.358927810978017708e-03
5.208333333333332593e-01,-6.835530003064569683e-03
5.416666666666666297e-01,-7.292852938407718560e-03
5.625000000000000000e-01,-7.680724042790629431e-03
5.833333333333332593e-01,-7.970748844273999392e-03
6.041666666666666297e-01,-8.144483759447386159e-03
6.250000000000000000e-01,-8.189981409659891770e-03
6.458333333333332593e-01,-8.109308581396404078e-03
6.666666666666666297e-01,-7.920494480527893663e-03
6.875000000000000000e-01,-7.649583110865615029e-03
7.083333333333332593e-01,-7.323749171423163049e-03
7.291666666666666297e-01,-6.970885986799786431e-03
7.500000000000000000e-01,-6.619660726397559591e-03
7.708333333333332593e-01,-6.295705471146791250e-03
7.916666666666666297e-01,-6.017577452064428074e-03
8.125000000000000000e-01,-5.796291364237306405e-03
8.333333333333332593e-01,-5.636721816119684772e-03
8.541666666666666297e-01,-5.537964929633839781e-03
8.750000000000000000e-01,-5.493180907798443473e-03
8.958333333333332593e-01,-5.490801845714422119e-03
9.166666666666666297e-01,-5.516851979267096799e-03
9.375000000000000000e-01,-5.556801817430728242e-03
9.583333333333332593e-01,-5.596602285590022118e-03
9.791666666666666297e-01,-5.623694605399348102e-03
1.000000000000000000e+00,-5.628209751317056649e-03
1.020833333333333259e+00,-5.603741167791258075e-03
1.041666666666666519e+00,-5.547380940995516943e-03
1.062500000000000000e+00,-5.459385229212188918e-03
1.083333333333333259e+00,-5.342795816081001396e-03
1.104166666666666519e+00,-5.202916219649886091e-03
1.125000000000000000e+00,-5.046515620029909908e-03
1.145833333333333259e+00,-4.880931809283656393e-03
1.166666666666666519e+00,-4.713312654890657212e-03
1.187500000000000000e+00,-4.550031969097997550e-03
1.208333333333333259e+00,-4.396211292263248888e-03
1.229166666666666519e+00,-4.255371941337244245e-03
1.250000000000000000e+00,-4.129300015975713618e-03
1.270833333333333259e+00,-4.018125900097528624e-03
1.291666666666666519e+00,-3.920540572946229659e-03
1.312500000000000000e+00,-3.834092284929237638e-03
1.333333333333333259e+00,-3.755551406008588063e-03
1.354166666666666519e+00,-3.681318110395595707e-03
1.375000000000000000e+00,-3.607815098949605347e-03
1.395833333333333259e+00,-3.531816419592090795e-03
1.416666666666666519e+00,-3.450697272639134758e-03
1.437500000000000000e+00,-3.362602801326156163e-03
1.458333333333333259e+00,-3.266527649184249732e-03
1.479166666666666519e+00,-3.162302317091662471e-03
1.500000000000000000e+00,-3.050500142910828397e-03
1.520833333333333259e+00,-2.932289331824727233e-03
1.541666666666666519e+00,-2.809251462029209619e-03
1.562500000000000000e+00,-2.683183960531399653e-03
1.583333333333333259e+00,-2.555905898762060677e-03
1.604166666666666519e+00,-2.429087045361983613e-03
1.625000000000000000e+00,-2.304114212810939345e-03
1.645833333333333259e+00,-2.182001151810172759e-03
1.666666666666666519e+00,-2.063343747570754467e-03
1.687500000000000000e+00,-1.948319607469154412e-03
1.708333333333333259e+00,-1.836727197448150299e-03
1.729166666666666519e+00,-1.728055440467166689e-03
1.750000000000000000e+00,-1.621572763169191415e-03
1.770833333333333259e+00,-1.516424948715564165e-03
1.791666666666666519e+00,-1.411732019665685274e-03
1.812500000000000000e+00,-1.306675259392694587e-03
1.833333333333333259e+00,-1.200567243158737326e-03
1.854166666666666519e+00,-1.092900507601149646e-03
1.875000000000000000e+00,-9.833732838374002576e-04
1.895833333333333259e+00,-8.718929200008999859e-04
1.916666666666666519e+00,-7.585594189498002116e-04
1.937500000000000000e+00,-6.436331095012493312e-04
1.958333333333333259e+00,-5.274915688225904247e-04
1.979166666666666519e+00,-4.105812412263577685e-04
2.000000000000000000e+00,-2.933688926588751090e-04
2.020833333333333037e+00,-1.762973859077511854e-04
2.041666666666666519e+00,-5.974934871030105894e-05
2.062500000000000000e+00,5.597886848224734561e-05
2.083333333333333037e+00,1.706918543003621374e-04
2.104166666666666519e+00,2.842985442809293486e-04
2.125000000000000000e+00,3.968055060949568697e-04
2.145833333333333037e+00,5.083020112791426315e-04
2.166666666666666519e+00,6.189393341046734972e-04
2.187500000000000000e+00,7.289069552329761371e-04
2.208333333333333037e+00,8.384082843509536040e-04
2.229166666666666519e+00,9.476382135009071622e-04
2.250000000000000000e+00,1.056764348021508064e-03
2.270833333333333037e+00,1.165913190648377052e-03
2.291666666666666519e+00,1.275161929567685763e-03
2.312500000000000000e+00,1.384535871237376186e-03
2.333333333333333037e+00,1.494011028221665406e-03
2.354166666666666519e+00,1.603520959778533331e-03
2.375000000000000000e+00,1.712966684871215523e-03
2.395833333333333037e+00,1.822228351291617279e-03
2.416666666666666519e+00,1.931177349498175259e-03
2.437500000000000000e+00,2.039687688410668411e-03
2.458333333333333037e+00,2.147645672130491564e-03
2.479166666666666519e+00,2.254957197335940265e-03
2.500000000000000000e+00,2.361552298878033702e-03
2.520833333333333037e+00,2.467386875075259015e-03
2.541666666666666519e+00,2.572441795738321553e-03
2.562500000000000000e+00,2.676719812959482865e-03
2.583333333333333037e+00,2.780240844434214622e-03
2.604166666666666519e+00,2.883036277056553760e-03
2.625000000000000000e+00,2.985142946581652128e-03
2.645833333333333037e+00,3.086597394969630738e-03
2.666666666666666519e+00,3.187430903654171234e-03
2.687500000000000000e+00,3.287665664725780874e-03
2.708333333333333037e+00,3.387312299838749277e-03
2.729166666666666519e+00,3.486368784491882152e-03
2.750000000000000000e+00,3.584820697245628268e-03
2.770833333333333037e+00,3.682642600591865163e-03
2.791666666666666519e+00,3.779800279917243291e-03
2.812500000000000000e+00,3.876253522482199509e-03
2.833333333333333037e+00,3.971959109038594726e-03
2.854166666666666519e+00,4.066873713009354178e-03
2.875000000000000000e+00,4.160956449977768097e-03
2.895833333333333037e+00,4.254170885833761205e-03
2.916666666666666519e+00,4.346486386874988742e-03
2.937500000000000000e+00,4.437878771301252169e-03
2.958333333333333037e+00,4.528330291670834735e-03
2.979166666666666519e+00,4.617829036266347074e-03
3.000000000000000000e+00,4.706367880011405255e-03
3.020833333333333037e+00,4.793943140632131103e-03
3.041666666666666519e+00,4.880553103121358823e-03
3.062500000000000000e+00,4.966196566836128361e-03
3.083333333333333037e+00,5.050871547611661926e-03
3.104166666666666519e+00,5.134574235843641747e-03
3.125000000000000000e+00,5.217298274717346515e-03
3.145833333333333037e+00,5.299034384756699800e-03
3.166666666666666519e+00,5.379770325316868794e-03
3.187500000000000000e+00,5.459491153534368722e-03
3.208333333333333037e+00,5.538179718678619065e-03
3.229166666666666519e+00,5.615817315948287008e-03
3.250000000000000000e+00,5.692384418701659267e-03
3.270833333333333037e+00,5.767861411233030262e-03
3.291666666666666519e+00,5.842229254165246140e-03
3.312500000000000000e+00,5.915470029519347833e-03
3.333333333333333037e+00,5.987567330504687917e-03
3.354166666666666519e+00,6.058506479991049472e-03
3.375000000000000000e+00,6.128274579601671740e-03
3.395833333333333037e+00,6.196860406850390399e-03
3.416666666666666519e+00,6.264254189620760416e-03
3.437500000000000000e+00,6.330447294910348209e-03
3.458333333333333037e+00,6.395431871977816374e-03
3.479166666666666519e+00,6.459200489101002765e-03
3.500000000000000000e+00,6.521745798700672239e-03
3.520833333333333037e+00,6.583060258473993030e-03
3.541666666666666519e+00,6.643135927416176506e-03
3.562500000000000000e+00,6.701964346216199298e-03
3.583333333333333037e+00,6.759536502445459387e-03
3.604166666666666519e+00,6.815842873017449038e-03
3.625000000000000000e+00,6.870873530175802997e-03
3.645833333333333037e+00,6.924618293123370634e-03
3.666666666666666519e+00,6.977066905456608646e-03
3.687500000000000000e+00,7.028209218713127142e-03
3.708333333333333037e+00,7.078035364296218941e-03
3.729166666666666519e+00,7.126535899392267941e-03
3.750000000000000000e+00,7.173701916755564033e-03
3.770833333333333037e+00,7.219525112886774655e-03
3.791666666666666519e+00,7.263997813693019549e-03
3.812500000000000000e+00,7.307112960778951345e-03
3.833333333333333037e+00,7.348864064764920080e-03
3.854166666666666519e+00,7.389245134262551612e-03
3.875000000000000000e+00,7.428250590283924995e-03
3.895833333333333037e+00,7.465875175951092527e-03
3.916666666666666519e+00,7.502113870534296049e-03
3.937500000000000000e+00,7.536961815278793268e-03
3.958333333333333037e+00,7.570414256418995548e-03
3.979166666666666519e+00,7.602466508482058974e-03
4.000000000000000000e+00,7.633113938693845274e-03
4.020833333333333037e+00,7.662351971229090612e-03
4.041666666666666075e+00,7.690176108359892196e-03
4.062500000000000000e+00,7.716581964361059892e-03
4.083333333333333037e+00,7.741565307372756319e-03
4.104166666666666075e+00,7.765122104294568811e-03
4.125000000000000000e+00,7.787248564132666882e-03
4.145833333333333037e+00,7.807941175951034658e-03
4.166666666666666075e+00,7.827196738569415502e-03
4.187500000000000000e+00,7.845012380282867862e-03
4.208333333333333037e+00,7.861385568024964118e-03
4.229166666666666075e+00,7.876314106448026320e-03
4.250000000000000000e+00,7.889796128268582523e-03
4.270833333333333037e+00,7.901830077862994142e-03
4.291666666666666075e+00,7.912414690468256781e-03
4.312500000000000000e+00,7.921548969447564370e-03
4.333333333333333037e+00,7.929232163942565720e-03
4.354166666666666075e+00,7.935463748898096553e-03
4.375000000000000000e+00,7.940243408968830630e-03
4.395833333333333037e+00,7.943571027262492576e-03
4.416666666666666075e+00,7.945446679299821360e-03
4.437500000000000000e+00,7.945870632037374537e-03
4.458333333333333037e+00,7.944843347348700194e-03
4.479166666666666075e+00,7.942365489021198377e-03
4.500000000000000000e+00,7.938437932119873919e-03
4.520833333333333037e+00,7.933061773497349436e-03
4.541666666666666075e+00,7.926238342277130630e-03
4.562500000000000000e+00,7.917969209291362415e-03
4.583333333333333037e+00,7.908256194681826876e-03
4.604166666666666075e+00,7.897101373143543962e-03
4.625000000000000000e+00,7.884507076575635390e-03
4.645833333333333037e+00,7.870475894175778600e-03
4.666666666666666075e+00,7.855010670245014814e-03
4.687500000000000000e+00,7.838114500147687347e-03
4.708333333333333037e+00,7.819790724984990518e-03
4.729166666666666075e+00,7.800042925586743621e-03
4.750000000000000000e+00,7.778874916410219269e-03
4.770833333333333037e+00,7.756290739866314801e-03
4.791666666666666075e+00,7.732294661485837259e-03
4.812500000000000000e+00,7.706891166206551562e-03
4.833333333333333037e+00,7.680084955918107040e-03
4.854166666666666075e+00,7.651880948266272589e-03
4.875000000000000000e+00,7.622284276599632091e-03
4.895833333333333037e+00,7.591300290848543644e-03
4.916666666666666075e+00,7.558934559063873113e-03
4.937500000000000000e+00,7.525192869314946409e-03
4.958333333333333037e+00,7.490081231649924932e-03
4.979166666666666075e+00,7.453605879850846126e-03
5.000000000000000000e+00,7.415773272767310978e-03
5.020833333333333037e+00,7.376590095077390115e-03
5.041666666666666075e+00,7.336063257394628487e-03
5.062500000000000000e+00,7.294199895708238825e-03
5.083333333333333037e+00,7.251007370204688371e-03
5.104166666666666075e+00,7.206493263568350752e-03
5.125000000000000000e+00,7.160665378891038421e-03
5.145833333333333037e+00,7.113531737337747476e-03
5.166666666666666075e+00,7.065100575716611042e-03
5.187500000000000000e+00,7.015380344087879597e-03
5.208333333333333037e+00,6.964379703523312232e-03
5.229166666666666075e+00,6.912107524096742367e-03
5.250000000000000000e+00,6.858572883150457558e-03
5.270833333333333037e+00,6.803785063847700258e-03
5.291666666666666075e+00,6.747753553992235330e-03
5.312500000000000000e+00,6.690488045069394041e-03
5.333333333333333037e+00,6.631998431445005650e-03
5.354166666666666075e+00,6.572294809649758054e-03
5.375000000000000000e+00,6.511387477674408265e-03
5.395833333333333037e+00,6.449286934207162404e-03
5.416666666666666075e+00,6.386003877755133673e-03
5.437500000000000000e+00,6.321549205607167668e-03
5.458333333333333037e+00,6.255934012612736697e-03
5.479166666666666075e+00,6.189169589768314488e-03
5.500000000000000000e+00,6.121267422618786001e-03
5.520833333333333037e+00,6.052239189494453171e-03
5.541666666666666075e+00,5.982096759614128657e-03
5.562500000000000000e+00,5.910852191089694709e-03
5.583333333333333037e+00,5.838517728869126178e-03
5.604166666666666075e+00,5.765105802652388534e-03
5.625000000000000000e+00,5.690629024811114101e-03
5.645833333333333037e+00,5.615100188334163842e-03
5.666666666666666075e+00,5.538532264812751245e-03
5.687500000000000000e+00,5.460938402471056732e-03
5.708333333333333037e+00,5.382331924240039284e-03
5.729166666666666075e+00,5.302726325865365735e-03
5.750000000000000000e+00,5.222135274034656223e-03
5.770833333333333037e+00,5.140572604507176457e-03
5.791666666666666075e+00,5.058052320228348560e-03
5.812500000000000000e+00,4.974588589410838119e-03
5.833333333333333037e+00,4.890195743566743726e-03
5.854166666666666075e+00,4.804888275480418205e-03
5.875000000000000000e+00,4.718680837114476966e-03
5.895833333333333037e+00,4.631588237444718252e-03
5.916666666666666075e+00,4.543625440225382110e-03
5.937500000000000000e+00,4.454807561689253133e-03
5.958333333333333037e+00,4.365149868189583185e-03
5.979166666666666075e+00,4.274667773792572775e-03
6.000000000000000000e+00,4.183376837829820213e-03
6.020833333333333037e+00,4.091292762419458141e-03
6.041666666666666075e+00,3.998431389964399521e-03
6.062500000000000000e+00,3.904808700634505338e-03
6.083333333333333037e+00,3.810440809836471762e-03
6.104166666666666075e+00,3.715343965674097835e-03
6.125000000000000000e+00,3.619534546399032129e-03
6.145833333333333037e+00,3.523029057850674776e-03
6.166666666666666075e+00,3.425844130882562105e-03
6.187500000000000000e+00,3.327996518771117809e-03
6.208333333333333037e+00,3.229503094602375300e-03
6.229166666666666075e+00,3.130380848633138036e-03
6.250000000000000000e+00,3.030646885622854253e-03
6.270833333333333037e+00,2.930318422133160790e-03
6.291666666666666075e+00,2.829412783793092395e-03
6.312500000000000000e+00,2.727947402529164612e-03
6.333333333333333037e+00,2.625939813761084436e-03
6.354166666666666075e+00,2.523407653564035871e-03
6.375000000000000000e+00,2.420368655798739964e-03
6.395833333333333037e+00,2.316840649212670734e-03
6.416666666666666075e+00,2.212841554514649589e-03
6.437500000000000000e+00,2.108389381425278958e-03
6.458333333333333037e+00,2.003502225705803760e-03
6.479166666666666075e+00,1.898198266167768194e-03
6.500000000000000000e+00,1.792495761664937137e-03
6.520833333333333037e+00,1.686413048068481592e-03
6.541666666666666075e+00,1.579968535225891773e-03
6.562500000000000000e+00,1.473180703904265320e-03
6.583333333333333037e+00,1.366068102717909061e-03
6.604166666666666075e+00,1.258649345038865891e-03
6.625000000000000000e+00,1.150943105890124118e-03
6.645833333333333037e+00,1.042968118821430579e-03
6.666666666666666075e+00,9.347431727670684788e-04
6.687500000000000000e+00,8.262871088848031771e-04
6.708333333333333037e+00,7.176188173756892132e-04
6.729166666666666075e+00,6.087572342855402134e-04
6.750000000000000000e+00,4.997213382885229080e-04
6.770833333333333037e+00,3.905301474531717868e-04
6.791666666666666075e+00,2.812027159916034445e-04
6.812500000000000000e+00,1.717581309931460630e-04
6.833333333333333037e+00,6.221550914330333676e-05
6.854166666666666075e+00,-4.740600657026088245e-05
6.875000000000000000e+00,-1.570872501640073026e-04
6.895833333333333037e+00,-2.668090359764128884e-04
6.916666666666666075e+00,-3.765521619962229095e-04
6.937500000000000000e+00,-4.862974131999998331e-04
6.958333333333333037e+00,-5.960255648983794029e-04
6.979166666666666075e+00,-7.057173860907575832e-04
7.000000000000000000e+00,-8.153536428281121361e-04
7.020833333333333037e+00,-9.249151015827958896e-04
7.041666666666666075e+00,-1.034382532625367562e-03
7.062500000000000000e+00,-1.143736713408392922e-03
7.083333333333333037e+00,-1.252958431956534540e-03
7.104166666666666075e+00,-1.362028490262451015e-03
7.125000000000000000e+00,-1.470927707688222388e-03
7.145833333333333037e+00,-1.579636924371520881e-03
7.166666666666666075e+00,-1.688137004636127564e-03
7.187500000000000000e+00,-1.796408840406565292e-03
7.208333333333333037e+00,-1.904433354625420906e-03
7.229166666666666075e+00,-2.012191504672395867e-03
7.250000000000000000e+00,-2.119664285785249902e-03
7.270833333333333037e+00,-2.226832734481389974e-03
7.291666666666666075e+00,-2.333677931979022315e-03
7.312500000000000000e+00,-2.440181007617498246e-03
7.333333333333333037e+00,-2.546323142275814903e-03
7.354166666666666075e+00,-2.652085571788732887e-03
7.375000000000000000e+00,-2.757449590359875059e-03
7.395833333333333037e+00,-2.862396553970847184e-03
7.416666666666666075e+00,-2.966907883785900764e-03
7.437500000000000000e+00,-3.070965069551850543e-03
7.458333333333333037e+00,-3.174549672992186752e-03
7.479166666666666075e+00,-3.277643331194911996e-03
7.500000000000000000e+00,-3.380227759993718537e-03
7.520833333333333037e+00,-3.482284757341751798e-03
7.541666666666666075e+00,-3.583796206677603187e-03
7.562500000000000000e+00,-3.684744080282574639e-03
7.583333333333333037e+00,-3.785110442628849322e-03
7.604166666666666075e+00,-3.884877453717797396e-03
7.625000000000000000e+00,-3.984027372408268514e-03
7.645833333333333037e+00,-4.082542559733974216e-03
7.666666666666666075e+00,-4.180405482208998311e-03
7.687500000000000000e+00,-4.277598715121159849e-03
7.708333333333333037e+00,-4.374104945812921225e-03
7.729166666666666075e+00,-4.469906976949128419e-03
7.750000000000000000e+00,-4.564987729770817078e-03
7.770833333333333037e+00,-4.659330247334805136e-03
7.791666666666666075e+00,-4.752917697738480440e-03
7.812500000000000000e+00,-4.845733377329490207e-03
7.833333333333333037e+00,-4.937760713900237776e-03
7.854166666666666075e+00,-5.028983269866229081e-03
7.875000000000000000e+00,-5.119384745428043337e-03
7.895833333333333037e+00,-5.208948981717372896e-03
7.916666666666666075e+00,-5.297659963926364644e-03
7.937500000000000000e+00,-5.385501824419824946e-03
7.958333333333333037e+00,-5.472458845830788579e-03
7.979166666666666075e+00,-5.558515464139044022e-03
8.000000000000000000e+00,-5.643656271732766863e-03
8.020833333333332149e+00,-5.727866020453256136e-03
8.041666666666666075e+00,-5.811129624622836908e-03
8.062500000000000000e+00,-5.893432164056245683e-03
8.083333333333332149e+00,-5.974758887055658246e-03
8.104166666666666075e+00,-6.055095213390046006e-03
8.125000000000000000e+00,-6.134426737259356978e-03
8.145833333333332149e+00,-6.212739230243727838e-03
8.166666666666666075e+00,-6.290018644238538903e-03
8.187500000000000000e+00,-6.366251114376619141e-03
8.208333333333332149e+00,-6.441422961938393123e-03
8.229166666666666075e+00,-6.515520697251094007e-03
8.250000000000000000e+00,-6.588531022577937685e-03
8.270833333333332149e+00,-6.660440834999181887e-03
8.291666666666666075e+00,-6.731237229287298507e-03
8.312500000000000000e+00,-6.800907500776762205e-03
8.333333333333332149e+00,-6.869439148230829274e-03
8.354166666666666075e+00,-6.936819876708229769e-03
8.375000000000000000e+00,-7.003037600431696701e-03
8.395833333333332149e+00,-7.068080445660224892e-03
8.416666666666666075e+00,-7.131936753568122143e-03
8.437500000000000000e+00,-7.194595083133839032e-03
8.458333333333332149e+00,-7.256044214041643473e-03
8.479166666666666075e+00,-7.316273149597715166e-03
8.500000000000000000e+00,-7.375271119664762558e-03
8.520833333333332149e+00,-7.433027583618277874e-03
8.541666666666666075e+00,-7.489532233325734735e-03
8.562500000000000000e+00,-7.544774996152168317e-03
8.583333333333332149e+00,-7.598746037993970789e-03
8.604166666666666075e+00,-7.651435766342113733e-03
8.625000000000000000e+00,-7.702834833375707402e-03
8.645833333333332149e+00,-7.752934139085187332e-03
8.666666666666666075e+00,-7.801724834423802955e-03
8.687500000000000000e+00,-7.849198324484579770e-03
8.708333333333332149e+00,-7.895346271697405161e-03
8.729166666666666075e+00,-7.940160599038795924e-03
8.750000000000000000e+00,-7.983633493244787424e-03
8.770833333333332149e+00,-8.025757408013398791e-03
8.791666666666666075e+00,-8.066525067180642730e-03
8.812500000000000000e+00,-8.105929467849911155e-03
8.833333333333332149e+00,-8.143963883448825103e-03
8.854166666666666075e+00,-8.180621866684025661e-03
8.875000000000000000e+00,-8.215897252360762279e-03
8.895833333333332149e+00,-8.249784160027376356e-03
8.916666666666666075e+00,-8.282276996399981495e-03
8.937500000000000000e+00,-8.313370457518539161e-03
8.958333333333332149e+00,-8.343059530582170105e-03
8.979166666666666075e+00,-8.371339495408266704e-03
9.000000000000000000e+00,-8.398205925458373730e-03
9.020833333333332149e+00,-8.423654688372802374e-03
9.041666666666666075e+00,-8.447681945959944344e-03
9.062500000000000000e+00,-8.470284153590768375e-03
9.083333333333332149e+00,-8.491458058955583810e-03
9.104166666666666075e+00,-8.511200700150515705e-03
9.125000000000000000e+00,-8.529509403074330212e-03
9.145833333333332149e+00,-8.546381778133101820e-03
9.166666666666666075e+00,-8.561815716267781595e-03
9.187500000000000000e+00,-8.575809384338916805e-03
9.208333333333332149e+00,-8.588361219924560419e-03
9.229166666666666075e+00,-8.599469925608289878e-03
9.250000000000000000e+00,-8.609134462853216749e-03
9.270833333333332149e+00,-8.617354045574818905e-03
9.291666666666666075e+00,-8.624128133539339311e-03
9.312500000000000000e+00,-8.629456425723651403e-03
9.333333333333332149e+00,-8.633338853775747099e-03
9.354166666666666075e+00,-8.635775575712668559e-03
9.375000000000000000e+00,-8.636766969984088424e-03
9.395833333333332149e+00,-8.636313630016241930e-03
9.416666666666666075e+00,-8.634416359332607732e-03
9.437500000000000000e+00,-8.631076167323024906e-03
9.458333333333332149e+00,-8.626294265708170372e-03
9.479166666666666075e+00,-8.620072065720692234e-03
9.500000000000000000e+00,-8.612411175995574389e-03
9.520833333333332149e+00,-8.603313401139083341e-03
9.541666666666666075e+00,-8.592780740924579885e-03
9.562500000000000000e+00,-8.580815390045605506e-03
9.583333333333332149e+00,-8.567419738344354135e-03
9.604166666666666075e+00,-8.552596371426570906e-03
9.625000000000000000e+00,-8.536348071572486679e-03
9.645833333333332149e+00,-8.518677818856623674e-03
9.666666666666666075e+00,-8.499588792394648790e-03
9.687500000000000000e+00,-8.479084371645875112e-03
9.708333333333332149e+00,-8.457168137713999209e-03
9.729166666666666075e+00,-8.433843874599519438e-03
9.750000000000000000e+00,-8.409115570370846032e-03
9.770833333333332149e+00,-8.382987418233928123e-03
9.791666666666666075e+00,-8.355463817490313763e-03
9.812500000000000000e+00,-8.326549374382785987e-03
9.833333333333332149e+00,-8.296248902832904781e-03
9.854166666666666075e+00,-8.264567425079454716e-03
9.875000000000000000e+00,-8.231510172228173605e-03
9.895833333333332149e+00,-8.197082584722849632e-03
9.916666666666666075e+00,-8.161290312747889950e-03
9.937500000000000000e+00,-8.124139216567360239e-03
9.958333333333332149e+00,-8.085635366803921309e-03
9.979166666666666075e+00,-8.045785044658450291e-03
1.000000000000000000e+01,-8.004594742067709656e-03
1.002083333333333215e+01,-7.962071161795578056e-03
1.004166666666666607e+01,-7.918221217451965749e-03
1.006250000000000000e+01,-7.873052033433195623e-03
1.008333333333333215e+01,-7.826570944778331665e-03
1.010416666666666607e+01,-7.778785496936153551e-03
1.012500000000000000e+01,-7.729703445439501351e-03
1.014583333333333215e+01,-7.679332755485791633e-03
1.016666666666666607e+01,-7.627681601424193304e-03
1.018750000000000000e+01,-7.574758366152185840e-03
1.020833333333333215e+01,-7.520571640425498423e-03
1.022916666666666607e+01,-7.465130222086177950e-03
1.025000000000000000e+01,-7.408443115215786363e-03
1.027083333333333215e+01,-7.350519529220483211e-03
1.029166666666666607e+01,-7.291368877853159416e-03
1.031250000000000000e+01,-7.231000778179142233e-03
1.033333333333333215e+01,-7.169425049490947034e-03
1.035416666666666607e+01,-7.106651712175550591e-03
1.037500000000000000e+01,-7.042690986536700309e-03
1.039583333333333215e+01,-6.977553291574473820e-03
1.041666666666666607e+01,-6.911249243723109788e-03
1.043750000000000000e+01,-6.843789655546740451e-03
1.045833333333333215e+01,-6.775185534392289509e-03
1.047916666666666607e+01,-6.705448080999122477e-03
1.050000000000000000e+01,-6.634588688063876132e-03
1.052083333333333215e+01,-6.562618938759819977e-03
1.054166666666666607e+01,-6.489550605209921420e-03
1.056250000000000000e+01,-6.415395646913818473e-03
1.058333333333333215e+01,-6.340166209128281043e-03
1.060416666666666607e+01,-6.263874621201757573e-03
1.062500000000000000e+01,-6.186533394864540507e-03
1.064583333333333215e+01,-6.108155222475281781e-03
1.066666666666666607e+01,-6.028752975225865410e-03
1.068750000000000000e+01,-5.948339701306135097e-03
1.070833333333333215e+01,-5.866928624029782262e-03
1.072916666666666607e+01,-5.784533139923489151e-03
1.075000000000000000e+01,-5.701166816780626340e-03
1.077083333333333215e+01,-5.616843391680230620e-03
1.079166666666666607e+01,-5.531576768972435061e-03
1.081250000000000000e+01,-5.445381018231015662e-03
1.083333333333333215e+01,-5.358270372173358151e-03
1.085416666666666607e+01,-5.270259224547796384e-03
1.087500000000000000e+01,-5.181362127988538291e-03
1.089583333333333215e+01,-5.091593791838036273e-03
1.091666666666666607e+01,-5.000969079936713572e-03
1.093750000000000000e+01,-4.909503008379911305e-03
1.095833333333333215e+01,-4.817210743241922589e-03
1.097916666666666607e+01,-4.724107598267392183e-03
1.100000000000000000e+01,-4.630209032530091182e-03
1.102083333333333215e+01,-4.535530648059092791e-03
1.104166666666666607e+01,-4.440088187433362255e-03
1.106250000000000000e+01,-4.343897531344998592e-03
1.108333333333333215e+01,-4.246974696131419584e-03
1.110416666666666607e+01,-4.149335831277317470e-03
1.112500000000000000e+01,-4.050997216887220614e-03
1.114583333333333215e+01,-3.951975261128929176e-03
1.116666666666666607e+01,-3.852286497648729421e-03
1.118750000000000000e+01,-3.751947582958713688e-03
1.120833333333333215e+01,-3.650975293796721206e-03
1.122916666666666607e+01,-3.549386524459676069e-03
1.125000000000000000e+01,-3.447198284110312375e-03
1.127083333333333215e+01,-3.344427694057398003e-03
1.129166666666666607e+01,-3.241091985010343453e-03
1.131250000000000000e+01,-3.137208494308586955e-03
1.133333333333333215e+01,-3.032794663125119167e-03
1.135416666666666607e+01,-2.927868033645266398e-03
1.137500000000000000e+01,-2.822446246220826436e-03
1.139583333333333215e+01,-2.716547036499296353e-03
1.141666666666666607e+01,-2.610188232529789525e-03
1.143750000000000000e+01,-2.503387751845086769e-03
1.145833333333333215e+01,-2.396163598520180665e-03
1.147916666666666607e+01,-2.288533860208466671e-03
1.150000000000000000e+01,-2.180516705155558042e-03
1.152083333333333215e+01,-2.072130379191547671e-03
1.154166666666666607e+01,-1.963393202701895976e-03
1.156250000000000000e+01,-1.854323567577881131e-03
1.158333333333333215e+01,-1.744939934146792944e-03
1.160416666666666607e+01,-1.635260828082639711e-03
1.162500000000000000e+01,-1.525304837297894326e-03
1.164583333333333215e+01,-1.415090608816567397e-03
1.166666666666666607e+01,-1.304636845629369123e-03
1.168750000000000000e+01,-1.193962303531248331e-03
1.170833333333333215e+01,-1.083085787941968090e-03
1.172916666666666607e+01,-9.720261507104245753e-04
1.175000000000000000e+01,-8.608022869026488036e-04
1.177083333333333215e+01,-7.494331315741343787e-04
1.179166666666666607e+01,-6.379376565275037903e-04
1.181250000000000000e+01,-5.263348670557208876e-04
1.183333333333333215e+01,-4.146437986713234335e-04
1.185416666666666607e+01,-3.028835138220092936e-04
1.187500000000000000e+01,-1.910730985936954552e-04
1.189583333333333215e+01,-7.923165940139800074e-05
1.191666666666666607e+01,3.262168033169019935e-05
1.193750000000000000e+01,1.444677835061184486e-04
1.195833333333333215e+01,2.562875026885351199e-04
1.197916666666666607e+01,3.680616834638157468e-04
1.200000000000000000e+01,4.797711677963613711e-04
1.202083333333333215e+01,5.913967974000129907e-04
1.204166666666666607e+01,7.029194171160307175e-04
1.206250000000000000e+01,8.143198782983736804e-04
1.208333333333333215e+01,9.255790422055580006e-04
1.210416666666666607e+01,1.036677783398648207e-03
1.212500000000000000e+01,1.147596993144861131e-03
1.214583333333333215e+01,1.258317582825880122e-03
1.216666666666666607e+01,1.368820487350472671e-03
1.218750000000000000e+01,1.479086668570827288e-03
1.220833333333333215e+01,1.589097118701677429e-03
1.222916666666666607e+01,1.698832863741627647e-03
1.225000000000000000e+01,1.808274966896394019e-03
1.227083333333333215e+01,1.917404532003475067e-03
1.229166666666666607e+01,2.026202706956853252e-03
1.231250000000000000e+01,2.134650687131092999e-03
1.233333333333333215e+01,2.242729718804983147e-03
1.235416666666666607e+01,2.350421102584209464e-03
1.237500000000000000e+01,2.457706196821306689e-03
1.239583333333333215e+01,2.564566421032769307e-03
1.241666666666666607e+01,2.670983259312828626e-03
1.243750000000000000e+01,2.776938263743386568e-03
1.245833333333333215e+01,2.882413057799316451e-03
1.247916666666666607e+01,2.987389339748181428e-03
1.250000000000000000e+01,3.091848886044188012e-03
1.252083333333333215e+01,3.195773554715868135e-03
1.254166666666666607e+01,3.299145288746264601e-03
1.256250000000000000e+01,3.401946119445493737e-03
1.258333333333333215e+01,3.504158169815447133e-03
1.260416666666666607e+01,3.605763657905329718e-03
1.262500000000000000e+01,3.706744900157459520e-03
1.264583333333333215e+01,3.807084314743641815e-03
1.266666666666666607e+01,3.906764424891128427e-03
1.268750000000000000e+01,4.005767862197287879e-03
1.270833333333333215e+01,4.104077369932546647e-03
1.272916666666666607e+01,4.201675806331667436e-03
1.275000000000000000e+01,4.298546147872760355e-03
1.277083333333333215e+01,4.394671492543192164e-03
1.279166666666666607e+01,4.490035063092039265e-03
1.281250000000000000e+01,4.584620210268760057e-03
1.283333333333333215e+01,4.678410416048158632e-03
1.285416666666666607e+01,4.771389296840796747e-03
1.287500000000000000e+01,4.863540606688363140e-03
1.289583333333333215e+01,4.954848240443928201e-03
1.291666666666666607e+01,5.045296236937361553e-03
1.293750000000000000e+01,5.134868782125102428e-03
1.295833333333333215e+01,5.223550212223772825e-03
1.297916666666666607e+01,5.311325016828283979e-03
1.300000000000000000e+01,5.398177842013872352e-03
1.302083333333333215e+01,5.484093493422186570e-03
1.304166666666666607e+01,5.569056939331327311e-03
1.306250000000000000e+01,5.653053313709533942e-03
1.308333333333333215e+01,5.736067919253112074e-03
1.310416666666666607e+01,5.818086230408574255e-03
1.312500000000000000e+01,5.899093896378880195e-03
1.314583333333333215e+01,5.979076744114033247e-03
1.316666666666666607e+01,6.058020781286573529e-03
1.318750000000000000e+01,6.135912199252074352e-03
1.320833333333333215e+01,6.212737375994877020e-03
1.322916666666666607e+01,6.288482879059216664e-03
1.325000000000000000e+01,6.363135468466544868e-03
1.327083333333333215e+01,6.436682099619329273e-03
1.329166666666666607e+01,6.509109926191636308e-03
1.331250000000000000e+01,6.580406303006590754e-03
1.333333333333333215e+01,6.650558788901473652e-03
1.335416666666666607e+01,6.719555149580976397e-03
1.337500000000000000e+01,6.787383360458683866e-03
1.339583333333333215e+01,6.854031609486540243e-03
1.341666666666666607e+01,6.919488299972867407e-03
1.343750000000000000e+01,6.983742053388842207e-03
1.345833333333333215e+01,7.046781712163271288e-03
1.347916666666666607e+01,7.108596342465070203e-03
1.350000000000000000e+01,7.169175236972233356e-03
1.352083333333333215e+01,7.228507917626848973e-03
1.354166666666666607e+01,7.286584138374720132e-03
1.356250000000000000e+01,7.343393887887054820e-03
1.358333333333333215e+01,7.398927392261739171e-03
1.360416666666666607e+01,7.453175117701736629e-03
1.362500000000000000e+01,7.506127773166269314e-03
1.364583333333333215e+01,7.557776312989774280e-03
1.366666666666666607e+01,7.608111939463636092e-03
1.368750000000000000e+01,7.657126105374156659e-03
1.370833333333333215e+01,7.704810516488958677e-03
1.372916666666666607e+01,7.751157133982794316e-03
1.375000000000000000e+01,7.796158176792906784e-03
1.377083333333333215e+01,7.839806123893660467e-03
1.379166666666666607e+01,7.882093716476770012e-03
1.381250000000000000e+01,7.923013960023466556e-03
1.383333333333333215e+01,7.962560126254240173e-03
1.385416666666666607e+01,8.000725754939194689e-03
1.387500000000000000e+01,8.037504655552297345e-03
1.389583333333333215e+01,8.072890908752121397e-03
1.391666666666666607e+01,8.106878867669049110e-03
1.393750000000000000e+01,8.139463158980411728e-03
1.395833333333333215e+01,8.170638683756033596e-03
1.397916666666666607e+01,8.200400618055525212e-03
1.400000000000000000e+01,8.228744413259546017e-03
1.402083333333333215e+01,8.255665796120565877e-03
1.404166666666666607e+01,8.281160768519837262e-03
1.406250000000000000e+01,8.305225606920473361e-03
1.408333333333333215e+01,8.327856861510444381e-03
1.410416666666666607e+01,8.349051355032693911e-03
1.412500000000000000e+01,8.368806181304484781e-03
1.414583333333333215e+01,8.387118703433152703e-03
1.416666666666666607e+01,8.403986551741555663e-03
1.418750000000000000e+01,8.419407621421036436e-03
1.420833333333333215e+01,8.433380069935339507e-03
1.422916666666666607e+01,8.445902314204473127e-03
1.425000000000000000e+01,8.456973027602681867e-03
1.427083333333333215e+01,8.466591136807508772e-03
1.429166666666666607e+01,8.474755818541544056e-03
1.431250000000000000e+01,8.481466496250592707e-03
1.433333333333333215e+01,8.486722836762350744e-03
1.435416666666666607e+01,8.490524746969445660e-03
1.437500000000000000e+01,8.492872370580595992e-03
1.439583333333333215e+01,8.493766084980352432e-03
1.441666666666666607e+01,8.493206498233192223e-03
1.443750000000000000e+01,8.491194446263873596e-03
1.445833333333333215e+01,8.487730990241007870e-03
1.447916666666666607e+01,8.482817414183546970e-03
1.450000000000000000e+01,8.476455222803890716e-03
1.452083333333333215e+01,8.468646139593865793e-03
1.454166666666666607e+01,8.459392105155580030e-03
1.456250000000000000e+01,8.448695275772463015e-03
1.458333333333333215e+01,8.436558022209468891e-03
1.460416666666666607e+01,8.422982928727429028e-03
1.462500000000000000e+01,8.407972792295092049e-03
1.464583333333333215e+01,8.391530621977994625e-03
1.466666666666666607e+01,8.373659638481445108e-03
1.468750000000000000e+01,8.354363273825686151e-03
1.470833333333333215e+01,8.333645171130344906e-03
1.472916666666666607e+01,8.311509184487227489e-03
1.475000000000000000e+01,8.287959378900885618e-03
1.477083333333333215e+01,8.263000030278631544e-03
1.479166666666666607e+01,8.236635625453238643e-03
1.481250000000000000e+01,8.208870862224201814e-03
1.483333333333333215e+01,8.179710649405440639e-03
1.485416666666666607e+01,8.149160106868967579e-03
1.487500000000000000e+01,8.117224565575762579e-03
1.489583333333333215e+01,8.083909567586269884e-03
1.491666666666666607e+01,8.049220866044634604e-03
1.493750000000000000e+01,8.013164425132232940e-03
1.495833333333333215e+01,7.975746419985741201e-03
1.497916666666666607e+01,7.936973236575651375e-03
1.500000000000000000e+01,7.896851471542464668e-03
1.502083333333333215e+01,7.855387931987678138e-03
1.504166666666666607e+01,7.812589635216377754e-03
1.506250000000000000e+01,7.768463808429093391e-03
1.508333333333333215e+01,7.723017888361437787e-03
1.510416666666666607e+01,7.676259520869052264e-03
1.512500000000000000e+01,7.628196560456173940e-03
1.514583333333333215e+01,7.578837069747107989e-03
1.516666666666666607e+01,7.528189318900006463e-03
1.518750000000000000e+01,7.476261784962376887e-03
1.520833333333333215e+01,7.423063151167546073e-03
1.522916666666666607e+01,7.368602306173330750e-03
1.525000000000000000e+01,7.312888343243706922e-03
1.527083333333333215e+01,7.255930559373895139e-03
1.529166666666666607e+01,7.197738454359865236e-03
1.531250000000000000e+01,7.138321729813290953e-03
1.533333333333333215e+01,7.077690288123780239e-03
1.535416666666666607e+01,7.015854231369969378e-03
1.537500000000000000e+01,6.952823860179967522e-03
1.539583333333333215e+01,6.888609672542170791e-03
1.541666666666666607e+01,6.823222362567739167e-03
1.543750000000000000e+01,6.756672819206362493e-03
1.545833333333333215e+01,6.688972124915758787e-03
1.547916666666666607e+01,6.620131554285179840e-03
1.550000000000000000e+01,6.550162572613721194e-03
1.552083333333333215e+01,6.479076834444281313e-03
1.554166666666666607e+01,6.406886182054181283e-03
1.556250000000000000e+01,6.333602643902123269e-03
1.558333333333333215e+01,6.259238433032273535e-03
1.560416666666666607e+01,6.183805945436040771e-03
1.562500000000000000e+01,6.107317758372365034e-03
1.564583333333333215e+01,6.029786628647232014e-03
1.566666666666666607e+01,5.951225490852288594e-03
1.568750000000000000e+01,5.871647455563286551e-03
1.570833333333333215e+01,5.791065807500097792e-03
1.572916666666666607e+01,5.709494003648358379e-03
1.575000000000000000e+01,5.626945671342479388e-03
1.577083333333333215e+01,5.543434606311366426e-03
1.579166666666666607e+01,5.458974770688067302e-03
1.581250000000000000e+01,5.373580290983663577e-03
1.583333333333333215e+01,5.287265456024962777e-03
1.585416666666666607e+01,5.200044714856733724e-03
1.587500000000000000e+01,5.111932674610206694e-03
1.589583333333333215e+01,5.022944098337582541e-03
1.591666666666666607e+01,4.933093902812397263e-03
1.593750000000000000e+01,4.842397156295973580e-03
1.595833333333333215e+01,4.750869076271544214e-03
1.597916666666666607e+01,4.658525027146150944e-03
1.600000000000000000e+01,4.565380517919540547e-03
1.602083333333333215e+01,4.471451199821341316e-03
1.604166666666666430e+01,4.376752863917035379e-03
1.606250000000000000e+01,4.281301438682597570e-03
1.608333333333333215e+01,4.185112987548387196e-03
1.610416666666666430e+01,4.088203706412841740e-03
1.612500000000000000e+01,3.990589921126348923e-03
1.614583333333333215e+01,3.892288084945488835e-03
1.616666666666666430e+01,3.793314775958193854e-03
1.618750000000000000e+01,3.693686694480561878e-03
1.620833333333333215e+01,3.593420660425458192e-03
1.622916666666666430e+01,3.492533610642997461e-03
1.625000000000000000e+01,3.391042596233839138e-03
1.627083333333333215e+01,3.288964779835759026e-03
1.629166666666666430e+01,3.186317432883915054e-03
1.631250000000000000e+01,3.083117932844475079e-03
1.633333333333333215e+01,2.979383760422671824e-03
1.635416666666666430e+01,2.875132496746093773e-03
1.637500000000000000e+01,2.770381820522771835e-03
1.639583333333333215e+01,2.665149505174967733e-03
1.641666666666666430e+01,2.559453415948921302e-03
1.643750000000000000e+01,2.453311507001042831e-03
1.645833333333333215e+01,2.346741818461161103e-03
1.647916666666666430e+01,2.239762473473064317e-03
1.650000000000000000e+01,2.132391675212757642e-03
1.652083333333333215e+01,2.024647703885109999e-03
1.654166666666666430e+01,1.916548913699337451e-03
1.656250000000000000e+01,1.808113729823518107e-03
1.658333333333333215e+01,1.699360645319048868e-03
1.660416666666666430e+01,1.590308218055257574e-03
1.662500000000000000e+01,1.480975067604813067e-03
1.664583333333333215e+01,1.371379872120363167e-03
1.666666666666666430e+01,1.261541365192909254e-03
1.668750000000000000e+01,1.151478332692442656e-03
1.670833333333333215e+01,1.041209609591472974e-03
1.672916666666666430e+01,9.307540767721437635e-04
1.675000000000000000e+01,8.201306578167007113e-04
1.677083333333333215e+01,7.093583157826270375e-04
1.679166666666666430e+01,5.984560499629079742e-04
1.681250000000000000e+01,4.874428926315926510e-04
1.683333333333333215e+01,3.763379057754601413e-04
1.685416666666666430e+01,2.651601778124054948e-04
1.687500000000000000e+01,1.539288202969663468e-04
1.689583333333333215e+01,4.266296461338505770e-05
1.691666666666666430e+01,-6.861824134263343157e-05
1.693750000000000000e+01,-1.798956364934530612e-04
1.695833333333333215e+01,-2.911500499192807342e-04
1.697916666666666430e+01,-4.023623042081095704e-04
1.700000000000000000e+01,-5.135132188148625520e-04
1.702083333333333215e+01,-6.245836134292878953e-04
1.704166666666666430e+01,-7.355543113517360853e-04
1.706250000000000000e+01,-8.464061428765197112e-04
1.708333333333333215e+01,-9.571199486820816584e-04
1.710416666666666430e+01,-1.067676583227502359e-03
1.712500000000000000e+01,-1.178056918154501238e-03
1.714583333333333215e+01,-1.288241845694744784e-03
1.716666666666666430e+01,-1.398212282081040840e-03
1.718750000000000000e+01,-1.507949170962614256e-03
1.720833333333333215e+01,-1.617433486823433497e-03
1.722916666666666430e+01,-1.726646238402928342e-03
1.725000000000000000e+01,-1.835568472118894205e-03
1.727083333333333215e+01,-1.944181275491398261e-03
1.729166666666666430e+01,-2.052465780567279928e-03
1.731250000000000000e+01,-2.160403167344807258e-03
1.733333333333333215e+01,-2.267974667197607784e-03
1.735416666666666430e+01,-2.375161566297318266e-03
1.737500000000000000e+01,-2.481945209034542438e-03
1.739583333333333215e+01,-2.588307001437441940e-03
1.741666666666666430e+01,-2.694228414586810963e-03
1.743750000000000000e+01,-2.799690988027674077e-03
1.745833333333333215e+01,-2.904676333176762354e-03
1.747916666666666430e+01,-3.009166136724920632e-03
1.750000000000000000e+01,-3.113142164034236013e-03
1.752083333333333215e+01,-3.216586262528870616e-03
1.754166666666666430e+01,-3.319480365079393452e-03
1.756250000000000000e+01,-3.421806493380251044e-03
1.758333333333333215e+01,-3.523546761319129930e-03
1.760416666666666430e+01,-3.624683378338101371e-03
1.762500000000000000e+01,-3.725198652786177855e-03
1.764583333333333215e+01,-3.825074995262706806e-03
1.766666666666666430e+01,-3.924294921950833431e-03
1.768750000000000000e+01,-4.022841057940511854e-03
1.770833333333333215e+01,-4.120696140541253195e-03
1.772916666666666430e+01,-4.217843022583787904e-03
1.775000000000000000e+01,-4.314264675709830917e-03
1.777083333333333215e+01,-4.409944193650263203e-03
1.779166666666666430e+01,-4.504864795490804222e-03
1.781250000000000000e+01,-4.599009828925195234e-03
1.783333333333333215e+01,-4.692362773495492752e-03
1.785416666666666430e+01,-4.784907243819146866e-03
1.787500000000000000e+01,-4.876626992802509698e-03
1.789583333333333215e+01,-4.967505914840617855e-03
1.791666666666666430e+01,-5.057528049003368574e-03
1.793750000000000000e+01,-5.146677582207500636e-03
1.795833333333333215e+01,-5.234938852374147571e-03
1.797916666666666430e+01,-5.322296351572662274e-03
1.800000000000000000e+01,-5.408734729150065090e-03
1.802083333333333215e+01,-5.494238794845634002e-03
1.804166666666666430e+01,-5.578793521891588399e-03
1.806250000000000000e+01,-5.662384050099798782e-03
1.808333333333333215e+01,-5.744995688934080927e-03
1.810416666666666430e+01,-5.826613920568106571e-03
1.812500000000000000e+01,-5.907224402930085112e-03
1.814583333333333215e+01,-5.986812972733495525e-03
1.816666666666666430e+01,-6.065365648493892779e-03
1.818750000000000000e+01,-6.142868633532787108e-03
1.820833333333333215e+01,-6.219308318968547536e-03
1.822916666666666430e+01,-6.294671286694017431e-03
1.825000000000000000e+01,-6.368944312341421471e-03
1.827083333333333215e+01,-6.442114368234827700e-03
1.829166666666666430e+01,-6.514168626330046723e-03
1.831250000000000000e+01,-6.585094461142033083e-03
1.833333333333333215e+01,-6.654879452659432336e-03
1.835416666666666430e+01,-6.723511389246657199e-03
1.837500000000000000e+01,-6.790978270532854397e-03
1.839583333333333215e+01,-6.857268310286900904e-03
1.841666666666666430e+01,-6.922369939278317716e-03
1.843750000000000000e+01,-6.986271808122476550e-03
1.845833333333333215e+01,-7.048962790108819279e-03
1.847916666666666430e+01,-7.110431984010760417e-03
1.850000000000000000e+01,-7.170668716874627202e-03
1.852083333333333215e+01,-7.229662546785154895e-03
1.854166666666666430e+01,-7.287403265604343663e-03
1.856250000000000000e+01,-7.343880901679689793e-03
1.858333333333333215e+01,-7.399085722517424919e-03
1.860416666666666430e+01,-7.453008237415262478e-03
1.862500000000000000e+01,-7.505639200048559029e-03
1.864583333333333215e+01,-7.556969611002837921e-03
1.866666666666666430e+01,-7.606990720244499564e-03
1.868750000000000000e+01,-7.655694029521084576e-03
1.870833333333333215e+01,-7.703071294681112548e-03
1.872916666666666430e+01,-7.749114527902289246e-03
1.875000000000000000e+01,-7.793815999815573159e-03
1.877083333333333215e+01,-7.837168241512780520e-03
1.879166666666666430e+01,-7.879164046424370557e-03
1.881250000000000000e+01,-7.919796472051923372e-03
1.883333333333333215e+01,-7.959058841540174109e-03
1.885416666666666430e+01,-7.996944745073479230e-03
1.887500000000000000e+01,-8.033448041081482291e-03
1.889583333333333215e+01,-8.068562857237893127e-03
1.891666666666666430e+01,-8.102283591237498250e-03
1.893750000000000000e+01,-8.134604911337968772e-03
1.895833333333333215e+01,-8.165521756653909904e-03
1.897916666666666430e+01,-8.195029337192726374e-03
1.900000000000000000e+01,-8.223123133623576331e-03
1.902083333333333215e+01,-8.249798896773937254e-03
1.904166666666666430e+01,-8.275052646852229521e-03
1.906250000000000000e+01,-8.298880672397340730e-03
1.908333333333333215e+01,-8.321279528960225449e-03
1.910416666666666430e+01,-8.342246037527836083e-03
1.912500000000000000e+01,-8.361777282702443845e-03
1.914583333333333215e+01,-8.379870610654783017e-03
1.916666666666666430e+01,-8.396523626873429388e-03
1.918750000000000000e+01,-8.411734193736005241e-03
1.920833333333333215e+01,-8.425500427931857314e-03
1.922916666666666430e+01,-8.437820697768569009e-03
1.925000000000000000e+01,-8.448693620396647425e-03
1.927083333333333215e+01,-8.458118058987237550e-03
1.929166666666666430e+01,-8.466093119899036068e-03
1.931250000000000000e+01,-8.472618149869907619e-03
1.933333333333333215e+01,-8.477692733267084418e-03
1.935416666666666430e+01,-8.481316689426345035e-03
1.937500000000000000e+01,-8.483490070108805695e-03
1.939583333333333215e+01,-8.484213157100026562e-03
1.941666666666666430e+01,-8.483486459971469051e-03
1.943750000000000000e+01,-8.481310714018636468e-03
1.945833333333333215e+01,-8.477686878386419059e-03
1.947916666666666430e+01,-8.472616134388167783e-03
1.950000000000000000e+01,-8.466099884018717103e-03
1.952083333333333215e+01,-8.458139748657507451e-03
1.954166666666666430e+01,-8.448737567955199798e-03
1.956250000000000000e+01,-8.437895398893346249e-03
1.958333333333333215e+01,-8.425615515003429673e-03
1.960416666666666430e+01,-8.411900405730763156e-03
1.962500000000000000e+01,-8.396752775927218693e-03
1.964583333333333215e+01,-8.380175545455750136e-03
1.966666666666666430e+01,-8.362171848889479384e-03
1.968750000000000000e+01,-8.342745035289670860e-03
1.970833333333333215e+01,-8.321898668046371142e-03
1.972916666666666430e+01,-8.299636524767223592e-03
1.975000000000000000e+01,-8.275962597201366039e-03
1.977083333333333215e+01,-8.250881091186152219e-03
1.979166666666666430e+01,-8.224396426606477711e-03
1.981250000000000000e+01,-8.196513237356810311e-03
1.983333333333333215e+01,-8.167236371298451647e-03
1.985416666666666430e+01,-8.136570890204877782e-03
1.987500000000000000e+01,-8.104522069688528674e-03
1.989583333333333215e+01,-8.071095399103906526e-03
1.991666666666666430e+01,-8.036296581422965393e-03
1.993750000000000000e+01,-8.000131533078273099e-03
1.995833333333333215e+01,-7.962606383770059679e-03
1.997916666666666430e+01,-7.923727476233894534e-03
2.000000000000000000e+01,-7.883501365966553293e-03
2.002083333333333215e+01,-7.841934820907272771e-03
2.004166666666666430e+01,-7.799034821072324541e-03
2.006250000000000000e+01,-7.754808558140749083e-03
2.008333333333333215e+01,-7.709263434989799442e-03
2.010416666666666430e+01,-7.662407065179019719e-03
2.012500000000000000e+01,-7.614247272381952265e-03
2.014583333333333215e+01,-7.564792089764965297e-03
2.016666666666666430e+01,-7.514049759312977153e-03
2.018750000000000000e+01,-7.462028731102012154e-03
2.020833333333333215e+01,-7.408737662518849985e-03
2.022916666666666430e+01,-7.354185417428449507e-03
2.025000000000000000e+01,-7.298381065289579785e-03
2.027083333333333215e+01,-7.241333880219392137e-03
2.029166666666666430e+01,-7.183053340007921131e-03
2.031250000000000000e+01,-7.123549125082995898e-03
2.033333333333333215e+01,-7.062831117426843740e-03
2.035416666666666430e+01,-7.000909399444762461e-03
2.037500000000000000e+01,-6.937794252787133839e-03
2.039583333333333215e+01,-6.873496157124887526e-03
2.041666666666666430e+01,-6.808025788879418054e-03
2.043750000000000000e+01,-6.741394019907863064e-03
2.045833333333333215e+01,-6.673611916143581436e-03
2.047916666666666430e+01,-6.604690736192899043e-03
2.050000000000000000e+01,-6.534641929888580954e-03
2.052083333333333215e+01,-6.463477136800118567e-03
2.054166666666666430e+01,-6.391208184702129244e-03
2.056250000000000000e+01,-6.317847088000815535e-03
2.058333333333333215e+01,-6.243406046119020017e-03
2.060416666666666430e+01,-6.167897441840494190e-03
2.062500000000000000e+01,-6.091333839613761320e-03
2.064583333333333215e+01,-6.013727983816864742e-03
2.066666666666666430e+01,-5.935092796982938297e-03
2.068750000000000000e+01,-5.855441377986739422e-03
2.070833333333333215e+01,-5.774787000193670576e-03
2.072916666666666430e+01,-5.693143109571199671e-03
2.075000000000000000e+01,-5.610523322763389005e-03
2.077083333333333215e+01,-5.526941425129254341e-03
2.079166666666666430e+01,-5.442411368744970619e-03
2.081250000000000000e+01,-5.356947270370453380e-03
2.083333333333333215e+01,-5.270563409380974243e-03
2.085416666666666430e+01,-5.183274225664479158e-03
2.087500000000000000e+01,-5.095094317484290258e-03
2.089583333333333215e+01,-5.006038439308112438e-03
2.091666666666666430e+01,-4.916121499603325583e-03
2.093750000000000000e+01,-4.825358558599214705e-03
2.095833333333333215e+01,-4.733764826016674879e-03
2.097916666666666430e+01,-4.641355658765325062e-03
2.100000000000000000e+01,-4.548146558608657034e-03
2.102083333333333215e+01,-4.454153169797340009e-03
2.104166666666666430e+01,-4.359391276671399987e-03
2.106250000000000000e+01,-4.263876801231621626e-03
2.108333333333333215e+01,-4.167625800680360877e-03
2.110416666666666430e+01,-4.070654464932235012e-03
2.112500000000000000e+01,-3.972979114095325816e-03
2.114583333333333215e+01,-3.874616195922763687e-03
2.116666666666666430e+01,-3.775582283235480192e-03
2.118750000000000000e+01,-3.675894071316967385e-03
2.120833333333333215e+01,-3.575568375279527394e-03
2.122916666666666430e+01,-3.474622127402793303e-03
2.125000000000000000e+01,-3.373072374445133283e-03
2.127083333333333215e+01,-3.270936274928316987e-03
2.129166666666666430e+01,-3.168231096395602523e-03
2.131250000000000000e+01,-3.064974212643551896e-03
2.133333333333333215e+01,-2.961183100928522962e-03
2.135416666666666430e+01,-2.856875339147963658e-03
2.137500000000000000e+01,-2.752068602996590035e-03
2.139583333333333215e+01,-2.646780663098411736e-03
2.141666666666666430e+01,-2.541029382114731554e-03
2.143750000000000000e+01,-2.434832711828733599e-03
2.145833333333333215e+01,-2.328208690206952369e-03
2.147916666666666430e+01,-2.221175438438176969e-03
2.150000000000000000e+01,-2.113751157950248885e-03
2.152083333333333215e+01,-2.005954127405011785e-03
2.154166666666666430e+01,-1.897802699672270074e-03
2.156250000000000000e+01,-1.789315298783161062e-03
2.158333333333333215e+01,-1.680510416863185107e-03
2.160416666666666430e+01,-1.571406611045477039e-03
2.162500000000000000e+01,-1.462022500364906080e-03
2.164583333333333215e+01,-1.352376762633480207e-03
2.166666666666666430e+01,-1.242488131297630680e-03
2.168750000000000000e+01,-1.132375392277960033e-03
2.170833333333333215e+01,-1.022057380791523357e-03
2.172916666666666430e+01,-9.115529781576330601e-04
2.175000000000000000e+01,-8.008811085878176977e-04
2.177083333333333215e+01,-6.900607359600561793e-04
2.179166666666666430e+01,-5.791108605779172807e-04
2.181250000000000000e+01,-4.680505159154619015e-04
2.183333333333333215e+01,-3.568987653484764593e-04
2.185416666666666430e+01,-2.456746988720769965e-04
2.187500000000000000e+01,-1.343974298055785460e-04
2.189583333333333215e+01,-2.308609148528328281e-05
2.191666666666666430e+01,8.824016605380214664e-05
2.193750000000000000e+01,1.995621794076305952e-04
2.195833333333333215e+01,3.108607751434475726e-04
2.197916666666666430e+01,4.221167731495266006e-04
2.200000000000000000e+01,5.333109899937072936e-04
2.202083333333333215e+01,6.444242422908186968e-04
2.204166666666666430e+01,7.554373500783239390e-04
2.206250000000000000e+01,8.663311401990765473e-04
2.208333333333333215e+01,9.770864496901872712e-04
2.210416666666666430e+01,1.087684129178489523e-03
2.212500000000000000e+01,1.198105046281604073e-03
2.214583333333333215e+01,1.308330089013480958e-03
2.216666666666666430e+01,1.418340169193778918e-03
2.218750000000000000e+01,1.528116225861165210e-03
2.220833333333333215e+01,1.637639228689875825e-03
2.222916666666666430e+01,1.746890181407877510e-03
2.225000000000000000e+01,1.855850125216468088e-03
2.227083333333333215e+01,1.964500142211458421e-03
2.229166666666666430e+01,2.072821358804281290e-03
2.231250000000000000e+01,2.180794949142710396e-03
2.233333333333333215e+01,2.288402138531010158e-03
2.235416666666666430e+01,2.395624206847941830e-03
2.237500000000000000e+01,2.502442491962723718e-03
2.239583333333333215e+01,2.608838393148254879e-03
2.241666666666666430e+01,2.714793374490450002e-03
2.243750000000000000e+01,2.820288968293580088e-03
2.245833333333333215e+01,2.925306778480913326e-03
2.247916666666666430e+01,3.029828483989943644e-03
2.250000000000000000e+01,3.133835842161412401e-03
2.252083333333333215e+01,3.237310692121672228e-03
2.254166666666666430e+01,3.340234958158065995e-03
2.256250000000000000e+01,3.442590653086259698e-03
2.258333333333333215e+01,3.544359881609337147e-03
2.260416666666666430e+01,3.645524843667785619e-03
2.262500000000000000e+01,3.746067837780029004e-03
2.264583333333333215e+01,3.845971264372780724e-03
2.266666666666666430e+01,3.945217629100963158e-03
2.268750000000000000e+01,4.043789546156519206e-03
2.270833333333333215e+01,4.141669741565447670e-03
2.272916666666666430e+01,4.238841056472660018e-03
2.275000000000000000e+01,4.335286450414987253e-03
2.277083333333333215e+01,4.430989004580683684e-03
2.279166666666666430e+01,4.525931925055314865e-03
2.281250000000000000e+01,4.620098546054541427e-03
2.283333333333333215e+01,4.713472333142797871e-03
2.285416666666666430e+01,4.806036886437182847e-03
2.287500000000000000e+01,4.897775943796774285e-03
2.289583333333333215e+01,4.988673383997430100e-03
2.291666666666666430e+01,5.078713229891344133e-03
2.293750000000000000e+01,5.167879651550986997e-03
2.295833333333333215e+01,5.256156969398083183e-03
2.297916666666666430e+01,5.343529657317217657e-03
2.300000000000000000e+01,5.429982345753822139e-03
2.302083333333333215e+01,5.515499824796500292e-03
2.304166666666666430e+01,5.600067047244550525e-03
2.306250000000000000e+01,5.683669131660141691e-03
2.308333333333333215e+01,5.766291365405518121e-03
2.310416666666666430e+01,5.847919207665479464e-03
2.312500000000000000e+01,5.928538292455595889e-03
2.314583333333333215e+01,6.008134431616716370e-03
2.316666666666666430e+01,6.086693617795752714e-03
2.318750000000000000e+01,6.164202027413848671e-03
2.320833333333333215e+01,6.240646023622047761e-03
2.322916666666666430e+01,6.316012159245153711e-03
2.325000000000000000e+01,6.390287179715375097e-03
2.327083333333333215e+01,6.463458025995450634e-03
2.329166666666666430e+01,6.535511837492127656e-03
2.331250000000000000e+01,6.606435954961608834e-03
2.333333333333333215e+01,6.676217923407660147e-03
2.335416666666666430e+01,6.744845494972505871e-03
2.337500000000000000e+01,6.812306631821865403e-03
2.339583333333333215e+01,6.878589509025175366e-03
2.341666666666666430e+01,6.943682517431280614e-03
2.343750000000000000e+01,7.007574266540013072e-03
2.345833333333333215e+01,7.070253587370606448e-03
2.347916666666666430e+01,7.131709535326983228e-03
2.350000000000000000e+01,7.191931393059071767e-03
2.352083333333333215e+01,7.250908673320013813e-03
2.354166666666666430e+01,7.308631121818937211e-03
2.356250000000000000e+01,7.365088720067293655e-03
2.358333333333333215e+01,7.420271688215980717e-03
2.360416666666666430e+01,7.474170487880594897e-03
2.362500000000000000e+01,7.526775824951531003e-03
2.364583333333333215e+01,7.578078652383785259e-03
2.366666666666666430e+01,7.628070172959548409e-03
2.368750000000000000e+01,7.676741842016796512e-03
2.370833333333333215e+01,7.724085370135243961e-03
2.372916666666666430e+01,7.770092725768770747e-03
2.375000000000000000e+01,7.814756137811948444e-03
2.377083333333333215e+01,7.858068098087060346e-03
2.379166666666666430e+01,7.900021363735834981e-03
2.381250000000000000e+01,7.940608959497203953e-03
2.383333333333333215e+01,7.979824179852067212e-03
2.385416666666666430e+01,8.017660591013957630e-03
2.387500000000000000e+01,8.054112032741624072e-03
2.389583333333333215e+01,8.089172619949545201e-03
2.391666666666666430e+01,8.122836744091138997e-03
2.393750000000000000e+01,8.155099074288586422e-03
2.395833333333333215e+01,8.185954558183210217e-03
2.397916666666666430e+01,8.215398422481753199e-03
2.400000000000000000e+01,8.243426173175453023e-03
2.402083333333333215e+01,8.270033595410225882e-03
2.404166666666666430e+01,8.295216752990773254e-03
2.406250000000000000e+01,8.318971987505660234e-03
2.408333333333333215e+01,8.341295917065501969e-03
2.410416666666666430e+01,8.362185434652986624e-03
2.412500000000000000e+01,8.381637706089869674e-03
2.414583333333333215e+01,8.399650167634125156e-03
2.416666666666666430e+01,8.416220523229175562e-03
2.418750000000000000e+01,8.431346741433852834e-03
2.420833333333333215e+01,8.445027052069923809e-03
2.422916666666666430e+01,8.457259942632031416e-03
2.425000000000000000e+01,8.468044154511467081e-03
2.427083333333333215e+01,8.477378679088300173e-03
2.429166666666666430e+01,8.485262753752042045e-03
2.431250000000000000e+01,8.491695857912292048e-03
2.433333333333333215e+01,8.496677709060346251e-03
2.435416666666666430e+01,8.500208258940452830e-03
2.437500000000000000e+01,8.502287689885647606e-03
2.439583333333333215e+01,8.502916411367885188e-03
2.441666666666666430e+01,8.502095056804102532e-03
2.443750000000000000e+01,8.499824480650536307e-03
2.445833333333333215e+01,8.496105755809548951e-03
2.447916666666666430e+01,8.490940171364027775e-03
2.450000000000000000e+01,8.484329230642604497e-03
2.452083333333333215e+01,8.476274649610912593e-03
2.454166666666666430e+01,8.466778355576671730e-03
2.456250000000000000e+01,8.455842486188316909e-03
2.458333333333333215e+01,8.443469388701111550e-03
2.460416666666666430e+01,8.429661619481073828e-03
2.462500000000000000e+01,8.414421943714585697e-03
2.464583333333333215e+01,8.397753335290364038e-03
2.466666666666666430e+01,8.379658976820886229e-03
2.468750000000000000e+01,8.360142259771226325e-03
2.470833333333333215e+01,8.339206784667190647e-03
2.472916666666666430e+01,8.316856361356950514e-03
2.475000000000000000e+01,8.293095009302987528e-03
2.477083333333333215e+01,8.267926957886240907e-03
2.479166666666666430e+01,8.241356646707127115e-03
2.481250000000000000e+01,8.213388725871462182e-03
2.483333333333333215e+01,8.184028056251822086e-03
2.485416666666666430e+01,8.153279709717022386e-03
2.487500000000000000e+01,8.121148969324983036e-03
2.489583333333333215e+01,8.087641329475127316e-03
2.491666666666666430e+01,8.052762496016623375e-03
2.493750000000000000e+01,8.016518386310362426e-03
2.495833333333333215e+01,7.978915129241738458e-03
2.497916666666666430e+01,7.939959065182447887e-03
2.500000000000000000e+01,7.899656745899182389e-03
2.502083333333333215e+01,7.858014934405858215e-03
2.504166666666666430e+01,7.815040604757557061e-03
2.506250000000000000e+01,7.770740941784413415e-03
2.508333333333333215e+01,7.725123340763250489e-03
2.510416666666666430e+01,7.678195407025077343e-03
2.512500000000000000e+01,7.629964955497663993e-03
2.514583333333333215e+01,7.580440010183025351e-03
2.516666666666666430e+01,7.529628803569245882e-03
2.518750000000000000e+01,7.477539775977350145e-03
2.520833333333333215e+01,7.424181574844153364e-03
2.522916666666666430e+01,7.369563053942741748e-03
2.525000000000000000e+01,7.313693272542555815e-03
2.527083333333333215e+01,7.256581494510430663e-03
2.529166666666666430e+01,7.198237187355027884e-03
2.531250000000000000e+01,7.138670021216678326e-03
2.533333333333333215e+01,7.077889867804346147e-03
2.535416666666666430e+01,7.015906799281493127e-03
2.537500000000000000e+01,6.952731087102992542e-03
2.539583333333333215e+01,6.888373200803845492e-03
2.541666666666666430e+01,6.822843806740329364e-03
2.543750000000000000e+01,6.756153766785472775e-03
2.545833333333333215e+01,6.688314136978977531e-03
2.547916666666666430e+01,6.619336166131943242e-03
2.550000000000000000e+01,6.549231294387064181e-03
2.552083333333333215e+01,6.478011151735049537e-03
2.554166666666666430e+01,6.405687556487233217e-03
2.556250000000000000e+01,6.332272513704739238e-03
2.558333333333333215e+01,6.257778213584986801e-03
2.560416666666666430e+01,6.182217029806104033e-03
2.562500000000000000e+01,6.105601517829946888e-03
2.564583333333333215e+01,6.027944413163994694e-03
2.566666666666666430e+01,5.949258629583258594e-03
2.568750000000000000e+01,5.869557257312903696e-03
2.570833333333333215e+01,5.788853561172433229e-03
2.572916666666666430e+01,5.707160978681981994e-03
2.575000000000000000e+01,5.624493118131495412e-03
2.577083333333333215e+01,5.540863756613698815e-03
2.579166666666666430e+01,5.456286838021125879e-03
2.581250000000000000e+01,5.370776471008069201e-03
2.583333333333333215e+01,5.284346926917706314e-03
2.585416666666666430e+01,5.197012637674977911e-03
2.587500000000000000e+01,5.108788193645483720e-03
2.589583333333333215e+01,5.019688341460882587e-03
2.591666666666666430e+01,4.929727981810815875e-03
2.593750000000000000e+01,4.838922167201958717e-03
2.595833333333333215e+01,4.747286099684569494e-03
2.597916666666666430e+01,4.654835128546255633e-03
2.600000000000000000e+01,4.561584747974106735e-03
2.602083333333333215e+01,4.467550594684957348e-03
2.604166666666666430e+01,4.372748445524327586e-03
2.606250000000000000e+01,4.277194215034619239e-03
2.608333333333333215e+01,4.180903952992677530e-03
2.610416666666666430e+01,4.083893841917116650e-03
2.612500000000000000e+01,3.986180194546010136e-03
2.614583333333333215e+01,3.887779451285934464e-03
2.616666666666666430e+01,3.788708177631858881e-03
2.618750000000000000e+01,3.688983061558441783e-03
2.620833333333333215e+01,3.588620910883572827e-03
2.622916666666666430e+01,3.487638650604793500e-03
2.625000000000000000e+01,3.386053320208341159e-03
2.627083333333333215e+01,3.283882070951501739e-03
2.629166666666666430e+01,3.181142163118825823e-03
2.631250000000000000e+01,3.077850963252153852e-03
2.633333333333333215e+01,2.974025941355405885e-03
2.635416666666666430e+01,2.869684668074238675e-03
2.637500000000000000e+01,2.764844811851030655e-03
2.639583333333333215e+01,2.659524136055348761e-03
2.641666666666666430e+01,2.553740496090505137e-03
2.643750000000000000e+01,2.447511836476855534e-03
2.645833333333333215e+01,2.340856187912077491e-03
2.647916666666666430e+01,2.233791664308780456e-03
2.650000000000000000e+01,2.126336459809960010e-03
2.652083333333333215e+01,2.018508845782895564e-03
2.654166666666666430e+01,1.910327167791859692e-03
2.656250000000000000e+01,1.801809842550030748e-03
2.658333333333333215e+01,1.692975354851383295e-03
2.660416666666666430e+01,1.583842254483104747e-03
2.662500000000000000e+01,1.474429153118537788e-03
2.664583333333333215e+01,1.364754721191443511e-03
2.666666666666666430e+01,1.254837684752161840e-03
2.668750000000000000e+01,1.144696822306429281e-03
2.670833333333333215e+01,1.034350961636585102e-03
2.672916666666666430e+01,9.238189766066367842e-04
2.675000000000000000e+01,8.131197839511489570e-04
2.677083333333333215e+01,7.022723400482775010e-04
2.679166666666666430e+01,5.912956376780563374e-04
2.681250000000000000e+01,4.802087027664934168e-04
2.683333333333333215e+01,3.690305911154160103e-04
2.685416666666666430e+01,2.577803851189635091e-04
2.687500000000000000e+01,1.464771904673246113e-04
2.689583333333333215e+01,3.514013283852713735e-05
2.691666666666666430e+01,-7.621164542141994208e-05
2.693750000000000000e+01,-1.875589886296707184e-04
2.695833333333333215e+01,-2.988827311081650997e-04
2.697916666666666430e+01,-4.101637005348613037e-04
2.700000000000000000e+01,-5.213827213040177384e-04
2.702083333333333215e+01,-6.325206178955680670e-04
2.704166666666666430e+01,-7.435582182524046050e-04
2.706250000000000000e+01,-8.544763571647602876e-04
2.708333333333333215e+01,-9.652558796617760790e-04
2.710416666666666430e+01,-1.075877644409076054e-03
2.712500000000000000e+01,-1.186322527111826480e-03
2.714583333333333215e+01,-1.296571423922809017e-03
2.716666666666666430e+01,-1.406605254854855543e-03
2.718750000000000000e+01,-1.516404967197013728e-03
2.720833333333333215e+01,-1.625951538933667487e-03
2.722916666666666430e+01,-1.735225982165820857e-03
2.725000000000000000e+01,-1.844209346534555474e-03
2.727083333333333215e+01,-1.952882722645918334e-03
2.729166666666666430e+01,-2.061227245495870272e-03
2.731250000000000000e+01,-2.169224097895106063e-03
2.733333333333333215e+01,-2.276854513893345876e-03
2.735416666666666430e+01,-2.384099782202310069e-03
2.737500000000000000e+01,-2.490941249616844110e-03
2.739583333333333215e+01,-2.597360324433311760e-03
2.741666666666666430e+01,-2.703338479864659735e-03
2.743750000000000000e+01,-2.808857257451696354e-03
2.745833333333333215e+01,-2.913898270470132237e-03
2.747916666666666430e+01,-3.018443207332680966e-03
2.750000000000000000e+01,-3.122473834985269904e-03
2.752083333333333215e+01,-3.225972002297075852e-03
2.754166666666666430e+01,-3.328919643443830831e-03
2.756250000000000000e+01,-3.431298781283869358e-03
2.758333333333333215e+01,-3.533091530726149582e-03
2.760416666666666430e+01,-3.634280102089928240e-03
2.762500000000000000e+01,-3.734846804455352592e-03
2.764583333333333215e+01,-3.834774049004585107e-03
2.766666666666666430e+01,-3.934044352353017679e-03
2.768750000000000000e+01,-4.032640339869882767e-03
2.770833333333333215e+01,-4.130544748987777064e-03
2.772916666666666430e+01,-4.227740432501052130e-03
2.775000000000000000e+01,-4.324210361852299199e-03
2.777083333333333215e+01,-4.419937630406570346e-03
2.779166666666666430e+01,-4.514905456712741891e-03
2.781250000000000000e+01,-4.609097187752199572e-03
2.783333333333333215e+01,-4.702496302174186300e-03
2.785416666666666430e+01,-4.795086413517292076e-03
2.787500000000000000e+01,-4.886851273417188411e-03
2.789583333333333215e+01,-4.977774774800311497e-03
2.791666666666666430e+01,-5.067840955063217419e-03
2.793750000000000000e+01,-5.157033999237005742e-03
2.795833333333333215e+01,-5.245338243137313665e-03
2.797916666666666430e+01,-5.332738176499879877e-03
2.800000000000000000e+01,-5.419218446100952137e-03
2.802083333333333215e+01,-5.504763858862560255e-03
2.804166666666666430e+01,-5.589359384943412556e-03
2.806250000000000000e+01,-5.672990160814747954e-03
2.808333333333333215e+01,-5.755641492321384757e-03
2.810416666666666430e+01,-5.837298857728288014e-03
2.812500000000000000e+01,-5.917947910752762060e-03
2.814583333333333215e+01,-5.997574483582096549e-03
2.816666666666666430e+01,-6.076164589877045864e-03
2.818750000000000000e+01,-6.153704427762063910e-03
2.820833333333333215e+01,-6.230180382801779083e-03
2.822916666666666430e+01,-6.305579030963489109e-03
2.825000000000000000e+01,-6.379887141567015807e-03
2.827083333333333215e+01,-6.453091680222072454e-03
2.829166666666666430e+01,-6.525179811752621593e-03
2.831250000000000000e+01,-6.596138903108710733e-03
2.833333333333333215e+01,-6.665956526265840593e-03
2.835416666666666430e+01,-6.734620461112201563e-03
2.837500000000000000e+01,-6.802118698323363771e-03
2.839583333333333215e+01,-6.868439442223800602e-03
2.841666666666666430e+01,-6.933571113635593475e-03
2.843750000000000000e+01,-6.997502352712806940e-03
2.845833333333333215e+01,-7.060222021760919134e-03
2.847916666666666430e+01,-7.121719208040211239e-03
2.850000000000000000e+01,-7.181983226550898124e-03
2.852083333333333215e+01,-7.241003622798169136e-03
2.854166666666666430e+01,-7.298770175534486683e-03
2.856250000000000000e+01,-7.355272899476012274e-03
2.858333333333333215e+01,-7.410502047988883935e-03
2.860416666666666430e+01,-7.464448115740808694e-03
2.862500000000000000e+01,-7.517101841313006232e-03
2.864583333333333215e+01,-7.568454209765783369e-03
2.866666666666666430e+01,-7.618496455150206362e-03
2.868750000000000000e+01,-7.667220062958141936e-03
2.870833333333333215e+01,-7.714616772501461765e-03
2.872916666666666430e+01,-7.760678579209655953e-03
2.875000000000000000e+01,-7.805397736834297946e-03
2.877083333333333215e+01,-7.848766759547844835e-03
2.879166666666666430e+01,-7.890778423923570928e-03
2.881250000000000000e+01,-7.931425770782270235e-03
2.883333333333333215e+01,-7.970702106889675578e-03
2.885416666666666430e+01,-8.008601006488844792e-03
2.887500000000000000e+01,-8.045116312651725415e-03
2.889583333333333215e+01,-8.080242138432934887e-03
2.891666666666666430e+01,-8.113972867809442907e-03
2.893750000000000000e+01,-8.146303156390711717e-03
2.895833333333333215e+01,-8.177227931884469350e-03
2.897916666666666430e+01,-8.206742394305134927e-03
2.900000000000000000e+01,-8.234842015913765995e-03
2.902083333333333215e+01,-8.261522540880510829e-03
2.904166666666666430e+01,-8.286779984663839374e-03
2.906250000000000000e+01,-8.310610633105107795e-03
2.908333333333333215e+01,-8.333011041239861763e-03
2.910416666666666430e+01,-8.353978031831901449e-03
2.912500000000000000e+01,-8.373508693640065517e-03
2.914583333333333215e+01,-8.391600379433516652e-03
2.916666666666666430e+01,-8.408250703775292309e-03
2.918750000000000000e+01,-8.423457540597973150e-03
2.920833333333333215e+01,-8.437219020599722591e-03
2.922916666666666430e+01,-8.449533528492616380e-03
2.925000000000000000e+01,-8.460399700137852599e-03
2.927083333333333215e+01,-8.469816419604595664e-03
2.929166666666666430e+01,-8.477782816190661611e-03
2.931250000000000000e+01,-8.484298261443168690e-03
2.933333333333333215e+01,-8.489362366215938080e-03
2.935416666666666430e+01,-8.492974977799851860e-03
2.937500000000000000e+01,-8.495136177158831362e-03
2.939583333333333215e+01,-8.495846276300317301e-03
2.941666666666666430e+01,-8.495105815805422539e-03
2.943750000000000000e+01,-8.492915562538484731e-03
2.945833333333333215e+01,-8.489276507550515966e-03
2.947916666666666430e+01,-8.484189864186902214e-03
2.950000000000000000e+01,-8.477657066403049280e-03
2.952083333333333215e+01,-8.469679767287588423e-03
2.954166666666666430e+01,-8.460259837787257459e-03
2.956250000000000000e+01,-8.449399365624686575e-03
2.958333333333333215e+01,-8.437100654396683871e-03
2.960416666666666430e+01,-8.423366222837598907e-03
2.962500000000000000e+01,-8.408198804231128282e-03
2.964583333333333215e+01,-8.391601345952121385e-03
2.966666666666666430e+01,-8.373577009120411127e-03
2.968750000000000000e+01,-8.354129168348177481e-03
2.970833333333333215e+01,-8.333261411563220797e-03
2.972916666666666430e+01,-8.310977539891961641e-03
2.975000000000000000e+01,-8.287281567586622308e-03
2.977083333333333215e+01,-8.262177721982635892e-03
2.979166666666666430e+01,-8.235670443475017616e-03
2.981250000000000000e+01,-8.207764385502488644e-03
2.983333333333333215e+01,-8.178464414529870372e-03
2.985416666666666430e+01,-8.147775610021137233e-03
2.987500000000000000e+01,-8.115703264396300146e-03
2.989583333333333215e+01,-8.082252882966456733e-03
2.991666666666666430e+01,-8.047430183841498830e-03
2.993750000000000000e+01,-8.011241097806182099e-03
2.995833333333333215e+01,-7.973691768161010260e-03
2.997916666666666430e+01,-7.934788550524363854e-03
3.000000000000000000e+01,-7.894538012592362472e-03
3.002083333333333215e+01,-7.852946933854031836e-03
3.004166666666666430e+01,-7.810022305259474613e-03
3.006250000000000000e+01,-7.765771328838925146e-03
3.008333333333333215e+01,-7.720201417270792024e-03
3.010416666666666430e+01,-7.673320193397210540e-03
3.012500000000000000e+01,-7.625135489685960083e-03
3.014583333333333215e+01,-7.575655347638521851e-03
3.016666666666666430e+01,-7.524888017143491030e-03
3.018750000000000000e+01,-7.472841955774978291e-03
3.020833333333333215e+01,-7.419525828036751744e-03
3.022916666666666430e+01,-7.364948504552321432e-03
3.025000000000000000e+01,-7.309119061201641183e-03
3.027083333333333215e+01,-7.252046778205296050e-03
3.029166666666666430e+01,-7.193741139156865742e-03
3.031250000000000000e+01,-7.134211830004451999e-03
3.033333333333333215e+01,-7.073468737982710822e-03
3.035416666666666430e+01,-7.011521950495936024e-03
3.037500000000000000e+01,-6.948381753952815112e-03
3.039583333333333215e+01,-6.884058632554384063e-03
3.041666666666666430e+01,-6.818563267035685806e-03
3.043750000000000000e+01,-6.751906533361481944e-03
3.045833333333333215e+01,-6.684099501376954480e-03
3.047916666666666430e+01,-6.615153433414136530e-03
3.050000000000000000e+01,-6.545079782854274983e-03
3.052083333333333215e+01,-6.473890192646584822e-03
3.054166666666666430e+01,-6.401596493784502719e-03
3.056250000000000000e+01,-6.328210703739713117e-03
3.058333333333333215e+01,-6.253745024853839263e-03
3.060416666666666430e+01,-6.178211842689169606e-03
3.062500000000000000e+01,-6.101623724338719676e-03
3.064583333333333215e+01,-6.023993416696201905e-03
3.066666666666666430e+01,-5.945333844686285889e-03
3.068750000000000000e+01,-5.865658109455942730e-03
3.070833333333333215e+01,-5.784979486527674908e-03
3.072916666666666430e+01,-5.703311423914834630e-03
3.075000000000000000e+01,-5.620667540199596190e-03
3.077083333333333215e+01,-5.537061622574474852e-03
3.079166666666666430e+01,-5.452507624847423469e-03
3.081250000000000000e+01,-5.367019665411515601e-03
3.083333333333333215e+01,-5.280612025179411140e-03
3.085416666666666430e+01,-5.193299145482554134e-03
3.087500000000000000e+01,-5.105095625936631118e-03
3.089583333333333215e+01,-5.016016222272706195e-03
3.091666666666666430e+01,-4.926075844134732845e-03
3.093750000000000000e+01,-4.835289552843927315e-03
3.095833333333333215e+01,-4.743672559130249038e-03
3.097916666666666430e+01,-4.651240220831559698e-03
3.100000000000000000e+01,-4.558008040560182494e-03
3.102083333333333215e+01,-4.463991663338095009e-03
3.104166666666666430e+01,-4.369206874200970772e-03
3.106250000000000000e+01,-4.273669595770760755e-03
3.108333333333333215e+01,-4.177395885797783627e-03
3.110416666666666430e+01,-4.080401934672974427e-03
3.112500000000000000e+01,-3.982704062910098243e-03
3.114583333333333215e+01,-3.884318718598729018e-03
3.116666666666666430e+01,-3.785262474828385987e-03
3.118750000000000000e+01,-3.685552027083787395e-03
3.120833333333333215e+01,-3.585204190612085399e-03
3.122916666666666430e+01,-3.484235897762714453e-03
3.125000000000000000e+01,-3.382664195299980685e-03
3.127083333333333215e+01,-3.280506241688139427e-03
3.129166666666666430e+01,-3.177779304350362120e-03
3.131250000000000000e+01,-3.074500756901799893e-03
3.133333333333333215e+01,-2.970688076356910352e-03
3.135416666666666430e+01,-2.866358840311232763e-03
3.137500000000000000e+01,-2.761530724098647249e-03
3.139583333333333215e+01,-2.656221497924152707e-03
3.141666666666666430e+01,-2.550449023972706404e-03
3.143750000000000000e+01,-2.444231253494462668e-03
3.145833333333333215e+01,-2.337586223867081561e-03
3.147916666666666430e+01,-2.230532055635416760e-03
3.150000000000000000e+01,-2.123086949528622553e-03
3.152083333333333215e+01,-2.015269183456029969e-03
3.154166666666666430e+01,-1.907097109482021064e-03
3.156250000000000000e+01,-1.798589150779776645e-03
3.158333333333333215e+01,-1.689763798564732945e-03
3.160416666666666430e+01,-1.580639609008553659e-03
3.162500000000000000e+01,-1.471235200133828337e-03
3.164583333333333215e+01,-1.361569248690087377e-03
3.166666666666666430e+01,-1.251660487011621928e-03
3.168750000000000000e+01,-1.141527699857445470e-03
3.170833333333333215e+01,-1.031189721234276793e-03
3.172916666666666430e+01,-9.206654312029288138e-04
3.175000000000000000e+01,-8.099737526686320290e-04
3.177083333333333215e+01,-6.991336481554792691e-04
3.179166666666666430e+01,-5.881641165660640540e-04
3.181250000000000000e+01,-4.770841899269439787e-04
3.183333333333333215e+01,-3.659129301199868655e-04
3.185416666666666430e+01,-2.546694256003484316e-04
3.187500000000000000e+01,-1.433727881017696172e-04
3.189583333333333215e+01,-3.204214932964662572e-05
3.191666666666666430e+01,7.930334235738874531e-05
3.193750000000000000e+01,1.906445252768238137e-04
3.195833333333333215e+01,3.019622277622160630e-04
3.197916666666666430e+01,4.132372715128340267e-04
3.200000000000000000e+01,5.244504749524460602e-04
3.202083333333332860e+01,6.355826565966921516e-04
3.204166666666666430e+01,7.466146384284733269e-04
3.206250000000000000e+01,8.575272492807512782e-04
3.208333333333332860e+01,9.683013282259647159e-04
3.210416666666666430e+01,1.078917727971562572e-03
3.212500000000000000e+01,1.189357318261054057e-03
3.214583333333332860e+01,1.299600989279818802e-03
3.216666666666666430e+01,1.409629655065472269e-03
3.218750000000000000e+01,1.519424256921353454e-03
3.220833333333332860e+01,1.628965766833033717e-03
3.222916666666666430e+01,1.738235190887471929e-03
3.225000000000000000e+01,1.847213572693538752e-03
3.227083333333332860e+01,1.955881996803829608e-03
3.229166666666666430e+01,2.064221592136465493e-03
3.231250000000000000e+01,2.172213535397033660e-03
3.233333333333332860e+01,2.279839054499494845e-03
3.235416666666666430e+01,2.387079431985494535e-03
3.237500000000000000e+01,2.493916008441764316e-03
3.239583333333332860e+01,2.600330185914592838e-03
3.241666666666666430e+01,2.706303431320866790e-03
3.243750000000000000e+01,2.811817279855068682e-03
3.245833333333332860e+01,2.916853338391706650e-03
3.247916666666666430e+01,3.021393288882473754e-03
3.250000000000000000e+01,3.125418891747530452e-03
3.252083333333332860e+01,3.228911989260265826e-03
3.254166666666666430e+01,3.331854508925129014e-03
3.256250000000000000e+01,3.434228466847817022e-03
3.258333333333332860e+01,3.536015971097006185e-03
3.260416666666666430e+01,3.637199225057459896e-03
3.262500000000000000e+01,3.737760530774120529e-03
3.264583333333332860e+01,3.837682292286211105e-03
3.266666666666666430e+01,3.936947018950802402e-03
3.268750000000000000e+01,4.035537328755603101e-03
3.270833333333332860e+01,4.133435951620549262e-03
3.272916666666666430e+01,4.230625732687616318e-03
3.275000000000000000e+01,4.327089635598197447e-03
3.277083333333332860e+01,4.422810745758119430e-03
3.279166666666666430e+01,4.517772273589481559e-03
3.281250000000000000e+01,4.611957557769236909e-03
3.283333333333332860e+01,4.705350068453988642e-03
3.285416666666666430e+01,4.797933410490593659e-03
3.287500000000000000e+01,4.889691326612922301e-03
3.289583333333332860e+01,4.980607700623770548e-03
3.291666666666666430e+01,5.070666560562184927e-03
3.293750000000000000e+01,5.159852081855928647e-03
3.295833333333332860e+01,5.248148590458930236e-03
3.297916666666666430e+01,5.335540565973922837e-03
3.300000000000000000e+01,5.422012644759885598e-03
3.302083333333332860e+01,5.507549623024394700e-03
3.304166666666666430e+01,5.592136459901241377e-03
3.306250000000000000e+01,5.675758280512958713e-03
3.308333333333332860e+01,5.758400379019298909e-03
3.310416666666666430e+01,5.840048221651129336e-03
3.312500000000000000e+01,5.920687449729800274e-03
3.314583333333332860e+01,6.000303882673189981e-03
3.316666666666666430e+01,6.078883520988617901e-03
3.318750000000000000e+01,6.156412549252913112e-03
3.320833333333332860e+01,6.232877339079834038e-03
3.322916666666666430e+01,6.308264452075720667e-03
3.325000000000000000e+01,6.382560642784074895e-03
3.327083333333332860e+01,6.455752861619692626e-03
3.329166666666666430e+01,6.527828257792614788e-03
3.331250000000000000e+01,6.598774182222631041e-03
3.333333333333332860e+01,6.668578190445281599e-03
3.335416666666666430e+01,6.737228045509345044e-03
3.337500000000000000e+01,6.804711720866592727e-03
3.339583333333332860e+01,6.871017403254565253e-03
3.341666666666666430e+01,6.936133495572181090e-03
3.343750000000000000e+01,7.000048619747981267e-03
3.345833333333332860e+01,7.062751619601527996e-03
3.347916666666666430e+01,7.124231563697043003e-03
3.350000000000000000e+01,7.184477748188799855e-03
3.352083333333332860e+01,7.243479699656888565e-03
3.354166666666666430e+01,7.301227177931382713e-03
3.356250000000000000e+01,7.357710178902880302e-03
3.358333333333332860e+01,7.412918937316795472e-03
3.360416666666666430e+01,7.466843929546693875e-03
3.362500000000000000e+01,7.519475876342165792e-03
3.364583333333332860e+01,7.570805745546201927e-03
3.366666666666666430e+01,7.620824754774743574e-03
3.368750000000000000e+01,7.669524374049847999e-03
3.370833333333332860e+01,7.716896328377275890e-03
3.372916666666666430e+01,7.762932600258048293e-03
3.375000000000000000e+01,7.807625432121417103e-03
3.377083333333332860e+01,7.850967328664613248e-03
3.379166666666666430e+01,7.892951059084407986e-03
3.381250000000000000e+01,7.933569659183084544e-03
3.383333333333332860e+01,7.972816433330535274e-03
3.385416666666666430e+01,8.010684956263154285e-03
3.387500000000000000e+01,8.047169074697544874e-03
3.389583333333332860e+01,8.082262908737635268e-03
3.391666666666666430e+01,8.115960853053825683e-03
3.393750000000000000e+01,8.148257577811903254e-03
3.395833333333332860e+01,8.179148029329865593e-03
3.397916666666666430e+01,8.208627430442812928e-03
3.400000000000000000e+01,8.236691280557768835e-03
3.402083333333332860e+01,8.263335355383746861e-03
3.404166666666666430e+01,8.288555706324378727e-03
3.406250000000000000e+01,8.312348659525030728e-03
3.408333333333332860e+01,8.334710814572578175e-03
3.410416666666666430e+01,8.355639042850920503e-03
3.412500000000000000e+01,8.375130485561113614e-03
3.414583333333332860e+01,8.393182551421260115e-03
3.416666666666666430e+01,8.409792914068800820e-03
3.418750000000000000e+01,8.424959509194284921e-03
3.420833333333332860e+01,8.438680531441524954e-03
3.422916666666666430e+01,8.450954431114517454e-03
3.425000000000000000e+01,8.461779910736558219e-03
3.427083333333332860e+01,8.471155921510162626e-03
3.429166666666666430e+01,8.479081659729161349e-03
3.431250000000000000e+01,8.485556563195072177e-03
3.433333333333332860e+01,8.490580307688552764e-03
3.435416666666666430e+01,8.494152803544556887e-03
3.437500000000000000e+01,8.496274192376009060e-03
3.439583333333332860e+01,8.496944843986617771e-03
3.441666666666666430e+01,8.496165353505618842e-03
3.443750000000000000e+01,8.493936538770553019e-03
3.445833333333332860e+01,8.490259437977319343e-03
3.447916666666666430e+01,8.485135307608323782e-03
3.450000000000000000e+01,8.478565620641191625e-03
3.452083333333332860e+01,8.470552065034279293e-03
3.454166666666666430e+01,8.461096542478474883e-03
3.456250000000000000e+01,8.450201167398876945e-03
3.458333333333332860e+01,8.437868266185321459e-03
3.460416666666666430e+01,8.424100376627855977e-03
3.462500000000000000e+01,8.408900247531608460e-03
3.464583333333332860e+01,8.392270838483912795e-03
3.466666666666666430e+01,8.374215319746929412e-03
3.468750000000000000e+01,8.354737072249696778e-03
3.470833333333332860e+01,8.333839687656000722e-03
3.472916666666666430e+01,8.311526968487137346e-03
3.475000000000000000e+01,8.287802928279535200e-03
3.477083333333332860e+01,8.262671791760595533e-03
3.479166666666666430e+01,8.236137995029682926e-03
3.481250000000000000e+01,8.208206185732909096e-03
3.483333333333332860e+01,8.178881223222047442e-03
3.485416666666666430e+01,8.148168178689825861e-03
3.487500000000000000e+01,8.116072335276783983e-03
3.489583333333332860e+01,8.082599188143873084e-03
3.491666666666666430e+01,8.047754444506827892e-03
3.493750000000000000e+01,8.011544023629836586e-03
3.495833333333332860e+01,7.973974056774628394e-03
3.497916666666666430e+01,7.935050887101887523e-03
3.500000000000000000e+01,7.894781069523097369e-03
3.502083333333332860e+01,7.853171370499940560e-03
3.504166666666666430e+01,7.810228767789007508e-03
3.506250000000000000e+01,7.765960450130044053e-03
3.508333333333332860e+01,7.720373816875607080e-03
3.510416666666666430e+01,7.673476477560951109e-03
3.512500000000000000e+01,7.625276251413049509e-03
3.514583333333332860e+01,7.575781166798684421e-03
3.516666666666666430e+01,7.524999460611496958e-03
3.518750000000000000e+01,7.472939577597876269e-03
3.520833333333332860e+01,7.419610169622238224e-03
3.522916666666666430e+01,7.365020094873941936e-03
3.525000000000000000e+01,7.309178417016899687e-03
3.527083333333332860e+01,7.252094404282324359e-03
3.529166666666666430e+01,7.193777528506749806e-03
3.531250000000000000e+01,7.134237464117309559e-03
3.533333333333332860e+01,7.073484087065253119e-03
3.535416666666666430e+01,7.011527473709638393e-03
3.537500000000000000e+01,6.948377899652290537e-03
3.539583333333332860e+01,6.884045838524250997e-03
3.541666666666666430e+01,6.818541960725486156e-03
3.543750000000000000e+01,6.751877132119049087e-03
3.545833333333332860e+01,6.684062412679651899e-03
3.547916666666666430e+01,6.615109055097241966e-03
3.550000000000000000e+01,6.545028503336256832e-03
3.552083333333332860e+01,6.473832391151086024e-03
3.554166666666666430e+01,6.401532540558343455e-03
3.556250000000000000e+01,6.328140960266253993e-03
3.558333333333332860e+01,6.253669844061540174e-03
3.560416666666666430e+01,6.178131569154651261e-03
3.562500000000000000e+01,6.101538694484002524e-03
3.564583333333332860e+01,6.023903958979817154e-03
3.566666666666666430e+01,5.945240279787913397e-03
3.568750000000000000e+01,5.865560750454420526e-03
3.570833333333332860e+01,5.784878639072634464e-03
3.572916666666666430e+01,5.703207386391681739e-03
3.575000000000000000e+01,5.620560603888209543e-03
3.577083333333332860e+01,5.536952071801467049e-03
3.579166666666666430e+01,5.452395737132838781e-03
3.581250000000000000e+01,5.366905711610222077e-03
3.583333333333332860e+01,5.280496269616695264e-03
3.585416666666666430e+01,5.193181846084887754e-03
3.587500000000000000e+01,5.104977034357817932e-03
3.589583333333332860e+01,5.015896584015891793e-03
3.591666666666666430e+01,4.925955398670040647e-03
3.593750000000000000e+01,4.835168533721887797e-03
3.595833333333332860e+01,4.743551194091239973e-03
3.597916666666666430e+01,4.651118731911532342e-03
3.600000000000000000e+01,4.557886644193142114e-03
3.602083333333332860e+01,4.463870570454610623e-03
3.604166666666666430e+01,4.369086290322595281e-03
3.606250000000000000e+01,4.273549721101424850e-03
3.608333333333332860e+01,4.177276915312071529e-03
3.610416666666666430e+01,4.080284058200736759e-03
3.612500000000000000e+01,3.982587465217741172e-03
3.614583333333332860e+01,3.884203579467339698e-03
3.616666666666666430e+01,3.785148969128968380e-03
3.618750000000000000e+01,3.685440324849855679e-03
3.620833333333332860e+01,3.585094457109528655e-03
3.622916666666666430e+01,3.484128293556861076e-03
3.625000000000000000e+01,3.382558876320196015e-03
3.627083333333332860e+01,3.280403359290532100e-03
3.629166666666666430e+01,3.177679005378363647e-03
3.631250000000000000e+01,3.074403183744445732e-03
3.633333333333332860e+01,2.970593367005146430e-03
3.635416666666666430e+01,2.866267128412627787e-03
3.637500000000000000e+01,2.761442139010368557e-03
3.639583333333332860e+01,2.656136164764169236e-03
3.641666666666666430e+01,2.550367063669252161e-03
3.643750000000000000e+01,2.444152782834213469e-03
3.645833333333332860e+01,2.337511355541427912e-03
3.647916666666666430e+01,2.230460898285142098e-03
3.650000000000000000e+01,2.123019607787771362e-03
3.652083333333332860e+01,2.015205757994020363e-03
3.654166666666666430e+01,1.907037697044095502e-03
3.656250000000000000e+01,1.798533844226139463e-03
3.658333333333332860e+01,1.689712686908556192e-03
3.660416666666666430e+01,1.580592777452883560e-03
3.662500000000000000e+01,1.471192730107148856e-03
3.664583333333332860e+01,1.361531217880425099e-03
3.666666666666666430e+01,1.251626969399671470e-03
3.668750000000000000e+01,1.141498765748815824e-03
3.670833333333332860e+01,1.031165437290399106e-03
3.672916666666666430e+01,9.206458604708220826e-04
3.675000000000000000e+01,8.099589546095303664e-04
3.677083333333332860e+01,6.991236786729951433e-04
3.679166666666666430e+01,5.881590280332392407e-04
3.681250000000000000e+01,4.770840312118478457e-04
3.683333333333332860e+01,3.659177466103441328e-04
3.685416666666666430e+01,2.546792592274030580e-04
3.687500000000000000e+01,1.433876773631345507e-04
3.689583333333332860e+01,3.206212931102733223e-05
3.691666666666666430e+01,-7.927823996139162714e-05
3.693750000000000000e+01,-1.906142721432492080e-04
3.695833333333332860e+01,-3.019267989211505852e-04
3.697916666666666430e+01,-4.131966453298106454e-04
3.700000000000000000e+01,-5.244046331120118341e-04
3.702083333333332860e+01,-6.355315840873122053e-04
3.704166666666666430e+01,-7.465583235285178088e-04
3.706250000000000000e+01,-8.574656835454940416e-04
3.708333333333332860e+01,-9.682345064758400002e-04
3.710416666666666430e+01,-1.078845648281873213e-03
3.712500000000000000e+01,-1.189279981952930110e-03
3.714583333333332860e+01,-1.299518400912289418e-03
3.716666666666666430e+01,-1.409541822428807181e-03
3.718750000000000000e+01,-1.519331191032333248e-03
3.720833333333332860e+01,-1.628867481931639549e-03
3.722916666666666430e+01,-1.738131704434628649e-03
3.725000000000000000e+01,-1.847104905370686211e-03
3.727083333333332860e+01,-1.955768172514361827e-03
3.729166666666666430e+01,-2.064102638009090822e-03
3.731250000000000000e+01,-2.172089481790535730e-03
3.733333333333332860e+01,-2.279709935009338606e-03
3.735416666666666430e+01,-2.386945283452737102e-03
3.737500000000000000e+01,-2.493776870964317226e-03
3.739583333333332860e+01,-2.600186102860399875e-03
3.741666666666666430e+01,-2.706154449343084120e-03
3.743750000000000000e+01,-2.811663448909978037e-03
3.745833333333332860e+01,-2.916694711759332953e-03
3.747916666666666430e+01,-3.021229923189606200e-03
3.750000000000000000e+01,-3.125250846993592440e-03
3.752083333333332860e+01,-3.228739328846038509e-03
3.754166666666666430e+01,-3.331677299684566995e-03
3.756250000000000000e+01,-3.434046779082896780e-03
3.758333333333332860e+01,-3.535829878616321507e-03
3.760416666666666430e+01,-3.637008805218392999e-03
3.762500000000000000e+01,-3.737565864528169957e-03
3.764583333333332860e+01,-3.837483464228400119e-03
3.766666666666666430e+01,-3.936744117373321833e-03
3.768750000000000000e+01,-4.035330445705489176e-03
3.770833333333332860e+01,-4.133225182961654427e-03
3.772916666666666430e+01,-4.230411178167324537e-03
3.775000000000000000e+01,-4.326871398919168894e-03
3.777083333333332860e+01,-4.422588934654860318e-03
3.779166666666666430e+01,-4.517546999909998438e-03
3.781250000000000000e+01,-4.611728937562131064e-03
3.783333333333332860e+01,-4.705118222061286347e-03
3.785416666666666430e+01,-4.797698462646465822e-03
3.787500000000000000e+01,-4.889453406548202423e-03
3.789583333333332860e+01,-4.980366942176944929e-03
3.791666666666666430e+01,-5.070423102296618342e-03
3.793750000000000000e+01,-5.159606067183664622e-03
3.795833333333332860e+01,-5.247900167771412869e-03
3.797916666666666430e+01,-5.335289888779290619e-03
3.800000000000000000e+01,-5.421759871827281328e-03
3.802083333333332860e+01,-5.507294918535449342e-03
3.804166666666666430e+01,-5.591879993608651206e-03
3.806250000000000000e+01,-5.675500227906184365e-03
3.808333333333332860e+01,-5.758140921496959601e-03
3.810416666666666430e+01,-5.839787546700117397e-03
3.812500000000000000e+01,-5.920425751111449073e-03
3.814583333333332860e+01,-6.000041360615831695e-03
3.816666666666666430e+01,-6.078620382385877159e-03
3.818750000000000000e+01,-6.156149007867213474e-03
3.820833333333332860e+01,-6.232613615750798135e-03
3.822916666666666430e+01,-6.308000774932586222e-03
3.825000000000000000e+01,-6.382297247461152581e-03
3.827083333333332860e+01,-6.455489991473403397e-03
3.829166666666666430e+01,-6.527566164118635619e-03
3.831250000000000000e+01,-6.598513124471889688e-03
3.833333333333332860e+01,-6.668318436436546960e-03
3.835416666666666430e+01,-6.736969871636589932e-03
3.837500000000000000e+01,-6.804455412298206045e-03
3.839583333333332860e+01,-6.870763254121083768e-03
3.841666666666666430e+01,-6.935881809139541471e-03
3.843750000000000000e+01,-6.999799708573001614e-03
3.845833333333332860e+01,-7.062505805664753833e-03
3.847916666666666430e+01,-7.123989178508316478e-03
3.850000000000000000e+01,-7.184239132860520578e-03
3.852083333333332860e+01,-7.243245204939129621e-03
3.854166666666666430e+01,-7.300997164202714836e-03
3.856250000000000000e+01,-7.357485016110117126e-03
3.858333333333332860e+01,-7.412699004856151096e-03
3.860416666666666430e+01,-7.466629616079020933e-03
3.862500000000000000e+01,-7.519267579534308181e-03
3.864583333333332860e+01,-7.570603871729141530e-03
3.866666666666666430e+01,-7.620629718510522205e-03
3.868750000000000000e+01,-7.669336597598946578e-03
3.870833333333332860e+01,-7.716716241057059930e-03
3.872916666666666430e+01,-7.762760637683894897e-03
3.875000000000000000e+01,-7.807462035322925396e-03
3.877083333333332860e+01,-7.850812943069938529e-03
3.879166666666666430e+01,-7.892806133366160604e-03
3.881250000000000000e+01,-7.933434643961749869e-03
3.883333333333332860e+01,-7.972691779732810069e-03
3.885416666666666430e+01,-8.010571114333824710e-03
3.887500000000000000e+01,-8.047066491667143051e-03
3.889583333333332860e+01,-8.082172027151172250e-03
3.891666666666666430e+01,-8.115882108768523312e-03
3.893750000000000000e+01,-8.148191397875446940e-03
3.895833333333332860e+01,-8.179094829754738477e-03
3.897916666666666430e+01,-8.208587613896577498e-03
3.900000000000000000e+01,-8.236665233992891688e-03
3.902083333333332860e+01,-8.263323447633585950e-03
3.904166666666666430e+01,-8.288558285696280559e-03
3.906250000000000000e+01,-8.312366051425285757e-03
3.908333333333332860e+01,-8.334743319199321848e-03
3.910416666666666430e+01,-8.355686932992972132e-03
3.912500000000000000e+01,-8.375194004541786086e-03
3.914583333333332860e+01,-8.393261911225934069e-03
3.916666666666666430e+01,-8.409888293692985642e-03
3.918750000000000000e+01,-8.425071053246495009e-03
3.920833333333332860e+01,-8.438808349031406975e-03
3.922916666666666430e+01,-8.451098595050656956e-03
3.925000000000000000e+01,-8.461940457052964312e-03
3.927083333333332860e+01,-8.471332849333559900e-03
3.929166666666666430e+01,-8.479274931490733691e-03
3.931250000000000000e+01,-8.485766105182368513e-03
3.933333333333332860e+01,-8.490806010925649322e-03
3.935416666666666430e+01,-8.494394524981494637e-03
3.937500000000000000e+01,-8.496531756360966789e-03
3.939583333333332860e+01,-8.497218043987207065e-03
3.941666666666666430e+01,-8.496453954042621978e-03
3.943750000000000000e+01,-8.494240277523944921e-03
3.945833333333332860e+01,-8.490578028021299184e-03
3.947916666666666430e+01,-8.485468439731710596e-03
3.950000000000000000e+01,-8.478912965711913122e-03
3.952083333333332860e+01,-8.470913276368355338e-03
3.954166666666666430e+01,-8.461471258177033494e-03
3.956250000000000000e+01,-8.450589012620872767e-03
3.958333333333332860e+01,-8.438268855329871670e-03
3.960416666666666430e+01,-8.424513315404917255e-03
3.962500000000000000e+01,-8.409325134904908905e-03
3.964583333333332860e+01,-8.392707268474972407e-03
3.966666666666666430e+01,-8.374662883094517382e-03
3.968750000000000000e+01,-8.355195357923577218e-03
3.970833333333332860e+01,-8.334308284226861138e-03
3.972916666666666430e+01,-8.312005465356816364e-03
3.975000000000000000e+01,-8.288290916778618539e-03
3.977083333333332860e+01,-8.263168866121998329e-03
3.979166666666666430e+01,-8.236643753247412450e-03
3.981250000000000000e+01,-8.208720230314279012e-03
3.983333333333332860e+01,-8.179403161842253162e-03
3.985416666666666430e+01,-8.148697624758192981e-03
3.987500000000000000e+01,-8.116608908421793500e-03
3.989583333333332860e+01,-8.083142514623794725e-03
3.991666666666666430e+01,-8.048304157552485863e-03
3.993750000000000000e+01,-8.012099763725043233e-03
3.995833333333332860e+01,-7.974535471879143009e-03
3.997916666666666430e+01,-7.935617632821754044e-03
4.000000000000000000e+01,-7.895352809232668301e-03
4.002083333333332860e+01,-7.853747775419882282e-03
4.004166666666666430e+01,-7.810809517024350571e-03
4.006250000000000000e+01,-7.766545230672209331e-03
4.008333333333332860e+01,-7.720962323572919811e-03
4.010416666666666430e+01,-7.674068413061847782e-03
4.012500000000000000e+01,-7.625871326085614452e-03
4.014583333333332860e+01,-7.576379098630298646e-03
4.016666666666666430e+01,-7.525599975092584805e-03
4.018750000000000000e+01,-7.473542407592959937e-03
4.020833333333332860e+01,-7.420215055231956999e-03
4.022916666666666430e+01,-7.365626783290349366e-03
4.025000000000000000e+01,-7.309786662373557453e-03
4.027083333333332860e+01,-7.252703967501853040e-03
4.029166666666666430e+01,-7.194388177147621570e-03
4.031250000000000000e+01,-7.134848972220419680e-03
4.033333333333332860e+01,-7.074096235001478550e-03
4.035416666666666430e+01,-7.012140048028640132e-03
4.037500000000000000e+01,-6.948990692932514694e-03
4.039583333333332860e+01,-6.884658649224948204e-03
4.041666666666666430e+01,-6.819154593041212506e-03
4.043750000000000000e+01,-6.752489395836087406e-03
4.045833333333332860e+01,-6.684674123034344689e-03
4.047916666666666430e+01,-6.615720032636666220e-03
4.050000000000000000e+01,-6.545638573781486190e-03
4.052083333333332860e+01,-6.474441385263088843e-03
4.054166666666666430e+01,-6.402140294006654700e-03
4.056250000000000000e+01,-6.328747313500603967e-03
4.058333333333332860e+01,-6.254274642186872894e-03
4.060416666666666430e+01,-6.178734661809986983e-03
4.062500000000000000e+01,-6.102139935725006507e-03
4.064583333333332860e+01,-6.024503207164951489e-03
4.066666666666666430e+01,-5.945837397468893559e-03
4.068750000000000000e+01,-5.866155604270857811e-03
4.070833333333332860e+01,-5.785471099650434101e-03
4.072916666666666430e+01,-5.703797328245615618e-03
4.075000000000000000e+01,-5.621147905328266296e-03
4.077083333333332860e+01,-5.537536614843093993e-03
4.079166666666666430e+01,-5.452977407410625546e-03
4.081250000000000000e+01,-5.367484398294329433e-03
4.083333333333332860e+01,-5.281071865332908656e-03
4.085416666666666430e+01,-5.193754246837948597e-03
4.087500000000000000e+01,-5.105546139457042137e-03
4.089583333333332860e+01,-5.016462296002921137e-03
4.091666666666666430e+01,-4.926517623249420004e-03
4.093750000000000000e+01,-4.835727179694183746e-03
4.095833333333332860e+01,-4.744106173288438824e-03
4.097916666666666430e+01,-4.651669959134377592e-03
4.100000000000000000e+01,-4.558434037150482440e-03
4.102083333333332860e+01,-4.464414049705087151e-03
4.104166666666666430e+01,-4.369625779218494661e-03
4.106250000000000000e+01,-4.274085145734447463e-03
4.108333333333332860e+01,-4.177808204460967123e-03
4.110416666666666430e+01,-4.080811143280856958e-03
4.112500000000000000e+01,-3.983110280232498440e-03
4.114583333333332860e+01,-3.884722060961673384e-03
4.116666666666666430e+01,-3.785663056144315634e-03
4.118750000000000000e+01,-3.685949958880715277e-03
4.120833333333332860e+01,-3.585599582061572629e-03
4.122916666666666430e+01,-3.484628855706506986e-03
4.125000000000000000e+01,-3.383054824275568730e-03
4.127083333333332860e+01,-3.280894643953798616e-03
4.129166666666666430e+01,-3.178165579909129554e-03
4.131250000000000000e+01,-3.074885003524162157e-03
4.133333333333332860e+01,-2.971070389602760778e-03
4.135416666666666430e+01,-2.866739313551414526e-03
4.137500000000000000e+01,-2.761909448535530658e-03
4.139583333333332860e+01,-2.656598562611423627e-03
4.141666666666666430e+01,-2.550824515834421765e-03
4.143750000000000000e+01,-2.444605257343486666e-03
4.145833333333332860e+01,-2.337958822422792852e-03
4.147916666666666430e+01,-2.230903329540625916e-03
4.150000000000000000e+01,-2.123456977366144742e-03
4.152083333333332860e+01,-2.015638041764666964e-03
4.154166666666666430e+01,-1.907464872771513038e-03
4.156250000000000000e+01,-1.798955891545363228e-03
4.158333333333332860e+01,-1.690129587301389446e-03
4.160416666666666430e+01,-1.581004514224396574e-03
4.162500000000000000e+01,-1.471599288362972473e-03
4.164583333333332860e+01,-1.361932584505112873e-03
4.166666666666666430e+01,-1.252023133035401600e-03
4.168750000000000000e+01,-1.141889716774749678e-03
4.170833333333332860e+01,-1.031551167802638447e-03
4.172916666666666430e+01,-9.210263642627824002e-04
4.175000000000000000e+01,-8.103342271532728734e-04
4.177083333333332860e+01,-6.994937171008063946e-04
4.179166666666666430e+01,-5.885238311197580610e-04
4.181250000000000000e+01,-4.774435993567535479e-04
4.183333333333332860e+01,-3.662720818217689842e-04
4.185416666666666430e+01,-2.550283651057533817e-04
4.187500000000000000e+01,-1.437315590854468803e-04
4.189583333333332860e+01,-3.240079361595520763e-05
4.191666666666666430e+01,7.894478478832653670e-05
4.193750000000000000e+01,1.902860162835541091e-04
4.195833333333332860e+01,3.016037310367847691e-04
4.197916666666666430e+01,4.128787525759616589e-04
4.200000000000000000e+01,5.240919011495483951e-04
4.202083333333332860e+01,6.352239970944516820e-04
4.204166666666666430e+01,7.462558642118748359e-04
4.206250000000000000e+01,8.571683331506944805e-04
4.208333333333332860e+01,9.679422447974676260e-04
4.210416666666666430e+01,1.078558453672611925e-03
4.212500000000000000e+01,1.188997831332254569e-03
4.214583333333332860e+01,1.299241269774828152e-03
4.216666666666666430e+01,1.409269684851570522e-03
4.218750000000000000e+01,1.519064019681074787e-03
4.220833333333332860e+01,1.628605248066971028e-03
4.222916666666666430e+01,1.737874377917452470e-03
4.225000000000000000e+01,1.846852454666534195e-03
4.227083333333332860e+01,1.955520564696965492e-03
4.229166666666666430e+01,2.063859838763218522e-03
4.231250000000000000e+01,2.171851455413983684e-03
4.233333333333332860e+01,2.279476644414136100e-03
4.235416666666666430e+01,2.386716690165477384e-03
4.237500000000000000e+01,2.493552935125189964e-03
4.239583333333332860e+01,2.599966783221292505e-03
4.241666666666666430e+01,2.705939703264696565e-03
4.243750000000000000e+01,2.811453232357963381e-03
4.245833333333332860e+01,2.916488979299381237e-03
4.247916666666666430e+01,3.021028627981231073e-03
4.250000000000000000e+01,3.125053940782336181e-03
4.252083333333332860e+01,3.228546761954583302e-03
4.254166666666666430e+01,3.331489021002789330e-03
4.256250000000000000e+01,3.433862736056660699e-03
4.258333333333332860e+01,3.535650017234204939e-03
4.260416666666666430e+01,3.636833069996750489e-03
4.262500000000000000e+01,3.737394198495166270e-03
4.264583333333332860e+01,3.837315808906441826e-03
4.266666666666666430e+01,3.936580412759313127e-03
4.268750000000000000e+01,4.035170630249332140e-03
4.270833333333332860e+01,4.133069193542952997e-03
4.272916666666666430e+01,4.230258950070304308e-03
4.275000000000000000e+01,4.326722865805436753e-03
4.277083333333332860e+01,4.422444028533804861e-03
4.279166666666666430e+01,4.517405651107167693e-03
4.281250000000000000e+01,4.611591074685525080e-03
4.283333333333332860e+01,4.704983771965299232e-03
4.285416666666666430e+01,4.797567350393179726e-03
4.287500000000000000e+01,4.889325555366170507e-03
4.289583333333332860e+01,4.980242273417606440e-03
4.291666666666666430e+01,5.070301535388137618e-03
4.293750000000000000e+01,5.159487519581974595e-03
4.295833333333332860e+01,5.247784554908501223e-03
4.297916666666666430e+01,5.335177124008861314e-03
4.300000000000000000e+01,5.421649866367913781e-03
4.302083333333332860e+01,5.507187581410709701e-03
4.304166666666666430e+01,5.591775231584129695e-03
4.306250000000000000e+01,5.675397945424315652e-03
4.308333333333332860e+01,5.758041020609284445e-03
4.310416666666666430e+01,5.839689926996865024e-03
4.312500000000000000e+01,5.920330309648518322e-03
4.314583333333332860e+01,5.999947991839722598e-03
4.316666666666666430e+01,6.078528978056650135e-03
4.318750000000000000e+01,6.156059456979665230e-03
4.320833333333332860e+01,6.232525804454199479e-03
4.322916666666666430e+01,6.307914586449523027e-03
4.325000000000000000e+01,6.382212562005783879e-03
4.327083333333332860e+01,6.455406686169740289e-03
4.329166666666666430e+01,6.527484112919781228e-03
4.331250000000000000e+01,6.598432198080617442e-03
4.333333333333332860e+01,6.668238502228250250e-03
4.335416666666666430e+01,6.736890793585591057e-03
4.337500000000000000e+01,6.804377050908787944e-03
4.339583333333332860e+01,6.870685466364425016e-03
4.341666666666666430e+01,6.935804448398003898e-03
4.343750000000000000e+01,6.999722624593365632e-03
4.345833333333332860e+01,7.062428844522647929e-03
4.347916666666666430e+01,7.123912182585442898e-03
4.350000000000000000e+01,7.184161940836607078e-03
4.352083333333332860e+01,7.243167651801937085e-03
4.354166666666666430e+01,7.300919081278368049e-03
4.356250000000000000e+01,7.357406231116337368e-03
4.358333333333332860e+01,7.412619341981545144e-03
4.360416666666666430e+01,7.466548896091410210e-03
4.362500000000000000e+01,7.519185619921782589e-03
4.364583333333332860e+01,7.570520486877360331e-03
4.366666666666666430e+01,7.620544719919061794e-03
4.368750000000000000e+01,7.669249794140254803e-03
4.370833333333332860e+01,7.716627439282103089e-03
4.372916666666666430e+01,7.762669642177220941e-03
4.375000000000000000e+01,7.807368649109632658e-03
4.377083333333332860e+01,7.850716968077242272e-03
4.379166666666666430e+01,7.892707370942326009e-03
4.381250000000000000e+01,7.933332895453238873e-03
4.383333333333332860e+01,7.972586847119562253e-03
4.385416666666666430e+01,8.010462800922896892e-03
4.387500000000000000e+01,8.046954602843348417e-03
4.389583333333332860e+01,8.082056371182033683e-03
4.391666666666666430e+01,8.115762497658923075e-03
4.393750000000000000e+01,8.148067648266260274e-03
4.395833333333332860e+01,8.178966763858904268e-03
4.397916666666666430e+01,8.208455060463946268e-03
4.400000000000000000e+01,8.236528029292864914e-03
4.402083333333332860e+01,8.263181436444033343e-03
4.404166666666666430e+01,8.288411322286071831e-03
4.406250000000000000e+01,8.312214000515781923e-03
4.408333333333332860e+01,8.334586056889595196e-03
4.410416666666666430e+01,8.355524347633093776e-03
4.412500000000000000e+01,8.375025997538369099e-03
4.414583333333332860e+01,8.393088397764886938e-03
4.416666666666666430e+01,8.409709203364763852e-03
4.418750000000000000e+01,8.424886330560092673e-03
4.420833333333332860e+01,8.438617953805533506e-03
4.422916666666666430e+01,8.450902502673714872e-03
4.425000000000000000e+01,8.461738658604719271e-03
4.427083333333332860e+01,8.471125351564221667e-03
4.429166666666666430e+01,8.479061756657683968e-03
4.431250000000000000e+01,8.485547290747455160e-03
4.433333333333332860e+01,8.490581609118943301e-03
4.435416666666666430e+01,8.494164602239669820e-03
4.437500000000000000e+01,8.496296392652360682e-03
4.439583333333332860e+01,8.496977332038723948e-03
4.441666666666666430e+01,8.496207998483502888e-03
4.443750000000000000e+01,8.493989193962906900e-03
4.445833333333332860e+01,8.490321942075312184e-03
4.447916666666666430e+01,8.485207486024635287e-03
4.450000000000000000e+01,8.478647286859836846e-03
4.452083333333332860e+01,8.470643021967684538e-03
4.454166666666666430e+01,8.461196583809754701e-03
4.456250000000000000e+01,8.450310078890251042e-03
4.458333333333332860e+01,8.437985826937253325e-03
4.460416666666666430e+01,8.424226360275946165e-03
4.462500000000000000e+01,8.409034423370877545e-03
4.464583333333332860e+01,8.392412972514301864e-03
4.466666666666666430e+01,8.374365175636310984e-03
4.468750000000000000e+01,8.354894412213534002e-03
4.470833333333332860e+01,8.334004273254357401e-03
4.472916666666666430e+01,8.311698561341299141e-03
4.475000000000000000e+01,8.287981290712844243e-03
4.477083333333332860e+01,8.262856687368090244e-03
4.479166666666666430e+01,8.236329189181417626e-03
4.481250000000000000e+01,8.208403446016414307e-03
4.483333333333332860e+01,8.179084319829145466e-03
4.485416666666666430e+01,8.148376884752679683e-03
4.487500000000000000e+01,8.116286427157169345e-03
4.489583333333332860e+01,8.082818445680118105e-03
4.491666666666666430e+01,8.047978651222116933e-03
4.493750000000000000e+01,8.011772966904463084e-03
4.495833333333332860e+01,7.974207527985164787e-03
4.497916666666666430e+01,7.935288681730014865e-03
4.500000000000000000e+01,7.895022987236438236e-03
4.502083333333332860e+01,7.853417215207611837e-03
4.504166666666666430e+01,7.810478347673842012e-03
4.506250000000000000e+01,7.766213577659651125e-03
4.508333333333332860e+01,7.720630308795115374e-03
4.510416666666666430e+01,7.673736154869384256e-03
4.512500000000000000e+01,7.625538939326041710e-03
4.514583333333332860e+01,7.576046694699461494e-03
4.516666666666666430e+01,7.525267661992312077e-03
4.518750000000000000e+01,7.473210289993848475e-03
4.520833333333332860e+01,7.419883234539638960e-03
4.522916666666666430e+01,7.365295357714512527e-03
4.525000000000000000e+01,7.309455726999063672e-03
4.527083333333332860e+01,7.252373614360830764e-03
4.529166666666666430e+01,7.194058495291584358e-03
4.531250000000000000e+01,7.134520047792409017e-03
4.533333333333332860e+01,7.073768151307754763e-03
4.535416666666666430e+01,7.011812885609518958e-03
4.537500000000000000e+01,6.948664529632537709e-03
4.539583333333332860e+01,6.884333560262285642e-03
4.541666666666666430e+01,6.818830651075948046e-03
4.543750000000000000e+01,6.752166671037149008e-03
4.545833333333332860e+01,6.684352683145495209e-03
4.547916666666666430e+01,6.615399943041501765e-03
4.550000000000000000e+01,6.545319897567185470e-03
4.552083333333332860e+01,6.474124183282747858e-03
4.554166666666666430e+01,6.401824624940196350e-03
4.556250000000000000e+01,6.328433233914492438e-03
4.558333333333332860e+01,6.253962206592127149e-03
4.560416666666666430e+01,6.178423922718371056e-03
4.562500000000000000e+01,6.101830943703583088e-03
4.564583333333332860e+01,6.024196010888980581e-03
4.566666666666666430e+01,5.945532043772859369e-03
4.568750000000000000e+01,5.865852138197677652e-03
4.570833333333332860e+01,5.785169564498844966e-03
4.572916666666666430e+01,5.703497765615749698e-03
4.575000000000000000e+01,5.620850355165496123e-03
4.577083333333332860e+01,5.537241115480352749e-03
4.579166666666666430e+01,5.452683995609095870e-03
4.581250000000000000e+01,5.367193109282892768e-03
4.583333333333332860e+01,5.280782732845880692e-03
4.585416666666666430e+01,5.193467303151372283e-03
4.587500000000000000e+01,5.105261415424153237e-03
4.589583333333332860e+01,5.016179821088416826e-03
4.591666666666666430e+01,4.926237425562433360e-03
4.593750000000000000e+01,4.835449286020448989e-03
4.595833333333332860e+01,4.743830609121288226e-03
4.597916666666666430e+01,4.651396748704487646e-03
4.600000000000000000e+01,4.558163203454965173e-03
4.602083333333332860e+01,4.464145614535593512e-03
4.604166666666666430e+01,4.369359763188447945e-03
4.606250000000000000e+01,4.273821568305373811e-03
4.608333333333332860e+01,4.177547083967670695e-03
4.610416666666666430e+01,4.080552496955839638e-03
4.612500000000000000e+01,3.982854124229835702e-03
4.614583333333332860e+01,3.884468410379937793e-03
4.616666666666666430e+01,3.785411925048723196e-03
4.618750000000000000e+01,3.685701360324247430e-03
4.620833333333332860e+01,3.585353528105756499e-03
4.622916666666666430e+01,3.484385357441820499e-03
4.625000000000000000e+01,3.382813891840818349e-03
4.627083333333332860e+01,3.280656286554868226e-03
4.629166666666666430e+01,3.177929805837311286e-03
4.631250000000000000e+01,3.074651820174171928e-03
4.633333333333332860e+01,2.970839803490230805e-03
4.635416666666666430e+01,2.866511330329699330e-03
4.637500000000000000e+01,2.761684073012127955e-03
4.639583333333332860e+01,2.656375798763948096e-03
4.641666666666666430e+01,2.550604366826272201e-03
4.643750000000000000e+01,2.444387725539134103e-03
4.645833333333332860e+01,2.337743909402593794e-03
4.647916666666666430e+01,2.230691036115048376e-03
4.650000000000000000e+01,2.123247303590043277e-03
4.652083333333332860e+01,2.015430986951171743e-03
4.654166666666666430e+01,1.907260435505420387e-03
4.656250000000000000e+01,1.798754069695905579e-03
4.658333333333332860e+01,1.689930378034768931e-03
4.660416666666666430e+01,1.580807914016595962e-03
4.662500000000000000e+01,1.471405293012043730e-03
4.664583333333332860e+01,1.361741189142624169e-03
4.666666666666666430e+01,1.251834332137883232e-03
4.668750000000000000e+01,1.141703504175105733e-03
4.670833333333332860e+01,1.031367536701226478e-03
4.672916666666666430e+01,9.208453072381649193e-04
4.675000000000000000e+01,8.101557361726907441e-04
4.677083333333332860e+01,6.993177835304173863e-04
4.679166666666666430e+01,5.883504457345821274e-04
4.681250000000000000e+01,4.772727523505794532e-04
4.683333333333332860e+01,3.661037628168825782e-04
4.685416666666666430e+01,2.548625631621931624e-04
4.687500000000000000e+01,1.435682627100378652e-04
4.689583333333332860e+01,3.223999077116250088e-05
4.691666666666666430e+01,-7.910310667559108130e-05
4.693750000000000000e+01,-1.904418703134477353e-04
4.695833333333332860e+01,-3.017571308282464477e-04
4.697916666666666430e+01,-4.130297122587970595e-04
4.700000000000000000e+01,-5.242404353565802491e-04
4.702083333333332860e+01,-6.353701209539667962e-04
4.704166666666666430e+01,-7.463995933403148354e-04
4.706250000000000000e+01,-8.573096836455473997e-04
4.708333333333332860e+01,-9.680812332303645766e-04
4.710416666666666430e+01,-1.078695097082589321e-03
4.712500000000000000e+01,-1.189132147219355276e-03
4.714583333333332860e+01,-1.299373276093835228e-03
4.716666666666666430e+01,-1.409399400006121307e-03
4.718750000000000000e+01,-1.519191462518050149e-03
4.720833333333332860e+01,-1.628730437870999984e-03
4.722916666666666430e+01,-1.737997334405582458e-03
4.725000000000000000e+01,-1.846973197983342845e-03
4.727083333333332860e+01,-1.955639115409779725e-03
4.729166666666666430e+01,-2.063976217857757360e-03
4.731250000000000000e+01,-2.171965684290411321e-03
4.733333333333332860e+01,-2.279588744883261336e-03
4.735416666666666430e+01,-2.386826684444974967e-03
4.737500000000000000e+01,-2.493660845836304183e-03
4.739583333333332860e+01,-2.600072633386118440e-03
4.741666666666666430e+01,-2.706043516303846888e-03
4.743750000000000000e+01,-2.811555032088275917e-03
4.745833333333332860e+01,-2.916588789931788290e-03
4.747916666666666430e+01,-3.021126474119194705e-03
4.750000000000000000e+01,-3.125149847421105753e-03
4.752083333333332860e+01,-3.228640754480617374e-03
4.754166666666666430e+01,-3.331581125193145039e-03
4.756250000000000000e+01,-3.433952978078884041e-03
4.758333333333332860e+01,-3.535738423647104885e-03
4.760416666666666430e+01,-3.636919667751711306e-03
4.762500000000000000e+01,-3.737479014937592978e-03
4.764583333333332860e+01,-3.837398871777355711e-03
4.766666666666666430e+01,-3.936661750197813746e-03
4.768750000000000000e+01,-4.035250270795862938e-03
4.770833333333332860e+01,-4.133147166142920811e-03
4.772916666666666430e+01,-4.230335284078011980e-03
4.775000000000000000e+01,-4.326797590988763417e-03
4.777083333333332860e+01,-4.422517175079451746e-03
4.779166666666666430e+01,-4.517477249626659398e-03
4.781250000000000000e+01,-4.611661156221753821e-03
4.783333333333332860e+01,-4.705052367999406487e-03
4.785416666666666430e+01,-4.797634492852375504e-03
4.787500000000000000e+01,-4.889391276632355787e-03
4.789583333333332860e+01,-4.980306606336443176e-03
4.791666666666666430e+01,-5.070364513278906304e-03
4.793750000000000000e+01,-5.159549176248162151e-03
4.795833333333332860e+01,-5.247844924648862458e-03
4.797916666666666430e+01,-5.335236241629499540e-03
4.800000000000000000e+01,-5.421707767194702300e-03
4.802083333333332860e+01,-5.507244301302689077e-03
4.804166666666666430e+01,-5.591830806947654421e-03
4.806250000000000000e+01,-5.675452413227448888e-03
4.808333333333332860e+01,-5.758094418397027153e-03
4.810416666666666430e+01,-5.839742292906984454e-03
4.812500000000000000e+01,-5.920381682427902116e-03
4.814583333333332860e+01,-5.999998410860919382e-03
4.816666666666666430e+01,-6.078578483334995571e-03
4.818750000000000000e+01,-6.156108089190834819e-03
4.820833333333332860e+01,-6.232573604951656410e-03
4.822916666666666430e+01,-6.307961597281945207e-03
4.825000000000000000e+01,-6.382258825934540407e-03
4.827083333333332860e+01,-6.455452246685942051e-03
4.829166666666666430e+01,-6.527529014260719138e-03
4.831250000000000000e+01,-6.598476485245685468e-03
4.833333333333332860e+01,-6.668282220993628981e-03
4.835416666666666430e+01,-6.736933990517398642e-03
4.837500000000000000e+01,-6.804419773374590849e-03
4.839583333333332860e+01,-6.870727762542861404e-03
4.841666666666666430e+01,-6.935846367285660938e-03
4.843750000000000000e+01,-6.999764216008528238e-03
4.845833333333332860e+01,-7.062470159105282280e-03
4.847916666666666430e+01,-7.123953271793249942e-03
4.850000000000000000e+01,-7.184202856936451262e-03
4.852083333333332860e+01,-7.243208447855211361e-03
4.854166666666666430e+01,-7.300959811120031479e-03
4.856250000000000000e+01,-7.357446949327153471e-03
4.858333333333332860e+01,-7.412660103852402975e-03
4.860416666666666430e+01,-7.466589757578711607e-03
4.862500000000000000e+01,-7.519226637592831344e-03
4.864583333333332860e+01,-7.570561717845281438e-03
4.866666666666666430e+01,-7.620586221766406827e-03
4.868750000000000000e+01,-7.669291624829923000e-03
4.870833333333332860e+01,-7.716669657054798376e-03
4.872916666666666430e+01,-7.762712305434876781e-03
4.875000000000000000e+01,-7.807411816284062257e-03
4.877083333333332860e+01,-7.850760697483648992e-03
4.879166666666666430e+01,-7.892751720616786662e-03
4.881250000000000000e+01,-7.933377922974129554e-03
4.883333333333332860e+01,-7.972632609413530386e-03
4.885416666666666430e+01,-8.010509354055327449e-03
4.887500000000000000e+01,-8.047002001794100606e-03
4.889583333333332860e+01,-8.082104669607310249e-03
4.891666666666666430e+01,-8.115811747640982662e-03
4.893750000000000000e+01,-8.148117900053179416e-03
4.895833333333332860e+01,-8.179018065596241685e-03
4.897916666666666430e+01,-8.208507457921220343e-03
4.900000000000000000e+01,-8.236581565588645126e-03
4.902083333333332860e+01,-8.263236151772752544e-03
4.904166666666666430e+01,-8.288467253650082592e-03
4.906250000000000000e+01,-8.312271181467736220e-03
4.908333333333332860e+01,-8.334644517289595267e-03
4.910416666666666430e+01,-8.355584113424822587e-03
4.912500000000000000e+01,-8.375087090548670801e-03
4.914583333333332860e+01,-8.393150835530946777e-03
4.916666666666666430e+01,-8.409772998993241683e-03
4.918750000000000000e+01,-8.424951492621802693e-03
4.920833333333332860e+01,-8.438684486268006879e-03
4.922916666666666430e+01,-8.450970404873846611e-03
4.925000000000000000e+01,-8.461807925263254912e-03
4.927083333333332860e+01,-8.471195972842592015e-03
4.929166666666666430e+01,-8.479133718256095034e-03
4.931250000000000000e+01,-8.485620574042791742e-03
4.933333333333332860e+01,-8.490656191340009012e-03
4.935416666666666430e+01,-8.494240456677083426e-03
4.937500000000000000e+01,-8.496373488898758056e-03
4.939583333333332860e+01,-8.497055636253971270e-03
4.941666666666666430e+01,-8.496287473680424682e-03
4.943750000000000000e+01,-8.494069800308491278e-03
4.945833333333332860e+01,-8.490403637201536860e-03
4.947916666666666430e+01,-8.485290225343375403e-03
4.950000000000000000e+01,-8.478731023877070228e-03
4.952083333333332860e+01,-8.470727708592522276e-03
4.954166666666666430e+01,-8.461282170654284632e-03
4.956250000000000000e+01,-8.450396515556294480e-03
4.958333333333332860e+01,-8.438073062287061721e-03
4.960416666666666430e+01,-8.424314342685371854e-03
4.962500000000000000e+01,-8.409123100963764377e-03
4.964583333333332860e+01,-8.392502293376622943e-03
4.966666666666666430e+01,-8.374455088009824522e-03
4.968750000000000000e+01,-8.354984864669394440e-03
4.970833333333332860e+01,-8.334095214848138977e-03
4.972916666666666430e+01,-8.311789941749690366e-03
4.975000000000000000e+01,-8.288073060352278698e-03
4.977083333333332860e+01,-8.262948797497929668e-03
4.979166666666666430e+01,-8.236421591993021291e-03
4.981250000000000000e+01,-8.208496094708453775e-03
4.983333333333332860e+01,-8.179177168670660053e-03
4.985416666666666430e+01,-8.148469889135822458e-03
4.987500000000000000e+01,-8.116379543639831023e-03
4.989583333333332860e+01,-8.082911632019068940e-03
4.991666666666666430e+01,-8.048071866398583477e-03
4.993750000000000000e+01,-8.011866171142375745e-03
4.995833333333332860e+01,-7.974300682762315573e-03
4.997916666666666430e+01,-7.935381749783400329e-03
5.000000000000000000e+01,-7.895115932562229988e-03
5.002083333333332860e+01,-7.853510003055817063e-03
5.004166666666666430e+01,-7.810570944538706983e-03
5.006250000000000000e+01,-7.766305951266201484e-03
5.008333333333332860e+01,-7.720722428082418647e-03
5.010416666666666430e+01,-7.673827989971231979e-03
5.012500000000000000e+01,-7.625630461548893284e-03
5.014583333333332860e+01,-7.576137876498627299e-03
5.016666666666666430e+01,-7.525358476946851158e-03
5.018750000000000000e+01,-7.473300712780509523e-03
5.020833333333332860e+01,-7.419973240906176798e-03
5.022916666666666430e+01,-7.365384924452658515e-03
5.025000000000000000e+01,-7.309544831917178659e-03
5.027083333333332860e+01,-7.252462236256697684e-03
5.029166666666666430e+01,-7.194146613925564253e-03
5.031250000000000000e+01,-7.134607643860950074e-03
5.033333333333332860e+01,-7.073855206417348045e-03
5.035416666666666430e+01,-7.011899382251048779e-03
5.037500000000000000e+01,-6.948750451156020594e-03
5.039583333333332860e+01,-6.884418890852264140e-03
5.041666666666666430e+01,-6.818915375727313891e-03
5.043750000000000000e+01,-6.752250775531409496e-03
5.045833333333332860e+01,-6.684436154027641533e-03
5.047916666666666430e+01,-6.615482767597355256e-03
5.050000000000000000e+01,-6.545402063801017065e-03
5.052083333333332860e+01,-6.474205679895745844e-03
5.054166666666666430e+01,-6.401905441309509170e-03
5.056250000000000000e+01,-6.328513360072403338e-03
5.058333333333332860e+01,-6.254041633206088371e-03
5.060416666666666430e+01,-6.178502641071747549e-03
5.062500000000000000e+01,-6.101908945676749220e-03
5.064583333333332860e+01,-6.024273288941158454e-03
5.066666666666666430e+01,-5.945608590924631939e-03
5.068750000000000000e+01,-5.865927948014081246e-03
5.070833333333332860e+01,-5.785244631073031656e-03
5.072916666666666430e+01,-5.703572083553111113e-03
5.075000000000000000e+01,-5.620923919568614723e-03
5.077083333333332860e+01,-5.537313921934349480e-03
5.079166666666666430e+01,-5.452756040167467885e-03
5.081250000000000000e+01,-5.367264388453722376e-03
5.083333333333332860e+01,-5.280853243578671405e-03
5.085416666666666430e+01,-5.193537042824274315e-03
5.087500000000000000e+01,-5.105330381831471760e-03
5.089583333333332860e+01,-5.016248012428567785e-03
5.091666666666666430e+01,-4.926304840426343375e-03
5.093750000000000000e+01,-4.835515923379914496e-03
5.095833333333332860e+01,-4.743896468317875849e-03
5.097916666666666430e+01,-4.651461829439103302e-03
5.100000000000000000e+01,-4.558227505777212411e-03
5.102083333333332860e+01,-4.464209138833566404e-03
5.104166666666666430e+01,-4.369422510179081683e-03
5.106250000000000000e+01,-4.273883539024752806e-03
5.108333333333332860e+01,-4.177608279761722658e-03
5.110416666666666430e+01,-4.080612919471420831e-03
5.112500000000000000e+01,-3.982913775405891657e-03
5.114583333333332860e+01,-3.884527292438907323e-03
5.116666666666666430e+01,-3.785470040488244248e-03
5.118750000000000000e+01,-3.685758711909298789e-03
5.120833333333332860e+01,-3.585410118860697139e-03
5.122916666666666430e+01,-3.484441190642637541e-03
5.125000000000000000e+01,-3.382868971007796984e-03
5.127083333333332860e+01,-3.280710615445205699e-03
5.129166666666666430e+01,-3.177983388437904781e-03
5.131250000000000000e+01,-3.074704660694686179e-03
5.133333333333332860e+01,-2.970891906356310560e-03
5.135416666666666430e+01,-2.866562700176315814e-03
5.137500000000000000e+01,-2.761734714676843810e-03
5.139583333333332860e+01,-2.656425717280576099e-03
5.141666666666666430e+01,-2.550653567418716995e-03
5.143750000000000000e+01,-2.444436213615063924e-03
5.145833333333332860e+01,-2.337791690547367639e-03
5.147916666666666430e+01,-2.230738116086104176e-03
5.150000000000000000e+01,-2.123293688310838069e-03
5.152083333333332860e+01,-2.015476682505255857e-03
5.154166666666666430e+01,-1.907305448130894570e-03
5.156250000000000000e+01,-1.798798405780142667e-03
5.158333333333332860e+01,-1.689974044109040108e-03
5.160416666666666430e+01,-1.580850916750421850e-03
5.162500000000000000e+01,-1.471447639207959426e-03
5.164583333333332860e+01,-1.361782885731264992e-03
5.166666666666666430e+01,-1.251875386172945567e-03
5.168750000000000000e+01,-1.141743922828084099e-03
5.170833333333332860e+01,-1.031407327256635012e-03
5.172916666666666430e+01,-9.208844770888701065e-04
5.175000000000000000e+01,-8.101942928149297217e-04
5.177083333333332860e+01,-6.993557345590542366e-04
5.179166666666666430e+01,-5.883877988385389406e-04
5.181250000000000000e+01,-4.773095153082797509e-04
5.183333333333332860e+01,-3.661399434915376901e-04
5.185416666666666430e+01,-2.548981694974497515e-04
5.187500000000000000e+01,-1.436033027255556561e-04
5.189583333333332860e+01,-3.227447255827392759e-05
5.191666666666666430e+01,7.906917495824019497e-05
5.193750000000000000e+01,1.904084804441178499e-04
5.195833333333332860e+01,3.017242745262257672e-04
5.197916666666666430e+01,4.129973811887592853e-04
5.200000000000000000e+01,5.242086211327605339e-04
5.202083333333332860e+01,6.353388151439801415e-04
5.204166666666666430e+01,7.463687874691829266e-04
5.206250000000000000e+01,8.572793691998657371e-04
5.208333333333332860e+01,9.680514016622387800e-04
5.210416666666666430e+01,1.078665739813530668e-03
5.212500000000000000e+01,1.189103255644147509e-03
5.214583333333332860e+01,1.299344841584329155e-03
5.216666666666666430e+01,1.409371413915132829e-03
5.218750000000000000e+01,1.519163916183015328e-03
5.220833333333332860e+01,1.628703322617622512e-03
5.222916666666666430e+01,1.737970641551813116e-03
5.225000000000000000e+01,1.846946918843165534e-03
5.227083333333332860e+01,1.955613241296708452e-03
5.229166666666666430e+01,2.063950740088425599e-03
5.231250000000000000e+01,2.171940594188249626e-03
5.233333333333332860e+01,2.279564033782184064e-03
5.235416666666666430e+01,2.386802343692997173e-03
5.237500000000000000e+01,2.493636866799107780e-03
5.239583333333332860e+01,2.600049007450556341e-03
5.241666666666666430e+01,2.706020234881615413e-03
5.243750000000000000e+01,2.811532086619552943e-03
5.245833333333332860e+01,2.916566171888690991e-03
5.247916666666666430e+01,3.021104175009391678e-03
5.250000000000000000e+01,3.125127858791312482e-03
5.252083333333332860e+01,3.228619067920294669e-03
5.254166666666666430e+01,3.331559732338049140e-03
5.256250000000000000e+01,3.433931870614696097e-03
5.258333333333332860e+01,3.535717593313032238e-03
5.260416666666666430e+01,3.636899106344133447e-03
5.262500000000000000e+01,3.737458714313667170e-03
5.264583333333332860e+01,3.837378823858869810e-03
5.266666666666666430e+01,3.936641946975172161e-03
5.268750000000000000e+01,4.035230704331643249e-03
5.270833333333332860e+01,4.133127828575741333e-03
5.272916666666666430e+01,4.230316167626483465e-03
5.275000000000000000e+01,4.326778687955433814e-03
5.277083333333332860e+01,4.422498477855002497e-03
5.279166666666666430e+01,4.517458750694047093e-03
5.281250000000000000e+01,4.611642848160296335e-03
5.283333333333332860e+01,4.705034243489179639e-03
5.285416666666666430e+01,4.797616544678778849e-03
5.287500000000000000e+01,4.889373497690637643e-03
5.289583333333332860e+01,4.980288989636298506e-03
5.291666666666666430e+01,5.070347051949346089e-03
5.293750000000000000e+01,5.159531863542511990e-03
5.295833333333332860e+01,5.247827753950110724e-03
5.297916666666666430e+01,5.335219206455486807e-03
5.300000000000000000e+01,5.421690861203557962e-03
5.302083333333332860e+01,5.507227518298631400e-03
5.304166666666666430e+01,5.591814140886961458e-03
5.306250000000000000e+01,5.675435858224751190e-03
5.308333333333332860e+01,5.758077968731650786e-03
5.310416666666666430e+01,5.839725943029577641e-03
5.312500000000000000e+01,5.920365426967504237e-03
5.314583333333332860e+01,5.999982244632301454e-03
5.316666666666666430e+01,6.078562401346182011e-03
5.318750000000000000e+01,6.156092086651004242e-03
5.320833333333332860e+01,6.232557677279452688e-03
5.322916666666666430e+01,6.307945740114222211e-03
5.325000000000000000e+01,6.382243035135269811e-03
5.327083333333332860e+01,6.455436518355643291e-03
5.329166666666666430e+01,6.527513344746217229e-03
5.331250000000000000e+01,6.598460871150201891e-03
5.333333333333332860e+01,6.668266659187509215e-03
5.335416666666666430e+01,6.736918478149128524e-03
5.337500000000000000e+01,6.804404307882161614e-03
5.339583333333332860e+01,6.870712341665485140e-03
5.341666666666666430e+01,6.935830989076056767e-03
5.343750000000000000e+01,6.999748878845419263e-03
5.345833333333332860e+01,7.062454861706194374e-03
5.347916666666666430e+01,7.123938013227726004e-03
5.350000000000000000e+01,7.184187636639300170e-03
5.352083333333332860e+01,7.243193265640063098e-03
5.354166666666666430e+01,7.300944667193046654e-03
5.356250000000000000e+01,7.357431844300607940e-03
5.358333333333332860e+01,7.412645038758020923e-03
5.360416666666666430e+01,7.466574733880827763e-03
5.362500000000000000e+01,7.519211657201406614e-03
5.364583333333332860e+01,7.570546783128443216e-03
5.366666666666666430e+01,7.620571335561659651e-03
5.368750000000000000e+01,7.669276790454536072e-03
5.370833333333332860e+01,7.716654878315436748e-03
5.372916666666666430e+01,7.762697586635593228e-03
5.375000000000000000e+01,7.807397162232359265e-03
5.377083333333332860e+01,7.850746113494563166e-03
5.379166666666666430e+01,7.892737212514960854e-03
5.381250000000000000e+01,7.933363497093356628e-03
5.383333333333332860e+01,7.972618272593080813e-03
5.385416666666666430e+01,8.010495113632949693e-03
5.387500000000000000e+01,8.046987865595619724e-03
5.389583333333332860e+01,8.082090645932623468e-03
5.391666666666666430e+01,8.115797845245962747e-03
5.393750000000000000e+01,8.148104128127232545e-03
5.395833333333332860e+01,8.179004433735578838e-03
5.397916666666666430e+01,8.208493976097573294e-03
5.400000000000000000e+01,8.236568244113316034e-03
5.402083333333332860e+01,8.263223001256373573e-03
5.404166666666666430e+01,8.288454284958250359e-03
5.406250000000000000e+01,8.312258405672470762e-03
5.408333333333332860e+01,8.334631945617334767e-03
5.410416666666666430e+01,8.355571757201123856e-03
5.412500000000000000e+01,8.375074961140250435e-03
5.414583333333332860e+01,8.393138944285933808e-03
5.416666666666666430e+01,8.409761357180136135e-03
5.418750000000000000e+01,8.424940111367972689e-03
5.420833333333332860e+01,8.438673376498831077e-03
5.422916666666666430e+01,8.450959577253138594e-03
5.425000000000000000e+01,8.461797390135855981e-03
5.427083333333332860e+01,8.471185740180006696e-03
5.429166666666666430e+01,8.479123797605677554e-03
5.431250000000000000e+01,8.485610974481432381e-03
5.433333333333332860e+01,8.490646921433621375e-03
5.435416666666666430e+01,8.494231524445198730e-03
5.437500000000000000e+01,8.496364901784516158e-03
5.439583333333332860e+01,8.497047401100764341e-03
5.441666666666666430e+01,8.496279596714836208e-03
5.443750000000000000e+01,8.494062287128886779e-03
5.445833333333332860e+01,8.490396492772365328e-03
5.447916666666666430e+01,8.485283453995301137e-03
5.450000000000000000e+01,8.478724629312163127e-03
5.452083333333332860e+01,8.470721693893757190e-03
5.454166666666666430e+01,8.461276538298558719e-03
5.456250000000000000e+01,8.450391267431243622e-03
5.458333333333332860e+01,8.438068199710765244e-03
5.460416666666666430e+01,8.424309866427847487e-03
5.462500000000000000e+01,8.409119011269946403e-03
5.464583333333332860e+01,8.392498589990429747e-03
5.466666666666666430e+01,8.374451770198987691e-03
5.468750000000000000e+01,8.354981931250648683e-03
5.470833333333332860e+01,8.334092664211678256e-03
5.472916666666666430e+01,8.311787771883375961e-03
5.475000000000000000e+01,8.288071268865788294e-03
5.477083333333332860e+01,8.262947381645990505e-03
5.479166666666666430e+01,8.236420548697501870e-03
5.481250000000000000e+01,8.208495420579626362e-03
5.483333333333332860e+01,8.179176860027762355e-03
5.485416666666666430e+01,8.148469942026378976e-03
5.487500000000000000e+01,8.116379953858292653e-03
5.489583333333332860e+01,8.082912395124798588e-03
5.491666666666666430e+01,8.048072977732330727e-03
5.493750000000000000e+01,8.011867625841870288e-03
5.495833333333332860e+01,7.974302475777335017e-03
5.497916666666666430e+01,7.935383875889998398e-03
5.500000000000000000e+01,7.895118386375859706e-03
5.502083333333332860e+01,7.853512779043458208e-03
5.504166666666666430e+01,7.810574037030418477e-03
5.506250000000000000e+01,7.766309354466242702e-03
5.508333333333332860e+01,7.720726136078991629e-03
5.510416666666666430e+01,7.673831996745534081e-03
5.512500000000000000e+01,7.625634760983830696e-03
5.514583333333332860e+01,7.576142462386801710e-03
5.516666666666666430e+01,7.525363342997631357e-03
5.518750000000000000e+01,7.473305852626795955e-03
5.520833333333332860e+01,7.419978648110706412e-03
5.522916666666666430e+01,7.365390592513403230e-03
5.525000000000000000e+01,7.309550754272675296e-03
5.527083333333332860e+01,7.252468406291066524e-03
5.529166666666666430e+01,7.194153024973182382e-03
5.531250000000000000e+01,7.134614289210701454e-03
5.533333333333332860e+01,7.073862079316501489e-03
5.535416666666666430e+01,7.011906475909050057e-03
5.537500000000000000e+01,6.948757758748166577e-03
5.539583333333332860e+01,6.884426405523190462e-03
5.541666666666666430e+01,6.818923090593984743e-03
5.543750000000000000e+01,6.752258683686059720e-03
5.545833333333332860e+01,6.684444248540886112e-03
5.547916666666666430e+01,6.615491041520942320e-03
5.550000000000000000e+01,6.545410510170343241e-03
5.552083333333332860e+01,6.474214291732289205e-03
5.554166666666666430e+01,6.401914211623271726e-03
5.556250000000000000e+01,6.328522281864213013e-03
5.558333333333332860e+01,6.254050699469691083e-03
5.560416666666666430e+01,6.178511844795844636e-03
5.562500000000000000e+01,6.101918279847245649e-03
5.564583333333332860e+01,6.024282746543072747e-03
5.566666666666666430e+01,5.945618164943738959e-03
5.568750000000000000e+01,5.865937631438716306e-03
5.570833333333332860e+01,5.785254416896147903e-03
5.572916666666666430e+01,5.703581964774238032e-03
5.575000000000000000e+01,5.620933889195268464e-03
5.577083333333332860e+01,5.537323972983640083e-03
5.579166666666666430e+01,5.452766165668068189e-03
5.581250000000000000e+01,5.367274581447705091e-03
5.583333333333332860e+01,5.280863497122896891e-03
5.585416666666666430e+01,5.193547349991883312e-03
5.587500000000000000e+01,5.105340735713879453e-03
5.589583333333332860e+01,5.016258406137270517e-03
5.591666666666666430e+01,4.926315267094119946e-03
5.593750000000000000e+01,4.835526376162485422e-03
5.595833333333332860e+01,4.743906940395794213e-03
5.597916666666666430e+01,4.651472314019303861e-03
5.600000000000000000e+01,4.558237996094609279e-03
5.602083333333332860e+01,4.464219628152619503e-03
5.604166666666666430e+01,4.369432991795126411e-03
5.606250000000000000e+01,4.273894006265712212e-03
5.608333333333332860e+01,4.177618725989906343e-03
5.610416666666666430e+01,4.080623338084934416e-03
5.612500000000000000e+01,3.982924159840243138e-03
5.614583333333332860e+01,3.884537636168540562e-03
5.616666666666666430e+01,3.785480337028046018e-03
5.618750000000000000e+01,3.685768954816199920e-03
5.620833333333332860e+01,3.585420301735347832e-03
5.622916666666666430e+01,3.484451307130960809e-03
5.625000000000000000e+01,3.382879014802388142e-03
5.627083333333332860e+01,3.280720580286932211e-03
5.629166666666666430e+01,3.177993268117773260e-03
5.631250000000000000e+01,3.074714449055372840e-03
5.633333333333332860e+01,2.970901597293460102e-03
5.635416666666666430e+01,2.866572287640054093e-03
5.637500000000000000e+01,2.761744192673667823e-03
5.639583333333332860e+01,2.656435079875034931e-03
5.641666666666666430e+01,2.550662808734654313e-03
5.643750000000000000e+01,2.444445327837248185e-03
5.645833333333332860e+01,2.337800671923150053e-03
5.647916666666666430e+01,2.230746958926752704e-03
5.650000000000000000e+01,2.123302386993403557e-03
5.652083333333332860e+01,2.015485231474240402e-03
5.654166666666666430e+01,1.907313841899673347e-03
5.656250000000000000e+01,1.798806638932433670e-03
5.658333333333332860e+01,1.689982111300585531e-03
5.660416666666666430e+01,1.580858812710688984e-03
5.662500000000000000e+01,1.471455358741611489e-03
5.664583333333332860e+01,1.361790423719716741e-03
5.666666666666666430e+01,1.251882737576060726e-03
5.668750000000000000e+01,1.141751082685814453e-03
5.670833333333332860e+01,1.031414290690524631e-03
5.672916666666666430e+01,9.208912393036473897e-04
5.675000000000000000e+01,8.102008491002693318e-04
5.677083333333332860e+01,6.993620802911489770e-04
5.679166666666666430e+01,5.883939294816127596e-04
5.681250000000000000e+01,4.773154264163414389e-04
5.683333333333332860e+01,3.661456307101745833e-04
5.685416666666666430e+01,2.549036285654010178e-04
5.687500000000000000e+01,1.436085294762952575e-04
5.689583333333332860e+01,3.227946292177822881e-05
5.691666666666666430e+01,-7.906442495367695718e-05
5.693750000000000000e+01,-1.904039746701976187e-04
5.695833333333332860e+01,-3.017200167529799216e-04
5.697916666666666430e+01,-4.129933750827830376e-04
5.700000000000000000e+01,-5.242048702553213759e-04
5.702083333333332860e+01,-6.353353229493706976e-04
5.704166666666666430e+01,-7.463655573027586565e-04
5.706250000000000000e+01,-8.572764042960936970e-04
5.708333333333332860e+01,-9.680487051428088340e-04
5.710416666666666430e+01,-1.078663314685539233e-03
5.712500000000000000e+01,-1.189101104798077685e-03
5.714583333333332860e+01,-1.299342967791972201e-03
5.716666666666666430e+01,-1.409369819827559515e-03
5.718750000000000000e+01,-1.519162604328593144e-03
5.720833333333332860e+01,-1.628702295399808665e-03
5.722916666666666430e+01,-1.737969901246746735e-03
5.725000000000000000e+01,-1.846946467597504254e-03
5.727083333333332860e+01,-1.955613081125545227e-03
5.729166666666666430e+01,-2.063950872872761209e-03
5.731250000000000000e+01,-2.171941021672466488e-03
5.733333333333332860e+01,-2.279564757571542807e-03
5.735416666666666430e+01,-2.386803365251082693e-03
5.737500000000000000e+01,-2.493638187445039803e-03
5.739583333333332860e+01,-2.600050628356263306e-03
5.741666666666666430e+01,-2.706022157068944424e-03
5.743750000000000000e+01,-2.811534310957198007e-03
5.745833333333332860e+01,-2.916568699089193244e-03
5.747916666666666430e+01,-3.021107005625921910e-03
5.750000000000000000e+01,-3.125130993214352178e-03
5.752083333333332860e+01,-3.228622506373984846e-03
5.754166666666666430e+01,-3.331563474876678838e-03
5.756250000000000000e+01,-3.433935917119064658e-03
5.758333333333332860e+01,-3.535721943486444703e-03
5.760416666666666430e+01,-3.636903759708170862e-03
5.762500000000000000e+01,-3.737463670203986389e-03
5.764583333333332860e+01,-3.837384081420788188e-03
5.766666666666666430e+01,-3.936647505158894465e-03
5.768750000000000000e+01,-4.035236561887342414e-03
5.770833333333332860e+01,-4.133133984048516923e-03
5.772916666666666430e+01,-4.230322619351146660e-03
5.775000000000000000e+01,-4.326785434050798435e-03
5.777083333333332860e+01,-4.422505516217893271e-03
5.779166666666666430e+01,-4.517466078993186487e-03
5.781250000000000000e+01,-4.611650463830020523e-03
5.783333333333332860e+01,-4.705042143722681751e-03
5.785416666666666430e+01,-4.797624726421009615e-03
5.787500000000000000e+01,-4.889381957630921545e-03
5.789583333333332860e+01,-4.980297724200651553e-03
5.791666666666666430e+01,-5.070356057292242820e-03
5.793750000000000000e+01,-5.159541135538463393e-03
5.795833333333332860e+01,-5.247837288184843164e-03
5.797916666666666430e+01,-5.335228998216594472e-03
5.800000000000000000e+01,-5.421700905470830043e-03
5.802083333333332860e+01,-5.507237809733988090e-03
5.804166666666666430e+01,-5.591824673823933729e-03
5.806250000000000000e+01,-5.675446626657444475e-03
5.808333333333332860e+01,-5.758088966303071161e-03
5.810416666666666430e+01,-5.839737163019888613e-03
5.812500000000000000e+01,-5.920376862281946130e-03
5.814583333333332860e+01,-5.999993887788284200e-03
5.816666666666666430e+01,-6.078574244459695325e-03
5.818750000000000000e+01,-6.156104121423063361e-03
5.820833333333332860e+01,-6.232569894982499005e-03
5.822916666666666430e+01,-6.307958131577455323e-03
5.825000000000000000e+01,-6.382255590729523330e-03
5.827083333333332860e+01,-6.455449227978421120e-03
5.829166666666666430e+01,-6.527526197806833921e-03
5.831250000000000000e+01,-6.598473856554125903e-03
5.833333333333332860e+01,-6.668279765320482382e-03
5.835416666666666430e+01,-6.736931692861787731e-03
5.837500000000000000e+01,-6.804417618474865176e-03
5.839583333333332860e+01,-6.870725734873177337e-03
5.841666666666666430e+01,-6.935844451053415141e-03
5.843750000000000000e+01,-6.999762395152851063e-03
5.845833333333332860e+01,-7.062468417296573729e-03
5.847916666666666430e+01,-7.123951592434033149e-03
5.850000000000000000e+01,-7.184201223163815854e-03
5.852083333333332860e+01,-7.243206842545112101e-03
5.854166666666666430e+01,-7.300958216893476023e-03
5.856250000000000000e+01,-7.357445348558593230e-03
5.858333333333332860e+01,-7.412658478680549112e-03
5.860416666666666430e+01,-7.466588089920157822e-03
5.862500000000000000e+01,-7.519224909159200748e-03
5.864583333333332860e+01,-7.570559910163546236e-03
5.866666666666666430e+01,-7.620584316202412903e-03
5.868750000000000000e+01,-7.669289602616250444e-03
5.870833333333332860e+01,-7.716667499322905042e-03
5.872916666666666430e+01,-7.762709993251753864e-03
5.875000000000000000e+01,-7.807409330693666424e-03
5.877083333333332860e+01,-7.850758019552974906e-03
5.879166666666666430e+01,-7.892748831487035252e-03
5.881250000000000000e+01,-7.933374803917042292e-03
5.883333333333332860e+01,-7.972629241892976310e-03
5.885416666666666430e+01,-8.010505719793618168e-03
5.887500000000000000e+01,-8.046998082843110495e-03
5.889583333333332860e+01,-8.082100448424004574e-03
5.891666666666666430e+01,-8.115807207166918225e-03
5.893750000000000000e+01,-8.148113023797446883e-03
5.895833333333332860e+01,-8.179012837720980519e-03
5.897916666666666430e+01,-8.208501863328755699e-03
5.900000000000000000e+01,-8.236575590009443532e-03
5.902083333333332860e+01,-8.263229781852961253e-03
5.904166666666666430e+01,-8.288460477037410540e-03
5.906250000000000000e+01,-8.312263986894162168e-03
5.908333333333332860e+01,-8.334636894649785979e-03
5.910416666666666430e+01,-8.355576053848739679e-03
5.912500000000000000e+01,-8.375078586466504910e-03
5.914583333333332860e+01,-8.393141880729707710e-03
5.916666666666666430e+01,-8.409763588663476258e-03
5.918750000000000000e+01,-8.424941623392891155e-03
5.920833333333332860e+01,-8.438674156231524420e-03
5.922916666666666430e+01,-8.450959613594429681e-03
5.925000000000000000e+01,-8.461796673776226380e-03
5.927083333333332860e+01,-8.471184263638185594e-03
5.929166666666666430e+01,-8.479121555250502748e-03
5.931250000000000000e+01,-8.485607962536447293e-03
5.933333333333332860e+01,-8.490643137964134016e-03
5.935416666666666430e+01,-8.494226969329034260e-03
5.937500000000000000e+01,-8.496359576667755417e-03
5.939583333333332860e+01,-8.497041309338574169e-03
5.941666666666666430e+01,-8.496272743299136676e-03
5.943750000000000000e+01,-8.494054678605519881e-03
5.945833333333332860e+01,-8.490388137149255249e-03
5.947916666666666430e+01,-8.485274360643333888e-03
5.950000000000000000e+01,-8.478714808860971300e-03
5.952083333333332860e+01,-8.470711158124297202e-03
5.954166666666666430e+01,-8.461265300035120812e-03
5.956250000000000000e+01,-8.450379340433846961e-03
5.958333333333332860e+01,-8.438055598569341523e-03
5.960416666666666430e+01,-8.424296606459933875e-03
5.962500000000000000e+01,-8.409105108422880101e-03
5.964583333333332860e+01,-8.392484060748845592e-03
5.966666666666666430e+01,-8.374436631497795755e-03
5.968750000000000000e+01,-8.354966200393941153e-03
5.970833333333332860e+01,-8.334076358798330614e-03
5.972916666666666430e+01,-8.311770909738530611e-03
5.975000000000000000e+01,-8.288053867978118286e-03
5.977083333333332860e+01,-8.262929460111001836e-03
5.979166666666666430e+01,-8.236402124666261995e-03
5.981250000000000000e+01,-8.208476512212656978e-03
5.983333333333332860e+01,-8.179157485453555226e-03
5.985416666666666430e+01,-8.148450119304534792e-03
5.987500000000000000e+01,-8.116359700946620265e-03
5.989583333333332860e+01,-8.082891729850149101e-03
5.991666666666666430e+01,-8.048051917764982577e-03
5.993750000000000000e+01,-8.011846188673279676e-03
5.995833333333332860e+01,-7.974280678701132011e-03
5.997916666666666430e+01,-7.935361735985461962e-03
