0.000000000000000000e+00,-1.515940409683426333e+04
2.083333333333333218e-02,6.343338965996717161e+04
4.166666666666666435e-02,3.897324840301131917e+04
6.250000000000000000e-02,3.624827327561887068e+04
8.333333333333332871e-02,3.688828290351571923e+04
1.041666666666666574e-01,3.802911021609435556e+04
1.250000000000000000e-01,3.891568066730481223e+04
1.458333333333333148e-01,3.933570628103852505e+04
1.666666666666666574e-01,3.936146871883817221e+04
1.875000000000000000e-01,3.919321399904546706e+04
2.083333333333333148e-01,3.898998706489391043e+04
2.291666666666666574e-01,3.881086780734929926e+04
2.500000000000000000e-01,3.867438597373794619e+04
2.708333333333333148e-01,3.860238293390304898e+04
2.916666666666666297e-01,3.859803247987915529e+04
3.125000000000000000e-01,3.863046934057440376e+04
3.333333333333333148e-01,3.866481101584986754e+04
3.541666666666666297e-01,3.869053233086791442e+04
3.750000000000000000e-01,3.871193955249284045e+04
3.958333333333333148e-01,3.872783626888530853e+04
4.166666666666666297e-01,3.873262298261094111e+04
4.375000000000000000e-01,3.872791826993125869e+04
4.583333333333333148e-01,3.872153584283581586e+04
4.791666666666666297e-01,3.871755609089653444e+04
5.000000000000000000e-01,3.871424193903175910e+04
5.208333333333332593e-01,3.871019623332646006e+04
5.416666666666666297e-01,3.870710428220827453e+04
5.625000000000000000e-01,3.870636139791413007e+04
5.833333333333332593e-01,3.870687823985022987e+04
6.041666666666666297e-01,3.870719010849532788e+04
6.250000000000000000e-01,3.870746870092416066e+04
6.458333333333332593e-01,3.870850757761575369e+04
6.666666666666666297e-01,3.871016494590836373e+04
6.875000000000000000e-01,3.871174250863175257e+04
7.083333333333332593e-01,3.871308805343163112e+04
7.291666666666666297e-01,3.871452649552511139e+04
7.500000000000000000e-01,3.871609872732160875e+04
7.708333333333332593e-01,3.871747773859877634e+04
7.916666666666666297e-01,3.871847958401684446e+04
8.125000000000000000e-01,3.871922153579763108e+04
8.333333333333332593e-01,3.871981022405072144e+04
8.541666666666666297e-01,3.872018026795830519e+04
8.750000000000000000e-01,3.872027430987903790e+04
8.958333333333332593e-01,3.872017877061082982e+04
9.166666666666666297e-01,3.872001803650397051e+04
9.375000000000000000e-01,3.871983469535137556e+04
9.583333333333332593e-01,3.871963145712742698e+04
9.791666666666666297e-01,3.871945248352555791e+04
1.000000000000000000e+00,3.871936365699531598e+04
1.020833333333333259e+00,3.871939012419106439e+04
1.041666666666666519e+00,3.871951702889396256e+04
1.062500000000000000e+00,3.871973251111321588e+04
1.083333333333333259e+00,3.872003689255130303e+04
1.104166666666666519e+00,3.872041823071485123e+04
1.125000000000000000e+00,3.872084548361298948e+04
1.145833333333333259e+00,3.872128781528444233e+04
1.166666666666666519e+00,3.872172633104333363e+04
1.187500000000000000e+00,3.872214615812355623e+04
1.208333333333333259e+00,3.872252947922520252e+04
1.229166666666666519e+00,3.872286134562095685e+04
1.250000000000000000e+00,3.872313637235818896e+04
1.270833333333333259e+00,3.872335620611922059e+04
1.291666666666666519e+00,3.872352414088424121e+04
1.312500000000000000e+00,3.872364500638405298e+04
1.333333333333333259e+00,3.872372757368233579e+04
1.354166666666666519e+00,3.872378360002050613e+04
1.375000000000000000e+00,3.872382448044937337e+04
1.395833333333333259e+00,3.872385981374773110e+04
1.416666666666666519e+00,3.872389811317715794e+04
1.437500000000000000e+00,3.872394686352227291e+04
1.458333333333333259e+00,3.872401132163150760e+04
1.479166666666666519e+00,3.872409387302969844e+04
1.500000000000000000e+00,3.872419466157299030e+04
1.520833333333333259e+00,3.872431234398917877e+04
1.541666666666666519e+00,3.872444421583638177e+04
1.562500000000000000e+00,3.872458628692988714e+04
1.583333333333333259e+00,3.872473385434342345e+04
1.604166666666666519e+00,3.872488221638713003e+04
1.625000000000000000e+00,3.872502703912246943e+04
1.645833333333333259e+00,3.872516448956902605e+04
1.666666666666666519e+00,3.872529145831906499e+04
1.687500000000000000e+00,3.872540583272609365e+04
1.708333333333333259e+00,3.872550658589719387e+04
1.729166666666666519e+00,3.872559366746142041e+04
1.750000000000000000e+00,3.872566786379993573e+04
1.770833333333333259e+00,3.872573068547870935e+04
1.791666666666666519e+00,3.872578420220089902e+04
1.812500000000000000e+00,3.872583079928138613e+04
1.833333333333333259e+00,3.872587293362953642e+04
1.854166666666666519e+00,3.872591294780590397e+04
1.875000000000000000e+00,3.872595292298521963e+04
1.895833333333333259e+00,3.872599454595095449e+04
1.916666666666666519e+00,3.872603901127121935e+04
1.937500000000000000e+00,3.872608698591642315e+04
1.958333333333333259e+00,3.872613862770674314e+04
1.979166666666666519e+00,3.872619363343064470e+04
2.000000000000000000e+00,3.872625130999422254e+04
2.020833333333333037e+00,3.872631067258836265e+04
2.041666666666666519e+00,3.872637056181410298e+04
2.062500000000000000e+00,3.872642976138059021e+04
2.083333333333333037e+00,3.872648710444046446e+04
2.104166666666666519e+00,3.872654156589947524e+04
2.125000000000000000e+00,3.872659233730172127e+04
2.145833333333333037e+00,3.872663887714324665e+04
2.166666666666666519e+00,3.872668093246519857e+04
2.187500000000000000e+00,3.872671853400608234e+04
2.208333333333333037e+00,3.872675196955392312e+04
2.229166666666666519e+00,3.872678173905226140e+04
2.250000000000000000e+00,3.872680849549712002e+04
2.270833333333333037e+00,3.872683297802071320e+04
2.291666666666666519e+00,3.872685594438455155e+04
2.312500000000000000e+00,3.872687810858739977e+04
2.333333333333333037e+00,3.872690008768120606e+04
2.354166666666666519e+00,3.872692236127051729e+04
2.375000000000000000e+00,3.872694524636258575e+04
2.395833333333333037e+00,3.872696888848226081e+04
2.416666666666666519e+00,3.872699326810292405e+04
2.437500000000000000e+00,3.872701822032625932e+04
2.458333333333333037e+00,3.872704346509484458e+04
2.479166666666666519e+00,3.872706864454581955e+04
2.500000000000000000e+00,3.872709336358035944e+04
2.520833333333333037e+00,3.872711722975165321e+04
2.541666666666666519e+00,3.872713988910641638e+04
2.562500000000000000e+00,3.872716105530280765e+04
2.583333333333333037e+00,3.872718053006951232e+04
2.604166666666666519e+00,3.872719821395757754e+04
2.625000000000000000e+00,3.872721410732940421e+04
2.645833333333333037e+00,3.872722830243702629e+04
2.666666666666666519e+00,3.872724096812253993e+04
2.687500000000000000e+00,3.872725232915642118e+04
2.708333333333333037e+00,3.872726264253054251e+04
2.729166666666666519e+00,3.872727217310384731e+04
2.750000000000000000e+00,3.872728117083397956e+04
2.770833333333333037e+00,3.872728985146383638e+04
2.791666666666666519e+00,3.872729838205266424e+04
2.812500000000000000e+00,3.872730687219268293e+04
2.833333333333333037e+00,3.872731537116839900e+04
2.854166666666666519e+00,3.872732387075124279e+04
2.875000000000000000e+00,3.872733231284404610e+04
2.895833333333333037e+00,3.872734060082885844e+04
2.916666666666666519e+00,3.872734861324959638e+04
2.937500000000000000e+00,3.872735621837491635e+04
2.958333333333333037e+00,3.872736328824311931e+04
2.979166666666666519e+00,3.872736971096997149e+04
3.000000000000000000e+00,3.872737540037769941e+04
3.020833333333333037e+00,3.872738030233289464e+04
3.041666666666666519e+00,3.872738439754062711e+04
3.062500000000000000e+00,3.872738770088516321e+04
3.083333333333333037e+00,3.872739025771791057e+04
3.104166666666666519e+00,3.872739213772836229e+04
3.125000000000000000e+00,3.872739342719462729e+04
3.145833333333333037e+00,3.872739422047957487e+04
3.166666666666666519e+00,3.872739461162165389e+04
3.187500000000000000e+00,3.872739468678076810e+04
3.208333333333333037e+00,3.872739451814398490e+04
3.229166666666666519e+00,3.872739415970389382e+04
3.250000000000000000e+00,3.872739364511064196e+04
3.270833333333333037e+00,3.872739298758780933e+04
3.291666666666666519e+00,3.872739218171499670e+04
3.312500000000000000e+00,3.872739120672671561e+04
3.333333333333333037e+00,3.872739003087433957e+04
3.354166666666666519e+00,3.872738861634308705e+04
3.375000000000000000e+00,3.872738692421904125e+04
3.395833333333333037e+00,3.872738491904249531e+04
3.416666666666666519e+00,3.872738257257346413e+04
3.437500000000000000e+00,3.872737986650128732e+04
3.458333333333333037e+00,3.872737679395795567e+04
3.479166666666666519e+00,3.872737335981654905e+04
3.500000000000000000e+00,3.872736957987138885e+04
3.520833333333333037e+00,3.872736547909145156e+04
3.541666666666666519e+00,3.872736108920134575e+04
3.562500000000000000e+00,3.872735644588244759e+04
3.583333333333333037e+00,3.872735158589336061e+04
3.604166666666666519e+00,3.872734654438200960e+04
3.625000000000000000e+00,3.872734135261942720e+04
3.645833333333333037e+00,3.872733603632143786e+04
3.666666666666666519e+00,3.872733061465183710e+04
3.687500000000000000e+00,3.872732509993029089e+04
3.708333333333333037e+00,3.872731949799753784e+04
3.729166666666666519e+00,3.872731380913743487e+04
3.750000000000000000e+00,3.872730802941120783e+04
3.770833333333333037e+00,3.872730215223811683e+04
3.791666666666666519e+00,3.872729617005022737e+04
3.812500000000000000e+00,3.872729007585985528e+04
3.833333333333333037e+00,3.872728386460342881e+04
3.854166666666666519e+00,3.872727753416023188e+04
3.875000000000000000e+00,3.872727108598563791e+04
3.895833333333333037e+00,3.872726452534009877e+04
3.916666666666666519e+00,3.872725786113532376e+04
3.937500000000000000e+00,3.872725110545198550e+04
3.958333333333333037e+00,3.872724427280734380e+04
3.979166666666666519e+00,3.872723737926862668e+04
4.000000000000000000e+00,3.872723044150974602e+04
4.020833333333333037e+00,3.872722347590458958e+04
4.041666666666666075e+00,3.872721649773833633e+04
4.062500000000000000e+00,3.872720952059635601e+04
4.083333333333333037e+00,3.872720255596931383e+04
4.104166666666666075e+00,3.872719561308784614e+04
4.125000000000000000e+00,3.872718869897739933e+04
4.145833333333333037e+00,3.872718181870473200e+04
4.166666666666666075e+00,3.872717497577283211e+04
4.187500000000000000e+00,3.872716817261042888e+04
4.208333333333333037e+00,3.872716141110117314e+04
4.229166666666666075e+00,3.872715469309820037e+04
4.250000000000000000e+00,3.872714802087750286e+04
4.270833333333333037e+00,3.872714139749372407e+04
4.291666666666666075e+00,3.872713482701702742e+04
4.312500000000000000e+00,3.872712831463829207e+04
4.333333333333333037e+00,3.872712186665061017e+04
4.354166666666666075e+00,3.872711549031845061e+04
4.375000000000000000e+00,3.872710919366129383e+04
4.395833333333333037e+00,3.872710298517790216e+04
4.416666666666666075e+00,3.872709687354659400e+04
4.437500000000000000e+00,3.872709086732897413e+04
4.458333333333333037e+00,3.872708497470552538e+04
4.479166666666666075e+00,3.872707920326404565e+04
4.500000000000000000e+00,3.872707355985440518e+04
4.520833333333333037e+00,3.872706805051639822e+04
4.541666666666666075e+00,3.872706268047814228e+04
4.562500000000000000e+00,3.872705745421881875e+04
4.583333333333333037e+00,3.872705237558126828e+04
4.604166666666666075e+00,3.872704744791962730e+04
4.625000000000000000e+00,3.872704267426338629e+04
4.645833333333333037e+00,3.872703805748008017e+04
4.666666666666666075e+00,3.872703360042252461e+04
4.687500000000000000e+00,3.872702930604785070e+04
4.708333333333333037e+00,3.872702517749972321e+04
4.729166666666666075e+00,3.872702121814982092e+04
4.750000000000000000e+00,3.872701743159980833e+04
4.770833333333333037e+00,3.872701382164690585e+04
4.791666666666666075e+00,3.872701039222059626e+04
4.812500000000000000e+00,3.872700714729896572e+04
4.833333333333333037e+00,3.872700409081466205e+04
4.854166666666666075e+00,3.872700122656123858e+04
4.875000000000000000e+00,3.872699855810657755e+04
4.895833333333333037e+00,3.872699608872258977e+04
4.916666666666666075e+00,3.872699382133441395e+04
4.937500000000000000e+00,3.872699175849269523e+04
4.958333333333333037e+00,3.872698990236775717e+04
4.979166666666666075e+00,3.872698825476559432e+04
5.000000000000000000e+00,3.872698681715894782e+04
5.020833333333333037e+00,3.872698559073165961e+04
5.041666666666666075e+00,3.872698457642879657e+04
5.062500000000000000e+00,3.872698377500798233e+04
5.083333333333333037e+00,3.872698318708640727e+04
5.104166666666666075e+00,3.872698281318020599e+04
5.125000000000000000e+00,3.872698265373256436e+04
5.145833333333333037e+00,3.872698270912987937e+04
5.166666666666666075e+00,3.872698297970545536e+04
5.187500000000000000e+00,3.872698346573149320e+04
5.208333333333333037e+00,3.872698416740183893e+04
5.229166666666666075e+00,3.872698508480822056e+04
5.250000000000000000e+00,3.872698621791230107e+04
5.270833333333333037e+00,3.872698756651774602e+04
5.291666666666666075e+00,3.872698913024386275e+04
5.312500000000000000e+00,3.872699090850380162e+04
5.333333333333333037e+00,3.872699290048909461e+04
5.354166666666666075e+00,3.872699510516104783e+04
5.375000000000000000e+00,3.872699752124905353e+04
5.395833333333333037e+00,3.872700014725492656e+04
5.416666666666666075e+00,3.872700298146472778e+04
5.437500000000000000e+00,3.872700602196205728e+04
5.458333333333333037e+00,3.872700926664532744e+04
5.479166666666666075e+00,3.872701271324559639e+04
5.500000000000000000e+00,3.872701635934277874e+04
5.520833333333333037e+00,3.872702020238056139e+04
5.541666666666666075e+00,3.872702423967765935e+04
5.562500000000000000e+00,3.872702846843508451e+04
5.583333333333333037e+00,3.872703288574097678e+04
5.604166666666666075e+00,3.872703748857028404e+04
5.625000000000000000e+00,3.872704227378283395e+04
5.645833333333333037e+00,3.872704723811826989e+04
5.666666666666666075e+00,3.872705237819061585e+04
5.687500000000000000e+00,3.872705769048185903e+04
5.708333333333333037e+00,3.872706317133642733e+04
5.729166666666666075e+00,3.872706881695700577e+04
5.750000000000000000e+00,3.872707462340199709e+04
5.770833333333333037e+00,3.872708058658529626e+04
5.791666666666666075e+00,3.872708670227841503e+04
5.812500000000000000e+00,3.872709296611414902e+04
5.833333333333333037e+00,3.872709937359271862e+04
5.854166666666666075e+00,3.872710592008880485e+04
5.875000000000000000e+00,3.872711260086004040e+04
5.895833333333333037e+00,3.872711941105488222e+04
5.916666666666666075e+00,3.872712634572108800e+04
5.937500000000000000e+00,3.872713339981379977e+04
5.958333333333333037e+00,3.872714056820178666e+04
5.979166666666666075e+00,3.872714784567374591e+04
6.000000000000000000e+00,3.872715522694281390e+04
6.020833333333333037e+00,3.872716270665026241e+04
6.041666666666666075e+00,3.872717027936834347e+04
6.062500000000000000e+00,3.872717793960216659e+04
6.083333333333333037e+00,3.872718568179177964e+04
6.104166666666666075e+00,3.872719350031329668e+04
6.125000000000000000e+00,3.872720138948116801e+04
6.145833333333333037e+00,3.872720934355002100e+04
6.166666666666666075e+00,3.872721735671746865e+04
6.187500000000000000e+00,3.872722542312752194e+04
6.208333333333333037e+00,3.872723353687441704e+04
6.229166666666666075e+00,3.872724169200791221e+04
6.250000000000000000e+00,3.872724988253777701e+04
6.270833333333333037e+00,3.872725810244027525e+04
6.291666666666666075e+00,3.872726634566391294e+04
6.312500000000000000e+00,3.872727460613551375e+04
6.333333333333333037e+00,3.872728287776681827e+04
6.354166666666666075e+00,3.872729115445981734e+04
6.375000000000000000e+00,3.872729943011345313e+04
6.395833333333333037e+00,3.872730769862818124e+04
6.416666666666666075e+00,3.872731595391180599e+04
6.437500000000000000e+00,3.872732418988392601e+04
6.458333333333333037e+00,3.872733240048065636e+04
6.479166666666666075e+00,3.872734057965863030e+04
6.500000000000000000e+00,3.872734872139946674e+04
6.520833333333333037e+00,3.872735681971384474e+04
6.541666666666666075e+00,3.872736486864549806e+04
6.562500000000000000e+00,3.872737286227537697e+04
6.583333333333333037e+00,3.872738079472611571e+04
6.604166666666666075e+00,3.872738866016638349e+04
6.625000000000000000e+00,3.872739645281562844e+04
6.645833333333333037e+00,3.872740416694886517e+04
6.666666666666666075e+00,3.872741179690160789e+04
6.687500000000000000e+00,3.872741933707491989e+04
6.708333333333333037e+00,3.872742678194033942e+04
6.729166666666666075e+00,3.872743412604495097e+04
6.750000000000000000e+00,3.872744136401650030e+04
6.770833333333333037e+00,3.872744849056777457e+04
6.791666666666666075e+00,3.872745550050148449e+04
6.812500000000000000e+00,3.872746238871441892e+04
6.833333333333333037e+00,3.872746915020165034e+04
6.854166666666666075e+00,3.872747578006026015e+04
6.875000000000000000e+00,3.872748227349257650e+04
6.895833333333333037e+00,3.872748862580995774e+04
6.916666666666666075e+00,3.872749483243509167e+04
6.937500000000000000e+00,3.872750088890474581e+04
6.958333333333333037e+00,3.872750679087189201e+04
6.979166666666666075e+00,3.872751253410788922e+04
7.000000000000000000e+00,3.872751811450361129e+04
7.020833333333333037e+00,3.872752352807069838e+04
7.041666666666666075e+00,3.872752877094250289e+04
7.062500000000000000e+00,3.872753383937429317e+04
7.083333333333333037e+00,3.872753872974305705e+04
7.104166666666666075e+00,3.872754343854702893e+04
7.125000000000000000e+00,3.872754796240466385e+04
7.145833333333333037e+00,3.872755229805321869e+04
7.166666666666666075e+00,3.872755644234637293e+04
7.187500000000000000e+00,3.872756039225250424e+04
7.208333333333333037e+00,3.872756414485171990e+04
7.229166666666666075e+00,3.872756769733320107e+04
7.250000000000000000e+00,3.872757104699201591e+04
7.270833333333333037e+00,3.872757419122654392e+04
7.291666666666666075e+00,3.872757712753594387e+04
7.312500000000000000e+00,3.872757985351795651e+04
7.333333333333333037e+00,3.872758236686786404e+04
7.354166666666666075e+00,3.872758466537762433e+04
7.375000000000000000e+00,3.872758674693699140e+04
7.395833333333333037e+00,3.872758860953557451e+04
7.416666666666666075e+00,3.872759025126649794e+04
7.437500000000000000e+00,3.872759167033147969e+04
7.458333333333333037e+00,3.872759286504816555e+04
7.479166666666666075e+00,3.872759383385809633e+04
7.500000000000000000e+00,3.872759457533752720e+04
7.520833333333333037e+00,3.872759508820821793e+04
7.541666666666666075e+00,3.872759537135025312e+04
7.562500000000000000e+00,3.872759542381494975e+04
7.583333333333333037e+00,3.872759524483838322e+04
7.604166666666666075e+00,3.872759483385404747e+04
7.625000000000000000e+00,3.872759419050573342e+04
7.645833333333333037e+00,3.872759331465807918e+04
7.666666666666666075e+00,3.872759220640626154e+04
7.687500000000000000e+00,3.872759086608317011e+04
7.708333333333333037e+00,3.872758929426455870e+04
7.729166666666666075e+00,3.872758749177155551e+04
7.750000000000000000e+00,3.872758545967057580e+04
7.770833333333333037e+00,3.872758319927081175e+04
7.791666666666666075e+00,3.872758071211929928e+04
7.812500000000000000e+00,3.872757799999412237e+04
7.833333333333333037e+00,3.872757506489617663e+04
7.854166666666666075e+00,3.872757190903920855e+04
7.875000000000000000e+00,3.872756853483933810e+04
7.895833333333333037e+00,3.872756494490455952e+04
7.916666666666666075e+00,3.872756114202379831e+04
7.937500000000000000e+00,3.872755712915704498e+04
7.958333333333333037e+00,3.872755290942564898e+04
7.979166666666666075e+00,3.872754848610400222e+04
8.000000000000000000e+00,3.872754386261187028e+04
8.020833333333332149e+00,3.872753904250843334e+04
8.041666666666666075e+00,3.872753402948678558e+04
8.062500000000000000e+00,3.872752882736966421e+04
8.083333333333332149e+00,3.872752344010586239e+04
8.104166666666666075e+00,3.872751787176779180e+04
8.125000000000000000e+00,3.872751212654836127e+04
8.145833333333332149e+00,3.872750620875925961e+04
8.166666666666666075e+00,3.872750012282857642e+04
8.187500000000000000e+00,3.872749387329880847e+04
8.208333333333332149e+00,3.872748746482445131e+04
8.229166666666666075e+00,3.872748090216939454e+04
8.250000000000000000e+00,3.872747419020430971e+04
8.270833333333332149e+00,3.872746733390385634e+04
8.291666666666666075e+00,3.872746033834301488e+04
8.312500000000000000e+00,3.872745320869420539e+04
8.333333333333332149e+00,3.872744595022362773e+04
8.354166666666666075e+00,3.872743856828813296e+04
8.375000000000000000e+00,3.872743106833141064e+04
8.395833333333332149e+00,3.872742345588096941e+04
8.416666666666666075e+00,3.872741573654469539e+04
8.437500000000000000e+00,3.872740791600757075e+04
8.458333333333332149e+00,3.872740000002861052e+04
8.479166666666666075e+00,3.872739199443796679e+04
8.500000000000000000e+00,3.872738390513362538e+04
8.520833333333332149e+00,3.872737573807838635e+04
8.541666666666666075e+00,3.872736749929696089e+04
8.562500000000000000e+00,3.872735919487260253e+04
8.583333333333332149e+00,3.872735083094416041e+04
8.604166666666666075e+00,3.872734241370213567e+04
8.625000000000000000e+00,3.872733394938563288e+04
8.645833333333332149e+00,3.872732544427840912e+04
8.666666666666666075e+00,3.872731690470509056e+04
8.687500000000000000e+00,3.872730833702734526e+04
8.708333333333332149e+00,3.872729974763961945e+04
8.729166666666666075e+00,3.872729114296513580e+04
8.750000000000000000e+00,3.872728252945149870e+04
8.770833333333332149e+00,3.872727391356652515e+04
8.791666666666666075e+00,3.872726530179411930e+04
8.812500000000000000e+00,3.872725670062966674e+04
8.833333333333332149e+00,3.872724811657586542e+04
8.854166666666666075e+00,3.872723955613860744e+04
8.875000000000000000e+00,3.872723102582254069e+04
8.895833333333332149e+00,3.872722253212686337e+04
8.916666666666666075e+00,3.872721408154113305e+04
8.937500000000000000e+00,3.872720568054108298e+04
8.958333333333332149e+00,3.872719733558438020e+04
8.979166666666666075e+00,3.872718905310614355e+04
9.000000000000000000e+00,3.872718083951523295e+04
9.020833333333332149e+00,3.872717270118954912e+04
9.041666666666666075e+00,3.872716464447192993e+04
9.062500000000000000e+00,3.872715667566595221e+04
9.083333333333332149e+00,3.872714880103135511e+04
9.104166666666666075e+00,3.872714102678022027e+04
9.125000000000000000e+00,3.872713335907195869e+04
9.145833333333332149e+00,3.872712580400994921e+04
9.166666666666666075e+00,3.872711836763649626e+04
9.187500000000000000e+00,3.872711105592888634e+04
9.208333333333332149e+00,3.872710387479529163e+04
9.229166666666666075e+00,3.872709683007051353e+04
9.250000000000000000e+00,3.872708992751172627e+04
9.270833333333332149e+00,3.872708317279467883e+04
9.291666666666666075e+00,3.872707657150941668e+04
9.312500000000000000e+00,3.872707012915669475e+04
9.333333333333332149e+00,3.872706385114375007e+04
9.354166666666666075e+00,3.872705774278056924e+04
9.375000000000000000e+00,3.872705180927613401e+04
9.395833333333332149e+00,3.872704605573480512e+04
9.416666666666666075e+00,3.872704048715248791e+04
9.437500000000000000e+00,3.872703510841309617e+04
9.458333333333332149e+00,3.872702992428511061e+04
9.479166666666666075e+00,3.872702493941797002e+04
9.500000000000000000e+00,3.872702015833867335e+04
9.520833333333332149e+00,3.872701558544853469e+04
9.541666666666666075e+00,3.872701122501976351e+04
9.562500000000000000e+00,3.872700708119251067e+04
9.583333333333332149e+00,3.872700315797155781e+04
9.604166666666666075e+00,3.872699945922310144e+04
9.625000000000000000e+00,3.872699598867251916e+04
9.645833333333332149e+00,3.872699274990059348e+04
9.666666666666666075e+00,3.872698974634140177e+04
9.687500000000000000e+00,3.872698698127942043e+04
9.708333333333332149e+00,3.872698445784709475e+04
9.729166666666666075e+00,3.872698217902208853e+04
9.750000000000000000e+00,3.872698014762521780e+04
9.770833333333332149e+00,3.872697836631802784e+04
9.791666666666666075e+00,3.872697683760078507e+04
9.812500000000000000e+00,3.872697556381019967e+04
9.833333333333332149e+00,3.872697454711771570e+04
9.854166666666666075e+00,3.872697378952739382e+04
9.875000000000000000e+00,3.872697329287437606e+04
9.895833333333332149e+00,3.872697305882328510e+04
9.916666666666666075e+00,3.872697308886671817e+04
9.937500000000000000e+00,3.872697338432347897e+04
9.958333333333332149e+00,3.872697394633784279e+04
9.979166666666666075e+00,3.872697477587802859e+04
1.000000000000000000e+01,3.872697587373504939e+04
1.002083333333333215e+01,3.872697724052221020e+04
1.004166666666666607e+01,3.872697887667385658e+04
1.006250000000000000e+01,3.872698078244479984e+04
1.008333333333333215e+01,3.872698295790988050e+04
1.010416666666666607e+01,3.872698540296340798e+04
1.012500000000000000e+01,3.872698811731868773e+04
1.014583333333333215e+01,3.872699110050785384e+04
1.016666666666666607e+01,3.872699435188213101e+04
1.018750000000000000e+01,3.872699787061144889e+04
1.020833333333333215e+01,3.872700165568467492e+04
1.022916666666666607e+01,3.872700570591006544e+04
1.025000000000000000e+01,3.872701001991552039e+04
1.027083333333333215e+01,3.872701459614920896e+04
1.029166666666666607e+01,3.872701943287998438e+04
1.031250000000000000e+01,3.872702452819859172e+04
1.033333333333333215e+01,3.872702988001816266e+04
1.035416666666666607e+01,3.872703548607545963e+04
1.037500000000000000e+01,3.872704134393185814e+04
1.039583333333333215e+01,3.872704745097462001e+04
1.041666666666666607e+01,3.872705380441862508e+04
1.043750000000000000e+01,3.872706040130728070e+04
1.045833333333333215e+01,3.872706723851459537e+04
1.047916666666666607e+01,3.872707431274685223e+04
1.050000000000000000e+01,3.872708162054430431e+04
1.052083333333333215e+01,3.872708915828331374e+04
1.054166666666666607e+01,3.872709692217817064e+04
1.056250000000000000e+01,3.872710490828385809e+04
1.058333333333333215e+01,3.872711311249782011e+04
1.060416666666666607e+01,3.872712153056255192e+04
1.062500000000000000e+01,3.872713015806827752e+04
1.064583333333333215e+01,3.872713899045549624e+04
1.066666666666666607e+01,3.872714802301777672e+04
1.068750000000000000e+01,3.872715725090461638e+04
1.070833333333333215e+01,3.872716666912439541e+04
1.072916666666666607e+01,3.872717627254733088e+04
1.075000000000000000e+01,3.872718605590884545e+04
1.077083333333333215e+01,3.872719601381290704e+04
1.079166666666666607e+01,3.872720614073489560e+04
1.081250000000000000e+01,3.872721643102571397e+04
1.083333333333333215e+01,3.872722687891482929e+04
1.085416666666666607e+01,3.872723747851410008e+04
1.087500000000000000e+01,3.872724822382151615e+04
1.089583333333333215e+01,3.872725910872496752e+04
1.091666666666666607e+01,3.872727012700612977e+04
1.093750000000000000e+01,3.872728127234442218e+04
1.095833333333333215e+01,3.872729253832096583e+04
1.097916666666666607e+01,3.872730391842291283e+04
1.100000000000000000e+01,3.872731540604736074e+04
1.102083333333333215e+01,3.872732699450575456e+04
1.104166666666666607e+01,3.872733867702825955e+04
1.106250000000000000e+01,3.872735044676786492e+04
1.108333333333333215e+01,3.872736229680498218e+04
1.110416666666666607e+01,3.872737422015210905e+04
1.112500000000000000e+01,3.872738620975813683e+04
1.114583333333333215e+01,3.872739825851287605e+04
1.116666666666666607e+01,3.872741035925158212e+04
1.118750000000000000e+01,3.872742250476039044e+04
1.120833333333333215e+01,3.872743468778000533e+04
1.122916666666666607e+01,3.872744690101089509e+04
1.125000000000000000e+01,3.872745913711831963e+04
1.127083333333333215e+01,3.872747138873665972e+04
1.129166666666666607e+01,3.872748364847444464e+04
1.131250000000000000e+01,3.872749590891932166e+04
1.133333333333333215e+01,3.872750816264273453e+04
1.135416666666666607e+01,3.872752040220482741e+04
1.137500000000000000e+01,3.872753262015937798e+04
1.139583333333333215e+01,3.872754480905870878e+04
1.141666666666666607e+01,3.872755696145852562e+04
1.143750000000000000e+01,3.872756906992287986e+04
1.145833333333333215e+01,3.872758112702886865e+04
1.147916666666666607e+01,3.872759312537193182e+04
1.150000000000000000e+01,3.872760505757024657e+04
1.152083333333333215e+01,3.872761691626995162e+04
1.154166666666666607e+01,3.872762869414985471e+04
1.156250000000000000e+01,3.872764038392624207e+04
1.158333333333333215e+01,3.872765197835775325e+04
1.160416666666666607e+01,3.872766347025024879e+04
1.162500000000000000e+01,3.872767485246144497e+04
1.164583333333333215e+01,3.872768611790558498e+04
1.166666666666666607e+01,3.872769725955851027e+04
1.168750000000000000e+01,3.872770827046198247e+04
1.170833333333333215e+01,3.872771914372852189e+04
1.172916666666666607e+01,3.872772987254619511e+04
1.175000000000000000e+01,3.872774045018287143e+04
1.177083333333333215e+01,3.872775086999112682e+04
1.179166666666666607e+01,3.872776112541268230e+04
1.181250000000000000e+01,3.872777120998312603e+04
1.183333333333333215e+01,3.872778111733608966e+04
1.185416666666666607e+01,3.872779084120831249e+04
1.187500000000000000e+01,3.872780037544367951e+04
1.189583333333333215e+01,3.872780971399803821e+04
1.191666666666666607e+01,3.872781885094378958e+04
1.193750000000000000e+01,3.872782778047423199e+04
1.195833333333333215e+01,3.872783649690823950e+04
1.197916666666666607e+01,3.872784499469520961e+04
1.200000000000000000e+01,3.872785326841915958e+04
1.202083333333333215e+01,3.872786131280395784e+04
1.204166666666666607e+01,3.872786912271779147e+04
1.206250000000000000e+01,3.872787669317843392e+04
1.208333333333333215e+01,3.872788401935777074e+04
1.210416666666666607e+01,3.872789109658703092e+04
1.212500000000000000e+01,3.872789792036190192e+04
1.214583333333333215e+01,3.872790448634779023e+04
1.216666666666666607e+01,3.872791079038477619e+04
1.218750000000000000e+01,3.872791682849340577e+04
1.220833333333333215e+01,3.872792259687955084e+04
1.222916666666666607e+01,3.872792809194023721e+04
1.225000000000000000e+01,3.872793331026854139e+04
1.227083333333333215e+01,3.872793824865898205e+04
1.229166666666666607e+01,3.872794290411254769e+04
1.231250000000000000e+01,3.872794727384166617e+04
1.233333333333333215e+01,3.872795135527472303e+04
1.235416666666666607e+01,3.872795514605992503e+04
1.237500000000000000e+01,3.872795864406929468e+04
1.239583333333333215e+01,3.872796184740156605e+04
1.241666666666666607e+01,3.872796475438436755e+04
1.243750000000000000e+01,3.872796736357601912e+04
1.245833333333333215e+01,3.872796967376582325e+04
1.247916666666666607e+01,3.872797168397400674e+04
1.250000000000000000e+01,3.872797339344974171e+04
1.252083333333333215e+01,3.872797480166889000e+04
1.254166666666666607e+01,3.872797590833024151e+04
1.256250000000000000e+01,3.872797671335052291e+04
1.258333333333333215e+01,3.872797721685847500e+04
1.260416666666666607e+01,3.872797741918812244e+04
1.262500000000000000e+01,3.872797732087094482e+04
1.264583333333333215e+01,3.872797692262753844e+04
1.266666666666666607e+01,3.872797622535879782e+04
1.268750000000000000e+01,3.872797523013674072e+04
1.270833333333333215e+01,3.872797393819595163e+04
1.272916666666666607e+01,3.872797235092402116e+04
1.275000000000000000e+01,3.872797046985410270e+04
1.277083333333333215e+01,3.872796829665677069e+04
1.279166666666666607e+01,3.872796583313395240e+04
1.281250000000000000e+01,3.872796308121263428e+04
1.283333333333333215e+01,3.872796004294123122e+04
1.285416666666666607e+01,3.872795672048578854e+04
1.287500000000000000e+01,3.872795311612854857e+04
1.289583333333333215e+01,3.872794923226654646e+04
1.291666666666666607e+01,3.872794507141249051e+04
1.293750000000000000e+01,3.872794063619507506e+04
1.295833333333333215e+01,3.872793592936153436e+04
1.297916666666666607e+01,3.872793095377938880e+04
1.300000000000000000e+01,3.872792571243950806e+04
1.302083333333333215e+01,3.872792020845862862e+04
1.304166666666666607e+01,3.872791444508222776e+04
1.306250000000000000e+01,3.872790842568665539e+04
1.308333333333333215e+01,3.872790215378154244e+04
1.310416666666666607e+01,3.872789563301137969e+04
1.312500000000000000e+01,3.872788886715636181e+04
1.314583333333333215e+01,3.872788186013336963e+04
1.316666666666666607e+01,3.872787461599540256e+04
1.318750000000000000e+01,3.872786713893157867e+04
1.320833333333333215e+01,3.872785943326575944e+04
1.322916666666666607e+01,3.872785150345506554e+04
1.325000000000000000e+01,3.872784335408843617e+04
1.327083333333333215e+01,3.872783498988400243e+04
1.329166666666666607e+01,3.872782641568706458e+04
1.331250000000000000e+01,3.872781763646727632e+04
1.333333333333333215e+01,3.872780865731621452e+04
1.335416666666666607e+01,3.872779948344421427e+04
1.337500000000000000e+01,3.872779012017763307e+04
1.339583333333333215e+01,3.872778057295569306e+04
1.341666666666666607e+01,3.872777084732731601e+04
1.343750000000000000e+01,3.872776094894808193e+04
1.345833333333333215e+01,3.872775088357659843e+04
1.347916666666666607e+01,3.872774065707106638e+04
1.350000000000000000e+01,3.872773027538571478e+04
1.352083333333333215e+01,3.872771974456702446e+04
1.354166666666666607e+01,3.872770907074990828e+04
1.356250000000000000e+01,3.872769826015370199e+04
1.358333333333333215e+01,3.872768731907775509e+04
1.360416666666666607e+01,3.872767625389757450e+04
1.362500000000000000e+01,3.872766507106030622e+04
1.364583333333333215e+01,3.872765377708052256e+04
1.366666666666666607e+01,3.872764237853530358e+04
1.368750000000000000e+01,3.872763088206048269e+04
1.370833333333333215e+01,3.872761929434526974e+04
1.372916666666666607e+01,3.872760762212856935e+04
1.375000000000000000e+01,3.872759587219388777e+04
1.377083333333333215e+01,3.872758405136507645e+04
1.379166666666666607e+01,3.872757216650159535e+04
1.381250000000000000e+01,3.872756022449416196e+04
1.383333333333333215e+01,3.872754823226034932e+04
1.385416666666666607e+01,3.872753619673991489e+04
1.387500000000000000e+01,3.872752412489002018e+04
1.389583333333333215e+01,3.872751202368136001e+04
1.391666666666666607e+01,3.872749990009305475e+04
1.393750000000000000e+01,3.872748776110851759e+04
1.395833333333333215e+01,3.872747561371058691e+04
1.397916666666666607e+01,3.872746346487705159e+04
1.400000000000000000e+01,3.872745132157619082e+04
1.402083333333333215e+01,3.872743919076241582e+04
1.404166666666666607e+01,3.872742707937112573e+04
1.406250000000000000e+01,3.872741499431451666e+04
1.408333333333333215e+01,3.872740294247719430e+04
1.410416666666666607e+01,3.872739093071139359e+04
1.412500000000000000e+01,3.872737896583252586e+04
1.414583333333333215e+01,3.872736705461485690e+04
1.416666666666666607e+01,3.872735520378700312e+04
1.418750000000000000e+01,3.872734342002735502e+04
1.420833333333333215e+01,3.872733170996012632e+04
1.422916666666666607e+01,3.872732008015095926e+04
1.425000000000000000e+01,3.872730853710218071e+04
1.427083333333333215e+01,3.872729708724933153e+04
1.429166666666666607e+01,3.872728573695648083e+04
1.431250000000000000e+01,3.872727449251236976e+04
1.433333333333333215e+01,3.872726336012608226e+04
1.435416666666666607e+01,3.872725234592343622e+04
1.437500000000000000e+01,3.872724145594265428e+04
1.439583333333333215e+01,3.872723069613055122e+04
1.441666666666666607e+01,3.872722007233876502e+04
1.443750000000000000e+01,3.872720959031982784e+04
1.445833333333333215e+01,3.872719925572370266e+04
1.447916666666666607e+01,3.872718907409370149e+04
1.450000000000000000e+01,3.872717905086330575e+04
1.452083333333333215e+01,3.872716919135228090e+04
1.454166666666666607e+01,3.872715950076358422e+04
1.456250000000000000e+01,3.872714998417964671e+04
1.458333333333333215e+01,3.872714064655940456e+04
1.460416666666666607e+01,3.872713149273483577e+04
1.462500000000000000e+01,3.872712252740802796e+04
1.464583333333333215e+01,3.872711375514799875e+04
1.466666666666666607e+01,3.872710518038799637e+04
1.468750000000000000e+01,3.872709680742224737e+04
1.470833333333333215e+01,3.872708864040378103e+04
1.472916666666666607e+01,3.872708068334103154e+04
1.475000000000000000e+01,3.872707294009614998e+04
1.477083333333333215e+01,3.872706541438165732e+04
1.479166666666666607e+01,3.872705810975880740e+04
1.481250000000000000e+01,3.872705102963477111e+04
1.483333333333333215e+01,3.872704417726083193e+04
1.485416666666666607e+01,3.872703755573023227e+04
1.487500000000000000e+01,3.872703116797621624e+04
1.489583333333333215e+01,3.872702501677004329e+04
1.491666666666666607e+01,3.872701910471944575e+04
1.493750000000000000e+01,3.872701343426698440e+04
1.495833333333333215e+01,3.872700800768836052e+04
1.497916666666666607e+01,3.872700282709136081e+04
1.500000000000000000e+01,3.872699789441422035e+04
1.502083333333333215e+01,3.872699321142463305e+04
1.504166666666666607e+01,3.872698877971858747e+04
1.506250000000000000e+01,3.872698460071953014e+04
1.508333333333333215e+01,3.872698067567769613e+04
1.510416666666666607e+01,3.872697700566916319e+04
1.512500000000000000e+01,3.872697359159525513e+04
1.514583333333333215e+01,3.872697043418246176e+04
1.516666666666666607e+01,3.872696753398140572e+04
1.518750000000000000e+01,3.872696489136760647e+04
1.520833333333333215e+01,3.872696250654053438e+04
1.522916666666666607e+01,3.872696037952403276e+04
1.525000000000000000e+01,3.872695851016631786e+04
1.527083333333333215e+01,3.872695689814049547e+04
1.529166666666666607e+01,3.872695554294462636e+04
1.531250000000000000e+01,3.872695444390258490e+04
1.533333333333333215e+01,3.872695360016448103e+04
1.535416666666666607e+01,3.872695301070725691e+04
1.537500000000000000e+01,3.872695267433594563e+04
1.539583333333333215e+01,3.872695258968455164e+04
1.541666666666666607e+01,3.872695275521709846e+04
1.543750000000000000e+01,3.872695316922877828e+04
1.545833333333333215e+01,3.872695382984750904e+04
1.547916666666666607e+01,3.872695473503539688e+04
1.550000000000000000e+01,3.872695588259013311e+04
1.552083333333333215e+01,3.872695727014708245e+04
1.554166666666666607e+01,3.872695889518054901e+04
1.556250000000000000e+01,3.872696075500633015e+04
1.558333333333333215e+01,3.872696284678344091e+04
1.560416666666666607e+01,3.872696516751614399e+04
1.562500000000000000e+01,3.872696771405667823e+04
1.564583333333333215e+01,3.872697048310724495e+04
1.566666666666666607e+01,3.872697347122272186e+04
1.568750000000000000e+01,3.872697667481309327e+04
1.570833333333333215e+01,3.872698009014633135e+04
1.572916666666666607e+01,3.872698371335126285e+04
1.575000000000000000e+01,3.872698754042002838e+04
1.577083333333333215e+01,3.872699156721171312e+04
1.579166666666666607e+01,3.872699578945502435e+04
1.581250000000000000e+01,3.872700020275165298e+04
1.583333333333333215e+01,3.872700480257962045e+04
1.585416666666666607e+01,3.872700958429663297e+04
1.587500000000000000e+01,3.872701454314316652e+04
1.589583333333333215e+01,3.872701967424692702e+04
1.591666666666666607e+01,3.872702497262560064e+04
1.593750000000000000e+01,3.872703043319097924e+04
1.595833333333333215e+01,3.872703605075299129e+04
1.597916666666666607e+01,3.872704182002311427e+04
1.600000000000000000e+01,3.872704773561864567e+04
1.602083333333333215e+01,3.872705379206677026e+04
1.604166666666666430e+01,3.872705998380835808e+04
1.606250000000000000e+01,3.872706630520257022e+04
1.608333333333333215e+01,3.872707275053080230e+04
1.610416666666666430e+01,3.872707931400110829e+04
1.612500000000000000e+01,3.872708598975231143e+04
1.614583333333333215e+01,3.872709277185900282e+04
1.616666666666666430e+01,3.872709965433539037e+04
1.618750000000000000e+01,3.872710663114015188e+04
1.620833333333333215e+01,3.872711369618076424e+04
1.622916666666666430e+01,3.872712084331863298e+04
1.625000000000000000e+01,3.872712806637312315e+04
1.627083333333333215e+01,3.872713535912647785e+04
1.629166666666666430e+01,3.872714271532881685e+04
1.631250000000000000e+01,3.872715012870238570e+04
1.633333333333333215e+01,3.872715759294679447e+04
1.635416666666666430e+01,3.872716510174365976e+04
1.637500000000000000e+01,3.872717264876139961e+04
1.639583333333333215e+01,3.872718022765978094e+04
1.641666666666666430e+01,3.872718783209565299e+04
1.643750000000000000e+01,3.872719545572676725e+04
1.645833333333333215e+01,3.872720309221732168e+04
1.647916666666666430e+01,3.872721073524248641e+04
1.650000000000000000e+01,3.872721837849361327e+04
1.652083333333333215e+01,3.872722601568263053e+04
1.654166666666666430e+01,3.872723364054703416e+04
1.656250000000000000e+01,3.872724124685504648e+04
1.658333333333333215e+01,3.872724882840971986e+04
1.660416666666666430e+01,3.872725637905432814e+04
1.662500000000000000e+01,3.872726389267647755e+04
1.664583333333333215e+01,3.872727136321301805e+04
1.666666666666666430e+01,3.872727878465483082e+04
1.668750000000000000e+01,3.872728615105064819e+04
1.670833333333333215e+01,3.872729345651230688e+04
1.672916666666666430e+01,3.872730069521842961e+04
1.675000000000000000e+01,3.872730786141858698e+04
1.677083333333333215e+01,3.872731494943810685e+04
1.679166666666666430e+01,3.872732195368125394e+04
1.681250000000000000e+01,3.872732886863538442e+04
1.683333333333333215e+01,3.872733568887445290e+04
1.685416666666666430e+01,3.872734240906281048e+04
1.687500000000000000e+01,3.872734902395820245e+04
1.689583333333333215e+01,3.872735552841489698e+04
1.691666666666666430e+01,3.872736191738657362e+04
1.693750000000000000e+01,3.872736818592913187e+04
1.695833333333333215e+01,3.872737432920311403e+04
1.697916666666666430e+01,3.872738034247558244e+04
1.700000000000000000e+01,3.872738622112228768e+04
1.702083333333333215e+01,3.872739196062940027e+04
1.704166666666666430e+01,3.872739755659502407e+04
1.706250000000000000e+01,3.872740300473009847e+04
1.708333333333333215e+01,3.872740830085960624e+04
1.710416666666666430e+01,3.872741344092336658e+04
1.712500000000000000e+01,3.872741842097668268e+04
1.714583333333333215e+01,3.872742323719054548e+04
1.716666666666666430e+01,3.872742788585247763e+04
1.718750000000000000e+01,3.872743236336661357e+04
1.720833333333333215e+01,3.872743666625423793e+04
1.722916666666666430e+01,3.872744079115403292e+04
1.725000000000000000e+01,3.872744473482288595e+04
1.727083333333333215e+01,3.872744849413695920e+04
1.729166666666666430e+01,3.872745206609235902e+04
1.731250000000000000e+01,3.872745544780745695e+04
1.733333333333333215e+01,3.872745863652423577e+04
1.735416666666666430e+01,3.872746162961092341e+04
1.737500000000000000e+01,3.872746442456542718e+04
1.739583333333333215e+01,3.872746701901868801e+04
1.741666666666666430e+01,3.872746941073898051e+04
1.743750000000000000e+01,3.872747159763640957e+04
1.745833333333333215e+01,3.872747357776847639e+04
1.747916666666666430e+01,3.872747534934563009e+04
1.750000000000000000e+01,3.872747691073704482e+04
1.752083333333333215e+01,3.872747826047720446e+04
1.754166666666666430e+01,3.872747939727189805e+04
1.756250000000000000e+01,3.872748032000434614e+04
1.758333333333333215e+01,3.872748102774121799e+04
1.760416666666666430e+01,3.872748151973825588e+04
1.762500000000000000e+01,3.872748179544501909e+04
1.764583333333333215e+01,3.872748185450898018e+04
1.766666666666666430e+01,3.872748169677930855e+04
1.768750000000000000e+01,3.872748132230916963e+04
1.770833333333333215e+01,3.872748073135701998e+04
1.772916666666666430e+01,3.872747992438732035e+04
1.775000000000000000e+01,3.872747890207020100e+04
1.777083333333333215e+01,3.872747766527970089e+04
1.779166666666666430e+01,3.872747621509178862e+04
1.781250000000000000e+01,3.872747455278086272e+04
1.783333333333333215e+01,3.872747267981665937e+04
1.785416666666666430e+01,3.872747059785952297e+04
1.787500000000000000e+01,3.872746830875619344e+04
1.789583333333333215e+01,3.872746581453471299e+04
1.791666666666666430e+01,3.872746311739920202e+04
1.793750000000000000e+01,3.872746021972577728e+04
1.795833333333333215e+01,3.872745712405671657e+04
1.797916666666666430e+01,3.872745383309615863e+04
1.800000000000000000e+01,3.872745034970578854e+04
1.802083333333333215e+01,3.872744667689980270e+04
1.804166666666666430e+01,3.872744281784164923e+04
1.806250000000000000e+01,3.872743877583957510e+04
1.808333333333333215e+01,3.872743455434330099e+04
1.810416666666666430e+01,3.872743015694041969e+04
1.812500000000000000e+01,3.872742558735290368e+04
1.814583333333333215e+01,3.872742084943426744e+04
1.816666666666666430e+01,3.872741594716600230e+04
1.818750000000000000e+01,3.872741088465452049e+04
1.820833333333333215e+01,3.872740566612812836e+04
1.822916666666666430e+01,3.872740029593389772e+04
1.825000000000000000e+01,3.872739477853405697e+04
1.827083333333333215e+01,3.872738911850361183e+04
1.829166666666666430e+01,3.872738332052611077e+04
1.831250000000000000e+01,3.872737738939135306e+04
1.833333333333333215e+01,3.872737132999115420e+04
1.835416666666666430e+01,3.872736514731673378e+04
1.837500000000000000e+01,3.872735884645493934e+04
1.839583333333333215e+01,3.872735243258521950e+04
1.841666666666666430e+01,3.872734591097591328e+04
1.843750000000000000e+01,3.872733928698113596e+04
1.845833333333333215e+01,3.872733256603684276e+04
1.847916666666666430e+01,3.872732575365814409e+04
1.850000000000000000e+01,3.872731885543523094e+04
1.852083333333333215e+01,3.872731187703012256e+04
1.854166666666666430e+01,3.872730482417285384e+04
1.856250000000000000e+01,3.872729770265814295e+04
1.858333333333333215e+01,3.872729051834135316e+04
1.860416666666666430e+01,3.872728327713524050e+04
1.862500000000000000e+01,3.872727598500569729e+04
1.864583333333333215e+01,3.872726864796777227e+04
1.866666666666666430e+01,3.872726127208239632e+04
1.868750000000000000e+01,3.872725386345162406e+04
1.870833333333333215e+01,3.872724642821487214e+04
1.872916666666666430e+01,3.872723897254509211e+04
1.875000000000000000e+01,3.872723150264400465e+04
1.877083333333333215e+01,3.872722402473872353e+04
1.879166666666666430e+01,3.872721654507656785e+04
1.881250000000000000e+01,3.872720906992170057e+04
1.883333333333333215e+01,3.872720160555034818e+04
1.885416666666666430e+01,3.872719415824680618e+04
1.887500000000000000e+01,3.872718673429900082e+04
1.889583333333333215e+01,3.872717933999387606e+04
1.891666666666666430e+01,3.872717198161401029e+04
1.893750000000000000e+01,3.872716466543248680e+04
1.895833333333333215e+01,3.872715739770850632e+04
1.897916666666666430e+01,3.872715018468382186e+04
1.900000000000000000e+01,3.872714303257776191e+04
1.902083333333333215e+01,3.872713594758317049e+04
1.904166666666666430e+01,3.872712893586185965e+04
1.906250000000000000e+01,3.872712200354073138e+04
1.908333333333333215e+01,3.872711515670693188e+04
1.910416666666666430e+01,3.872710840140402433e+04
1.912500000000000000e+01,3.872710174362729595e+04
1.914583333333333215e+01,3.872709518931982166e+04
1.916666666666666430e+01,3.872708874436820042e+04
1.918750000000000000e+01,3.872708241459784767e+04
1.920833333333333215e+01,3.872707620576962654e+04
1.922916666666666430e+01,3.872707012357523490e+04
1.925000000000000000e+01,3.872706417363290529e+04
1.927083333333333215e+01,3.872705836148363596e+04
1.929166666666666430e+01,3.872705269258732005e+04
1.931250000000000000e+01,3.872704717231856193e+04
1.933333333333333215e+01,3.872704180596250080e+04
1.935416666666666430e+01,3.872703659871141281e+04
1.937500000000000000e+01,3.872703155566076748e+04
1.939583333333333215e+01,3.872702668180527689e+04
1.941666666666666430e+01,3.872702198203541775e+04
1.943750000000000000e+01,3.872701746113359695e+04
1.945833333333333215e+01,3.872701312377083377e+04
1.947916666666666430e+01,3.872700897450313641e+04
1.950000000000000000e+01,3.872700501776789315e+04
1.952083333333333215e+01,3.872700125788094738e+04
1.954166666666666430e+01,3.872699769903277047e+04
1.956250000000000000e+01,3.872699434528579150e+04
1.958333333333333215e+01,3.872699120057094115e+04
1.960416666666666430e+01,3.872698826868458127e+04
1.962500000000000000e+01,3.872698555328595103e+04
1.964583333333333215e+01,3.872698305789365259e+04
1.966666666666666430e+01,3.872698078588357748e+04
1.968750000000000000e+01,3.872697874048562517e+04
1.970833333333333215e+01,3.872697692478152749e+04
1.972916666666666430e+01,3.872697534170225845e+04
1.975000000000000000e+01,3.872697399402543670e+04
1.977083333333333215e+01,3.872697288437328825e+04
1.979166666666666430e+01,3.872697201521043462e+04
1.981250000000000000e+01,3.872697138884154992e+04
1.983333333333333215e+01,3.872697100740973110e+04
1.985416666666666430e+01,3.872697087289437331e+04
1.987500000000000000e+01,3.872697098710954742e+04
1.989583333333333215e+01,3.872697135170226829e+04
1.991666666666666430e+01,3.872697196815092320e+04
1.993750000000000000e+01,3.872697283776399127e+04
1.995833333333333215e+01,3.872697396167861007e+04
1.997916666666666430e+01,3.872697534085931693e+04
2.000000000000000000e+01,3.872697697609706665e+04
2.002083333333333215e+01,3.872697886800835113e+04
2.004166666666666430e+01,3.872698101703410066e+04
2.006250000000000000e+01,3.872698342343906552e+04
2.008333333333333215e+01,3.872698608731137938e+04
2.010416666666666430e+01,3.872698900856170803e+04
2.012500000000000000e+01,3.872699218692339491e+04
2.014583333333333215e+01,3.872699562195160252e+04
2.016666666666666430e+01,3.872699931302374898e+04
2.018750000000000000e+01,3.872700325933906424e+04
2.020833333333333215e+01,3.872700745991886652e+04
2.022916666666666430e+01,3.872701191360716621e+04
2.025000000000000000e+01,3.872701661907048401e+04
2.027083333333333215e+01,3.872702157479844755e+04
2.029166666666666430e+01,3.872702677910496277e+04
2.031250000000000000e+01,3.872703223012793023e+04
2.033333333333333215e+01,3.872703792583127506e+04
2.035416666666666430e+01,3.872704386400495423e+04
2.037500000000000000e+01,3.872705004226663004e+04
2.039583333333333215e+01,3.872705645806267421e+04
2.041666666666666430e+01,3.872706310866959393e+04
2.043750000000000000e+01,3.872706999119543616e+04
2.045833333333333215e+01,3.872707710258142470e+04
2.047916666666666430e+01,3.872708443960366276e+04
2.050000000000000000e+01,3.872709199887481373e+04
2.052083333333333215e+01,3.872709977684640762e+04
2.054166666666666430e+01,3.872710776981032541e+04
2.056250000000000000e+01,3.872711597390147654e+04
2.058333333333333215e+01,3.872712438510003994e+04
2.060416666666666430e+01,3.872713299923328304e+04
2.062500000000000000e+01,3.872714181197898870e+04
2.064583333333333215e+01,3.872715081886703410e+04
2.066666666666666430e+01,3.872716001528313063e+04
2.068750000000000000e+01,3.872716939647086110e+04
2.070833333333333215e+01,3.872717895753480116e+04
2.072916666666666430e+01,3.872718869344382256e+04
2.075000000000000000e+01,3.872719859903412726e+04
2.077083333333333215e+01,3.872720866901201953e+04
2.079166666666666430e+01,3.872721889795766765e+04
2.081250000000000000e+01,3.872722928032870550e+04
2.083333333333333215e+01,3.872723981046309200e+04
2.085416666666666430e+01,3.872725048258304741e+04
2.087500000000000000e+01,3.872726129079885868e+04
2.089583333333333215e+01,3.872727222911237914e+04
2.091666666666666430e+01,3.872728329142107395e+04
2.093750000000000000e+01,3.872729447152159264e+04
2.095833333333333215e+01,3.872730576311431651e+04
2.097916666666666430e+01,3.872731715980669105e+04
2.100000000000000000e+01,3.872732865511795535e+04
2.102083333333333215e+01,3.872734024248323112e+04
2.104166666666666430e+01,3.872735191525726259e+04
2.106250000000000000e+01,3.872736366671965516e+04
2.108333333333333215e+01,3.872737549007820780e+04
2.110416666666666430e+01,3.872738737847420271e+04
2.112500000000000000e+01,3.872739932498636335e+04
2.114583333333333215e+01,3.872741132263545296e+04
2.116666666666666430e+01,3.872742336438927305e+04
2.118750000000000000e+01,3.872743544316653424e+04
2.120833333333333215e+01,3.872744755184194219e+04
2.122916666666666430e+01,3.872745968325114518e+04
2.125000000000000000e+01,3.872747183019477961e+04
2.127083333333333215e+01,3.872748398544351221e+04
2.129166666666666430e+01,3.872749614174306771e+04
2.131250000000000000e+01,3.872750829181851441e+04
2.133333333333333215e+01,3.872752042837951012e+04
2.135416666666666430e+01,3.872753254412479146e+04
2.137500000000000000e+01,3.872754463174695411e+04
2.139583333333333215e+01,3.872755668393767701e+04
2.141666666666666430e+01,3.872756869339216792e+04
2.143750000000000000e+01,3.872758065281416202e+04
2.145833333333333215e+01,3.872759255492046941e+04
2.147916666666666430e+01,3.872760439244638110e+04
2.150000000000000000e+01,3.872761615814992547e+04
2.152083333333333215e+01,3.872762784481682320e+04
2.154166666666666430e+01,3.872763944526544219e+04
2.156250000000000000e+01,3.872765095235141780e+04
2.158333333333333215e+01,3.872766235897251318e+04
2.160416666666666430e+01,3.872767365807325405e+04
2.162500000000000000e+01,3.872768484264968720e+04
2.164583333333333215e+01,3.872769590575429902e+04
2.166666666666666430e+01,3.872770684050044656e+04
2.168750000000000000e+01,3.872771764006713056e+04
2.170833333333333215e+01,3.872772829770389217e+04
2.172916666666666430e+01,3.872773880673514213e+04
2.175000000000000000e+01,3.872774916056513757e+04
2.177083333333333215e+01,3.872775935268239118e+04
2.179166666666666430e+01,3.872776937666475715e+04
2.181250000000000000e+01,3.872777922618362209e+04
2.183333333333333215e+01,3.872778889500894729e+04
2.185416666666666430e+01,3.872779837701412180e+04
2.187500000000000000e+01,3.872780766618044436e+04
2.189583333333333215e+01,3.872781675660226028e+04
2.191666666666666430e+01,3.872782564249177813e+04
2.193750000000000000e+01,3.872783431818401732e+04
2.195833333333333215e+01,3.872784277814201778e+04
2.197916666666666430e+01,3.872785101696192578e+04
2.200000000000000000e+01,3.872785902937856736e+04
2.202083333333333215e+01,3.872786681027027225e+04
2.204166666666666430e+01,3.872787435466502211e+04
2.206250000000000000e+01,3.872788165774588560e+04
2.208333333333333215e+01,3.872788871485670825e+04
2.210416666666666430e+01,3.872789552150803502e+04
2.212500000000000000e+01,3.872790207338318578e+04
2.214583333333333215e+01,3.872790836634438892e+04
2.216666666666666430e+01,3.872791439643822378e+04
2.218750000000000000e+01,3.872792015990234358e+04
2.220833333333333215e+01,3.872792565317125263e+04
2.222916666666666430e+01,3.872793087288163952e+04
2.225000000000000000e+01,3.872793581587817607e+04
2.227083333333333215e+01,3.872794047921896708e+04
2.229166666666666430e+01,3.872794486017935560e+04
2.231250000000000000e+01,3.872794895625679055e+04
2.233333333333333215e+01,3.872795276517383172e+04
2.235416666666666430e+01,3.872795628488075454e+04
2.237500000000000000e+01,3.872795951355655416e+04
2.239583333333333215e+01,3.872796244961034245e+04
2.241666666666666430e+01,3.872796509167987824e+04
2.243750000000000000e+01,3.872796743862978474e+04
2.245833333333333215e+01,3.872796948954849358e+04
2.247916666666666430e+01,3.872797124374361010e+04
2.250000000000000000e+01,3.872797270073626714e+04
2.252083333333333215e+01,3.872797386025422747e+04
2.254166666666666430e+01,3.872797472222425131e+04
2.256250000000000000e+01,3.872797528676325601e+04
2.258333333333333215e+01,3.872797555416959221e+04
2.260416666666666430e+01,3.872797552491304668e+04
2.262500000000000000e+01,3.872797519962566003e+04
2.264583333333333215e+01,3.872797457909237710e+04
2.266666666666666430e+01,3.872797366424238135e+04
2.268750000000000000e+01,3.872797245614110579e+04
2.270833333333333215e+01,3.872797095598335000e+04
2.272916666666666430e+01,3.872796916508723370e+04
2.275000000000000000e+01,3.872796708489018783e+04
2.277083333333333215e+01,3.872796471694592037e+04
2.279166666666666430e+01,3.872796206292212446e+04
2.281250000000000000e+01,3.872795912460087857e+04
2.283333333333333215e+01,3.872795590387891571e+04
2.285416666666666430e+01,3.872795240276960976e+04
2.287500000000000000e+01,3.872794862340591499e+04
2.289583333333333215e+01,3.872794456804274523e+04
2.291666666666666430e+01,3.872794023906171788e+04
2.293750000000000000e+01,3.872793563897388958e+04
2.295833333333333215e+01,3.872793077042375808e+04
2.297916666666666430e+01,3.872792563619243447e+04
2.300000000000000000e+01,3.872792023920082283e+04
2.302083333333333215e+01,3.872791458251134463e+04
2.304166666666666430e+01,3.872790866933038342e+04
2.306250000000000000e+01,3.872790250300882326e+04
2.308333333333333215e+01,3.872789608704266720e+04
2.310416666666666430e+01,3.872788942507291358e+04
2.312500000000000000e+01,3.872788252088506852e+04
2.314583333333333215e+01,3.872787537840761070e+04
2.316666666666666430e+01,3.872786800171060895e+04
2.318750000000000000e+01,3.872786039500391053e+04
2.320833333333333215e+01,3.872785256263503834e+04
2.322916666666666430e+01,3.872784450908675353e+04
2.325000000000000000e+01,3.872783623897483631e+04
2.327083333333333215e+01,3.872782775704535015e+04
2.329166666666666430e+01,3.872781906817204435e+04
2.331250000000000000e+01,3.872781017735368368e+04
2.333333333333333215e+01,3.872780108971107984e+04
2.335416666666666430e+01,3.872779181048450118e+04
2.337500000000000000e+01,3.872778234503011481e+04
2.339583333333333215e+01,3.872777269881710527e+04
2.341666666666666430e+01,3.872776287742457498e+04
2.343750000000000000e+01,3.872775288653753523e+04
2.345833333333333215e+01,3.872774273194365378e+04
2.347916666666666430e+01,3.872773241952934040e+04
2.350000000000000000e+01,3.872772195527600707e+04
2.352083333333333215e+01,3.872771134525576053e+04
2.354166666666666430e+01,3.872770059562740062e+04
2.356250000000000000e+01,3.872768971263237472e+04
2.358333333333333215e+01,3.872767870259002666e+04
2.360416666666666430e+01,3.872766757189380587e+04
2.362500000000000000e+01,3.872765632700646529e+04
2.364583333333333215e+01,3.872764497445600136e+04
2.366666666666666430e+01,3.872763352083103382e+04
2.368750000000000000e+01,3.872762197277655650e+04
2.370833333333333215e+01,3.872761033698926622e+04
2.372916666666666430e+01,3.872759862021399022e+04
2.375000000000000000e+01,3.872758682923798915e+04
2.377083333333333215e+01,3.872757497088782839e+04
2.379166666666666430e+01,3.872756305202427757e+04
2.381250000000000000e+01,3.872755107953793049e+04
2.383333333333333215e+01,3.872753906034497049e+04
2.385416666666666430e+01,3.872752700138259388e+04
2.387500000000000000e+01,3.872751490960436786e+04
2.389583333333333215e+01,3.872750279197605414e+04
2.391666666666666430e+01,3.872749065547071950e+04
2.393750000000000000e+01,3.872747850706426107e+04
2.395833333333333215e+01,3.872746635373099707e+04
2.397916666666666430e+01,3.872745420243896660e+04
2.400000000000000000e+01,3.872744206014523661e+04
2.402083333333333215e+01,3.872742993379178370e+04
2.404166666666666430e+01,3.872741783030034276e+04
2.406250000000000000e+01,3.872740575656831061e+04
2.408333333333333215e+01,3.872739371946422034e+04
2.410416666666666430e+01,3.872738172582296102e+04
2.412500000000000000e+01,3.872736978244176862e+04
2.414583333333333215e+01,3.872735789607549668e+04
2.416666666666666430e+01,3.872734607343251992e+04
2.418750000000000000e+01,3.872733432116993936e+04
2.420833333333333215e+01,3.872732264588987164e+04
2.422916666666666430e+01,3.872731105413477781e+04
2.425000000000000000e+01,3.872729955238323600e+04
2.427083333333333215e+01,3.872728814704620163e+04
2.429166666666666430e+01,3.872727684446221247e+04
2.431250000000000000e+01,3.872726565089373617e+04
2.433333333333333215e+01,3.872725457252287015e+04
2.435416666666666430e+01,3.872724361544752173e+04
2.437500000000000000e+01,3.872723278567731904e+04
2.439583333333333215e+01,3.872722208912972565e+04
2.441666666666666430e+01,3.872721153162614064e+04
2.443750000000000000e+01,3.872720111888818064e+04
2.445833333333333215e+01,3.872719085653416550e+04
2.447916666666666430e+01,3.872718075007487641e+04
2.450000000000000000e+01,3.872717080491064553e+04
2.452083333333333215e+01,3.872716102632742695e+04
2.454166666666666430e+01,3.872715141949356621e+04
2.456250000000000000e+01,3.872714198945635871e+04
2.458333333333333215e+01,3.872713274113886291e+04
2.460416666666666430e+01,3.872712367933660425e+04
2.462500000000000000e+01,3.872711480871458480e+04
2.464583333333333215e+01,3.872710613380437280e+04
2.466666666666666430e+01,3.872709765900075581e+04
2.468750000000000000e+01,3.872708938855956512e+04
2.470833333333333215e+01,3.872708132659409603e+04
2.472916666666666430e+01,3.872707347707338340e+04
2.475000000000000000e+01,3.872706584381898574e+04
2.477083333333333215e+01,3.872705843050274416e+04
2.479166666666666430e+01,3.872705124064447591e+04
2.481250000000000000e+01,3.872704427760950057e+04
2.483333333333333215e+01,3.872703754460685013e+04
2.485416666666666430e+01,3.872703104468691163e+04
2.487500000000000000e+01,3.872702478073970997e+04
2.489583333333333215e+01,3.872701875549276156e+04
2.491666666666666430e+01,3.872701297150971368e+04
2.493750000000000000e+01,3.872700743118846731e+04
2.495833333333333215e+01,3.872700213675985287e+04
2.497916666666666430e+01,3.872699709028611687e+04
2.500000000000000000e+01,3.872699229365989595e+04
2.502083333333333215e+01,3.872698774860269623e+04
2.504166666666666430e+01,3.872698345666417299e+04
2.506250000000000000e+01,3.872697941922073369e+04
2.508333333333333215e+01,3.872697563747561071e+04
2.510416666666666430e+01,3.872697211245740618e+04
2.512500000000000000e+01,3.872696884501974273e+04
2.514583333333333215e+01,3.872696583584083419e+04
2.516666666666666430e+01,3.872696308542334737e+04
2.518750000000000000e+01,3.872696059409394366e+04
2.520833333333333215e+01,3.872695836200325721e+04
2.522916666666666430e+01,3.872695638912603317e+04
2.525000000000000000e+01,3.872695467526125140e+04
2.527083333333333215e+01,3.872695322003234469e+04
2.529166666666666430e+01,3.872695202288765722e+04
2.531250000000000000e+01,3.872695108310097567e+04
2.533333333333333215e+01,3.872695039977218403e+04
2.535416666666666430e+01,3.872694997182807856e+04
2.537500000000000000e+01,3.872694979802300804e+04
2.539583333333333215e+01,3.872694987694035080e+04
2.541666666666666430e+01,3.872695020699320594e+04
2.543750000000000000e+01,3.872695078642597218e+04
2.545833333333333215e+01,3.872695161331538839e+04
2.547916666666666430e+01,3.872695268557243253e+04
2.550000000000000000e+01,3.872695400094352226e+04
2.552083333333333215e+01,3.872695555701253761e+04
2.554166666666666430e+01,3.872695735120249446e+04
2.556250000000000000e+01,3.872695938077762548e+04
2.558333333333333215e+01,3.872696164284538099e+04
2.560416666666666430e+01,3.872696413435852446e+04
2.562500000000000000e+01,3.872696685211754084e+04
2.564583333333333215e+01,3.872696979277304490e+04
2.566666666666666430e+01,3.872697295282832783e+04
2.568750000000000000e+01,3.872697632864167099e+04
2.570833333333333215e+01,3.872697991642932175e+04
2.572916666666666430e+01,3.872698371226851305e+04
2.575000000000000000e+01,3.872698771209989354e+04
2.577083333333333215e+01,3.872699191173086729e+04
2.579166666666666430e+01,3.872699630683867144e+04
2.581250000000000000e+01,3.872700089297350496e+04
2.583333333333333215e+01,3.872700566556202102e+04
2.585416666666666430e+01,3.872701061991055030e+04
2.587500000000000000e+01,3.872701575120848429e+04
2.589583333333333215e+01,3.872702105453219701e+04
2.591666666666666430e+01,3.872702652484838472e+04
2.593750000000000000e+01,3.872703215701808949e+04
2.595833333333333215e+01,3.872703794580008980e+04
2.597916666666666430e+01,3.872704388585528795e+04
2.600000000000000000e+01,3.872704997175048629e+04
2.602083333333333215e+01,3.872705619796217798e+04
2.604166666666666430e+01,3.872706255888117448e+04
2.606250000000000000e+01,3.872706904881638184e+04
2.608333333333333215e+01,3.872707566199904250e+04
2.610416666666666430e+01,3.872708239258744288e+04
2.612500000000000000e+01,3.872708923467065324e+04
2.614583333333333215e+01,3.872709618227380997e+04
2.616666666666666430e+01,3.872710322936149896e+04
2.618750000000000000e+01,3.872711036984327802e+04
2.620833333333333215e+01,3.872711759757775872e+04
2.622916666666666430e+01,3.872712490637708106e+04
2.625000000000000000e+01,3.872713229001223954e+04
2.627083333333333215e+01,3.872713974221675744e+04
2.629166666666666430e+01,3.872714725669250765e+04
2.631250000000000000e+01,3.872715482711362711e+04
2.633333333333333215e+01,3.872716244713179913e+04
2.635416666666666430e+01,3.872717011038081546e+04
2.637500000000000000e+01,3.872717781048149482e+04
2.639583333333333215e+01,3.872718554104658688e+04
2.641666666666666430e+01,3.872719329568552348e+04
2.643750000000000000e+01,3.872720106800951908e+04
2.645833333333333215e+01,3.872720885163605271e+04
2.647916666666666430e+01,3.872721664019398304e+04
2.650000000000000000e+01,3.872722442732866330e+04
2.652083333333333215e+01,3.872723220670635055e+04
2.654166666666666430e+01,3.872723997201941529e+04
2.656250000000000000e+01,3.872724771699086705e+04
2.658333333333333215e+01,3.872725543537942576e+04
2.660416666666666430e+01,3.872726312098429480e+04
2.662500000000000000e+01,3.872727076764965750e+04
2.664583333333333215e+01,3.872727836926951568e+04
2.666666666666666430e+01,3.872728591979260091e+04
2.668750000000000000e+01,3.872729341322639084e+04
2.670833333333333215e+01,3.872730084364210052e+04
2.672916666666666430e+01,3.872730820517880784e+04
2.675000000000000000e+01,3.872731549204812472e+04
2.677083333333333215e+01,3.872732269853807520e+04
2.679166666666666430e+01,3.872732981901746098e+04
2.681250000000000000e+01,3.872733684793965949e+04
2.683333333333333215e+01,3.872734377984661842e+04
2.685416666666666430e+01,3.872735060937267554e+04
2.687500000000000000e+01,3.872735733124797116e+04
2.689583333333333215e+01,3.872736394030142401e+04
2.691666666666666430e+01,3.872737043146454380e+04
2.693750000000000000e+01,3.872737679977400694e+04
2.695833333333333215e+01,3.872738304037435591e+04
2.697916666666666430e+01,3.872738914852054586e+04
2.700000000000000000e+01,3.872739511958010553e+04
2.702083333333333215e+01,3.872740094903520367e+04
2.704166666666666430e+01,3.872740663248412602e+04
2.706250000000000000e+01,3.872741216564295610e+04
2.708333333333333215e+01,3.872741754434644099e+04
2.710416666666666430e+01,3.872742276454922830e+04
2.712500000000000000e+01,3.872742782232623722e+04
2.714583333333333215e+01,3.872743271387313143e+04
2.716666666666666430e+01,3.872743743550674117e+04
2.718750000000000000e+01,3.872744198366494675e+04
2.720833333333333215e+01,3.872744635490671499e+04
2.722916666666666430e+01,3.872745054591239023e+04
2.725000000000000000e+01,3.872745455348309770e+04
2.727083333333333215e+01,3.872745837454117282e+04
2.729166666666666430e+01,3.872746200613044493e+04
2.731250000000000000e+01,3.872746544541665935e+04
2.733333333333333215e+01,3.872746868968824856e+04
2.735416666666666430e+01,3.872747173635780928e+04
2.737500000000000000e+01,3.872747458296367404e+04
2.739583333333333215e+01,3.872747722717235592e+04
2.741666666666666430e+01,3.872747966678180819e+04
2.743750000000000000e+01,3.872748189972423279e+04
2.745833333333333215e+01,3.872748392407110805e+04
2.747916666666666430e+01,3.872748573803758336e+04
2.750000000000000000e+01,3.872748733998814714e+04
2.752083333333333215e+01,3.872748872844224388e+04
2.754166666666666430e+01,3.872748990208085888e+04
2.756250000000000000e+01,3.872749085975264461e+04
2.758333333333333215e+01,3.872749160048077465e+04
2.760416666666666430e+01,3.872749212346926652e+04
2.762500000000000000e+01,3.872749242810943542e+04
2.764583333333333215e+01,3.872749251398515480e+04
2.766666666666666430e+01,3.872749238087828417e+04
2.768750000000000000e+01,3.872749202877282369e+04
2.770833333333333215e+01,3.872749145785828296e+04
2.772916666666666430e+01,3.872749066853211843e+04
2.775000000000000000e+01,3.872748966140071570e+04
2.777083333333333215e+01,3.872748843727952772e+04
2.779166666666666430e+01,3.872748699719240540e+04
2.781250000000000000e+01,3.872748534236950218e+04
2.783333333333333215e+01,3.872748347424398526e+04
2.785416666666666430e+01,3.872748139444860863e+04
2.787500000000000000e+01,3.872747910481123108e+04
2.789583333333333215e+01,3.872747660734990495e+04
2.791666666666666430e+01,3.872747390426741913e+04
2.793750000000000000e+01,3.872747099794558744e+04
2.795833333333333215e+01,3.872746789094009728e+04
2.797916666666666430e+01,3.872746458597479796e+04
2.800000000000000000e+01,3.872746108593588724e+04
2.802083333333333215e+01,3.872745739386720379e+04
2.804166666666666430e+01,3.872745351296518493e+04
2.806250000000000000e+01,3.872744944657404994e+04
2.808333333333333215e+01,3.872744519818176195e+04
2.810416666666666430e+01,3.872744077141545858e+04
2.812500000000000000e+01,3.872743617003840336e+04
2.814583333333333215e+01,3.872743139794560557e+04
2.816666666666666430e+01,3.872742645916072070e+04
2.818750000000000000e+01,3.872742135783277627e+04
2.820833333333333215e+01,3.872741609823248291e+04
2.822916666666666430e+01,3.872741068474967324e+04
2.825000000000000000e+01,3.872740512188934372e+04
2.827083333333333215e+01,3.872739941426875885e+04
2.829166666666666430e+01,3.872739356661414058e+04
2.831250000000000000e+01,3.872738758375717589e+04
2.833333333333333215e+01,3.872738147063186625e+04
2.835416666666666430e+01,3.872737523227089696e+04
2.837500000000000000e+01,3.872736887380245753e+04
2.839583333333333215e+01,3.872736240044643637e+04
2.841666666666666430e+01,3.872735581751152495e+04
2.843750000000000000e+01,3.872734913039096864e+04
2.845833333333333215e+01,3.872734234455974365e+04
2.847916666666666430e+01,3.872733546557091177e+04
2.850000000000000000e+01,3.872732849905193871e+04
2.852083333333333215e+01,3.872732145070107799e+04
2.854166666666666430e+01,3.872731432628428593e+04
2.856250000000000000e+01,3.872730713163120527e+04
2.858333333333333215e+01,3.872729987263161456e+04
2.860416666666666430e+01,3.872729255523185566e+04
2.862500000000000000e+01,3.872728518543089012e+04
2.864583333333333215e+01,3.872727776927666855e+04
2.866666666666666430e+01,3.872727031286215060e+04
2.868750000000000000e+01,3.872726282232141966e+04
2.870833333333333215e+01,3.872725530382531724e+04
2.872916666666666430e+01,3.872724776357806695e+04
2.875000000000000000e+01,3.872724020781253057e+04
2.877083333333333215e+01,3.872723264278626448e+04
2.879166666666666430e+01,3.872722507477735053e+04
2.881250000000000000e+01,3.872721751008016145e+04
2.883333333333333215e+01,3.872720995500094432e+04
2.885416666666666430e+01,3.872720241585380427e+04
2.887500000000000000e+01,3.872719489895606239e+04
2.889583333333333215e+01,3.872718741062434128e+04
2.891666666666666430e+01,3.872717995717006852e+04
2.893750000000000000e+01,3.872717254489516199e+04
2.895833333333333215e+01,3.872716518008772982e+04
2.897916666666666430e+01,3.872715786901764659e+04
2.900000000000000000e+01,3.872715061793262430e+04
2.902083333333333215e+01,3.872714343305341754e+04
2.904166666666666430e+01,3.872713632056986535e+04
2.906250000000000000e+01,3.872712928663646744e+04
2.908333333333333215e+01,3.872712233736818598e+04
2.910416666666666430e+01,3.872711547883578169e+04
2.912500000000000000e+01,3.872710871706200123e+04
2.914583333333333215e+01,3.872710205801714619e+04
2.916666666666666430e+01,3.872709550761497667e+04
2.918750000000000000e+01,3.872708907170800376e+04
2.920833333333333215e+01,3.872708275608399708e+04
2.922916666666666430e+01,3.872707656646132818e+04
2.925000000000000000e+01,3.872707050848501967e+04
2.927083333333333215e+01,3.872706458772283077e+04
2.929166666666666430e+01,3.872705880966105178e+04
2.931250000000000000e+01,3.872705317970064789e+04
2.933333333333333215e+01,3.872704770315298811e+04
2.935416666666666430e+01,3.872704238523645472e+04
2.937500000000000000e+01,3.872703723107260157e+04
2.939583333333333215e+01,3.872703224568185396e+04
2.941666666666666430e+01,3.872702743398056191e+04
2.943750000000000000e+01,3.872702280077665637e+04
2.945833333333333215e+01,3.872701835076683346e+04
2.947916666666666430e+01,3.872701408853212342e+04
2.950000000000000000e+01,3.872701001853551134e+04
2.952083333333333215e+01,3.872700614511776075e+04
2.954166666666666430e+01,3.872700247249447420e+04
2.956250000000000000e+01,3.872699900475288450e+04
2.958333333333333215e+01,3.872699574584869697e+04
2.960416666666666430e+01,3.872699269960300444e+04
2.962500000000000000e+01,3.872698986969930411e+04
2.964583333333333215e+01,3.872698725968087092e+04
2.966666666666666430e+01,3.872698487294768711e+04
2.968750000000000000e+01,3.872698271275383740e+04
2.970833333333333215e+01,3.872698078220507159e+04
2.972916666666666430e+01,3.872697908425593778e+04
2.975000000000000000e+01,3.872697762170802889e+04
2.977083333333333215e+01,3.872697639720704319e+04
2.979166666666666430e+01,3.872697541324084159e+04
2.981250000000000000e+01,3.872697467213743221e+04
2.983333333333333215e+01,3.872697417606298404e+04
2.985416666666666430e+01,3.872697392701974604e+04
2.987500000000000000e+01,3.872697392684463557e+04
2.989583333333333215e+01,3.872697417720709927e+04
2.991666666666666430e+01,3.872697467960817448e+04
2.993750000000000000e+01,3.872697543537851743e+04
2.995833333333333215e+01,3.872697644567727548e+04
2.997916666666666430e+01,3.872697771149101754e+04
3.000000000000000000e+01,3.872697923363254085e+04
3.002083333333333215e+01,3.872698101273965585e+04
3.004166666666666430e+01,3.872698304927489517e+04
3.006250000000000000e+01,3.872698534352429124e+04
3.008333333333333215e+01,3.872698789559685974e+04
3.010416666666666430e+01,3.872699070542444679e+04
3.012500000000000000e+01,3.872699377276070300e+04
3.014583333333333215e+01,3.872699709718149097e+04
3.016666666666666430e+01,3.872700067808441963e+04
3.018750000000000000e+01,3.872700451468886604e+04
3.020833333333333215e+01,3.872700860603625915e+04
3.022916666666666430e+01,3.872701295098999253e+04
3.025000000000000000e+01,3.872701754823625379e+04
3.027083333333333215e+01,3.872702239628401730e+04
3.029166666666666430e+01,3.872702749346596102e+04
3.031250000000000000e+01,3.872703283793934679e+04
3.033333333333333215e+01,3.872703842768636969e+04
3.035416666666666430e+01,3.872704426051568589e+04
3.037500000000000000e+01,3.872705033406307484e+04
3.039583333333333215e+01,3.872705664579296717e+04
3.041666666666666430e+01,3.872706319299957977e+04
3.043750000000000000e+01,3.872706997280868381e+04
3.045833333333333215e+01,3.872707698217870347e+04
3.047916666666666430e+01,3.872708421790278226e+04
3.050000000000000000e+01,3.872709167661076935e+04
3.052083333333333215e+01,3.872709935477044928e+04
3.054166666666666430e+01,3.872710724869040132e+04
3.056250000000000000e+01,3.872711535452161479e+04
3.058333333333333215e+01,3.872712366826006473e+04
3.060416666666666430e+01,3.872713218574893108e+04
3.062500000000000000e+01,3.872714090268105065e+04
3.064583333333333215e+01,3.872714981460190029e+04
3.066666666666666430e+01,3.872715891691183060e+04
3.068750000000000000e+01,3.872716820486905635e+04
3.070833333333333215e+01,3.872717767359271238e+04
3.072916666666666430e+01,3.872718731806580035e+04
3.075000000000000000e+01,3.872719713313819375e+04
3.077083333333333215e+01,3.872720711352999933e+04
3.079166666666666430e+01,3.872721725383468583e+04
3.081250000000000000e+01,3.872722754852294747e+04
3.083333333333333215e+01,3.872723799194532330e+04
3.085416666666666430e+01,3.872724857833684655e+04
3.087500000000000000e+01,3.872725930181990407e+04
3.089583333333333215e+01,3.872727015640828904e+04
3.091666666666666430e+01,3.872728113601112273e+04
3.093750000000000000e+01,3.872729223443649244e+04
3.095833333333333215e+01,3.872730344539565704e+04
3.097916666666666430e+01,3.872731476250710693e+04
3.100000000000000000e+01,3.872732617930048582e+04
3.102083333333333215e+01,3.872733768922105810e+04
3.104166666666666430e+01,3.872734928563355788e+04
3.106250000000000000e+01,3.872736096182702750e+04
3.108333333333333215e+01,3.872737271101874649e+04
3.110416666666666430e+01,3.872738452635883004e+04
3.112500000000000000e+01,3.872739640093479829e+04
3.114583333333333215e+01,3.872740832777580363e+04
3.116666666666666430e+01,3.872742029985760018e+04
3.118750000000000000e+01,3.872743231010666932e+04
3.120833333333333215e+01,3.872744435140545102e+04
3.122916666666666430e+01,3.872745641659623652e+04
3.125000000000000000e+01,3.872746849848674901e+04
3.127083333333333215e+01,3.872748058985424723e+04
3.129166666666666430e+01,3.872749268345058226e+04
3.131250000000000000e+01,3.872750477200674504e+04
3.133333333333333215e+01,3.872751684823799587e+04
3.135416666666666430e+01,3.872752890484831732e+04
3.137500000000000000e+01,3.872754093453536188e+04
3.139583333333333215e+01,3.872755292999569065e+04
3.141666666666666430e+01,3.872756488392860047e+04
3.143750000000000000e+01,3.872757678904219938e+04
3.145833333333333215e+01,3.872758863805729925e+04
3.147916666666666430e+01,3.872760042371270538e+04
3.150000000000000000e+01,3.872761213876997499e+04
3.152083333333333215e+01,3.872762377601784829e+04
3.154166666666666430e+01,3.872763532827789459e+04
3.156250000000000000e+01,3.872764678840843408e+04
3.158333333333333215e+01,3.872765814930991473e+04
3.160416666666666430e+01,3.872766940392947436e+04
3.162500000000000000e+01,3.872768054526553169e+04
3.164583333333333215e+01,3.872769156637295964e+04
3.166666666666666430e+01,3.872770246036737808e+04
3.168750000000000000e+01,3.872771322043037071e+04
3.170833333333333215e+01,3.872772383981374878e+04
3.172916666666666430e+01,3.872773431184462970e+04
3.175000000000000000e+01,3.872774462992995541e+04
3.177083333333333215e+01,3.872775478756128723e+04
3.179166666666666430e+01,3.872776477831966622e+04
3.181250000000000000e+01,3.872777459588026977e+04
3.183333333333333215e+01,3.872778423401723558e+04
3.185416666666666430e+01,3.872779368660870387e+04
3.187500000000000000e+01,3.872780294764129940e+04
3.189583333333333215e+01,3.872781201121534832e+04
3.191666666666666430e+01,3.872782087154989858e+04
3.193750000000000000e+01,3.872782952298779128e+04
3.195833333333333215e+01,3.872783796000065195e+04
3.197916666666666430e+01,3.872784617719431117e+04
3.200000000000000000e+01,3.872785416931410873e+04
3.202083333333332860e+01,3.872786193125061254e+04
3.204166666666666430e+01,3.872786945804447168e+04
3.206250000000000000e+01,3.872787674489279743e+04
3.208333333333332860e+01,3.872788378715465660e+04
3.210416666666666430e+01,3.872789058035661583e+04
3.212500000000000000e+01,3.872789712019900617e+04
3.214583333333332860e+01,3.872790340256138734e+04
3.216666666666666430e+01,3.872790942350862315e+04
3.218750000000000000e+01,3.872791517929659312e+04
3.220833333333332860e+01,3.872792066637757671e+04
3.222916666666666430e+01,3.872792588140567386e+04
3.225000000000000000e+01,3.872793082124202192e+04
3.227083333333332860e+01,3.872793548295911023e+04
3.229166666666666430e+01,3.872793986384493473e+04
3.231250000000000000e+01,3.872794396140666504e+04
3.233333333333332860e+01,3.872794777337291453e+04
3.235416666666666430e+01,3.872795129769608320e+04
3.237500000000000000e+01,3.872795453255288885e+04
3.239583333333332860e+01,3.872795747634451254e+04
3.241666666666666430e+01,3.872796012769519439e+04
3.243750000000000000e+01,3.872796248545008712e+04
3.245833333333332860e+01,3.872796454867139255e+04
3.247916666666666430e+01,3.872796631663420703e+04
3.250000000000000000e+01,3.872796778882093349e+04
3.252083333333332860e+01,3.872796896491404914e+04
3.254166666666666430e+01,3.872796984478944069e+04
3.256250000000000000e+01,3.872797042850821163e+04
3.258333333333332860e+01,3.872797071630821301e+04
3.260416666666666430e+01,3.872797070859562518e+04
3.262500000000000000e+01,3.872797040593661950e+04
3.264583333333332860e+01,3.872796980904901284e+04
3.266666666666666430e+01,3.872796891879494069e+04
3.268750000000000000e+01,3.872796773617387953e+04
3.270833333333332860e+01,3.872796626231713890e+04
3.272916666666666430e+01,3.872796449848268094e+04
3.275000000000000000e+01,3.872796244605194079e+04
3.277083333333332860e+01,3.872796010652733094e+04
3.279166666666666430e+01,3.872795748153094610e+04
3.281250000000000000e+01,3.872795457280438131e+04
3.283333333333332860e+01,3.872795138220993977e+04
3.285416666666666430e+01,3.872794791173189878e+04
3.287500000000000000e+01,3.872794416347915103e+04
3.289583333333332860e+01,3.872794013968784566e+04
3.291666666666666430e+01,3.872793584272450971e+04
3.293750000000000000e+01,3.872793127508864563e+04
3.295833333333332860e+01,3.872792643941644928e+04
3.297916666666666430e+01,3.872792133848262165e+04
3.300000000000000000e+01,3.872791597520336654e+04
3.302083333333332860e+01,3.872791035263755475e+04
3.304166666666666430e+01,3.872790447398840479e+04
3.306250000000000000e+01,3.872789834260389034e+04
3.308333333333332860e+01,3.872789196197712590e+04
3.310416666666666430e+01,3.872788533574583562e+04
3.312500000000000000e+01,3.872787846769174939e+04
3.314583333333332860e+01,3.872787136173908220e+04
3.316666666666666430e+01,3.872786402195326082e+04
3.318750000000000000e+01,3.872785645253911935e+04
3.320833333333332860e+01,3.872784865783854184e+04
3.322916666666666430e+01,3.872784064232867240e+04
3.325000000000000000e+01,3.872783241061894660e+04
3.327083333333332860e+01,3.872782396744913422e+04
3.329166666666666430e+01,3.872781531768647255e+04
3.331250000000000000e+01,3.872780646632297430e+04
3.333333333333332860e+01,3.872779741847248806e+04
3.335416666666666430e+01,3.872778817936799169e+04
3.337500000000000000e+01,3.872777875435817259e+04
3.339583333333332860e+01,3.872776914890469925e+04
3.341666666666666430e+01,3.872775936857831402e+04
3.343750000000000000e+01,3.872774941905560263e+04
3.345833333333332860e+01,3.872773930611558899e+04
3.347916666666666430e+01,3.872772903563548607e+04
3.350000000000000000e+01,3.872771861358707247e+04
3.352083333333332860e+01,3.872770804603266879e+04
3.354166666666666430e+01,3.872769733912115771e+04
3.356250000000000000e+01,3.872768649908338557e+04
3.358333333333332860e+01,3.872767553222831339e+04
3.360416666666666430e+01,3.872766444493860035e+04
3.362500000000000000e+01,3.872765324366645655e+04
3.364583333333332860e+01,3.872764193492892082e+04
3.366666666666666430e+01,3.872763052530394634e+04
3.368750000000000000e+01,3.872761902142554754e+04
3.370833333333332860e+01,3.872760742998011119e+04
3.372916666666666430e+01,3.872759575770141237e+04
3.375000000000000000e+01,3.872758401136641623e+04
3.377083333333332860e+01,3.872757219779110892e+04
3.379166666666666430e+01,3.872756032382570993e+04
3.381250000000000000e+01,3.872754839635044482e+04
3.383333333333332860e+01,3.872753642227125238e+04
3.385416666666666430e+01,3.872752440851482970e+04
3.387500000000000000e+01,3.872751236202464497e+04
3.389583333333332860e+01,3.872750028975601890e+04
3.391666666666666430e+01,3.872748819867189741e+04
3.393750000000000000e+01,3.872747609573792579e+04
3.395833333333332860e+01,3.872746398791835963e+04
3.397916666666666430e+01,3.872745188217102987e+04
3.400000000000000000e+01,3.872743978544307902e+04
3.402083333333332860e+01,3.872742770466642105e+04
3.404166666666666430e+01,3.872741564675287373e+04
3.406250000000000000e+01,3.872740361859014956e+04
3.408333333333332860e+01,3.872739162703702459e+04
3.410416666666666430e+01,3.872737967891895823e+04
3.412500000000000000e+01,3.872736778102356766e+04
3.414583333333332860e+01,3.872735594009637862e+04
3.416666666666666430e+01,3.872734416283653263e+04
3.418750000000000000e+01,3.872733245589220314e+04
3.420833333333332860e+01,3.872732082585609169e+04
3.422916666666666430e+01,3.872730927926208096e+04
3.425000000000000000e+01,3.872729782257985789e+04
3.427083333333332860e+01,3.872728646221159579e+04
3.429166666666666430e+01,3.872727520448724681e+04
3.431250000000000000e+01,3.872726405566077301e+04
3.433333333333332860e+01,3.872725302190579532e+04
3.435416666666666430e+01,3.872724210931195557e+04
3.437500000000000000e+01,3.872723132388054364e+04
3.439583333333332860e+01,3.872722067152085219e+04
3.441666666666666430e+01,3.872721015804637864e+04
3.443750000000000000e+01,3.872719978917070694e+04
3.445833333333332860e+01,3.872718957050421886e+04
3.447916666666666430e+01,3.872717950755011407e+04
3.450000000000000000e+01,3.872716960570095398e+04
3.452083333333332860e+01,3.872715987023519847e+04
3.454166666666666430e+01,3.872715030631386617e+04
3.456250000000000000e+01,3.872714091897678736e+04
3.458333333333332860e+01,3.872713171313990460e+04
3.460416666666666430e+01,3.872712269359173661e+04
3.462500000000000000e+01,3.872711386499019864e+04
3.464583333333332860e+01,3.872710523185993225e+04
3.466666666666666430e+01,3.872709679858903110e+04
3.468750000000000000e+01,3.872708856942651619e+04
3.470833333333332860e+01,3.872708054847938183e+04
3.472916666666666430e+01,3.872707273970989627e+04
3.475000000000000000e+01,3.872706514693348436e+04
3.477083333333332860e+01,3.872705777381552616e+04
3.479166666666666430e+01,3.872705062386969075e+04
3.481250000000000000e+01,3.872704370045536780e+04
3.483333333333332860e+01,3.872703700677551387e+04
3.485416666666666430e+01,3.872703054587470979e+04
3.487500000000000000e+01,3.872702432063705055e+04
3.489583333333332860e+01,3.872701833378465381e+04
3.491666666666666430e+01,3.872701258787537517e+04
3.493750000000000000e+01,3.872700708530176053e+04
3.495833333333332860e+01,3.872700182828932884e+04
3.497916666666666430e+01,3.872699681889509520e+04
3.500000000000000000e+01,3.872699205900645029e+04
3.502083333333332860e+01,3.872698755033971975e+04
3.504166666666666430e+01,3.872698329443990224e+04
3.506250000000000000e+01,3.872697929267858854e+04
3.508333333333332860e+01,3.872697554625407065e+04
3.510416666666666430e+01,3.872697205619027955e+04
3.512500000000000000e+01,3.872696882333641406e+04
3.514583333333332860e+01,3.872696584836624970e+04
3.516666666666666430e+01,3.872696313177817501e+04
3.518750000000000000e+01,3.872696067389441305e+04
3.520833333333332860e+01,3.872695847486164712e+04
3.522916666666666430e+01,3.872695653465052601e+04
3.525000000000000000e+01,3.872695485305600596e+04
3.527083333333332860e+01,3.872695342969773628e+04
3.529166666666666430e+01,3.872695226402032131e+04
3.531250000000000000e+01,3.872695135529388790e+04
3.533333333333332860e+01,3.872695070261477667e+04
3.535416666666666430e+01,3.872695030490625504e+04
3.537500000000000000e+01,3.872695016091948492e+04
3.539583333333332860e+01,3.872695026923443220e+04
3.541666666666666430e+01,3.872695062826119101e+04
3.543750000000000000e+01,3.872695123624092957e+04
3.545833333333332860e+01,3.872695209124746179e+04
3.547916666666666430e+01,3.872695319118892803e+04
3.550000000000000000e+01,3.872695453380907566e+04
3.552083333333332860e+01,3.872695611668884521e+04
3.554166666666666430e+01,3.872695793724897521e+04
3.556250000000000000e+01,3.872695999275099166e+04
3.558333333333332860e+01,3.872696228030003840e+04
3.560416666666666430e+01,3.872696479684664519e+04
3.562500000000000000e+01,3.872696753918896866e+04
3.564583333333332860e+01,3.872697050397550629e+04
3.566666666666666430e+01,3.872697368770757748e+04
3.568750000000000000e+01,3.872697708674141904e+04
3.570833333333332860e+01,3.872698069729177223e+04
3.572916666666666430e+01,3.872698451543386182e+04
3.575000000000000000e+01,3.872698853710661933e+04
3.577083333333332860e+01,3.872699275811601547e+04
3.579166666666666430e+01,3.872699717413776671e+04
3.581250000000000000e+01,3.872700178072076960e+04
3.583333333333332860e+01,3.872700657329029491e+04
3.585416666666666430e+01,3.872701154715142184e+04
3.587500000000000000e+01,3.872701669749245775e+04
3.589583333333332860e+01,3.872702201938883081e+04
3.591666666666666430e+01,3.872702750780622591e+04
3.593750000000000000e+01,3.872703315760471014e+04
3.595833333333332860e+01,3.872703896354253084e+04
3.597916666666666430e+01,3.872704492027970264e+04
3.600000000000000000e+01,3.872705102238243853e+04
3.602083333333332860e+01,3.872705726432686060e+04
3.604166666666666430e+01,3.872706364050320553e+04
3.606250000000000000e+01,3.872707014522001555e+04
3.608333333333332860e+01,3.872707677270831482e+04
3.610416666666666430e+01,3.872708351712625154e+04
3.612500000000000000e+01,3.872709037256269949e+04
3.614583333333332860e+01,3.872709733304284600e+04
3.616666666666666430e+01,3.872710439253131335e+04
3.618750000000000000e+01,3.872711154493787035e+04
3.620833333333332860e+01,3.872711878412126680e+04
3.622916666666666430e+01,3.872712610389413749e+04
3.625000000000000000e+01,3.872713349802768062e+04
3.627083333333332860e+01,3.872714096025620529e+04
3.629166666666666430e+01,3.872714848428188998e+04
3.631250000000000000e+01,3.872715606377974473e+04
3.633333333333332860e+01,3.872716369240222411e+04
3.635416666666666430e+01,3.872717136378403666e+04
3.637500000000000000e+01,3.872717907154702698e+04
3.639583333333332860e+01,3.872718680930502160e+04
3.641666666666666430e+01,3.872719457066878385e+04
3.643750000000000000e+01,3.872720234925061959e+04
3.645833333333332860e+01,3.872721013866977592e+04
3.647916666666666430e+01,3.872721793255686498e+04
3.650000000000000000e+01,3.872722572455865884e+04
3.652083333333332860e+01,3.872723350834367011e+04
3.654166666666666430e+01,3.872724127760621195e+04
3.656250000000000000e+01,3.872724902607170225e+04
3.658333333333332860e+01,3.872725674750135659e+04
3.660416666666666430e+01,3.872726443569708499e+04
3.662500000000000000e+01,3.872727208450613398e+04
3.664583333333332860e+01,3.872727968782577955e+04
3.666666666666666430e+01,3.872728723960800562e+04
3.668750000000000000e+01,3.872729473386433529e+04
3.670833333333332860e+01,3.872730216467009450e+04
3.672916666666666430e+01,3.872730952616890863e+04
3.675000000000000000e+01,3.872731681257711898e+04
3.677083333333332860e+01,3.872732401818819926e+04
3.679166666666666430e+01,3.872733113737656822e+04
3.681250000000000000e+01,3.872733816460189701e+04
3.683333333333332860e+01,3.872734509441284899e+04
3.685416666666666430e+01,3.872735192145101610e+04
3.687500000000000000e+01,3.872735864045404742e+04
3.689583333333332860e+01,3.872736524625957099e+04
3.691666666666666430e+01,3.872737173380799504e+04
3.693750000000000000e+01,3.872737809814544744e+04
3.695833333333332860e+01,3.872738433442678797e+04
3.697916666666666430e+01,3.872739043791762379e+04
3.700000000000000000e+01,3.872739640399698692e+04
3.702083333333332860e+01,3.872740222815909510e+04
3.704166666666666430e+01,3.872740790601458139e+04
3.706250000000000000e+01,3.872741343329266238e+04
3.708333333333332860e+01,3.872741880584156752e+04
3.710416666666666430e+01,3.872742401962955046e+04
3.712500000000000000e+01,3.872742907074544200e+04
3.714583333333332860e+01,3.872743395539897756e+04
3.716666666666666430e+01,3.872743866992092808e+04
3.718750000000000000e+01,3.872744321076278720e+04
3.720833333333332860e+01,3.872744757449663302e+04
3.722916666666666430e+01,3.872745175781526632e+04
3.725000000000000000e+01,3.872745575753149024e+04
3.727083333333332860e+01,3.872745957057802298e+04
3.729166666666666430e+01,3.872746319400782522e+04
3.731250000000000000e+01,3.872746662499393278e+04
3.733333333333332860e+01,3.872746986083056254e+04
3.735416666666666430e+01,3.872747289893396373e+04
3.737500000000000000e+01,3.872747573684398958e+04
3.739583333333332860e+01,3.872747837222649832e+04
3.741666666666666430e+01,3.872748080287641642e+04
3.743750000000000000e+01,3.872748302672095451e+04
3.745833333333332860e+01,3.872748504182405304e+04
3.747916666666666430e+01,3.872748684639181738e+04
3.750000000000000000e+01,3.872748843877753825e+04
3.752083333333332860e+01,3.872748981748843653e+04
3.754166666666666430e+01,3.872749098119188420e+04
3.756250000000000000e+01,3.872749192872252752e+04
3.758333333333332860e+01,3.872749265908953384e+04
3.760416666666666430e+01,3.872749317148313276e+04
3.762500000000000000e+01,3.872749346528139722e+04
3.764583333333332860e+01,3.872749354005685018e+04
3.766666666666666430e+01,3.872749339558133943e+04
3.768750000000000000e+01,3.872749303183110169e+04
3.770833333333332860e+01,3.872749244899023324e+04
3.772916666666666430e+01,3.872749164745336748e+04
3.775000000000000000e+01,3.872749062782702094e+04
3.777083333333332860e+01,3.872748939092937508e+04
3.779166666666666430e+01,3.872748793778967229e+04
3.781250000000000000e+01,3.872748626964598225e+04
3.783333333333332860e+01,3.872748438794165850e+04
3.785416666666666430e+01,3.872748229432180233e+04
3.787500000000000000e+01,3.872747999062806048e+04
3.789583333333332860e+01,3.872747747889345919e+04
3.791666666666666430e+01,3.872747476133682358e+04
3.793750000000000000e+01,3.872747184035669488e+04
3.795833333333332860e+01,3.872746871852522600e+04
3.797916666666666430e+01,3.872746539858292817e+04
3.800000000000000000e+01,3.872746188343229005e+04
3.802083333333332860e+01,3.872745817613284453e+04
3.804166666666666430e+01,3.872745427989601012e+04
3.806250000000000000e+01,3.872745019808008510e+04
3.808333333333332860e+01,3.872744593418628210e+04
3.810416666666666430e+01,3.872744149185444985e+04
3.812500000000000000e+01,3.872743687485920964e+04
3.814583333333332860e+01,3.872743208710645558e+04
3.816666666666666430e+01,3.872742713262991310e+04
3.818750000000000000e+01,3.872742201558792294e+04
3.820833333333332860e+01,3.872741674026026885e+04
3.822916666666666430e+01,3.872741131104461965e+04
3.825000000000000000e+01,3.872740573245387350e+04
3.827083333333332860e+01,3.872740000911263633e+04
3.829166666666666430e+01,3.872739414575382398e+04
3.831250000000000000e+01,3.872738814721559902e+04
3.833333333333332860e+01,3.872738201843808929e+04
3.835416666666666430e+01,3.872737576445961167e+04
3.837500000000000000e+01,3.872736939041355072e+04
3.839583333333332860e+01,3.872736290152485162e+04
3.841666666666666430e+01,3.872735630310657871e+04
3.843750000000000000e+01,3.872734960055650299e+04
3.845833333333332860e+01,3.872734279935340601e+04
3.847916666666666430e+01,3.872733590505398024e+04
3.850000000000000000e+01,3.872732892328892194e+04
3.852083333333332860e+01,3.872732185975986795e+04
3.854166666666666430e+01,3.872731472023555398e+04
3.856250000000000000e+01,3.872730751054840221e+04
3.858333333333332860e+01,3.872730023659074504e+04
3.860416666666666430e+01,3.872729290431152913e+04
3.862500000000000000e+01,3.872728551971200795e+04
3.864583333333332860e+01,3.872727808884255501e+04
3.866666666666666430e+01,3.872727061779838550e+04
3.868750000000000000e+01,3.872726311271572922e+04
3.870833333333332860e+01,3.872725557976774144e+04
3.872916666666666430e+01,3.872724802516073396e+04
3.875000000000000000e+01,3.872724045512962766e+04
3.877083333333332860e+01,3.872723287593412533e+04
3.879166666666666430e+01,3.872722529385430971e+04
3.881250000000000000e+01,3.872721771518645255e+04
3.883333333333332860e+01,3.872721014623877272e+04
3.885416666666666430e+01,3.872720259332726710e+04
3.887500000000000000e+01,3.872719506277107575e+04
3.889583333333332860e+01,3.872718756088854570e+04
3.891666666666666430e+01,3.872718009399282164e+04
3.893750000000000000e+01,3.872717266838750220e+04
3.895833333333332860e+01,3.872716529036220891e+04
3.897916666666666430e+01,3.872715796618864260e+04
3.900000000000000000e+01,3.872715070211581042e+04
3.902083333333332860e+01,3.872714350436622772e+04
3.904166666666666430e+01,3.872713637913104321e+04
3.906250000000000000e+01,3.872712933256637916e+04
3.908333333333332860e+01,3.872712237078845646e+04
3.910416666666666430e+01,3.872711549986965110e+04
3.912500000000000000e+01,3.872710872583416494e+04
3.914583333333332860e+01,3.872710205465359468e+04
3.916666666666666430e+01,3.872709549224293733e+04
3.918750000000000000e+01,3.872708904445636290e+04
3.920833333333332860e+01,3.872708271708265966e+04
3.922916666666666430e+01,3.872707651584177074e+04
3.925000000000000000e+01,3.872707044637977378e+04
3.927083333333332860e+01,3.872706451426575222e+04
3.929166666666666430e+01,3.872705872498721146e+04
3.931250000000000000e+01,3.872705308394604072e+04
3.933333333333332860e+01,3.872704759645506419e+04
3.935416666666666430e+01,3.872704226773369737e+04
3.937500000000000000e+01,3.872703710290430172e+04
3.939583333333332860e+01,3.872703210698867770e+04
3.941666666666666430e+01,3.872702728490396839e+04
3.943750000000000000e+01,3.872702264145914523e+04
3.945833333333332860e+01,3.872701818135178473e+04
3.947916666666666430e+01,3.872701390916402306e+04
3.950000000000000000e+01,3.872700982935955835e+04
3.952083333333332860e+01,3.872700594628007821e+04
3.954166666666666430e+01,3.872700226414200733e+04
3.956250000000000000e+01,3.872699878703340801e+04
3.958333333333332860e+01,3.872699551891082956e+04
3.960416666666666430e+01,3.872699246359603421e+04
3.962500000000000000e+01,3.872698962477333407e+04
3.964583333333332860e+01,3.872698700598662981e+04
3.966666666666666430e+01,3.872698461063659488e+04
3.968750000000000000e+01,3.872698244197796157e+04
3.970833333333332860e+01,3.872698050311709085e+04
3.972916666666666430e+01,3.872697879700917838e+04
3.975000000000000000e+01,3.872697732645631186e+04
3.977083333333332860e+01,3.872697609410460427e+04
3.979166666666666430e+01,3.872697510244262230e+04
3.981250000000000000e+01,3.872697435379867966e+04
3.983333333333332860e+01,3.872697385033940373e+04
3.985416666666666430e+01,3.872697359406756004e+04
3.987500000000000000e+01,3.872697358682029881e+04
3.989583333333332860e+01,3.872697383026759780e+04
3.991666666666666430e+01,3.872697432591065444e+04
3.993750000000000000e+01,3.872697507508044509e+04
3.995833333333332860e+01,3.872697607893651002e+04
3.997916666666666430e+01,3.872697733846559277e+04
4.000000000000000000e+01,3.872697885448059969e+04
4.002083333333332860e+01,3.872698062761974143e+04
4.004166666666666430e+01,3.872698265834556514e+04
4.006250000000000000e+01,3.872698494694430701e+04
4.008333333333332860e+01,3.872698749352515006e+04
4.010416666666666430e+01,3.872699029801975121e+04
4.012500000000000000e+01,3.872699336018219765e+04
4.014583333333332860e+01,3.872699667958814825e+04
4.016666666666666430e+01,3.872700025563518284e+04
4.018750000000000000e+01,3.872700408754283853e+04
4.020833333333332860e+01,3.872700817435231147e+04
4.022916666666666430e+01,3.872701251492700248e+04
4.025000000000000000e+01,3.872701710795300460e+04
4.027083333333332860e+01,3.872702195193917578e+04
4.029166666666666430e+01,3.872702704521805572e+04
4.031250000000000000e+01,3.872703238594654977e+04
4.033333333333332860e+01,3.872703797210688936e+04
4.035416666666666430e+01,3.872704380150727957e+04
4.037500000000000000e+01,3.872704987178339798e+04
4.039583333333332860e+01,3.872705618039926048e+04
4.041666666666666430e+01,3.872706272464892390e+04
4.043750000000000000e+01,3.872706950165767921e+04
4.045833333333332860e+01,3.872707650838363043e+04
4.047916666666666430e+01,3.872708374161962274e+04
4.050000000000000000e+01,3.872709119799495966e+04
4.052083333333332860e+01,3.872709887397714920e+04
4.054166666666666430e+01,3.872710676587413036e+04
4.056250000000000000e+01,3.872711486983639770e+04
4.058333333333332860e+01,3.872712318185959157e+04
4.060416666666666430e+01,3.872713169778621523e+04
4.062500000000000000e+01,3.872714041330859618e+04
4.064583333333332860e+01,3.872714932397149096e+04
4.066666666666666430e+01,3.872715842517476267e+04
4.068750000000000000e+01,3.872716771217605856e+04
4.070833333333332860e+01,3.872717718009372766e+04
4.072916666666666430e+01,3.872718682390994218e+04
4.075000000000000000e+01,3.872719663847405900e+04
4.077083333333332860e+01,3.872720661850539909e+04
4.079166666666666430e+01,3.872721675859677634e+04
4.081250000000000000e+01,3.872722705321773537e+04
4.083333333333332860e+01,3.872723749671846599e+04
4.085416666666666430e+01,3.872724808333280089e+04
4.087500000000000000e+01,3.872725880718236294e+04
4.089583333333332860e+01,3.872726966228012316e+04
4.091666666666666430e+01,3.872728064253419871e+04
4.093750000000000000e+01,3.872729174175184016e+04
4.095833333333332860e+01,3.872730295364330232e+04
4.097916666666666430e+01,3.872731427182598418e+04
4.100000000000000000e+01,3.872732568982871453e+04
4.102083333333332860e+01,3.872733720109554270e+04
4.104166666666666430e+01,3.872734879899030784e+04
4.106250000000000000e+01,3.872736047680091724e+04
4.108333333333332860e+01,3.872737222774347902e+04
4.110416666666666430e+01,3.872738404496719158e+04
4.112500000000000000e+01,3.872739592155822174e+04
4.114583333333332860e+01,3.872740785054471053e+04
4.116666666666666430e+01,3.872741982490116061e+04
4.118750000000000000e+01,3.872743183755297650e+04
4.120833333333332860e+01,3.872744388138124486e+04
4.122916666666666430e+01,3.872745594922721648e+04
4.125000000000000000e+01,3.872746803389734123e+04
4.127083333333332860e+01,3.872748012816762639e+04
4.129166666666666430e+01,3.872749222478864249e+04
4.131250000000000000e+01,3.872750431649018719e+04
4.133333333333332860e+01,3.872751639598628390e+04
4.135416666666666430e+01,3.872752845597953274e+04
4.137500000000000000e+01,3.872754048916667671e+04
4.139583333333332860e+01,3.872755248824261798e+04
4.141666666666666430e+01,3.872756444590579486e+04
4.143750000000000000e+01,3.872757635486292565e+04
4.145833333333332860e+01,3.872758820783370174e+04
4.147916666666666430e+01,3.872759999755579338e+04
4.150000000000000000e+01,3.872761171678941173e+04
4.152083333333332860e+01,3.872762335832259851e+04
4.154166666666666430e+01,3.872763491497570794e+04
4.156250000000000000e+01,3.872764637960607070e+04
4.158333333333332860e+01,3.872765774511331256e+04
4.160416666666666430e+01,3.872766900444354542e+04
4.162500000000000000e+01,3.872768015059471509e+04
4.164583333333332860e+01,3.872769117662081408e+04
4.166666666666666430e+01,3.872770207563718577e+04
4.168750000000000000e+01,3.872771284082477359e+04
4.170833333333332860e+01,3.872772346543519234e+04
4.172916666666666430e+01,3.872773394279542845e+04
4.175000000000000000e+01,3.872774426631238748e+04
4.177083333333332860e+01,3.872775442947792908e+04
4.179166666666666430e+01,3.872776442587341444e+04
4.181250000000000000e+01,3.872777424917477765e+04
4.183333333333332860e+01,3.872778389315669483e+04
4.185416666666666430e+01,3.872779335169847764e+04
4.187500000000000000e+01,3.872780261878805322e+04
4.189583333333332860e+01,3.872781168852717383e+04
4.191666666666666430e+01,3.872782055513661908e+04
4.193750000000000000e+01,3.872782921296116547e+04
4.195833333333332860e+01,3.872783765647465043e+04
4.197916666666666430e+01,3.872784588028534199e+04
4.200000000000000000e+01,3.872785387914119929e+04
4.202083333333332860e+01,3.872786164793533680e+04
4.204166666666666430e+01,3.872786918171153957e+04
4.206250000000000000e+01,3.872787647566977830e+04
4.208333333333332860e+01,3.872788352517201565e+04
4.210416666666666430e+01,3.872789032574773591e+04
4.212500000000000000e+01,3.872789687309985311e+04
4.214583333333332860e+01,3.872790316311061906e+04
4.216666666666666430e+01,3.872790919184689847e+04
4.218750000000000000e+01,3.872791495556613518e+04
4.220833333333332860e+01,3.872792045072156907e+04
4.222916666666666430e+01,3.872792567396766390e+04
4.225000000000000000e+01,3.872793062216461840e+04
4.227083333333332860e+01,3.872793529238336487e+04
4.229166666666666430e+01,3.872793968190887244e+04
4.231250000000000000e+01,3.872794378824390151e+04
4.233333333333332860e+01,3.872794760911150661e+04
4.235416666666666430e+01,3.872795114245679724e+04
4.237500000000000000e+01,3.872795438644763635e+04
4.239583333333332860e+01,3.872795733947489498e+04
4.241666666666666430e+01,3.872796000015069149e+04
4.243750000000000000e+01,3.872796236730668898e+04
4.245833333333332860e+01,3.872796443999033363e+04
4.247916666666666430e+01,3.872796621746062010e+04
4.250000000000000000e+01,3.872796769918269274e+04
4.252083333333332860e+01,3.872796888482132636e+04
4.254166666666666430e+01,3.872796977423413045e+04
4.256250000000000000e+01,3.872797036746379308e+04
4.258333333333332860e+01,3.872797066473008454e+04
4.260416666666666430e+01,3.872797066642153368e+04
4.262500000000000000e+01,3.872797037308770086e+04
4.264583333333332860e+01,3.872796978543110890e+04
4.266666666666666430e+01,3.872796890429979976e+04
4.268750000000000000e+01,3.872796773068136827e+04
4.270833333333332860e+01,3.872796626569684304e+04
4.272916666666666430e+01,3.872796451059600804e+04
4.275000000000000000e+01,3.872796246675415023e+04
4.277083333333332860e+01,3.872796013566969486e+04
4.279166666666666430e+01,3.872795751896260481e+04
4.281250000000000000e+01,3.872795461837417679e+04
4.283333333333332860e+01,3.872795143576796545e+04
4.285416666666666430e+01,3.872794797313103481e+04
4.287500000000000000e+01,3.872794423257582093e+04
4.289583333333332860e+01,3.872794021634329692e+04
4.291666666666666430e+01,3.872793592680506117e+04
4.293750000000000000e+01,3.872793136646637140e+04
4.295833333333332860e+01,3.872792653796895320e+04
4.297916666666666430e+01,3.872792144409338653e+04
4.300000000000000000e+01,3.872791608776114299e+04
4.302083333333332860e+01,3.872791047203625203e+04
4.304166666666666430e+01,3.872790460012673429e+04
4.306250000000000000e+01,3.872789847538485628e+04
4.308333333333332860e+01,3.872789210130754509e+04
4.310416666666666430e+01,3.872788548153606826e+04
4.312500000000000000e+01,3.872787861985502968e+04
4.314583333333332860e+01,3.872787152019136556e+04
4.316666666666666430e+01,3.872786418661280914e+04
4.318750000000000000e+01,3.872785662332616630e+04
4.320833333333332860e+01,3.872784883467503096e+04
4.322916666666666430e+01,3.872784082513827161e+04
4.325000000000000000e+01,3.872783259932653164e+04
4.327083333333332860e+01,3.872782416198080318e+04
4.329166666666666430e+01,3.872781551796938584e+04
4.331250000000000000e+01,3.872780667228520178e+04
4.333333333333332860e+01,3.872779763004287815e+04
4.335416666666666430e+01,3.872778839647584391e+04
4.337500000000000000e+01,3.872777897693336126e+04
4.339583333333332860e+01,3.872776937687728059e+04
4.341666666666666430e+01,3.872775960187853343e+04
4.343750000000000000e+01,3.872774965761377825e+04
4.345833333333332860e+01,3.872773954986187891e+04
4.347916666666666430e+01,3.872772928449973551e+04
4.350000000000000000e+01,3.872771886749894475e+04
4.352083333333332860e+01,3.872770830492136156e+04
4.354166666666666430e+01,3.872769760291541752e+04
4.356250000000000000e+01,3.872768676771152241e+04
4.358333333333332860e+01,3.872767580561809882e+04
4.360416666666666430e+01,3.872766472301729664e+04
4.362500000000000000e+01,3.872765352636076568e+04
4.364583333333332860e+01,3.872764222216523194e+04
4.366666666666666430e+01,3.872763081700797920e+04
4.368750000000000000e+01,3.872761931752285454e+04
4.370833333333332860e+01,3.872760773039549531e+04
4.372916666666666430e+01,3.872759606235949468e+04
4.375000000000000000e+01,3.872758432019156317e+04
4.377083333333332860e+01,3.872757251070717757e+04
4.379166666666666430e+01,3.872756064075623726e+04
4.381250000000000000e+01,3.872754871721884410e+04
4.383333333333332860e+01,3.872753674700039846e+04
4.385416666666666430e+01,3.872752473702755378e+04
4.387500000000000000e+01,3.872751269424326165e+04
4.389583333333332860e+01,3.872750062560268998e+04
4.391666666666666430e+01,3.872748853806845000e+04
4.393750000000000000e+01,3.872747643860603421e+04
4.395833333333332860e+01,3.872746433417933440e+04
4.397916666666666430e+01,3.872745223174603598e+04
4.400000000000000000e+01,3.872744013825311413e+04
4.402083333333332860e+01,3.872742806063213357e+04
4.404166666666666430e+01,3.872741600579497754e+04
4.406250000000000000e+01,3.872740398062913300e+04
4.408333333333332860e+01,3.872739199199315044e+04
4.410416666666666430e+01,3.872738004671246017e+04
4.412500000000000000e+01,3.872736815157473029e+04
4.414583333333332860e+01,3.872735631332540652e+04
4.416666666666666430e+01,3.872734453866359399e+04
4.418750000000000000e+01,3.872733283423724788e+04
4.420833333333332860e+01,3.872732120663956448e+04
4.422916666666666430e+01,3.872730966240398266e+04
4.425000000000000000e+01,3.872729820800058224e+04
4.427083333333332860e+01,3.872728684983129642e+04
4.429166666666666430e+01,3.872727559422630293e+04
4.431250000000000000e+01,3.872726444743962929e+04
4.433333333333332860e+01,3.872725341564502742e+04
4.435416666666666430e+01,3.872724250493208092e+04
4.437500000000000000e+01,3.872723172130237072e+04
4.439583333333332860e+01,3.872722107066521858e+04
4.441666666666666430e+01,3.872721055883417284e+04
4.443750000000000000e+01,3.872720019152317400e+04
4.445833333333332860e+01,3.872718997434257471e+04
4.447916666666666430e+01,3.872717991279574926e+04
4.450000000000000000e+01,3.872717001227558649e+04
4.452083333333332860e+01,3.872716027806072088e+04
4.454166666666666430e+01,3.872715071531218564e+04
4.456250000000000000e+01,3.872714132907028397e+04
4.458333333333332860e+01,3.872713212425106030e+04
4.460416666666666430e+01,3.872712310564314976e+04
4.462500000000000000e+01,3.872711427790490416e+04
4.464583333333332860e+01,3.872710564556111058e+04
4.466666666666666430e+01,3.872709721300024830e+04
4.468750000000000000e+01,3.872708898447151296e+04
4.470833333333332860e+01,3.872708096408220445e+04
4.472916666666666430e+01,3.872707315579489659e+04
4.475000000000000000e+01,3.872706556342516706e+04
4.477083333333332860e+01,3.872705819063887611e+04
4.479166666666666430e+01,3.872705104094992566e+04
4.481250000000000000e+01,3.872704411771798914e+04
4.483333333333332860e+01,3.872703742414640874e+04
4.485416666666666430e+01,3.872703096327996172e+04
4.487500000000000000e+01,3.872702473800326698e+04
4.489583333333332860e+01,3.872701875103853672e+04
4.491666666666666430e+01,3.872701300494415773e+04
4.493750000000000000e+01,3.872700750211302511e+04
4.495833333333332860e+01,3.872700224477094162e+04
4.497916666666666430e+01,3.872699723497524246e+04
4.500000000000000000e+01,3.872699247461378400e+04
4.502083333333332860e+01,3.872698796540330659e+04
4.504166666666666430e+01,3.872698370888896170e+04
4.506250000000000000e+01,3.872697970644290763e+04
4.508333333333332860e+01,3.872697595926375652e+04
4.510416666666666430e+01,3.872697246837599232e+04
4.512500000000000000e+01,3.872696923462893028e+04
4.514583333333332860e+01,3.872696625869697164e+04
4.516666666666666430e+01,3.872696354107876687e+04
4.518750000000000000e+01,3.872696108209708473e+04
4.520833333333332860e+01,3.872695888189879770e+04
4.522916666666666430e+01,3.872695694045516575e+04
4.525000000000000000e+01,3.872695525756157440e+04
4.527083333333332860e+01,3.872695383283799310e+04
4.529166666666666430e+01,3.872695266572943365e+04
4.531250000000000000e+01,3.872695175550655404e+04
4.533333333333332860e+01,3.872695110126611689e+04
4.535416666666666430e+01,3.872695070193179708e+04
4.537500000000000000e+01,3.872695055625509121e+04
4.539583333333332860e+01,3.872695066281658364e+04
4.541666666666666430e+01,3.872695102002679778e+04
4.543750000000000000e+01,3.872695162612711283e+04
4.545833333333332860e+01,3.872695247919220128e+04
4.547916666666666430e+01,3.872695357713034173e+04
4.550000000000000000e+01,3.872695491768580541e+04
4.552083333333332860e+01,3.872695649844006402e+04
4.554166666666666430e+01,3.872695831681423442e+04
4.556250000000000000e+01,3.872696037007042469e+04
4.558333333333332860e+01,3.872696265531414974e+04
4.560416666666666430e+01,3.872696516949636134e+04
4.562500000000000000e+01,3.872696790941584186e+04
4.564583333333332860e+01,3.872697087172154716e+04
4.566666666666666430e+01,3.872697405291515315e+04
4.568750000000000000e+01,3.872697744935350784e+04
4.570833333333332860e+01,3.872698105725166533e+04
4.572916666666666430e+01,3.872698487268539611e+04
4.575000000000000000e+01,3.872698889159417740e+04
4.577083333333332860e+01,3.872699310978449648e+04
4.579166666666666430e+01,3.872699752293259371e+04
4.581250000000000000e+01,3.872700212658763485e+04
4.583333333333332860e+01,3.872700691617555276e+04
4.585416666666666430e+01,3.872701188700186322e+04
4.587500000000000000e+01,3.872701703425548476e+04
4.589583333333332860e+01,3.872702235301210749e+04
4.591666666666666430e+01,3.872702783823812206e+04
4.593750000000000000e+01,3.872703348479399574e+04
4.595833333333332860e+01,3.872703928743857250e+04
4.597916666666666430e+01,3.872704524083225988e+04
4.600000000000000000e+01,3.872705133954185294e+04
4.602083333333332860e+01,3.872705757804388122e+04
4.604166666666666430e+01,3.872706395072918531e+04
4.606250000000000000e+01,3.872707045190671488e+04
4.608333333333332860e+01,3.872707707580819260e+04
4.610416666666666430e+01,3.872708381659195584e+04
4.612500000000000000e+01,3.872709066834788246e+04
4.614583333333332860e+01,3.872709762510112341e+04
4.616666666666666430e+01,3.872710468081721046e+04
4.618750000000000000e+01,3.872711182940615981e+04
4.620833333333332860e+01,3.872711906472747069e+04
4.622916666666666430e+01,3.872712638059426536e+04
4.625000000000000000e+01,3.872713377077820041e+04
4.627083333333332860e+01,3.872714122901406517e+04
4.629166666666666430e+01,3.872714874900481664e+04
4.631250000000000000e+01,3.872715632442582137e+04
4.633333333333332860e+01,3.872716394893016695e+04
4.635416666666666430e+01,3.872717161615304940e+04
4.637500000000000000e+01,3.872717931971694634e+04
4.639583333333332860e+01,3.872718705323629547e+04
4.641666666666666430e+01,3.872719481032251497e+04
4.643750000000000000e+01,3.872720258458858734e+04
4.645833333333332860e+01,3.872721036965412350e+04
4.647916666666666430e+01,3.872721815915055049e+04
4.650000000000000000e+01,3.872722594672549894e+04
4.652083333333332860e+01,3.872723372604794713e+04
4.654166666666666430e+01,3.872724149081317591e+04
4.656250000000000000e+01,3.872724923474727984e+04
4.658333333333332860e+01,3.872725695161230396e+04
4.660416666666666430e+01,3.872726463521109690e+04
4.662500000000000000e+01,3.872727227939161821e+04
4.664583333333332860e+01,3.872727987805240991e+04
4.666666666666666430e+01,3.872728742514641635e+04
4.668750000000000000e+01,3.872729491468616470e+04
4.670833333333332860e+01,3.872730234074828331e+04
4.672916666666666430e+01,3.872730969747757626e+04
4.675000000000000000e+01,3.872731697909190552e+04
4.677083333333332860e+01,3.872732417988595989e+04
4.679166666666666430e+01,3.872733129423595528e+04
4.681250000000000000e+01,3.872733831660314172e+04
4.683333333333332860e+01,3.872734524153800885e+04
4.685416666666666430e+01,3.872735206368407671e+04
4.687500000000000000e+01,3.872735877778106806e+04
4.689583333333332860e+01,3.872736537866884464e+04
4.691666666666666430e+01,3.872737186129009206e+04
4.693750000000000000e+01,3.872737822069347749e+04
4.695833333333332860e+01,3.872738445203640003e+04
4.697916666666666430e+01,3.872739055058749364e+04
4.700000000000000000e+01,3.872739651172852609e+04
4.702083333333332860e+01,3.872740233095666918e+04
4.704166666666666430e+01,3.872740800388597563e+04
4.706250000000000000e+01,3.872741352624871070e+04
4.708333333333332860e+01,3.872741889389646531e+04
4.710416666666666430e+01,3.872742410280084732e+04
4.712500000000000000e+01,3.872742914905404177e+04
4.714583333333332860e+01,3.872743402886916010e+04
4.716666666666666430e+01,3.872743873858003644e+04
4.718750000000000000e+01,3.872744327464124945e+04
4.720833333333332860e+01,3.872744763362813683e+04
4.722916666666666430e+01,3.872745181223571853e+04
4.725000000000000000e+01,3.872745580727916240e+04
4.727083333333332860e+01,3.872745961569325300e+04
4.729166666666666430e+01,3.872746323453228251e+04
4.731250000000000000e+01,3.872746666097029083e+04
4.733333333333332860e+01,3.872746989230194595e+04
4.735416666666666430e+01,3.872747292594308965e+04
4.737500000000000000e+01,3.872747575943289121e+04
4.739583333333332860e+01,3.872747839043575368e+04
4.741666666666666430e+01,3.872748081674429704e+04
4.743750000000000000e+01,3.872748303628290159e+04
4.745833333333332860e+01,3.872748504711244459e+04
4.747916666666666430e+01,3.872748684743497870e+04
4.750000000000000000e+01,3.872748843559953093e+04
4.752083333333332860e+01,3.872748981010865100e+04
4.754166666666666430e+01,3.872749096962510521e+04
4.756250000000000000e+01,3.872749191297845391e+04
4.758333333333332860e+01,3.872749263917312783e+04
4.760416666666666430e+01,3.872749314739480906e+04
4.762500000000000000e+01,3.872749343701750331e+04
4.764583333333332860e+01,3.872749350760980451e+04
4.766666666666666430e+01,3.872749335894059186e+04
4.768750000000000000e+01,3.872749299098359188e+04
4.770833333333332860e+01,3.872749240392147476e+04
4.772916666666666430e+01,3.872749159814797167e+04
4.775000000000000000e+01,3.872749057426954096e+04
4.777083333333332860e+01,3.872748933310520079e+04
4.779166666666666430e+01,3.872748787568589614e+04
4.781250000000000000e+01,3.872748620325190132e+04
4.783333333333332860e+01,3.872748431724948023e+04
4.785416666666666430e+01,3.872748221932709566e+04
4.787500000000000000e+01,3.872747991133011965e+04
4.789583333333332860e+01,3.872747739529578394e+04
4.791666666666666430e+01,3.872747467344687175e+04
4.793750000000000000e+01,3.872747174818624626e+04
4.795833333333332860e+01,3.872746862209041865e+04
4.797916666666666430e+01,3.872746529790369095e+04
4.800000000000000000e+01,3.872746177853248810e+04
4.802083333333332860e+01,3.872745806703996641e+04
4.804166666666666430e+01,3.872745416664078220e+04
4.806250000000000000e+01,3.872745008069647884e+04
4.808333333333332860e+01,3.872744581271077914e+04
4.810416666666666430e+01,3.872744136632607115e+04
4.812500000000000000e+01,3.872743674531915894e+04
4.814583333333332860e+01,3.872743195359783567e+04
4.816666666666666430e+01,3.872742699519761663e+04
4.818750000000000000e+01,3.872742187427831232e+04
4.820833333333332860e+01,3.872741659512102342e+04
4.822916666666666430e+01,3.872741116212461930e+04
4.825000000000000000e+01,3.872740557980307494e+04
4.827083333333332860e+01,3.872739985278192762e+04
4.829166666666666430e+01,3.872739398579492990e+04
4.831250000000000000e+01,3.872738798368097196e+04
4.833333333333332860e+01,3.872738185138064000e+04
4.835416666666666430e+01,3.872737559393286938e+04
4.837500000000000000e+01,3.872736921647161216e+04
4.839583333333332860e+01,3.872736272422192997e+04
4.841666666666666430e+01,3.872735612249726546e+04
4.843750000000000000e+01,3.872734941669531690e+04
4.845833333333332860e+01,3.872734261229523690e+04
4.847916666666666430e+01,3.872733571485353605e+04
4.850000000000000000e+01,3.872732873000093241e+04
4.852083333333332860e+01,3.872732166343896824e+04
4.854166666666666430e+01,3.872731452093615371e+04
4.856250000000000000e+01,3.872730730832481640e+04
4.858333333333332860e+01,3.872730003149717231e+04
4.860416666666666430e+01,3.872729269640181155e+04
4.862500000000000000e+01,3.872728530903993669e+04
4.864583333333332860e+01,3.872727787546155741e+04
4.866666666666666430e+01,3.872727040176176524e+04
4.868750000000000000e+01,3.872726289407649892e+04
4.870833333333332860e+01,3.872725535857872455e+04
4.872916666666666430e+01,3.872724780147461570e+04
4.875000000000000000e+01,3.872724022899886768e+04
4.877083333333332860e+01,3.872723264741086314e+04
4.879166666666666430e+01,3.872722506299058296e+04
4.881250000000000000e+01,3.872721748203414609e+04
4.883333333333332860e+01,3.872720991084952402e+04
4.885416666666666430e+01,3.872720235575224069e+04
4.887500000000000000e+01,3.872719482306160353e+04
4.889583333333332860e+01,3.872718731909558846e+04
4.891666666666666430e+01,3.872717985016705643e+04
4.893750000000000000e+01,3.872717242257930047e+04
4.895833333333332860e+01,3.872716504262191302e+04
4.897916666666666430e+01,3.872715771656623838e+04
4.900000000000000000e+01,3.872715045066118182e+04
4.902083333333332860e+01,3.872714325112872029e+04
4.904166666666666430e+01,3.872713612416022806e+04
4.906250000000000000e+01,3.872712907591123803e+04
4.908333333333332860e+01,3.872712211249783286e+04
4.910416666666666430e+01,3.872711523999230849e+04
4.912500000000000000e+01,3.872710846441849571e+04
4.914583333333332860e+01,3.872710179174793302e+04
4.916666666666666430e+01,3.872709522789542098e+04
4.918750000000000000e+01,3.872708877871475852e+04
4.920833333333332860e+01,3.872708244999470480e+04
4.922916666666666430e+01,3.872707624745476642e+04
4.925000000000000000e+01,3.872707017674112285e+04
4.927083333333332860e+01,3.872706424342247919e+04
4.929166666666666430e+01,3.872705845298611530e+04
4.931250000000000000e+01,3.872705281083389127e+04
4.933333333333332860e+01,3.872704732227815839e+04
4.935416666666666430e+01,3.872704199253828119e+04
4.937500000000000000e+01,3.872703682673654839e+04
4.939583333333332860e+01,3.872703182989431662e+04
4.941666666666666430e+01,3.872702700692850340e+04
4.943750000000000000e+01,3.872702236264813109e+04
4.945833333333332860e+01,3.872701790175032511e+04
4.947916666666666430e+01,3.872701362881713430e+04
4.950000000000000000e+01,3.872700954831192939e+04
4.952083333333332860e+01,3.872700566457632522e+04
4.954166666666666430e+01,3.872700198182644090e+04
4.956250000000000000e+01,3.872699850415027322e+04
4.958333333333332860e+01,3.872699523550389858e+04
4.960416666666666430e+01,3.872699217970906466e+04
4.962500000000000000e+01,3.872698934044982889e+04
4.964583333333332860e+01,3.872698672126996826e+04
4.966666666666666430e+01,3.872698432556976331e+04
4.968750000000000000e+01,3.872698215660387359e+04
4.970833333333332860e+01,3.872698021747833263e+04
4.972916666666666430e+01,3.872697851114821242e+04
4.975000000000000000e+01,3.872697704041525867e+04
4.977083333333332860e+01,3.872697580792559893e+04
4.979166666666666430e+01,3.872697481616723962e+04
4.981250000000000000e+01,3.872697406746854540e+04
4.983333333333332860e+01,3.872697356399583805e+04
4.985416666666666430e+01,3.872697330775163573e+04
4.987500000000000000e+01,3.872697330057282670e+04
4.989583333333332860e+01,3.872697354412920686e+04
4.991666666666666430e+01,3.872697403992168984e+04
4.993750000000000000e+01,3.872697478928116470e+04
4.995833333333332860e+01,3.872697579336672061e+04
4.997916666666666430e+01,3.872697705316499923e+04
5.000000000000000000e+01,3.872697856948869594e+04
5.002083333333332860e+01,3.872698034297573759e+04
5.004166666666666430e+01,3.872698237408840941e+04
5.006250000000000000e+01,3.872698466311273660e+04
5.008333333333332860e+01,3.872698721015760384e+04
5.010416666666666430e+01,3.872699001515456621e+04
5.012500000000000000e+01,3.872699307785725250e+04
5.014583333333332860e+01,3.872699639784121246e+04
5.016666666666666430e+01,3.872699997450390219e+04
5.018750000000000000e+01,3.872700380706429132e+04
5.020833333333332860e+01,3.872700789456351777e+04
5.022916666666666430e+01,3.872701223586480046e+04
5.025000000000000000e+01,3.872701682965378131e+04
5.027083333333332860e+01,3.872702167443907820e+04
5.029166666666666430e+01,3.872702676855314348e+04
5.031250000000000000e+01,3.872703211015259149e+04
5.033333333333332860e+01,3.872703769721915160e+04
5.035416666666666430e+01,3.872704352756104345e+04
5.037500000000000000e+01,3.872704959881352988e+04
5.039583333333332860e+01,3.872705590844040125e+04
5.041666666666666430e+01,3.872706245373544516e+04
5.043750000000000000e+01,3.872706923182361788e+04
5.045833333333332860e+01,3.872707623966281244e+04
5.047916666666666430e+01,3.872708347404561937e+04
5.050000000000000000e+01,3.872709093160094926e+04
5.052083333333332860e+01,3.872709860879612097e+04
5.054166666666666430e+01,3.872710650193870970e+04
5.056250000000000000e+01,3.872711460717912269e+04
5.058333333333332860e+01,3.872712292051244731e+04
5.060416666666666430e+01,3.872713143778101949e+04
5.062500000000000000e+01,3.872714015467694844e+04
5.064583333333332860e+01,3.872714906674456142e+04
5.066666666666666430e+01,3.872715816938344506e+04
5.068750000000000000e+01,3.872716745785097737e+04
5.070833333333332860e+01,3.872717692726516543e+04
5.072916666666666430e+01,3.872718657260807959e+04
5.075000000000000000e+01,3.872719638872848736e+04
5.077083333333332860e+01,3.872720637034552055e+04
5.079166666666666430e+01,3.872721651205162925e+04
5.081250000000000000e+01,3.872722680831613252e+04
5.083333333333332860e+01,3.872723725348887820e+04
5.085416666666666430e+01,3.872724784180326969e+04
5.087500000000000000e+01,3.872725856738075527e+04
5.089583333333332860e+01,3.872726942423394212e+04
5.091666666666666430e+01,3.872728040627059090e+04
5.093750000000000000e+01,3.872729150729749381e+04
5.095833333333332860e+01,3.872730272102484014e+04
5.097916666666666430e+01,3.872731404106954142e+04
5.100000000000000000e+01,3.872732546096009173e+04
5.102083333333332860e+01,3.872733697414015478e+04
5.104166666666666430e+01,3.872734857397328597e+04
5.106250000000000000e+01,3.872736025374710152e+04
5.108333333333332860e+01,3.872737200667733850e+04
5.110416666666666430e+01,3.872738382591268601e+04
5.112500000000000000e+01,3.872739570453918714e+04
5.114583333333332860e+01,3.872740763558449544e+04
5.116666666666666430e+01,3.872741961202290986e+04
5.118750000000000000e+01,3.872743162677923101e+04
5.120833333333332860e+01,3.872744367273431271e+04
5.122916666666666430e+01,3.872745574272914382e+04
5.125000000000000000e+01,3.872746782956972311e+04
5.127083333333332860e+01,3.872747992603167222e+04
5.129166666666666430e+01,3.872749202486527065e+04
5.131250000000000000e+01,3.872750411879994499e+04
5.133333333333332860e+01,3.872751620054930390e+04
5.135416666666666430e+01,3.872752826281571470e+04
5.137500000000000000e+01,3.872754029829539650e+04
5.139583333333332860e+01,3.872755229968306958e+04
5.141666666666666430e+01,3.872756425967673567e+04
5.143750000000000000e+01,3.872757617098283663e+04
5.145833333333332860e+01,3.872758802632070001e+04
5.147916666666666430e+01,3.872759981842756679e+04
5.150000000000000000e+01,3.872761154006361176e+04
5.152083333333332860e+01,3.872762318401623634e+04
5.154166666666666430e+01,3.872763474310561287e+04
5.156250000000000000e+01,3.872764621018888283e+04
5.158333333333332860e+01,3.872765757816530095e+04
5.160416666666666430e+01,3.872766883998076810e+04
5.162500000000000000e+01,3.872767998863298271e+04
5.164583333333332860e+01,3.872769101717572630e+04
5.166666666666666430e+01,3.872770191872400756e+04
5.168750000000000000e+01,3.872771268645879900e+04
5.170833333333332860e+01,3.872772331363149715e+04
5.172916666666666430e+01,3.872773379356888472e+04
5.175000000000000000e+01,3.872774411967790365e+04
5.177083333333332860e+01,3.872775428545029717e+04
5.179166666666666430e+01,3.872776428446741920e+04
5.181250000000000000e+01,3.872777411040511652e+04
5.183333333333332860e+01,3.872778375703845086e+04
5.185416666666666430e+01,3.872779321824644285e+04
5.187500000000000000e+01,3.872780248801729613e+04
5.189583333333332860e+01,3.872781156045303942e+04
5.191666666666666430e+01,3.872782042977466335e+04
5.193750000000000000e+01,3.872782909032714815e+04
5.195833333333332860e+01,3.872783753658470960e+04
5.197916666666666430e+01,3.872784576315598679e+04
5.200000000000000000e+01,3.872785376478930993e+04
5.202083333333332860e+01,3.872786153637825919e+04
5.204166666666666430e+01,3.872786907296691788e+04
5.206250000000000000e+01,3.872787636975588248e+04
5.208333333333332860e+01,3.872788342210745759e+04
5.210416666666666430e+01,3.872789022555165866e+04
5.212500000000000000e+01,3.872789677579187264e+04
5.214583333333332860e+01,3.872790306871054781e+04
5.216666666666666430e+01,3.872790910037487629e+04
5.218750000000000000e+01,3.872791486704257113e+04
5.220833333333332860e+01,3.872792036516702501e+04
5.222916666666666430e+01,3.872792559140243975e+04
5.225000000000000000e+01,3.872793054260910867e+04
5.227083333333332860e+01,3.872793521585729468e+04
5.229166666666666430e+01,3.872793960843133391e+04
5.231250000000000000e+01,3.872794371783321549e+04
5.233333333333332860e+01,3.872794754178491712e+04
5.235416666666666430e+01,3.872795107823004946e+04
5.237500000000000000e+01,3.872795432533479470e+04
5.239583333333332860e+01,3.872795728148784110e+04
5.241666666666666430e+01,3.872795994529941527e+04
5.243750000000000000e+01,3.872796231559835724e+04
5.245833333333332860e+01,3.872796439142938470e+04
5.247916666666666430e+01,3.872796617204848008e+04
5.250000000000000000e+01,3.872796765691752080e+04
5.252083333333332860e+01,3.872796884569806571e+04
5.254166666666666430e+01,3.872796973824429006e+04
5.256250000000000000e+01,3.872797033459538943e+04
5.258333333333332860e+01,3.872797063496778719e+04
5.260416666666666430e+01,3.872797063974665798e+04
5.262500000000000000e+01,3.872797034947850625e+04
5.264583333333332860e+01,3.872796976486299536e+04
5.266666666666666430e+01,3.872796888674549700e+04
5.268750000000000000e+01,3.872796771611131408e+04
5.270833333333332860e+01,3.872796625407937245e+04
5.272916666666666430e+01,3.872796450189815369e+04
5.275000000000000000e+01,3.872796246094158414e+04
5.277083333333332860e+01,3.872796013270720141e+04
5.279166666666666430e+01,3.872795751881440083e+04
5.281250000000000000e+01,3.872795462100447185e+04
5.283333333333332860e+01,3.872795144114102004e+04
5.285416666666666430e+01,3.872794798121133499e+04
5.287500000000000000e+01,3.872794424332874769e+04
5.289583333333332860e+01,3.872794022973471874e+04
5.291666666666666430e+01,3.872793594280167599e+04
5.293750000000000000e+01,3.872793138503587397e+04
5.295833333333332860e+01,3.872792655908003508e+04
5.297916666666666430e+01,3.872792146771559055e+04
5.300000000000000000e+01,3.872791611386489240e+04
5.302083333333332860e+01,3.872791050059286499e+04
5.304166666666666430e+01,3.872790463110845303e+04
5.306250000000000000e+01,3.872789850876443234e+04
5.308333333333332860e+01,3.872789213705839938e+04
5.310416666666666430e+01,3.872788551963219652e+04
5.312500000000000000e+01,3.872787866027105338e+04
5.314583333333332860e+01,3.872787156290207349e+04
5.316666666666666430e+01,3.872786423159349943e+04
5.318750000000000000e+01,3.872785667055245722e+04
5.320833333333332860e+01,3.872784888412292639e+04
5.322916666666666430e+01,3.872784087678365177e+04
5.325000000000000000e+01,3.872783265314575692e+04
5.327083333333332860e+01,3.872782421795034315e+04
5.329166666666666430e+01,3.872781557606587739e+04
5.331250000000000000e+01,3.872780673248524545e+04
5.333333333333332860e+01,3.872779769232320541e+04
5.335416666666666430e+01,3.872778846081331722e+04
5.337500000000000000e+01,3.872777904330495949e+04
5.339583333333332860e+01,3.872776944525976432e+04
5.341666666666666430e+01,3.872775967224875058e+04
5.343750000000000000e+01,3.872774972994857671e+04
5.345833333333332860e+01,3.872773962413788831e+04
5.347916666666666430e+01,3.872772936069370189e+04
5.350000000000000000e+01,3.872771894558742497e+04
5.352083333333332860e+01,3.872770838488078880e+04
5.354166666666666430e+01,3.872769768472202850e+04
5.356250000000000000e+01,3.872768685134153202e+04
5.358333333333332860e+01,3.872767589104748913e+04
5.360416666666666430e+01,3.872766481022209337e+04
5.362500000000000000e+01,3.872765361531669623e+04
5.364583333333332860e+01,3.872764231284792913e+04
5.366666666666666430e+01,3.872763090939298127e+04
5.368750000000000000e+01,3.872761941158552509e+04
5.370833333333332860e+01,3.872760782611118339e+04
5.372916666666666430e+01,3.872759615970354207e+04
5.375000000000000000e+01,3.872758441913885326e+04
5.377083333333332860e+01,3.872757261123281205e+04
5.379166666666666430e+01,3.872756074283503403e+04
5.381250000000000000e+01,3.872754882082563563e+04
5.383333333333332860e+01,3.872753685210998083e+04
5.385416666666666430e+01,3.872752484361448296e+04
5.387500000000000000e+01,3.872751280228215182e+04
5.389583333333332860e+01,3.872750073506799527e+04
5.391666666666666430e+01,3.872748864893458813e+04
5.393750000000000000e+01,3.872747655084727012e+04
5.395833333333332860e+01,3.872746444776996213e+04
5.397916666666666430e+01,3.872745234666019678e+04
5.400000000000000000e+01,3.872744025446492742e+04
5.402083333333332860e+01,3.872742817811568966e+04
5.404166666666666430e+01,3.872741612452427944e+04
5.406250000000000000e+01,3.872740410057808913e+04
5.408333333333332860e+01,3.872739211313573469e+04
5.410416666666666430e+01,3.872738016902261006e+04
5.412500000000000000e+01,3.872736827502620145e+04
5.414583333333332860e+01,3.872735643789199821e+04
5.416666666666666430e+01,3.872734466431913461e+04
5.418750000000000000e+01,3.872733296095552942e+04
5.420833333333332860e+01,3.872732133439434983e+04
5.422916666666666430e+01,3.872730979116905655e+04
5.425000000000000000e+01,3.872729833774960571e+04
5.427083333333332860e+01,3.872728698053807602e+04
5.429166666666666430e+01,3.872727572586459428e+04
5.431250000000000000e+01,3.872726457998315891e+04
5.433333333333332860e+01,3.872725354906756547e+04
5.435416666666666430e+01,3.872724263920742669e+04
5.437500000000000000e+01,3.872723185640418524e+04
5.439583333333332860e+01,3.872722120656736661e+04
5.441666666666666430e+01,3.872721069551061373e+04
5.443750000000000000e+01,3.872720032894750329e+04
5.445833333333332860e+01,3.872719011248871539e+04
5.447916666666666430e+01,3.872718005163775524e+04
5.450000000000000000e+01,3.872717015178723523e+04
5.452083333333332860e+01,3.872716041821601539e+04
5.454166666666666430e+01,3.872715085608507070e+04
5.456250000000000000e+01,3.872714147043487901e+04
5.458333333333332860e+01,3.872713226618143381e+04
5.460416666666666430e+01,3.872712324811355211e+04
5.462500000000000000e+01,3.872711442088935291e+04
5.464583333333332860e+01,3.872710578903406713e+04
5.466666666666666430e+01,3.872709735693591210e+04
5.468750000000000000e+01,3.872708912884428719e+04
5.470833333333332860e+01,3.872708110886651411e+04
5.472916666666666430e+01,3.872707330096529040e+04
5.475000000000000000e+01,3.872706570895613550e+04
5.477083333333332860e+01,3.872705833650516433e+04
5.479166666666666430e+01,3.872705118712624244e+04
5.481250000000000000e+01,3.872704426417915238e+04
5.483333333333332860e+01,3.872703757086728729e+04
5.485416666666666430e+01,3.872703111023558449e+04
5.487500000000000000e+01,3.872702488516871381e+04
5.489583333333332860e+01,3.872701889838884381e+04
5.491666666666666430e+01,3.872701315245463775e+04
5.493750000000000000e+01,3.872700764975901984e+04
5.495833333333332860e+01,3.872700239252794563e+04
5.497916666666666430e+01,3.872699738281875761e+04
5.500000000000000000e+01,3.872699262251938489e+04
5.502083333333332860e+01,3.872698811334677157e+04
5.504166666666666430e+01,3.872698385684615641e+04
5.506250000000000000e+01,3.872697985438985052e+04
5.508333333333332860e+01,3.872697610717653151e+04
5.510416666666666430e+01,3.872697261623066879e+04
5.512500000000000000e+01,3.872696938240194868e+04
5.514583333333332860e+01,3.872696640636479424e+04
5.516666666666666430e+01,3.872696368861775409e+04
5.518750000000000000e+01,3.872696122948414995e+04
5.520833333333332860e+01,3.872695902911067242e+04
5.522916666666666430e+01,3.872695708746879973e+04
5.525000000000000000e+01,3.872695540435401927e+04
5.527083333333332860e+01,3.872695397938651149e+04
5.529166666666666430e+01,3.872695281201135367e+04
5.531250000000000000e+01,3.872695190149936388e+04
5.533333333333332860e+01,3.872695124694747938e+04
5.535416666666666430e+01,3.872695084727941139e+04
5.537500000000000000e+01,3.872695070124705671e+04
5.539583333333332860e+01,3.872695080743089056e+04
5.541666666666666430e+01,3.872695116424161824e+04
5.543750000000000000e+01,3.872695176992093184e+04
5.545833333333332860e+01,3.872695262254352565e+04
5.547916666666666430e+01,3.872695372001796932e+04
5.550000000000000000e+01,3.872695506008841039e+04
5.552083333333332860e+01,3.872695664033685898e+04
5.554166666666666430e+01,3.872695845818434464e+04
5.556250000000000000e+01,3.872696051089327375e+04
5.558333333333332860e+01,3.872696279556926311e+04
5.560416666666666430e+01,3.872696530916343181e+04
5.562500000000000000e+01,3.872696804847477324e+04
5.564583333333332860e+01,3.872697101015241060e+04
5.566666666666666430e+01,3.872697419069817261e+04
5.568750000000000000e+01,3.872697758646919829e+04
5.570833333333332860e+01,3.872698119368057087e+04
5.572916666666666430e+01,3.872698500840830820e+04
5.575000000000000000e+01,3.872698902659226587e+04
5.577083333333332860e+01,3.872699324403880746e+04
5.579166666666666430e+01,3.872699765642443526e+04
5.581250000000000000e+01,3.872700225929875160e+04
5.583333333333332860e+01,3.872700704808764567e+04
5.585416666666666430e+01,3.872701201809689519e+04
5.587500000000000000e+01,3.872701716451558605e+04
5.589583333333332860e+01,3.872702248241982306e+04
5.591666666666666430e+01,3.872702796677591687e+04
5.593750000000000000e+01,3.872703361244477856e+04
5.595833333333332860e+01,3.872703941418509203e+04
5.597916666666666430e+01,3.872704536665800697e+04
5.600000000000000000e+01,3.872705146443012927e+04
5.602083333333332860e+01,3.872705770197851962e+04
5.604166666666666430e+01,3.872706407369380759e+04
5.606250000000000000e+01,3.872707057388556859e+04
5.608333333333332860e+01,3.872707719678550347e+04
5.610416666666666430e+01,3.872708393655244436e+04
5.612500000000000000e+01,3.872709078727604356e+04
5.614583333333332860e+01,3.872709774298215052e+04
5.616666666666666430e+01,3.872710479763621697e+04
5.618750000000000000e+01,3.872711194514874660e+04
5.620833333333332860e+01,3.872711917937926046e+04
5.622916666666666430e+01,3.872712649414114276e+04
5.625000000000000000e+01,3.872713388320636295e+04
5.627083333333332860e+01,3.872714134030997229e+04
5.629166666666666430e+01,3.872714885915503692e+04
5.631250000000000000e+01,3.872715643341735995e+04
5.633333333333332860e+01,3.872716405675008718e+04
5.635416666666666430e+01,3.872717172278879298e+04
5.637500000000000000e+01,3.872717942515619507e+04
5.639583333333332860e+01,3.872718715746701491e+04
5.641666666666666430e+01,3.872719491333274345e+04
5.643750000000000000e+01,3.872720268636674882e+04
5.645833333333332860e+01,3.872721047018907848e+04
5.647916666666666430e+01,3.872721825843119586e+04
5.650000000000000000e+01,3.872722604474110994e+04
5.652083333333332860e+01,3.872723382278802455e+04
5.654166666666666430e+01,3.872724158626742428e+04
5.656250000000000000e+01,3.872724932890591299e+04
5.658333333333332860e+01,3.872725704446566670e+04
5.660416666666666430e+01,3.872726472674976685e+04
5.662500000000000000e+01,3.872727236960670416e+04
5.664583333333332860e+01,3.872727996693508612e+04
5.666666666666666430e+01,3.872728751268833730e+04
5.668750000000000000e+01,3.872729500087917404e+04
5.670833333333332860e+01,3.872730242558463942e+04
5.672916666666666430e+01,3.872730978094980674e+04
5.675000000000000000e+01,3.872731706119287264e+04
5.677083333333332860e+01,3.872732426060905709e+04
5.679166666666666430e+01,3.872733137357464875e+04
5.681250000000000000e+01,3.872733839455149428e+04
5.683333333333332860e+01,3.872734531809037435e+04
5.685416666666666430e+01,3.872735213883504912e+04
5.687500000000000000e+01,3.872735885152590345e+04
5.689583333333332860e+01,3.872736545100300282e+04
5.691666666666666430e+01,3.872737193220952759e+04
5.693750000000000000e+01,3.872737829019455239e+04
5.695833333333332860e+01,3.872738452011593472e+04
5.697916666666666430e+01,3.872739061724269413e+04
5.700000000000000000e+01,3.872739657695707137e+04
5.702083333333332860e+01,3.872740239475674753e+04
5.704166666666666430e+01,3.872740806625623372e+04
5.706250000000000000e+01,3.872741358718818810e+04
5.708333333333332860e+01,3.872741895340466726e+04
5.710416666666666430e+01,3.872742416087773017e+04
5.712500000000000000e+01,3.872742920570017304e+04
5.714583333333332860e+01,3.872743408408538380e+04
5.716666666666666430e+01,3.872743879236765497e+04
5.718750000000000000e+01,3.872744332700214727e+04
5.720833333333332860e+01,3.872744768456436577e+04
5.722916666666666430e+01,3.872745186174988339e+04
5.725000000000000000e+01,3.872745585537415172e+04
5.727083333333332860e+01,3.872745966237223183e+04
5.729166666666666430e+01,3.872746327979865600e+04
5.731250000000000000e+01,3.872746670482781337e+04
5.733333333333332860e+01,3.872746993475440831e+04
5.735416666666666430e+01,3.872747296699455910e+04
5.737500000000000000e+01,3.872747579908742046e+04
5.739583333333332860e+01,3.872747842869742453e+04
5.741666666666666430e+01,3.872748085361715493e+04
5.743750000000000000e+01,3.872748307177107199e+04
5.745833333333332860e+01,3.872748508121971827e+04
5.747916666666666430e+01,3.872748688016527012e+04
5.750000000000000000e+01,3.872748846695631801e+04
5.752083333333332860e+01,3.872748984009551350e+04
5.754166666666666430e+01,3.872749099824510631e+04
5.756250000000000000e+01,3.872749194023485325e+04
5.758333333333332860e+01,3.872749266506868298e+04
5.760416666666666430e+01,3.872749317193224852e+04
5.762500000000000000e+01,3.872749346019947552e+04
5.764583333333332860e+01,3.872749352943882695e+04
5.766666666666666430e+01,3.872749337941910926e+04
5.768750000000000000e+01,3.872749301011430362e+04
5.770833333333332860e+01,3.872749242170684010e+04
5.772916666666666430e+01,3.872749161459083552e+04
5.775000000000000000e+01,3.872749058937289374e+04
5.777083333333332860e+01,3.872748934687230212e+04
5.779166666666666430e+01,3.872748788812030398e+04
5.781250000000000000e+01,3.872748621435753739e+04
5.783333333333332860e+01,3.872748432703064464e+04
5.785416666666666430e+01,3.872748222778860509e+04
5.787500000000000000e+01,3.872747991847715457e+04
5.789583333333332860e+01,3.872747740113394684e+04
5.791666666666666430e+01,3.872747467798239813e+04
5.793750000000000000e+01,3.872747175142554624e+04
5.795833333333332860e+01,3.872746862404050626e+04
5.797916666666666430e+01,3.872746529857196583e+04
5.800000000000000000e+01,3.872746177792680828e+04
5.802083333333332860e+01,3.872745806516847369e+04
5.804166666666666430e+01,3.872745416351204040e+04
5.806250000000000000e+01,3.872745007631930639e+04
5.808333333333332860e+01,3.872744580709432194e+04
5.810416666666666430e+01,3.872744135947974428e+04
5.812500000000000000e+01,3.872743673725254484e+04
5.814583333333332860e+01,3.872743194432081509e+04
5.816666666666666430e+01,3.872742698472028860e+04
5.818750000000000000e+01,3.872742186261098686e+04
5.820833333333332860e+01,3.872741658227408334e+04
5.822916666666666430e+01,3.872741114810880390e+04
5.825000000000000000e+01,3.872740556462905806e+04
5.827083333333332860e+01,3.872739983646060136e+04
5.829166666666666430e+01,3.872739396833731735e+04
5.831250000000000000e+01,3.872738796509834356e+04
5.833333333333332860e+01,3.872738183168433898e+04
5.835416666666666430e+01,3.872737557313423895e+04
5.837500000000000000e+01,3.872736919458204648e+04
5.839583333333332860e+01,3.872736270125317969e+04
5.841666666666666430e+01,3.872735609846087755e+04
5.843750000000000000e+01,3.872734939160325303e+04
5.845833333333332860e+01,3.872734258615916042e+04
5.847916666666666430e+01,3.872733568768540863e+04
5.850000000000000000e+01,3.872732870181279577e+04
5.852083333333332860e+01,3.872732163424278406e+04
5.854166666666666430e+01,3.872731449074410193e+04
5.856250000000000000e+01,3.872730727714893874e+04
5.858333333333332860e+01,3.872729999934964871e+04
5.860416666666666430e+01,3.872729266329496750e+04
5.862500000000000000e+01,3.872728527498600306e+04
5.864583333333332860e+01,3.872727784047285968e+04
5.866666666666666430e+01,3.872727036585067253e+04
5.868750000000000000e+01,3.872726285725539492e+04
5.870833333333332860e+01,3.872725532086018939e+04
5.872916666666666430e+01,3.872724776287102577e+04
5.875000000000000000e+01,3.872724018952285405e+04
5.877083333333332860e+01,3.872723260707498412e+04
5.879166666666666430e+01,3.872722502180751326e+04
5.881250000000000000e+01,3.872721744001648040e+04
5.883333333333332860e+01,3.872720986800998799e+04
5.885416666666666430e+01,3.872720231210361817e+04
5.887500000000000000e+01,3.872719477861656196e+04
5.889583333333332860e+01,3.872718727386693354e+04
5.891666666666666430e+01,3.872717980416765204e+04
5.893750000000000000e+01,3.872717237582208327e+04
5.895833333333332860e+01,3.872716499511965230e+04
5.897916666666666430e+01,3.872715766833191446e+04
5.900000000000000000e+01,3.872715040170760039e+04
5.902083333333332860e+01,3.872714320146891259e+04
5.904166666666666430e+01,3.872713607380715985e+04
5.906250000000000000e+01,3.872712902487786050e+04
5.908333333333332860e+01,3.872712206079725001e+04
5.910416666666666430e+01,3.872711518763745698e+04
5.912500000000000000e+01,3.872710841142247955e+04
5.914583333333332860e+01,3.872710173812381254e+04
5.916666666666666430e+01,3.872709517365620559e+04
5.918750000000000000e+01,3.872708872387355223e+04
5.920833333333332860e+01,3.872708239456460433e+04
5.922916666666666430e+01,3.872707619144890486e+04
5.925000000000000000e+01,3.872707012017256784e+04
5.927083333333332860e+01,3.872706418630438566e+04
5.929166666666666430e+01,3.872705839533164544e+04
5.931250000000000000e+01,3.872705275265599630e+04
5.933333333333332860e+01,3.872704726359010965e+04
5.935416666666666430e+01,3.872704193335322634e+04
5.937500000000000000e+01,3.872703676706745318e+04
5.939583333333332860e+01,3.872703176975432871e+04
5.941666666666666430e+01,3.872702694633087231e+04
5.943750000000000000e+01,3.872702230160580075e+04
5.945833333333332860e+01,3.872701784027643589e+04
5.947916666666666430e+01,3.872701356692472473e+04
5.950000000000000000e+01,3.872700948601416167e+04
5.952083333333332860e+01,3.872700560188610689e+04
5.954166666666666430e+01,3.872700191875689052e+04
5.956250000000000000e+01,3.872699844071434200e+04
5.958333333333332860e+01,3.872699517171465413e+04
5.960416666666666430e+01,3.872699211557946546e+04
5.962500000000000000e+01,3.872698927599279705e+04
5.964583333333332860e+01,3.872698665649832401e+04
5.966666666666666430e+01,3.872698426049655245e+04
5.968750000000000000e+01,3.872698209124188725e+04
5.970833333333332860e+01,3.872698015184038377e+04
5.972916666666666430e+01,3.872697844524717220e+04
5.975000000000000000e+01,3.872697697426382365e+04
5.977083333333332860e+01,3.872697574153646565e+04
5.979166666666666430e+01,3.872697474955322832e+04
5.981250000000000000e+01,3.872697400064220710e+04
5.983333333333332860e+01,3.872697349696970196e+04
5.985416666666666430e+01,3.872697324053844204e+04
5.987500000000000000e+01,3.872697323318499548e+04
5.989583333333332860e+01,3.872697347657926002e+04
5.991666666666666430e+01,3.872697397222203290e+04
5.993750000000000000e+01,3.872697472144412313e+04
5.995833333333332860e+01,3.872697572540459805e+04
5.997916666666666430e+01,3.872697698509015027e+04
