0.000000000000000000e+00,-1.515940409683426333e+04
2.083333333333333218e-02,5.703338965996717161e+04
4.166666666666666435e-02,4.229513219439794921e+04
6.250000000000000000e-02,4.138610205316189968e+04
8.333333333333332871e-02,4.034998566758245579e+04
1.041666666666666574e-01,3.926335528550901654e+04
1.250000000000000000e-01,3.847242637826385908e+04
1.458333333333333148e-01,3.807111996037075733e+04
1.666666666666666574e-01,3.801090063455761992e+04
1.875000000000000000e-01,3.817027659235792817e+04
2.083333333333333148e-01,3.840812996891196963e+04
2.291666666666666574e-01,3.861453755107138568e+04
2.500000000000000000e-01,3.874306230533016060e+04
2.708333333333333148e-01,3.880101110496347974e+04
2.916666666666666297e-01,3.881184454846712470e+04
3.125000000000000000e-01,3.879179768708919437e+04
3.333333333333333148e-01,3.875412577178351785e+04
3.541666666666666297e-01,3.871583840101819806e+04
3.750000000000000000e-01,3.869026929263846978e+04
3.958333333333333148e-01,3.867879494775757485e+04
4.166666666666666297e-01,3.867544090724177659e+04
4.375000000000000000e-01,3.867640785899392358e+04
4.583333333333333148e-01,3.868159152805654594e+04
4.791666666666666297e-01,3.869002880094205466e+04
5.000000000000000000e-01,3.869866960344331164e+04
5.208333333333332593e-01,3.870549584674935613e+04
5.416666666666666297e-01,3.871098477111955435e+04
5.625000000000000000e-01,3.871607113352468150e+04
5.833333333333332593e-01,3.872044927140803338e+04
6.041666666666666297e-01,3.872338737542641320e+04
6.250000000000000000e-01,3.872493805432467343e+04
6.458333333333332593e-01,3.872561655862842599e+04
6.666666666666666297e-01,3.872554226729713264e+04
6.875000000000000000e-01,3.872451169976887468e+04
7.083333333333332593e-01,3.872260647470816184e+04
7.291666666666666297e-01,3.872026332267056569e+04
7.500000000000000000e-01,3.871786337744812772e+04
7.708333333333332593e-01,3.871557417371768679e+04
7.916666666666666297e-01,3.871355267930276750e+04
8.125000000000000000e-01,3.871204762318218854e+04
8.333333333333332593e-01,3.871125015325954155e+04
8.541666666666666297e-01,3.871117836909865582e+04
8.750000000000000000e-01,3.871175019527223048e+04
8.958333333333332593e-01,3.871288024141288042e+04
9.166666666666666297e-01,3.871446490304861072e+04
9.375000000000000000e-01,3.871633832136827550e+04
9.583333333333332593e-01,3.871830155520468543e+04
9.791666666666666297e-01,3.872018428604501969e+04
1.000000000000000000e+00,3.872186010340000212e+04
1.020833333333333259e+00,3.872322691558516817e+04
1.041666666666666519e+00,3.872420688826873811e+04
1.062500000000000000e+00,3.872476735373344127e+04
1.083333333333333259e+00,3.872492627943127445e+04
1.104166666666666519e+00,3.872473540507633152e+04
1.125000000000000000e+00,3.872426539234304801e+04
1.145833333333333259e+00,3.872360317308000231e+04
1.166666666666666519e+00,3.872284803758092312e+04
1.187500000000000000e+00,3.872209852801766101e+04
1.208333333333333259e+00,3.872143917963135027e+04
1.229166666666666519e+00,3.872093527948267729e+04
1.250000000000000000e+00,3.872063189309574227e+04
1.270833333333333259e+00,3.872055154847440281e+04
1.291666666666666519e+00,3.872069235271571233e+04
1.312500000000000000e+00,3.872103052710810152e+04
1.333333333333333259e+00,3.872152639757568977e+04
1.354166666666666519e+00,3.872213023979384161e+04
1.375000000000000000e+00,3.872278712141516007e+04
1.395833333333333259e+00,3.872344213215640048e+04
1.416666666666666519e+00,3.872404599393625540e+04
1.437500000000000000e+00,3.872455940050770005e+04
1.458333333333333259e+00,3.872495527770804620e+04
1.479166666666666519e+00,3.872521963475918164e+04
1.500000000000000000e+00,3.872535158248880907e+04
1.520833333333333259e+00,3.872536226275316585e+04
1.541666666666666519e+00,3.872527250563415873e+04
1.562500000000000000e+00,3.872510972665082227e+04
1.583333333333333259e+00,3.872490472539587063e+04
1.604166666666666519e+00,3.872468862814483145e+04
1.625000000000000000e+00,3.872449002338545688e+04
1.645833333333333259e+00,3.872433253402782429e+04
1.666666666666666519e+00,3.872423315151521092e+04
1.687500000000000000e+00,3.872420143347190606e+04
1.708333333333333259e+00,3.872423945525474846e+04
1.729166666666666519e+00,3.872434240600958583e+04
1.750000000000000000e+00,3.872449976281354611e+04
1.770833333333333259e+00,3.872469690514975809e+04
1.791666666666666519e+00,3.872491693822879461e+04
1.812500000000000000e+00,3.872514250318168342e+04
1.833333333333333259e+00,3.872535742417770962e+04
1.854166666666666519e+00,3.872554808048604173e+04
1.875000000000000000e+00,3.872570439959476789e+04
1.895833333333333259e+00,3.872582040495915862e+04
1.916666666666666519e+00,3.872589431935222092e+04
1.937500000000000000e+00,3.872592827527715417e+04
1.958333333333333259e+00,3.872592770308067702e+04
1.979166666666666519e+00,3.872590048033722269e+04
2.000000000000000000e+00,3.872585594460714492e+04
2.020833333333333037e+00,3.872580387996118225e+04
2.041666666666666519e+00,3.872575357535863441e+04
2.062500000000000000e+00,3.872571303061853541e+04
2.083333333333333037e+00,3.872568836504505452e+04
2.104166666666666519e+00,3.872568346296033269e+04
2.125000000000000000e+00,3.872569986492037424e+04
2.145833333333333037e+00,3.872573688721108192e+04
2.166666666666666519e+00,3.872579193247995136e+04
2.187500000000000000e+00,3.872586094227458671e+04
2.208333333333333037e+00,3.872593893505711458e+04
2.229166666666666519e+00,3.872602057052029704e+04
2.250000000000000000e+00,3.872610068450734252e+04
2.270833333333333037e+00,3.872617474829016282e+04
2.291666666666666519e+00,3.872623921860429982e+04
2.312500000000000000e+00,3.872629175839172967e+04
2.333333333333333037e+00,3.872633132197411032e+04
2.354166666666666519e+00,3.872635811169726367e+04
2.375000000000000000e+00,3.872637342442754743e+04
2.395833333333333037e+00,3.872637941432914522e+04
2.416666666666666519e+00,3.872637880290376052e+04
2.437500000000000000e+00,3.872637456867198489e+04
2.458333333333333037e+00,3.872636964730358886e+04
2.479166666666666519e+00,3.872636666868563771e+04
2.500000000000000000e+00,3.872636775102122192e+04
2.520833333333333037e+00,3.872637436456308205e+04
2.541666666666666519e+00,3.872638726984516688e+04
2.562500000000000000e+00,3.872640652792569745e+04
2.583333333333333037e+00,3.872643157375677401e+04
2.604166666666666519e+00,3.872646133894121158e+04
2.625000000000000000e+00,3.872649440710074850e+04
2.645833333333333037e+00,3.872652918396004679e+04
2.666666666666666519e+00,3.872656406486903143e+04
2.687500000000000000e+00,3.872659758462001628e+04
2.708333333333333037e+00,3.872662853773941606e+04
2.729166666666666519e+00,3.872665606147492508e+04
2.750000000000000000e+00,3.872667967800523184e+04
2.770833333333333037e+00,3.872669929653259896e+04
2.791666666666666519e+00,3.872671517952736758e+04
2.812500000000000000e+00,3.872672788022106397e+04
2.833333333333333037e+00,3.872673816029445879e+04
2.854166666666666519e+00,3.872674689752744598e+04
2.875000000000000000e+00,3.872675499300641241e+04
2.895833333333333037e+00,3.872676328646049660e+04
2.916666666666666519e+00,3.872677248659869656e+04
2.937500000000000000e+00,3.872678312117550377e+04
2.958333333333333037e+00,3.872679550917600136e+04
2.979166666666666519e+00,3.872680975521505752e+04
3.000000000000000000e+00,3.872682576418893586e+04
3.020833333333333037e+00,3.872684327258528356e+04
3.041666666666666519e+00,3.872686189171862497e+04
3.062500000000000000e+00,3.872688115759583889e+04
3.083333333333333037e+00,3.872690058209413837e+04
3.104166666666666519e+00,3.872691970061072061e+04
3.125000000000000000e+00,3.872693811220648058e+04
3.145833333333333037e+00,3.872695550939963141e+04
3.166666666666666519e+00,3.872697169603467773e+04
3.187500000000000000e+00,3.872698659292171214e+04
3.208333333333333037e+00,3.872700023209955543e+04
3.229166666666666519e+00,3.872701274152002588e+04
3.250000000000000000e+00,3.872702432263326773e+04
3.270833333333333037e+00,3.872703522372203588e+04
3.291666666666666519e+00,3.872704571190676506e+04
3.312500000000000000e+00,3.872705604653722548e+04
3.333333333333333037e+00,3.872706645625481178e+04
3.354166666666666519e+00,3.872707712141675438e+04
3.375000000000000000e+00,3.872708816289444076e+04
3.395833333333333037e+00,3.872709963755877106e+04
3.416666666666666519e+00,3.872711154011991312e+04
3.437500000000000000e+00,3.872712381044044741e+04
3.458333333333333037e+00,3.872713634504144284e+04
3.479166666666666519e+00,3.872714901127808116e+04
3.500000000000000000e+00,3.872716166258903831e+04
3.520833333333333037e+00,3.872717415330492804e+04
3.541666666666666519e+00,3.872718635170639027e+04
3.562500000000000000e+00,3.872719815033989289e+04
3.583333333333333037e+00,3.872720947294887446e+04
3.604166666666666519e+00,3.872722027777248877e+04
3.625000000000000000e+00,3.872723055731403292e+04
3.645833333333333037e+00,3.872724033500012592e+04
3.666666666666666519e+00,3.872724965938357491e+04
3.687500000000000000e+00,3.872725859669972124e+04
3.708333333333333037e+00,3.872726722264046111e+04
3.729166666666666519e+00,3.872727561418631376e+04
3.750000000000000000e+00,3.872728384224067122e+04
3.770833333333333037e+00,3.872729196564658923e+04
3.791666666666666519e+00,3.872730002698083990e+04
3.812500000000000000e+00,3.872730805030983174e+04
3.833333333333333037e+00,3.872731604089367465e+04
3.854166666666666519e+00,3.872732398664487846e+04
3.875000000000000000e+00,3.872733186101447791e+04
3.895833333333333037e+00,3.872733962688097381e+04
3.916666666666666519e+00,3.872734724097359867e+04
3.937500000000000000e+00,3.872735465836688672e+04
3.958333333333333037e+00,3.872736183663074917e+04
3.979166666666666519e+00,3.872736873929042486e+04
4.000000000000000000e+00,3.872737533836551302e+04
4.020833333333333037e+00,3.872738161585432681e+04
4.041666666666666075e+00,3.872738756415068201e+04
4.062500000000000000e+00,3.872739318547278526e+04
4.083333333333333037e+00,3.872739849047145981e+04
4.104166666666666075e+00,3.872740349623283691e+04
4.125000000000000000e+00,3.872740822393038252e+04
4.145833333333333037e+00,3.872741269637794176e+04
4.166666666666666075e+00,3.872741693571872020e+04
4.187500000000000000e+00,3.872742096144702373e+04
4.208333333333333037e+00,3.872742478890556231e+04
4.229166666666666075e+00,3.872742842834042676e+04
4.250000000000000000e+00,3.872743188454111078e+04
4.270833333333333037e+00,3.872743515702855802e+04
4.291666666666666075e+00,3.872743824071498238e+04
4.312500000000000000e+00,3.872744112692301132e+04
4.333333333333333037e+00,3.872744380462739355e+04
4.354166666666666075e+00,3.872744626178484759e+04
4.375000000000000000e+00,3.872744848662013828e+04
4.395833333333333037e+00,3.872745046875354456e+04
4.416666666666666075e+00,3.872745220008795150e+04
4.437500000000000000e+00,3.872745367540133157e+04
4.458333333333333037e+00,3.872745489262145566e+04
4.479166666666666075e+00,3.872745585279752413e+04
4.500000000000000000e+00,3.872745655980106676e+04
4.520833333333333037e+00,3.872745701981718594e+04
4.541666666666666075e+00,3.872745724069506105e+04
4.562500000000000000e+00,3.872745723123182688e+04
4.583333333333333037e+00,3.872745700046340062e+04
4.604166666666666075e+00,3.872745655702632939e+04
4.625000000000000000e+00,3.872745590863875259e+04
4.645833333333333037e+00,3.872745506173743343e+04
4.666666666666666075e+00,3.872745402128228307e+04
4.687500000000000000e+00,3.872745279073100392e+04
4.708333333333333037e+00,3.872745137216466537e+04
4.729166666666666075e+00,3.872744976653503545e+04
4.750000000000000000e+00,3.872744797399982053e+04
4.770833333333333037e+00,3.872744599430291419e+04
4.791666666666666075e+00,3.872744382716163091e+04
4.812500000000000000e+00,3.872744147262217302e+04
4.833333333333333037e+00,3.872743893135678809e+04
4.854166666666666075e+00,3.872743620488294982e+04
4.875000000000000000e+00,3.872743329568806803e+04
4.895833333333333037e+00,3.872743020726476243e+04
4.916666666666666075e+00,3.872742694405997463e+04
4.937500000000000000e+00,3.872742351135222270e+04
4.958333333333333037e+00,3.872741991507834609e+04
4.979166666666666075e+00,3.872741616162697755e+04
5.000000000000000000e+00,3.872741225762489194e+04
5.020833333333333037e+00,3.872740820973415975e+04
5.041666666666666075e+00,3.872740402447711676e+04
5.062500000000000000e+00,3.872739970810274826e+04
5.083333333333333037e+00,3.872739526649998879e+04
5.104166666666666075e+00,3.872739070516200445e+04
5.125000000000000000e+00,3.872738602919760160e+04
5.145833333333333037e+00,3.872738124338357011e+04
5.166666666666666075e+00,3.872737635224704718e+04
5.187500000000000000e+00,3.872737136017022567e+04
5.208333333333333037e+00,3.872736627149959531e+04
5.229166666666666075e+00,3.872736109065400524e+04
5.250000000000000000e+00,3.872735582221948425e+04
5.270833333333333037e+00,3.872735047102203680e+04
5.291666666666666075e+00,3.872734504217669019e+04
5.312500000000000000e+00,3.872733954110860213e+04
5.333333333333333037e+00,3.872733397354839690e+04
5.354166666666666075e+00,3.872732834550286498e+04
5.375000000000000000e+00,3.872732266320894269e+04
5.395833333333333037e+00,3.872731693307400565e+04
5.416666666666666075e+00,3.872731116161123646e+04
5.437500000000000000e+00,3.872730535537272954e+04
5.458333333333333037e+00,3.872729952089196013e+04
5.479166666666666075e+00,3.872729366463352926e+04
5.500000000000000000e+00,3.872728779295654385e+04
5.520833333333333037e+00,3.872728191209455690e+04
5.541666666666666075e+00,3.872727602814567217e+04
5.562500000000000000e+00,3.872727014708071511e+04
5.583333333333333037e+00,3.872726427475918172e+04
5.604166666666666075e+00,3.872725841695290728e+04
5.625000000000000000e+00,3.872725257937528659e+04
5.645833333333333037e+00,3.872724676771023223e+04
5.666666666666666075e+00,3.872724098763911024e+04
5.687500000000000000e+00,3.872723524486265524e+04
5.708333333333333037e+00,3.872722954511635908e+04
5.729166666666666075e+00,3.872722389417776867e+04
5.750000000000000000e+00,3.872721829786608578e+04
5.770833333333333037e+00,3.872721276203521847e+04
5.791666666666666075e+00,3.872720729255859624e+04
5.812500000000000000e+00,3.872720189531107462e+04
5.833333333333333037e+00,3.872719657614753669e+04
5.854166666666666075e+00,3.872719134088141436e+04
5.875000000000000000e+00,3.872718619526170369e+04
5.895833333333333037e+00,3.872718114495484042e+04
5.916666666666666075e+00,3.872717619552942051e+04
5.937500000000000000e+00,3.872717135244391829e+04
5.958333333333333037e+00,3.872716662103994895e+04
5.979166666666666075e+00,3.872716200653916167e+04
6.000000000000000000e+00,3.872715751404388720e+04
6.020833333333333037e+00,3.872715314854039752e+04
6.041666666666666075e+00,3.872714891490458103e+04
6.062500000000000000e+00,3.872714481790787977e+04
6.083333333333333037e+00,3.872714086222309561e+04
6.104166666666666075e+00,3.872713705242979631e+04
6.125000000000000000e+00,3.872713339301724045e+04
6.145833333333333037e+00,3.872712988838602178e+04
6.166666666666666075e+00,3.872712654284697055e+04
6.187500000000000000e+00,3.872712336061810493e+04
6.208333333333333037e+00,3.872712034581926855e+04
6.229166666666666075e+00,3.872711750246572046e+04
6.250000000000000000e+00,3.872711483446050261e+04
6.270833333333333037e+00,3.872711234558565775e+04
6.291666666666666075e+00,3.872711003949454607e+04
6.312500000000000000e+00,3.872710791970415448e+04
6.333333333333333037e+00,3.872710598958838818e+04
6.354166666666666075e+00,3.872710425237235177e+04
6.375000000000000000e+00,3.872710271112799091e+04
6.395833333333333037e+00,3.872710136877193872e+04
6.416666666666666075e+00,3.872710022806302004e+04
6.437500000000000000e+00,3.872709929160232423e+04
6.458333333333333037e+00,3.872709856183335069e+04
6.479166666666666075e+00,3.872709804104252544e+04
6.500000000000000000e+00,3.872709773136008880e+04
6.520833333333333037e+00,3.872709763476139779e+04
6.541666666666666075e+00,3.872709775306697702e+04
6.562500000000000000e+00,3.872709808794303535e+04
6.583333333333333037e+00,3.872709864090068004e+04
6.604166666666666075e+00,3.872709941329554567e+04
6.625000000000000000e+00,3.872710040632540768e+04
6.645833333333333037e+00,3.872710162102883623e+04
6.666666666666666075e+00,3.872710305828268611e+04
6.687500000000000000e+00,3.872710471880003752e+04
6.708333333333333037e+00,3.872710660312686377e+04
6.729166666666666075e+00,3.872710871164117270e+04
6.750000000000000000e+00,3.872711104454960150e+04
6.770833333333333037e+00,3.872711360188726394e+04
6.791666666666666075e+00,3.872711638351529109e+04
6.812500000000000000e+00,3.872711938912170444e+04
6.833333333333333037e+00,3.872712261822017899e+04
6.854166666666666075e+00,3.872712607015101094e+04
6.875000000000000000e+00,3.872712974408120499e+04
6.895833333333333037e+00,3.872713363900640252e+04
6.916666666666666075e+00,3.872713775375128898e+04
6.937500000000000000e+00,3.872714208697097638e+04
6.958333333333333037e+00,3.872714663715304050e+04
6.979166666666666075e+00,3.872715140261790657e+04
7.000000000000000000e+00,3.872715638152050087e+04
7.020833333333333037e+00,3.872716157185149495e+04
7.041666666666666075e+00,3.872716697143880447e+04
7.062500000000000000e+00,3.872717257794779289e+04
7.083333333333333037e+00,3.872717838888307597e+04
7.104166666666666075e+00,3.872718440158865997e+04
7.125000000000000000e+00,3.872719061325019720e+04
7.145833333333333037e+00,3.872719702089540806e+04
7.166666666666666075e+00,3.872720362139543431e+04
7.187500000000000000e+00,3.872721041146673815e+04
7.208333333333333037e+00,3.872721738767255010e+04
7.229166666666666075e+00,3.872722454642500088e+04
7.250000000000000000e+00,3.872723188398720231e+04
7.270833333333333037e+00,3.872723939647545194e+04
7.291666666666666075e+00,3.872724707986247086e+04
7.312500000000000000e+00,3.872725492997924448e+04
7.333333333333333037e+00,3.872726294251838408e+04
7.354166666666666075e+00,3.872727111303751008e+04
7.375000000000000000e+00,3.872727943696135480e+04
7.395833333333333037e+00,3.872728790958566242e+04
7.416666666666666075e+00,3.872729652608055767e+04
7.437500000000000000e+00,3.872730528149320889e+04
7.458333333333333037e+00,3.872731417075129139e+04
7.479166666666666075e+00,3.872732318866633432e+04
7.500000000000000000e+00,3.872733232993742422e+04
7.520833333333333037e+00,3.872734158915380976e+04
7.541666666666666075e+00,3.872735096079928917e+04
7.562500000000000000e+00,3.872736043925496779e+04
7.583333333333333037e+00,3.872737001880344906e+04
7.604166666666666075e+00,3.872737969363205048e+04
7.625000000000000000e+00,3.872738945783692179e+04
7.645833333333333037e+00,3.872739930542667571e+04
7.666666666666666075e+00,3.872740923032702995e+04
7.687500000000000000e+00,3.872741922638385586e+04
7.708333333333333037e+00,3.872742928736817703e+04
7.729166666666666075e+00,3.872743940697996004e+04
7.750000000000000000e+00,3.872744957885312760e+04
7.770833333333333037e+00,3.872745979655875999e+04
7.791666666666666075e+00,3.872747005361091578e+04
7.812500000000000000e+00,3.872748034346986242e+04
7.833333333333333037e+00,3.872749065954786784e+04
7.854166666666666075e+00,3.872750099521204538e+04
7.875000000000000000e+00,3.872751134379034193e+04
7.895833333333333037e+00,3.872752169857605622e+04
7.916666666666666075e+00,3.872753205283138959e+04
7.937500000000000000e+00,3.872754239979296108e+04
7.958333333333333037e+00,3.872755273267574375e+04
7.979166666666666075e+00,3.872756304467833979e+04
8.000000000000000000e+00,3.872757332898734603e+04
8.020833333333332149e+00,3.872758357878144307e+04
8.041666666666666075e+00,3.872759378723693226e+04
8.062500000000000000e+00,3.872760394753217406e+04
8.083333333333332149e+00,3.872761405285173532e+04
8.104166666666666075e+00,3.872762409639160614e+04
8.125000000000000000e+00,3.872763407136355818e+04
8.145833333333332149e+00,3.872764397100044880e+04
8.166666666666666075e+00,3.872765378856034658e+04
8.187500000000000000e+00,3.872766351733078773e+04
8.208333333333332149e+00,3.872767315063472779e+04
8.229166666666666075e+00,3.872768268183404871e+04
8.250000000000000000e+00,3.872769210433521948e+04
8.270833333333332149e+00,3.872770141159257764e+04
8.291666666666666075e+00,3.872771059711418638e+04
8.312500000000000000e+00,3.872771965446588729e+04
8.333333333333332149e+00,3.872772857727594237e+04
8.354166666666666075e+00,3.872773735923931963e+04
8.375000000000000000e+00,3.872774599412241514e+04
8.395833333333332149e+00,3.872775447576854640e+04
8.416666666666666075e+00,3.872776279810049891e+04
8.437500000000000000e+00,3.872777095512677624e+04
8.458333333333332149e+00,3.872777894094576914e+04
8.479166666666666075e+00,3.872778674975018657e+04
8.500000000000000000e+00,3.872779437583170511e+04
8.520833333333332149e+00,3.872780181358580739e+04
8.541666666666666075e+00,3.872780905751687533e+04
8.562500000000000000e+00,3.872781610224310862e+04
8.583333333333332149e+00,3.872782294250109408e+04
8.604166666666666075e+00,3.872782957315149542e+04
8.625000000000000000e+00,3.872783598918453208e+04
8.645833333333332149e+00,3.872784218572542159e+04
8.666666666666666075e+00,3.872784815804003301e+04
8.687500000000000000e+00,3.872785390154104971e+04
8.708333333333332149e+00,3.872785941179472138e+04
8.729166666666666075e+00,3.872786468452699773e+04
8.750000000000000000e+00,3.872786971563007683e+04
8.770833333333332149e+00,3.872787450117018307e+04
8.791666666666666075e+00,3.872787903739479952e+04
8.812500000000000000e+00,3.872788332073971833e+04
8.833333333333332149e+00,3.872788734783729888e+04
8.854166666666666075e+00,3.872789111552342365e+04
8.875000000000000000e+00,3.872789462084596744e+04
8.895833333333332149e+00,3.872789786107120744e+04
8.916666666666666075e+00,3.872790083369180502e+04
8.937500000000000000e+00,3.872790353643194248e+04
8.958333333333332149e+00,3.872790596725350770e+04
8.979166666666666075e+00,3.872790812435947737e+04
9.000000000000000000e+00,3.872791000619740225e+04
9.020833333333332149e+00,3.872791161145984370e+04
9.041666666666666075e+00,3.872791293908326043e+04
9.062500000000000000e+00,3.872791398824460339e+04
9.083333333333332149e+00,3.872791475835535675e+04
9.104166666666666075e+00,3.872791524905319966e+04
9.125000000000000000e+00,3.872791546019154339e+04
9.145833333333332149e+00,3.872791539182488486e+04
9.166666666666666075e+00,3.872791504419402190e+04
9.187500000000000000e+00,3.872791441770934034e+04
9.208333333333332149e+00,3.872791351293118350e+04
9.229166666666666075e+00,3.872791233055175690e+04
9.250000000000000000e+00,3.872791087137679278e+04
9.270833333333332149e+00,3.872790913630630530e+04
9.291666666666666075e+00,3.872790712632083159e+04
9.312500000000000000e+00,3.872790484246736742e+04
9.333333333333332149e+00,3.872790228584952274e+04
9.354166666666666075e+00,3.872789945762124989e+04
9.375000000000000000e+00,3.872789635898549750e+04
9.395833333333332149e+00,3.872789299119501811e+04
9.416666666666666075e+00,3.872788935555925855e+04
9.437500000000000000e+00,3.872788545345268358e+04
9.458333333333332149e+00,3.872788128632713779e+04
9.479166666666666075e+00,3.872787685572631017e+04
9.500000000000000000e+00,3.872787216330075171e+04
9.520833333333332149e+00,3.872786721082439180e+04
9.541666666666666075e+00,3.872786200020855176e+04
9.562500000000000000e+00,3.872785653351719520e+04
9.583333333333332149e+00,3.872785081297900615e+04
9.604166666666666075e+00,3.872784484099629481e+04
9.625000000000000000e+00,3.872783862015301565e+04
9.645833333333332149e+00,3.872783215321924945e+04
9.666666666666666075e+00,3.872782544315182895e+04
9.687500000000000000e+00,3.872781849309477548e+04
9.708333333333332149e+00,3.872781130637627939e+04
9.729166666666666075e+00,3.872780388650351233e+04
9.750000000000000000e+00,3.872779623715803609e+04
9.770833333333332149e+00,3.872778836218870129e+04
9.791666666666666075e+00,3.872778026560512080e+04
9.812500000000000000e+00,3.872777195157140522e+04
9.833333333333332149e+00,3.872776342440005828e+04
9.854166666666666075e+00,3.872775468854642531e+04
9.875000000000000000e+00,3.872774574860304710e+04
9.895833333333332149e+00,3.872773660929640027e+04
9.916666666666666075e+00,3.872772727548313560e+04
9.937500000000000000e+00,3.872771775214670197e+04
9.958333333333332149e+00,3.872770804439477797e+04
9.979166666666666075e+00,3.872769815745660890e+04
1.000000000000000000e+01,3.872768809668108588e+04
1.002083333333333215e+01,3.872767786753358814e+04
1.004166666666666607e+01,3.872766747559303622e+04
1.006250000000000000e+01,3.872765692654922168e+04
1.008333333333333215e+01,3.872764622619872534e+04
1.010416666666666607e+01,3.872763538044140296e+04
1.012500000000000000e+01,3.872762439527565584e+04
1.014583333333333215e+01,3.872761327679440001e+04
1.016666666666666607e+01,3.872760203117976198e+04
1.018750000000000000e+01,3.872759066469849495e+04
1.020833333333333215e+01,3.872757918369680556e+04
1.022916666666666607e+01,3.872756759459570458e+04
1.025000000000000000e+01,3.872755590388565179e+04
1.027083333333333215e+01,3.872754411812229228e+04
1.029166666666666607e+01,3.872753224392187985e+04
1.031250000000000000e+01,3.872752028795633669e+04
1.033333333333333215e+01,3.872750825694954983e+04
1.035416666666666607e+01,3.872749615767299838e+04
1.037500000000000000e+01,3.872748399694150430e+04
1.039583333333333215e+01,3.872747178160995827e+04
1.041666666666666607e+01,3.872745951856835018e+04
1.043750000000000000e+01,3.872744721473865502e+04
1.045833333333333215e+01,3.872743487707003078e+04
1.047916666666666607e+01,3.872742251253558788e+04
1.050000000000000000e+01,3.872741012812711415e+04
1.052083333333333215e+01,3.872739773085134948e+04
1.054166666666666607e+01,3.872738532772508916e+04
1.056250000000000000e+01,3.872737292577199696e+04
1.058333333333333215e+01,3.872736053201608593e+04
1.060416666666666607e+01,3.872734815347855329e+04
1.062500000000000000e+01,3.872733579717232351e+04
1.064583333333333215e+01,3.872732347009779187e+04
1.066666666666666607e+01,3.872731117923810962e+04
1.068750000000000000e+01,3.872729893155432364e+04
1.070833333333333215e+01,3.872728673398123647e+04
1.072916666666666607e+01,3.872727459342256770e+04
1.075000000000000000e+01,3.872726251674677042e+04
1.077083333333333215e+01,3.872725051078222168e+04
1.079166666666666607e+01,3.872723858231349004e+04
1.081250000000000000e+01,3.872722673807642423e+04
1.083333333333333215e+01,3.872721498475450062e+04
1.085416666666666607e+01,3.872720332897419576e+04
1.087500000000000000e+01,3.872719177730094088e+04
1.089583333333333215e+01,3.872718033623487281e+04
1.091666666666666607e+01,3.872716901220742147e+04
1.093750000000000000e+01,3.872715781157561287e+04
1.095833333333333215e+01,3.872714674061990809e+04
1.097916666666666607e+01,3.872713580553873908e+04
1.100000000000000000e+01,3.872712501244487794e+04
1.102083333333333215e+01,3.872711436736221367e+04
1.104166666666666607e+01,3.872710387621982227e+04
1.106250000000000000e+01,3.872709354485046788e+04
1.108333333333333215e+01,3.872708337898540776e+04
1.110416666666666607e+01,3.872707338425067428e+04
1.112500000000000000e+01,3.872706356616345874e+04
1.114583333333333215e+01,3.872705393012845889e+04
1.116666666666666607e+01,3.872704448143534682e+04
1.118750000000000000e+01,3.872703522525336302e+04
1.120833333333333215e+01,3.872702616662937362e+04
1.122916666666666607e+01,3.872701731048432703e+04
1.125000000000000000e+01,3.872700866160940495e+04
1.127083333333333215e+01,3.872700022466429073e+04
1.129166666666666607e+01,3.872699200417228712e+04
1.131250000000000000e+01,3.872698400451883936e+04
1.133333333333333215e+01,3.872697622994823905e+04
1.135416666666666607e+01,3.872696868456059747e+04
1.137500000000000000e+01,3.872696137230876047e+04
1.139583333333333215e+01,3.872695429699755914e+04
1.141666666666666607e+01,3.872694746227912401e+04
1.143750000000000000e+01,3.872694087165121891e+04
1.145833333333333215e+01,3.872693452845566935e+04
1.147916666666666607e+01,3.872692843587520474e+04
1.150000000000000000e+01,3.872692259693180677e+04
1.152083333333333215e+01,3.872691701448439562e+04
1.154166666666666607e+01,3.872691169122727297e+04
1.156250000000000000e+01,3.872690662968814286e+04
1.158333333333333215e+01,3.872690183222637279e+04
1.160416666666666607e+01,3.872689730103137845e+04
1.162500000000000000e+01,3.872689303812153230e+04
1.164583333333333215e+01,3.872688904534260655e+04
1.166666666666666607e+01,3.872688532436617970e+04
1.168750000000000000e+01,3.872688187668937462e+04
1.170833333333333215e+01,3.872687870363295951e+04
1.172916666666666607e+01,3.872687580634115147e+04
1.175000000000000000e+01,3.872687318578059057e+04
1.177083333333333215e+01,3.872687084273972141e+04
1.179166666666666607e+01,3.872686877782832744e+04
1.181250000000000000e+01,3.872686699147709442e+04
1.183333333333333215e+01,3.872686548393760313e+04
1.185416666666666607e+01,3.872686425528155814e+04
1.187500000000000000e+01,3.872686330540150084e+04
1.189583333333333215e+01,3.872686263401032920e+04
1.191666666666666607e+01,3.872686224064204725e+04
1.193750000000000000e+01,3.872686212465135759e+04
1.195833333333333215e+01,3.872686228521513112e+04
1.197916666666666607e+01,3.872686272133176681e+04
1.200000000000000000e+01,3.872686343182280689e+04
1.202083333333333215e+01,3.872686441533365723e+04
1.204166666666666607e+01,3.872686567033410392e+04
1.206250000000000000e+01,3.872686719511979754e+04
1.208333333333333215e+01,3.872686898781319906e+04
1.210416666666666607e+01,3.872687104636523873e+04
1.212500000000000000e+01,3.872687336855591275e+04
1.214583333333333215e+01,3.872687595199694624e+04
1.216666666666666607e+01,3.872687879413257906e+04
1.218750000000000000e+01,3.872688189224211965e+04
1.220833333333333215e+01,3.872688524344086181e+04
1.222916666666666607e+01,3.872688884468288597e+04
1.225000000000000000e+01,3.872689269276308187e+04
1.227083333333333215e+01,3.872689678431903303e+04
1.229166666666666607e+01,3.872690111583391990e+04
1.231250000000000000e+01,3.872690568363785133e+04
1.233333333333333215e+01,3.872691048391193181e+04
1.235416666666666607e+01,3.872691551269022602e+04
1.237500000000000000e+01,3.872692076586222538e+04
1.239583333333333215e+01,3.872692623917583114e+04
1.241666666666666607e+01,3.872693192824094876e+04
1.243750000000000000e+01,3.872693782853190351e+04
1.245833333333333215e+01,3.872694393539086741e+04
1.247916666666666607e+01,3.872695024403095886e+04
1.250000000000000000e+01,3.872695674953995331e+04
1.252083333333333215e+01,3.872696344688346289e+04
1.254166666666666607e+01,3.872697033090849436e+04
1.256250000000000000e+01,3.872697739634723257e+04
1.258333333333333215e+01,3.872698463782029285e+04
1.260416666666666607e+01,3.872699204984134849e+04
1.262500000000000000e+01,3.872699962682013575e+04
1.264583333333333215e+01,3.872700736306692852e+04
1.266666666666666607e+01,3.872701525279662019e+04
1.268750000000000000e+01,3.872702329013222334e+04
1.270833333333333215e+01,3.872703146910957730e+04
1.272916666666666607e+01,3.872703978368136450e+04
1.275000000000000000e+01,3.872704822772160696e+04
1.277083333333333215e+01,3.872705679502972635e+04
1.279166666666666607e+01,3.872706547933509864e+04
1.281250000000000000e+01,3.872707427430128882e+04
1.283333333333333215e+01,3.872708317353117309e+04
1.285416666666666607e+01,3.872709217057068599e+04
1.287500000000000000e+01,3.872710125891388452e+04
1.289583333333333215e+01,3.872711043200758286e+04
1.291666666666666607e+01,3.872711968325623457e+04
1.293750000000000000e+01,3.872712900602562877e+04
1.295833333333333215e+01,3.872713839364898740e+04
1.297916666666666607e+01,3.872714783943070506e+04
1.300000000000000000e+01,3.872715733665212611e+04
1.302083333333333215e+01,3.872716687857506622e+04
1.304166666666666607e+01,3.872717645844769868e+04
1.306250000000000000e+01,3.872718606950895628e+04
1.308333333333333215e+01,3.872719570499344991e+04
1.310416666666666607e+01,3.872720535813624156e+04
1.312500000000000000e+01,3.872721502217770467e+04
1.314583333333333215e+01,3.872722469036847178e+04
1.316666666666666607e+01,3.872723435597420757e+04
1.318750000000000000e+01,3.872724401228025818e+04
1.320833333333333215e+01,3.872725365259664977e+04
1.322916666666666607e+01,3.872726327026273066e+04
1.325000000000000000e+01,3.872727285865161684e+04
1.327083333333333215e+01,3.872728241117549624e+04
1.329166666666666607e+01,3.872729192128994328e+04
1.331250000000000000e+01,3.872730138249823358e+04
1.333333333333333215e+01,3.872731078835598601e+04
1.335416666666666607e+01,3.872732013247614668e+04
1.337500000000000000e+01,3.872732940853285982e+04
1.339583333333333215e+01,3.872733861026528757e+04
1.341666666666666607e+01,3.872734773148302338e+04
1.343750000000000000e+01,3.872735676606910420e+04
1.345833333333333215e+01,3.872736570798475441e+04
1.347916666666666607e+01,3.872737455127256544e+04
1.350000000000000000e+01,3.872738329006091226e+04
1.352083333333333215e+01,3.872739191856712569e+04
1.354166666666666607e+01,3.872740043110099941e+04
1.356250000000000000e+01,3.872740882206825336e+04
1.358333333333333215e+01,3.872741708597361867e+04
1.360416666666666607e+01,3.872742521742370445e+04
1.362500000000000000e+01,3.872743321113003913e+04
1.364583333333333215e+01,3.872744106191160245e+04
1.366666666666666607e+01,3.872744876469704468e+04
1.368750000000000000e+01,3.872745631452760426e+04
1.370833333333333215e+01,3.872746370655832288e+04
1.372916666666666607e+01,3.872747093606111594e+04
1.375000000000000000e+01,3.872747799842562381e+04
1.377083333333333215e+01,3.872748488916129281e+04
1.379166666666666607e+01,3.872749160389929602e+04
1.381250000000000000e+01,3.872749813839345734e+04
1.383333333333333215e+01,3.872750448852231057e+04
1.385416666666666607e+01,3.872751065028990706e+04
1.387500000000000000e+01,3.872751661982835503e+04
1.389583333333333215e+01,3.872752239339846710e+04
1.391666666666666607e+01,3.872752796739190671e+04
1.393750000000000000e+01,3.872753333833390934e+04
1.395833333333333215e+01,3.872753850288424292e+04
1.397916666666666607e+01,3.872754345784067118e+04
1.400000000000000000e+01,3.872754820014168217e+04
1.402083333333333215e+01,3.872755272686970420e+04
1.404166666666666607e+01,3.872755703525518038e+04
1.406250000000000000e+01,3.872756112268021388e+04
1.408333333333333215e+01,3.872756498668389395e+04
1.410416666666666607e+01,3.872756862496683607e+04
1.412500000000000000e+01,3.872757203539647890e+04
1.414583333333333215e+01,3.872757521601341432e+04
1.416666666666666607e+01,3.872757816503658978e+04
1.418750000000000000e+01,3.872758088086934004e+04
1.420833333333333215e+01,3.872758336210556445e+04
1.422916666666666607e+01,3.872758560753468191e+04
1.425000000000000000e+01,3.872758761614828109e+04
1.427083333333333215e+01,3.872758938714306714e+04
1.429166666666666607e+01,3.872759091992601316e+04
1.431250000000000000e+01,3.872759221411731414e+04
1.433333333333333215e+01,3.872759326955273718e+04
1.435416666666666607e+01,3.872759408628450910e+04
1.437500000000000000e+01,3.872759466458179668e+04
1.439583333333333215e+01,3.872759500492919324e+04
1.441666666666666607e+01,3.872759510802515433e+04
1.443750000000000000e+01,3.872759497477876721e+04
1.445833333333333215e+01,3.872759460630531976e+04
1.447916666666666607e+01,3.872759400392189127e+04
1.450000000000000000e+01,3.872759316914108058e+04
1.452083333333333215e+01,3.872759210366647312e+04
1.454166666666666607e+01,3.872759080938406987e+04
1.456250000000000000e+01,3.872758928835794359e+04
1.458333333333333215e+01,3.872758754282275186e+04
1.460416666666666607e+01,3.872758557517718873e+04
1.462500000000000000e+01,3.872758338797912438e+04
1.464583333333333215e+01,3.872758098393870023e+04
1.466666666666666607e+01,3.872757836591386877e+04
1.468750000000000000e+01,3.872757553690613713e+04
1.470833333333333215e+01,3.872757250005487731e+04
1.472916666666666607e+01,3.872756925863529614e+04
1.475000000000000000e+01,3.872756581605405518e+04
1.477083333333333215e+01,3.872756217584605474e+04
1.479166666666666607e+01,3.872755834167294233e+04
1.481250000000000000e+01,3.872755431731943827e+04
1.483333333333333215e+01,3.872755010669130570e+04
1.485416666666666607e+01,3.872754571381384449e+04
1.487500000000000000e+01,3.872754114282795490e+04
1.489583333333333215e+01,3.872753639798957010e+04
1.491666666666666607e+01,3.872753148366639653e+04
1.493750000000000000e+01,3.872752640433577471e+04
1.495833333333333215e+01,3.872752116458209639e+04
1.497916666666666607e+01,3.872751576909390860e+04
1.500000000000000000e+01,3.872751022266181099e+04
1.502083333333333215e+01,3.872750453017505060e+04
1.504166666666666607e+01,3.872749869661838602e+04
1.506250000000000000e+01,3.872749272707024647e+04
1.508333333333333215e+01,3.872748662669832993e+04
1.510416666666666607e+01,3.872748040075793688e+04
1.512500000000000000e+01,3.872747405458729190e+04
1.514583333333333215e+01,3.872746759360552824e+04
1.516666666666666607e+01,3.872746102330879512e+04
1.518750000000000000e+01,3.872745434926758753e+04
1.520833333333333215e+01,3.872744757712253340e+04
1.522916666666666607e+01,3.872744071258164331e+04
1.525000000000000000e+01,3.872743376141699991e+04
1.527083333333333215e+01,3.872742672946050880e+04
1.529166666666666607e+01,3.872741962260063883e+04
1.531250000000000000e+01,3.872741244677923532e+04
1.533333333333333215e+01,3.872740520798634680e+04
1.535416666666666607e+01,3.872739791225786757e+04
1.537500000000000000e+01,3.872739056567091029e+04
1.539583333333333215e+01,3.872738317433930206e+04
1.541666666666666607e+01,3.872737574441059405e+04
1.543750000000000000e+01,3.872736828206117207e+04
1.545833333333333215e+01,3.872736079349229840e+04
1.547916666666666607e+01,3.872735328492566623e+04
1.550000000000000000e+01,3.872734576259983442e+04
1.552083333333333215e+01,3.872733823276488692e+04
1.554166666666666607e+01,3.872733070167948608e+04
1.556250000000000000e+01,3.872732317560476076e+04
1.558333333333333215e+01,3.872731566080244374e+04
1.560416666666666607e+01,3.872730816352835245e+04
1.562500000000000000e+01,3.872730069002894015e+04
1.564583333333333215e+01,3.872729324653759977e+04
1.566666666666666607e+01,3.872728583926909050e+04
1.568750000000000000e+01,3.872727847441664198e+04
1.570833333333333215e+01,3.872727115814603894e+04
1.572916666666666607e+01,3.872726389659325650e+04
1.575000000000000000e+01,3.872725669585802098e+04
1.577083333333333215e+01,3.872724956200167071e+04
1.579166666666666607e+01,3.872724250104132807e+04
1.581250000000000000e+01,3.872723551894642151e+04
1.583333333333333215e+01,3.872722862163387617e+04
1.585416666666666607e+01,3.872722181496521807e+04
1.587500000000000000e+01,3.872721510474038223e+04
1.589583333333333215e+01,3.872720849669540621e+04
1.591666666666666607e+01,3.872720199649748247e+04
1.593750000000000000e+01,3.872719560974073102e+04
1.595833333333333215e+01,3.872718934194293251e+04
1.597916666666666607e+01,3.872718319854057336e+04
1.600000000000000000e+01,3.872717718488602259e+04
1.602083333333333215e+01,3.872717130624265701e+04
1.604166666666666430e+01,3.872716556778194354e+04
1.606250000000000000e+01,3.872715997457886260e+04
1.608333333333333215e+01,3.872715453160872858e+04
1.610416666666666430e+01,3.872714924374367547e+04
1.612500000000000000e+01,3.872714411574863334e+04
1.614583333333333215e+01,3.872713915227814141e+04
1.616666666666666430e+01,3.872713435787302296e+04
1.618750000000000000e+01,3.872712973695706751e+04
1.620833333333333215e+01,3.872712529383301444e+04
1.622916666666666430e+01,3.872712103268057399e+04
1.625000000000000000e+01,3.872711695755220717e+04
1.627083333333333215e+01,3.872711307237102301e+04
1.629166666666666430e+01,3.872710938092698780e+04
1.631250000000000000e+01,3.872710588687446580e+04
1.633333333333333215e+01,3.872710259372970177e+04
1.635416666666666430e+01,3.872709950486804883e+04
1.637500000000000000e+01,3.872709662352053419e+04
1.639583333333333215e+01,3.872709395277233125e+04
1.641666666666666430e+01,3.872709149556051852e+04
1.643750000000000000e+01,3.872708925467068912e+04
1.645833333333333215e+01,3.872708723273551732e+04
1.647916666666666430e+01,3.872708543223312881e+04
1.650000000000000000e+01,3.872708385548383376e+04
1.652083333333333215e+01,3.872708250464926095e+04
1.654166666666666430e+01,3.872708138173021871e+04
1.656250000000000000e+01,3.872708048856534151e+04
1.658333333333333215e+01,3.872707982682889269e+04
1.660416666666666430e+01,3.872707939803002228e+04
1.662500000000000000e+01,3.872707920351091161e+04
1.664583333333333215e+01,3.872707924444606761e+04
1.666666666666666430e+01,3.872707952184056194e+04
1.668750000000000000e+01,3.872708003652976913e+04
1.670833333333333215e+01,3.872708078917791136e+04
1.672916666666666430e+01,3.872708178027776012e+04
1.675000000000000000e+01,3.872708301014981407e+04
1.677083333333333215e+01,3.872708447894125857e+04
1.679166666666666430e+01,3.872708618662686786e+04
1.681250000000000000e+01,3.872708813300724432e+04
1.683333333333333215e+01,3.872709031770986621e+04
1.685416666666666430e+01,3.872709274018804717e+04
1.687500000000000000e+01,3.872709539972225321e+04
1.689583333333333215e+01,3.872709829541883664e+04
1.691666666666666430e+01,3.872710142621154955e+04
1.693750000000000000e+01,3.872710479086150008e+04
1.695833333333333215e+01,3.872710838795794552e+04
1.697916666666666430e+01,3.872711221591859066e+04
1.700000000000000000e+01,3.872711627299049724e+04
1.702083333333333215e+01,3.872712055725185201e+04
1.704166666666666430e+01,3.872712506661188672e+04
1.706250000000000000e+01,3.872712979881249339e+04
1.708333333333333215e+01,3.872713475142986863e+04
1.710416666666666430e+01,3.872713992187519034e+04
1.712500000000000000e+01,3.872714530739728070e+04
1.714583333333333215e+01,3.872715090508280991e+04
1.716666666666666430e+01,3.872715671185918472e+04
1.718750000000000000e+01,3.872716272449627286e+04
1.720833333333333215e+01,3.872716893960761809e+04
1.722916666666666430e+01,3.872717535365339427e+04
1.725000000000000000e+01,3.872718196294271911e+04
1.727083333333333215e+01,3.872718876363524032e+04
1.729166666666666430e+01,3.872719575174352212e+04
1.731250000000000000e+01,3.872720292313693790e+04
1.733333333333333215e+01,3.872721027354261605e+04
1.735416666666666430e+01,3.872721779854912893e+04
1.737500000000000000e+01,3.872722549360955600e+04
1.739583333333333215e+01,3.872723335404355748e+04
1.741666666666666430e+01,3.872724137504121609e+04
1.743750000000000000e+01,3.872724955166577274e+04
1.745833333333333215e+01,3.872725787885699538e+04
1.747916666666666430e+01,3.872726635143451858e+04
1.750000000000000000e+01,3.872727496410124149e+04
1.752083333333333215e+01,3.872728371144679841e+04
1.754166666666666430e+01,3.872729258795126225e+04
1.756250000000000000e+01,3.872730158798862976e+04
1.758333333333333215e+01,3.872731070583078690e+04
1.760416666666666430e+01,3.872731993565124139e+04
1.762500000000000000e+01,3.872732927152897901e+04
1.764583333333333215e+01,3.872733870745247987e+04
1.766666666666666430e+01,3.872734823732385848e+04
1.768750000000000000e+01,3.872735785496298922e+04
1.770833333333333215e+01,3.872736755411123158e+04
1.772916666666666430e+01,3.872737732843649428e+04
1.775000000000000000e+01,3.872738717153669131e+04
1.777083333333333215e+01,3.872739707694477693e+04
1.779166666666666430e+01,3.872740703813268192e+04
1.781250000000000000e+01,3.872741704851609393e+04
1.783333333333333215e+01,3.872742710145862657e+04
1.785416666666666430e+01,3.872743719027654879e+04
1.787500000000000000e+01,3.872744730824368162e+04
1.789583333333333215e+01,3.872745744859564002e+04
1.791666666666666430e+01,3.872746760453411116e+04
1.793750000000000000e+01,3.872747776923250058e+04
1.795833333333333215e+01,3.872748793584031228e+04
1.797916666666666430e+01,3.872749809748723055e+04
1.800000000000000000e+01,3.872750824728913722e+04
1.802083333333333215e+01,3.872751837835158221e+04
1.804166666666666430e+01,3.872752848377566988e+04
1.806250000000000000e+01,3.872753855666224263e+04
1.808333333333333215e+01,3.872754859011722874e+04
1.810416666666666430e+01,3.872755857725615351e+04
1.812500000000000000e+01,3.872756851120934152e+04
1.814583333333333215e+01,3.872757838512642775e+04
1.816666666666666430e+01,3.872758819218133431e+04
1.818750000000000000e+01,3.872759792557787296e+04
1.820833333333333215e+01,3.872760757855357951e+04
1.822916666666666430e+01,3.872761714438545459e+04
1.825000000000000000e+01,3.872762661639502039e+04
1.827083333333333215e+01,3.872763598795219878e+04
1.829166666666666430e+01,3.872764525248145219e+04
1.831250000000000000e+01,3.872765440346648393e+04
1.833333333333333215e+01,3.872766343445426901e+04
1.835416666666666430e+01,3.872767233906165347e+04
1.837500000000000000e+01,3.872768111097892688e+04
1.839583333333333215e+01,3.872768974397545389e+04
1.841666666666666430e+01,3.872769823190513853e+04
1.843750000000000000e+01,3.872770656871027313e+04
1.845833333333333215e+01,3.872771474842762836e+04
1.847916666666666430e+01,3.872772276519270963e+04
1.850000000000000000e+01,3.872773061324584705e+04
1.852083333333333215e+01,3.872773828693620453e+04
1.854166666666666430e+01,3.872774578072749864e+04
1.856250000000000000e+01,3.872775308920248790e+04
1.858333333333333215e+01,3.872776020706896088e+04
1.860416666666666430e+01,3.872776712916402175e+04
1.862500000000000000e+01,3.872777385045918345e+04
1.864583333333333215e+01,3.872778036606573005e+04
1.866666666666666430e+01,3.872778667123938067e+04
1.868750000000000000e+01,3.872779276138515706e+04
1.870833333333333215e+01,3.872779863206217851e+04
1.872916666666666430e+01,3.872780427898865310e+04
1.875000000000000000e+01,3.872780969804526103e+04
1.877083333333333215e+01,3.872781488528063346e+04
1.879166666666666430e+01,3.872781983691452479e+04
1.881250000000000000e+01,3.872782454934194539e+04
1.883333333333333215e+01,3.872782901913646492e+04
1.885416666666666430e+01,3.872783324305281712e+04
1.887500000000000000e+01,3.872783721802998480e+04
1.889583333333333215e+01,3.872784094119309884e+04
1.891666666666666430e+01,3.872784440985465335e+04
1.893750000000000000e+01,3.872784762151575706e+04
1.895833333333333215e+01,3.872785057386646076e+04
1.897916666666666430e+01,3.872785326478553907e+04
1.900000000000000000e+01,3.872785569233880233e+04
1.902083333333333215e+01,3.872785785477903119e+04
1.904166666666666430e+01,3.872785975054244045e+04
1.906250000000000000e+01,3.872786137824624166e+04
1.908333333333333215e+01,3.872786273668599461e+04
1.910416666666666430e+01,3.872786382483084890e+04
1.912500000000000000e+01,3.872786464182042982e+04
1.914583333333333215e+01,3.872786518695960694e+04
1.916666666666666430e+01,3.872786545971505257e+04
1.918750000000000000e+01,3.872786545970969019e+04
1.920833333333333215e+01,3.872786518671918748e+04
1.922916666666666430e+01,3.872786464066763438e+04
1.925000000000000000e+01,3.872786382162301743e+04
1.927083333333333215e+01,3.872786272979569185e+04
1.929166666666666430e+01,3.872786136553401593e+04
1.931250000000000000e+01,3.872785972932349978e+04
1.933333333333333215e+01,3.872785782178520458e+04
1.935416666666666430e+01,3.872785564367452753e+04
1.937500000000000000e+01,3.872785319588204584e+04
1.939583333333333215e+01,3.872785047943388054e+04
1.941666666666666430e+01,3.872784749549274420e+04
1.943750000000000000e+01,3.872784424535953440e+04
1.945833333333333215e+01,3.872784073047635320e+04
1.947916666666666430e+01,3.872783695242773683e+04
1.950000000000000000e+01,3.872783291294333321e+04
1.952083333333333215e+01,3.872782861390079779e+04
1.954166666666666430e+01,3.872782405732689949e+04
1.956250000000000000e+01,3.872781924540165346e+04
1.958333333333333215e+01,3.872781418045781174e+04
1.960416666666666430e+01,3.872780886498403561e+04
1.962500000000000000e+01,3.872780330162446626e+04
1.964583333333333215e+01,3.872779749318047834e+04
1.966666666666666430e+01,3.872779144260991598e+04
1.968750000000000000e+01,3.872778515302708547e+04
1.970833333333333215e+01,3.872777862770174397e+04
1.972916666666666430e+01,3.872777187005829910e+04
1.975000000000000000e+01,3.872776488367388083e+04
1.977083333333333215e+01,3.872775767227628239e+04
1.979166666666666430e+01,3.872775023974232317e+04
1.981250000000000000e+01,3.872774259009573871e+04
1.983333333333333215e+01,3.872773472750374640e+04
1.985416666666666430e+01,3.872772665627489914e+04
1.987500000000000000e+01,3.872771838085650961e+04
1.989583333333333215e+01,3.872770990583106322e+04
1.991666666666666430e+01,3.872770123591418087e+04
1.993750000000000000e+01,3.872769237594984588e+04
1.995833333333333215e+01,3.872768333090909437e+04
1.997916666666666430e+01,3.872767410588570783e+04
2.000000000000000000e+01,3.872766470609288081e+04
2.002083333333333215e+01,3.872765513685934275e+04
2.004166666666666430e+01,3.872764540362745174e+04
2.006250000000000000e+01,3.872763551194730098e+04
2.008333333333333215e+01,3.872762546747453598e+04
2.010416666666666430e+01,3.872761527596619999e+04
2.012500000000000000e+01,3.872760494327649212e+04
2.014583333333333215e+01,3.872759447535312938e+04
2.016666666666666430e+01,3.872758387823325756e+04
2.018750000000000000e+01,3.872757315803905658e+04
2.020833333333333215e+01,3.872756232097450993e+04
2.022916666666666430e+01,3.872755137332008599e+04
2.025000000000000000e+01,3.872754032142915094e+04
2.027083333333333215e+01,3.872752917172355956e+04
2.029166666666666430e+01,3.872751793068970437e+04
2.031250000000000000e+01,3.872750660487389541e+04
2.033333333333333215e+01,3.872749520087831479e+04
2.035416666666666430e+01,3.872748372535614180e+04
2.037500000000000000e+01,3.872747218500831514e+04
2.039583333333333215e+01,3.872746058657783578e+04
2.041666666666666430e+01,3.872744893684652925e+04
2.043750000000000000e+01,3.872743724263011245e+04
2.045833333333333215e+01,3.872742551077347889e+04
2.047916666666666430e+01,3.872741374814742449e+04
2.050000000000000000e+01,3.872740196164279769e+04
2.052083333333333215e+01,3.872739015816694882e+04
2.054166666666666430e+01,3.872737834463887702e+04
2.056250000000000000e+01,3.872736652798487921e+04
2.058333333333333215e+01,3.872735471513376979e+04
2.060416666666666430e+01,3.872734291301321355e+04
2.062500000000000000e+01,3.872733112854413775e+04
2.064583333333333215e+01,3.872731936863713781e+04
2.066666666666666430e+01,3.872730764018678019e+04
2.068750000000000000e+01,3.872729595006856107e+04
2.070833333333333215e+01,3.872728430513383501e+04
2.072916666666666430e+01,3.872727271220464172e+04
2.075000000000000000e+01,3.872726117807062838e+04
2.077083333333333215e+01,3.872724970948342525e+04
2.079166666666666430e+01,3.872723831315308053e+04
2.081250000000000000e+01,3.872722699574282160e+04
2.083333333333333215e+01,3.872721576386586094e+04
2.085416666666666430e+01,3.872720462408008461e+04
2.087500000000000000e+01,3.872719358288454532e+04
2.089583333333333215e+01,3.872718264671446377e+04
2.091666666666666430e+01,3.872717182193753251e+04
2.093750000000000000e+01,3.872716111484955763e+04
2.095833333333333215e+01,3.872715053167055157e+04
2.097916666666666430e+01,3.872714007854071679e+04
2.100000000000000000e+01,3.872712976151546900e+04
2.102083333333333215e+01,3.872711958656315983e+04
2.104166666666666430e+01,3.872710955955961981e+04
2.106250000000000000e+01,3.872709968628509523e+04
2.108333333333333215e+01,3.872708997241983889e+04
2.110416666666666430e+01,3.872708042354136705e+04
2.112500000000000000e+01,3.872707104511989746e+04
2.114583333333333215e+01,3.872706184251480590e+04
2.116666666666666430e+01,3.872705282097168674e+04
2.118750000000000000e+01,3.872704398561812559e+04
2.120833333333333215e+01,3.872703534146090533e+04
2.122916666666666430e+01,3.872702689338228811e+04
2.125000000000000000e+01,3.872701864613725775e+04
2.127083333333333215e+01,3.872701060434980900e+04
2.129166666666666430e+01,3.872700277251024090e+04
2.131250000000000000e+01,3.872699515497207904e+04
2.133333333333333215e+01,3.872698775594929612e+04
2.135416666666666430e+01,3.872698057951293595e+04
2.137500000000000000e+01,3.872697362958962913e+04
2.139583333333333215e+01,3.872696690995781682e+04
2.141666666666666430e+01,3.872696042424532061e+04
2.143750000000000000e+01,3.872695417592809099e+04
2.145833333333333215e+01,3.872694816832642391e+04
2.147916666666666430e+01,3.872694240460330911e+04
2.150000000000000000e+01,3.872693688776260387e+04
2.152083333333333215e+01,3.872693162064695207e+04
2.154166666666666430e+01,3.872692660593542678e+04
2.156250000000000000e+01,3.872692184614227153e+04
2.158333333333333215e+01,3.872691734361463023e+04
2.160416666666666430e+01,3.872691310053173947e+04
2.162500000000000000e+01,3.872690911890305870e+04
2.164583333333333215e+01,3.872690540056669124e+04
2.166666666666666430e+01,3.872690194718837301e+04
2.168750000000000000e+01,3.872689876026067941e+04
2.170833333333333215e+01,3.872689584110124270e+04
2.172916666666666430e+01,3.872689319085278839e+04
2.175000000000000000e+01,3.872689081048224034e+04
2.177083333333333215e+01,3.872688870077890169e+04
2.179166666666666430e+01,3.872688686235544446e+04
2.181250000000000000e+01,3.872688529564675264e+04
2.183333333333333215e+01,3.872688400090982032e+04
2.185416666666666430e+01,3.872688297822351888e+04
2.187500000000000000e+01,3.872688222748848057e+04
2.189583333333333215e+01,3.872688174842723674e+04
2.191666666666666430e+01,3.872688154058482178e+04
2.193750000000000000e+01,3.872688160332854750e+04
2.195833333333333215e+01,3.872688193584864348e+04
2.197916666666666430e+01,3.872688253715889005e+04
2.200000000000000000e+01,3.872688340609717125e+04
2.202083333333333215e+01,3.872688454132646439e+04
2.204166666666666430e+01,3.872688594133608422e+04
2.206250000000000000e+01,3.872688760444166110e+04
2.208333333333333215e+01,3.872688952878757846e+04
2.210416666666666430e+01,3.872689171234767127e+04
2.212500000000000000e+01,3.872689415292632475e+04
2.214583333333333215e+01,3.872689684816069348e+04
2.216666666666666430e+01,3.872689979552191653e+04
2.218750000000000000e+01,3.872690299231706013e+04
2.220833333333333215e+01,3.872690643569119857e+04
2.222916666666666430e+01,3.872691012262865843e+04
2.225000000000000000e+01,3.872691404995607445e+04
2.227083333333333215e+01,3.872691821434419398e+04
2.229166666666666430e+01,3.872692261230978329e+04
2.231250000000000000e+01,3.872692724021906906e+04
2.233333333333333215e+01,3.872693209428917180e+04
2.235416666666666430e+01,3.872693717059171468e+04
2.237500000000000000e+01,3.872694246505478804e+04
2.239583333333333215e+01,3.872694797346691485e+04
2.241666666666666430e+01,3.872695369147860038e+04
2.243750000000000000e+01,3.872695961460629042e+04
2.245833333333333215e+01,3.872696573823557264e+04
2.247916666666666430e+01,3.872697205762403610e+04
2.250000000000000000e+01,3.872697856790492369e+04
2.252083333333333215e+01,3.872698526409033366e+04
2.254166666666666430e+01,3.872699214107479929e+04
2.256250000000000000e+01,3.872699919363931986e+04
2.258333333333333215e+01,3.872700641645422002e+04
2.260416666666666430e+01,3.872701380408381374e+04
2.262500000000000000e+01,3.872702135098980216e+04
2.264583333333333215e+01,3.872702905153540632e+04
2.266666666666666430e+01,3.872703689998887421e+04
2.268750000000000000e+01,3.872704489052823192e+04
2.270833333333333215e+01,3.872705301724512537e+04
2.272916666666666430e+01,3.872706127414894581e+04
2.275000000000000000e+01,3.872706965517137724e+04
2.277083333333333215e+01,3.872707815417084203e+04
2.279166666666666430e+01,3.872708676493588428e+04
2.281250000000000000e+01,3.872709548119133979e+04
2.283333333333333215e+01,3.872710429660071532e+04
2.285416666666666430e+01,3.872711320477307163e+04
2.287500000000000000e+01,3.872712219926587568e+04
2.289583333333333215e+01,3.872713127359033388e+04
2.291666666666666430e+01,3.872714042121591046e+04
2.293750000000000000e+01,3.872714963557500596e+04
2.295833333333333215e+01,3.872715891006767924e+04
2.297916666666666430e+01,3.872716823806679895e+04
2.300000000000000000e+01,3.872717761292270006e+04
2.302083333333333215e+01,3.872718702796709840e+04
2.304166666666666430e+01,3.872719647651960986e+04
2.306250000000000000e+01,3.872720595189084997e+04
2.308333333333333215e+01,3.872721544738845114e+04
2.310416666666666430e+01,3.872722495632136270e+04
2.312500000000000000e+01,3.872723447200532974e+04
2.314583333333333215e+01,3.872724398776664748e+04
2.316666666666666430e+01,3.872725349694851320e+04
2.318750000000000000e+01,3.872726299291409669e+04
2.320833333333333215e+01,3.872727246905278298e+04
2.322916666666666430e+01,3.872728191878426151e+04
2.325000000000000000e+01,3.872729133556340093e+04
2.327083333333333215e+01,3.872730071288509498e+04
2.329166666666666430e+01,3.872731004428868619e+04
2.331250000000000000e+01,3.872731932336234604e+04
2.333333333333333215e+01,3.872732854374831368e+04
2.335416666666666430e+01,3.872733769914694130e+04
2.337500000000000000e+01,3.872734678332111798e+04
2.339583333333333215e+01,3.872735579010013316e+04
2.341666666666666430e+01,3.872736471338487172e+04
2.343750000000000000e+01,3.872737354715092806e+04
2.345833333333333215e+01,3.872738228545314632e+04
2.347916666666666430e+01,3.872739092242865445e+04
2.350000000000000000e+01,3.872739945230198646e+04
2.352083333333333215e+01,3.872740786938708334e+04
2.354166666666666430e+01,3.872741616809144034e+04
2.356250000000000000e+01,3.872742434291903191e+04
2.358333333333333215e+01,3.872743238847325847e+04
2.360416666666666430e+01,3.872744029946026421e+04
2.362500000000000000e+01,3.872744807069033413e+04
2.364583333333333215e+01,3.872745569708073162e+04
2.366666666666666430e+01,3.872746317365866707e+04
2.368750000000000000e+01,3.872747049556175625e+04
2.370833333333333215e+01,3.872747765804081428e+04
2.372916666666666430e+01,3.872748465646080149e+04
2.375000000000000000e+01,3.872749148630174750e+04
2.377083333333333215e+01,3.872749814316038828e+04
2.379166666666666430e+01,3.872750462275136670e+04
2.381250000000000000e+01,3.872751092090722523e+04
2.383333333333333215e+01,3.872751703358026862e+04
2.385416666666666430e+01,3.872752295684265118e+04
2.387500000000000000e+01,3.872752868688789022e+04
2.389583333333333215e+01,3.872753422003170272e+04
2.391666666666666430e+01,3.872753955271373707e+04
2.393750000000000000e+01,3.872754468149866443e+04
2.395833333333333215e+01,3.872754960307961301e+04
2.397916666666666430e+01,3.872755431427933217e+04
2.400000000000000000e+01,3.872755881205478363e+04
2.402083333333333215e+01,3.872756309350045194e+04
2.404166666666666430e+01,3.872756715585341590e+04
2.406250000000000000e+01,3.872757099649785232e+04
2.408333333333333215e+01,3.872757461297247210e+04
2.410416666666666430e+01,3.872757800297618087e+04
2.412500000000000000e+01,3.872758116437549324e+04
2.414583333333333215e+01,3.872758409521238355e+04
2.416666666666666430e+01,3.872758679371300968e+04
2.418750000000000000e+01,3.872758925829405780e+04
2.420833333333333215e+01,3.872759148757231014e+04
2.422916666666666430e+01,3.872759348037054588e+04
2.425000000000000000e+01,3.872759523572611943e+04
2.427083333333333215e+01,3.872759675289501320e+04
2.429166666666666430e+01,3.872759803135780385e+04
2.431250000000000000e+01,3.872759907082274731e+04
2.433333333333333215e+01,3.872759987122753955e+04
2.435416666666666430e+01,3.872760043273965130e+04
2.437500000000000000e+01,3.872760075575560040e+04
2.439583333333333215e+01,3.872760084089714655e+04
2.441666666666666430e+01,3.872760068900803890e+04
2.443750000000000000e+01,3.872760030114781694e+04
2.445833333333333215e+01,3.872759967858507298e+04
2.447916666666666430e+01,3.872759882279067824e+04
2.450000000000000000e+01,3.872759773542836047e+04
2.452083333333333215e+01,3.872759641834795184e+04
2.454166666666666430e+01,3.872759487357530452e+04
2.456250000000000000e+01,3.872759310330561857e+04
2.458333333333333215e+01,3.872759110989469627e+04
2.460416666666666430e+01,3.872758889585249563e+04
2.462500000000000000e+01,3.872758646383581072e+04
2.464583333333333215e+01,3.872758381664418994e+04
2.466666666666666430e+01,3.872758095721335849e+04
2.468750000000000000e+01,3.872757788861277368e+04
2.470833333333333215e+01,3.872757461404180503e+04
2.472916666666666430e+01,3.872757113682624185e+04
2.475000000000000000e+01,3.872756746041699080e+04
2.477083333333333215e+01,3.872756358838835149e+04
2.479166666666666430e+01,3.872755952443557180e+04
2.481250000000000000e+01,3.872755527237370552e+04
2.483333333333333215e+01,3.872755083613628085e+04
2.485416666666666430e+01,3.872754621977346687e+04
2.487500000000000000e+01,3.872754142745062563e+04
2.489583333333333215e+01,3.872753646344578738e+04
2.491666666666666430e+01,3.872753133214805712e+04
2.493750000000000000e+01,3.872752603805589752e+04
2.495833333333333215e+01,3.872752058577291609e+04
2.497916666666666430e+01,3.872751498000684660e+04
2.500000000000000000e+01,3.872750922556640580e+04
2.502083333333333215e+01,3.872750332735811389e+04
2.504166666666666430e+01,3.872749729038362420e+04
2.506250000000000000e+01,3.872749111973694380e+04
2.508333333333333215e+01,3.872748482060064998e+04
2.510416666666666430e+01,3.872747839824447874e+04
2.512500000000000000e+01,3.872747185802022432e+04
2.514583333333333215e+01,3.872746520536050230e+04
2.516666666666666430e+01,3.872745844577447861e+04
2.518750000000000000e+01,3.872745158484482090e+04
2.520833333333333215e+01,3.872744462822543574e+04
2.522916666666666430e+01,3.872743758163692110e+04
2.525000000000000000e+01,3.872743045086388884e+04
2.527083333333333215e+01,3.872742324175095564e+04
2.529166666666666430e+01,3.872741596019986901e+04
2.531250000000000000e+01,3.872740861216496705e+04
2.533333333333333215e+01,3.872740120364979521e+04
2.535416666666666430e+01,3.872739374070313352e+04
2.537500000000000000e+01,3.872738622941491485e+04
2.539583333333333215e+01,3.872737867591199029e+04
2.541666666666666430e+01,3.872737108635429468e+04
2.543750000000000000e+01,3.872736346693038649e+04
2.545833333333333215e+01,3.872735582385375892e+04
2.547916666666666430e+01,3.872734816335717915e+04
2.550000000000000000e+01,3.872734049169011996e+04
2.552083333333333215e+01,3.872733281511333189e+04
2.554166666666666430e+01,3.872732513989530707e+04
2.556250000000000000e+01,3.872731747230713518e+04
2.558333333333333215e+01,3.872730981861898181e+04
2.560416666666666430e+01,3.872730218509498081e+04
2.562500000000000000e+01,3.872729457799053489e+04
2.564583333333333215e+01,3.872728700354573812e+04
2.566666666666666430e+01,3.872727946798308403e+04
2.568750000000000000e+01,3.872727197750219057e+04
2.570833333333333215e+01,3.872726453827523073e+04
2.572916666666666430e+01,3.872725715644383308e+04
2.575000000000000000e+01,3.872724983811358834e+04
2.577083333333333215e+01,3.872724258935065882e+04
2.579166666666666430e+01,3.872723541617636511e+04
2.581250000000000000e+01,3.872722832456447213e+04
2.583333333333333215e+01,3.872722132043560123e+04
2.585416666666666430e+01,3.872721440965375950e+04
2.587500000000000000e+01,3.872720759802179236e+04
2.589583333333333215e+01,3.872720089127768733e+04
2.591666666666666430e+01,3.872719429508957546e+04
2.593750000000000000e+01,3.872718781505308289e+04
2.595833333333333215e+01,3.872718145668572106e+04
2.597916666666666430e+01,3.872717522542407096e+04
2.600000000000000000e+01,3.872716912661950482e+04
2.602083333333333215e+01,3.872716316553425713e+04
2.604166666666666430e+01,3.872715734733740828e+04
2.606250000000000000e+01,3.872715167710170499e+04
2.608333333333333215e+01,3.872714615979949303e+04
2.610416666666666430e+01,3.872714080029958859e+04
2.612500000000000000e+01,3.872713560336288356e+04
2.614583333333333215e+01,3.872713057363926055e+04
2.616666666666666430e+01,3.872712571566456609e+04
2.618750000000000000e+01,3.872712103385685623e+04
2.620833333333333215e+01,3.872711653251337702e+04
2.622916666666666430e+01,3.872711221580685378e+04
2.625000000000000000e+01,3.872710808778304636e+04
2.627083333333333215e+01,3.872710415235743858e+04
2.629166666666666430e+01,3.872710041331192770e+04
2.631250000000000000e+01,3.872709687429253972e+04
2.633333333333333215e+01,3.872709353880624985e+04
2.635416666666666430e+01,3.872709041021885787e+04
2.637500000000000000e+01,3.872708749175168487e+04
2.639583333333333215e+01,3.872708478647926677e+04
2.641666666666666430e+01,3.872708229732757900e+04
2.643750000000000000e+01,3.872708002707075502e+04
2.645833333333333215e+01,3.872707797832972574e+04
2.647916666666666430e+01,3.872707615356992028e+04
2.650000000000000000e+01,3.872707455509879946e+04
2.652083333333333215e+01,3.872707318506467709e+04
2.654166666666666430e+01,3.872707204545466084e+04
2.656250000000000000e+01,3.872707113809280418e+04
2.658333333333333215e+01,3.872707046463896404e+04
2.660416666666666430e+01,3.872707002658690908e+04
2.662500000000000000e+01,3.872706982526334468e+04
2.664583333333333215e+01,3.872706986182660330e+04
2.666666666666666430e+01,3.872707013726533478e+04
2.668750000000000000e+01,3.872707065239824442e+04
2.670833333333333215e+01,3.872707140787225217e+04
2.672916666666666430e+01,3.872707240416216518e+04
2.675000000000000000e+01,3.872707364157022675e+04
2.677083333333333215e+01,3.872707512022538140e+04
2.679166666666666430e+01,3.872707684008336946e+04
2.681250000000000000e+01,3.872707880092557753e+04
2.683333333333333215e+01,3.872708100235946040e+04
2.685416666666666430e+01,3.872708344381846109e+04
2.687500000000000000e+01,3.872708612456224364e+04
2.689583333333333215e+01,3.872708904367654759e+04
2.691666666666666430e+01,3.872709220007377007e+04
2.693750000000000000e+01,3.872709559249342419e+04
2.695833333333333215e+01,3.872709921950258286e+04
2.697916666666666430e+01,3.872710307949666458e+04
2.700000000000000000e+01,3.872710717070033570e+04
2.702083333333333215e+01,3.872711149116851448e+04
2.704166666666666430e+01,3.872711603878693859e+04
2.706250000000000000e+01,3.872712081127426791e+04
2.708333333333333215e+01,3.872712580618209176e+04
2.710416666666666430e+01,3.872713102089788299e+04
2.712500000000000000e+01,3.872713645264515071e+04
2.714583333333333215e+01,3.872714209848597238e+04
2.716666666666666430e+01,3.872714795532255084e+04
2.718750000000000000e+01,3.872715401989890961e+04
2.720833333333333215e+01,3.872716028880303202e+04
2.722916666666666430e+01,3.872716675846932048e+04
2.725000000000000000e+01,3.872717342517979705e+04
2.727083333333333215e+01,3.872718028506753035e+04
2.729166666666666430e+01,3.872718733411882567e+04
2.731250000000000000e+01,3.872719456817512400e+04
2.733333333333333215e+01,3.872720198293672001e+04
2.735416666666666430e+01,3.872720957396411541e+04
2.737500000000000000e+01,3.872721733668277739e+04
2.739583333333333215e+01,3.872722526638422278e+04
2.741666666666666430e+01,3.872723335822991794e+04
2.743750000000000000e+01,3.872724160725496040e+04
2.745833333333333215e+01,3.872725000837038533e+04
2.747916666666666430e+01,3.872725855636675988e+04
2.750000000000000000e+01,3.872726724591758102e+04
2.752083333333333215e+01,3.872727607158357569e+04
2.754166666666666430e+01,3.872728502781510906e+04
2.756250000000000000e+01,3.872729410895666661e+04
2.758333333333333215e+01,3.872730330925038288e+04
2.760416666666666430e+01,3.872731262283964315e+04
2.762500000000000000e+01,3.872732204377339076e+04
2.764583333333333215e+01,3.872733156601003429e+04
2.766666666666666430e+01,3.872734118342131842e+04
2.768750000000000000e+01,3.872735088979625289e+04
2.770833333333333215e+01,3.872736067884580552e+04
2.772916666666666430e+01,3.872737054420742061e+04
2.775000000000000000e+01,3.872738047944796563e+04
2.777083333333333215e+01,3.872739047806963936e+04
2.779166666666666430e+01,3.872740053351310780e+04
2.781250000000000000e+01,3.872741063916311396e+04
2.783333333333333215e+01,3.872742078835216671e+04
2.785416666666666430e+01,3.872743097436523385e+04
2.787500000000000000e+01,3.872744119044468243e+04
2.789583333333333215e+01,3.872745142979489174e+04
2.791666666666666430e+01,3.872746168558611680e+04
2.793750000000000000e+01,3.872747195096030919e+04
2.795833333333333215e+01,3.872748221903509693e+04
2.797916666666666430e+01,3.872749248290910327e+04
2.800000000000000000e+01,3.872750273566591204e+04
2.802083333333333215e+01,3.872751297037969925e+04
2.804166666666666430e+01,3.872752318011951138e+04
2.806250000000000000e+01,3.872753335795474413e+04
2.808333333333333215e+01,3.872754349695870042e+04
2.810416666666666430e+01,3.872755359021542972e+04
2.812500000000000000e+01,3.872756363082296593e+04
2.814583333333333215e+01,3.872757361189847143e+04
2.816666666666666430e+01,3.872758352658408694e+04
2.818750000000000000e+01,3.872759336805051862e+04
2.820833333333333215e+01,3.872760312950298976e+04
2.822916666666666430e+01,3.872761280418579554e+04
2.825000000000000000e+01,3.872762238538719976e+04
2.827083333333333215e+01,3.872763186644422240e+04
2.829166666666666430e+01,3.872764124074758001e+04
2.831250000000000000e+01,3.872765050174720818e+04
2.833333333333333215e+01,3.872765964295651065e+04
2.835416666666666430e+01,3.872766865795755439e+04
2.837500000000000000e+01,3.872767754040584259e+04
2.839583333333333215e+01,3.872768628403568437e+04
2.841666666666666430e+01,3.872769488266505505e+04
2.843750000000000000e+01,3.872770333020015823e+04
2.845833333333333215e+01,3.872771162064093369e+04
2.847916666666666430e+01,3.872771974808565574e+04
2.850000000000000000e+01,3.872772770673649939e+04
2.852083333333333215e+01,3.872773549090354936e+04
2.854166666666666430e+01,3.872774309501133393e+04
2.856250000000000000e+01,3.872775051360235375e+04
2.858333333333333215e+01,3.872775774134325184e+04
2.860416666666666430e+01,3.872776477302913554e+04
2.862500000000000000e+01,3.872777160358919355e+04
2.864583333333333215e+01,3.872777822809104691e+04
2.866666666666666430e+01,3.872778464174641704e+04
2.868750000000000000e+01,3.872779083991528751e+04
2.870833333333333215e+01,3.872779681811155751e+04
2.872916666666666430e+01,3.872780257200729102e+04
2.875000000000000000e+01,3.872780809743700956e+04
2.877083333333333215e+01,3.872781339040327293e+04
2.879166666666666430e+01,3.872781844707942219e+04
2.881250000000000000e+01,3.872782326381470193e+04
2.883333333333333215e+01,3.872782783713711251e+04
2.885416666666666430e+01,3.872783216375761549e+04
2.887500000000000000e+01,3.872783624057203997e+04
2.889583333333333215e+01,3.872784006466417486e+04
2.891666666666666430e+01,3.872784363330789347e+04
2.893750000000000000e+01,3.872784694396778650e+04
2.895833333333333215e+01,3.872784999430039170e+04
2.897916666666666430e+01,3.872785278215456492e+04
2.900000000000000000e+01,3.872785530557007587e+04
2.902083333333333215e+01,3.872785756277773908e+04
2.904166666666666430e+01,3.872785955219616153e+04
2.906250000000000000e+01,3.872786127242991643e+04
2.908333333333333215e+01,3.872786272226630535e+04
2.910416666666666430e+01,3.872786390067186585e+04
2.912500000000000000e+01,3.872786480678736552e+04
2.914583333333333215e+01,3.872786543992465158e+04
2.916666666666666430e+01,3.872786579956042988e+04
2.918750000000000000e+01,3.872786588533243776e+04
2.920833333333333215e+01,3.872786569703416171e+04
2.922916666666666430e+01,3.872786523460983881e+04
2.925000000000000000e+01,3.872786449815084779e+04
2.927083333333333215e+01,3.872786348789101612e+04
2.929166666666666430e+01,3.872786220420361497e+04
2.931250000000000000e+01,3.872786064759863802e+04
2.933333333333333215e+01,3.872785881872010214e+04
2.935416666666666430e+01,3.872785671834582899e+04
2.937500000000000000e+01,3.872785434738611366e+04
2.939583333333333215e+01,3.872785170688362996e+04
2.941666666666666430e+01,3.872784879801564239e+04
2.943750000000000000e+01,3.872784562209385331e+04
2.945833333333333215e+01,3.872784218056745885e+04
2.947916666666666430e+01,3.872783847502494609e+04
2.950000000000000000e+01,3.872783450719688699e+04
2.952083333333333215e+01,3.872783027895843406e+04
2.954166666666666430e+01,3.872782579233175056e+04
2.956250000000000000e+01,3.872782104948887718e+04
2.958333333333333215e+01,3.872781605275350739e+04
2.960416666666666430e+01,3.872781080460306839e+04
2.962500000000000000e+01,3.872780530767000164e+04
2.964583333333333215e+01,3.872779956474260689e+04
2.966666666666666430e+01,3.872779357876549329e+04
2.968750000000000000e+01,3.872778735283974675e+04
2.970833333333333215e+01,3.872778089022195491e+04
2.972916666666666430e+01,3.872777419432381430e+04
2.975000000000000000e+01,3.872776726871036226e+04
2.977083333333333215e+01,3.872776011709806335e+04
2.979166666666666430e+01,3.872775274335278664e+04
2.981250000000000000e+01,3.872774515148826322e+04
2.983333333333333215e+01,3.872773734566215717e+04
2.985416666666666430e+01,3.872772933017482865e+04
2.987500000000000000e+01,3.872772110946515750e+04
2.989583333333333215e+01,3.872771268810892798e+04
2.991666666666666430e+01,3.872770407081441954e+04
2.993750000000000000e+01,3.872769526242003485e+04
2.995833333333333215e+01,3.872768626789104019e+04
2.997916666666666430e+01,3.872767709231584013e+04
3.000000000000000000e+01,3.872766774090302351e+04
3.002083333333333215e+01,3.872765821897788555e+04
3.004166666666666430e+01,3.872764853197838966e+04
3.006250000000000000e+01,3.872763868545160221e+04
3.008333333333333215e+01,3.872762868505116785e+04
3.010416666666666430e+01,3.872761853653159051e+04
3.012500000000000000e+01,3.872760824574533035e+04
3.014583333333333215e+01,3.872759781863883109e+04
3.016666666666666430e+01,3.872758726124864916e+04
3.018750000000000000e+01,3.872757657969669526e+04
3.020833333333333215e+01,3.872756578018674190e+04
3.022916666666666430e+01,3.872755486899970856e+04
3.025000000000000000e+01,3.872754385248960170e+04
3.027083333333333215e+01,3.872753273707958579e+04
3.029166666666666430e+01,3.872752152925721020e+04
3.031250000000000000e+01,3.872751023557032022e+04
3.033333333333333215e+01,3.872749886262267682e+04
3.035416666666666430e+01,3.872748741707010777e+04
3.037500000000000000e+01,3.872747590561501420e+04
3.039583333333333215e+01,3.872746433500303829e+04
3.041666666666666430e+01,3.872745271201882861e+04
3.043750000000000000e+01,3.872744104348035034e+04
3.045833333333333215e+01,3.872742933623577119e+04
3.047916666666666430e+01,3.872741759715860826e+04
3.050000000000000000e+01,3.872740583314320975e+04
3.052083333333333215e+01,3.872739405110017105e+04
3.054166666666666430e+01,3.872738225795214385e+04
3.056250000000000000e+01,3.872737046062920126e+04
3.058333333333333215e+01,3.872735866606437776e+04
3.060416666666666430e+01,3.872734688118904160e+04
3.062500000000000000e+01,3.872733511292865296e+04
3.064583333333333215e+01,3.872732336819786724e+04
3.066666666666666430e+01,3.872731165389620583e+04
3.068750000000000000e+01,3.872729997690401069e+04
3.070833333333333215e+01,3.872728834407743852e+04
3.072916666666666430e+01,3.872727676224382594e+04
3.075000000000000000e+01,3.872726523819770955e+04
3.077083333333333215e+01,3.872725377869622025e+04
3.079166666666666430e+01,3.872724239045487775e+04
3.081250000000000000e+01,3.872723108014273748e+04
3.083333333333333215e+01,3.872721985437875992e+04
3.085416666666666430e+01,3.872720871972670284e+04
3.087500000000000000e+01,3.872719768269127235e+04
3.089583333333333215e+01,3.872718674971465953e+04
3.091666666666666430e+01,3.872717592717021034e+04
3.093750000000000000e+01,3.872716522136068670e+04
3.095833333333333215e+01,3.872715463851216191e+04
3.097916666666666430e+01,3.872714418477201252e+04
3.100000000000000000e+01,3.872713386620274832e+04
3.102083333333333215e+01,3.872712368877916015e+04
3.104166666666666430e+01,3.872711365838433267e+04
3.106250000000000000e+01,3.872710378080607188e+04
3.108333333333333215e+01,3.872709406173221942e+04
3.110416666666666430e+01,3.872708450674753840e+04
3.112500000000000000e+01,3.872707512132982083e+04
3.114583333333333215e+01,3.872706591084691172e+04
3.116666666666666430e+01,3.872705688055147766e+04
3.118750000000000000e+01,3.872704803558005369e+04
3.120833333333333215e+01,3.872703938094705518e+04
3.122916666666666430e+01,3.872703092154362093e+04
3.125000000000000000e+01,3.872702266213271650e+04
3.127083333333333215e+01,3.872701460734716238e+04
3.129166666666666430e+01,3.872700676168602513e+04
3.131250000000000000e+01,3.872699912951176520e+04
3.133333333333333215e+01,3.872699171504699189e+04
3.135416666666666430e+01,3.872698452237244055e+04
3.137500000000000000e+01,3.872697755542339291e+04
3.139583333333333215e+01,3.872697081798786530e+04
3.141666666666666430e+01,3.872696431370331993e+04
3.143750000000000000e+01,3.872695804605475132e+04
3.145833333333333215e+01,3.872695201837251079e+04
3.147916666666666430e+01,3.872694623382963618e+04
3.150000000000000000e+01,3.872694069543973455e+04
3.152083333333333215e+01,3.872693540605515591e+04
3.154166666666666430e+01,3.872693036836571264e+04
3.156250000000000000e+01,3.872692558489544899e+04
3.158333333333333215e+01,3.872692105800240097e+04
3.160416666666666430e+01,3.872691678987583873e+04
3.162500000000000000e+01,3.872691278253593191e+04
3.164583333333333215e+01,3.872690903783145768e+04
3.166666666666666430e+01,3.872690555743933510e+04
3.168750000000000000e+01,3.872690234286261693e+04
3.170833333333333215e+01,3.872689939543022047e+04
3.172916666666666430e+01,3.872689671629615623e+04
3.175000000000000000e+01,3.872689430643786181e+04
3.177083333333333215e+01,3.872689216665660933e+04
3.179166666666666430e+01,3.872689029757643584e+04
3.181250000000000000e+01,3.872688869964351034e+04
3.183333333333333215e+01,3.872688737312630838e+04
3.185416666666666430e+01,3.872688631811583036e+04
3.187500000000000000e+01,3.872688553452397173e+04
3.189583333333333215e+01,3.872688502208574209e+04
3.191666666666666430e+01,3.872688478035783919e+04
3.193750000000000000e+01,3.872688480871939828e+04
3.195833333333333215e+01,3.872688510637299623e+04
3.197916666666666430e+01,3.872688567234446964e+04
3.200000000000000000e+01,3.872688650548424630e+04
3.202083333333332860e+01,3.872688760446776723e+04
3.204166666666666430e+01,3.872688896779597417e+04
3.206250000000000000e+01,3.872689059379787795e+04
3.208333333333332860e+01,3.872689248063028936e+04
3.210416666666666430e+01,3.872689462627923058e+04
3.212500000000000000e+01,3.872689702856205986e+04
3.214583333333332860e+01,3.872689968512889754e+04
3.216666666666666430e+01,3.872690259346353560e+04
3.218750000000000000e+01,3.872690575088616606e+04
3.220833333333332860e+01,3.872690915455460345e+04
3.222916666666666430e+01,3.872691280146613281e+04
3.225000000000000000e+01,3.872691668846060202e+04
3.227083333333332860e+01,3.872692081222186243e+04
3.229166666666666430e+01,3.872692516927991528e+04
3.231250000000000000e+01,3.872692975601409853e+04
3.233333333333332860e+01,3.872693456865496410e+04
3.235416666666666430e+01,3.872693960328718094e+04
3.237500000000000000e+01,3.872694485585268558e+04
3.239583333333332860e+01,3.872695032215285028e+04
3.241666666666666430e+01,3.872695599785185914e+04
3.243750000000000000e+01,3.872696187847976398e+04
3.245833333333332860e+01,3.872696795943539473e+04
3.247916666666666430e+01,3.872697423599019385e+04
3.250000000000000000e+01,3.872698070329074108e+04
3.252083333333332860e+01,3.872698735636284982e+04
3.254166666666666430e+01,3.872699419011457212e+04
3.256250000000000000e+01,3.872700119934041868e+04
3.258333333333332860e+01,3.872700837872476404e+04
3.260416666666666430e+01,3.872701572284520080e+04
3.262500000000000000e+01,3.872702322617731988e+04
3.264583333333332860e+01,3.872703088309797749e+04
3.266666666666666430e+01,3.872703868788900581e+04
3.268750000000000000e+01,3.872704663474226254e+04
3.270833333333332860e+01,3.872705471776298509e+04
3.272916666666666430e+01,3.872706293097432354e+04
3.275000000000000000e+01,3.872707126832190261e+04
3.277083333333332860e+01,3.872707972367704497e+04
3.279166666666666430e+01,3.872708829084270837e+04
3.281250000000000000e+01,3.872709696355674532e+04
3.283333333333332860e+01,3.872710573549695255e+04
3.285416666666666430e+01,3.872711460028532019e+04
3.287500000000000000e+01,3.872712355149315408e+04
3.289583333333332860e+01,3.872713258264480828e+04
3.291666666666666430e+01,3.872714168722320028e+04
3.293750000000000000e+01,3.872715085867421294e+04
3.295833333333332860e+01,3.872716009041129291e+04
3.297916666666666430e+01,3.872716937582010723e+04
3.300000000000000000e+01,3.872717870826393482e+04
3.302083333333332860e+01,3.872718808108805388e+04
3.304166666666666430e+01,3.872719748762387462e+04
3.306250000000000000e+01,3.872720692119529122e+04
3.308333333333332860e+01,3.872721637512232701e+04
3.310416666666666430e+01,3.872722584272642416e+04
3.312500000000000000e+01,3.872723531733479467e+04
3.314583333333332860e+01,3.872724479228600103e+04
3.316666666666666430e+01,3.872725426093435817e+04
3.318750000000000000e+01,3.872726371665450279e+04
3.320833333333332860e+01,3.872727315284690121e+04
3.322916666666666430e+01,3.872728256294137827e+04
3.325000000000000000e+01,3.872729194040330913e+04
3.327083333333332860e+01,3.872730127873663878e+04
3.329166666666666430e+01,3.872731057149041590e+04
3.331250000000000000e+01,3.872731981226113567e+04
3.333333333333332860e+01,3.872732899469928088e+04
3.335416666666666430e+01,3.872733811251208681e+04
3.337500000000000000e+01,3.872734715946929646e+04
3.339583333333332860e+01,3.872735612940632564e+04
3.341666666666666430e+01,3.872736501622854848e+04
3.343750000000000000e+01,3.872737381391559757e+04
3.345833333333332860e+01,3.872738251652580220e+04
3.347916666666666430e+01,3.872739111819829850e+04
3.350000000000000000e+01,3.872739961315826076e+04
3.352083333333332860e+01,3.872740799571953539e+04
3.354166666666666430e+01,3.872741626028850442e+04
3.356250000000000000e+01,3.872742440136642108e+04
3.358333333333332860e+01,3.872743241355307691e+04
3.360416666666666430e+01,3.872744029154886812e+04
3.362500000000000000e+01,3.872744803015825164e+04
3.364583333333332860e+01,3.872745562429113488e+04
3.366666666666666430e+01,3.872746306896571332e+04
3.368750000000000000e+01,3.872747035931042774e+04
3.370833333333332860e+01,3.872747749056509929e+04
3.372916666666666430e+01,3.872748445808366523e+04
3.375000000000000000e+01,3.872749125733441906e+04
3.377083333333332860e+01,3.872749788390231697e+04
3.379166666666666430e+01,3.872750433349030936e+04
3.381250000000000000e+01,3.872751060191995202e+04
3.383333333333332860e+01,3.872751668513299956e+04
3.385416666666666430e+01,3.872752257919312251e+04
3.387500000000000000e+01,3.872752828028687509e+04
3.389583333333332860e+01,3.872753378472541226e+04
3.391666666666666430e+01,3.872753908894702181e+04
3.393750000000000000e+01,3.872754418951838306e+04
3.395833333333332860e+01,3.872754908313850319e+04
3.397916666666666430e+01,3.872755376664064534e+04
3.400000000000000000e+01,3.872755823699680332e+04
3.402083333333332860e+01,3.872756249132147059e+04
3.404166666666666430e+01,3.872756652687683527e+04
3.406250000000000000e+01,3.872757034107722575e+04
3.408333333333332860e+01,3.872757393149627751e+04
3.410416666666666430e+01,3.872757729587209178e+04
3.412500000000000000e+01,3.872758043211414042e+04
3.414583333333332860e+01,3.872758333831074560e+04
3.416666666666666430e+01,3.872758601273475506e+04
3.418750000000000000e+01,3.872758845385233872e+04
3.420833333333332860e+01,3.872759066032782721e+04
3.422916666666666430e+01,3.872759263103044213e+04
3.425000000000000000e+01,3.872759436504079349e+04
3.427083333333332860e+01,3.872759586165346263e+04
3.429166666666666430e+01,3.872759712038242287e+04
3.431250000000000000e+01,3.872759814096210903e+04
3.433333333333332860e+01,3.872759892334977485e+04
3.435416666666666430e+01,3.872759946772398689e+04
3.437500000000000000e+01,3.872759977448426798e+04
3.439583333333332860e+01,3.872759984424781578e+04
3.441666666666666430e+01,3.872759967784511537e+04
3.443750000000000000e+01,3.872759927631604660e+04
3.445833333333332860e+01,3.872759864090314659e+04
3.447916666666666430e+01,3.872759777304530871e+04
3.450000000000000000e+01,3.872759667437080498e+04
3.452083333333332860e+01,3.872759534669089771e+04
3.454166666666666430e+01,3.872759379199133400e+04
3.456250000000000000e+01,3.872759201242638665e+04
3.458333333333332860e+01,3.872759001031189109e+04
3.460416666666666430e+01,3.872758778811879165e+04
3.462500000000000000e+01,3.872758534846841212e+04
3.464583333333332860e+01,3.872758269412606023e+04
3.466666666666666430e+01,3.872757982799790625e+04
3.468750000000000000e+01,3.872757675312648644e+04
3.470833333333332860e+01,3.872757347268746526e+04
3.472916666666666430e+01,3.872756998998668860e+04
3.475000000000000000e+01,3.872756630845816835e+04
3.477083333333332860e+01,3.872756243166157219e+04
3.479166666666666430e+01,3.872755836328020814e+04
3.481250000000000000e+01,3.872755410711938021e+04
3.483333333333332860e+01,3.872754966710398730e+04
3.485416666666666430e+01,3.872754504727697349e+04
3.487500000000000000e+01,3.872754025179758173e+04
3.489583333333332860e+01,3.872753528493877093e+04
3.491666666666666430e+01,3.872753015108489490e+04
3.493750000000000000e+01,3.872752485472965054e+04
3.495833333333332860e+01,3.872751940047359676e+04
3.497916666666666430e+01,3.872751379302069836e+04
3.500000000000000000e+01,3.872750803717673261e+04
3.502083333333332860e+01,3.872750213784576044e+04
3.504166666666666430e+01,3.872749610002749978e+04
3.506250000000000000e+01,3.872748992881385493e+04
3.508333333333332860e+01,3.872748362938674836e+04
3.510416666666666430e+01,3.872747720701426442e+04
3.512500000000000000e+01,3.872747066704840836e+04
3.514583333333332860e+01,3.872746401492108998e+04
3.516666666666666430e+01,3.872745725614149706e+04
3.518750000000000000e+01,3.872745039629280654e+04
3.520833333333332860e+01,3.872744344102896139e+04
3.522916666666666430e+01,3.872743639607079240e+04
3.525000000000000000e+01,3.872742926720299147e+04
3.527083333333332860e+01,3.872742206027064822e+04
3.529166666666666430e+01,3.872741478117503721e+04
3.531250000000000000e+01,3.872740743587014003e+04
3.533333333333332860e+01,3.872740003035929112e+04
3.535416666666666430e+01,3.872739257069036830e+04
3.537500000000000000e+01,3.872738506295207480e+04
3.539583333333332860e+01,3.872737751327087608e+04
3.541666666666666430e+01,3.872736992780482251e+04
3.543750000000000000e+01,3.872736231274130841e+04
3.545833333333332860e+01,3.872735467429192795e+04
3.547916666666666430e+01,3.872734701868814591e+04
3.550000000000000000e+01,3.872733935217746330e+04
3.552083333333332860e+01,3.872733168101934280e+04
3.554166666666666430e+01,3.872732401147972269e+04
3.556250000000000000e+01,3.872731634982852847e+04
3.558333333333332860e+01,3.872730870233363385e+04
3.560416666666666430e+01,3.872730107525758649e+04
3.562500000000000000e+01,3.872729347485329345e+04
3.564583333333332860e+01,3.872728590735934267e+04
3.566666666666666430e+01,3.872727837899560109e+04
3.568750000000000000e+01,3.872727089595956204e+04
3.570833333333332860e+01,3.872726346442163049e+04
3.572916666666666430e+01,3.872725609052033542e+04
3.575000000000000000e+01,3.872724878035935399e+04
3.577083333333332860e+01,3.872724154000169801e+04
3.579166666666666430e+01,3.872723437546643254e+04
3.581250000000000000e+01,3.872722729272440483e+04
3.583333333333332860e+01,3.872722029769330402e+04
3.585416666666666430e+01,3.872721339623424137e+04
3.587500000000000000e+01,3.872720659414726833e+04
3.589583333333332860e+01,3.872719989716701821e+04
3.591666666666666430e+01,3.872719331095879170e+04
3.593750000000000000e+01,3.872718684111461334e+04
3.595833333333332860e+01,3.872718049314916425e+04
3.597916666666666430e+01,3.872717427249591128e+04
3.600000000000000000e+01,3.872716818450258143e+04
3.602083333333332860e+01,3.872716223442832415e+04
3.604166666666666430e+01,3.872715642743896751e+04
3.606250000000000000e+01,3.872715076860382396e+04
3.608333333333332860e+01,3.872714526289172500e+04
3.610416666666666430e+01,3.872713991516800161e+04
3.612500000000000000e+01,3.872713473018999503e+04
3.614583333333332860e+01,3.872712971260448103e+04
3.616666666666666430e+01,3.872712486694336985e+04
3.618750000000000000e+01,3.872712019762115960e+04
3.620833333333332860e+01,3.872711570893130556e+04
3.622916666666666430e+01,3.872711140504296782e+04
3.625000000000000000e+01,3.872710728999789717e+04
3.627083333333332860e+01,3.872710336770796857e+04
3.629166666666666430e+01,3.872709964195115754e+04
3.631250000000000000e+01,3.872709611636956834e+04
3.633333333333332860e+01,3.872709279446629807e+04
3.635416666666666430e+01,3.872708967960329028e+04
3.637500000000000000e+01,3.872708677499752957e+04
3.639583333333332860e+01,3.872708408371976111e+04
3.641666666666666430e+01,3.872708160869197309e+04
3.643750000000000000e+01,3.872707935268423171e+04
3.645833333333332860e+01,3.872707731831318961e+04
3.647916666666666430e+01,3.872707550804003404e+04
3.650000000000000000e+01,3.872707392416831135e+04
3.652083333333332860e+01,3.872707256884207891e+04
3.654166666666666430e+01,3.872707144404424616e+04
3.656250000000000000e+01,3.872707055159442825e+04
3.658333333333332860e+01,3.872706989314834209e+04
3.660416666666666430e+01,3.872706947019557265e+04
3.662500000000000000e+01,3.872706928405822691e+04
3.664583333333332860e+01,3.872706933589049731e+04
3.666666666666666430e+01,3.872706962667671905e+04
3.668750000000000000e+01,3.872707015723098448e+04
3.670833333333332860e+01,3.872707092819546233e+04
3.672916666666666430e+01,3.872707194004115445e+04
3.675000000000000000e+01,3.872707319306557474e+04
3.677083333333332860e+01,3.872707468739305477e+04
3.679166666666666430e+01,3.872707642297502753e+04
3.681250000000000000e+01,3.872707839958806289e+04
3.683333333333332860e+01,3.872708061683520646e+04
3.685416666666666430e+01,3.872708307414536102e+04
3.687500000000000000e+01,3.872708577077359951e+04
3.689583333333332860e+01,3.872708870580109942e+04
3.691666666666666430e+01,3.872709187813555764e+04
3.693750000000000000e+01,3.872709528651183064e+04
3.695833333333332860e+01,3.872709892949254572e+04
3.697916666666666430e+01,3.872710280546839931e+04
3.700000000000000000e+01,3.872710691265945934e+04
3.702083333333332860e+01,3.872711124911590014e+04
3.704166666666666430e+01,3.872711581271885370e+04
3.706250000000000000e+01,3.872712060118211957e+04
3.708333333333332860e+01,3.872712561205271049e+04
3.710416666666666430e+01,3.872713084271350817e+04
3.712500000000000000e+01,3.872713629038355430e+04
3.714583333333332860e+01,3.872714195211997867e+04
3.716666666666666430e+01,3.872714782482042938e+04
3.718750000000000000e+01,3.872715390522405505e+04
3.720833333333332860e+01,3.872716018991442252e+04
3.722916666666666430e+01,3.872716667532089195e+04
3.725000000000000000e+01,3.872717335772109072e+04
3.727083333333332860e+01,3.872718023324350361e+04
3.729166666666666430e+01,3.872718729786940821e+04
3.731250000000000000e+01,3.872719454743632377e+04
3.733333333333332860e+01,3.872720197763906617e+04
3.735416666666666430e+01,3.872720958403430996e+04
3.737500000000000000e+01,3.872721736204229092e+04
3.739583333333332860e+01,3.872722530695034948e+04
3.741666666666666430e+01,3.872723341391520808e+04
3.743750000000000000e+01,3.872724167796735128e+04
3.745833333333332860e+01,3.872725009401312127e+04
3.747916666666666430e+01,3.872725865683885786e+04
3.750000000000000000e+01,3.872726736111364153e+04
3.752083333333332860e+01,3.872727620139325882e+04
3.754166666666666430e+01,3.872728517212418956e+04
3.756250000000000000e+01,3.872729426764588425e+04
3.758333333333332860e+01,3.872730348219625012e+04
3.760416666666666430e+01,3.872731280991445237e+04
3.762500000000000000e+01,3.872732224484495237e+04
3.764583333333332860e+01,3.872733178094165487e+04
3.766666666666666430e+01,3.872734141207188804e+04
3.768750000000000000e+01,3.872735113202050707e+04
3.770833333333332860e+01,3.872736093449408509e+04
3.772916666666666430e+01,3.872737081312557711e+04
3.775000000000000000e+01,3.872738076147786342e+04
3.777083333333332860e+01,3.872739077304836974e+04
3.779166666666666430e+01,3.872740084127405862e+04
3.781250000000000000e+01,3.872741095953516924e+04
3.783333333333332860e+01,3.872742112115975033e+04
3.785416666666666430e+01,3.872743131942863693e+04
3.787500000000000000e+01,3.872744154757992510e+04
3.789583333333332860e+01,3.872745179881348304e+04
3.791666666666666430e+01,3.872746206629544758e+04
3.793750000000000000e+01,3.872747234316333925e+04
3.795833333333332860e+01,3.872748262253033317e+04
3.797916666666666430e+01,3.872749289749070158e+04
3.800000000000000000e+01,3.872750316112329165e+04
3.802083333333332860e+01,3.872751340649786289e+04
3.804166666666666430e+01,3.872752362667921989e+04
3.806250000000000000e+01,3.872753381473128684e+04
3.808333333333332860e+01,3.872754396372338670e+04
3.810416666666666430e+01,3.872755406673392281e+04
3.812500000000000000e+01,3.872756411685585044e+04
3.814583333333332860e+01,3.872757410720153712e+04
3.816666666666666430e+01,3.872758403090734646e+04
3.818750000000000000e+01,3.872759388113860041e+04
3.820833333333332860e+01,3.872760365109467239e+04
3.822916666666666430e+01,3.872761333401386946e+04
3.825000000000000000e+01,3.872762292317787069e+04
3.827083333333332860e+01,3.872763241191735870e+04
3.829166666666666430e+01,3.872764179361618153e+04
3.831250000000000000e+01,3.872765106171672232e+04
3.833333333333332860e+01,3.872766020972522529e+04
3.835416666666666430e+01,3.872766923121554282e+04
3.837500000000000000e+01,3.872767811983496358e+04
3.839583333333332860e+01,3.872768686930924014e+04
3.841666666666666430e+01,3.872769547344671446e+04
3.843750000000000000e+01,3.872770392614426237e+04
3.845833333333332860e+01,3.872771222139165184e+04
3.847916666666666430e+01,3.872772035327657795e+04
3.850000000000000000e+01,3.872772831599013443e+04
3.852083333333332860e+01,3.872773610383135383e+04
3.854166666666666430e+01,3.872774371121278091e+04
3.856250000000000000e+01,3.872775113266487460e+04
3.858333333333332860e+01,3.872775836284161778e+04
3.860416666666666430e+01,3.872776539652593056e+04
3.862500000000000000e+01,3.872777222863369389e+04
3.864583333333332860e+01,3.872777885422015243e+04
3.866666666666666430e+01,3.872778526848425827e+04
3.868750000000000000e+01,3.872779146677399694e+04
3.870833333333332860e+01,3.872779744459108770e+04
3.872916666666666430e+01,3.872780319759656413e+04
3.875000000000000000e+01,3.872780872161493608e+04
3.877083333333332860e+01,3.872781401263977023e+04
3.879166666666666430e+01,3.872781906683694251e+04
3.881250000000000000e+01,3.872782388055008050e+04
3.883333333333332860e+01,3.872782845030374301e+04
3.885416666666666430e+01,3.872783277280771290e+04
3.887500000000000000e+01,3.872783684495974012e+04
3.889583333333332860e+01,3.872784066384828475e+04
3.891666666666666430e+01,3.872784422675519454e+04
3.893750000000000000e+01,3.872784753115646890e+04
3.895833333333332860e+01,3.872785057472430344e+04
3.897916666666666430e+01,3.872785335532668978e+04
3.900000000000000000e+01,3.872785587102681166e+04
3.902083333333332860e+01,3.872785812008169887e+04
3.904166666666666430e+01,3.872786010094118683e+04
3.906250000000000000e+01,3.872786181224377651e+04
3.908333333333332860e+01,3.872786325281394966e+04
3.910416666666666430e+01,3.872786442165765038e+04
3.912500000000000000e+01,3.872786531795780320e+04
3.914583333333332860e+01,3.872786594106881967e+04
3.916666666666666430e+01,3.872786629051117052e+04
3.918750000000000000e+01,3.872786636596600874e+04
3.920833333333332860e+01,3.872786616726887587e+04
3.922916666666666430e+01,3.872786569440478343e+04
3.925000000000000000e+01,3.872786494750259590e+04
3.927083333333332860e+01,3.872786392683083250e+04
3.929166666666666430e+01,3.872786263279287959e+04
3.931250000000000000e+01,3.872786106592447322e+04
3.933333333333332860e+01,3.872785922689086146e+04
3.935416666666666430e+01,3.872785711648583674e+04
3.937500000000000000e+01,3.872785473563017877e+04
3.939583333333332860e+01,3.872785208537301514e+04
3.941666666666666430e+01,3.872784916689209786e+04
3.943750000000000000e+01,3.872784598149637895e+04
3.945833333333332860e+01,3.872784253062772041e+04
3.947916666666666430e+01,3.872783881586474308e+04
3.950000000000000000e+01,3.872783483892527875e+04
3.952083333333332860e+01,3.872783060166984797e+04
3.954166666666666430e+01,3.872782610610499978e+04
3.956250000000000000e+01,3.872782135438684054e+04
3.958333333333332860e+01,3.872781634882248181e+04
3.960416666666666430e+01,3.872781109187427501e+04
3.962500000000000000e+01,3.872780558615947666e+04
3.964583333333332860e+01,3.872779983445315884e+04
3.966666666666666430e+01,3.872779383968807815e+04
3.968750000000000000e+01,3.872778760495487950e+04
3.970833333333332860e+01,3.872778113350155036e+04
3.972916666666666430e+01,3.872777442873217660e+04
3.975000000000000000e+01,3.872776749420612032e+04
3.977083333333332860e+01,3.872776033363548049e+04
3.979166666666666430e+01,3.872775295088291750e+04
3.981250000000000000e+01,3.872774534995958675e+04
3.983333333333332860e+01,3.872773753502228647e+04
3.985416666666666430e+01,3.872772951037009625e+04
3.987500000000000000e+01,3.872772128044207057e+04
3.989583333333332860e+01,3.872771284981397912e+04
3.991666666666666430e+01,3.872770422319505451e+04
3.993750000000000000e+01,3.872769540542468167e+04
3.995833333333332860e+01,3.872768640146951657e+04
3.997916666666666430e+01,3.872767721641942626e+04
4.000000000000000000e+01,3.872766785548483313e+04
4.002083333333332860e+01,3.872765832399299688e+04
4.004166666666666430e+01,3.872764862738387455e+04
4.006250000000000000e+01,3.872763877120766847e+04
4.008333333333332860e+01,3.872762876112012600e+04
4.010416666666666430e+01,3.872761860287825402e+04
4.012500000000000000e+01,3.872760830233804882e+04
4.014583333333332860e+01,3.872759786544881354e+04
4.016666666666666430e+01,3.872758729825033515e+04
4.018750000000000000e+01,3.872757660686738382e+04
4.020833333333332860e+01,3.872756579750685341e+04
4.022916666666666430e+01,3.872755487645316316e+04
4.025000000000000000e+01,3.872754385006329539e+04
4.027083333333332860e+01,3.872753272476331040e+04
4.029166666666666430e+01,3.872752150704350788e+04
4.031250000000000000e+01,3.872751020345488359e+04
4.033333333333332860e+01,3.872749882060346135e+04
4.035416666666666430e+01,3.872748736514790653e+04
4.037500000000000000e+01,3.872747584379263571e+04
4.039583333333332860e+01,3.872746426328621601e+04
4.041666666666666430e+01,3.872745263041484577e+04
4.043750000000000000e+01,3.872744095199907315e+04
4.045833333333332860e+01,3.872742923488920496e+04
4.047916666666666430e+01,3.872741748596059188e+04
4.050000000000000000e+01,3.872740571210960479e+04
4.052083333333332860e+01,3.872739392024876724e+04
4.054166666666666430e+01,3.872738211730262265e+04
4.056250000000000000e+01,3.872737031020343420e+04
4.058333333333332860e+01,3.872735850588582252e+04
4.060416666666666430e+01,3.872734671128298942e+04
4.062500000000000000e+01,3.872733493332204671e+04
4.064583333333332860e+01,3.872732317891978164e+04
4.066666666666666430e+01,3.872731145497754187e+04
4.068750000000000000e+01,3.872729976837707363e+04
4.070833333333332860e+01,3.872728812597597425e+04
4.072916666666666430e+01,3.872727653460350120e+04
4.075000000000000000e+01,3.872726500105586456e+04
4.077083333333332860e+01,3.872725353209173772e+04
4.079166666666666430e+01,3.872724213442776090e+04
4.081250000000000000e+01,3.872723081473491038e+04
4.083333333333332860e+01,3.872721957963324530e+04
4.085416666666666430e+01,3.872720843568827695e+04
4.087500000000000000e+01,3.872719738940617390e+04
4.089583333333332860e+01,3.872718644722987665e+04
4.091666666666666430e+01,3.872717561553479754e+04
4.093750000000000000e+01,3.872716490062459343e+04
4.095833333333332860e+01,3.872715430872725847e+04
4.097916666666666430e+01,3.872714384599105688e+04
4.100000000000000000e+01,3.872713351848001912e+04
4.102083333333332860e+01,3.872712333217044215e+04
4.104166666666666430e+01,3.872711329294666211e+04
4.106250000000000000e+01,3.872710340659772919e+04
4.108333333333332860e+01,3.872709367881285289e+04
4.110416666666666430e+01,3.872708411517853528e+04
4.112500000000000000e+01,3.872707472117360157e+04
4.114583333333332860e+01,3.872706550216706091e+04
4.116666666666666430e+01,3.872705646341356623e+04
4.118750000000000000e+01,3.872704761005013279e+04
4.120833333333332860e+01,3.872703894709339511e+04
4.122916666666666430e+01,3.872703047943523416e+04
4.125000000000000000e+01,3.872702221184031805e+04
4.127083333333332860e+01,3.872701414894281334e+04
4.129166666666666430e+01,3.872700629524278338e+04
4.131250000000000000e+01,3.872699865510418022e+04
4.133333333333332860e+01,3.872699123275107559e+04
4.135416666666666430e+01,3.872698403226560185e+04
4.137500000000000000e+01,3.872697705758444499e+04
4.139583333333332860e+01,3.872697031249664724e+04
4.141666666666666430e+01,3.872696380064155528e+04
4.143750000000000000e+01,3.872695752550525503e+04
4.145833333333332860e+01,3.872695149041938566e+04
4.147916666666666430e+01,3.872694569855858572e+04
4.150000000000000000e+01,3.872694015293754637e+04
4.152083333333332860e+01,3.872693485641059669e+04
4.154166666666666430e+01,3.872692981166855316e+04
4.156250000000000000e+01,3.872692502123702434e+04
4.158333333333332860e+01,3.872692048747537774e+04
4.160416666666666430e+01,3.872691621257457882e+04
4.162500000000000000e+01,3.872691219855585223e+04
4.164583333333332860e+01,3.872690844726967043e+04
4.166666666666666430e+01,3.872690496039419668e+04
4.168750000000000000e+01,3.872690173943405534e+04
4.170833333333332860e+01,3.872689878571987356e+04
4.172916666666666430e+01,3.872689610040662956e+04
4.175000000000000000e+01,3.872689368447385641e+04
4.177083333333332860e+01,3.872689153872380120e+04
4.179166666666666430e+01,3.872688966378192708e+04
4.181250000000000000e+01,3.872688806009628024e+04
4.183333333333332860e+01,3.872688672793676960e+04
4.185416666666666430e+01,3.872688566739568341e+04
4.187500000000000000e+01,3.872688487838655419e+04
4.189583333333332860e+01,3.872688436064575217e+04
4.191666666666666430e+01,3.872688411373144481e+04
4.193750000000000000e+01,3.872688413702458638e+04
4.195833333333332860e+01,3.872688442972923804e+04
4.197916666666666430e+01,3.872688499087261880e+04
4.200000000000000000e+01,3.872688581930650253e+04
4.202083333333332860e+01,3.872688691370818560e+04
4.204166666666666430e+01,3.872688827258015226e+04
4.206250000000000000e+01,3.872688989425256295e+04
4.208333333333332860e+01,3.872689177688409109e+04
4.210416666666666430e+01,3.872689391846222134e+04
4.212500000000000000e+01,3.872689631680594903e+04
4.214583333333332860e+01,3.872689896956667508e+04
4.216666666666666430e+01,3.872690187422993768e+04
4.218750000000000000e+01,3.872690502811741317e+04
4.220833333333332860e+01,3.872690842838831304e+04
4.222916666666666430e+01,3.872691207204184320e+04
4.225000000000000000e+01,3.872691595591892838e+04
4.227083333333332860e+01,3.872692007670512976e+04
4.229166666666666430e+01,3.872692443093221664e+04
4.231250000000000000e+01,3.872692901498053834e+04
4.233333333333332860e+01,3.872693382508247305e+04
4.235416666666666430e+01,3.872693885732460330e+04
4.237500000000000000e+01,3.872694410764969507e+04
4.239583333333332860e+01,3.872694957186088141e+04
4.241666666666666430e+01,3.872695524562407081e+04
4.243750000000000000e+01,3.872696112447050109e+04
4.245833333333332860e+01,3.872696720380083570e+04
4.247916666666666430e+01,3.872697347888739023e+04
4.250000000000000000e+01,3.872697994487870892e+04
4.252083333333332860e+01,3.872698659680207493e+04
4.254166666666666430e+01,3.872699342956704641e+04
4.256250000000000000e+01,3.872700043796926911e+04
4.258333333333332860e+01,3.872700761669478379e+04
4.260416666666666430e+01,3.872701496032268915e+04
4.262500000000000000e+01,3.872702246332962386e+04
4.264583333333332860e+01,3.872703012009407394e+04
4.266666666666666430e+01,3.872703792489924672e+04
4.268750000000000000e+01,3.872704587193836051e+04
4.270833333333332860e+01,3.872705395531799149e+04
4.272916666666666430e+01,3.872706216906245390e+04
4.275000000000000000e+01,3.872707050711861666e+04
4.277083333333332860e+01,3.872707896335963596e+04
4.279166666666666430e+01,3.872708753158912441e+04
4.281250000000000000e+01,3.872709620554633148e+04
4.283333333333332860e+01,3.872710497891022533e+04
4.285416666666666430e+01,3.872711384530392388e+04
4.287500000000000000e+01,3.872712279829953332e+04
4.289583333333332860e+01,3.872713183142288472e+04
4.291666666666666430e+01,3.872714093815786327e+04
4.293750000000000000e+01,3.872715011195091211e+04
4.295833333333332860e+01,3.872715934621654014e+04
4.297916666666666430e+01,3.872716863434147672e+04
4.300000000000000000e+01,3.872717796968947368e+04
4.302083333333332860e+01,3.872718734560618032e+04
4.304166666666666430e+01,3.872719675542411278e+04
4.306250000000000000e+01,3.872720619246739079e+04
4.308333333333332860e+01,3.872721565005622688e+04
4.310416666666666430e+01,3.872722512151236879e+04
4.312500000000000000e+01,3.872723460016296303e+04
4.314583333333332860e+01,3.872724407934676856e+04
4.316666666666666430e+01,3.872725355241780926e+04
4.318750000000000000e+01,3.872726301275024889e+04
4.320833333333332860e+01,3.872727245374381891e+04
4.322916666666666430e+01,3.872728186882783484e+04
4.325000000000000000e+01,3.872729125146604201e+04
4.327083333333332860e+01,3.872730059516175243e+04
4.329166666666666430e+01,3.872730989346190472e+04
4.331250000000000000e+01,3.872731913996152434e+04
4.333333333333332860e+01,3.872732832830845291e+04
4.335416666666666430e+01,3.872733745220776473e+04
4.337500000000000000e+01,3.872734650542608142e+04
4.339583333333332860e+01,3.872735548179537000e+04
4.341666666666666430e+01,3.872736437521753396e+04
4.343750000000000000e+01,3.872737317966844421e+04
4.345833333333332860e+01,3.872738188920079847e+04
4.347916666666666430e+01,3.872739049794958555e+04
4.350000000000000000e+01,3.872739900013401348e+04
4.352083333333332860e+01,3.872740739006229705e+04
4.354166666666666430e+01,3.872741566213377519e+04
4.356250000000000000e+01,3.872742381084310182e+04
4.358333333333332860e+01,3.872743183078247239e+04
4.360416666666666430e+01,3.872743971664455603e+04
4.362500000000000000e+01,3.872744746322523861e+04
4.364583333333332860e+01,3.872745506542619842e+04
4.366666666666666430e+01,3.872746251825687796e+04
4.368750000000000000e+01,3.872746981683613558e+04
4.370833333333332860e+01,3.872747695639523590e+04
4.372916666666666430e+01,3.872748393227867200e+04
4.375000000000000000e+01,3.872749073994615901e+04
4.377083333333332860e+01,3.872749737497446040e+04
4.379166666666666430e+01,3.872750383305797732e+04
4.381250000000000000e+01,3.872751011001133156e+04
4.383333333333332860e+01,3.872751620177029690e+04
4.385416666666666430e+01,3.872752210439331247e+04
4.387500000000000000e+01,3.872752781406349823e+04
4.389583333333332860e+01,3.872753332708992821e+04
4.391666666666666430e+01,3.872753863991054823e+04
4.393750000000000000e+01,3.872754374909432954e+04
4.395833333333332860e+01,3.872754865134361171e+04
4.397916666666666430e+01,3.872755334349849727e+04
4.400000000000000000e+01,3.872755782253914367e+04
4.402083333333332860e+01,3.872756208559098013e+04
4.404166666666666430e+01,3.872756612992923328e+04
4.406250000000000000e+01,3.872756995298335096e+04
4.408333333333332860e+01,3.872757355234345596e+04
4.410416666666666430e+01,3.872757692576602130e+04
4.412500000000000000e+01,3.872758007117959642e+04
4.414583333333332860e+01,3.872758298669209762e+04
4.416666666666666430e+01,3.872758567059639608e+04
4.418750000000000000e+01,3.872758812137726636e+04
4.420833333333332860e+01,3.872759033771695977e+04
4.422916666666666430e+01,3.872759231850085780e+04
4.425000000000000000e+01,3.872759406282249984e+04
4.427083333333332860e+01,3.872759556998797780e+04
4.429166666666666430e+01,3.872759683951800980e+04
4.431250000000000000e+01,3.872759787115089421e+04
4.433333333333332860e+01,3.872759866484379745e+04
4.435416666666666430e+01,3.872759922077150986e+04
4.437500000000000000e+01,3.872759953932558710e+04
4.439583333333332860e+01,3.872759962111153436e+04
4.441666666666666430e+01,3.872759946694582322e+04
4.443750000000000000e+01,3.872759907785047108e+04
4.445833333333332860e+01,3.872759845504831901e+04
4.447916666666666430e+01,3.872759759995657805e+04
4.450000000000000000e+01,3.872759651418100111e+04
4.452083333333332860e+01,3.872759519950932008e+04
4.454166666666666430e+01,3.872759365790431912e+04
4.456250000000000000e+01,3.872759189149766462e+04
4.458333333333332860e+01,3.872758990258315316e+04
4.460416666666666430e+01,3.872758769361201121e+04
4.462500000000000000e+01,3.872758526718636131e+04
4.464583333333332860e+01,3.872758262605504569e+04
4.466666666666666430e+01,3.872757977310896240e+04
4.468750000000000000e+01,3.872757671137763828e+04
4.470833333333332860e+01,3.872757344402557646e+04
4.472916666666666430e+01,3.872756997434925870e+04
4.475000000000000000e+01,3.872756630577440228e+04
4.477083333333332860e+01,3.872756244185462856e+04
4.479166666666666430e+01,3.872755838626718469e+04
4.481250000000000000e+01,3.872755414281324920e+04
4.483333333333332860e+01,3.872754971541402483e+04
4.485416666666666430e+01,3.872754510810982902e+04
4.487500000000000000e+01,3.872754032505691430e+04
4.489583333333332860e+01,3.872753537052651518e+04
4.491666666666666430e+01,3.872753024890105007e+04
4.493750000000000000e+01,3.872752496467307355e+04
4.495833333333332860e+01,3.872751952244172571e+04
4.497916666666666430e+01,3.872751392691048386e+04
4.500000000000000000e+01,3.872750818288424489e+04
4.502083333333332860e+01,3.872750229526657495e+04
4.504166666666666430e+01,3.872749626905709738e+04
4.506250000000000000e+01,3.872749010934757098e+04
4.508333333333332860e+01,3.872748382132034749e+04
4.510416666666666430e+01,3.872747741024359129e+04
4.512500000000000000e+01,3.872747088146985334e+04
4.514583333333332860e+01,3.872746424043179286e+04
4.516666666666666430e+01,3.872745749263928883e+04
4.518750000000000000e+01,3.872745064367628947e+04
4.520833333333332860e+01,3.872744369919703604e+04
4.522916666666666430e+01,3.872743666492349439e+04
4.525000000000000000e+01,3.872742954664114222e+04
4.527083333333332860e+01,3.872742235019516374e+04
4.529166666666666430e+01,3.872741508148764115e+04
4.531250000000000000e+01,3.872740774647311628e+04
4.533333333333332860e+01,3.872740035115502542e+04
4.535416666666666430e+01,3.872739290158152289e+04
4.537500000000000000e+01,3.872738540384161752e+04
4.539583333333332860e+01,3.872737786406117084e+04
4.541666666666666430e+01,3.872737028839898994e+04
4.543750000000000000e+01,3.872736268304211990e+04
4.545833333333332860e+01,3.872735505420195841e+04
4.547916666666666430e+01,3.872734740810994845e+04
4.550000000000000000e+01,3.872733975101363467e+04
4.552083333333332860e+01,3.872733208917183219e+04
4.554166666666666430e+01,3.872732442885096680e+04
4.556250000000000000e+01,3.872731677632028732e+04
4.558333333333332860e+01,3.872730913784766744e+04
4.560416666666666430e+01,3.872730151969551662e+04
4.562500000000000000e+01,3.872729392811642902e+04
4.564583333333332860e+01,3.872728636934873794e+04
4.566666666666666430e+01,3.872727884961242671e+04
4.568750000000000000e+01,3.872727137510434841e+04
4.570833333333332860e+01,3.872726395199459512e+04
4.572916666666666430e+01,3.872725658642157214e+04
4.575000000000000000e+01,3.872724928448844003e+04
4.577083333333332860e+01,3.872724205225794867e+04
4.579166666666666430e+01,3.872723489574906125e+04
4.581250000000000000e+01,3.872722782093128626e+04
4.583333333333332860e+01,3.872722083372285852e+04
4.585416666666666430e+01,3.872721393998403073e+04
4.587500000000000000e+01,3.872720714551438869e+04
4.589583333333332860e+01,3.872720045604803454e+04
4.591666666666666430e+01,3.872719387724987610e+04
4.593750000000000000e+01,3.872718741471177782e+04
4.595833333333332860e+01,3.872718107394762774e+04
4.597916666666666430e+01,3.872717486039045616e+04
4.600000000000000000e+01,3.872716877938770631e+04
4.602083333333332860e+01,3.872716283619773458e+04
4.604166666666666430e+01,3.872715703598603432e+04
4.606250000000000000e+01,3.872715138382184523e+04
4.608333333333332860e+01,3.872714588467348949e+04
4.610416666666666430e+01,3.872714054340543225e+04
4.612500000000000000e+01,3.872713536477496382e+04
4.614583333333332860e+01,3.872713035342817602e+04
4.616666666666666430e+01,3.872712551389644068e+04
4.618750000000000000e+01,3.872712085059424862e+04
4.620833333333332860e+01,3.872711636781434208e+04
4.622916666666666430e+01,3.872711206972537911e+04
4.625000000000000000e+01,3.872710796036889951e+04
4.627083333333332860e+01,3.872710404365596332e+04
4.629166666666666430e+01,3.872710032336413860e+04
4.631250000000000000e+01,3.872709680313556601e+04
4.633333333333332860e+01,3.872709348647261504e+04
4.635416666666666430e+01,3.872709037673659623e+04
4.637500000000000000e+01,3.872708747714447236e+04
4.639583333333332860e+01,3.872708479076631920e+04
4.641666666666666430e+01,3.872708232052342646e+04
4.643750000000000000e+01,3.872708006918586761e+04
4.645833333333332860e+01,3.872707803936991695e+04
4.647916666666666430e+01,3.872707623353610688e+04
4.650000000000000000e+01,3.872707465398776549e+04
4.652083333333332860e+01,3.872707330286860815e+04
4.654166666666666430e+01,3.872707218216075853e+04
4.656250000000000000e+01,3.872707129368405003e+04
4.658333333333332860e+01,3.872707063909342105e+04
4.660416666666666430e+01,3.872707021987810731e+04
4.662500000000000000e+01,3.872707003736011393e+04
4.664583333333332860e+01,3.872707009269300761e+04
4.666666666666666430e+01,3.872707038686083251e+04
4.668750000000000000e+01,3.872707092067722988e+04
4.670833333333332860e+01,3.872707169478461583e+04
4.672916666666666430e+01,3.872707270965280622e+04
4.675000000000000000e+01,3.872707396557954780e+04
4.677083333333332860e+01,3.872707546268877195e+04
4.679166666666666430e+01,3.872707720093121316e+04
4.681250000000000000e+01,3.872707918008347770e+04
4.683333333333332860e+01,3.872708139974834921e+04
4.685416666666666430e+01,3.872708385935446859e+04
4.687500000000000000e+01,3.872708655815645034e+04
4.689583333333332860e+01,3.872708949523530464e+04
4.691666666666666430e+01,3.872709266949834273e+04
4.693750000000000000e+01,3.872709607968024648e+04
4.695833333333332860e+01,3.872709972434339579e+04
4.697916666666666430e+01,3.872710360187834885e+04
4.700000000000000000e+01,3.872710771050483163e+04
4.702083333333332860e+01,3.872711204827272741e+04
4.704166666666666430e+01,3.872711661306295719e+04
4.706250000000000000e+01,3.872712140258929867e+04
4.708333333333332860e+01,3.872712641439862637e+04
4.710416666666666430e+01,3.872713164587361098e+04
4.712500000000000000e+01,3.872713709423273394e+04
4.714583333333332860e+01,3.872714275653343066e+04
4.716666666666666430e+01,3.872714862967289082e+04
4.718750000000000000e+01,3.872715471039040131e+04
4.720833333333332860e+01,3.872716099526912876e+04
4.722916666666666430e+01,3.872716748073856434e+04
4.725000000000000000e+01,3.872717416307616077e+04
4.727083333333332860e+01,3.872718103841034463e+04
4.729166666666666430e+01,3.872718810272249539e+04
4.731250000000000000e+01,3.872719535184952110e+04
4.733333333333332860e+01,3.872720278148672514e+04
4.735416666666666430e+01,3.872721038719056378e+04
4.737500000000000000e+01,3.872721816438136739e+04
4.739583333333332860e+01,3.872722610834616353e+04
4.741666666666666430e+01,3.872723421424202388e+04
4.743750000000000000e+01,3.872724247709932388e+04
4.745833333333332860e+01,3.872725089182451484e+04
4.747916666666666430e+01,3.872725945320379833e+04
4.750000000000000000e+01,3.872726815590659680e+04
4.752083333333332860e+01,3.872727699448882777e+04
4.754166666666666430e+01,3.872728596339650539e+04
4.756250000000000000e+01,3.872729505697001878e+04
4.758333333333332860e+01,3.872730426944659848e+04
4.760416666666666430e+01,3.872731359496621735e+04
4.762500000000000000e+01,3.872732302757296566e+04
4.764583333333332860e+01,3.872733256122121384e+04
4.766666666666666430e+01,3.872734218977833370e+04
4.768750000000000000e+01,3.872735190702937689e+04
4.770833333333332860e+01,3.872736170668139675e+04
4.772916666666666430e+01,3.872737158236726827e+04
4.775000000000000000e+01,3.872738152765027917e+04
4.777083333333332860e+01,3.872739153602789884e+04
4.779166666666666430e+01,3.872740160093738814e+04
4.781250000000000000e+01,3.872741171575908811e+04
4.783333333333332860e+01,3.872742187382152770e+04
4.785416666666666430e+01,3.872743206840557832e+04
4.787500000000000000e+01,3.872744229274994723e+04
4.789583333333332860e+01,3.872745254005447350e+04
4.791666666666666430e+01,3.872746280348557048e+04
4.793750000000000000e+01,3.872747307618094055e+04
4.795833333333332860e+01,3.872748335125410813e+04
4.797916666666666430e+01,3.872749362179953459e+04
4.800000000000000000e+01,3.872750388089612534e+04
4.802083333333332860e+01,3.872751412161396001e+04
4.804166666666666430e+01,3.872752433701793780e+04
4.806250000000000000e+01,3.872753452017210657e+04
4.808333333333332860e+01,3.872754466414574563e+04
4.810416666666666430e+01,3.872755476201746933e+04
4.812500000000000000e+01,3.872756480688027659e+04
4.814583333333332860e+01,3.872757479184642580e+04
4.816666666666666430e+01,3.872758471005185856e+04
4.818750000000000000e+01,3.872759455466203508e+04
4.820833333333332860e+01,3.872760431887595041e+04
4.822916666666666430e+01,3.872761399593143142e+04
4.825000000000000000e+01,3.872762357911008439e+04
4.827083333333332860e+01,3.872763306174142053e+04
4.829166666666666430e+01,3.872764243720916420e+04
4.831250000000000000e+01,3.872765169895516738e+04
4.833333333333332860e+01,3.872766084048410266e+04
4.835416666666666430e+01,3.872766985536879656e+04
4.837500000000000000e+01,3.872767873725580284e+04
4.839583333333332860e+01,3.872768747986914241e+04
4.841666666666666430e+01,3.872769607701589848e+04
4.843750000000000000e+01,3.872770452259120066e+04
4.845833333333332860e+01,3.872771281058296881e+04
4.847916666666666430e+01,3.872772093507706450e+04
4.850000000000000000e+01,3.872772889026234043e+04
4.852083333333332860e+01,3.872773667043537716e+04
4.854166666666666430e+01,3.872774427000662399e+04
4.856250000000000000e+01,3.872775168350373860e+04
4.858333333333332860e+01,3.872775890557804814e+04
4.860416666666666430e+01,3.872776593100972968e+04
4.862500000000000000e+01,3.872777275471171743e+04
4.864583333333332860e+01,3.872777937173687678e+04
4.866666666666666430e+01,3.872778577728116215e+04
4.868750000000000000e+01,3.872779196668993245e+04
4.870833333333332860e+01,3.872779793546246219e+04
4.872916666666666430e+01,3.872780367925788596e+04
4.875000000000000000e+01,3.872780919389875635e+04
4.877083333333332860e+01,3.872781447537741042e+04
4.879166666666666430e+01,3.872781951985868363e+04
4.881250000000000000e+01,3.872782432368634909e+04
4.883333333333332860e+01,3.872782888338575140e+04
4.885416666666666430e+01,3.872783319566817227e+04
4.887500000000000000e+01,3.872783725743402465e+04
4.889583333333332860e+01,3.872784106577561033e+04
4.891666666666666430e+01,3.872784461797973927e+04
4.893750000000000000e+01,3.872784791152899561e+04
4.895833333333332860e+01,3.872785094410323654e+04
4.897916666666666430e+01,3.872785371357957047e+04
4.900000000000000000e+01,3.872785621803170216e+04
4.902083333333332860e+01,3.872785845572910330e+04
4.904166666666666430e+01,3.872786042513469147e+04
4.906250000000000000e+01,3.872786212490154139e+04
4.908333333333332860e+01,3.872786355386977084e+04
4.910416666666666430e+01,3.872786471106202225e+04
4.912500000000000000e+01,3.872786559567826043e+04
4.914583333333332860e+01,3.872786620709028648e+04
4.916666666666666430e+01,3.872786654483642633e+04
4.918750000000000000e+01,3.872786660861492419e+04
4.920833333333332860e+01,3.872786639827797626e+04
4.922916666666666430e+01,3.872786591382678307e+04
4.925000000000000000e+01,3.872786515540440450e+04
4.927083333333332860e+01,3.872786412329279847e+04
4.929166666666666430e+01,3.872786281790667999e+04
4.931250000000000000e+01,3.872786123979133845e+04
4.933333333333332860e+01,3.872785938961985084e+04
4.935416666666666430e+01,3.872785726819098636e+04
4.937500000000000000e+01,3.872785487642933731e+04
4.939583333333332860e+01,3.872785221538543556e+04
4.941666666666666430e+01,3.872784928623681481e+04
4.943750000000000000e+01,3.872784609029036801e+04
4.945833333333332860e+01,3.872784262898476300e+04
4.947916666666666430e+01,3.872783890389430599e+04
4.950000000000000000e+01,3.872783491673118260e+04
4.952083333333332860e+01,3.872783066935019451e+04
4.954166666666666430e+01,3.872782616375169164e+04
4.956250000000000000e+01,3.872782140208537021e+04
4.958333333333332860e+01,3.872781638665287755e+04
4.960416666666666430e+01,3.872781111991005309e+04
4.962500000000000000e+01,3.872780560446946038e+04
4.964583333333332860e+01,3.872779984310149302e+04
4.966666666666666430e+01,3.872779383873498591e+04
4.968750000000000000e+01,3.872778759445717151e+04
4.970833333333332860e+01,3.872778111351362895e+04
4.972916666666666430e+01,3.872777439930645778e+04
4.975000000000000000e+01,3.872776745539361582e+04
4.977083333333332860e+01,3.872776028548616159e+04
4.979166666666666430e+01,3.872775289344653720e+04
4.981250000000000000e+01,3.872774528328574524e+04
4.983333333333332860e+01,3.872773745916075131e+04
4.985416666666666430e+01,3.872772942537112249e+04
4.987500000000000000e+01,3.872772118635642255e+04
4.989583333333332860e+01,3.872771274669327977e+04
4.991666666666666430e+01,3.872770411109169800e+04
4.993750000000000000e+01,3.872769528439165879e+04
4.995833333333332860e+01,3.872768627156123694e+04
4.997916666666666430e+01,3.872767707769105618e+04
5.000000000000000000e+01,3.872766770799278311e+04
5.002083333333332860e+01,3.872765816779474699e+04
5.004166666666666430e+01,3.872764846253852011e+04
5.006250000000000000e+01,3.872763859777491598e+04
5.008333333333332860e+01,3.872762857916099892e+04
5.010416666666666430e+01,3.872761841245586402e+04
5.012500000000000000e+01,3.872760810351627879e+04
5.014583333333332860e+01,3.872759765829330718e+04
5.016666666666666430e+01,3.872758708282756561e+04
5.018750000000000000e+01,3.872757638324608706e+04
5.020833333333332860e+01,3.872756556575668219e+04
5.022916666666666430e+01,3.872755463664506533e+04
5.025000000000000000e+01,3.872754360226967401e+04
5.027083333333332860e+01,3.872753246905785636e+04
5.029166666666666430e+01,3.872752124350100348e+04
5.031250000000000000e+01,3.872750993215116614e+04
5.033333333333332860e+01,3.872749854161580151e+04
5.035416666666666430e+01,3.872748707855399698e+04
5.037500000000000000e+01,3.872747554967187170e+04
5.039583333333332860e+01,3.872746396171825472e+04
5.041666666666666430e+01,3.872745232148054492e+04
5.043750000000000000e+01,3.872744063577996712e+04
5.045833333333332860e+01,3.872742891146746842e+04
5.047916666666666430e+01,3.872741715541965095e+04
5.050000000000000000e+01,3.872740537453303114e+04
5.052083333333332860e+01,3.872739357572112931e+04
5.054166666666666430e+01,3.872738176590935473e+04
5.056250000000000000e+01,3.872736995203014521e+04
5.058333333333332860e+01,3.872735814101902361e+04
5.060416666666666430e+01,3.872734633980991930e+04
5.062500000000000000e+01,3.872733455533037341e+04
5.064583333333332860e+01,3.872732279449789348e+04
5.066666666666666430e+01,3.872731106421428558e+04
5.068750000000000000e+01,3.872729937136184162e+04
5.070833333333332860e+01,3.872728772279869008e+04
5.072916666666666430e+01,3.872727612535469962e+04
5.075000000000000000e+01,3.872726458582601481e+04
5.077083333333332860e+01,3.872725311097230588e+04
5.079166666666666430e+01,3.872724170751038037e+04
5.081250000000000000e+01,3.872723038211175299e+04
5.083333333333332860e+01,3.872721914139695582e+04
5.085416666666666430e+01,3.872720799193126732e+04
5.087500000000000000e+01,3.872719694022156909e+04
5.089583333333332860e+01,3.872718599271123821e+04
5.091666666666666430e+01,3.872717515577549057e+04
5.093750000000000000e+01,3.872716443571893615e+04
5.095833333333332860e+01,3.872715383876964916e+04
5.097916666666666430e+01,3.872714337107595929e+04
5.100000000000000000e+01,3.872713303870213713e+04
5.102083333333332860e+01,3.872712284762477793e+04
5.104166666666666430e+01,3.872711280372874899e+04
5.106250000000000000e+01,3.872710291280298406e+04
5.108333333333332860e+01,3.872709318053715833e+04
5.110416666666666430e+01,3.872708361251748283e+04
5.112500000000000000e+01,3.872707421422357584e+04
5.114583333333332860e+01,3.872706499102457747e+04
5.116666666666666430e+01,3.872705594817486417e+04
5.118750000000000000e+01,3.872704709081199690e+04
5.120833333333332860e+01,3.872703842395259562e+04
5.122916666666666430e+01,3.872702995248901425e+04
5.125000000000000000e+01,3.872702168118553527e+04
5.127083333333332860e+01,3.872701361467663082e+04
5.129166666666666430e+01,3.872700575746258255e+04
5.131250000000000000e+01,3.872699811390745162e+04
5.133333333333332860e+01,3.872699068823528069e+04
5.135416666666666430e+01,3.872698348452843493e+04
5.137500000000000000e+01,3.872697650672352756e+04
5.139583333333332860e+01,3.872696975860981911e+04
5.141666666666666430e+01,3.872696324382628518e+04
5.143750000000000000e+01,3.872695696585984115e+04
5.145833333333332860e+01,3.872695092804156593e+04
5.147916666666666430e+01,3.872694513354628725e+04
5.150000000000000000e+01,3.872693958538904553e+04
5.152083333333332860e+01,3.872693428642379877e+04
5.154166666666666430e+01,3.872692923934138526e+04
5.156250000000000000e+01,3.872692444666738447e+04
5.158333333333332860e+01,3.872691991076152772e+04
5.160416666666666430e+01,3.872691563381442393e+04
5.162500000000000000e+01,3.872691161784753058e+04
5.164583333333332860e+01,3.872690786471129104e+04
5.166666666666666430e+01,3.872690437608366483e+04
5.168750000000000000e+01,3.872690115346923994e+04
5.170833333333332860e+01,3.872689819819854893e+04
5.172916666666666430e+01,3.872689551142692653e+04
5.175000000000000000e+01,3.872689309413323645e+04
5.177083333333332860e+01,3.872689094712010410e+04
5.179166666666666430e+01,3.872688907101295626e+04
5.181250000000000000e+01,3.872688746625944623e+04
5.183333333333332860e+01,3.872688613312952657e+04
5.185416666666666430e+01,3.872688507171507808e+04
5.187500000000000000e+01,3.872688428193029540e+04
5.189583333333332860e+01,3.872688376351063926e+04
5.191666666666666430e+01,3.872688351601490285e+04
5.193750000000000000e+01,3.872688353882329102e+04
5.195833333333332860e+01,3.872688383113983582e+04
5.197916666666666430e+01,3.872688439199179993e+04
5.200000000000000000e+01,3.872688522023082623e+04
5.202083333333332860e+01,3.872688631453378184e+04
5.204166666666666430e+01,3.872688767340325285e+04
5.206250000000000000e+01,3.872688929516931239e+04
5.208333333333332860e+01,3.872689117798989901e+04
5.210416666666666430e+01,3.872689331985275203e+04
5.212500000000000000e+01,3.872689571857680130e+04
5.214583333333332860e+01,3.872689837181286566e+04
5.216666666666666430e+01,3.872690127704655606e+04
5.218750000000000000e+01,3.872690443159896677e+04
5.220833333333332860e+01,3.872690783262933110e+04
5.222916666666666430e+01,3.872691147713689134e+04
5.225000000000000000e+01,3.872691536196211382e+04
5.227083333333332860e+01,3.872691948378979578e+04
5.229166666666666430e+01,3.872692383915196115e+04
5.231250000000000000e+01,3.872692842442885012e+04
5.233333333333332860e+01,3.872693323585211328e+04
5.235416666666666430e+01,3.872693826950819494e+04
5.237500000000000000e+01,3.872694352133967186e+04
5.239583333333332860e+01,3.872694898714942974e+04
5.241666666666666430e+01,3.872695466260270769e+04
5.243750000000000000e+01,3.872696054323073622e+04
5.245833333333332860e+01,3.872696662443365494e+04
5.247916666666666430e+01,3.872697290148384491e+04
5.250000000000000000e+01,3.872697936952904274e+04
5.252083333333332860e+01,3.872698602359624056e+04
5.254166666666666430e+01,3.872699285859460360e+04
5.256250000000000000e+01,3.872699986931978492e+04
5.258333333333332860e+01,3.872700705045702489e+04
5.260416666666666430e+01,3.872701439658501477e+04
5.262500000000000000e+01,3.872702190218033502e+04
5.264583333333332860e+01,3.872702956162073679e+04
5.266666666666666430e+01,3.872703736918917275e+04
5.268750000000000000e+01,3.872704531907825731e+04
5.270833333333332860e+01,3.872705340539414465e+04
5.272916666666666430e+01,3.872706162216100347e+04
5.275000000000000000e+01,3.872706996332488779e+04
5.277083333333332860e+01,3.872707842275827716e+04
5.279166666666666430e+01,3.872708699426470412e+04
5.281250000000000000e+01,3.872709567158264690e+04
5.283333333333332860e+01,3.872710444839076808e+04
5.285416666666666430e+01,3.872711331831137068e+04
5.287500000000000000e+01,3.872712227491633530e+04
5.289583333333332860e+01,3.872713131173064903e+04
5.291666666666666430e+01,3.872714042223760771e+04
5.293750000000000000e+01,3.872714959988329065e+04
5.295833333333332860e+01,3.872715883808116632e+04
5.297916666666666430e+01,3.872716813021741109e+04
5.300000000000000000e+01,3.872717746965532569e+04
5.302083333333332860e+01,3.872718684973972267e+04
5.304166666666666430e+01,3.872719626380247792e+04
5.306250000000000000e+01,3.872720570516668522e+04
5.308333333333332860e+01,3.872721516715190955e+04
5.310416666666666430e+01,3.872722464307917835e+04
5.312500000000000000e+01,3.872723412627470680e+04
5.314583333333332860e+01,3.872724361007622792e+04
5.316666666666666430e+01,3.872725308783680521e+04
5.318750000000000000e+01,3.872726255292996211e+04
5.320833333333332860e+01,3.872727199875389488e+04
5.322916666666666430e+01,3.872728141873701679e+04
5.325000000000000000e+01,3.872729080634198908e+04
5.327083333333332860e+01,3.872730015507102507e+04
5.329166666666666430e+01,3.872730945846946997e+04
5.331250000000000000e+01,3.872731871013094496e+04
5.333333333333332860e+01,3.872732790370231669e+04
5.335416666666666430e+01,3.872733703288690594e+04
5.337500000000000000e+01,3.872734609144947171e+04
5.339583333333332860e+01,3.872735507322066405e+04
5.341666666666666430e+01,3.872736397210052382e+04
5.343750000000000000e+01,3.872737278206279734e+04
5.345833333333332860e+01,3.872738149715873442e+04
5.347916666666666430e+01,3.872739011152067542e+04
5.350000000000000000e+01,3.872739861936591478e+04
5.352083333333332860e+01,3.872740701500046998e+04
5.354166666666666430e+01,3.872741529282132979e+04
5.356250000000000000e+01,3.872742344732049969e+04
5.358333333333332860e+01,3.872743147308752668e+04
5.360416666666666430e+01,3.872743936481300625e+04
5.362500000000000000e+01,3.872744711728957191e+04
5.364583333333332860e+01,3.872745472541636263e+04
5.366666666666666430e+01,3.872746218419985962e+04
5.368750000000000000e+01,3.872746948875649832e+04
5.370833333333332860e+01,3.872747663431434921e+04
5.372916666666666430e+01,3.872748361621548975e+04
5.375000000000000000e+01,3.872749042991682654e+04
5.377083333333332860e+01,3.872749707099252555e+04
5.379166666666666430e+01,3.872750353513473237e+04
5.381250000000000000e+01,3.872750981815596606e+04
5.383333333333332860e+01,3.872751591598991217e+04
5.385416666666666430e+01,3.872752182469359104e+04
5.387500000000000000e+01,3.872752754044834728e+04
5.389583333333332860e+01,3.872753305956304393e+04
5.391666666666666430e+01,3.872753837847468822e+04
5.393750000000000000e+01,3.872754349375253514e+04
5.395833333333332860e+01,3.872754840209923714e+04
5.397916666666666430e+01,3.872755310035578441e+04
5.400000000000000000e+01,3.872755758550422615e+04
5.402083333333332860e+01,3.872756185467166506e+04
5.404166666666666430e+01,3.872756590513552510e+04
5.406250000000000000e+01,3.872756973432847735e+04
5.408333333333332860e+01,3.872757333984384604e+04
5.410416666666666430e+01,3.872757671944118920e+04
5.412500000000000000e+01,3.872757987105290522e+04
5.414583333333332860e+01,3.872758279279052658e+04
5.416666666666666430e+01,3.872758548295034416e+04
5.418750000000000000e+01,3.872758794002071954e+04
5.420833333333332860e+01,3.872759016268679261e+04
5.422916666666666430e+01,3.872759214983652055e+04
5.425000000000000000e+01,3.872759390056561097e+04
5.427083333333332860e+01,3.872759541418090521e+04
5.429166666666666430e+01,3.872759669020393630e+04
5.431250000000000000e+01,3.872759772837305354e+04
5.433333333333332860e+01,3.872759852864392451e+04
5.435416666666666430e+01,3.872759909118947689e+04
5.437500000000000000e+01,3.872759941639825411e+04
5.439583333333332860e+01,3.872759950487269089e+04
5.441666666666666430e+01,3.872759935742458765e+04
5.443750000000000000e+01,3.872759897507128335e+04
5.445833333333332860e+01,3.872759835902982013e+04
5.447916666666666430e+01,3.872759751071251230e+04
5.450000000000000000e+01,3.872759643171905191e+04
5.452083333333332860e+01,3.872759512383133551e+04
5.454166666666666430e+01,3.872759358900610823e+04
5.456250000000000000e+01,3.872759182936933212e+04
5.458333333333332860e+01,3.872758984720975423e+04
5.460416666666666430e+01,3.872758764497336233e+04
5.462500000000000000e+01,3.872758522525757871e+04
5.464583333333332860e+01,3.872758259080698917e+04
5.466666666666666430e+01,3.872757974450869369e+04
5.468750000000000000e+01,3.872757668938887218e+04
5.470833333333332860e+01,3.872757342860937933e+04
5.472916666666666430e+01,3.872756996546369191e+04
5.475000000000000000e+01,3.872756630337570095e+04
5.477083333333332860e+01,3.872756244589671405e+04
5.479166666666666430e+01,3.872755839670295245e+04
5.481250000000000000e+01,3.872755415959385573e+04
5.483333333333332860e+01,3.872754973848960071e+04
5.485416666666666430e+01,3.872754513742921699e+04
5.487500000000000000e+01,3.872754036056843324e+04
5.489583333333332860e+01,3.872753541217739985e+04
5.491666666666666430e+01,3.872753029663806956e+04
5.493750000000000000e+01,3.872752501844208746e+04
5.495833333333332860e+01,3.872751958218833897e+04
5.497916666666666430e+01,3.872751399257961020e+04
5.500000000000000000e+01,3.872750825442049972e+04
5.502083333333332860e+01,3.872750237261390430e+04
5.504166666666666430e+01,3.872749635215941817e+04
5.506250000000000000e+01,3.872749019814856001e+04
5.508333333333332860e+01,3.872748391576303402e+04
5.510416666666666430e+01,3.872747751027147751e+04
5.512500000000000000e+01,3.872747098702577205e+04
5.514583333333332860e+01,3.872746435145864234e+04
5.516666666666666430e+01,3.872745760907969088e+04
5.518750000000000000e+01,3.872745076547288045e+04
5.520833333333332860e+01,3.872744382629272150e+04
5.522916666666666430e+01,3.872743679726087430e+04
5.525000000000000000e+01,3.872742968416224176e+04
5.527083333333332860e+01,3.872742249284265563e+04
5.529166666666666430e+01,3.872741522920351417e+04
5.531250000000000000e+01,3.872740789919958479e+04
5.533333333333332860e+01,3.872740050883410731e+04
5.535416666666666430e+01,3.872739306415508327e+04
5.537500000000000000e+01,3.872738557125098305e+04
5.539583333333332860e+01,3.872737803624807566e+04
5.541666666666666430e+01,3.872737046530448424e+04
5.543750000000000000e+01,3.872736286460735573e+04
5.545833333333332860e+01,3.872735524036778224e+04
5.547916666666666430e+01,3.872734759881704667e+04
5.550000000000000000e+01,3.872733994620257727e+04
5.552083333333332860e+01,3.872733228878278169e+04
5.554166666666666430e+01,3.872732463282396930e+04
5.556250000000000000e+01,3.872731698459517065e+04
5.558333333333332860e+01,3.872730935036423034e+04
5.560416666666666430e+01,3.872730173639355053e+04
5.562500000000000000e+01,3.872729414893507783e+04
5.564583333333332860e+01,3.872728659422726196e+04
5.566666666666666430e+01,3.872727907848978793e+04
5.568750000000000000e+01,3.872727160791927599e+04
5.570833333333332860e+01,3.872726418868589826e+04
5.572916666666666430e+01,3.872725682692794362e+04
5.575000000000000000e+01,3.872724952874804148e+04
5.577083333333332860e+01,3.872724230020904361e+04
5.579166666666666430e+01,3.872723514732938929e+04
5.581250000000000000e+01,3.872722807607913273e+04
5.583333333333332860e+01,3.872722109237565746e+04
5.585416666666666430e+01,3.872721420207917254e+04
5.587500000000000000e+01,3.872720741098948929e+04
5.589583333333332860e+01,3.872720072484014963e+04
5.591666666666666430e+01,3.872719414929625054e+04
5.593750000000000000e+01,3.872718768994929269e+04
5.595833333333332860e+01,3.872718135231297492e+04
5.597916666666666430e+01,3.872717514182045852e+04
5.600000000000000000e+01,3.872716906381909212e+04
5.602083333333332860e+01,3.872716312356681738e+04
5.604166666666666430e+01,3.872715732622929499e+04
5.606250000000000000e+01,3.872715167687537905e+04
5.608333333333332860e+01,3.872714618047361728e+04
5.610416666666666430e+01,3.872714084188846027e+04
5.612500000000000000e+01,3.872713566587687092e+04
5.614583333333332860e+01,3.872713065708483191e+04
5.616666666666666430e+01,3.872712582004397700e+04
5.618750000000000000e+01,3.872712115916841140e+04
5.620833333333332860e+01,3.872711667875106650e+04
5.622916666666666430e+01,3.872711238296057127e+04
5.625000000000000000e+01,3.872710827583801438e+04
5.627083333333332860e+01,3.872710436129497975e+04
5.629166666666666430e+01,3.872710064310910093e+04
5.631250000000000000e+01,3.872709712492160907e+04
5.633333333333332860e+01,3.872709381023595779e+04
5.635416666666666430e+01,3.872709070241267182e+04
5.637500000000000000e+01,3.872708780466904864e+04
5.639583333333332860e+01,3.872708512007528043e+04
5.641666666666666430e+01,3.872708265155254048e+04
5.643750000000000000e+01,3.872708040187093866e+04
5.645833333333332860e+01,3.872707837364690204e+04
5.647916666666666430e+01,3.872707656934089755e+04
5.650000000000000000e+01,3.872707499125631148e+04
5.652083333333332860e+01,3.872707364153682283e+04
5.654166666666666430e+01,3.872707252216501365e+04
5.656250000000000000e+01,3.872707163496037538e+04
5.658333333333332860e+01,3.872707098157828295e+04
5.660416666666666430e+01,3.872707056350777566e+04
5.662500000000000000e+01,3.872707038207120058e+04
5.664583333333332860e+01,3.872707043842205894e+04
5.666666666666666430e+01,3.872707073354453314e+04
5.668750000000000000e+01,3.872707126825253363e+04
5.670833333333332860e+01,3.872707204318827280e+04
5.672916666666666430e+01,3.872707305882222136e+04
5.675000000000000000e+01,3.872707431545182044e+04
5.677083333333332860e+01,3.872707581320156896e+04
5.679166666666666430e+01,3.872707755202209955e+04
5.681250000000000000e+01,3.872707953168999666e+04
5.683333333333332860e+01,3.872708175180880062e+04
5.685416666666666430e+01,3.872708421180680307e+04
5.687500000000000000e+01,3.872708691093889502e+04
5.689583333333332860e+01,3.872708984828638495e+04
5.691666666666666430e+01,3.872709302275705704e+04
5.693750000000000000e+01,3.872709643308557861e+04
5.695833333333332860e+01,3.872710007783430774e+04
5.697916666666666430e+01,3.872710395539445017e+04
5.700000000000000000e+01,3.872710806398566638e+04
5.702083333333332860e+01,3.872711240165819618e+04
5.704166666666666430e+01,3.872711696629336075e+04
5.706250000000000000e+01,3.872712175560501055e+04
5.708333333333332860e+01,3.872712676714057307e+04
5.710416666666666430e+01,3.872713199828239158e+04
5.712500000000000000e+01,3.872713744624984975e+04
5.714583333333332860e+01,3.872714310810047755e+04
5.716666666666666430e+01,3.872714898073163204e+04
5.718750000000000000e+01,3.872715506088311668e+04
5.720833333333332860e+01,3.872716134513828729e+04
5.722916666666666430e+01,3.872716782992687513e+04
5.725000000000000000e+01,3.872717451152708236e+04
5.727083333333332860e+01,3.872718138606732100e+04
5.729166666666666430e+01,3.872718844952905056e+04
5.731250000000000000e+01,3.872719569775002310e+04
5.733333333333332860e+01,3.872720312642573117e+04
5.735416666666666430e+01,3.872721073111305304e+04
5.737500000000000000e+01,3.872721850723249372e+04
5.739583333333332860e+01,3.872722645007161191e+04
5.741666666666666430e+01,3.872723455478816322e+04
5.743750000000000000e+01,3.872724281641238485e+04
5.745833333333332860e+01,3.872725122985131020e+04
5.747916666666666430e+01,3.872725978989191208e+04
5.750000000000000000e+01,3.872726849120348197e+04
5.752083333333332860e+01,3.872727732834262133e+04
5.754166666666666430e+01,3.872728629575597733e+04
5.756250000000000000e+01,3.872729538778384449e+04
5.758333333333332860e+01,3.872730459866454476e+04
5.760416666666666430e+01,3.872731392253801459e+04
5.762500000000000000e+01,3.872732335344917374e+04
5.764583333333332860e+01,3.872733288535237807e+04
5.766666666666666430e+01,3.872734251211582159e+04
5.768750000000000000e+01,3.872735222752517438e+04
5.770833333333332860e+01,3.872736202528767899e+04
5.772916666666666430e+01,3.872737189903675608e+04
5.775000000000000000e+01,3.872738184233593347e+04
5.777083333333332860e+01,3.872739184868381562e+04
5.779166666666666430e+01,3.872740191151767067e+04
5.781250000000000000e+01,3.872741202421858179e+04
5.783333333333332860e+01,3.872742218011531804e+04
5.785416666666666430e+01,3.872743237248971127e+04
5.787500000000000000e+01,3.872744259458055603e+04
5.789583333333332860e+01,3.872745283958822256e+04
5.791666666666666430e+01,3.872746310068007733e+04
5.793750000000000000e+01,3.872747337099409924e+04
5.795833333333332860e+01,3.872748364364411827e+04
5.797916666666666430e+01,3.872749391172526521e+04
5.800000000000000000e+01,3.872750416831731854e+04
5.802083333333332860e+01,3.872751440649069264e+04
5.804166666666666430e+01,3.872752461931036669e+04
5.806250000000000000e+01,3.872753479984149453e+04
5.808333333333332860e+01,3.872754494115375564e+04
5.810416666666666430e+01,3.872755503632623731e+04
5.812500000000000000e+01,3.872756507845230954e+04
5.814583333333332860e+01,3.872757506064475456e+04
5.816666666666666430e+01,3.872758497604042350e+04
5.818750000000000000e+01,3.872759481780493661e+04
5.820833333333332860e+01,3.872760457913783466e+04
5.822916666666666430e+01,3.872761425327754114e+04
5.825000000000000000e+01,3.872762383350596065e+04
5.827083333333332860e+01,3.872763331315344112e+04
5.829166666666666430e+01,3.872764268560380151e+04
5.831250000000000000e+01,3.872765194429915573e+04
5.833333333333332860e+01,3.872766108274494036e+04
5.835416666666666430e+01,3.872767009451481135e+04
5.837500000000000000e+01,3.872767897325480590e+04
5.839583333333332860e+01,3.872768771269012359e+04
5.841666666666666430e+01,3.872769630662782583e+04
5.843750000000000000e+01,3.872770474896330416e+04
5.845833333333332860e+01,3.872771303368515510e+04
5.847916666666666430e+01,3.872772115487929841e+04
5.850000000000000000e+01,3.872772910673505976e+04
5.852083333333332860e+01,3.872773688354931073e+04
5.854166666666666430e+01,3.872774447973244241e+04
5.856250000000000000e+01,3.872775188981266547e+04
5.858333333333332860e+01,3.872775910844169266e+04
5.860416666666666430e+01,3.872776613039963559e+04
5.862500000000000000e+01,3.872777295060020697e+04
5.864583333333332860e+01,3.872777956409605395e+04
5.866666666666666430e+01,3.872778596608347289e+04
5.868750000000000000e+01,3.872779215190828108e+04
5.870833333333332860e+01,3.872779811707014596e+04
5.872916666666666430e+01,3.872780385722858045e+04
5.875000000000000000e+01,3.872780936820650095e+04
5.877083333333332860e+01,3.872781464599660103e+04
5.879166666666666430e+01,3.872781968676498218e+04
5.881250000000000000e+01,3.872782448685542477e+04
5.883333333333332860e+01,3.872782904279442300e+04
5.885416666666666430e+01,3.872783335129406623e+04
5.887500000000000000e+01,3.872783740925587335e+04
5.889583333333332860e+01,3.872784121377352130e+04
5.891666666666666430e+01,3.872784476213510061e+04
5.893750000000000000e+01,3.872784805182487617e+04
5.895833333333332860e+01,3.872785108052420401e+04
5.897916666666666430e+01,3.872785384611242625e+04
5.900000000000000000e+01,3.872785634666529222e+04
5.902083333333332860e+01,3.872785858045427449e+04
5.904166666666666430e+01,3.872786054594481539e+04
5.906250000000000000e+01,3.872786224179263081e+04
5.908333333333332860e+01,3.872786366684056702e+04
5.910416666666666430e+01,3.872786482011363842e+04
5.912500000000000000e+01,3.872786570081488753e+04
5.914583333333332860e+01,3.872786630831867660e+04
5.916666666666666430e+01,3.872786664216634381e+04
5.918750000000000000e+01,3.872786670205827249e+04
5.920833333333332860e+01,3.872786648784994759e+04
5.922916666666666430e+01,3.872786599954403937e+04
5.925000000000000000e+01,3.872786523728638713e+04
5.927083333333332860e+01,3.872786420136049856e+04
5.929166666666666430e+01,3.872786289218300226e+04
5.931250000000000000e+01,3.872786131030066463e+04
5.933333333333332860e+01,3.872785945638723206e+04
5.935416666666666430e+01,3.872785733124272519e+04
5.937500000000000000e+01,3.872785493579203467e+04
5.939583333333332860e+01,3.872785227108614345e+04
5.941666666666666430e+01,3.872784933830231603e+04
5.943750000000000000e+01,3.872784613874756906e+04
5.945833333333332860e+01,3.872784267386019201e+04
5.947916666666666430e+01,3.872783894521380716e+04
5.950000000000000000e+01,3.872783495452040370e+04
5.952083333333332860e+01,3.872783070363375009e+04
5.954166666666666430e+01,3.872782619455421082e+04
5.956250000000000000e+01,3.872782142943058716e+04
5.958333333333332860e+01,3.872781641056352964e+04
5.960416666666666430e+01,3.872781114040878310e+04
5.962500000000000000e+01,3.872780562157844543e+04
5.964583333333332860e+01,3.872779985684286657e+04
5.966666666666666430e+01,3.872779384913019021e+04
5.968750000000000000e+01,3.872778760152790346e+04
5.970833333333332860e+01,3.872778111728132353e+04
5.972916666666666430e+01,3.872777439979253541e+04
5.975000000000000000e+01,3.872776745261983888e+04
5.977083333333332860e+01,3.872776027947416151e+04
5.979166666666666430e+01,3.872775288421856385e+04
5.981250000000000000e+01,3.872774527086391026e+04
5.983333333333332860e+01,3.872773744356768293e+04
5.985416666666666430e+01,3.872772940662971087e+04
5.987500000000000000e+01,3.872772116448994348e+04
5.989583333333332860e+01,3.872771272172535100e+04
5.991666666666666430e+01,3.872770408304614830e+04
5.993750000000000000e+01,3.872769525329290627e+04
5.995833333333332860e+01,3.872768623743358330e+04
5.997916666666666430e+01,3.872767704055970535e+04
