0.000000000000000000e+00,-1.515940409683426333e+04
2.083333333333333218e-02,6.023338965996717161e+04
4.166666666666666435e-02,4.058071207867371413e+04
6.250000000000000000e-02,3.871002008359862521e+04
8.333333333333332871e-02,3.869504509620741010e+04
1.041666666666666574e-01,3.875267718259605317e+04
1.250000000000000000e-01,3.871176385614805622e+04
1.458333333333333148e-01,3.869283339020923449e+04
1.666666666666666574e-01,3.874425930756292655e+04
1.875000000000000000e-01,3.878466558172358782e+04
2.083333333333333148e-01,3.876580441948149382e+04
2.291666666666666574e-01,3.873501879628389725e+04
2.500000000000000000e-01,3.873475519213920052e+04
2.708333333333333148e-01,3.874230662795882381e+04
2.916666666666666297e-01,3.872685895180979423e+04
3.125000000000000000e-01,3.870048370125019574e+04
3.333333333333333148e-01,3.868829160961882735e+04
3.541666666666666297e-01,3.868828985882276902e+04
3.750000000000000000e-01,3.868433910225376894e+04
3.958333333333333148e-01,3.867571287175626640e+04
4.166666666666666297e-01,3.867357223609127686e+04
4.375000000000000000e-01,3.868024138199523441e+04
4.583333333333333148e-01,3.868797061339566426e+04
4.791666666666666297e-01,3.869292155760985770e+04
5.000000000000000000e-01,3.869863297104287631e+04
5.208333333333332593e-01,3.870724280303106207e+04
5.416666666666666297e-01,3.871567862788739876e+04
5.625000000000000000e-01,3.872104241756488773e+04
5.833333333333332593e-01,3.872422631568305223e+04
6.041666666666666297e-01,3.872692847310189245e+04
6.250000000000000000e-01,3.872866980347629578e+04
6.458333333333332593e-01,3.872827325821125851e+04
6.666666666666666297e-01,3.872611822165291960e+04
6.875000000000000000e-01,3.872348654582034214e+04
7.083333333333332593e-01,3.872085565002182557e+04
7.291666666666666297e-01,3.871797996208250697e+04
7.500000000000000000e-01,3.871501251918821799e+04
7.708333333333332593e-01,3.871260488138168148e+04
7.916666666666666297e-01,3.871112844474679878e+04
8.125000000000000000e-01,3.871044663569659315e+04
8.333333333333332593e-01,3.871039657974400325e+04
8.541666666666666297e-01,3.871103539597703639e+04
8.750000000000000000e-01,3.871237240491438570e+04
8.958333333333332593e-01,3.871417754290240555e+04
9.166666666666666297e-01,3.871615779330175428e+04
9.375000000000000000e-01,3.871814880428795004e+04
9.583333333333332593e-01,3.872005719783493987e+04
9.791666666666666297e-01,3.872174393693802267e+04
1.000000000000000000e+00,3.872306086387178220e+04
1.020833333333333259e+00,3.872394784077590884e+04
1.041666666666666519e+00,3.872442956765011331e+04
1.062500000000000000e+00,3.872454688556881592e+04
1.083333333333333259e+00,3.872433925663457194e+04
1.104166666666666519e+00,3.872387694958798966e+04
1.125000000000000000e+00,3.872326489974282595e+04
1.145833333333333259e+00,3.872260689959414594e+04
1.166666666666666519e+00,3.872198260356812534e+04
1.187500000000000000e+00,3.872145562186364259e+04
1.208333333333333259e+00,3.872108114711193775e+04
1.229166666666666519e+00,3.872089558000535908e+04
1.250000000000000000e+00,3.872090665895857092e+04
1.270833333333333259e+00,3.872109915877073945e+04
1.291666666666666519e+00,3.872144581505117094e+04
1.312500000000000000e+00,3.872191073291333305e+04
1.333333333333333259e+00,3.872244927501167695e+04
1.354166666666666519e+00,3.872301300762958272e+04
1.375000000000000000e+00,3.872355776272289950e+04
1.395833333333333259e+00,3.872404799317695870e+04
1.416666666666666519e+00,3.872445704544550972e+04
1.437500000000000000e+00,3.872476762805511680e+04
1.458333333333333259e+00,3.872497338697589294e+04
1.479166666666666519e+00,3.872507890569941810e+04
1.500000000000000000e+00,3.872509724172076676e+04
1.520833333333333259e+00,3.872504698000792996e+04
1.541666666666666519e+00,3.872495013721579744e+04
1.562500000000000000e+00,3.872483020279695484e+04
1.583333333333333259e+00,3.872470965846803301e+04
1.604166666666666519e+00,3.872460766870537918e+04
1.625000000000000000e+00,3.872453876375842083e+04
1.645833333333333259e+00,3.872451235264166462e+04
1.666666666666666519e+00,3.872453254884670605e+04
1.687500000000000000e+00,3.872459831102525641e+04
1.708333333333333259e+00,3.872470416055950045e+04
1.729166666666666519e+00,3.872484137428087706e+04
1.750000000000000000e+00,3.872499927333032247e+04
1.770833333333333259e+00,3.872516641283372883e+04
1.791666666666666519e+00,3.872533170434450585e+04
1.812500000000000000e+00,3.872548544157589640e+04
1.833333333333333259e+00,3.872562007013402035e+04
1.854166666666666519e+00,3.872573060409572645e+04
1.875000000000000000e+00,3.872581473779552471e+04
1.895833333333333259e+00,3.872587272899776872e+04
1.916666666666666519e+00,3.872590707387717703e+04
1.937500000000000000e+00,3.872592199500045535e+04
1.958333333333333259e+00,3.872592282092182722e+04
1.979166666666666519e+00,3.872591535436260892e+04
2.000000000000000000e+00,3.872590528868310503e+04
2.020833333333333037e+00,3.872589770307828439e+04
2.041666666666666519e+00,3.872589667028732947e+04
2.062500000000000000e+00,3.872590501012236200e+04
2.083333333333333037e+00,3.872592419700376195e+04
2.104166666666666519e+00,3.872595440335881722e+04
2.125000000000000000e+00,3.872599465350501123e+04
2.145833333333333037e+00,3.872604306366480887e+04
2.166666666666666519e+00,3.872609713824985374e+04
2.187500000000000000e+00,3.872615408557529736e+04
2.208333333333333037e+00,3.872621111852148897e+04
2.229166666666666519e+00,3.872626571516681724e+04
2.250000000000000000e+00,3.872631582237236580e+04
2.270833333333333037e+00,3.872635999045048811e+04
2.291666666666666519e+00,3.872639743384115718e+04
2.312500000000000000e+00,3.872642802161443979e+04
2.333333333333333037e+00,3.872645220864399744e+04
2.354166666666666519e+00,3.872647092164430796e+04
2.375000000000000000e+00,3.872648541580561141e+04
2.395833333333333037e+00,3.872649711883788405e+04
2.416666666666666519e+00,3.872650747887550824e+04
2.437500000000000000e+00,3.872651783008649363e+04
2.458333333333333037e+00,3.872652928596825222e+04
2.479166666666666519e+00,3.872654266648300108e+04
2.500000000000000000e+00,3.872655846157238557e+04
2.520833333333333037e+00,3.872657682993742492e+04
2.541666666666666519e+00,3.872659762864185905e+04
2.562500000000000000e+00,3.872662046674146404e+04
2.583333333333333037e+00,3.872664477490812715e+04
2.604166666666666519e+00,3.872666988263100211e+04
2.625000000000000000e+00,3.872669509487710457e+04
2.645833333333333037e+00,3.872671976112273114e+04
2.666666666666666519e+00,3.872674333132091124e+04
2.687500000000000000e+00,3.872676539532422612e+04
2.708333333333333037e+00,3.872678570424144709e+04
2.729166666666666519e+00,3.872680417404166656e+04
2.750000000000000000e+00,3.872682087333020172e+04
2.770833333333333037e+00,3.872683599846710422e+04
2.791666666666666519e+00,3.872684983996663505e+04
2.812500000000000000e+00,3.872686274440366105e+04
2.833333333333333037e+00,3.872687507592626207e+04
2.854166666666666519e+00,3.872688718099603284e+04
2.875000000000000000e+00,3.872689935922205041e+04
2.895833333333333037e+00,3.872691184221431467e+04
2.916666666666666519e+00,3.872692478139096056e+04
2.937500000000000000e+00,3.872693824472777487e+04
2.958333333333333037e+00,3.872695222161376296e+04
2.979166666666666519e+00,3.872696663433120557e+04
3.000000000000000000e+00,3.872698135425060173e+04
3.020833333333333037e+00,3.872699622063802963e+04
3.041666666666666519e+00,3.872701106000169966e+04
3.062500000000000000e+00,3.872702570411750639e+04
3.083333333333333037e+00,3.872704000523297145e+04
3.104166666666666519e+00,3.872705384740177396e+04
3.125000000000000000e+00,3.872706715339246148e+04
3.145833333333333037e+00,3.872707988709890196e+04
3.166666666666666519e+00,3.872709205180364370e+04
3.187500000000000000e+00,3.872710368498499156e+04
3.208333333333333037e+00,3.872711485059132247e+04
3.229166666666666519e+00,3.872712562982353847e+04
3.250000000000000000e+00,3.872713611147098709e+04
3.270833333333333037e+00,3.872714638275476318e+04
3.291666666666666519e+00,3.872715652146392677e+04
3.312500000000000000e+00,3.872716658994976751e+04
3.333333333333333037e+00,3.872717663129934226e+04
3.354166666666666519e+00,3.872718666776646569e+04
3.375000000000000000e+00,3.872719670131930616e+04
3.395833333333333037e+00,3.872720671598549234e+04
3.416666666666666519e+00,3.872721668154939107e+04
3.437500000000000000e+00,3.872722655808787385e+04
3.458333333333333037e+00,3.872723630081900774e+04
3.479166666666666519e+00,3.872724586477455159e+04
3.500000000000000000e+00,3.872725520888747997e+04
3.520833333333333037e+00,3.872726429919071961e+04
3.541666666666666519e+00,3.872727311094405013e+04
3.562500000000000000e+00,3.872728162963041541e+04
3.583333333333333037e+00,3.872728985087281762e+04
3.604166666666666519e+00,3.872729777941828070e+04
3.625000000000000000e+00,3.872730542740182136e+04
3.645833333333333037e+00,3.872731281214386399e+04
3.666666666666666519e+00,3.872731995374555845e+04
3.687500000000000000e+00,3.872732687273067859e+04
3.708333333333333037e+00,3.872733358794765081e+04
3.729166666666666519e+00,3.872734011489365366e+04
3.750000000000000000e+00,3.872734646456365590e+04
3.770833333333333037e+00,3.872735264286409802e+04
3.791666666666666519e+00,3.872735865057536284e+04
3.812500000000000000e+00,3.872736448379683861e+04
3.833333333333333037e+00,3.872737013477317669e+04
3.854166666666666519e+00,3.872737559297676489e+04
3.875000000000000000e+00,3.872738084631464881e+04
3.895833333333333037e+00,3.872738588233242626e+04
3.916666666666666519e+00,3.872739068930467329e+04
3.937500000000000000e+00,3.872739525712557952e+04
3.958333333333333037e+00,3.872739957794292422e+04
3.979166666666666519e+00,3.872740364650994161e+04
4.000000000000000000e+00,3.872740746025840053e+04
4.020833333333333037e+00,3.872741101912180602e+04
4.041666666666666075e+00,3.872741432515739143e+04
4.062500000000000000e+00,3.872741738202762645e+04
4.083333333333333037e+00,3.872742019440735021e+04
4.104166666666666075e+00,3.872742276738154033e+04
4.125000000000000000e+00,3.872742510589083395e+04
4.145833333333333037e+00,3.872742721427047945e+04
4.166666666666666075e+00,3.872742909591381613e+04
4.187500000000000000e+00,3.872743075307620893e+04
4.208333333333333037e+00,3.872743218682025326e+04
4.229166666666666075e+00,3.872743339708894200e+04
4.250000000000000000e+00,3.872743438288511970e+04
4.270833333333333037e+00,3.872743514252654131e+04
4.291666666666666075e+00,3.872743567394395359e+04
4.312500000000000000e+00,3.872743597498905729e+04
4.333333333333333037e+00,3.872743604372331902e+04
4.354166666666666075e+00,3.872743587866220332e+04
4.375000000000000000e+00,3.872743547895946540e+04
4.395833333333333037e+00,3.872743484452107805e+04
4.416666666666666075e+00,3.872743397604732309e+04
4.437500000000000000e+00,3.872743287500867154e+04
4.458333333333333037e+00,3.872743154356605373e+04
4.479166666666666075e+00,3.872742998444932891e+04
4.500000000000000000e+00,3.872742820081158425e+04
4.520833333333333037e+00,3.872742619607503002e+04
4.541666666666666075e+00,3.872742397378374153e+04
4.562500000000000000e+00,3.872742153747707926e+04
4.583333333333333037e+00,3.872741889059159439e+04
4.604166666666666075e+00,3.872741603639764071e+04
4.625000000000000000e+00,3.872741297797182051e+04
4.645833333333333037e+00,3.872740971820370032e+04
4.666666666666666075e+00,3.872740625983104110e+04
4.687500000000000000e+00,3.872740260549703089e+04
4.708333333333333037e+00,3.872739875782165473e+04
4.729166666666666075e+00,3.872739471947764832e+04
4.750000000000000000e+00,3.872739049326461827e+04
4.770833333333333037e+00,3.872738608217313595e+04
4.791666666666666075e+00,3.872738148943523993e+04
4.812500000000000000e+00,3.872737671855750523e+04
4.833333333333333037e+00,3.872737177333534783e+04
4.854166666666666075e+00,3.872736665785015794e+04
4.875000000000000000e+00,3.872736137645118288e+04
4.895833333333333037e+00,3.872735593372516450e+04
4.916666666666666075e+00,3.872735033445824229e+04
4.937500000000000000e+00,3.872734458359452401e+04
4.958333333333333037e+00,3.872733868619490386e+04
4.979166666666666075e+00,3.872733264739978767e+04
5.000000000000000000e+00,3.872732647239895596e+04
5.020833333333333037e+00,3.872732016640924121e+04
5.041666666666666075e+00,3.872731373466167861e+04
5.062500000000000000e+00,3.872730718239741691e+04
5.083333333333333037e+00,3.872730051487148739e+04
5.104166666666666075e+00,3.872729373736268462e+04
5.125000000000000000e+00,3.872728685518779821e+04
5.145833333333333037e+00,3.872727987371790368e+04
5.166666666666666075e+00,3.872727279839425319e+04
5.187500000000000000e+00,3.872726563474279101e+04
5.208333333333333037e+00,3.872725838838511118e+04
5.229166666666666075e+00,3.872725106504526048e+04
5.250000000000000000e+00,3.872724367055169569e+04
5.270833333333333037e+00,3.872723621083472244e+04
5.291666666666666075e+00,3.872722869191987411e+04
5.312500000000000000e+00,3.872722111991776910e+04
5.333333333333333037e+00,3.872721350101140706e+04
5.354166666666666075e+00,3.872720584144258464e+04
5.375000000000000000e+00,3.872719814749764919e+04
5.395833333333333037e+00,3.872719042549439473e+04
5.416666666666666075e+00,3.872718268176997663e+04
5.437500000000000000e+00,3.872717492267133639e+04
5.458333333333333037e+00,3.872716715454767836e+04
5.479166666666666075e+00,3.872715938374510733e+04
5.500000000000000000e+00,3.872715161660373997e+04
5.520833333333333037e+00,3.872714385945633694e+04
5.541666666666666075e+00,3.872713611862825201e+04
5.562500000000000000e+00,3.872712840043799952e+04
5.583333333333333037e+00,3.872712071119821485e+04
5.604166666666666075e+00,3.872711305721593089e+04
5.625000000000000000e+00,3.872710544479257806e+04
5.645833333333333037e+00,3.872709788022264547e+04
5.666666666666666075e+00,3.872709036979110533e+04
5.687500000000000000e+00,3.872708291976998589e+04
5.708333333333333037e+00,3.872707553641359846e+04
5.729166666666666075e+00,3.872706822595285485e+04
5.750000000000000000e+00,3.872706099458891549e+04
5.770833333333333037e+00,3.872705384848656831e+04
5.791666666666666075e+00,3.872704679376722197e+04
5.812500000000000000e+00,3.872703983650238661e+04
5.833333333333333037e+00,3.872703298270701634e+04
5.854166666666666075e+00,3.872702623833412508e+04
5.875000000000000000e+00,3.872701960926931497e+04
5.895833333333333037e+00,3.872701310132615617e+04
5.916666666666666075e+00,3.872700672024238884e+04
5.937500000000000000e+00,3.872700047167643788e+04
5.958333333333333037e+00,3.872699436120437167e+04
5.979166666666666075e+00,3.872698839431731903e+04
6.000000000000000000e+00,3.872698257641867531e+04
6.020833333333333037e+00,3.872697691282172309e+04
6.041666666666666075e+00,3.872697140874667093e+04
6.062500000000000000e+00,3.872696606931820861e+04
6.083333333333333037e+00,3.872696089956182550e+04
6.104166666666666075e+00,3.872695590440099477e+04
6.125000000000000000e+00,3.872695108865322254e+04
6.145833333333333037e+00,3.872694645702640992e+04
6.166666666666666075e+00,3.872694201411490212e+04
6.187500000000000000e+00,3.872693776439545036e+04
6.208333333333333037e+00,3.872693371222331189e+04
6.229166666666666075e+00,3.872692986182839377e+04
6.250000000000000000e+00,3.872692621731142572e+04
6.270833333333333037e+00,3.872692278264059860e+04
6.291666666666666075e+00,3.872691956164807198e+04
6.312500000000000000e+00,3.872691655802699097e+04
6.333333333333333037e+00,3.872691377532881597e+04
6.354166666666666075e+00,3.872691121696063783e+04
6.375000000000000000e+00,3.872690888618262397e+04
6.395833333333333037e+00,3.872690678610614123e+04
6.416666666666666075e+00,3.872690491969146387e+04
6.437500000000000000e+00,3.872690328974570002e+04
6.458333333333333037e+00,3.872690189892112539e+04
6.479166666666666075e+00,3.872690074971310241e+04
6.500000000000000000e+00,3.872689984445837035e+04
6.520833333333333037e+00,3.872689918533305899e+04
6.541666666666666075e+00,3.872689877435100789e+04
6.562500000000000000e+00,3.872689861336199101e+04
6.583333333333333037e+00,3.872689870405007241e+04
6.604166666666666075e+00,3.872689904793181631e+04
6.625000000000000000e+00,3.872689964635480283e+04
6.645833333333333037e+00,3.872690050049631100e+04
6.666666666666666075e+00,3.872690161136187817e+04
6.687500000000000000e+00,3.872690297978421586e+04
6.708333333333333037e+00,3.872690460642214020e+04
6.729166666666666075e+00,3.872690649175974977e+04
6.750000000000000000e+00,3.872690863610585075e+04
6.770833333333333037e+00,3.872691103959325119e+04
6.791666666666666075e+00,3.872691370217845542e+04
6.812500000000000000e+00,3.872691662364156218e+04
6.833333333333333037e+00,3.872691980358579167e+04
6.854166666666666075e+00,3.872692324143801670e+04
6.875000000000000000e+00,3.872692693644848623e+04
6.895833333333333037e+00,3.872693088769121096e+04
6.916666666666666075e+00,3.872693509406435624e+04
6.937500000000000000e+00,3.872693955429067864e+04
6.958333333333333037e+00,3.872694426691798435e+04
6.979166666666666075e+00,3.872694923031985672e+04
7.000000000000000000e+00,3.872695444269641303e+04
7.020833333333333037e+00,3.872695990207519208e+04
7.041666666666666075e+00,3.872696560631204920e+04
7.062500000000000000e+00,3.872697155309239315e+04
7.083333333333333037e+00,3.872697773993223382e+04
7.104166666666666075e+00,3.872698416417970293e+04
7.125000000000000000e+00,3.872699082301647286e+04
7.145833333333333037e+00,3.872699771345932822e+04
7.166666666666666075e+00,3.872700483236195578e+04
7.187500000000000000e+00,3.872701217641668336e+04
7.208333333333333037e+00,3.872701974215675727e+04
7.229166666666666075e+00,3.872702752595809579e+04
7.250000000000000000e+00,3.872703552404174116e+04
7.270833333333333037e+00,3.872704373247611511e+04
7.291666666666666075e+00,3.872705214717952913e+04
7.312500000000000000e+00,3.872706076392260729e+04
7.333333333333333037e+00,3.872706957833112392e+04
7.354166666666666075e+00,3.872707858588857925e+04
7.375000000000000000e+00,3.872708778193910985e+04
7.395833333333333037e+00,3.872709716169052990e+04
7.416666666666666075e+00,3.872710672021726350e+04
7.437500000000000000e+00,3.872711645246350963e+04
7.458333333333333037e+00,3.872712635324645089e+04
7.479166666666666075e+00,3.872713641725972411e+04
7.500000000000000000e+00,3.872714663907659997e+04
7.520833333333333037e+00,3.872715701315367187e+04
7.541666666666666075e+00,3.872716753383438481e+04
7.562500000000000000e+00,3.872717819535270246e+04
7.583333333333333037e+00,3.872718899183698522e+04
7.604166666666666075e+00,3.872719991731369373e+04
7.625000000000000000e+00,3.872721096571141243e+04
7.645833333333333037e+00,3.872722213086472766e+04
7.666666666666666075e+00,3.872723340651865874e+04
7.687500000000000000e+00,3.872724478633234685e+04
7.708333333333333037e+00,3.872725626388346427e+04
7.729166666666666075e+00,3.872726783267266001e+04
7.750000000000000000e+00,3.872727948612768523e+04
7.770833333333333037e+00,3.872729121760775888e+04
7.791666666666666075e+00,3.872730302040818060e+04
7.812500000000000000e+00,3.872731488776466722e+04
7.833333333333333037e+00,3.872732681285798026e+04
7.854166666666666075e+00,3.872733878881844430e+04
7.875000000000000000e+00,3.872735080873069091e+04
7.895833333333333037e+00,3.872736286563800968e+04
7.916666666666666075e+00,3.872737495254738315e+04
7.937500000000000000e+00,3.872738706243402703e+04
7.958333333333333037e+00,3.872739918824610504e+04
7.979166666666666075e+00,3.872741132290959649e+04
8.000000000000000000e+00,3.872742345933294564e+04
8.020833333333332149e+00,3.872743559041195840e+04
8.041666666666666075e+00,3.872744770903455355e+04
8.062500000000000000e+00,3.872745980808561580e+04
8.083333333333332149e+00,3.872747188045173243e+04
8.104166666666666075e+00,3.872748391902605363e+04
8.125000000000000000e+00,3.872749591671300004e+04
8.145833333333332149e+00,3.872750786643312313e+04
8.166666666666666075e+00,3.872751976112795091e+04
8.187500000000000000e+00,3.872753159376449184e+04
8.208333333333332149e+00,3.872754335733997141e+04
8.229166666666666075e+00,3.872755504488669249e+04
8.250000000000000000e+00,3.872756664947643731e+04
8.270833333333332149e+00,3.872757816422526230e+04
8.291666666666666075e+00,3.872758958229755808e+04
8.312500000000000000e+00,3.872760089691111352e+04
8.333333333333332149e+00,3.872761210134107387e+04
8.354166666666666075e+00,3.872762318892420444e+04
8.375000000000000000e+00,3.872763415306332172e+04
8.395833333333332149e+00,3.872764498723140423e+04
8.416666666666666075e+00,3.872765568497543427e+04
8.437500000000000000e+00,3.872766623992044333e+04
8.458333333333332149e+00,3.872767664577314281e+04
8.479166666666666075e+00,3.872768689632594760e+04
8.500000000000000000e+00,3.872769698546008294e+04
8.520833333333332149e+00,3.872770690714927332e+04
8.541666666666666075e+00,3.872771665546300210e+04
8.562500000000000000e+00,3.872772622456953104e+04
8.583333333333332149e+00,3.872773560873905080e+04
8.604166666666666075e+00,3.872774480234638759e+04
8.625000000000000000e+00,3.872775379987391352e+04
8.645833333333332149e+00,3.872776259591415874e+04
8.666666666666666075e+00,3.872777118517232884e+04
8.687500000000000000e+00,3.872777956246882968e+04
8.708333333333332149e+00,3.872778772274191579e+04
8.729166666666666075e+00,3.872779566104997502e+04
8.750000000000000000e+00,3.872780337257428619e+04
8.770833333333332149e+00,3.872781085262196575e+04
8.791666666666666075e+00,3.872781809662861633e+04
8.812500000000000000e+00,3.872782510016180458e+04
8.833333333333332149e+00,3.872783185892521578e+04
8.854166666666666075e+00,3.872783836876245914e+04
8.875000000000000000e+00,3.872784462566230650e+04
8.895833333333332149e+00,3.872785062576429482e+04
8.916666666666666075e+00,3.872785636536552192e+04
8.937500000000000000e+00,3.872786184092806798e+04
8.958333333333332149e+00,3.872786704908753745e+04
8.979166666666666075e+00,3.872787198666262702e+04
9.000000000000000000e+00,3.872787665066577028e+04
9.020833333333332149e+00,3.872788103831453918e+04
9.041666666666666075e+00,3.872788514704395493e+04
9.062500000000000000e+00,3.872788897451880621e+04
9.083333333333332149e+00,3.872789251864689140e+04
9.104166666666666075e+00,3.872789577759105305e+04
9.125000000000000000e+00,3.872789874978137232e+04
9.145833333333332149e+00,3.872790143392516620e+04
9.166666666666666075e+00,3.872790382901566772e+04
9.187500000000000000e+00,3.872790593433803588e+04
9.208333333333332149e+00,3.872790774947236059e+04
9.229166666666666075e+00,3.872790927429325529e+04
9.250000000000000000e+00,3.872791050896547677e+04
9.270833333333332149e+00,3.872791145393617626e+04
9.291666666666666075e+00,3.872791210992262495e+04
9.312500000000000000e+00,3.872791247789687623e+04
9.333333333333332149e+00,3.872791255906705192e+04
9.354166666666666075e+00,3.872791235485630023e+04
9.375000000000000000e+00,3.872791186688016751e+04
9.395833333333332149e+00,3.872791109692335885e+04
9.416666666666666075e+00,3.872791004691660055e+04
9.437500000000000000e+00,3.872790871891557617e+04
9.458333333333332149e+00,3.872790711508112872e+04
9.479166666666666075e+00,3.872790523766326805e+04
9.500000000000000000e+00,3.872790308898872172e+04
9.520833333333332149e+00,3.872790067145187641e+04
9.541666666666666075e+00,3.872789798751041235e+04
9.562500000000000000e+00,3.872789503968415374e+04
9.583333333333332149e+00,3.872789183055797912e+04
9.604166666666666075e+00,3.872788836278732924e+04
9.625000000000000000e+00,3.872788463910581777e+04
9.645833333333332149e+00,3.872788066233449354e+04
9.666666666666666075e+00,3.872787643539178680e+04
9.687500000000000000e+00,3.872787196130327357e+04
9.708333333333332149e+00,3.872786724321042857e+04
9.729166666666666075e+00,3.872786228437870159e+04
9.750000000000000000e+00,3.872785708820360014e+04
9.770833333333332149e+00,3.872785165821491682e+04
9.791666666666666075e+00,3.872784599807920313e+04
9.812500000000000000e+00,3.872784011160051159e+04
9.833333333333332149e+00,3.872783400271946448e+04
9.854166666666666075e+00,3.872782767551098368e+04
9.875000000000000000e+00,3.872782113418140216e+04
9.895833333333332149e+00,3.872781438306449127e+04
9.916666666666666075e+00,3.872780742661761906e+04
9.937500000000000000e+00,3.872780026941782853e+04
9.958333333333332149e+00,3.872779291615804686e+04
9.979166666666666075e+00,3.872778537164380396e+04
1.000000000000000000e+01,3.872777764079014742e+04
1.002083333333333215e+01,3.872776972861945251e+04
1.004166666666666607e+01,3.872776164025916660e+04
1.006250000000000000e+01,3.872775338093993923e+04
1.008333333333333215e+01,3.872774495599399961e+04
1.010416666666666607e+01,3.872773637085329392e+04
1.012500000000000000e+01,3.872772763104781188e+04
1.014583333333333215e+01,3.872771874220305472e+04
1.016666666666666607e+01,3.872770971003772866e+04
1.018750000000000000e+01,3.872770054036037618e+04
1.020833333333333215e+01,3.872769123906622553e+04
1.022916666666666607e+01,3.872768181213310163e+04
1.025000000000000000e+01,3.872767226561698772e+04
1.027083333333333215e+01,3.872766260564743425e+04
1.029166666666666607e+01,3.872765283842286590e+04
1.031250000000000000e+01,3.872764297020543017e+04
1.033333333333333215e+01,3.872763300731586787e+04
1.035416666666666607e+01,3.872762295612874732e+04
1.037500000000000000e+01,3.872761282306745852e+04
1.039583333333333215e+01,3.872760261459946196e+04
1.041666666666666607e+01,3.872759233723177022e+04
1.043750000000000000e+01,3.872758199750647327e+04
1.045833333333333215e+01,3.872757160199667851e+04
1.047916666666666607e+01,3.872756115730210149e+04
1.050000000000000000e+01,3.872755067004532611e+04
1.052083333333333215e+01,3.872754014686753362e+04
1.054166666666666607e+01,3.872752959442470456e+04
1.056250000000000000e+01,3.872751901938336960e+04
1.058333333333333215e+01,3.872750842841665144e+04
1.060416666666666607e+01,3.872749782819983375e+04
1.062500000000000000e+01,3.872748722540617746e+04
1.064583333333333215e+01,3.872747662670243881e+04
1.066666666666666607e+01,3.872746603874427092e+04
1.068750000000000000e+01,3.872745546817161085e+04
1.070833333333333215e+01,3.872744492160427035e+04
1.072916666666666607e+01,3.872743440563687909e+04
1.075000000000000000e+01,3.872742392683448270e+04
1.077083333333333215e+01,3.872741349172800255e+04
1.079166666666666607e+01,3.872740310680947005e+04
1.081250000000000000e+01,3.872739277852765372e+04
1.083333333333333215e+01,3.872738251328367915e+04
1.085416666666666607e+01,3.872737231742663425e+04
1.087500000000000000e+01,3.872736219724958937e+04
1.089583333333333215e+01,3.872735215898505703e+04
1.091666666666666607e+01,3.872734220880133216e+04
1.093750000000000000e+01,3.872733235279817018e+04
1.095833333333333215e+01,3.872732259700303985e+04
1.097916666666666607e+01,3.872731294736703421e+04
1.100000000000000000e+01,3.872730340976109437e+04
1.102083333333333215e+01,3.872729398997218959e+04
1.104166666666666607e+01,3.872728469369925006e+04
1.106250000000000000e+01,3.872727552654949977e+04
1.108333333333333215e+01,3.872726649403476767e+04
1.110416666666666607e+01,3.872725760156762408e+04
1.112500000000000000e+01,3.872724885445758264e+04
1.114583333333333215e+01,3.872724025790768792e+04
1.116666666666666607e+01,3.872723181701087742e+04
1.118750000000000000e+01,3.872722353674625629e+04
1.120833333333333215e+01,3.872721542197603412e+04
1.122916666666666607e+01,3.872720747744198889e+04
1.125000000000000000e+01,3.872719970776225819e+04
1.127083333333333215e+01,3.872719211742829066e+04
1.129166666666666607e+01,3.872718471080168092e+04
1.131250000000000000e+01,3.872717749211144110e+04
1.133333333333333215e+01,3.872717046545097401e+04
1.135416666666666607e+01,3.872716363477542473e+04
1.137500000000000000e+01,3.872715700389903213e+04
1.139583333333333215e+01,3.872715057649261871e+04
1.141666666666666607e+01,3.872714435608099302e+04
1.143750000000000000e+01,3.872713834604082513e+04
1.145833333333333215e+01,3.872713254959808546e+04
1.147916666666666607e+01,3.872712696982609486e+04
1.150000000000000000e+01,3.872712160964326904e+04
1.152083333333333215e+01,3.872711647181127046e+04
1.154166666666666607e+01,3.872711155893302202e+04
1.156250000000000000e+01,3.872710687345089536e+04
1.158333333333333215e+01,3.872710241764518287e+04
1.160416666666666607e+01,3.872709819363232236e+04
1.162500000000000000e+01,3.872709420336357289e+04
1.164583333333333215e+01,3.872709044862370502e+04
1.166666666666666607e+01,3.872708693102965481e+04
1.168750000000000000e+01,3.872708365202962159e+04
1.170833333333333215e+01,3.872708061290172918e+04
1.172916666666666607e+01,3.872707781475355296e+04
1.175000000000000000e+01,3.872707525852128310e+04
1.177083333333333215e+01,3.872707294496891700e+04
1.179166666666666607e+01,3.872707087468792452e+04
1.181250000000000000e+01,3.872706904809686239e+04
1.183333333333333215e+01,3.872706746544103953e+04
1.185416666666666607e+01,3.872706612679248065e+04
1.187500000000000000e+01,3.872706503204973706e+04
1.189583333333333215e+01,3.872706418093817047e+04
1.191666666666666607e+01,3.872706357301001844e+04
1.193750000000000000e+01,3.872706320764476550e+04
1.195833333333333215e+01,3.872706308404960873e+04
1.197916666666666607e+01,3.872706320126006904e+04
1.200000000000000000e+01,3.872706355814052949e+04
1.202083333333333215e+01,3.872706415338520310e+04
1.204166666666666607e+01,3.872706498551902041e+04
1.206250000000000000e+01,3.872706605289858999e+04
1.208333333333333215e+01,3.872706735371350806e+04
1.210416666666666607e+01,3.872706888598747173e+04
1.212500000000000000e+01,3.872707064757993794e+04
1.214583333333333215e+01,3.872707263618735305e+04
1.216666666666666607e+01,3.872707484934504464e+04
1.218750000000000000e+01,3.872707728442885127e+04
1.220833333333333215e+01,3.872707993865704339e+04
1.222916666666666607e+01,3.872708280909220775e+04
1.225000000000000000e+01,3.872708589264354669e+04
1.227083333333333215e+01,3.872708918606892257e+04
1.229166666666666607e+01,3.872709268597720802e+04
1.231250000000000000e+01,3.872709638883062871e+04
1.233333333333333215e+01,3.872710029094753554e+04
1.235416666666666607e+01,3.872710438850483479e+04
1.237500000000000000e+01,3.872710867754072387e+04
1.239583333333333215e+01,3.872711315395756537e+04
1.241666666666666607e+01,3.872711781352480466e+04
1.243750000000000000e+01,3.872712265188218589e+04
1.245833333333333215e+01,3.872712766454252414e+04
1.247916666666666607e+01,3.872713284689513239e+04
1.250000000000000000e+01,3.872713819420924119e+04
1.252083333333333215e+01,3.872714370163720741e+04
1.254166666666666607e+01,3.872714936421799212e+04
1.256250000000000000e+01,3.872715517688097316e+04
1.258333333333333215e+01,3.872716113444932125e+04
1.260416666666666607e+01,3.872716723164395808e+04
1.262500000000000000e+01,3.872717346308712877e+04
1.264583333333333215e+01,3.872717982330660743e+04
1.266666666666666607e+01,3.872718630673940061e+04
1.268750000000000000e+01,3.872719290773593821e+04
1.270833333333333215e+01,3.872719962056395161e+04
1.272916666666666607e+01,3.872720643941299932e+04
1.275000000000000000e+01,3.872721335839838139e+04
1.277083333333333215e+01,3.872722037156559963e+04
1.279166666666666607e+01,3.872722747289455583e+04
1.281250000000000000e+01,3.872723465630409919e+04
1.283333333333333215e+01,3.872724191565642104e+04
1.285416666666666607e+01,3.872724924476157321e+04
1.287500000000000000e+01,3.872725663738187723e+04
1.289583333333333215e+01,3.872726408723669738e+04
1.291666666666666607e+01,3.872727158800707548e+04
1.293750000000000000e+01,3.872727913334023469e+04
1.295833333333333215e+01,3.872728671685430163e+04
1.297916666666666607e+01,3.872729433214331220e+04
1.300000000000000000e+01,3.872730197278155538e+04
1.302083333333333215e+01,3.872730963232883369e+04
1.304166666666666607e+01,3.872731730433483608e+04
1.306250000000000000e+01,3.872732498234426748e+04
1.308333333333333215e+01,3.872733265990158543e+04
1.310416666666666607e+01,3.872734033055604232e+04
1.312500000000000000e+01,3.872734798786633473e+04
1.314583333333333215e+01,3.872735562540556566e+04
1.316666666666666607e+01,3.872736323676646862e+04
1.318750000000000000e+01,3.872737081556583144e+04
1.320833333333333215e+01,3.872737835544977133e+04
1.322916666666666607e+01,3.872738585009860981e+04
1.325000000000000000e+01,3.872739329323166021e+04
1.327083333333333215e+01,3.872740067861232819e+04
1.329166666666666607e+01,3.872740800005294295e+04
1.331250000000000000e+01,3.872741525141959573e+04
1.333333333333333215e+01,3.872742242663720390e+04
1.335416666666666607e+01,3.872742951969428395e+04
1.337500000000000000e+01,3.872743652464789920e+04
1.339583333333333215e+01,3.872744343562831637e+04
1.341666666666666607e+01,3.872745024684406962e+04
1.343750000000000000e+01,3.872745695258658088e+04
1.345833333333333215e+01,3.872746354723494733e+04
1.347916666666666607e+01,3.872747002526065626e+04
1.350000000000000000e+01,3.872747638123213983e+04
1.352083333333333215e+01,3.872748260981947533e+04
1.354166666666666607e+01,3.872748870579889626e+04
1.356250000000000000e+01,3.872749466405701969e+04
1.358333333333333215e+01,3.872750047959532094e+04
1.360416666666666607e+01,3.872750614753437549e+04
1.362500000000000000e+01,3.872751166311780980e+04
1.364583333333333215e+01,3.872751702171625220e+04
1.366666666666666607e+01,3.872752221883108723e+04
1.368750000000000000e+01,3.872752725009803544e+04
1.370833333333333215e+01,3.872753211129042757e+04
1.372916666666666607e+01,3.872753679832215857e+04
1.375000000000000000e+01,3.872754130725069263e+04
1.377083333333333215e+01,3.872754563427950052e+04
1.379166666666666607e+01,3.872754977576000965e+04
1.381250000000000000e+01,3.872755372819351032e+04
1.383333333333333215e+01,3.872755748823266913e+04
1.385416666666666607e+01,3.872756105268209649e+04
1.387500000000000000e+01,3.872756441849930707e+04
1.389583333333333215e+01,3.872756758279474889e+04
1.391666666666666607e+01,3.872757054283103207e+04
1.393750000000000000e+01,3.872757329602255777e+04
1.395833333333333215e+01,3.872757583993416483e+04
1.397916666666666607e+01,3.872757817227947817e+04
1.400000000000000000e+01,3.872758029091888602e+04
1.402083333333333215e+01,3.872758219385745906e+04
1.404166666666666607e+01,3.872758387924223643e+04
1.406250000000000000e+01,3.872758534535999206e+04
1.408333333333333215e+01,3.872758659063436789e+04
1.410416666666666607e+01,3.872758761362360383e+04
1.412500000000000000e+01,3.872758841301810753e+04
1.414583333333333215e+01,3.872758898763855541e+04
1.416666666666666607e+01,3.872758933643476485e+04
1.418750000000000000e+01,3.872758945848450821e+04
1.420833333333333215e+01,3.872758935299346194e+04
1.422916666666666607e+01,3.872758901929574495e+04
1.425000000000000000e+01,3.872758845685556298e+04
1.427083333333333215e+01,3.872758766526888212e+04
1.429166666666666607e+01,3.872758664426687756e+04
1.431250000000000000e+01,3.872758539371957158e+04
1.433333333333333215e+01,3.872758391364003182e+04
1.435416666666666607e+01,3.872758220418930432e+04
1.437500000000000000e+01,3.872758026568181231e+04
1.439583333333333215e+01,3.872757809859068948e+04
1.441666666666666607e+01,3.872757570355317148e+04
1.443750000000000000e+01,3.872757308137582004e+04
1.445833333333333215e+01,3.872757023303949245e+04
1.447916666666666607e+01,3.872756715970356163e+04
1.450000000000000000e+01,3.872756386270952498e+04
1.452083333333333215e+01,3.872756034358351462e+04
1.454166666666666607e+01,3.872755660403861111e+04
1.456250000000000000e+01,3.872755264597551286e+04
1.458333333333333215e+01,3.872754847148239787e+04
1.460416666666666607e+01,3.872754408283400699e+04
1.462500000000000000e+01,3.872753948249010136e+04
1.464583333333333215e+01,3.872753467309252301e+04
1.466666666666666607e+01,3.872752965746227710e+04
1.468750000000000000e+01,3.872752443859558844e+04
1.470833333333333215e+01,3.872751901965993602e+04
1.472916666666666607e+01,3.872751340398963657e+04
1.475000000000000000e+01,3.872750759508129704e+04
1.477083333333333215e+01,3.872750159658914345e+04
1.479166666666666607e+01,3.872749541232048796e+04
1.481250000000000000e+01,3.872748904623121052e+04
1.483333333333333215e+01,3.872748250242146605e+04
1.485416666666666607e+01,3.872747578513125336e+04
1.487500000000000000e+01,3.872746889873645705e+04
1.489583333333333215e+01,3.872746184774462017e+04
1.491666666666666607e+01,3.872745463679118257e+04
1.493750000000000000e+01,3.872744727063568280e+04
1.495833333333333215e+01,3.872743975415777822e+04
1.497916666666666607e+01,3.872743209235347604e+04
1.500000000000000000e+01,3.872742429033147346e+04
1.502083333333333215e+01,3.872741635330901772e+04
1.504166666666666607e+01,3.872740828660836269e+04
1.506250000000000000e+01,3.872740009565243236e+04
1.508333333333333215e+01,3.872739178596113197e+04
1.510416666666666607e+01,3.872738336314712069e+04
1.512500000000000000e+01,3.872737483291178069e+04
1.514583333333333215e+01,3.872736620104113535e+04
1.516666666666666607e+01,3.872735747340170201e+04
1.518750000000000000e+01,3.872734865593644645e+04
1.520833333333333215e+01,3.872733975466050470e+04
1.522916666666666607e+01,3.872733077565722488e+04
1.525000000000000000e+01,3.872732172507422365e+04
1.527083333333333215e+01,3.872731260911898426e+04
1.529166666666666607e+01,3.872730343405504391e+04
1.531250000000000000e+01,3.872729420619778102e+04
1.533333333333333215e+01,3.872728493191053713e+04
1.535416666666666607e+01,3.872727561760049866e+04
1.537500000000000000e+01,3.872726626971437508e+04
1.539583333333333215e+01,3.872725689473463717e+04
1.541666666666666607e+01,3.872724749917488953e+04
1.543750000000000000e+01,3.872723808957618166e+04
1.545833333333333215e+01,3.872722867250246782e+04
1.547916666666666607e+01,3.872721925453626318e+04
1.550000000000000000e+01,3.872720984227448207e+04
1.552083333333333215e+01,3.872720044232402142e+04
1.554166666666666607e+01,3.872719106129740248e+04
1.556250000000000000e+01,3.872718170580841252e+04
1.558333333333333215e+01,3.872717238246749912e+04
1.560416666666666607e+01,3.872716309787757928e+04
1.562500000000000000e+01,3.872715385862957191e+04
1.564583333333333215e+01,3.872714467129796685e+04
1.566666666666666607e+01,3.872713554243638646e+04
1.568750000000000000e+01,3.872712647857314005e+04
1.570833333333333215e+01,3.872711748620727303e+04
1.572916666666666607e+01,3.872710857180369931e+04
1.575000000000000000e+01,3.872709974178905395e+04
1.577083333333333215e+01,3.872709100254746591e+04
1.579166666666666607e+01,3.872708236041636701e+04
1.581250000000000000e+01,3.872707382168201730e+04
1.583333333333333215e+01,3.872706539257521945e+04
1.585416666666666607e+01,3.872705707926722971e+04
1.587500000000000000e+01,3.872704888786570518e+04
1.589583333333333215e+01,3.872704082441028731e+04
1.591666666666666607e+01,3.872703289486851281e+04
1.593750000000000000e+01,3.872702510513168090e+04
1.595833333333333215e+01,3.872701746101100434e+04
1.597916666666666607e+01,3.872700996823335299e+04
1.600000000000000000e+01,3.872700263243735390e+04
1.602083333333333215e+01,3.872699545916944771e+04
1.604166666666666430e+01,3.872698845388012705e+04
1.606250000000000000e+01,3.872698162191997835e+04
1.608333333333333215e+01,3.872697496853591292e+04
1.610416666666666430e+01,3.872696849886771088e+04
1.612500000000000000e+01,3.872696221794420853e+04
1.614583333333333215e+01,3.872695613067971135e+04
1.616666666666666430e+01,3.872695024187069066e+04
1.618750000000000000e+01,3.872694455619227665e+04
1.620833333333333215e+01,3.872693907819489687e+04
1.622916666666666430e+01,3.872693381230112573e+04
1.625000000000000000e+01,3.872692876280241762e+04
1.627083333333333215e+01,3.872692393385611649e+04
1.629166666666666430e+01,3.872691932948241447e+04
1.631250000000000000e+01,3.872691495356125961e+04
1.633333333333333215e+01,3.872691080982979474e+04
1.635416666666666430e+01,3.872690690187948348e+04
1.637500000000000000e+01,3.872690323315341084e+04
1.639583333333333215e+01,3.872689980694383121e+04
1.641666666666666430e+01,3.872689662638951995e+04
1.643750000000000000e+01,3.872689369447369245e+04
1.645833333333333215e+01,3.872689101402146480e+04
1.647916666666666430e+01,3.872688858769790386e+04
1.650000000000000000e+01,3.872688641800577170e+04
1.652083333333333215e+01,3.872688450728381576e+04
1.654166666666666430e+01,3.872688285770472430e+04
1.656250000000000000e+01,3.872688147127343836e+04
1.658333333333333215e+01,3.872688034982566023e+04
1.660416666666666430e+01,3.872687949502624542e+04
1.662500000000000000e+01,3.872687890836774750e+04
1.664583333333333215e+01,3.872687859116931213e+04
1.666666666666666430e+01,3.872687854457529465e+04
1.668750000000000000e+01,3.872687876955450338e+04
1.670833333333333215e+01,3.872687926689895539e+04
1.672916666666666430e+01,3.872688003722333815e+04
1.675000000000000000e+01,3.872688108096405631e+04
1.677083333333333215e+01,3.872688239837888250e+04
1.679166666666666430e+01,3.872688398954642616e+04
1.681250000000000000e+01,3.872688585436576250e+04
1.683333333333333215e+01,3.872688799255623599e+04
1.685416666666666430e+01,3.872689040365748951e+04
1.687500000000000000e+01,3.872689308702926064e+04
1.689583333333333215e+01,3.872689604185173084e+04
1.691666666666666430e+01,3.872689926712582383e+04
1.693750000000000000e+01,3.872690276167343109e+04
1.695833333333333215e+01,3.872690652413811767e+04
1.697916666666666430e+01,3.872691055298570427e+04
1.700000000000000000e+01,3.872691484650497296e+04
1.702083333333333215e+01,3.872691940280864947e+04
1.704166666666666430e+01,3.872692421983445092e+04
1.706250000000000000e+01,3.872692929534611176e+04
1.708333333333333215e+01,3.872693462693472247e+04
1.710416666666666430e+01,3.872694021202006843e+04
1.712500000000000000e+01,3.872694604785217234e+04
1.714583333333333215e+01,3.872695213151281496e+04
1.716666666666666430e+01,3.872695845991745591e+04
1.718750000000000000e+01,3.872696502981688536e+04
1.720833333333333215e+01,3.872697183779929765e+04
1.722916666666666430e+01,3.872697888029236492e+04
1.725000000000000000e+01,3.872698615356533992e+04
1.727083333333333215e+01,3.872699365373149340e+04
1.729166666666666430e+01,3.872700137675059523e+04
1.731250000000000000e+01,3.872700931843108265e+04
1.733333333333333215e+01,3.872701747443310160e+04
1.735416666666666430e+01,3.872702584027105331e+04
1.737500000000000000e+01,3.872703441131635918e+04
1.739583333333333215e+01,3.872704318280060397e+04
1.741666666666666430e+01,3.872705214981851896e+04
1.743750000000000000e+01,3.872706130733102327e+04
1.745833333333333215e+01,3.872707065016849810e+04
1.747916666666666430e+01,3.872708017303422821e+04
1.750000000000000000e+01,3.872708987050772703e+04
1.752083333333333215e+01,3.872709973704825825e+04
1.754166666666666430e+01,3.872710976699847379e+04
1.756250000000000000e+01,3.872711995458805177e+04
1.758333333333333215e+01,3.872713029393757461e+04
1.760416666666666430e+01,3.872714077906221792e+04
1.762500000000000000e+01,3.872715140387579595e+04
1.764583333333333215e+01,3.872716216219458875e+04
1.766666666666666430e+01,3.872717304774174409e+04
1.768750000000000000e+01,3.872718405415106099e+04
1.770833333333333215e+01,3.872719517497134075e+04
1.772916666666666430e+01,3.872720640367062151e+04
1.775000000000000000e+01,3.872721773364063847e+04
1.777083333333333215e+01,3.872722915820089111e+04
1.779166666666666430e+01,3.872724067060343077e+04
1.781250000000000000e+01,3.872725226403703709e+04
1.783333333333333215e+01,3.872726393163192552e+04
1.785416666666666430e+01,3.872727566646427294e+04
1.787500000000000000e+01,3.872728746156069974e+04
1.789583333333333215e+01,3.872729930990311550e+04
1.791666666666666430e+01,3.872731120443321561e+04
1.793750000000000000e+01,3.872732313805722515e+04
1.795833333333333215e+01,3.872733510365068651e+04
1.797916666666666430e+01,3.872734709406304319e+04
1.800000000000000000e+01,3.872735910212248564e+04
1.802083333333333215e+01,3.872737112064086978e+04
1.804166666666666430e+01,3.872738314241815533e+04
1.806250000000000000e+01,3.872739516024738259e+04
1.808333333333333215e+01,3.872740716691947455e+04
1.810416666666666430e+01,3.872741915522791533e+04
1.812500000000000000e+01,3.872743111797353049e+04
1.814583333333333215e+01,3.872744304796922370e+04
1.816666666666666430e+01,3.872745493804482976e+04
1.818750000000000000e+01,3.872746678105161118e+04
1.820833333333333215e+01,3.872747856986706029e+04
1.822916666666666430e+01,3.872749029739955586e+04
1.825000000000000000e+01,3.872750195659304882e+04
1.827083333333333215e+01,3.872751354043145693e+04
1.829166666666666430e+01,3.872752504194338690e+04
1.831250000000000000e+01,3.872753645420654357e+04
1.833333333333333215e+01,3.872754777035237203e+04
1.835416666666666430e+01,3.872755898357011029e+04
1.837500000000000000e+01,3.872757008711159142e+04
1.839583333333333215e+01,3.872758107429526717e+04
1.841666666666666430e+01,3.872759193851055898e+04
1.843750000000000000e+01,3.872760267322215077e+04
1.845833333333333215e+01,3.872761327197412174e+04
1.847916666666666430e+01,3.872762372839407908e+04
1.850000000000000000e+01,3.872763403619734891e+04
1.852083333333333215e+01,3.872764418919084710e+04
1.854166666666666430e+01,3.872765418127735757e+04
1.856250000000000000e+01,3.872766400645947579e+04
1.858333333333333215e+01,3.872767365884351602e+04
1.860416666666666430e+01,3.872768313264370954e+04
1.862500000000000000e+01,3.872769242218618456e+04
1.864583333333333215e+01,3.872770152191293892e+04
1.866666666666666430e+01,3.872771042638613289e+04
1.868750000000000000e+01,3.872771913029206189e+04
1.870833333333333215e+01,3.872772762844548561e+04
1.872916666666666430e+01,3.872773591579400090e+04
1.875000000000000000e+01,3.872774398742245103e+04
1.877083333333333215e+01,3.872775183855732030e+04
1.879166666666666430e+01,3.872775946457152895e+04
1.881250000000000000e+01,3.872776686098916252e+04
1.883333333333333215e+01,3.872777402349044132e+04
1.885416666666666430e+01,3.872778094791659532e+04
1.887500000000000000e+01,3.872778763027500827e+04
1.889583333333333215e+01,3.872779406674443453e+04
1.891666666666666430e+01,3.872780025368033967e+04
1.893750000000000000e+01,3.872780618761977530e+04
1.895833333333333215e+01,3.872781186528685066e+04
1.897916666666666430e+01,3.872781728359760018e+04
1.900000000000000000e+01,3.872782243966486567e+04
1.902083333333333215e+01,3.872782733080287289e+04
1.904166666666666430e+01,3.872783195453131339e+04
1.906250000000000000e+01,3.872783630857911339e+04
1.908333333333333215e+01,3.872784039088762802e+04
1.910416666666666430e+01,3.872784419961299136e+04
1.912500000000000000e+01,3.872784773312803736e+04
1.914583333333333215e+01,3.872785099002321658e+04
1.916666666666666430e+01,3.872785396910663985e+04
1.918750000000000000e+01,3.872785666940342344e+04
1.920833333333333215e+01,3.872785909015389916e+04
1.922916666666666430e+01,3.872786123081111145e+04
1.925000000000000000e+01,3.872786309103737585e+04
1.927083333333333215e+01,3.872786467070025537e+04
1.929166666666666430e+01,3.872786596986757650e+04
1.931250000000000000e+01,3.872786698880208132e+04
1.933333333333333215e+01,3.872786772795561410e+04
1.935416666666666430e+01,3.872786818796333682e+04
1.937500000000000000e+01,3.872786836963710084e+04
1.939583333333333215e+01,3.872786827395981527e+04
1.941666666666666430e+01,3.872786790207903687e+04
1.943750000000000000e+01,3.872786725530190597e+04
1.945833333333333215e+01,3.872786633508966042e+04
1.947916666666666430e+01,3.872786514305300807e+04
1.950000000000000000e+01,3.872786368094814679e+04
1.952083333333333215e+01,3.872786195067337394e+04
1.954166666666666430e+01,3.872785995426616137e+04
1.956250000000000000e+01,3.872785769390084170e+04
1.958333333333333215e+01,3.872785517188708764e+04
1.960416666666666430e+01,3.872785239066848590e+04
1.962500000000000000e+01,3.872784935282166407e+04
1.964583333333333215e+01,3.872784606105578860e+04
1.966666666666666430e+01,3.872784251821217185e+04
1.968750000000000000e+01,3.872783872726383561e+04
1.970833333333333215e+01,3.872783469131556922e+04
1.972916666666666430e+01,3.872783041360334755e+04
1.975000000000000000e+01,3.872782589749402541e+04
1.977083333333333215e+01,3.872782114648481365e+04
1.979166666666666430e+01,3.872781616420261707e+04
1.981250000000000000e+01,3.872781095440295030e+04
1.983333333333333215e+01,3.872780552096875181e+04
1.985416666666666430e+01,3.872779986790933617e+04
1.987500000000000000e+01,3.872779399935857509e+04
1.989583333333333215e+01,3.872778791957326030e+04
1.991666666666666430e+01,3.872778163293129910e+04
1.993750000000000000e+01,3.872777514392942248e+04
1.995833333333333215e+01,3.872776845718140248e+04
1.997916666666666430e+01,3.872776157741546194e+04
2.000000000000000000e+01,3.872775450947201898e+04
2.002083333333333215e+01,3.872774725830098760e+04
2.004166666666666430e+01,3.872773982895944209e+04
2.006250000000000000e+01,3.872773222660853207e+04
2.008333333333333215e+01,3.872772445651100861e+04
2.010416666666666430e+01,3.872771652402791369e+04
2.012500000000000000e+01,3.872770843461579352e+04
2.014583333333333215e+01,3.872770019382319879e+04
2.016666666666666430e+01,3.872769180728763604e+04
2.018750000000000000e+01,3.872768328073193697e+04
2.020833333333333215e+01,3.872767461996087513e+04
2.022916666666666430e+01,3.872766583085723687e+04
2.025000000000000000e+01,3.872765691937833617e+04
2.027083333333333215e+01,3.872764789155191102e+04
2.029166666666666430e+01,3.872763875347239082e+04
2.031250000000000000e+01,3.872762951129676367e+04
2.033333333333333215e+01,3.872762017124049453e+04
2.035416666666666430e+01,3.872761073957347253e+04
2.037500000000000000e+01,3.872760122261575452e+04
2.039583333333333215e+01,3.872759162673351238e+04
2.041666666666666430e+01,3.872758195833453647e+04
2.043750000000000000e+01,3.872757222386430658e+04
2.045833333333333215e+01,3.872756242980140087e+04
2.047916666666666430e+01,3.872755258265350130e+04
2.050000000000000000e+01,3.872754268895276618e+04
2.052083333333333215e+01,3.872753275525174104e+04
2.054166666666666430e+01,3.872752278811878932e+04
2.056250000000000000e+01,3.872751279413394514e+04
2.058333333333333215e+01,3.872750277988434391e+04
2.060416666666666430e+01,3.872749275195985683e+04
2.062500000000000000e+01,3.872748271694880532e+04
2.064583333333333215e+01,3.872747268143331166e+04
2.066666666666666430e+01,3.872746265198506444e+04
2.068750000000000000e+01,3.872745263516082923e+04
2.070833333333333215e+01,3.872744263749797392e+04
2.072916666666666430e+01,3.872743266551013949e+04
2.075000000000000000e+01,3.872742272568281624e+04
2.077083333333333215e+01,3.872741282446878904e+04
2.079166666666666430e+01,3.872740296828410646e+04
2.081250000000000000e+01,3.872739316350347508e+04
2.083333333333333215e+01,3.872738341645608307e+04
2.085416666666666430e+01,3.872737373342119099e+04
2.087500000000000000e+01,3.872736412062404997e+04
2.089583333333333215e+01,3.872735458423157252e+04
2.091666666666666430e+01,3.872734513034828706e+04
2.093750000000000000e+01,3.872733576501216885e+04
2.095833333333333215e+01,3.872732649419036898e+04
2.097916666666666430e+01,3.872731732377556182e+04
2.100000000000000000e+01,3.872730825958160131e+04
2.102083333333333215e+01,3.872729930733989022e+04
2.104166666666666430e+01,3.872729047269516741e+04
2.106250000000000000e+01,3.872728176120194985e+04
2.108333333333333215e+01,3.872727317832065455e+04
2.110416666666666430e+01,3.872726472941388056e+04
2.112500000000000000e+01,3.872725641974278551e+04
2.114583333333333215e+01,3.872724825446352770e+04
2.116666666666666430e+01,3.872724023862367176e+04
2.118750000000000000e+01,3.872723237715877622e+04
2.120833333333333215e+01,3.872722467488916300e+04
2.122916666666666430e+01,3.872721713651643950e+04
2.125000000000000000e+01,3.872720976662036992e+04
2.127083333333333215e+01,3.872720256965579756e+04
2.129166666666666430e+01,3.872719554994950886e+04
2.131250000000000000e+01,3.872718871169734484e+04
2.133333333333333215e+01,3.872718205896136351e+04
2.135416666666666430e+01,3.872717559566692216e+04
2.137500000000000000e+01,3.872716932560021814e+04
2.139583333333333215e+01,3.872716325240546576e+04
2.141666666666666430e+01,3.872715737958258978e+04
2.143750000000000000e+01,3.872715171048467892e+04
2.145833333333333215e+01,3.872714624831585388e+04
2.147916666666666430e+01,3.872714099612888822e+04
2.150000000000000000e+01,3.872713595682325831e+04
2.152083333333333215e+01,3.872713113314312068e+04
2.154166666666666430e+01,3.872712652767532563e+04
2.156250000000000000e+01,3.872712214284775837e+04
2.158333333333333215e+01,3.872711798092768004e+04
2.160416666666666430e+01,3.872711404402005428e+04
2.162500000000000000e+01,3.872711033406623028e+04
2.164583333333333215e+01,3.872710685284245847e+04
2.166666666666666430e+01,3.872710360195886460e+04
2.168750000000000000e+01,3.872710058285811829e+04
2.170833333333333215e+01,3.872709779681469809e+04
2.172916666666666430e+01,3.872709524493373465e+04
2.175000000000000000e+01,3.872709292815055960e+04
2.177083333333333215e+01,3.872709084722978150e+04
2.179166666666666430e+01,3.872708900276493659e+04
2.181250000000000000e+01,3.872708739517808863e+04
2.183333333333333215e+01,3.872708602471945051e+04
2.185416666666666430e+01,3.872708489146733336e+04
2.187500000000000000e+01,3.872708399532803742e+04
2.189583333333333215e+01,3.872708333603601204e+04
2.191666666666666430e+01,3.872708291315375391e+04
2.193750000000000000e+01,3.872708272607276012e+04
2.195833333333333215e+01,3.872708277401330270e+04
2.197916666666666430e+01,3.872708305602530891e+04
2.200000000000000000e+01,3.872708357098911074e+04
2.202083333333333215e+01,3.872708431761596148e+04
2.204166666666666430e+01,3.872708529444941814e+04
2.206250000000000000e+01,3.872708649986583623e+04
2.208333333333333215e+01,3.872708793207589042e+04
2.210416666666666430e+01,3.872708958912587696e+04
2.212500000000000000e+01,3.872709146889883414e+04
2.214583333333333215e+01,3.872709356911635405e+04
2.216666666666666430e+01,3.872709588733988494e+04
2.218750000000000000e+01,3.872709842097293586e+04
2.220833333333333215e+01,3.872710116726250271e+04
2.222916666666666430e+01,3.872710412330120744e+04
2.225000000000000000e+01,3.872710728602938616e+04
2.227083333333333215e+01,3.872711065223735204e+04
2.229166666666666430e+01,3.872711421856747620e+04
2.231250000000000000e+01,3.872711798151684343e+04
2.233333333333333215e+01,3.872712193743967509e+04
2.235416666666666430e+01,3.872712608254980296e+04
2.237500000000000000e+01,3.872713041292368871e+04
2.239583333333333215e+01,3.872713492450293415e+04
2.241666666666666430e+01,3.872713961309735896e+04
2.243750000000000000e+01,3.872714447438815841e+04
2.245833333333333215e+01,3.872714950393064646e+04
2.247916666666666430e+01,3.872715469715782092e+04
2.250000000000000000e+01,3.872716004938345577e+04
2.252083333333333215e+01,3.872716555580557906e+04
2.254166666666666430e+01,3.872717121150993626e+04
2.256250000000000000e+01,3.872717701147343905e+04
2.258333333333333215e+01,3.872718295056798524e+04
2.260416666666666430e+01,3.872718902356401668e+04
2.262500000000000000e+01,3.872719522513449192e+04
2.264583333333333215e+01,3.872720154985855334e+04
2.266666666666666430e+01,3.872720799222560163e+04
2.268750000000000000e+01,3.872721454663934128e+04
2.270833333333333215e+01,3.872722120742166589e+04
2.272916666666666430e+01,3.872722796881708928e+04
2.275000000000000000e+01,3.872723482499676902e+04
2.277083333333333215e+01,3.872724177006276295e+04
2.279166666666666430e+01,3.872724879805246019e+04
2.281250000000000000e+01,3.872725590294286667e+04
2.283333333333333215e+01,3.872726307865521085e+04
2.285416666666666430e+01,3.872727031905901094e+04
2.287500000000000000e+01,3.872727761797716812e+04
2.289583333333333215e+01,3.872728496919012105e+04
2.291666666666666430e+01,3.872729236644064076e+04
2.293750000000000000e+01,3.872729980343828356e+04
2.295833333333333215e+01,3.872730727386446961e+04
2.297916666666666430e+01,3.872731477137675392e+04
2.300000000000000000e+01,3.872732228961383953e+04
2.302083333333333215e+01,3.872732982220026315e+04
2.304166666666666430e+01,3.872733736275130650e+04
2.306250000000000000e+01,3.872734490487770381e+04
2.308333333333333215e+01,3.872735244219047308e+04
2.310416666666666430e+01,3.872735996830592921e+04
2.312500000000000000e+01,3.872736747685047885e+04
2.314583333333333215e+01,3.872737496146548801e+04
2.316666666666666430e+01,3.872738241581228067e+04
2.318750000000000000e+01,3.872738983357700636e+04
2.320833333333333215e+01,3.872739720847554418e+04
2.322916666666666430e+01,3.872740453425855230e+04
2.325000000000000000e+01,3.872741180471640837e+04
2.327083333333333215e+01,3.872741901368396793e+04
2.329166666666666430e+01,3.872742615504573041e+04
2.331250000000000000e+01,3.872743322274076490e+04
2.333333333333333215e+01,3.872744021076759964e+04
2.335416666666666430e+01,3.872744711318911868e+04
2.337500000000000000e+01,3.872745392413762602e+04
2.339583333333333215e+01,3.872746063781974954e+04
2.341666666666666430e+01,3.872746724852130137e+04
2.343750000000000000e+01,3.872747375061213097e+04
2.345833333333333215e+01,3.872748013855115278e+04
2.347916666666666430e+01,3.872748640689108288e+04
2.350000000000000000e+01,3.872749255028308835e+04
2.352083333333333215e+01,3.872749856348182948e+04
2.354166666666666430e+01,3.872750444135002908e+04
2.356250000000000000e+01,3.872751017886296904e+04
2.358333333333333215e+01,3.872751577111311781e+04
2.360416666666666430e+01,3.872752121331443777e+04
2.362500000000000000e+01,3.872752650080684543e+04
2.364583333333333215e+01,3.872753162906029320e+04
2.366666666666666430e+01,3.872753659367838554e+04
2.368750000000000000e+01,3.872754139040250448e+04
2.370833333333333215e+01,3.872754601511506917e+04
2.372916666666666430e+01,3.872755046384268644e+04
2.375000000000000000e+01,3.872755473275908298e+04
2.377083333333333215e+01,3.872755881818741182e+04
2.379166666666666430e+01,3.872756271660244238e+04
2.381250000000000000e+01,3.872756642463197932e+04
2.383333333333333215e+01,3.872756993905799027e+04
2.385416666666666430e+01,3.872757325681717339e+04
2.387500000000000000e+01,3.872757637500071723e+04
2.389583333333333215e+01,3.872757929085382057e+04
2.391666666666666430e+01,3.872758200177434628e+04
2.393750000000000000e+01,3.872758450531092240e+04
2.395833333333333215e+01,3.872758679916053370e+04
2.397916666666666430e+01,3.872758888116563321e+04
2.400000000000000000e+01,3.872759074931075156e+04
2.402083333333333215e+01,3.872759240171850251e+04
2.404166666666666430e+01,3.872759383664593042e+04
2.406250000000000000e+01,3.872759505248021742e+04
2.408333333333333215e+01,3.872759604773479077e+04
2.410416666666666430e+01,3.872759682104569220e+04
2.412500000000000000e+01,3.872759737116811448e+04
2.414583333333333215e+01,3.872759769697392039e+04
2.416666666666666430e+01,3.872759779745000560e+04
2.418750000000000000e+01,3.872759767169733095e+04
2.420833333333333215e+01,3.872759731893131539e+04
2.422916666666666430e+01,3.872759673848343664e+04
2.425000000000000000e+01,3.872759592980425805e+04
2.427083333333333215e+01,3.872759489246708836e+04
2.429166666666666430e+01,3.872759362617366423e+04
2.431250000000000000e+01,3.872759213076000015e+04
2.433333333333333215e+01,3.872759040620391170e+04
2.435416666666666430e+01,3.872758845263224066e+04
2.437500000000000000e+01,3.872758627032915683e+04
2.439583333333333215e+01,3.872758385974400881e+04
2.441666666666666430e+01,3.872758122149910923e+04
2.443750000000000000e+01,3.872757835639656696e+04
2.445833333333333215e+01,3.872757526542472624e+04
2.447916666666666430e+01,3.872757194976347091e+04
2.450000000000000000e+01,3.872756841078757861e+04
2.452083333333333215e+01,3.872756465006962389e+04
2.454166666666666430e+01,3.872756066938096774e+04
2.456250000000000000e+01,3.872755647069148836e+04
2.458333333333333215e+01,3.872755205616787862e+04
2.460416666666666430e+01,3.872754742817104852e+04
2.462500000000000000e+01,3.872754258925226895e+04
2.464583333333333215e+01,3.872753754214879154e+04
2.466666666666666430e+01,3.872753228977860999e+04
2.468750000000000000e+01,3.872752683523500309e+04
2.470833333333333215e+01,3.872752118178111414e+04
2.472916666666666430e+01,3.872751533284413017e+04
2.475000000000000000e+01,3.872750929200991231e+04
2.477083333333333215e+01,3.872750306301764067e+04
2.479166666666666430e+01,3.872749664975506312e+04
2.481250000000000000e+01,3.872749005625372956e+04
2.483333333333333215e+01,3.872748328668480826e+04
2.485416666666666430e+01,3.872747634535486577e+04
2.487500000000000000e+01,3.872746923670238175e+04
2.489583333333333215e+01,3.872746196529390727e+04
2.491666666666666430e+01,3.872745453582051414e+04
2.493750000000000000e+01,3.872744695309452800e+04
2.495833333333333215e+01,3.872743922204584669e+04
2.497916666666666430e+01,3.872743134771836776e+04
2.500000000000000000e+01,3.872742333526649600e+04
2.502083333333333215e+01,3.872741518995111255e+04
2.504166666666666430e+01,3.872740691713594424e+04
2.506250000000000000e+01,3.872739852228345262e+04
2.508333333333333215e+01,3.872739001095097774e+04
2.510416666666666430e+01,3.872738138878637983e+04
2.512500000000000000e+01,3.872737266152406664e+04
2.514583333333333215e+01,3.872736383498105715e+04
2.516666666666666430e+01,3.872735491505255050e+04
2.518750000000000000e+01,3.872734590770820796e+04
2.520833333333333215e+01,3.872733681898786745e+04
2.522916666666666430e+01,3.872732765499784000e+04
2.525000000000000000e+01,3.872731842190680618e+04
2.527083333333333215e+01,3.872730912594205438e+04
2.529166666666666430e+01,3.872729977338554454e+04
2.531250000000000000e+01,3.872729037057006644e+04
2.533333333333333215e+01,3.872728092387525248e+04
2.535416666666666430e+01,3.872727143972376507e+04
2.537500000000000000e+01,3.872726192457732395e+04
2.539583333333333215e+01,3.872725238493255893e+04
2.541666666666666430e+01,3.872724282731681160e+04
2.543750000000000000e+01,3.872723325828430097e+04
2.545833333333333215e+01,3.872722368441149592e+04
2.547916666666666430e+01,3.872721411229300429e+04
2.550000000000000000e+01,3.872720454853718547e+04
2.552083333333333215e+01,3.872719499976181396e+04
2.554166666666666430e+01,3.872718547258952458e+04
2.556250000000000000e+01,3.872717597364349785e+04
2.558333333333333215e+01,3.872716650954308716e+04
2.560416666666666430e+01,3.872715708689924213e+04
2.562500000000000000e+01,3.872714771231020131e+04
2.564583333333333215e+01,3.872713839235703927e+04
2.566666666666666430e+01,3.872712913359944650e+04
2.568750000000000000e+01,3.872711994257109473e+04
2.570833333333333215e+01,3.872711082577574416e+04
2.572916666666666430e+01,3.872710178968233231e+04
2.575000000000000000e+01,3.872709284072136506e+04
2.577083333333333215e+01,3.872708398528009275e+04
2.579166666666666430e+01,3.872707522969855927e+04
2.581250000000000000e+01,3.872706658026513469e+04
2.583333333333333215e+01,3.872705804321252072e+04
2.585416666666666430e+01,3.872704962471331237e+04
2.587500000000000000e+01,3.872704133087594528e+04
2.589583333333333215e+01,3.872703316774040286e+04
2.591666666666666430e+01,3.872702514127411268e+04
2.593750000000000000e+01,3.872701725736788649e+04
2.595833333333333215e+01,3.872700952183171466e+04
2.597916666666666430e+01,3.872700194039085181e+04
2.600000000000000000e+01,3.872699451868176402e+04
2.602083333333333215e+01,3.872698726224819256e+04
2.604166666666666430e+01,3.872698017653735587e+04
2.606250000000000000e+01,3.872697326689606416e+04
2.608333333333333215e+01,3.872696653856696503e+04
2.610416666666666430e+01,3.872695999668492732e+04
2.612500000000000000e+01,3.872695364627343224e+04
2.614583333333333215e+01,3.872694749224104453e+04
2.616666666666666430e+01,3.872694153937779629e+04
2.618750000000000000e+01,3.872693579235202196e+04
2.620833333333333215e+01,3.872693025570681493e+04
2.622916666666666430e+01,3.872692493385710986e+04
2.625000000000000000e+01,3.872691983108605200e+04
2.627083333333333215e+01,3.872691495154234872e+04
2.629166666666666430e+01,3.872691029923695169e+04
2.631250000000000000e+01,3.872690587804032839e+04
2.633333333333333215e+01,3.872690169167952990e+04
2.635416666666666430e+01,3.872689774373549881e+04
2.637500000000000000e+01,3.872689403764033341e+04
2.639583333333333215e+01,3.872689057667476300e+04
2.641666666666666430e+01,3.872688736396573222e+04
2.643750000000000000e+01,3.872688440248400002e+04
2.645833333333333215e+01,3.872688169504184043e+04
2.647916666666666430e+01,3.872687924429104896e+04
2.650000000000000000e+01,3.872687705272057792e+04
2.652083333333333215e+01,3.872687512265495752e+04
2.654166666666666430e+01,3.872687345625213493e+04
2.656250000000000000e+01,3.872687205550202634e+04
2.658333333333333215e+01,3.872687092222476349e+04
2.660416666666666430e+01,3.872687005806916568e+04
2.662500000000000000e+01,3.872686946451147378e+04
2.664583333333333215e+01,3.872686914285396051e+04
2.666666666666666430e+01,3.872686909422378085e+04
2.668750000000000000e+01,3.872686931957206980e+04
2.670833333333333215e+01,3.872686981967280735e+04
2.672916666666666430e+01,3.872687059512222913e+04
2.675000000000000000e+01,3.872687164633793873e+04
2.677083333333333215e+01,3.872687297355844203e+04
2.679166666666666430e+01,3.872687457684268156e+04
2.681250000000000000e+01,3.872687645606975275e+04
2.683333333333333215e+01,3.872687861093860556e+04
2.685416666666666430e+01,3.872688104096794268e+04
2.687500000000000000e+01,3.872688374549643777e+04
2.689583333333333215e+01,3.872688672368281550e+04
2.691666666666666430e+01,3.872688997450592433e+04
2.693750000000000000e+01,3.872689349676546408e+04
2.695833333333333215e+01,3.872689728908230609e+04
2.697916666666666430e+01,3.872690134989925718e+04
2.700000000000000000e+01,3.872690567748191825e+04
2.702083333333333215e+01,3.872691026991920808e+04
2.704166666666666430e+01,3.872691512512484042e+04
2.706250000000000000e+01,3.872692024083825527e+04
2.708333333333333215e+01,3.872692561462583399e+04
2.710416666666666430e+01,3.872693124388243450e+04
2.712500000000000000e+01,3.872693712583270826e+04
2.714583333333333215e+01,3.872694325753299927e+04
2.716666666666666430e+01,3.872694963587272650e+04
2.718750000000000000e+01,3.872695625757648668e+04
2.720833333333333215e+01,3.872696311920604057e+04
2.722916666666666430e+01,3.872697021716233576e+04
2.725000000000000000e+01,3.872697754768757295e+04
2.727083333333333215e+01,3.872698510686762165e+04
2.729166666666666430e+01,3.872699289063471224e+04
2.731250000000000000e+01,3.872700089476945868e+04
2.733333333333333215e+01,3.872700911490397266e+04
2.735416666666666430e+01,3.872701754652419913e+04
2.737500000000000000e+01,3.872702618497306685e+04
2.739583333333333215e+01,3.872703502545336232e+04
2.741666666666666430e+01,3.872704406303068390e+04
2.743750000000000000e+01,3.872705329263680323e+04
2.745833333333333215e+01,3.872706270907261933e+04
2.747916666666666430e+01,3.872707230701174558e+04
2.750000000000000000e+01,3.872708208100378397e+04
2.752083333333333215e+01,3.872709202547805035e+04
2.754166666666666430e+01,3.872710213474696502e+04
2.756250000000000000e+01,3.872711240300979262e+04
2.758333333333333215e+01,3.872712282435653469e+04
2.760416666666666430e+01,3.872713339277164778e+04
2.762500000000000000e+01,3.872714410213816154e+04
2.764583333333333215e+01,3.872715494624133862e+04
2.766666666666666430e+01,3.872716591877313476e+04
2.768750000000000000e+01,3.872717701333616424e+04
2.770833333333333215e+01,3.872718822344790533e+04
2.772916666666666430e+01,3.872719954254489130e+04
2.775000000000000000e+01,3.872721096398732334e+04
2.777083333333333215e+01,3.872722248106310872e+04
2.779166666666666430e+01,3.872723408699255378e+04
2.781250000000000000e+01,3.872724577493270772e+04
2.783333333333333215e+01,3.872725753798199730e+04
2.785416666666666430e+01,3.872726936918472347e+04
2.787500000000000000e+01,3.872728126153565972e+04
2.789583333333333215e+01,3.872729320798486151e+04
2.791666666666666430e+01,3.872730520144208276e+04
2.793750000000000000e+01,3.872731723478170898e+04
2.795833333333333215e+01,3.872732930084750114e+04
2.797916666666666430e+01,3.872734139245700499e+04
2.800000000000000000e+01,3.872735350240678963e+04
2.802083333333333215e+01,3.872736562347692961e+04
2.804166666666666430e+01,3.872737774843577063e+04
2.806250000000000000e+01,3.872738987004497176e+04
2.808333333333333215e+01,3.872740198106402386e+04
2.810416666666666430e+01,3.872741407425510988e+04
2.812500000000000000e+01,3.872742614238801616e+04
2.814583333333333215e+01,3.872743817824474536e+04
2.816666666666666430e+01,3.872745017462429678e+04
2.818750000000000000e+01,3.872746212434734480e+04
2.820833333333333215e+01,3.872747402026112832e+04
2.822916666666666430e+01,3.872748585524393275e+04
2.825000000000000000e+01,3.872749762220972480e+04
2.827083333333333215e+01,3.872750931411286001e+04
2.829166666666666430e+01,3.872752092395263753e+04
2.831250000000000000e+01,3.872753244477773114e+04
2.833333333333333215e+01,3.872754386969070765e+04
2.835416666666666430e+01,3.872755519185244339e+04
2.837500000000000000e+01,3.872756640448656981e+04
2.839583333333333215e+01,3.872757750088376633e+04
2.841666666666666430e+01,3.872758847440579848e+04
2.843750000000000000e+01,3.872759931849018176e+04
2.845833333333333215e+01,3.872761002665397973e+04
2.847916666666666430e+01,3.872762059249807498e+04
2.850000000000000000e+01,3.872763100971124368e+04
2.852083333333333215e+01,3.872764127207414276e+04
2.854166666666666430e+01,3.872765137346336269e+04
2.856250000000000000e+01,3.872766130785530549e+04
2.858333333333333215e+01,3.872767106933025207e+04
2.860416666666666430e+01,3.872768065207624750e+04
2.862500000000000000e+01,3.872769005039297917e+04
2.864583333333333215e+01,3.872769925869580038e+04
2.866666666666666430e+01,3.872770827151987032e+04
2.868750000000000000e+01,3.872771708352383575e+04
2.870833333333333215e+01,3.872772568949418928e+04
2.872916666666666430e+01,3.872773408434948215e+04
2.875000000000000000e+01,3.872774226314434054e+04
2.877083333333333215e+01,3.872775022107414406e+04
2.879166666666666430e+01,3.872775795347923849e+04
2.881250000000000000e+01,3.872776545584978157e+04
2.883333333333333215e+01,3.872777272383045056e+04
2.885416666666666430e+01,3.872777975322525162e+04
2.887500000000000000e+01,3.872778654000267125e+04
2.889583333333333215e+01,3.872779308030073298e+04
2.891666666666666430e+01,3.872779937043225073e+04
2.893750000000000000e+01,3.872780540689011104e+04
2.895833333333333215e+01,3.872781118635260646e+04
2.897916666666666430e+01,3.872781670568836125e+04
2.900000000000000000e+01,3.872782196196191217e+04
2.902083333333333215e+01,3.872782695243822673e+04
2.904166666666666430e+01,3.872783167458744720e+04
2.906250000000000000e+01,3.872783612608893600e+04
2.908333333333333215e+01,3.872784030483515380e+04
2.910416666666666430e+01,3.872784420893462811e+04
2.912500000000000000e+01,3.872784783671449259e+04
2.914583333333333215e+01,3.872785118672200770e+04
2.916666666666666430e+01,3.872785425772515009e+04
2.918750000000000000e+01,3.872785704871288908e+04
2.920833333333333215e+01,3.872785955889360775e+04
2.922916666666666430e+01,3.872786178769338585e+04
2.925000000000000000e+01,3.872786373475281289e+04
2.927083333333333215e+01,3.872786539992311737e+04
2.929166666666666430e+01,3.872786678326153924e+04
2.931250000000000000e+01,3.872786788502587297e+04
2.933333333333333215e+01,3.872786870566868311e+04
2.935416666666666430e+01,3.872786924583067594e+04
2.937500000000000000e+01,3.872786950633439119e+04
2.939583333333333215e+01,3.872786948817746452e+04
2.941666666666666430e+01,3.872786919252594089e+04
2.943750000000000000e+01,3.872786862070814823e+04
2.945833333333333215e+01,3.872786777420881117e+04
2.947916666666666430e+01,3.872786665466348495e+04
2.950000000000000000e+01,3.872786526385390607e+04
2.952083333333333215e+01,3.872786360370377952e+04
2.954166666666666430e+01,3.872786167627551913e+04
2.956250000000000000e+01,3.872785948376713350e+04
2.958333333333333215e+01,3.872785702851039969e+04
2.960416666666666430e+01,3.872785431296916795e+04
2.962500000000000000e+01,3.872785133973809570e+04
2.964583333333333215e+01,3.872784811154227646e+04
2.966666666666666430e+01,3.872784463123662863e+04
2.968750000000000000e+01,3.872784090180569910e+04
2.970833333333333215e+01,3.872783692636361229e+04
2.972916666666666430e+01,3.872783270815382275e+04
2.975000000000000000e+01,3.872782825054907153e+04
2.977083333333333215e+01,3.872782355705092777e+04
2.979166666666666430e+01,3.872781863128925761e+04
2.981250000000000000e+01,3.872781347702156199e+04
2.983333333333333215e+01,3.872780809813195083e+04
2.985416666666666430e+01,3.872780249863007339e+04
2.987500000000000000e+01,3.872779668264948850e+04
2.989583333333333215e+01,3.872779065444620937e+04
2.991666666666666430e+01,3.872778441839694278e+04
2.993750000000000000e+01,3.872777797899695724e+04
2.995833333333333215e+01,3.872777134085802390e+04
2.997916666666666430e+01,3.872776450870621193e+04
3.000000000000000000e+01,3.872775748737958202e+04
3.002083333333333215e+01,3.872775028182542155e+04
3.004166666666666430e+01,3.872774289709805453e+04
3.006250000000000000e+01,3.872773533835579292e+04
3.008333333333333215e+01,3.872772761085831735e+04
3.010416666666666430e+01,3.872771971996375942e+04
3.012500000000000000e+01,3.872771167112570402e+04
3.014583333333333215e+01,3.872770346988981328e+04
3.016666666666666430e+01,3.872769512189084344e+04
3.018750000000000000e+01,3.872768663284913055e+04
3.020833333333333215e+01,3.872767800856702524e+04
3.022916666666666430e+01,3.872766925492532755e+04
3.025000000000000000e+01,3.872766037787950336e+04
3.027083333333333215e+01,3.872765138345585001e+04
3.029166666666666430e+01,3.872764227774762549e+04
3.031250000000000000e+01,3.872763306691091566e+04
3.033333333333333215e+01,3.872762375716070528e+04
3.035416666666666430e+01,3.872761435476652696e+04
3.037500000000000000e+01,3.872760486604856123e+04
3.039583333333333215e+01,3.872759529737318371e+04
3.041666666666666430e+01,3.872758565514882503e+04
3.043750000000000000e+01,3.872757594582169259e+04
3.045833333333333215e+01,3.872756617587144137e+04
3.047916666666666430e+01,3.872755635180690297e+04
3.050000000000000000e+01,3.872754648016174906e+04
3.052083333333333215e+01,3.872753656749024958e+04
3.054166666666666430e+01,3.872752662036260153e+04
3.056250000000000000e+01,3.872751664536091266e+04
3.058333333333333215e+01,3.872750664907469763e+04
3.060416666666666430e+01,3.872749663809640333e+04
3.062500000000000000e+01,3.872748661901705782e+04
3.064583333333333215e+01,3.872747659842180292e+04
3.066666666666666430e+01,3.872746658288563049e+04
3.068750000000000000e+01,3.872745657896870398e+04
3.070833333333333215e+01,3.872744659321208746e+04
3.072916666666666430e+01,3.872743663213337277e+04
3.075000000000000000e+01,3.872742670222211746e+04
3.077083333333333215e+01,3.872741680993550108e+04
3.079166666666666430e+01,3.872740696169411240e+04
3.081250000000000000e+01,3.872739716387733642e+04
3.083333333333333215e+01,3.872738742281927989e+04
3.085416666666666430e+01,3.872737774480439111e+04
3.087500000000000000e+01,3.872736813606309443e+04
3.089583333333333215e+01,3.872735860276782478e+04
3.091666666666666430e+01,3.872734915102871310e+04
3.093750000000000000e+01,3.872733978688947536e+04
3.095833333333333215e+01,3.872733051632323622e+04
3.097916666666666430e+01,3.872732134522876731e+04
3.100000000000000000e+01,3.872731227942625264e+04
3.102083333333333215e+01,3.872730332465338142e+04
3.104166666666666430e+01,3.872729448656159366e+04
3.106250000000000000e+01,3.872728577071214386e+04
3.108333333333333215e+01,3.872727718257237575e+04
3.110416666666666430e+01,3.872726872751195333e+04
3.112500000000000000e+01,3.872726041079923743e+04
3.114583333333333215e+01,3.872725223759774963e+04
3.116666666666666430e+01,3.872724421296260698e+04
3.118750000000000000e+01,3.872723634183716058e+04
3.120833333333333215e+01,3.872722862904947397e+04
3.122916666666666430e+01,3.872722107930912171e+04
3.125000000000000000e+01,3.872721369720398070e+04
3.127083333333333215e+01,3.872720648719724704e+04
3.129166666666666430e+01,3.872719945362404542e+04
3.131250000000000000e+01,3.872719260068873700e+04
3.133333333333333215e+01,3.872718593246200908e+04
3.135416666666666430e+01,3.872717945287810289e+04
3.137500000000000000e+01,3.872717316573208518e+04
3.139583333333333215e+01,3.872716707467722881e+04
3.141666666666666430e+01,3.872716118322258262e+04
3.143750000000000000e+01,3.872715549473063584e+04
3.145833333333333215e+01,3.872715001241484424e+04
3.147916666666666430e+01,3.872714473933751287e+04
3.150000000000000000e+01,3.872713967840791156e+04
3.152083333333333215e+01,3.872713483237983019e+04
3.154166666666666430e+01,3.872713020385006530e+04
3.156250000000000000e+01,3.872712579525660840e+04
3.158333333333333215e+01,3.872712160887679056e+04
3.160416666666666430e+01,3.872711764682581270e+04
3.162500000000000000e+01,3.872711391105539951e+04
3.164583333333333215e+01,3.872711040335224970e+04
3.166666666666666430e+01,3.872710712533708283e+04
3.168750000000000000e+01,3.872710407846331509e+04
3.170833333333333215e+01,3.872710126401604794e+04
3.172916666666666430e+01,3.872709868311144965e+04
3.175000000000000000e+01,3.872709633669565665e+04
3.177083333333333215e+01,3.872709422554452613e+04
3.179166666666666430e+01,3.872709235026270471e+04
3.181250000000000000e+01,3.872709071128347568e+04
3.183333333333333215e+01,3.872708930886842427e+04
3.185416666666666430e+01,3.872708814310734306e+04
3.187500000000000000e+01,3.872708721391800646e+04
3.189583333333333215e+01,3.872708652104641078e+04
3.191666666666666430e+01,3.872708606406699255e+04
3.193750000000000000e+01,3.872708584238273761e+04
3.195833333333333215e+01,3.872708585522592330e+04
3.197916666666666430e+01,3.872708610165843857e+04
3.200000000000000000e+01,3.872708658057248249e+04
3.202083333333332860e+01,3.872708729069158289e+04
3.204166666666666430e+01,3.872708823057125119e+04
3.206250000000000000e+01,3.872708939860016835e+04
3.208333333333332860e+01,3.872709079300134181e+04
3.210416666666666430e+01,3.872709241183329141e+04
3.212500000000000000e+01,3.872709425299157738e+04
3.214583333333332860e+01,3.872709631421008817e+04
3.216666666666666430e+01,3.872709859306311409e+04
3.218750000000000000e+01,3.872710108696647512e+04
3.220833333333332860e+01,3.872710379317983461e+04
3.222916666666666430e+01,3.872710670880859107e+04
3.225000000000000000e+01,3.872710983080576261e+04
3.227083333333332860e+01,3.872711315597451176e+04
3.229166666666666430e+01,3.872711668096990616e+04
3.231250000000000000e+01,3.872712040230208368e+04
3.233333333333332860e+01,3.872712431633796950e+04
3.235416666666666430e+01,3.872712841930450668e+04
3.237500000000000000e+01,3.872713270729104988e+04
3.239583333333332860e+01,3.872713717625224672e+04
3.241666666666666430e+01,3.872714182201107178e+04
3.243750000000000000e+01,3.872714664026166429e+04
3.245833333333332860e+01,3.872715162657255132e+04
3.247916666666666430e+01,3.872715677638984198e+04
3.250000000000000000e+01,3.872716208504051610e+04
3.252083333333332860e+01,3.872716754773577122e+04
3.254166666666666430e+01,3.872717315957460960e+04
3.256250000000000000e+01,3.872717891554719972e+04
3.258333333333332860e+01,3.872718481053872529e+04
3.260416666666666430e+01,3.872719083933289949e+04
3.262500000000000000e+01,3.872719699661605409e+04
3.264583333333332860e+01,3.872720327698061737e+04
3.266666666666666430e+01,3.872720967492945783e+04
3.268750000000000000e+01,3.872721618487958040e+04
3.270833333333332860e+01,3.872722280116639013e+04
3.272916666666666430e+01,3.872722951804781769e+04
3.275000000000000000e+01,3.872723632970845938e+04
3.277083333333332860e+01,3.872724323026389902e+04
3.279166666666666430e+01,3.872725021376505902e+04
3.281250000000000000e+01,3.872725727420255134e+04
3.283333333333332860e+01,3.872726440551111591e+04
3.285416666666666430e+01,3.872727160157398612e+04
3.287500000000000000e+01,3.872727885622770555e+04
3.289583333333332860e+01,3.872728616326643532e+04
3.291666666666666430e+01,3.872729351644671260e+04
3.293750000000000000e+01,3.872730090949200530e+04
3.295833333333332860e+01,3.872730833609747060e+04
3.297916666666666430e+01,3.872731578993467701e+04
3.300000000000000000e+01,3.872732326465638471e+04
3.302083333333332860e+01,3.872733075390118756e+04
3.304166666666666430e+01,3.872733825129854813e+04
3.306250000000000000e+01,3.872734575047335966e+04
3.308333333333332860e+01,3.872735324505119206e+04
3.310416666666666430e+01,3.872736072866270115e+04
3.312500000000000000e+01,3.872736819494883821e+04
3.314583333333332860e+01,3.872737563756568125e+04
3.316666666666666430e+01,3.872738305018933897e+04
3.318750000000000000e+01,3.872739042652086209e+04
3.320833333333332860e+01,3.872739776029127097e+04
3.322916666666666430e+01,3.872740504526634322e+04
3.325000000000000000e+01,3.872741227525166323e+04
3.327083333333332860e+01,3.872741944409770076e+04
3.329166666666666430e+01,3.872742654570448212e+04
3.331250000000000000e+01,3.872743357402670517e+04
3.333333333333332860e+01,3.872744052307870152e+04
3.335416666666666430e+01,3.872744738693924592e+04
3.337500000000000000e+01,3.872745415975661308e+04
3.339583333333332860e+01,3.872746083575335797e+04
3.341666666666666430e+01,3.872746740923131438e+04
3.343750000000000000e+01,3.872747387457623699e+04
3.345833333333332860e+01,3.872748022626287275e+04
3.347916666666666430e+01,3.872748645885947917e+04
3.350000000000000000e+01,3.872749256703275023e+04
3.352083333333332860e+01,3.872749854555233469e+04
3.354166666666666430e+01,3.872750438929538359e+04
3.356250000000000000e+01,3.872751009325120685e+04
3.358333333333332860e+01,3.872751565252544242e+04
3.360416666666666430e+01,3.872752106234442908e+04
3.362500000000000000e+01,3.872752631805916462e+04
3.364583333333332860e+01,3.872753141514941672e+04
3.366666666666666430e+01,3.872753634922728088e+04
3.368750000000000000e+01,3.872754111604072386e+04
3.370833333333332860e+01,3.872754571147663955e+04
3.372916666666666430e+01,3.872755013156411587e+04
3.375000000000000000e+01,3.872755437247666850e+04
3.377083333333332860e+01,3.872755843053455465e+04
3.379166666666666430e+01,3.872756230220662110e+04
3.381250000000000000e+01,3.872756598411157756e+04
3.383333333333332860e+01,3.872756947301893524e+04
3.385416666666666430e+01,3.872757276584952342e+04
3.387500000000000000e+01,3.872757585967498744e+04
3.389583333333332860e+01,3.872757875171752676e+04
3.391666666666666430e+01,3.872758143934862164e+04
3.393750000000000000e+01,3.872758392008738883e+04
3.395833333333332860e+01,3.872758619159839873e+04
3.397916666666666430e+01,3.872758825168933981e+04
3.400000000000000000e+01,3.872759009830803552e+04
3.402083333333332860e+01,3.872759172953962116e+04
3.404166666666666430e+01,3.872759314360331337e+04
3.406250000000000000e+01,3.872759433884896134e+04
3.408333333333332860e+01,3.872759531375458755e+04
3.410416666666666430e+01,3.872759606692339003e+04
3.412500000000000000e+01,3.872759659708169056e+04
3.414583333333332860e+01,3.872759690307711571e+04
3.416666666666666430e+01,3.872759698387814569e+04
3.418750000000000000e+01,3.872759683857372147e+04
3.420833333333332860e+01,3.872759646637453261e+04
3.422916666666666430e+01,3.872759586661479989e+04
3.425000000000000000e+01,3.872759503875532391e+04
3.427083333333332860e+01,3.872759398238741414e+04
3.429166666666666430e+01,3.872759269723760372e+04
3.431250000000000000e+01,3.872759118317344110e+04
3.433333333333332860e+01,3.872758944020932540e+04
3.435416666666666430e+01,3.872758746851328760e+04
3.437500000000000000e+01,3.872758526841332787e+04
3.439583333333332860e+01,3.872758284040437866e+04
3.441666666666666430e+01,3.872758018515423464e+04
3.443750000000000000e+01,3.872757730350911152e+04
3.445833333333332860e+01,3.872757419649895746e+04
3.447916666666666430e+01,3.872757086534109112e+04
3.450000000000000000e+01,3.872756731144312653e+04
3.452083333333332860e+01,3.872756353640503221e+04
3.454166666666666430e+01,3.872755954201953136e+04
3.456250000000000000e+01,3.872755533027186175e+04
3.458333333333332860e+01,3.872755090333809494e+04
3.460416666666666430e+01,3.872754626358288806e+04
3.462500000000000000e+01,3.872754141355620231e+04
3.464583333333332860e+01,3.872753635598946130e+04
3.466666666666666430e+01,3.872753109379115631e+04
3.468750000000000000e+01,3.872752563004218973e+04
3.470833333333332860e+01,3.872751996799115295e+04
3.472916666666666430e+01,3.872751411104936415e+04
3.475000000000000000e+01,3.872750806278604432e+04
3.477083333333332860e+01,3.872750182692347880e+04
3.479166666666666430e+01,3.872749540733286995e+04
3.481250000000000000e+01,3.872748880802963686e+04
3.483333333333332860e+01,3.872748203316958097e+04
3.485416666666666430e+01,3.872747508704471693e+04
3.487500000000000000e+01,3.872746797407972917e+04
3.489583333333332860e+01,3.872746069882805750e+04
3.491666666666666430e+01,3.872745326596845553e+04
3.493750000000000000e+01,3.872744568030140363e+04
3.495833333333332860e+01,3.872743794674530363e+04
3.497916666666666430e+01,3.872743007033301546e+04
3.500000000000000000e+01,3.872742205620802270e+04
3.502083333333332860e+01,3.872741390962070000e+04
3.504166666666666430e+01,3.872740563592438411e+04
3.506250000000000000e+01,3.872739724057152489e+04
3.508333333333332860e+01,3.872738872910961800e+04
3.510416666666666430e+01,3.872738010717706493e+04
3.512500000000000000e+01,3.872737138049946952e+04
3.514583333333332860e+01,3.872736255488531606e+04
3.516666666666666430e+01,3.872735363622198929e+04
3.518750000000000000e+01,3.872734463047177269e+04
3.520833333333332860e+01,3.872733554366777389e+04
3.522916666666666430e+01,3.872732638191024307e+04
3.525000000000000000e+01,3.872731715136238199e+04
3.527083333333332860e+01,3.872730785824632767e+04
3.529166666666666430e+01,3.872729850883944891e+04
3.531250000000000000e+01,3.872728910947027907e+04
3.533333333333332860e+01,3.872727966651448514e+04
3.535416666666666430e+01,3.872727018639109883e+04
3.537500000000000000e+01,3.872726067555818008e+04
3.539583333333332860e+01,3.872725114050879347e+04
3.541666666666666430e+01,3.872724158776691183e+04
3.543750000000000000e+01,3.872723202388323261e+04
3.545833333333332860e+01,3.872722245543083409e+04
3.547916666666666430e+01,3.872721288900083891e+04
3.550000000000000000e+01,3.872720333119812858e+04
3.552083333333332860e+01,3.872719378863700695e+04
3.554166666666666430e+01,3.872718426793670369e+04
3.556250000000000000e+01,3.872717477571704512e+04
3.558333333333332860e+01,3.872716531859395764e+04
3.560416666666666430e+01,3.872715590317509486e+04
3.562500000000000000e+01,3.872714653605562489e+04
3.564583333333332860e+01,3.872713722381343541e+04
3.566666666666666430e+01,3.872712797300505190e+04
3.568750000000000000e+01,3.872711879016139574e+04
3.570833333333332860e+01,3.872710968178307667e+04
3.572916666666666430e+01,3.872710065433632553e+04
3.575000000000000000e+01,3.872709171424857050e+04
3.577083333333332860e+01,3.872708286790422426e+04
3.579166666666666430e+01,3.872707412164045672e+04
3.581250000000000000e+01,3.872706548174272029e+04
3.583333333333332860e+01,3.872705695444058074e+04
3.585416666666666430e+01,3.872704854590360628e+04
3.587500000000000000e+01,3.872704026223714754e+04
3.589583333333332860e+01,3.872703210947806656e+04
3.591666666666666430e+01,3.872702409359048033e+04
3.593750000000000000e+01,3.872701622046195553e+04
3.595833333333332860e+01,3.872700849589909922e+04
3.597916666666666430e+01,3.872700092562389182e+04
3.600000000000000000e+01,3.872699351526937244e+04
3.602083333333332860e+01,3.872698627037590632e+04
3.604166666666666430e+01,3.872697919638718304e+04
3.606250000000000000e+01,3.872697229864663677e+04
3.608333333333332860e+01,3.872696558239345904e+04
3.610416666666666430e+01,3.872695905275905534e+04
3.612500000000000000e+01,3.872695271476334892e+04
3.614583333333332860e+01,3.872694657331131748e+04
3.616666666666666430e+01,3.872694063318953704e+04
3.618750000000000000e+01,3.872693489906276227e+04
3.620833333333332860e+01,3.872692937547043402e+04
3.622916666666666430e+01,3.872692406682373257e+04
3.625000000000000000e+01,3.872691897740222339e+04
3.627083333333332860e+01,3.872691411135077942e+04
3.629166666666666430e+01,3.872690947267659794e+04
3.631250000000000000e+01,3.872690506524627563e+04
3.633333333333332860e+01,3.872690089278294909e+04
3.635416666666666430e+01,3.872689695886364643e+04
3.637500000000000000e+01,3.872689326691654423e+04
3.639583333333332860e+01,3.872688982021831180e+04
3.641666666666666430e+01,3.872688662189188472e+04
3.643750000000000000e+01,3.872688367490395467e+04
3.645833333333332860e+01,3.872688098206267023e+04
3.647916666666666430e+01,3.872687854601569416e+04
3.650000000000000000e+01,3.872687636924787512e+04
3.652083333333332860e+01,3.872687445407950145e+04
3.654166666666666430e+01,3.872687280266436574e+04
3.656250000000000000e+01,3.872687141698811320e+04
3.658333333333332860e+01,3.872687029886663368e+04
3.660416666666666430e+01,3.872686944994450459e+04
3.662500000000000000e+01,3.872686887169352121e+04
3.664583333333332860e+01,3.872686856541169254e+04
3.666666666666666430e+01,3.872686853222183709e+04
3.668750000000000000e+01,3.872686877307060786e+04
3.670833333333332860e+01,3.872686928872756107e+04
3.672916666666666430e+01,3.872687007978445763e+04
3.675000000000000000e+01,3.872687114665442641e+04
3.677083333333332860e+01,3.872687248957149859e+04
3.679166666666666430e+01,3.872687410859005468e+04
3.681250000000000000e+01,3.872687600358456984e+04
3.683333333333332860e+01,3.872687817424938112e+04
3.685416666666666430e+01,3.872688062009877467e+04
3.687500000000000000e+01,3.872688334046668024e+04
3.689583333333332860e+01,3.872688633450710040e+04
3.691666666666666430e+01,3.872688960119438707e+04
3.693750000000000000e+01,3.872689313932348159e+04
3.695833333333332860e+01,3.872689694751059142e+04
3.697916666666666430e+01,3.872690102419388859e+04
3.700000000000000000e+01,3.872690536763412092e+04
3.702083333333332860e+01,3.872690997591564519e+04
3.704166666666666430e+01,3.872691484694740939e+04
3.706250000000000000e+01,3.872691997846402955e+04
3.708333333333332860e+01,3.872692536802728137e+04
3.710416666666666430e+01,3.872693101302711148e+04
3.712500000000000000e+01,3.872693691068361659e+04
3.714583333333332860e+01,3.872694305804819305e+04
3.716666666666666430e+01,3.872694945200560323e+04
3.718750000000000000e+01,3.872695608927570720e+04
3.720833333333332860e+01,3.872696296641541267e+04
3.722916666666666430e+01,3.872697007982091600e+04
3.725000000000000000e+01,3.872697742572971765e+04
3.727083333333332860e+01,3.872698500022296503e+04
3.729166666666666430e+01,3.872699279922802089e+04
3.731250000000000000e+01,3.872700081852095900e+04
3.733333333333332860e+01,3.872700905372900888e+04
3.735416666666666430e+01,3.872701750033348071e+04
3.737500000000000000e+01,3.872702615367257386e+04
3.739583333333332860e+01,3.872703500894448371e+04
3.741666666666666430e+01,3.872704406121017382e+04
3.743750000000000000e+01,3.872705330539667921e+04
3.745833333333332860e+01,3.872706273630032229e+04
3.747916666666666430e+01,3.872707234859022719e+04
3.750000000000000000e+01,3.872708213681143388e+04
3.752083333333332860e+01,3.872709209538867435e+04
3.754166666666666430e+01,3.872710221862990147e+04
3.756250000000000000e+01,3.872711250073002157e+04
3.758333333333332860e+01,3.872712293577453238e+04
3.760416666666666430e+01,3.872713351774360490e+04
3.762500000000000000e+01,3.872714424051588867e+04
3.764583333333332860e+01,3.872715509787243354e+04
3.766666666666666430e+01,3.872716608350097522e+04
3.768750000000000000e+01,3.872717719099997339e+04
3.770833333333332860e+01,3.872718841388275177e+04
3.772916666666666430e+01,3.872719974558192189e+04
3.775000000000000000e+01,3.872721117945355945e+04
3.777083333333332860e+01,3.872722270878180279e+04
3.779166666666666430e+01,3.872723432678312383e+04
3.781250000000000000e+01,3.872724602661078097e+04
3.783333333333332860e+01,3.872725780135956302e+04
3.785416666666666430e+01,3.872726964407017658e+04
3.787500000000000000e+01,3.872728154773397546e+04
3.789583333333332860e+01,3.872729350529752264e+04
3.791666666666666430e+01,3.872730550966744340e+04
3.793750000000000000e+01,3.872731755371485633e+04
3.795833333333332860e+01,3.872732963028037921e+04
3.797916666666666430e+01,3.872734173217882199e+04
3.800000000000000000e+01,3.872735385220374883e+04
3.802083333333332860e+01,3.872736598313257127e+04
3.804166666666666430e+01,3.872737811773111753e+04
3.806250000000000000e+01,3.872739024875858013e+04
3.808333333333332860e+01,3.872740236897212890e+04
3.810416666666666430e+01,3.872741447113186587e+04
3.812500000000000000e+01,3.872742654800549644e+04
3.814583333333332860e+01,3.872743859237316065e+04
3.816666666666666430e+01,3.872745059703218431e+04
3.818750000000000000e+01,3.872746255480169930e+04
3.820833333333332860e+01,3.872747445852749661e+04
3.822916666666666430e+01,3.872748630108654470e+04
3.825000000000000000e+01,3.872749807539171888e+04
3.827083333333332860e+01,3.872750977439637791e+04
3.829166666666666430e+01,3.872752139109897689e+04
3.831250000000000000e+01,3.872753291854737472e+04
3.833333333333332860e+01,3.872754434984343970e+04
3.835416666666666430e+01,3.872755567814753158e+04
3.837500000000000000e+01,3.872756689668270701e+04
3.839583333333332860e+01,3.872757799873907788e+04
3.841666666666666430e+01,3.872758897767794406e+04
3.843750000000000000e+01,3.872759982693614438e+04
3.845833333333332860e+01,3.872761054003013123e+04
3.847916666666666430e+01,3.872762111055997229e+04
3.850000000000000000e+01,3.872763153221330867e+04
3.852083333333332860e+01,3.872764179876953131e+04
3.854166666666666430e+01,3.872765190410349169e+04
3.856250000000000000e+01,3.872766184218961280e+04
3.858333333333332860e+01,3.872767160710542521e+04
3.860416666666666430e+01,3.872768119303577259e+04
3.862500000000000000e+01,3.872769059427643515e+04
3.864583333333332860e+01,3.872769980523805134e+04
3.866666666666666430e+01,3.872770882045003236e+04
3.868750000000000000e+01,3.872771763456435292e+04
3.870833333333332860e+01,3.872772624235993862e+04
3.872916666666666430e+01,3.872773463874631852e+04
3.875000000000000000e+01,3.872774281876786699e+04
3.877083333333332860e+01,3.872775077760857675e+04
3.879166666666666430e+01,3.872775851059610432e+04
3.881250000000000000e+01,3.872776601320646296e+04
3.883333333333332860e+01,3.872777328106891946e+04
3.885416666666666430e+01,3.872778030997105088e+04
3.887500000000000000e+01,3.872778709586379409e+04
3.889583333333332860e+01,3.872779363486678631e+04
3.891666666666666430e+01,3.872779992327388754e+04
3.893750000000000000e+01,3.872780595755868853e+04
3.895833333333332860e+01,3.872781173438029509e+04
3.897916666666666430e+01,3.872781725058887969e+04
3.900000000000000000e+01,3.872782250323121116e+04
3.902083333333332860e+01,3.872782748955622810e+04
3.904166666666666430e+01,3.872783220701999380e+04
3.906250000000000000e+01,3.872783665329058567e+04
3.908333333333332860e+01,3.872784082625234441e+04
3.910416666666666430e+01,3.872784472400946106e+04
3.912500000000000000e+01,3.872784834488879278e+04
3.914583333333332860e+01,3.872785168744215480e+04
3.916666666666666430e+01,3.872785475044712075e+04
3.918750000000000000e+01,3.872785753290712455e+04
3.920833333333332860e+01,3.872786003405050724e+04
3.922916666666666430e+01,3.872786225332831964e+04
3.925000000000000000e+01,3.872786419041096815e+04
3.927083333333332860e+01,3.872786584518401651e+04
3.929166666666666430e+01,3.872786721774297621e+04
3.931250000000000000e+01,3.872786830838711467e+04
3.933333333333332860e+01,3.872786911761289957e+04
3.935416666666666430e+01,3.872786964610644645e+04
3.937500000000000000e+01,3.872786989473640278e+04
3.939583333333332860e+01,3.872786986454614816e+04
3.941666666666666430e+01,3.872786955674638739e+04
3.943750000000000000e+01,3.872786897270788177e+04
3.945833333333332860e+01,3.872786811395492259e+04
3.947916666666666430e+01,3.872786698215947399e+04
3.950000000000000000e+01,3.872786557913549768e+04
3.952083333333332860e+01,3.872786390683484206e+04
3.954166666666666430e+01,3.872786196734353871e+04
3.956250000000000000e+01,3.872785976287896483e+04
3.958333333333332860e+01,3.872785729578770406e+04
3.960416666666666430e+01,3.872785456854460062e+04
3.962500000000000000e+01,3.872785158375154424e+04
3.964583333333332860e+01,3.872784834413755743e+04
3.966666666666666430e+01,3.872784485255864274e+04
3.968750000000000000e+01,3.872784111199819745e+04
3.970833333333332860e+01,3.872783712556721002e+04
3.972916666666666430e+01,3.872783289650472580e+04
3.975000000000000000e+01,3.872782842817791970e+04
3.977083333333332860e+01,3.872782372408218362e+04
3.979166666666666430e+01,3.872781878784080618e+04
3.981250000000000000e+01,3.872781362320449261e+04
3.983333333333332860e+01,3.872780823405068804e+04
3.985416666666666430e+01,3.872780262438219506e+04
3.987500000000000000e+01,3.872779679832607508e+04
3.989583333333332860e+01,3.872779076013208396e+04
3.991666666666666430e+01,3.872778451417067845e+04
3.993750000000000000e+01,3.872777806493115349e+04
3.995833333333332860e+01,3.872777141701952496e+04
3.997916666666666430e+01,3.872776457515632501e+04
4.000000000000000000e+01,3.872775754417409189e+04
4.002083333333332860e+01,3.872775032901503437e+04
4.004166666666666430e+01,3.872774293472838326e+04
4.006250000000000000e+01,3.872773536646773573e+04
4.008333333333332860e+01,3.872772762948833406e+04
4.010416666666666430e+01,3.872771972914416256e+04
4.012500000000000000e+01,3.872771167088495713e+04
4.014583333333332860e+01,3.872770346025306208e+04
4.016666666666666430e+01,3.872769510288016318e+04
4.018750000000000000e+01,3.872768660448399169e+04
4.020833333333332860e+01,3.872767797086467908e+04
4.022916666666666430e+01,3.872766920790123550e+04
4.025000000000000000e+01,3.872766032154767890e+04
4.027083333333332860e+01,3.872765131782925164e+04
4.029166666666666430e+01,3.872764220283836039e+04
4.031250000000000000e+01,3.872763298273061810e+04
4.033333333333332860e+01,3.872762366372060933e+04
4.035416666666666430e+01,3.872761425207785214e+04
4.037500000000000000e+01,3.872760475412250526e+04
4.039583333333332860e+01,3.872759517622116982e+04
4.041666666666666430e+01,3.872758552478246565e+04
4.043750000000000000e+01,3.872757580625287665e+04
4.045833333333332860e+01,3.872756602711253799e+04
4.047916666666666430e+01,3.872755619387081242e+04
4.050000000000000000e+01,3.872754631306182273e+04
4.052083333333332860e+01,3.872753639124039182e+04
4.054166666666666430e+01,3.872752643497743702e+04
4.056250000000000000e+01,3.872751645085588098e+04
4.058333333333332860e+01,3.872750644546595140e+04
4.060416666666666430e+01,3.872749642540100467e+04
4.062500000000000000e+01,3.872748639725302201e+04
4.064583333333332860e+01,3.872747636760832393e+04
4.066666666666666430e+01,3.872746634304287727e+04
4.068750000000000000e+01,3.872745633011808241e+04
4.070833333333332860e+01,3.872744633537626942e+04
4.072916666666666430e+01,3.872743636533622339e+04
4.075000000000000000e+01,3.872742642648887704e+04
4.077083333333332860e+01,3.872741652529274143e+04
4.079166666666666430e+01,3.872740666816972953e+04
4.081250000000000000e+01,3.872739686150063790e+04
4.083333333333332860e+01,3.872738711162086838e+04
4.085416666666666430e+01,3.872737742481625901e+04
4.087500000000000000e+01,3.872736780731864565e+04
4.089583333333332860e+01,3.872735826530179475e+04
4.091666666666666430e+01,3.872734880487715418e+04
4.093750000000000000e+01,3.872733943208980781e+04
4.095833333333332860e+01,3.872733015291432821e+04
4.097916666666666430e+01,3.872732097325082577e+04
4.100000000000000000e+01,3.872731189892080874e+04
4.102083333333332860e+01,3.872730293566338514e+04
4.104166666666666430e+01,3.872729408913144289e+04
4.106250000000000000e+01,3.872728536488764075e+04
4.108333333333332860e+01,3.872727676840066852e+04
4.110416666666666430e+01,3.872726830504169629e+04
4.112500000000000000e+01,3.872725998008059105e+04
4.114583333333332860e+01,3.872725179868222040e+04
4.116666666666666430e+01,3.872724376590327302e+04
4.118750000000000000e+01,3.872723588668843877e+04
4.120833333333332860e+01,3.872722816586736735e+04
4.122916666666666430e+01,3.872722060815107398e+04
4.125000000000000000e+01,3.872721321812894894e+04
4.127083333333332860e+01,3.872720600026549073e+04
4.129166666666666430e+01,3.872719895889741747e+04
4.131250000000000000e+01,3.872719209823061101e+04
4.133333333333332860e+01,3.872718542233717017e+04
4.135416666666666430e+01,3.872717893515276228e+04
4.137500000000000000e+01,3.872717264047391654e+04
4.139583333333332860e+01,3.872716654195543379e+04
4.141666666666666430e+01,3.872716064310786169e+04
4.143750000000000000e+01,3.872715494729506463e+04
4.145833333333332860e+01,3.872714945773205545e+04
4.147916666666666430e+01,3.872714417748264532e+04
4.150000000000000000e+01,3.872713910945752286e+04
4.152083333333332860e+01,3.872713425641204230e+04
4.154166666666666430e+01,3.872712962094451359e+04
4.156250000000000000e+01,3.872712520549437613e+04
4.158333333333332860e+01,3.872712101234041620e+04
4.160416666666666430e+01,3.872711704359955183e+04
4.162500000000000000e+01,3.872711330122484651e+04
4.164583333333332860e+01,3.872710978700459236e+04
4.166666666666666430e+01,3.872710650256102963e+04
4.168750000000000000e+01,3.872710344934898603e+04
4.170833333333332860e+01,3.872710062865524378e+04
4.172916666666666430e+01,3.872709804159741179e+04
4.175000000000000000e+01,3.872709568912319810e+04
4.177083333333332860e+01,3.872709357200985687e+04
4.179166666666666430e+01,3.872709169086365728e+04
4.181250000000000000e+01,3.872709004611943965e+04
4.183333333333332860e+01,3.872708863804029534e+04
4.185416666666666430e+01,3.872708746671742847e+04
4.187500000000000000e+01,3.872708653207030875e+04
4.189583333333332860e+01,3.872708583384635858e+04
4.191666666666666430e+01,3.872708537162160064e+04
4.193750000000000000e+01,3.872708514480054146e+04
4.195833333333332860e+01,3.872708515261695720e+04
4.197916666666666430e+01,3.872708539413425024e+04
4.200000000000000000e+01,3.872708586824624217e+04
4.202083333333332860e+01,3.872708657367789419e+04
4.204166666666666430e+01,3.872708750898634025e+04
4.206250000000000000e+01,3.872708867256170925e+04
4.208333333333332860e+01,3.872709006262854382e+04
4.210416666666666430e+01,3.872709167724686995e+04
4.212500000000000000e+01,3.872709351431384130e+04
4.214583333333332860e+01,3.872709557156487426e+04
4.216666666666666430e+01,3.872709784657561249e+04
4.218750000000000000e+01,3.872710033676349849e+04
4.220833333333332860e+01,3.872710303938975994e+04
4.222916666666666430e+01,3.872710595156118507e+04
4.225000000000000000e+01,3.872710907023234904e+04
4.227083333333332860e+01,3.872711239220779680e+04
4.229166666666666430e+01,3.872711591414436407e+04
4.231250000000000000e+01,3.872711963255333831e+04
4.233333333333332860e+01,3.872712354380336183e+04
4.235416666666666430e+01,3.872712764412277465e+04
4.237500000000000000e+01,3.872713192960242304e+04
4.239583333333332860e+01,3.872713639619840251e+04
4.241666666666666430e+01,3.872714103973512101e+04
4.243750000000000000e+01,3.872714585590823117e+04
4.245833333333332860e+01,3.872715084028780257e+04
4.247916666666666430e+01,3.872715598832125397e+04
4.250000000000000000e+01,3.872716129533704225e+04
4.252083333333332860e+01,3.872716675654787105e+04
4.254166666666666430e+01,3.872717236705417599e+04
4.256250000000000000e+01,3.872717812184755894e+04
4.258333333333332860e+01,3.872718401581463695e+04
4.260416666666666430e+01,3.872719004374056385e+04
4.262500000000000000e+01,3.872719620031311206e+04
4.264583333333332860e+01,3.872720248012628144e+04
4.266666666666666430e+01,3.872720887768417742e+04
4.268750000000000000e+01,3.872721538740537653e+04
4.270833333333332860e+01,3.872722200362666626e+04
4.272916666666666430e+01,3.872722872060752707e+04
4.275000000000000000e+01,3.872723553253403225e+04
4.277083333333332860e+01,3.872724243352312624e+04
4.279166666666666430e+01,3.872724941762732487e+04
4.281250000000000000e+01,3.872725647883868078e+04
4.283333333333332860e+01,3.872726361109347636e+04
4.285416666666666430e+01,3.872727080827649479e+04
4.287500000000000000e+01,3.872727806422580761e+04
4.289583333333332860e+01,3.872728537273714028e+04
4.291666666666666430e+01,3.872729272756865248e+04
4.293750000000000000e+01,3.872730012244539830e+04
4.295833333333332860e+01,3.872730755106423021e+04
4.297916666666666430e+01,3.872731500709838292e+04
4.300000000000000000e+01,3.872732248420234828e+04
4.302083333333332860e+01,3.872732997601643729e+04
4.304166666666666430e+01,3.872733747617192421e+04
4.306250000000000000e+01,3.872734497829562315e+04
4.308333333333332860e+01,3.872735247601480660e+04
4.310416666666666430e+01,3.872735996296221128e+04
4.312500000000000000e+01,3.872736743278070935e+04
4.314583333333332860e+01,3.872737487912839424e+04
4.316666666666666430e+01,3.872738229568347015e+04
4.318750000000000000e+01,3.872738967614910507e+04
4.320833333333332860e+01,3.872739701425840758e+04
4.322916666666666430e+01,3.872740430377947632e+04
4.325000000000000000e+01,3.872741153852015850e+04
4.327083333333332860e+01,3.872741871233305574e+04
4.329166666666666430e+01,3.872742581912064634e+04
4.331250000000000000e+01,3.872743285283981822e+04
4.333333333333332860e+01,3.872743980750731134e+04
4.335416666666666430e+01,3.872744667720422876e+04
4.337500000000000000e+01,3.872745345608105708e+04
4.339583333333332860e+01,3.872746013836254861e+04
4.341666666666666430e+01,3.872746671835264715e+04
4.343750000000000000e+01,3.872747319043920288e+04
4.345833333333332860e+01,3.872747954909870896e+04
4.347916666666666430e+01,3.872748578890107456e+04
4.350000000000000000e+01,3.872749190451429604e+04
4.352083333333332860e+01,3.872749789070917177e+04
4.354166666666666430e+01,3.872750374236357311e+04
4.356250000000000000e+01,3.872750945446685364e+04
4.358333333333332860e+01,3.872751502212444029e+04
4.360416666666666430e+01,3.872752044056169689e+04
4.362500000000000000e+01,3.872752570512806415e+04
4.364583333333332860e+01,3.872753081130076316e+04
4.366666666666666430e+01,3.872753575468859344e+04
4.368750000000000000e+01,3.872754053103512706e+04
4.370833333333332860e+01,3.872754513622189552e+04
4.372916666666666430e+01,3.872754956627119100e+04
4.375000000000000000e+01,3.872755381734862021e+04
4.377083333333332860e+01,3.872755788576515624e+04
4.379166666666666430e+01,3.872756176797887747e+04
4.381250000000000000e+01,3.872756546059632819e+04
4.383333333333332860e+01,3.872756896037331171e+04
4.385416666666666430e+01,3.872757226421544328e+04
4.387500000000000000e+01,3.872757536917791731e+04
4.389583333333332860e+01,3.872757827246520174e+04
4.391666666666666430e+01,3.872758097142966290e+04
4.393750000000000000e+01,3.872758346357056871e+04
4.395833333333332860e+01,3.872758574653193500e+04
4.397916666666666430e+01,3.872758781810056826e+04
4.400000000000000000e+01,3.872758967620334442e+04
4.402083333333332860e+01,3.872759131890482968e+04
4.404166666666666430e+01,3.872759274440444278e+04
4.406250000000000000e+01,3.872759395103376301e+04
4.408333333333332860e+01,3.872759493725404900e+04
4.410416666666666430e+01,3.872759570165403420e+04
4.412500000000000000e+01,3.872759624294816604e+04
4.414583333333332860e+01,3.872759655997539085e+04
4.416666666666666430e+01,3.872759665169854998e+04
4.418750000000000000e+01,3.872759651720469992e+04
4.420833333333332860e+01,3.872759615570613823e+04
4.422916666666666430e+01,3.872759556654247717e+04
4.425000000000000000e+01,3.872759474918330670e+04
4.427083333333332860e+01,3.872759370323194162e+04
4.429166666666666430e+01,3.872759242842993990e+04
4.431250000000000000e+01,3.872759092466209404e+04
4.433333333333332860e+01,3.872758919196193892e+04
4.435416666666666430e+01,3.872758723051768902e+04
4.437500000000000000e+01,3.872758504067814647e+04
4.439583333333332860e+01,3.872758262295876921e+04
4.441666666666666430e+01,3.872757997804690967e+04
4.443750000000000000e+01,3.872757710680699529e+04
4.445833333333332860e+01,3.872757401028499589e+04
4.447916666666666430e+01,3.872757068971193803e+04
4.450000000000000000e+01,3.872756714650640788e+04
4.452083333333332860e+01,3.872756338227626838e+04
4.454166666666666430e+01,3.872755939881924132e+04
4.456250000000000000e+01,3.872755519812258717e+04
4.458333333333332860e+01,3.872755078236165718e+04
4.460416666666666430e+01,3.872754615389793616e+04
4.462500000000000000e+01,3.872754131527589925e+04
4.464583333333332860e+01,3.872753626921980322e+04
4.466666666666666430e+01,3.872753101862951007e+04
4.468750000000000000e+01,3.872752556657641981e+04
4.470833333333332860e+01,3.872751991629866825e+04
4.472916666666666430e+01,3.872751407119705982e+04
4.475000000000000000e+01,3.872750803483014897e+04
4.477083333333332860e+01,3.872750181090975821e+04
4.479166666666666430e+01,3.872749540329688898e+04
4.481250000000000000e+01,3.872748881599737797e+04
4.483333333333332860e+01,3.872748205315785890e+04
4.485416666666666430e+01,3.872747511906158616e+04
4.487500000000000000e+01,3.872746801812523336e+04
4.489583333333332860e+01,3.872746075489451323e+04
4.491666666666666430e+01,3.872745333404108533e+04
4.493750000000000000e+01,3.872744576035842329e+04
4.495833333333332860e+01,3.872743803875852609e+04
4.497916666666666430e+01,3.872743017426795268e+04
4.500000000000000000e+01,3.872742217202429310e+04
4.502083333333332860e+01,3.872741403727226134e+04
4.504166666666666430e+01,3.872740577535972261e+04
4.506250000000000000e+01,3.872739739173392445e+04
4.508333333333332860e+01,3.872738889193753130e+04
4.510416666666666430e+01,3.872738028160439717e+04
4.512500000000000000e+01,3.872737156645589130e+04
4.514583333333332860e+01,3.872736275229658349e+04
4.516666666666666430e+01,3.872735384501035878e+04
4.518750000000000000e+01,3.872734485055625555e+04
4.520833333333332860e+01,3.872733577496463840e+04
4.522916666666666430e+01,3.872732662433325459e+04
4.525000000000000000e+01,3.872731740482297755e+04
4.527083333333332860e+01,3.872730812265412533e+04
4.529166666666666430e+01,3.872729878410229867e+04
4.531250000000000000e+01,3.872728939549453207e+04
4.533333333333332860e+01,3.872727996320521925e+04
4.535416666666666430e+01,3.872727049365200946e+04
4.537500000000000000e+01,3.872726099329187855e+04
4.539583333333332860e+01,3.872725146861679968e+04
4.541666666666666430e+01,3.872724192614979984e+04
4.543750000000000000e+01,3.872723237244046322e+04
4.545833333333332860e+01,3.872722281406091497e+04
4.547916666666666430e+01,3.872721325760144828e+04
4.550000000000000000e+01,3.872720370966594055e+04
4.552083333333332860e+01,3.872719417686783709e+04
4.554166666666666430e+01,3.872718466582558904e+04
4.556250000000000000e+01,3.872717518315820780e+04
4.558333333333332860e+01,3.872716573548092128e+04
4.560416666666666430e+01,3.872715632940078649e+04
4.562500000000000000e+01,3.872714697151224391e+04
4.564583333333332860e+01,3.872713766839270829e+04
4.566666666666666430e+01,3.872712842659822491e+04
4.568750000000000000e+01,3.872711925265922036e+04
4.570833333333332860e+01,3.872711015307587513e+04
4.572916666666666430e+01,3.872710113431407080e+04
4.575000000000000000e+01,3.872709220280082081e+04
4.577083333333332860e+01,3.872708336492022499e+04
4.579166666666666430e+01,3.872707462700909673e+04
4.581250000000000000e+01,3.872706599535247369e+04
4.583333333333332860e+01,3.872705747617959423e+04
4.585416666666666430e+01,3.872704907565971371e+04
4.587500000000000000e+01,3.872704079989778984e+04
4.589583333333332860e+01,3.872703265493016079e+04
4.591666666666666430e+01,3.872702464672074711e+04
4.593750000000000000e+01,3.872701678115669347e+04
4.595833333333332860e+01,3.872700906404417765e+04
4.597916666666666430e+01,3.872700150110475806e+04
4.600000000000000000e+01,3.872699409797118278e+04
4.602083333333332860e+01,3.872698686018339504e+04
4.604166666666666430e+01,3.872697979318481521e+04
4.606250000000000000e+01,3.872697290231846273e+04
4.608333333333332860e+01,3.872696619282315805e+04
4.610416666666666430e+01,3.872695966983003746e+04
4.612500000000000000e+01,3.872695333835871133e+04
4.614583333333332860e+01,3.872694720331385179e+04
4.616666666666666430e+01,3.872694126948172197e+04
4.618750000000000000e+01,3.872693554152663273e+04
4.620833333333332860e+01,3.872693002398791577e+04
4.622916666666666430e+01,3.872692472127636574e+04
4.625000000000000000e+01,3.872691963767116977e+04
4.627083333333332860e+01,3.872691477731695340e+04
4.629166666666666430e+01,3.872691014422055741e+04
4.631250000000000000e+01,3.872690574224829470e+04
4.633333333333332860e+01,3.872690157512298902e+04
4.635416666666666430e+01,3.872689764642129012e+04
4.637500000000000000e+01,3.872689395957106899e+04
4.639583333333332860e+01,3.872689051784866024e+04
4.641666666666666430e+01,3.872688732437673025e+04
4.643750000000000000e+01,3.872688438212164328e+04
4.645833333333332860e+01,3.872688169389122777e+04
4.647916666666666430e+01,3.872687926233276085e+04
4.650000000000000000e+01,3.872687708993088017e+04
4.652083333333332860e+01,3.872687517900559033e+04
4.654166666666666430e+01,3.872687353171034920e+04
4.656250000000000000e+01,3.872687215003051097e+04
4.658333333333332860e+01,3.872687103578164533e+04
4.660416666666666430e+01,3.872687019060810417e+04
4.662500000000000000e+01,3.872686961598142807e+04
4.664583333333332860e+01,3.872686931319921132e+04
4.666666666666666430e+01,3.872686928338406869e+04
4.668750000000000000e+01,3.872686952748243493e+04
4.670833333333332860e+01,3.872687004626356793e+04
4.672916666666666430e+01,3.872687084031888662e+04
4.675000000000000000e+01,3.872687191006135254e+04
4.677083333333332860e+01,3.872687325572464761e+04
4.679166666666666430e+01,3.872687487736292678e+04
4.681250000000000000e+01,3.872687677485038876e+04
4.683333333333332860e+01,3.872687894788126141e+04
4.685416666666666430e+01,3.872688139596935071e+04
4.687500000000000000e+01,3.872688411844852817e+04
4.689583333333332860e+01,3.872688711447248352e+04
4.691666666666666430e+01,3.872689038301537948e+04
4.693750000000000000e+01,3.872689392287192459e+04
4.695833333333332860e+01,3.872689773265817348e+04
4.697916666666666430e+01,3.872690181081198534e+04
4.700000000000000000e+01,3.872690615559400612e+04
4.702083333333332860e+01,3.872691076508834522e+04
4.704166666666666430e+01,3.872691563720378326e+04
4.706250000000000000e+01,3.872692076967481262e+04
4.708333333333332860e+01,3.872692616006294702e+04
4.710416666666666430e+01,3.872693180575816950e+04
4.712500000000000000e+01,3.872693770398020570e+04
4.714583333333332860e+01,3.872694385178043012e+04
4.716666666666666430e+01,3.872695024604340870e+04
4.718750000000000000e+01,3.872695688348896510e+04
4.720833333333332860e+01,3.872696376067386154e+04
4.722916666666666430e+01,3.872697087399423617e+04
4.725000000000000000e+01,3.872697821968744393e+04
4.727083333333332860e+01,3.872698579383461038e+04
4.729166666666666430e+01,3.872699359236304736e+04
4.731250000000000000e+01,3.872700161104869039e+04
4.733333333333332860e+01,3.872700984551878355e+04
4.735416666666666430e+01,3.872701829125468794e+04
4.737500000000000000e+01,3.872702694359458110e+04
4.739583333333332860e+01,3.872703579773657839e+04
4.741666666666666430e+01,3.872704484874173068e+04
4.743750000000000000e+01,3.872705409153712390e+04
4.745833333333332860e+01,3.872706352091916051e+04
4.747916666666666430e+01,3.872707313155698648e+04
4.750000000000000000e+01,3.872708291799573635e+04
4.752083333333332860e+01,3.872709287466031674e+04
4.754166666666666430e+01,3.872710299585884059e+04
4.756250000000000000e+01,3.872711327578622877e+04
4.758333333333332860e+01,3.872712370852826280e+04
4.760416666666666430e+01,3.872713428806528827e+04
4.762500000000000000e+01,3.872714500827618031e+04
4.764583333333332860e+01,3.872715586294222157e+04
4.766666666666666430e+01,3.872716684575143154e+04
4.768750000000000000e+01,3.872717795030256821e+04
4.770833333333332860e+01,3.872718917010918813e+04
4.772916666666666430e+01,3.872720049860435392e+04
4.775000000000000000e+01,3.872721192914445419e+04
4.777083333333332860e+01,3.872722345501416567e+04
4.779166666666666430e+01,3.872723506943017128e+04
4.781250000000000000e+01,3.872724676554634061e+04
4.783333333333332860e+01,3.872725853645796451e+04
4.785416666666666430e+01,3.872727037520628073e+04
4.787500000000000000e+01,3.872728227478316694e+04
4.789583333333332860e+01,3.872729422813587735e+04
4.791666666666666430e+01,3.872730622817156836e+04
4.793750000000000000e+01,3.872731826776217349e+04
4.795833333333332860e+01,3.872733033974900900e+04
4.797916666666666430e+01,3.872734243694751785e+04
4.800000000000000000e+01,3.872735455215231923e+04
4.802083333333332860e+01,3.872736667814147222e+04
4.804166666666666430e+01,3.872737880768190371e+04
4.806250000000000000e+01,3.872739093353362114e+04
4.808333333333332860e+01,3.872740304845486389e+04
4.810416666666666430e+01,3.872741514520673809e+04
4.812500000000000000e+01,3.872742721655817877e+04
4.814583333333332860e+01,3.872743925529041735e+04
4.816666666666666430e+01,3.872745125420194381e+04
4.818750000000000000e+01,3.872746320611317788e+04
4.820833333333332860e+01,3.872747510387127113e+04
4.822916666666666430e+01,3.872748694035455264e+04
4.825000000000000000e+01,3.872749870847727288e+04
4.827083333333332860e+01,3.872751040119424579e+04
4.829166666666666430e+01,3.872752201150540350e+04
4.831250000000000000e+01,3.872753353246011829e+04
4.833333333333332860e+01,3.872754495716194651e+04
4.835416666666666430e+01,3.872755627877272491e+04
4.837500000000000000e+01,3.872756749051707448e+04
4.839583333333332860e+01,3.872757858568669326e+04
4.841666666666666430e+01,3.872758955764457642e+04
4.843750000000000000e+01,3.872760039982905437e+04
4.845833333333332860e+01,3.872761110575804196e+04
4.847916666666666430e+01,3.872762166903307661e+04
4.850000000000000000e+01,3.872763208334319643e+04
4.852083333333332860e+01,3.872764234246902924e+04
4.854166666666666430e+01,3.872765244028655434e+04
4.856250000000000000e+01,3.872766237077103870e+04
4.858333333333332860e+01,3.872767212800083507e+04
4.860416666666666430e+01,3.872768170616135467e+04
4.862500000000000000e+01,3.872769109954852320e+04
4.864583333333332860e+01,3.872770030257293547e+04
4.866666666666666430e+01,3.872770930976352247e+04
4.868750000000000000e+01,3.872771811577161134e+04
4.870833333333332860e+01,3.872772671537478163e+04
4.872916666666666430e+01,3.872773510348090349e+04
4.875000000000000000e+01,3.872774327513229946e+04
4.877083333333332860e+01,3.872775122551032109e+04
4.879166666666666430e+01,3.872775894993940165e+04
4.881250000000000000e+01,3.872776644389203284e+04
4.883333333333332860e+01,3.872777370299339236e+04
4.885416666666666430e+01,3.872778072302653163e+04
4.887500000000000000e+01,3.872778749993740348e+04
4.889583333333332860e+01,3.872779402984040644e+04
4.891666666666666430e+01,3.872780030902407452e+04
4.893750000000000000e+01,3.872780633395637415e+04
4.895833333333332860e+01,3.872781210129096144e+04
4.897916666666666430e+01,3.872781760787269013e+04
4.900000000000000000e+01,3.872782285074351967e+04
4.902083333333332860e+01,3.872782782714810310e+04
4.904166666666666430e+01,3.872783253453912766e+04
4.906250000000000000e+01,3.872783697058224061e+04
4.908333333333332860e+01,3.872784113316059666e+04
4.910416666666666430e+01,3.872784502037872880e+04
4.912500000000000000e+01,3.872784863056548784e+04
4.914583333333332860e+01,3.872785196227630513e+04
4.916666666666666430e+01,3.872785501429441501e+04
4.918750000000000000e+01,3.872785778563084750e+04
4.920833333333332860e+01,3.872786027552349697e+04
4.922916666666666430e+01,3.872786248343472835e+04
4.925000000000000000e+01,3.872786440904822666e+04
4.927083333333332860e+01,3.872786605226436950e+04
4.929166666666666430e+01,3.872786741319485736e+04
4.931250000000000000e+01,3.872786849215620168e+04
4.933333333333332860e+01,3.872786928966275445e+04
4.935416666666666430e+01,3.872786980641913397e+04
4.937500000000000000e+01,3.872787004331236676e+04
4.939583333333332860e+01,3.872787000140386226e+04
4.941666666666666430e+01,3.872786968192156928e+04
4.943750000000000000e+01,3.872786908625257638e+04
4.945833333333332860e+01,3.872786821593623608e+04
4.947916666666666430e+01,3.872786707265787118e+04
4.950000000000000000e+01,3.872786565824327408e+04
4.952083333333332860e+01,3.872786397465426126e+04
4.954166666666666430e+01,3.872786202398491878e+04
4.956250000000000000e+01,3.872785980845909944e+04
4.958333333333332860e+01,3.872785733042811626e+04
4.960416666666666430e+01,3.872785459236977476e+04
4.962500000000000000e+01,3.872785159688774002e+04
4.964583333333332860e+01,3.872784834671155113e+04
4.966666666666666430e+01,3.872784484469673771e+04
4.968750000000000000e+01,3.872784109382540191e+04
4.970833333333332860e+01,3.872783709720658226e+04
4.972916666666666430e+01,3.872783285807707580e+04
4.975000000000000000e+01,3.872782837980151089e+04
4.977083333333332860e+01,3.872782366587252181e+04
4.979166666666666430e+01,3.872781871991066873e+04
4.981250000000000000e+01,3.872781354566400114e+04
4.983333333333332860e+01,3.872780814700726478e+04
4.985416666666666430e+01,3.872780252794074477e+04
4.987500000000000000e+01,3.872779669258923241e+04
4.989583333333332860e+01,3.872779064520017710e+04
4.991666666666666430e+01,3.872778439014183823e+04
4.993750000000000000e+01,3.872777793190150987e+04
4.995833333333332860e+01,3.872777127508330159e+04
4.997916666666666430e+01,3.872776442440583924e+04
5.000000000000000000e+01,3.872775738469991484e+04
5.002083333333332860e+01,3.872775016090601275e+04
5.004166666666666430e+01,3.872774275807173399e+04
5.006250000000000000e+01,3.872773518134925689e+04
5.008333333333332860e+01,3.872772743599234673e+04
5.010416666666666430e+01,3.872771952735379455e+04
5.012500000000000000e+01,3.872771146088219393e+04
5.014583333333332860e+01,3.872770324211884872e+04
5.016666666666666430e+01,3.872769487669466616e+04
5.018750000000000000e+01,3.872768637032671541e+04
5.020833333333332860e+01,3.872767772881462588e+04
5.022916666666666430e+01,3.872766895803701482e+04
5.025000000000000000e+01,3.872766006394761644e+04
5.027083333333332860e+01,3.872765105257163668e+04
5.029166666666666430e+01,3.872764193000144587e+04
5.031250000000000000e+01,3.872763270239271515e+04
5.033333333333332860e+01,3.872762337596017460e+04
5.035416666666666430e+01,3.872761395697353146e+04
5.037500000000000000e+01,3.872760445175319182e+04
5.039583333333332860e+01,3.872759486666594603e+04
5.041666666666666430e+01,3.872758520812073402e+04
5.043750000000000000e+01,3.872757548256436712e+04
5.045833333333332860e+01,3.872756569647725701e+04
5.047916666666666430e+01,3.872755585636893375e+04
5.050000000000000000e+01,3.872754596877399308e+04
5.052083333333332860e+01,3.872753604024743981e+04
5.054166666666666430e+01,3.872752607736064965e+04
5.056250000000000000e+01,3.872751608669677807e+04
5.058333333333332860e+01,3.872750607484647480e+04
5.060416666666666430e+01,3.872749604840343090e+04
5.062500000000000000e+01,3.872748601396007871e+04
5.064583333333332860e+01,3.872747597810307343e+04
5.066666666666666430e+01,3.872746594740886212e+04
5.068750000000000000e+01,3.872745592843922350e+04
5.070833333333332860e+01,3.872744592773696786e+04
5.072916666666666430e+01,3.872743595182134595e+04
5.075000000000000000e+01,3.872742600718367612e+04
5.077083333333332860e+01,3.872741610028297146e+04
5.079166666666666430e+01,3.872740623754145054e+04
5.081250000000000000e+01,3.872739642534046288e+04
5.083333333333332860e+01,3.872738667001578142e+04
5.085416666666666430e+01,3.872737697785360797e+04
5.087500000000000000e+01,3.872736735508612037e+04
5.089583333333332860e+01,3.872735780788747797e+04
5.091666666666666430e+01,3.872734834236954339e+04
5.093750000000000000e+01,3.872733896457767696e+04
5.095833333333332860e+01,3.872732968048677867e+04
5.097916666666666430e+01,3.872732049599724269e+04
5.100000000000000000e+01,3.872731141693094833e+04
5.102083333333332860e+01,3.872730244902732375e+04
5.104166666666666430e+01,3.872729359793946060e+04
5.106250000000000000e+01,3.872728486923039600e+04
5.108333333333332860e+01,3.872727626836906711e+04
5.110416666666666430e+01,3.872726780072693509e+04
5.112500000000000000e+01,3.872725947157407791e+04
5.114583333333332860e+01,3.872725128607574879e+04
5.116666666666666430e+01,3.872724324928873830e+04
5.118750000000000000e+01,3.872723536615813646e+04
5.120833333333332860e+01,3.872722764151369483e+04
5.122916666666666430e+01,3.872722008006669057e+04
5.125000000000000000e+01,3.872721268640669587e+04
5.127083333333332860e+01,3.872720546499852935e+04
5.129166666666666430e+01,3.872719842017898918e+04
5.131250000000000000e+01,3.872719155615405907e+04
5.133333333333332860e+01,3.872718487699611433e+04
5.135416666666666430e+01,3.872717838664097508e+04
5.137500000000000000e+01,3.872717208888529422e+04
5.139583333333332860e+01,3.872716598738396715e+04
5.141666666666666430e+01,3.872716008564767253e+04
5.143750000000000000e+01,3.872715438704046392e+04
5.145833333333332860e+01,3.872714889477735414e+04
5.147916666666666430e+01,3.872714361192229262e+04
5.150000000000000000e+01,3.872713854138609895e+04
5.152083333333332860e+01,3.872713368592416373e+04
5.154166666666666430e+01,3.872712904813486966e+04
5.156250000000000000e+01,3.872712463045771437e+04
5.158333333333332860e+01,3.872712043517163693e+04
5.160416666666666430e+01,3.872711646439342439e+04
5.162500000000000000e+01,3.872711272007627849e+04
5.164583333333332860e+01,3.872710920400851319e+04
5.166666666666666430e+01,3.872710591781241965e+04
5.168750000000000000e+01,3.872710286294279649e+04
5.170833333333332860e+01,3.872710004068636772e+04
5.172916666666666430e+01,3.872709745216082229e+04
5.175000000000000000e+01,3.872709509831382456e+04
5.177083333333332860e+01,3.872709297992259962e+04
5.179166666666666430e+01,3.872709109759334387e+04
5.181250000000000000e+01,3.872708945176083944e+04
5.183333333333332860e+01,3.872708804268818494e+04
5.185416666666666430e+01,3.872708687046651175e+04
5.187500000000000000e+01,3.872708593501513678e+04
5.189583333333332860e+01,3.872708523608154064e+04
5.191666666666666430e+01,3.872708477324146224e+04
5.193750000000000000e+01,3.872708454589948087e+04
5.195833333333332860e+01,3.872708455328913260e+04
5.197916666666666430e+01,3.872708479447383434e+04
5.200000000000000000e+01,3.872708526834719669e+04
5.202083333333332860e+01,3.872708597363408626e+04
5.204166666666666430e+01,3.872708690889141144e+04
5.206250000000000000e+01,3.872708807250927202e+04
5.208333333333332860e+01,3.872708946271195600e+04
5.210416666666666430e+01,3.872709107755936566e+04
5.212500000000000000e+01,3.872709291494842182e+04
5.214583333333332860e+01,3.872709497261442448e+04
5.216666666666666430e+01,3.872709724813275534e+04
5.218750000000000000e+01,3.872709973892068956e+04
5.220833333333332860e+01,3.872710244223920745e+04
5.222916666666666430e+01,3.872710535519493715e+04
5.225000000000000000e+01,3.872710847474217007e+04
5.227083333333332860e+01,3.872711179768518195e+04
5.229166666666666430e+01,3.872711532068059751e+04
5.231250000000000000e+01,3.872711904023945681e+04
5.233333333333332860e+01,3.872712295273011841e+04
5.235416666666666430e+01,3.872712705438060948e+04
5.237500000000000000e+01,3.872713134128152160e+04
5.239583333333332860e+01,3.872713580938872474e+04
5.241666666666666430e+01,3.872714045452626306e+04
5.243750000000000000e+01,3.872714527238952724e+04
5.245833333333332860e+01,3.872715025854808482e+04
5.247916666666666430e+01,3.872715540844924544e+04
5.250000000000000000e+01,3.872716071742111671e+04
5.252083333333332860e+01,3.872716618067598756e+04
5.254166666666666430e+01,3.872717179331391526e+04
5.256250000000000000e+01,3.872717755032626883e+04
5.258333333333332860e+01,3.872718344659917057e+04
5.260416666666666430e+01,3.872718947691758513e+04
5.262500000000000000e+01,3.872719563596873923e+04
5.264583333333332860e+01,3.872720191834628349e+04
5.266666666666666430e+01,3.872720831855404685e+04
5.268750000000000000e+01,3.872721483101010381e+04
5.270833333333332860e+01,3.872722145005097263e+04
5.272916666666666430e+01,3.872722816993554443e+04
5.275000000000000000e+01,3.872723498484965239e+04
5.277083333333332860e+01,3.872724188890984078e+04
5.279166666666666430e+01,3.872724887616809428e+04
5.281250000000000000e+01,3.872725594061615266e+04
5.283333333333332860e+01,3.872726307618982537e+04
5.285416666666666430e+01,3.872727027677354636e+04
5.287500000000000000e+01,3.872727753620491421e+04
5.289583333333332860e+01,3.872728484827932698e+04
5.291666666666666430e+01,3.872729220675439865e+04
5.293750000000000000e+01,3.872729960535489226e+04
5.295833333333332860e+01,3.872730703777720919e+04
5.297916666666666430e+01,3.872731449769413302e+04
5.300000000000000000e+01,3.872732197875976999e+04
5.302083333333332860e+01,3.872732947461408185e+04
5.304166666666666430e+01,3.872733697888790630e+04
5.306250000000000000e+01,3.872734448520763544e+04
5.308333333333332860e+01,3.872735198720026528e+04
5.310416666666666430e+01,3.872735947849801596e+04
5.312500000000000000e+01,3.872736695274343219e+04
5.314583333333332860e+01,3.872737440359426546e+04
5.316666666666666430e+01,3.872738182472831977e+04
5.318750000000000000e+01,3.872738920984841388e+04
5.320833333333332860e+01,3.872739655268732167e+04
5.322916666666666430e+01,3.872740384701275616e+04
5.325000000000000000e+01,3.872741108663224441e+04
5.327083333333332860e+01,3.872741826539802423e+04
5.329166666666666430e+01,3.872742537721213739e+04
5.331250000000000000e+01,3.872743241603130446e+04
5.333333333333332860e+01,3.872743937587178516e+04
5.335416666666666430e+01,3.872744625081425329e+04
5.337500000000000000e+01,3.872745303500889713e+04
5.339583333333332860e+01,3.872745972268008336e+04
5.341666666666666430e+01,3.872746630813118099e+04
5.343750000000000000e+01,3.872747278574958909e+04
5.345833333333332860e+01,3.872747915001131332e+04
5.347916666666666430e+01,3.872748539548562985e+04
5.350000000000000000e+01,3.872749151683993114e+04
5.352083333333332860e+01,3.872749750884415698e+04
5.354166666666666430e+01,3.872750336637534929e+04
5.356250000000000000e+01,3.872750908442195214e+04
5.358333333333332860e+01,3.872751465808829380e+04
5.360416666666666430e+01,3.872752008259839204e+04
5.362500000000000000e+01,3.872752535330035607e+04
5.364583333333332860e+01,3.872753046566976991e+04
5.366666666666666430e+01,3.872753541531351220e+04
5.368750000000000000e+01,3.872754019797316869e+04
5.370833333333332860e+01,3.872754480952797167e+04
5.372916666666666430e+01,3.872754924599755759e+04
5.375000000000000000e+01,3.872755350354468828e+04
5.377083333333332860e+01,3.872755757847711357e+04
5.379166666666666430e+01,3.872756146724948485e+04
5.381250000000000000e+01,3.872756516646451200e+04
5.383333333333332860e+01,3.872756867287384375e+04
5.385416666666666430e+01,3.872757198337869340e+04
5.387500000000000000e+01,3.872757509502963512e+04
5.389583333333332860e+01,3.872757800502611644e+04
5.391666666666666430e+01,3.872758071071541781e+04
5.393750000000000000e+01,3.872758320959145203e+04
5.395833333333332860e+01,3.872758549929289438e+04
5.397916666666666430e+01,3.872758757760107983e+04
5.400000000000000000e+01,3.872758944243760925e+04
5.402083333333332860e+01,3.872759109186176647e+04
5.404166666666666430e+01,3.872759252406809537e+04
5.406250000000000000e+01,3.872759373738354770e+04
5.408333333333332860e+01,3.872759473026530759e+04
5.410416666666666430e+01,3.872759550129844138e+04
5.412500000000000000e+01,3.872759604919447884e+04
5.414583333333332860e+01,3.872759637279006711e+04
5.416666666666666430e+01,3.872759647104660689e+04
5.418750000000000000e+01,3.872759634305047803e+04
5.420833333333332860e+01,3.872759598801404354e+04
5.422916666666666430e+01,3.872759540527783247e+04
5.425000000000000000e+01,3.872759459431315918e+04
5.427083333333332860e+01,3.872759355472568859e+04
5.429166666666666430e+01,3.872759228625986725e+04
5.431250000000000000e+01,3.872759078880387824e+04
5.433333333333332860e+01,3.872758906239518546e+04
5.435416666666666430e+01,3.872758710722588148e+04
5.437500000000000000e+01,3.872758492364874110e+04
5.439583333333332860e+01,3.872758251218318037e+04
5.441666666666666430e+01,3.872757987352021155e+04
5.443750000000000000e+01,3.872757700852758717e+04
5.445833333333332860e+01,3.872757391825409286e+04
5.447916666666666430e+01,3.872757060393301799e+04
5.450000000000000000e+01,3.872756706698455673e+04
5.452083333333332860e+01,3.872756330901763431e+04
5.454166666666666430e+01,3.872755933183013258e+04
5.456250000000000000e+01,3.872755513740915194e+04
5.458333333333332860e+01,3.872755072792906867e+04
5.460416666666666430e+01,3.872754610574994149e+04
5.462500000000000000e+01,3.872754127341436106e+04
5.464583333333332860e+01,3.872753623364429950e+04
5.466666666666666430e+01,3.872753098933707224e+04
5.468750000000000000e+01,3.872752554356126348e+04
5.470833333333332860e+01,3.872751989955225145e+04
5.472916666666666430e+01,3.872751406070779922e+04
5.475000000000000000e+01,3.872750803058355086e+04
5.477083333333332860e+01,3.872750181288859312e+04
5.479166666666666430e+01,3.872749541148105345e+04
5.481250000000000000e+01,3.872748883036410552e+04
5.483333333333332860e+01,3.872748207368182921e+04
5.485416666666666430e+01,3.872747514571524516e+04
5.487500000000000000e+01,3.872746805087854591e+04
5.489583333333332860e+01,3.872746079371546512e+04
5.491666666666666430e+01,3.872745337889546499e+04
5.493750000000000000e+01,3.872744581121021474e+04
5.495833333333332860e+01,3.872743809556973429e+04
5.497916666666666430e+01,3.872743023699897458e+04
5.500000000000000000e+01,3.872742224063368485e+04
5.502083333333332860e+01,3.872741411171692744e+04
5.504166666666666430e+01,3.872740585559509054e+04
5.506250000000000000e+01,3.872739747771399561e+04
5.508333333333332860e+01,3.872738898361478641e+04
5.510416666666666430e+01,3.872738037893012370e+04
5.512500000000000000e+01,3.872737166938005248e+04
5.514583333333332860e+01,3.872736286076806573e+04
5.516666666666666430e+01,3.872735395897686976e+04
5.518750000000000000e+01,3.872734496996474627e+04
5.520833333333332860e+01,3.872733589976104849e+04
5.522916666666666430e+01,3.872732675446267240e+04
5.525000000000000000e+01,3.872731754022988025e+04
5.527083333333332860e+01,3.872730826328227704e+04
5.529166666666666430e+01,3.872729892989488872e+04
5.531250000000000000e+01,3.872728954639416770e+04
5.533333333333332860e+01,3.872728011915399838e+04
5.535416666666666430e+01,3.872727065459154983e+04
5.537500000000000000e+01,3.872726115916335402e+04
5.539583333333332860e+01,3.872725163936102035e+04
5.541666666666666430e+01,3.872724210170703736e+04
5.543750000000000000e+01,3.872723255275068368e+04
5.545833333333332860e+01,3.872722299906372064e+04
5.547916666666666430e+01,3.872721344723598304e+04
5.550000000000000000e+01,3.872720390387108637e+04
5.552083333333332860e+01,3.872719437558214850e+04
5.554166666666666430e+01,3.872718486898722040e+04
5.556250000000000000e+01,3.872717539070506609e+04
5.558333333333332860e+01,3.872716594735060062e+04
5.560416666666666430e+01,3.872715654553068453e+04
5.562500000000000000e+01,3.872714719183947454e+04
5.564583333333332860e+01,3.872713789285411622e+04
5.566666666666666430e+01,3.872712865513052384e+04
5.568750000000000000e+01,3.872711948519881844e+04
5.570833333333332860e+01,3.872711038955917320e+04
5.572916666666666430e+01,3.872710137467717141e+04
5.575000000000000000e+01,3.872709244697970280e+04
5.577083333333332860e+01,3.872708361285077262e+04
5.579166666666666430e+01,3.872707487862693961e+04
5.581250000000000000e+01,3.872706625059319049e+04
5.583333333333332860e+01,3.872705773497861810e+04
5.585416666666666430e+01,3.872704933795236138e+04
5.587500000000000000e+01,3.872704106561929802e+04
5.589583333333332860e+01,3.872703292401559156e+04
5.591666666666666430e+01,3.872702491910503886e+04
5.593750000000000000e+01,3.872701705677468271e+04
5.595833333333332860e+01,3.872700934283070092e+04
5.597916666666666430e+01,3.872700178299454274e+04
5.600000000000000000e+01,3.872699438289873069e+04
5.602083333333332860e+01,3.872698714808333170e+04
5.604166666666666430e+01,3.872698008399157698e+04
5.606250000000000000e+01,3.872697319596647867e+04
5.608333333333332860e+01,3.872696648924683541e+04
5.610416666666666430e+01,3.872695996896366705e+04
5.612500000000000000e+01,3.872695364013665676e+04
5.614583333333332860e+01,3.872694750767038204e+04
5.616666666666666430e+01,3.872694157635105512e+04
5.618750000000000000e+01,3.872693585084314691e+04
5.620833333333332860e+01,3.872693033568580722e+04
5.622916666666666430e+01,3.872692503528990346e+04
5.625000000000000000e+01,3.872691995393465913e+04
5.627083333333332860e+01,3.872691509576467070e+04
5.629166666666666430e+01,3.872691046478685894e+04
5.631250000000000000e+01,3.872690606486750767e+04
5.633333333333332860e+01,3.872690189972945518e+04
5.635416666666666430e+01,3.872689797294946766e+04
5.637500000000000000e+01,3.872689428795541608e+04
5.639583333333332860e+01,3.872689084802374418e+04
5.641666666666666430e+01,3.872688765627711109e+04
5.643750000000000000e+01,3.872688471568191744e+04
5.645833333333332860e+01,3.872688202904615173e+04
5.647916666666666430e+01,3.872687959901714203e+04
5.650000000000000000e+01,3.872687742807968607e+04
5.652083333333332860e+01,3.872687551855375204e+04
5.654166666666666430e+01,3.872687387259295792e+04
5.656250000000000000e+01,3.872687249218279612e+04
5.658333333333332860e+01,3.872687137913895276e+04
5.660416666666666430e+01,3.872687053510583792e+04
5.662500000000000000e+01,3.872686996155517409e+04
5.664583333333332860e+01,3.872686965978473745e+04
5.666666666666666430e+01,3.872686963091723010e+04
5.668750000000000000e+01,3.872686987589923956e+04
5.670833333333332860e+01,3.872687039550018380e+04
5.672916666666666430e+01,3.872687119031168550e+04
5.675000000000000000e+01,3.872687226074684440e+04
5.677083333333332860e+01,3.872687360703948798e+04
5.679166666666666430e+01,3.872687522924398218e+04
5.681250000000000000e+01,3.872687712723479490e+04
5.683333333333332860e+01,3.872687930070627044e+04
5.685416666666666430e+01,3.872688174917243305e+04
5.687500000000000000e+01,3.872688447196732159e+04
5.689583333333332860e+01,3.872688746824498230e+04
5.691666666666666430e+01,3.872689073697967251e+04
5.693750000000000000e+01,3.872689427696641360e+04
5.695833333333332860e+01,3.872689808682147122e+04
5.697916666666666430e+01,3.872690216498292284e+04
5.700000000000000000e+01,3.872690650971173454e+04
5.702083333333332860e+01,3.872691111909224855e+04
5.704166666666666430e+01,3.872691599103353656e+04
5.706250000000000000e+01,3.872692112327030918e+04
5.708333333333332860e+01,3.872692651336449489e+04
5.710416666666666430e+01,3.872693215870618587e+04
5.712500000000000000e+01,3.872693805651553703e+04
5.714583333333332860e+01,3.872694420384419209e+04
5.716666666666666430e+01,3.872695059757705894e+04
5.718750000000000000e+01,3.872695723443424504e+04
5.720833333333332860e+01,3.872696411097290547e+04
5.722916666666666430e+01,3.872697122358938941e+04
5.725000000000000000e+01,3.872697856852147379e+04
5.727083333333332860e+01,3.872698614185062615e+04
5.729166666666666430e+01,3.872699393950459489e+04
5.731250000000000000e+01,3.872700195725951198e+04
5.733333333333332860e+01,3.872701019074312353e+04
5.735416666666666430e+01,3.872701863543713262e+04
5.737500000000000000e+01,3.872702728668011696e+04
5.739583333333332860e+01,3.872703613967055571e+04
5.741666666666666430e+01,3.872704518946989265e+04
5.743750000000000000e+01,3.872705443100567936e+04
5.745833333333332860e+01,3.872706385907469667e+04
5.747916666666666430e+01,3.872707346834652708e+04
5.750000000000000000e+01,3.872708325336674898e+04
5.752083333333332860e+01,3.872709320856070553e+04
5.754166666666666430e+01,3.872710332823684439e+04
5.756250000000000000e+01,3.872711360659070488e+04
5.758333333333332860e+01,3.872712403770845413e+04
5.760416666666666430e+01,3.872713461557095434e+04
5.762500000000000000e+01,3.872714533405747352e+04
5.764583333333332860e+01,3.872715618694986915e+04
5.766666666666666430e+01,3.872716716793656815e+04
5.768750000000000000e+01,3.872717827061687422e+04
5.770833333333332860e+01,3.872718948850486777e+04
5.772916666666666430e+01,3.872720081503409892e+04
5.775000000000000000e+01,3.872721224356153834e+04
5.777083333333332860e+01,3.872722376737228478e+04
5.779166666666666430e+01,3.872723537968365417e+04
5.781250000000000000e+01,3.872724707365004724e+04
5.783333333333332860e+01,3.872725884236732236e+04
5.785416666666666430e+01,3.872727067887721932e+04
5.787500000000000000e+01,3.872728257617224881e+04
5.789583333333332860e+01,3.872729452720023255e+04
5.791666666666666430e+01,3.872730652486895269e+04
5.793750000000000000e+01,3.872731856205085205e+04
5.795833333333332860e+01,3.872733063158790901e+04
5.797916666666666430e+01,3.872734272629625775e+04
5.800000000000000000e+01,3.872735483897101949e+04
5.802083333333332860e+01,3.872736696239097364e+04
5.804166666666666430e+01,3.872737908932362916e+04
5.806250000000000000e+01,3.872739121252969198e+04
5.808333333333332860e+01,3.872740332476807089e+04
5.810416666666666430e+01,3.872741541880048317e+04
5.812500000000000000e+01,3.872742748739656963e+04
5.814583333333332860e+01,3.872743952333822381e+04
5.816666666666666430e+01,3.872745151942478697e+04
5.818750000000000000e+01,3.872746346847720270e+04
5.820833333333332860e+01,3.872747536334333563e+04
5.822916666666666430e+01,3.872748719690233702e+04
5.825000000000000000e+01,3.872749896206916310e+04
5.827083333333332860e+01,3.872751065179934812e+04
5.829166666666666430e+01,3.872752225909348635e+04
5.831250000000000000e+01,3.872753377700189594e+04
5.833333333333332860e+01,3.872754519862866437e+04
5.835416666666666430e+01,3.872755651713645784e+04
5.837500000000000000e+01,3.872756772575065406e+04
5.839583333333332860e+01,3.872757881776373688e+04
5.841666666666666430e+01,3.872758978653939266e+04
5.843750000000000000e+01,3.872760062551675946e+04
5.845833333333332860e+01,3.872761132821440697e+04
5.847916666666666430e+01,3.872762188823468750e+04
5.850000000000000000e+01,3.872763229926729400e+04
5.852083333333332860e+01,3.872764255509353825e+04
5.854166666666666430e+01,3.872765264959014166e+04
5.856250000000000000e+01,3.872766257673298242e+04
5.858333333333332860e+01,3.872767233060111175e+04
5.860416666666666430e+01,3.872768190538039198e+04
5.862500000000000000e+01,3.872769129536739638e+04
5.864583333333332860e+01,3.872770049497319997e+04
5.866666666666666430e+01,3.872770949872734491e+04
5.868750000000000000e+01,3.872771830128136207e+04
5.870833333333332860e+01,3.872772689741333306e+04
5.872916666666666430e+01,3.872773528203133174e+04
5.875000000000000000e+01,3.872774345017808810e+04
5.877083333333332860e+01,3.872775139703495370e+04
5.879166666666666430e+01,3.872775911792661645e+04
5.881250000000000000e+01,3.872776660832556081e+04
5.883333333333332860e+01,3.872777386385701539e+04
5.885416666666666430e+01,3.872778088030395884e+04
5.887500000000000000e+01,3.872778765361225669e+04
5.889583333333332860e+01,3.872779417989627837e+04
5.891666666666666430e+01,3.872780045544431050e+04
5.893750000000000000e+01,3.872780647672423947e+04
5.895833333333332860e+01,3.872781224038969958e+04
5.897916666666666430e+01,3.872781774328536267e+04
5.900000000000000000e+01,3.872782298245329730e+04
5.902083333333332860e+01,3.872782795513818564e+04
5.904166666666666430e+01,3.872783265879299870e+04
5.906250000000000000e+01,3.872783709108373296e+04
5.908333333333332860e+01,3.872784124989408156e+04
5.910416666666666430e+01,3.872784513332932693e+04
5.912500000000000000e+01,3.872784873971935303e+04
5.914583333333332860e+01,3.872785206762070447e+04
5.916666666666666430e+01,3.872785511581805622e+04
5.918750000000000000e+01,3.872785788332422089e+04
5.920833333333332860e+01,3.872786036937891913e+04
5.922916666666666430e+01,3.872786257344674232e+04
5.925000000000000000e+01,3.872786449521368195e+04
5.927083333333332860e+01,3.872786613458264037e+04
5.929166666666666430e+01,3.872786749166799564e+04
5.931250000000000000e+01,3.872786856678899494e+04
5.933333333333332860e+01,3.872786936046284973e+04
5.935416666666666430e+01,3.872786987339694315e+04
5.937500000000000000e+01,3.872787010648105206e+04
5.939583333333332860e+01,3.872787006077922706e+04
5.941666666666666430e+01,3.872786973752200720e+04
5.943750000000000000e+01,3.872786913809871476e+04
5.945833333333332860e+01,3.872786826405089960e+04
5.947916666666666430e+01,3.872786711706567439e+04
5.950000000000000000e+01,3.872786569897054869e+04
5.952083333333332860e+01,3.872786401172865590e+04
5.954166666666666430e+01,3.872786205743521714e+04
5.956250000000000000e+01,3.872785983831491467e+04
5.958333333333332860e+01,3.872785735671974544e+04
5.960416666666666430e+01,3.872785461512796610e+04
5.962500000000000000e+01,3.872785161614347453e+04
5.964583333333332860e+01,3.872784836249593354e+04
5.966666666666666430e+01,3.872784485704088002e+04
5.968750000000000000e+01,3.872784110276030697e+04
5.970833333333332860e+01,3.872783710276315105e+04
5.972916666666666430e+01,3.872783286028599832e+04
5.975000000000000000e+01,3.872782837869320792e+04
5.977083333333332860e+01,3.872782366147723224e+04
5.979166666666666430e+01,3.872781871225848590e+04
5.981250000000000000e+01,3.872781353478477831e+04
5.983333333333332860e+01,3.872780813293064421e+04
5.985416666666666430e+01,3.872780251069631777e+04
5.987500000000000000e+01,3.872779667220635019e+04
5.989583333333332860e+01,3.872779062170812540e+04
5.991666666666666430e+01,3.872778436356985185e+04
5.993750000000000000e+01,3.872777790227869991e+04
5.995833333333332860e+01,3.872777124243869184e+04
5.997916666666666430e+01,3.872776438876844622e+04
