0.000000000000000000e+00,-1.515940409683426333e+04
2.083333333333333218e-02,5.703338965996717161e+04
4.166666666666666435e-02,4.222920704229157127e+04
6.250000000000000000e-02,4.132702620375381230e+04
8.333333333333332871e-02,4.037104241658863612e+04
1.041666666666666574e-01,3.930291210283923283e+04
1.250000000000000000e-01,3.846520240659151750e+04
1.458333333333333148e-01,3.805823598046259576e+04
1.666666666666666574e-01,3.804875517691918503e+04
1.875000000000000000e-01,3.823380281280986674e+04
2.083333333333333148e-01,3.844057362414718955e+04
2.291666666666666574e-01,3.861212790413973562e+04
2.500000000000000000e-01,3.874090747675151943e+04
2.708333333333333148e-01,3.880933105866854748e+04
2.916666666666666297e-01,3.881047821043413569e+04
3.125000000000000000e-01,3.877262546296246728e+04
3.333333333333333148e-01,3.873278380734881648e+04
3.541666666666666297e-01,3.870414272142219852e+04
3.750000000000000000e-01,3.868241420659181313e+04
3.958333333333333148e-01,3.866751932090758783e+04
4.166666666666666297e-01,3.866468030598171026e+04
4.375000000000000000e-01,3.867275582167693210e+04
4.583333333333333148e-01,3.868400309173274582e+04
4.791666666666666297e-01,3.869362956241178472e+04
5.000000000000000000e-01,3.870254890773642546e+04
5.208333333333332593e-01,3.871173975653449452e+04
5.416666666666666297e-01,3.871935449891580356e+04
5.625000000000000000e-01,3.872379278423005599e+04
5.833333333333332593e-01,3.872590801587353053e+04
6.041666666666666297e-01,3.872708128947418300e+04
6.250000000000000000e-01,3.872726042131901340e+04
6.458333333333332593e-01,3.872586919692044467e+04
6.666666666666666297e-01,3.872327347775035742e+04
6.875000000000000000e-01,3.872040145195787773e+04
7.083333333333332593e-01,3.871765929736606631e+04
7.291666666666666297e-01,3.871497300756174809e+04
7.500000000000000000e-01,3.871250177586881910e+04
7.708333333333332593e-01,3.871070132191388257e+04
7.916666666666666297e-01,3.870982000242168579e+04
8.125000000000000000e-01,3.870974822911058436e+04
8.333333333333332593e-01,3.871033077259024867e+04
8.541666666666666297e-01,3.871153394567559008e+04
8.750000000000000000e-01,3.871328241195617011e+04
8.958333333333332593e-01,3.871534360795759858e+04
9.166666666666666297e-01,3.871744978038681438e+04
9.375000000000000000e-01,3.871943024000940204e+04
9.583333333333332593e-01,3.872118025294746622e+04
9.791666666666666297e-01,3.872258778673381312e+04
1.000000000000000000e+00,3.872355648342954373e+04
1.020833333333333259e+00,3.872406655537979532e+04
1.041666666666666519e+00,3.872416927567923995e+04
1.062500000000000000e+00,3.872393711194376374e+04
1.083333333333333259e+00,3.872344606775233115e+04
1.104166666666666519e+00,3.872279087344856816e+04
1.125000000000000000e+00,3.872208301009411662e+04
1.145833333333333259e+00,3.872142394507226709e+04
1.166666666666666519e+00,3.872088769560482615e+04
1.187500000000000000e+00,3.872052507852856070e+04
1.208333333333333259e+00,3.872036927895541157e+04
1.229166666666666519e+00,3.872043086574230256e+04
1.250000000000000000e+00,3.872069376528744033e+04
1.270833333333333259e+00,3.872112179885812657e+04
1.291666666666666519e+00,3.872166891679119726e+04
1.312500000000000000e+00,3.872228447310635238e+04
1.333333333333333259e+00,3.872291572232126782e+04
1.354166666666666519e+00,3.872351292601285968e+04
1.375000000000000000e+00,3.872403578807075974e+04
1.395833333333333259e+00,3.872445675146103167e+04
1.416666666666666519e+00,3.872476087595811987e+04
1.437500000000000000e+00,3.872494516357276007e+04
1.458333333333333259e+00,3.872501813240362389e+04
1.479166666666666519e+00,3.872499811336489802e+04
1.500000000000000000e+00,3.872490986600902397e+04
1.520833333333333259e+00,3.872478096655130503e+04
1.541666666666666519e+00,3.872463900669693976e+04
1.562500000000000000e+00,3.872450926959599747e+04
1.583333333333333259e+00,3.872441250894260156e+04
1.604166666666666519e+00,3.872436327818486461e+04
1.625000000000000000e+00,3.872436931210612238e+04
1.645833333333333259e+00,3.872443179530079215e+04
1.666666666666666519e+00,3.872454608645450207e+04
1.687500000000000000e+00,3.872470278461153066e+04
1.708333333333333259e+00,3.872488919677802915e+04
1.729166666666666519e+00,3.872509104526217561e+04
1.750000000000000000e+00,3.872529408777866047e+04
1.770833333333333259e+00,3.872548546140005055e+04
1.791666666666666519e+00,3.872565473687748454e+04
1.812500000000000000e+00,3.872579466054052318e+04
1.833333333333333259e+00,3.872590150136109878e+04
1.854166666666666519e+00,3.872597497898922302e+04
1.875000000000000000e+00,3.872601785702450434e+04
1.895833333333333259e+00,3.872603531296143774e+04
1.916666666666666519e+00,3.872603416116342851e+04
1.937500000000000000e+00,3.872602199903626024e+04
1.958333333333333259e+00,3.872600637268753781e+04
1.979166666666666519e+00,3.872599405697113980e+04
2.000000000000000000e+00,3.872599050565626385e+04
2.020833333333333037e+00,3.872599949278155691e+04
2.041666666666666519e+00,3.872602295433242398e+04
2.062500000000000000e+00,3.872606102829984593e+04
2.083333333333333037e+00,3.872611226776933472e+04
2.104166666666666519e+00,3.872617398093399242e+04
2.125000000000000000e+00,3.872624264709518320e+04
2.145833333333333037e+00,3.872631436176715215e+04
2.166666666666666519e+00,3.872638526656496833e+04
2.187500000000000000e+00,3.872645192280025367e+04
2.208333333333333037e+00,3.872651159767655190e+04
2.229166666666666519e+00,3.872656244656354829e+04
2.250000000000000000e+00,3.872660358761509269e+04
2.270833333333333037e+00,3.872663507440190733e+04
2.291666666666666519e+00,3.872665778067794599e+04
2.312500000000000000e+00,3.872667321907202859e+04
2.333333333333333037e+00,3.872668331992356252e+04
2.354166666666666519e+00,3.872669019668445981e+04
2.375000000000000000e+00,3.872669592186038790e+04
2.395833333333333037e+00,3.872670233375150565e+04
2.416666666666666519e+00,3.872671088921782211e+04
2.437500000000000000e+00,3.872672257130875369e+04
2.458333333333333037e+00,3.872673785392626451e+04
2.479166666666666519e+00,3.872675671991161653e+04
2.500000000000000000e+00,3.872677872441505315e+04
2.520833333333333037e+00,3.872680309204280638e+04
2.541666666666666519e+00,3.872682883427094930e+04
2.562500000000000000e+00,3.872685487323517009e+04
2.583333333333333037e+00,3.872688015914664720e+04
2.604166666666666519e+00,3.872690377077732410e+04
2.625000000000000000e+00,3.872692499132773082e+04
2.645833333333333037e+00,3.872694335525779752e+04
2.666666666666666519e+00,3.872695866503172874e+04
2.687500000000000000e+00,3.872697097980070976e+04
2.708333333333333037e+00,3.872698058051033877e+04
2.729166666666666519e+00,3.872698791764354246e+04
2.750000000000000000e+00,3.872699354874590063e+04
2.770833333333333037e+00,3.872699807302899717e+04
2.791666666666666519e+00,3.872700206975222682e+04
2.812500000000000000e+00,3.872700604590086732e+04
2.833333333333333037e+00,3.872701039711231715e+04
2.854166666666666519e+00,3.872701538405148312e+04
2.875000000000000000e+00,3.872702112467738334e+04
2.895833333333333037e+00,3.872702760124781344e+04
2.916666666666666519e+00,3.872703467961413844e+04
2.937500000000000000e+00,3.872704213746762252e+04
2.958333333333333037e+00,3.872704969772815821e+04
2.979166666666666519e+00,3.872705706322741753e+04
3.000000000000000000e+00,3.872706394916825957e+04
3.020833333333333037e+00,3.872707011048030108e+04
3.041666666666666519e+00,3.872707536203078780e+04
3.062500000000000000e+00,3.872707959058616689e+04
3.083333333333333037e+00,3.872708275834980304e+04
3.104166666666666519e+00,3.872708489873882354e+04
3.125000000000000000e+00,3.872708610573641636e+04
3.145833333333333037e+00,3.872708651861934050e+04
3.166666666666666519e+00,3.872708630409347825e+04
3.187500000000000000e+00,3.872708563787906314e+04
3.208333333333333037e+00,3.872708468759780953e+04
3.229166666666666519e+00,3.872708359846771782e+04
3.250000000000000000e+00,3.872708248285789887e+04
3.270833333333333037e+00,3.872708141425991926e+04
3.291666666666666519e+00,3.872708042573460261e+04
3.312500000000000000e+00,3.872707951245445292e+04
3.333333333333333037e+00,3.872707863760963664e+04
3.354166666666666519e+00,3.872707774070617597e+04
3.375000000000000000e+00,3.872707674716822658e+04
3.395833333333333037e+00,3.872707557815952168e+04
3.416666666666666519e+00,3.872707415964639949e+04
3.437500000000000000e+00,3.872707242991318344e+04
3.458333333333333037e+00,3.872707034498543362e+04
3.479166666666666519e+00,3.872706788168237108e+04
3.500000000000000000e+00,3.872706503828467248e+04
3.520833333333333037e+00,3.872706183303289436e+04
3.541666666666666519e+00,3.872705830086050264e+04
3.562500000000000000e+00,3.872705448888664250e+04
3.583333333333333037e+00,3.872705045125136530e+04
3.604166666666666519e+00,3.872704624387263175e+04
3.625000000000000000e+00,3.872704191964277561e+04
3.645833333333333037e+00,3.872703752447748411e+04
3.666666666666666519e+00,3.872703309450108645e+04
3.687500000000000000e+00,3.872702865450638637e+04
3.708333333333333037e+00,3.872702421768829663e+04
3.729166666666666519e+00,3.872701978652796970e+04
3.750000000000000000e+00,3.872701535460534069e+04
3.770833333333333037e+00,3.872701090905599267e+04
3.791666666666666519e+00,3.872700643335795030e+04
3.812500000000000000e+00,3.872700191013979929e+04
3.833333333333333037e+00,3.872699732373523148e+04
3.854166666666666519e+00,3.872699266226602776e+04
3.875000000000000000e+00,3.872698791910745786e+04
3.895833333333333037e+00,3.872698309366563626e+04
3.916666666666666519e+00,3.872697819147202244e+04
3.937500000000000000e+00,3.872697322366682056e+04
3.958333333333333037e+00,3.872696820599187049e+04
3.979166666666666519e+00,3.872696315744784806e+04
4.000000000000000000e+00,3.872695809878543514e+04
4.020833333333333037e+00,3.872695305099599500e+04
4.041666666666666075e+00,3.872694803394681367e+04
4.062500000000000000e+00,3.872694306527794834e+04
4.083333333333333037e+00,3.872693815963425732e+04
4.104166666666666075e+00,3.872693332827010454e+04
4.125000000000000000e+00,3.872692857901939715e+04
4.145833333333333037e+00,3.872692391659252462e+04
4.166666666666666075e+00,3.872691934313137608e+04
4.187500000000000000e+00,3.872691485894045036e+04
4.208333333333333037e+00,3.872691046330052632e+04
4.229166666666666075e+00,3.872690615527747286e+04
4.250000000000000000e+00,3.872690193444771285e+04
4.270833333333333037e+00,3.872689780147997953e+04
4.291666666666666075e+00,3.872689375853270030e+04
4.312500000000000000e+00,3.872688980945108779e+04
4.333333333333333037e+00,3.872688595976616489e+04
4.354166666666666075e+00,3.872688221652056382e+04
4.375000000000000000e+00,3.872687858795584179e+04
4.395833333333333037e+00,3.872687508310950216e+04
4.416666666666666075e+00,3.872687171136879624e+04
4.437500000000000000e+00,3.872686848203111003e+04
4.458333333333333037e+00,3.872686540391160815e+04
4.479166666666666075e+00,3.872686248503017850e+04
4.500000000000000000e+00,3.872685973239940358e+04
4.520833333333333037e+00,3.872685715192067437e+04
4.541666666666666075e+00,3.872685474838787195e+04
4.562500000000000000e+00,3.872685252558335924e+04
4.583333333333333037e+00,3.872685048644751805e+04
4.604166666666666075e+00,3.872684863329628570e+04
4.625000000000000000e+00,3.872684696805957356e+04
4.645833333333333037e+00,3.872684549251536373e+04
4.666666666666666075e+00,3.872684420849769958e+04
4.687500000000000000e+00,3.872684311805892503e+04
4.708333333333333037e+00,3.872684222357880935e+04
4.729166666666666075e+00,3.872684152781354351e+04
4.750000000000000000e+00,3.872684103388788208e+04
4.770833333333333037e+00,3.872684074523692107e+04
4.791666666666666075e+00,3.872684066550903663e+04
4.812500000000000000e+00,3.872684079844399093e+04
4.833333333333333037e+00,3.872684114774067712e+04
4.854166666666666075e+00,3.872684171692699601e+04
4.875000000000000000e+00,3.872684250924672233e+04
4.895833333333333037e+00,3.872684352756939916e+04
4.916666666666666075e+00,3.872684477433121356e+04
4.937500000000000000e+00,3.872684625150798092e+04
4.958333333333333037e+00,3.872684796061905945e+04
4.979166666666666075e+00,3.872684990275838209e+04
5.000000000000000000e+00,3.872685207864687982e+04
5.020833333333333037e+00,3.872685448869755783e+04
5.041666666666666075e+00,3.872685713308631239e+04
5.062500000000000000e+00,3.872686001182092878e+04
5.083333333333333037e+00,3.872686312480125343e+04
5.104166666666666075e+00,3.872686647186624759e+04
5.125000000000000000e+00,3.872687005282472819e+04
5.145833333333333037e+00,3.872687386746832635e+04
5.166666666666666075e+00,3.872687791556798766e+04
5.187500000000000000e+00,3.872688219685595686e+04
5.208333333333333037e+00,3.872688671099693602e+04
5.229166666666666075e+00,3.872689145755219943e+04
5.250000000000000000e+00,3.872689643594080553e+04
5.270833333333333037e+00,3.872690164540295518e+04
5.291666666666666075e+00,3.872690708496762818e+04
5.312500000000000000e+00,3.872691275342817244e+04
5.333333333333333037e+00,3.872691864932699536e+04
5.354166666666666075e+00,3.872692477094955393e+04
5.375000000000000000e+00,3.872693111632796354e+04
5.395833333333333037e+00,3.872693768325318524e+04
5.416666666666666075e+00,3.872694446929123660e+04
5.437500000000000000e+00,3.872695147180582717e+04
5.458333333333333037e+00,3.872695868798062293e+04
5.479166666666666075e+00,3.872696611484156165e+04
5.500000000000000000e+00,3.872697374927643250e+04
5.520833333333333037e+00,3.872698158805035928e+04
5.541666666666666075e+00,3.872698962781645969e+04
5.562500000000000000e+00,3.872699786512182618e+04
5.583333333333333037e+00,3.872700629640761326e+04
5.604166666666666075e+00,3.872701491800654912e+04
5.625000000000000000e+00,3.872702372613546322e+04
5.645833333333333037e+00,3.872703271688770474e+04
5.666666666666666075e+00,3.872704188622356014e+04
5.687500000000000000e+00,3.872705122996248974e+04
5.708333333333333037e+00,3.872706074377591722e+04
5.729166666666666075e+00,3.872707042318296590e+04
5.750000000000000000e+00,3.872708026354903996e+04
5.770833333333333037e+00,3.872709026008703222e+04
5.791666666666666075e+00,3.872710040786144964e+04
5.812500000000000000e+00,3.872711070179510716e+04
5.833333333333333037e+00,3.872712113667729136e+04
5.854166666666666075e+00,3.872713170717368484e+04
5.875000000000000000e+00,3.872714240783564310e+04
5.895833333333333037e+00,3.872715323311043903e+04
5.916666666666666075e+00,3.872716417735016876e+04
5.937500000000000000e+00,3.872717523481928220e+04
5.958333333333333037e+00,3.872718639970123331e+04
5.979166666666666075e+00,3.872719766610328952e+04
6.000000000000000000e+00,3.872720902805982769e+04
6.020833333333333037e+00,3.872722047953488800e+04
6.041666666666666075e+00,3.872723201442334539e+04
6.062500000000000000e+00,3.872724362655227742e+04
6.083333333333333037e+00,3.872725530968114617e+04
6.104166666666666075e+00,3.872726705750363908e+04
6.125000000000000000e+00,3.872727886364817095e+04
6.145833333333333037e+00,3.872729072168109269e+04
6.166666666666666075e+00,3.872730262510952161e+04
6.187500000000000000e+00,3.872731456738519046e+04
6.208333333333333037e+00,3.872732654190954054e+04
6.229166666666666075e+00,3.872733854203928786e+04
6.250000000000000000e+00,3.872735056109256402e+04
6.270833333333333037e+00,3.872736259235528996e+04
6.291666666666666075e+00,3.872737462908780435e+04
6.312500000000000000e+00,3.872738666453129554e+04
6.333333333333333037e+00,3.872739869191418984e+04
6.354166666666666075e+00,3.872741070445799414e+04
6.375000000000000000e+00,3.872742269538252731e+04
6.395833333333333037e+00,3.872743465791118069e+04
6.416666666666666075e+00,3.872744658527540014e+04
6.437500000000000000e+00,3.872745847071852040e+04
6.458333333333333037e+00,3.872747030750012345e+04
6.479166666666666075e+00,3.872748208889952366e+04
6.500000000000000000e+00,3.872749380821935483e+04
6.520833333333333037e+00,3.872750545878909907e+04
6.541666666666666075e+00,3.872751703396908852e+04
6.562500000000000000e+00,3.872752852715431800e+04
6.583333333333333037e+00,3.872753993177865050e+04
6.604166666666666075e+00,3.872755124131898629e+04
6.625000000000000000e+00,3.872756244929986133e+04
6.645833333333333037e+00,3.872757354929804569e+04
6.666666666666666075e+00,3.872758453494733112e+04
6.687500000000000000e+00,3.872759539994295483e+04
6.708333333333333037e+00,3.872760613804680906e+04
6.729166666666666075e+00,3.872761674309126829e+04
6.750000000000000000e+00,3.872762720898397674e+04
6.770833333333333037e+00,3.872763752971168287e+04
6.791666666666666075e+00,3.872764769934432843e+04
6.812500000000000000e+00,3.872765771203828626e+04
6.833333333333333037e+00,3.872766756204005651e+04
6.854166666666666075e+00,3.872767724368892959e+04
6.875000000000000000e+00,3.872768675142031861e+04
6.895833333333333037e+00,3.872769607976781845e+04
6.916666666666666075e+00,3.872770522336611612e+04
6.937500000000000000e+00,3.872771417695358105e+04
6.958333333333333037e+00,3.872772293537412042e+04
6.979166666666666075e+00,3.872773149357973307e+04
7.000000000000000000e+00,3.872773984663312149e+04
7.020833333333333037e+00,3.872774798970950360e+04
7.041666666666666075e+00,3.872775591809950129e+04
7.062500000000000000e+00,3.872776362721145415e+04
7.083333333333333037e+00,3.872777111257406796e+04
7.104166666666666075e+00,3.872777836983940506e+04
7.125000000000000000e+00,3.872778539478578023e+04
7.145833333333333037e+00,3.872779218332122400e+04
7.166666666666666075e+00,3.872779873148724437e+04
7.187500000000000000e+00,3.872780503546261025e+04
7.208333333333333037e+00,3.872781109156827733e+04
7.229166666666666075e+00,3.872781689627204469e+04
7.250000000000000000e+00,3.872782244619471021e+04
7.270833333333333037e+00,3.872782773811597872e+04
7.291666666666666075e+00,3.872783276898146869e+04
7.312500000000000000e+00,3.872783753591043205e+04
7.333333333333333037e+00,3.872784203620343760e+04
7.354166666666666075e+00,3.872784626735159691e+04
7.375000000000000000e+00,3.872785022704497533e+04
7.395833333333333037e+00,3.872785391318175971e+04
7.416666666666666075e+00,3.872785732387734606e+04
7.437500000000000000e+00,3.872786045747305616e+04
7.458333333333333037e+00,3.872786331254368997e+04
7.479166666666666075e+00,3.872786588790507813e+04
7.500000000000000000e+00,3.872786818261909502e+04
7.520833333333333037e+00,3.872787019599821360e+04
7.541666666666666075e+00,3.872787192760724429e+04
7.562500000000000000e+00,3.872787337726385886e+04
7.583333333333333037e+00,3.872787454503591289e+04
7.604166666666666075e+00,3.872787543123734940e+04
7.625000000000000000e+00,3.872787603642149043e+04
7.645833333333333037e+00,3.872787636137254594e+04
7.666666666666666075e+00,3.872787640709505649e+04
7.687500000000000000e+00,3.872787617480236077e+04
7.708333333333333037e+00,3.872787566590365896e+04
7.729166666666666075e+00,3.872787488199099607e+04
7.750000000000000000e+00,3.872787382482577959e+04
7.770833333333333037e+00,3.872787249632639578e+04
7.791666666666666075e+00,3.872787089855605154e+04
7.812500000000000000e+00,3.872786903371243534e+04
7.833333333333333037e+00,3.872786690411844756e+04
7.854166666666666075e+00,3.872786451221517927e+04
7.875000000000000000e+00,3.872786186055632425e+04
7.895833333333333037e+00,3.872785895180454827e+04
7.916666666666666075e+00,3.872785578872948099e+04
7.937500000000000000e+00,3.872785237420709745e+04
7.958333333333333037e+00,3.872784871122038749e+04
7.979166666666666075e+00,3.872784480286091275e+04
8.000000000000000000e+00,3.872784065233096044e+04
8.020833333333332149e+00,3.872783626294598798e+04
8.041666666666666075e+00,3.872783163813660940e+04
8.062500000000000000e+00,3.872782678145143291e+04
8.083333333333332149e+00,3.872782169655812322e+04
8.104166666666666075e+00,3.872781638724487129e+04
8.125000000000000000e+00,3.872781085742091091e+04
8.145833333333332149e+00,3.872780511111640226e+04
8.166666666666666075e+00,3.872779915248183534e+04
8.187500000000000000e+00,3.872779298578664020e+04
8.208333333333332149e+00,3.872778661541787005e+04
8.229166666666666075e+00,3.872778004587803298e+04
8.250000000000000000e+00,3.872777328178287280e+04
8.270833333333332149e+00,3.872776632785881520e+04
8.291666666666666075e+00,3.872775918894142524e+04
8.312500000000000000e+00,3.872775186997210403e+04
8.333333333333332149e+00,3.872774437599605153e+04
8.354166666666666075e+00,3.872773671215990180e+04
8.375000000000000000e+00,3.872772888370943838e+04
8.395833333333332149e+00,3.872772089598704042e+04
8.416666666666666075e+00,3.872771275442937622e+04
8.437500000000000000e+00,3.872770446456495119e+04
8.458333333333332149e+00,3.872769603201127757e+04
8.479166666666666075e+00,3.872768746247210947e+04
8.500000000000000000e+00,3.872767876173446712e+04
8.520833333333332149e+00,3.872766993566550809e+04
8.541666666666666075e+00,3.872766099020870024e+04
8.562500000000000000e+00,3.872765193138047471e+04
8.583333333333332149e+00,3.872764276526614412e+04
8.604166666666666075e+00,3.872763349801624281e+04
8.625000000000000000e+00,3.872762413584201568e+04
8.645833333333332149e+00,3.872761468501144554e+04
8.666666666666666075e+00,3.872760515184474934e+04
8.687500000000000000e+00,3.872759554271041270e+04
8.708333333333332149e+00,3.872758586402032233e+04
8.729166666666666075e+00,3.872757612222593889e+04
8.750000000000000000e+00,3.872756632381384406e+04
8.770833333333332149e+00,3.872755647530144779e+04
8.791666666666666075e+00,3.872754658323270996e+04
8.812500000000000000e+00,3.872753665417412412e+04
8.833333333333332149e+00,3.872752669471009722e+04
8.854166666666666075e+00,3.872751671143920976e+04
8.875000000000000000e+00,3.872750671096968290e+04
8.895833333333332149e+00,3.872749669991520204e+04
8.916666666666666075e+00,3.872748668489051488e+04
8.937500000000000000e+00,3.872747667250743689e+04
8.958333333333332149e+00,3.872746666937009286e+04
8.979166666666666075e+00,3.872745668207086419e+04
9.000000000000000000e+00,3.872744671718568134e+04
9.020833333333332149e+00,3.872743678126979648e+04
9.041666666666666075e+00,3.872742688085328700e+04
9.062500000000000000e+00,3.872741702243650070e+04
9.083333333333332149e+00,3.872740721248595219e+04
9.104166666666666075e+00,3.872739745742952073e+04
9.125000000000000000e+00,3.872738776365241210e+04
9.145833333333332149e+00,3.872737813749252382e+04
9.166666666666666075e+00,3.872736858523643605e+04
9.187500000000000000e+00,3.872735911311502423e+04
9.208333333333332149e+00,3.872734972729940637e+04
9.229166666666666075e+00,3.872734043389646831e+04
9.250000000000000000e+00,3.872733123894521123e+04
9.270833333333332149e+00,3.872732214841247333e+04
9.291666666666666075e+00,3.872731316818893538e+04
9.312500000000000000e+00,3.872730430408509710e+04
9.333333333333332149e+00,3.872729556182761007e+04
9.354166666666666075e+00,3.872728694705513772e+04
9.375000000000000000e+00,3.872727846531481191e+04
9.395833333333332149e+00,3.872727012205808569e+04
9.416666666666666075e+00,3.872726192263747362e+04
9.437500000000000000e+00,3.872725387230240449e+04
9.458333333333332149e+00,3.872724597619609995e+04
9.479166666666666075e+00,3.872723823935163819e+04
9.500000000000000000e+00,3.872723066668869433e+04
9.520833333333332149e+00,3.872722326301012799e+04
9.541666666666666075e+00,3.872721603299869457e+04
9.562500000000000000e+00,3.872720898121358914e+04
9.583333333333332149e+00,3.872720211208752880e+04
9.604166666666666075e+00,3.872719542992376955e+04
9.625000000000000000e+00,3.872718893889273750e+04
9.645833333333332149e+00,3.872718264302952593e+04
9.666666666666666075e+00,3.872717654623104318e+04
9.687500000000000000e+00,3.872717065225308761e+04
9.708333333333332149e+00,3.872716496470785205e+04
9.729166666666666075e+00,3.872715948706171184e+04
9.750000000000000000e+00,3.872715422263223445e+04
9.770833333333332149e+00,3.872714917458644777e+04
9.791666666666666075e+00,3.872714434593800979e+04
9.812500000000000000e+00,3.872713973954570974e+04
9.833333333333332149e+00,3.872713535811087786e+04
9.854166666666666075e+00,3.872713120417603204e+04
9.875000000000000000e+00,3.872712728012250591e+04
9.895833333333332149e+00,3.872712358816921187e+04
9.916666666666666075e+00,3.872712013037052384e+04
9.937500000000000000e+00,3.872711690861535317e+04
9.958333333333332149e+00,3.872711392462532967e+04
9.979166666666666075e+00,3.872711117995389941e+04
1.000000000000000000e+01,3.872710867598486220e+04
1.002083333333333215e+01,3.872710641393155674e+04
1.004166666666666607e+01,3.872710439483568189e+04
1.006250000000000000e+01,3.872710261956704198e+04
1.008333333333333215e+01,3.872710108882209897e+04
1.010416666666666607e+01,3.872709980312410335e+04
1.012500000000000000e+01,3.872709876282230107e+04
1.014583333333333215e+01,3.872709796809168620e+04
1.016666666666666607e+01,3.872709741893289174e+04
1.018750000000000000e+01,3.872709711517185497e+04
1.020833333333333215e+01,3.872709705646023940e+04
1.022916666666666607e+01,3.872709724227520201e+04
1.025000000000000000e+01,3.872709767192006984e+04
1.027083333333333215e+01,3.872709834452423820e+04
1.029166666666666607e+01,3.872709925904432021e+04
1.031250000000000000e+01,3.872710041426419775e+04
1.033333333333333215e+01,3.872710180879617837e+04
1.035416666666666607e+01,3.872710344108159916e+04
1.037500000000000000e+01,3.872710530939218734e+04
1.039583333333333215e+01,3.872710741183082428e+04
1.041666666666666607e+01,3.872710974633285514e+04
1.043750000000000000e+01,3.872711231066769687e+04
1.045833333333333215e+01,3.872711510244011879e+04
1.047916666666666607e+01,3.872711811909171956e+04
1.050000000000000000e+01,3.872712135790283355e+04
1.052083333333333215e+01,3.872712481599436433e+04
1.054166666666666607e+01,3.872712849032970553e+04
1.056250000000000000e+01,3.872713237771656713e+04
1.058333333333333215e+01,3.872713647480939835e+04
1.060416666666666607e+01,3.872714077811172319e+04
1.062500000000000000e+01,3.872714528397827235e+04
1.064583333333333215e+01,3.872714998861744243e+04
1.066666666666666607e+01,3.872715488809422823e+04
1.068750000000000000e+01,3.872715997833270376e+04
1.070833333333333215e+01,3.872716525511863438e+04
1.072916666666666607e+01,3.872717071410284552e+04
1.075000000000000000e+01,3.872717635080379114e+04
1.077083333333333215e+01,3.872718216061079875e+04
1.079166666666666607e+01,3.872718813878745277e+04
1.081250000000000000e+01,3.872719428047434485e+04
1.083333333333333215e+01,3.872720058069309016e+04
1.085416666666666607e+01,3.872720703434939787e+04
1.087500000000000000e+01,3.872721363623674551e+04
1.089583333333333215e+01,3.872722038103992963e+04
1.091666666666666607e+01,3.872722726333874016e+04
1.093750000000000000e+01,3.872723427761194034e+04
1.095833333333333215e+01,3.872724141824095568e+04
1.097916666666666607e+01,3.872724867951402121e+04
1.100000000000000000e+01,3.872725605562979035e+04
1.102083333333333215e+01,3.872726354070186790e+04
1.104166666666666607e+01,3.872727112876261526e+04
1.106250000000000000e+01,3.872727881376772712e+04
1.108333333333333215e+01,3.872728658960007306e+04
1.110416666666666607e+01,3.872729445007423783e+04
1.112500000000000000e+01,3.872730238894089416e+04
1.114583333333333215e+01,3.872731039989119745e+04
1.116666666666666607e+01,3.872731847656147147e+04
1.118750000000000000e+01,3.872732661253720289e+04
1.120833333333333215e+01,3.872733480135831633e+04
1.122916666666666607e+01,3.872734303652313247e+04
1.125000000000000000e+01,3.872735131149343943e+04
1.127083333333333215e+01,3.872735961969915661e+04
1.129166666666666607e+01,3.872736795454275853e+04
1.131250000000000000e+01,3.872737630940408417e+04
1.133333333333333215e+01,3.872738467764545931e+04
1.135416666666666607e+01,3.872739305261607660e+04
1.137500000000000000e+01,3.872740142765697965e+04
1.139583333333333215e+01,3.872740979610599607e+04
1.141666666666666607e+01,3.872741815130232862e+04
1.143750000000000000e+01,3.872742648659151018e+04
1.145833333333333215e+01,3.872743479533044592e+04
1.147916666666666607e+01,3.872744307089202630e+04
1.150000000000000000e+01,3.872745130667014746e+04
1.152083333333333215e+01,3.872745949608469527e+04
1.154166666666666607e+01,3.872746763258619467e+04
1.156250000000000000e+01,3.872747570966084459e+04
1.158333333333333215e+01,3.872748372083536378e+04
1.160416666666666607e+01,3.872749165968181478e+04
1.162500000000000000e+01,3.872749951982278435e+04
1.164583333333333215e+01,3.872750729493566178e+04
1.166666666666666607e+01,3.872751497875813220e+04
1.168750000000000000e+01,3.872752256509261497e+04
1.170833333333333215e+01,3.872753004781123309e+04
1.172916666666666607e+01,3.872753742086058628e+04
1.175000000000000000e+01,3.872754467826663313e+04
1.177083333333333215e+01,3.872755181413949322e+04
1.179166666666666607e+01,3.872755882267818379e+04
1.181250000000000000e+01,3.872756569817524723e+04
1.183333333333333215e+01,3.872757243502178608e+04
1.185416666666666607e+01,3.872757902771186491e+04
1.187500000000000000e+01,3.872758547084750171e+04
1.189583333333333215e+01,3.872759175914302614e+04
1.191666666666666607e+01,3.872759788742975798e+04
1.193750000000000000e+01,3.872760385066073650e+04
1.195833333333333215e+01,3.872760964391511516e+04
1.197916666666666607e+01,3.872761526240252715e+04
1.200000000000000000e+01,3.872762070146769838e+04
1.202083333333333215e+01,3.872762595659450017e+04
1.204166666666666607e+01,3.872763102341019112e+04
1.206250000000000000e+01,3.872763589768951351e+04
1.208333333333333215e+01,3.872764057535850588e+04
1.210416666666666607e+01,3.872764505249849026e+04
1.212500000000000000e+01,3.872764932534909167e+04
1.214583333333333215e+01,3.872765339031201438e+04
1.216666666666666607e+01,3.872765724395388679e+04
1.218750000000000000e+01,3.872766088300874981e+04
1.220833333333333215e+01,3.872766430438069074e+04
1.222916666666666607e+01,3.872766750514561863e+04
1.225000000000000000e+01,3.872767048255277768e+04
1.227083333333333215e+01,3.872767323402596958e+04
1.229166666666666607e+01,3.872767575716388092e+04
1.231250000000000000e+01,3.872767804974017781e+04
1.233333333333333215e+01,3.872768010970280739e+04
1.235416666666666607e+01,3.872768193517306645e+04
1.237500000000000000e+01,3.872768352444356424e+04
1.239583333333333215e+01,3.872768487597636704e+04
1.241666666666666607e+01,3.872768598839988408e+04
1.243750000000000000e+01,3.872768686050541874e+04
1.245833333333333215e+01,3.872768749124399619e+04
1.247916666666666607e+01,3.872768787972176506e+04
1.250000000000000000e+01,3.872768802519657038e+04
1.252083333333333215e+01,3.872768792707289685e+04
1.254166666666666607e+01,3.872768758489823813e+04
1.256250000000000000e+01,3.872768699835873122e+04
1.258333333333333215e+01,3.872768616727615881e+04
1.260416666666666607e+01,3.872768509160435497e+04
1.262500000000000000e+01,3.872768377142713871e+04
1.264583333333333215e+01,3.872768220695641503e+04
1.266666666666666607e+01,3.872768039853197115e+04
1.268750000000000000e+01,3.872767834662125097e+04
1.270833333333333215e+01,3.872767605182053376e+04
1.272916666666666607e+01,3.872767351485731342e+04
1.275000000000000000e+01,3.872767073659264861e+04
1.277083333333333215e+01,3.872766771802530275e+04
1.279166666666666607e+01,3.872766446029555664e+04
1.281250000000000000e+01,3.872766096469027980e+04
1.283333333333333215e+01,3.872765723264721601e+04
1.285416666666666607e+01,3.872765326576024381e+04
1.287500000000000000e+01,3.872764906578368391e+04
1.289583333333333215e+01,3.872764463463669381e+04
1.291666666666666607e+01,3.872763997440680396e+04
1.293750000000000000e+01,3.872763508735310461e+04
1.295833333333333215e+01,3.872762997590800660e+04
1.297916666666666607e+01,3.872762464267863834e+04
1.300000000000000000e+01,3.872761909044721688e+04
1.302083333333333215e+01,3.872761332217042946e+04
1.304166666666666607e+01,3.872760734097778914e+04
1.306250000000000000e+01,3.872760115016993950e+04
1.308333333333333215e+01,3.872759475321534410e+04
1.310416666666666607e+01,3.872758815374702681e+04
1.312500000000000000e+01,3.872758135555892659e+04
1.314583333333333215e+01,3.872757436260143004e+04
1.316666666666666607e+01,3.872756717897755880e+04
1.318750000000000000e+01,3.872755980893783999e+04
1.320833333333333215e+01,3.872755225687663187e+04
1.322916666666666607e+01,3.872754452732716163e+04
1.325000000000000000e+01,3.872753662495738536e+04
1.327083333333333215e+01,3.872752855456573889e+04
1.329166666666666607e+01,3.872752032107681589e+04
1.331250000000000000e+01,3.872751192953767895e+04
1.333333333333333215e+01,3.872750338511322479e+04
1.335416666666666607e+01,3.872749469308267726e+04
1.337500000000000000e+01,3.872748585883554915e+04
1.339583333333333215e+01,3.872747688786720391e+04
1.341666666666666607e+01,3.872746778577546502e+04
1.343750000000000000e+01,3.872745855825586477e+04
1.345833333333333215e+01,3.872744921109795541e+04
1.347916666666666607e+01,3.872743975018083438e+04
1.350000000000000000e+01,3.872743018146917166e+04
1.352083333333333215e+01,3.872742051100842218e+04
1.354166666666666607e+01,3.872741074492091138e+04
1.356250000000000000e+01,3.872740088940117130e+04
1.358333333333333215e+01,3.872739095071185875e+04
1.360416666666666607e+01,3.872738093517910602e+04
1.362500000000000000e+01,3.872737084918835899e+04
1.364583333333333215e+01,3.872736069917990972e+04
1.366666666666666607e+01,3.872735049164469820e+04
1.368750000000000000e+01,3.872734023311987403e+04
1.370833333333333215e+01,3.872732993018494744e+04
1.372916666666666607e+01,3.872731958945682709e+04
1.375000000000000000e+01,3.872730921758610202e+04
1.377083333333333215e+01,3.872729882125266158e+04
1.379166666666666607e+01,3.872728840716140257e+04
1.381250000000000000e+01,3.872727798203783459e+04
1.383333333333333215e+01,3.872726755262382358e+04
1.385416666666666607e+01,3.872725712567324808e+04
1.387500000000000000e+01,3.872724670794783015e+04
1.389583333333333215e+01,3.872723630621220218e+04
1.391666666666666607e+01,3.872722592723005073e+04
1.393750000000000000e+01,3.872721557775929978e+04
1.395833333333333215e+01,3.872720526454782521e+04
1.397916666666666607e+01,3.872719499432909652e+04
1.400000000000000000e+01,3.872718477381733101e+04
1.402083333333333215e+01,3.872717460970347747e+04
1.404166666666666607e+01,3.872716450865055958e+04
1.406250000000000000e+01,3.872715447728941945e+04
1.408333333333333215e+01,3.872714452221412648e+04
1.410416666666666607e+01,3.872713464997764095e+04
1.412500000000000000e+01,3.872712486708792130e+04
1.414583333333333215e+01,3.872711518000291835e+04
1.416666666666666607e+01,3.872710559512671171e+04
1.418750000000000000e+01,3.872709611880560260e+04
1.420833333333333215e+01,3.872708675732310803e+04
1.422916666666666607e+01,3.872707751689630823e+04
1.425000000000000000e+01,3.872706840367177210e+04
1.427083333333333215e+01,3.872705942372111895e+04
1.429166666666666607e+01,3.872705058303729311e+04
1.431250000000000000e+01,3.872704188753018389e+04
1.433333333333333215e+01,3.872703334302298754e+04
1.435416666666666607e+01,3.872702495524797268e+04
1.437500000000000000e+01,3.872701672984276229e+04
1.439583333333333215e+01,3.872700867234660109e+04
1.441666666666666607e+01,3.872700078819624468e+04
1.443750000000000000e+01,3.872699308272252529e+04
1.445833333333333215e+01,3.872698556114668463e+04
1.447916666666666607e+01,3.872697822857660503e+04
1.450000000000000000e+01,3.872697109000355704e+04
1.452083333333333215e+01,3.872696415029860509e+04
1.454166666666666607e+01,3.872695741420920967e+04
1.456250000000000000e+01,3.872695088635623688e+04
1.458333333333333215e+01,3.872694457123040775e+04
1.460416666666666607e+01,3.872693847318941698e+04
1.462500000000000000e+01,3.872693259645478975e+04
1.464583333333333215e+01,3.872692694510905858e+04
1.466666666666666607e+01,3.872692152309270750e+04
1.468750000000000000e+01,3.872691633420189464e+04
1.470833333333333215e+01,3.872691138208483608e+04
1.472916666666666607e+01,3.872690667024045251e+04
1.475000000000000000e+01,3.872690220201476768e+04
1.477083333333333215e+01,3.872689798059932946e+04
1.479166666666666607e+01,3.872689400902832858e+04
1.481250000000000000e+01,3.872689029017703433e+04
1.483333333333333215e+01,3.872688682675902965e+04
1.485416666666666607e+01,3.872688362132466136e+04
1.487500000000000000e+01,3.872688067625915573e+04
1.489583333333333215e+01,3.872687799378085037e+04
1.491666666666666607e+01,3.872687557593926613e+04
1.493750000000000000e+01,3.872687342461391381e+04
1.495833333333333215e+01,3.872687154151275899e+04
1.497916666666666607e+01,3.872686992817089777e+04
1.500000000000000000e+01,3.872686858594922523e+04
1.502083333333333215e+01,3.872686751603362791e+04
1.504166666666666607e+01,3.872686671943390684e+04
1.506250000000000000e+01,3.872686619698292634e+04
1.508333333333333215e+01,3.872686594933580636e+04
1.510416666666666607e+01,3.872686597696947138e+04
1.512500000000000000e+01,3.872686628018206829e+04
1.514583333333333215e+01,3.872686685909250809e+04
1.516666666666666607e+01,3.872686771364077867e+04
1.518750000000000000e+01,3.872686884358690440e+04
1.520833333333333215e+01,3.872687024851165188e+04
1.522916666666666607e+01,3.872687192781639169e+04
1.525000000000000000e+01,3.872687388072359317e+04
1.527083333333333215e+01,3.872687610627666436e+04
1.529166666666666607e+01,3.872687860334093421e+04
1.531250000000000000e+01,3.872688137060414010e+04
1.533333333333333215e+01,3.872688440657701722e+04
1.535416666666666607e+01,3.872688770959435351e+04
1.537500000000000000e+01,3.872689127781585557e+04
1.539583333333333215e+01,3.872689510922729824e+04
1.541666666666666607e+01,3.872689920164157957e+04
1.543750000000000000e+01,3.872690355270031432e+04
1.545833333333333215e+01,3.872690815987526730e+04
1.547916666666666607e+01,3.872691302046966302e+04
1.550000000000000000e+01,3.872691813162018661e+04
1.552083333333333215e+01,3.872692349029862089e+04
1.554166666666666607e+01,3.872692909331390547e+04
1.556250000000000000e+01,3.872693493731398485e+04
1.558333333333333215e+01,3.872694101878822403e+04
1.560416666666666607e+01,3.872694733406940213e+04
1.562500000000000000e+01,3.872695387933637539e+04
1.564583333333333215e+01,3.872696065061622357e+04
1.566666666666666607e+01,3.872696764378726948e+04
1.568750000000000000e+01,3.872697485458137089e+04
1.570833333333333215e+01,3.872698227858688915e+04
1.572916666666666607e+01,3.872698991125164321e+04
1.575000000000000000e+01,3.872699774788603099e+04
1.577083333333333215e+01,3.872700578366575792e+04
1.579166666666666607e+01,3.872701401363539480e+04
1.581250000000000000e+01,3.872702243271155021e+04
1.583333333333333215e+01,3.872703103568609367e+04
1.585416666666666607e+01,3.872703981722988101e+04
1.587500000000000000e+01,3.872704877189645049e+04
1.589583333333333215e+01,3.872705789412507147e+04
1.591666666666666607e+01,3.872706717824510270e+04
1.593750000000000000e+01,3.872707661847958661e+04
1.595833333333333215e+01,3.872708620894888008e+04
1.597916666666666607e+01,3.872709594367515820e+04
1.600000000000000000e+01,3.872710581658584124e+04
1.602083333333333215e+01,3.872711582151818584e+04
1.604166666666666430e+01,3.872712595222326490e+04
1.606250000000000000e+01,3.872713620237012947e+04
1.608333333333333215e+01,3.872714656555029796e+04
1.610416666666666430e+01,3.872715703528175800e+04
1.612500000000000000e+01,3.872716760501385579e+04
1.614583333333333215e+01,3.872717826813123247e+04
1.616666666666666430e+01,3.872718901795882266e+04
1.618750000000000000e+01,3.872719984776593628e+04
1.620833333333333215e+01,3.872721075077119895e+04
1.622916666666666430e+01,3.872722172014680837e+04
1.625000000000000000e+01,3.872723274902362027e+04
1.627083333333333215e+01,3.872724383049541939e+04
1.629166666666666430e+01,3.872725495762385981e+04
1.631250000000000000e+01,3.872726612344310706e+04
1.633333333333333215e+01,3.872727732096447289e+04
1.635416666666666430e+01,3.872728854318139201e+04
1.637500000000000000e+01,3.872729978307381680e+04
1.639583333333333215e+01,3.872731103361351416e+04
1.641666666666666430e+01,3.872732228776816191e+04
1.643750000000000000e+01,3.872733353850647836e+04
1.645833333333333215e+01,3.872734477880307531e+04
1.647916666666666430e+01,3.872735600164285279e+04
1.650000000000000000e+01,3.872736720002579386e+04
1.652083333333333215e+01,3.872737836697168677e+04
1.654166666666666430e+01,3.872738949552481063e+04
1.656250000000000000e+01,3.872740057875830826e+04
1.658333333333333215e+01,3.872741160977917025e+04
1.660416666666666430e+01,3.872742258173204027e+04
1.662500000000000000e+01,3.872743348780454835e+04
1.664583333333333215e+01,3.872744432123106526e+04
1.666666666666666430e+01,3.872745507529719180e+04
1.668750000000000000e+01,3.872746574334435718e+04
1.670833333333333215e+01,3.872747631877355889e+04
1.672916666666666430e+01,3.872748679504965548e+04
1.675000000000000000e+01,3.872749716570594319e+04
1.677083333333333215e+01,3.872750742434730637e+04
1.679166666666666430e+01,3.872751756465461949e+04
1.681250000000000000e+01,3.872752758038884349e+04
1.683333333333333215e+01,3.872753746539417625e+04
1.685416666666666430e+01,3.872754721360214899e+04
1.687500000000000000e+01,3.872755681903528603e+04
1.689583333333333215e+01,3.872756627581051725e+04
1.691666666666666430e+01,3.872757557814301254e+04
1.693750000000000000e+01,3.872758472034922306e+04
1.695833333333333215e+01,3.872759369685066486e+04
1.697916666666666430e+01,3.872760250217759312e+04
1.700000000000000000e+01,3.872761113097205816e+04
1.702083333333333215e+01,3.872761957799175434e+04
1.704166666666666430e+01,3.872762783811333793e+04
1.706250000000000000e+01,3.872763590633635613e+04
1.708333333333333215e+01,3.872764377778664493e+04
1.710416666666666430e+01,3.872765144772076746e+04
1.712500000000000000e+01,3.872765891152944823e+04
1.714583333333333215e+01,3.872766616474209150e+04
1.716666666666666430e+01,3.872767320303116139e+04
1.718750000000000000e+01,3.872768002221650386e+04
1.720833333333333215e+01,3.872768661827038886e+04
1.722916666666666430e+01,3.872769298732241441e+04
1.725000000000000000e+01,3.872769912566439598e+04
1.727083333333333215e+01,3.872770502975596173e+04
1.729166666666666430e+01,3.872771069622973300e+04
1.731250000000000000e+01,3.872771612189665029e+04
1.733333333333333215e+01,3.872772130375161214e+04
1.735416666666666430e+01,3.872772623897880112e+04
1.737500000000000000e+01,3.872773092495630408e+04
1.739583333333333215e+01,3.872773535926145996e+04
1.741666666666666430e+01,3.872773953967491252e+04
1.743750000000000000e+01,3.872774346418475034e+04
1.745833333333333215e+01,3.872774713098943903e+04
1.747916666666666430e+01,3.872775053850047698e+04
1.750000000000000000e+01,3.872775368534428708e+04
1.752083333333333215e+01,3.872775657036270422e+04
1.754166666666666430e+01,3.872775919261292438e+04
1.756250000000000000e+01,3.872776155136668240e+04
1.758333333333333215e+01,3.872776364610799646e+04
1.760416666666666430e+01,3.872776547653043235e+04
1.762500000000000000e+01,3.872776704253321805e+04
1.764583333333333215e+01,3.872776834421705280e+04
1.766666666666666430e+01,3.872776938187878841e+04
1.768750000000000000e+01,3.872777015600592858e+04
1.770833333333333215e+01,3.872777066727130295e+04
1.772916666666666430e+01,3.872777091652656236e+04
1.775000000000000000e+01,3.872777090479649632e+04
1.777083333333333215e+01,3.872777063327334326e+04
1.779166666666666430e+01,3.872777010331104248e+04
1.781250000000000000e+01,3.872776931642084674e+04
1.783333333333333215e+01,3.872776827426572709e+04
1.785416666666666430e+01,3.872776697865718597e+04
1.787500000000000000e+01,3.872776543155138643e+04
1.789583333333333215e+01,3.872776363504610345e+04
1.791666666666666430e+01,3.872776159137882496e+04
1.793750000000000000e+01,3.872775930292398698e+04
1.795833333333333215e+01,3.872775677219212957e+04
1.797916666666666430e+01,3.872775400182817248e+04
1.800000000000000000e+01,3.872775099461065111e+04
1.802083333333333215e+01,3.872774775345067610e+04
1.804166666666666430e+01,3.872774428139123484e+04
1.806250000000000000e+01,3.872774058160646382e+04
1.808333333333333215e+01,3.872773665740047727e+04
1.810416666666666430e+01,3.872773251220668317e+04
1.812500000000000000e+01,3.872772814958677918e+04
1.814583333333333215e+01,3.872772357322892640e+04
1.816666666666666430e+01,3.872771878694694169e+04
1.818750000000000000e+01,3.872771379467845691e+04
1.820833333333333215e+01,3.872770860048312170e+04
1.822916666666666430e+01,3.872770320854065358e+04
1.825000000000000000e+01,3.872769762314911350e+04
1.827083333333333215e+01,3.872769184872221376e+04
1.829166666666666430e+01,3.872768588978776097e+04
1.831250000000000000e+01,3.872767975098441093e+04
1.833333333333333215e+01,3.872767343706008978e+04
1.835416666666666430e+01,3.872766695286893082e+04
1.837500000000000000e+01,3.872766030336864060e+04
1.839583333333333215e+01,3.872765349361793051e+04
1.841666666666666430e+01,3.872764652877336630e+04
1.843750000000000000e+01,3.872763941408693063e+04
1.845833333333333215e+01,3.872763215490251605e+04
1.847916666666666430e+01,3.872762475665290549e+04
1.850000000000000000e+01,3.872761722485647624e+04
1.852083333333333215e+01,3.872760956511364930e+04
1.854166666666666430e+01,3.872760178310381161e+04
1.856250000000000000e+01,3.872759388458121248e+04
1.858333333333333215e+01,3.872758587537135463e+04
1.860416666666666430e+01,3.872757776136752364e+04
1.862500000000000000e+01,3.872756954852626222e+04
1.864583333333333215e+01,3.872756124286424892e+04
1.866666666666666430e+01,3.872755285045348137e+04
1.868750000000000000e+01,3.872754437741768197e+04
1.870833333333333215e+01,3.872753582992818701e+04
1.872916666666666430e+01,3.872752721419940644e+04
1.875000000000000000e+01,3.872751853648522956e+04
1.877083333333333215e+01,3.872750980307421560e+04
1.879166666666666430e+01,3.872750102028589026e+04
1.881250000000000000e+01,3.872749219446619099e+04
1.883333333333333215e+01,3.872748333198328328e+04
1.885416666666666430e+01,3.872747443922320235e+04
1.887500000000000000e+01,3.872746552258565498e+04
1.889583333333333215e+01,3.872745658847987215e+04
1.891666666666666430e+01,3.872744764331958868e+04
1.893750000000000000e+01,3.872743869351951435e+04
1.895833333333333215e+01,3.872742974549047358e+04
1.897916666666666430e+01,3.872742080563515628e+04
1.900000000000000000e+01,3.872741188034368679e+04
1.902083333333333215e+01,3.872740297598938923e+04
1.904166666666666430e+01,3.872739409892418917e+04
1.906250000000000000e+01,3.872738525547450990e+04
1.908333333333333215e+01,3.872737645193662320e+04
1.910416666666666430e+01,3.872736769457245828e+04
1.912500000000000000e+01,3.872735898960539635e+04
1.914583333333333215e+01,3.872735034321577405e+04
1.916666666666666430e+01,3.872734176153669978e+04
1.918750000000000000e+01,3.872733325064998644e+04
1.920833333333333215e+01,3.872732481658146571e+04
1.922916666666666430e+01,3.872731646529748832e+04
1.925000000000000000e+01,3.872730820270025288e+04
1.927083333333333215e+01,3.872730003462413151e+04
1.929166666666666430e+01,3.872729196683129703e+04
1.931250000000000000e+01,3.872728400500786665e+04
1.933333333333333215e+01,3.872727615476006031e+04
1.935416666666666430e+01,3.872726842161019886e+04
1.937500000000000000e+01,3.872726081099285511e+04
1.939583333333333215e+01,3.872725332825107034e+04
1.941666666666666430e+01,3.872724597863269446e+04
1.943750000000000000e+01,3.872723876728659525e+04
1.945833333333333215e+01,3.872723169925929687e+04
1.947916666666666430e+01,3.872722477949110908e+04
1.950000000000000000e+01,3.872721801281288208e+04
1.952083333333333215e+01,3.872721140394251415e+04
1.954166666666666430e+01,3.872720495748180110e+04
1.956250000000000000e+01,3.872719867791283468e+04
1.958333333333333215e+01,3.872719256959530321e+04
1.960416666666666430e+01,3.872718663676307187e+04
1.962500000000000000e+01,3.872718088352127961e+04
1.964583333333333215e+01,3.872717531384340691e+04
1.966666666666666430e+01,3.872716993156862736e+04
1.968750000000000000e+01,3.872716474039876630e+04
1.970833333333333215e+01,3.872715974389603798e+04
1.972916666666666430e+01,3.872715494548004790e+04
1.975000000000000000e+01,3.872715034842583555e+04
1.977083333333333215e+01,3.872714595586111682e+04
1.979166666666666430e+01,3.872714177076425403e+04
1.981250000000000000e+01,3.872713779596210225e+04
1.983333333333333215e+01,3.872713403412784101e+04
1.985416666666666430e+01,3.872713048777916265e+04
1.987500000000000000e+01,3.872712715927632962e+04
1.989583333333333215e+01,3.872712405082050100e+04
1.991666666666666430e+01,3.872712116445210995e+04
1.993750000000000000e+01,3.872711850204927032e+04
1.995833333333333215e+01,3.872711606532653968e+04
1.997916666666666430e+01,3.872711385583349329e+04
2.000000000000000000e+01,3.872711187495363265e+04
2.002083333333333215e+01,3.872711012390314863e+04
2.004166666666666430e+01,3.872710860373031755e+04
2.006250000000000000e+01,3.872710731531435158e+04
2.008333333333333215e+01,3.872710625936485303e+04
2.010416666666666430e+01,3.872710543642127595e+04
2.012500000000000000e+01,3.872710484685213305e+04
2.014583333333333215e+01,3.872710449085514847e+04
2.016666666666666430e+01,3.872710436845642835e+04
2.018750000000000000e+01,3.872710447951107926e+04
2.020833333333333215e+01,3.872710482370256068e+04
2.022916666666666430e+01,3.872710540054310695e+04
2.025000000000000000e+01,3.872710620937372732e+04
2.027083333333333215e+01,3.872710724936518091e+04
2.029166666666666430e+01,3.872710851951772202e+04
2.031250000000000000e+01,3.872711001866228617e+04
2.033333333333333215e+01,3.872711174546068651e+04
2.035416666666666430e+01,3.872711369840701809e+04
2.037500000000000000e+01,3.872711587582827633e+04
2.039583333333333215e+01,3.872711827588555752e+04
2.041666666666666430e+01,3.872712089657506294e+04
2.043750000000000000e+01,3.872712373572980141e+04
2.045833333333333215e+01,3.872712679102075344e+04
2.047916666666666430e+01,3.872713005995852291e+04
2.050000000000000000e+01,3.872713353989492316e+04
2.052083333333333215e+01,3.872713722802481789e+04
2.054166666666666430e+01,3.872714112138822384e+04
2.056250000000000000e+01,3.872714521687189699e+04
2.058333333333333215e+01,3.872714951121167542e+04
2.060416666666666430e+01,3.872715400099496765e+04
2.062500000000000000e+01,3.872715868266262260e+04
2.064583333333333215e+01,3.872716355251168716e+04
2.066666666666666430e+01,3.872716860669792368e+04
2.068750000000000000e+01,3.872717384123819647e+04
2.070833333333333215e+01,3.872717925201384787e+04
2.072916666666666430e+01,3.872718483477280824e+04
2.075000000000000000e+01,3.872719058513289929e+04
2.077083333333333215e+01,3.872719649858523189e+04
2.079166666666666430e+01,3.872720257049666543e+04
2.081250000000000000e+01,3.872720879611347482e+04
2.083333333333333215e+01,3.872721517056461744e+04
2.085416666666666430e+01,3.872722168886526197e+04
2.087500000000000000e+01,3.872722834591990977e+04
2.089583333333333215e+01,3.872723513652644760e+04
2.091666666666666430e+01,3.872724205537937087e+04
2.093750000000000000e+01,3.872724909707399638e+04
2.095833333333333215e+01,3.872725625610977295e+04
2.097916666666666430e+01,3.872726352689468331e+04
2.100000000000000000e+01,3.872727090374891122e+04
2.102083333333333215e+01,3.872727838090874138e+04
2.104166666666666430e+01,3.872728595253111416e+04
2.106250000000000000e+01,3.872729361269740912e+04
2.108333333333333215e+01,3.872730135541771597e+04
2.110416666666666430e+01,3.872730917463532387e+04
2.112500000000000000e+01,3.872731706423083961e+04
2.114583333333333215e+01,3.872732501802675688e+04
2.116666666666666430e+01,3.872733302979160362e+04
2.118750000000000000e+01,3.872734109324481688e+04
2.120833333333333215e+01,3.872734920206102834e+04
2.122916666666666430e+01,3.872735734987454634e+04
2.125000000000000000e+01,3.872736553028424532e+04
2.127083333333333215e+01,3.872737373685813509e+04
2.129166666666666430e+01,3.872738196313787194e+04
2.131250000000000000e+01,3.872739020264353167e+04
2.133333333333333215e+01,3.872739844887848449e+04
2.135416666666666430e+01,3.872740669533400796e+04
2.137500000000000000e+01,3.872741493549437291e+04
2.139583333333333215e+01,3.872742316284089611e+04
2.141666666666666430e+01,3.872743137085796479e+04
2.143750000000000000e+01,3.872743955303654366e+04
2.145833333333333215e+01,3.872744770288041764e+04
2.147916666666666430e+01,3.872745581390974257e+04
2.150000000000000000e+01,3.872746387966686598e+04
2.152083333333333215e+01,3.872747189372093271e+04
2.154166666666666430e+01,3.872747984967266530e+04
2.156250000000000000e+01,3.872748774115944252e+04
2.158333333333333215e+01,3.872749556186018162e+04
2.160416666666666430e+01,3.872750330550024228e+04
2.162500000000000000e+01,3.872751096585637424e+04
2.164583333333333215e+01,3.872751853676162136e+04
2.166666666666666430e+01,3.872752601211048750e+04
2.168750000000000000e+01,3.872753338586341852e+04
2.170833333333333215e+01,3.872754065205210645e+04
2.172916666666666430e+01,3.872754780478438624e+04
2.175000000000000000e+01,3.872755483824919793e+04
2.177083333333333215e+01,3.872756174672117049e+04
2.179166666666666430e+01,3.872756852456595516e+04
2.181250000000000000e+01,3.872757516624517302e+04
2.183333333333333215e+01,3.872758166632094071e+04
2.185416666666666430e+01,3.872758801946096355e+04
2.187500000000000000e+01,3.872759422044348321e+04
2.189583333333333215e+01,3.872760026416190522e+04
2.191666666666666430e+01,3.872760614562955016e+04
2.193750000000000000e+01,3.872761185998471774e+04
2.195833333333333215e+01,3.872761740249477589e+04
2.197916666666666430e+01,3.872762276856097014e+04
2.200000000000000000e+01,3.872762795372289838e+04
2.202083333333333215e+01,3.872763295366259990e+04
2.204166666666666430e+01,3.872763776420869544e+04
2.206250000000000000e+01,3.872764238134016341e+04
2.208333333333333215e+01,3.872764680119002878e+04
2.210416666666666430e+01,3.872765102004876098e+04
2.212500000000000000e+01,3.872765503436685685e+04
2.214583333333333215e+01,3.872765884075776557e+04
2.216666666666666430e+01,3.872766243599996960e+04
2.218750000000000000e+01,3.872766581703857810e+04
2.220833333333333215e+01,3.872766898098614183e+04
2.222916666666666430e+01,3.872767192512367183e+04
2.225000000000000000e+01,3.872767464690034831e+04
2.227083333333333215e+01,3.872767714393261122e+04
2.229166666666666430e+01,3.872767941400317795e+04
2.231250000000000000e+01,3.872768145505884604e+04
2.233333333333333215e+01,3.872768326520782284e+04
2.235416666666666430e+01,3.872768484271672787e+04
2.237500000000000000e+01,3.872768618600712944e+04
2.239583333333333215e+01,3.872768729365106992e+04
2.241666666666666430e+01,3.872768816436712950e+04
2.243750000000000000e+01,3.872768879701599508e+04
2.245833333333333215e+01,3.872768919059589825e+04
2.247916666666666430e+01,3.872768934423859901e+04
2.250000000000000000e+01,3.872768925720554398e+04
2.252083333333333215e+01,3.872768892888465052e+04
2.254166666666666430e+01,3.872768835878770915e+04
2.256250000000000000e+01,3.872768754654899385e+04
2.258333333333333215e+01,3.872768649192401790e+04
2.260416666666666430e+01,3.872768519479049428e+04
2.262500000000000000e+01,3.872768365514968173e+04
2.264583333333333215e+01,3.872768187312856753e+04
2.266666666666666430e+01,3.872767984898360737e+04
2.268750000000000000e+01,3.872767758310503268e+04
2.270833333333333215e+01,3.872767507602185651e+04
2.272916666666666430e+01,3.872767232840776705e+04
2.275000000000000000e+01,3.872766934108655551e+04
2.277083333333333215e+01,3.872766611503791501e+04
2.279166666666666430e+01,3.872766265140385804e+04
2.281250000000000000e+01,3.872765895149330026e+04
2.283333333333333215e+01,3.872765501678678265e+04
2.285416666666666430e+01,3.872765084894075699e+04
2.287500000000000000e+01,3.872764644979001605e+04
2.289583333333333215e+01,3.872764182135012379e+04
2.291666666666666430e+01,3.872763696581783734e+04
2.293750000000000000e+01,3.872763188557145622e+04
2.295833333333333215e+01,3.872762658316951274e+04
2.297916666666666430e+01,3.872762106134913483e+04
2.300000000000000000e+01,3.872761532302309934e+04
2.302083333333333215e+01,3.872760937127723446e+04
2.304166666666666430e+01,3.872760320936608332e+04
2.306250000000000000e+01,3.872759684070933872e+04
2.308333333333333215e+01,3.872759026888768858e+04
2.310416666666666430e+01,3.872758349763856677e+04
2.312500000000000000e+01,3.872757653085155471e+04
2.314583333333333215e+01,3.872756937256480160e+04
2.316666666666666430e+01,3.872756202696052060e+04
2.318750000000000000e+01,3.872755449836143816e+04
2.320833333333333215e+01,3.872754679122644302e+04
2.322916666666666430e+01,3.872753891014742112e+04
2.325000000000000000e+01,3.872753085984523204e+04
2.327083333333333215e+01,3.872752264516600553e+04
2.329166666666666430e+01,3.872751427107798372e+04
2.331250000000000000e+01,3.872750574266735930e+04
2.333333333333333215e+01,3.872749706513497222e+04
2.335416666666666430e+01,3.872748824379213329e+04
2.337500000000000000e+01,3.872747928405709536e+04
2.339583333333333215e+01,3.872747019145103695e+04
2.341666666666666430e+01,3.872746097159376222e+04
2.343750000000000000e+01,3.872745163020006294e+04
2.345833333333333215e+01,3.872744217307536019e+04
2.347916666666666430e+01,3.872743260611146979e+04
2.350000000000000000e+01,3.872742293528262235e+04
2.352083333333333215e+01,3.872741316664099577e+04
2.354166666666666430e+01,3.872740330631315010e+04
2.356250000000000000e+01,3.872739336049520352e+04
2.358333333333333215e+01,3.872738333544908528e+04
2.360416666666666430e+01,3.872737323749838106e+04
2.362500000000000000e+01,3.872736307302426576e+04
2.364583333333333215e+01,3.872735284846139984e+04
2.366666666666666430e+01,3.872734257029376749e+04
2.368750000000000000e+01,3.872733224505076942e+04
2.370833333333333215e+01,3.872732187930301006e+04
2.372916666666666430e+01,3.872731147965779383e+04
2.375000000000000000e+01,3.872730105275571987e+04
2.377083333333333215e+01,3.872729060526560352e+04
2.379166666666666430e+01,3.872728014388067095e+04
2.381250000000000000e+01,3.872726967531412811e+04
2.383333333333333215e+01,3.872725920629464235e+04
2.385416666666666430e+01,3.872724874356232613e+04
2.387500000000000000e+01,3.872723829386384023e+04
2.389583333333333215e+01,3.872722786394825380e+04
2.391666666666666430e+01,3.872721746056243137e+04
2.393750000000000000e+01,3.872720709044695832e+04
2.395833333333333215e+01,3.872719676033104770e+04
2.397916666666666430e+01,3.872718647692872037e+04
2.400000000000000000e+01,3.872717624693410471e+04
2.402083333333333215e+01,3.872716607701697649e+04
2.404166666666666430e+01,3.872715597381854604e+04
2.406250000000000000e+01,3.872714594394710002e+04
2.408333333333333215e+01,3.872713599397337384e+04
2.410416666666666430e+01,3.872712613042669545e+04
2.412500000000000000e+01,3.872711635979029961e+04
2.414583333333333215e+01,3.872710668849720241e+04
2.416666666666666430e+01,3.872709712292587210e+04
2.418750000000000000e+01,3.872708766939613997e+04
2.420833333333333215e+01,3.872707833416486392e+04
2.422916666666666430e+01,3.872706912342162832e+04
2.425000000000000000e+01,3.872706004328497511e+04
2.427083333333333215e+01,3.872705109979774716e+04
2.429166666666666430e+01,3.872704229892345029e+04
2.431250000000000000e+01,3.872703364654206962e+04
2.433333333333333215e+01,3.872702514844603866e+04
2.435416666666666430e+01,3.872701681033617933e+04
2.437500000000000000e+01,3.872700863781825319e+04
2.439583333333333215e+01,3.872700063639853761e+04
2.441666666666666430e+01,3.872699281148060982e+04
2.443750000000000000e+01,3.872698516836126510e+04
2.445833333333333215e+01,3.872697771222710435e+04
2.447916666666666430e+01,3.872697044815088884e+04
2.450000000000000000e+01,3.872696338108812051e+04
2.452083333333333215e+01,3.872695651587349857e+04
2.454166666666666430e+01,3.872694985721765261e+04
2.456250000000000000e+01,3.872694340970399935e+04
2.458333333333333215e+01,3.872693717778540304e+04
2.460416666666666430e+01,3.872693116578106128e+04
2.462500000000000000e+01,3.872692537787358742e+04
2.464583333333333215e+01,3.872691981810597645e+04
2.466666666666666430e+01,3.872691449037894199e+04
2.468750000000000000e+01,3.872690939844772220e+04
2.470833333333333215e+01,3.872690454592023161e+04
2.472916666666666430e+01,3.872689993625338684e+04
2.475000000000000000e+01,3.872689557275157131e+04
2.477083333333333215e+01,3.872689145856371761e+04
2.479166666666666430e+01,3.872688759668126295e+04
2.481250000000000000e+01,3.872688398993594456e+04
2.483333333333333215e+01,3.872688064099774056e+04
2.485416666666666430e+01,3.872687755237267265e+04
2.487500000000000000e+01,3.872687472640124906e+04
2.489583333333333215e+01,3.872687216525664553e+04
2.491666666666666430e+01,3.872686987094308279e+04
2.493750000000000000e+01,3.872686784529412398e+04
2.495833333333333215e+01,3.872686608997155417e+04
2.497916666666666430e+01,3.872686460646377964e+04
2.500000000000000000e+01,3.872686339608482376e+04
2.502083333333333215e+01,3.872686245997325750e+04
2.504166666666666430e+01,3.872686179909127532e+04
2.506250000000000000e+01,3.872686141422389483e+04
2.508333333333333215e+01,3.872686130597790907e+04
2.510416666666666430e+01,3.872686147478163184e+04
2.512500000000000000e+01,3.872686192088451207e+04
2.514583333333333215e+01,3.872686264435652265e+04
2.516666666666666430e+01,3.872686364508789848e+04
2.518750000000000000e+01,3.872686492278922378e+04
2.520833333333333215e+01,3.872686647699149034e+04
2.522916666666666430e+01,3.872686830704583554e+04
2.525000000000000000e+01,3.872687041212433542e+04
2.527083333333333215e+01,3.872687279121991014e+04
2.529166666666666430e+01,3.872687544314720435e+04
2.531250000000000000e+01,3.872687836654292914e+04
2.533333333333333215e+01,3.872688155986682250e+04
2.535416666666666430e+01,3.872688502140230412e+04
2.537500000000000000e+01,3.872688874925772689e+04
2.539583333333333215e+01,3.872689274136718450e+04
2.541666666666666430e+01,3.872689699549210491e+04
2.543750000000000000e+01,3.872690150922218891e+04
2.545833333333333215e+01,3.872690627997730189e+04
2.547916666666666430e+01,3.872691130500872532e+04
2.550000000000000000e+01,3.872691658140105574e+04
2.552083333333333215e+01,3.872692210607405286e+04
2.554166666666666430e+01,3.872692787578443676e+04
2.556250000000000000e+01,3.872693388712796877e+04
2.558333333333333215e+01,3.872694013654170703e+04
2.560416666666666430e+01,3.872694662030622567e+04
2.562500000000000000e+01,3.872695333454805950e+04
2.564583333333333215e+01,3.872696027524221427e+04
2.566666666666666430e+01,3.872696743821453128e+04
2.568750000000000000e+01,3.872697481914474338e+04
2.570833333333333215e+01,3.872698241356927610e+04
2.572916666666666430e+01,3.872699021688359790e+04
2.575000000000000000e+01,3.872699822434611269e+04
2.577083333333333215e+01,3.872700643108068471e+04
2.579166666666666430e+01,3.872701483207999263e+04
2.581250000000000000e+01,3.872702342220881110e+04
2.583333333333333215e+01,3.872703219620756863e+04
2.585416666666666430e+01,3.872704114869564364e+04
2.587500000000000000e+01,3.872705027417501697e+04
2.589583333333333215e+01,3.872705956703404081e+04
2.591666666666666430e+01,3.872706902155096031e+04
2.593750000000000000e+01,3.872707863189788623e+04
2.595833333333333215e+01,3.872708839214487671e+04
2.597916666666666430e+01,3.872709829626351711e+04
2.600000000000000000e+01,3.872710833813106728e+04
2.602083333333333215e+01,3.872711851153497992e+04
2.604166666666666430e+01,3.872712881017654581e+04
2.606250000000000000e+01,3.872713922767546319e+04
2.608333333333333215e+01,3.872714975757414504e+04
2.610416666666666430e+01,3.872716039334183733e+04
2.612500000000000000e+01,3.872717112837932655e+04
2.614583333333333215e+01,3.872718195602321794e+04
2.616666666666666430e+01,3.872719286955058487e+04
2.618750000000000000e+01,3.872720386218337080e+04
2.620833333333333215e+01,3.872721492709308222e+04
2.622916666666666430e+01,3.872722605740557628e+04
2.625000000000000000e+01,3.872723724620520807e+04
2.627083333333333215e+01,3.872724848654030211e+04
2.629166666666666430e+01,3.872725977142710326e+04
2.631250000000000000e+01,3.872727109385514632e+04
2.633333333333333215e+01,3.872728244679148338e+04
2.635416666666666430e+01,3.872729382318583521e+04
2.637500000000000000e+01,3.872730521597537881e+04
2.639583333333333215e+01,3.872731661808906210e+04
2.641666666666666430e+01,3.872732802245301718e+04
2.643750000000000000e+01,3.872733942199473677e+04
2.645833333333333215e+01,3.872735080964853114e+04
2.647916666666666430e+01,3.872736217835949356e+04
2.650000000000000000e+01,3.872737352108897903e+04
2.652083333333333215e+01,3.872738483081874438e+04
2.654166666666666430e+01,3.872739610055583034e+04
2.656250000000000000e+01,3.872740732333737105e+04
2.658333333333333215e+01,3.872741849223511963e+04
2.660416666666666430e+01,3.872742960035975557e+04
2.662500000000000000e+01,3.872744064086573781e+04
2.664583333333333215e+01,3.872745160695561208e+04
2.666666666666666430e+01,3.872746249188426737e+04
2.668750000000000000e+01,3.872747328896377439e+04
2.670833333333333215e+01,3.872748399156697997e+04
2.672916666666666430e+01,3.872749459313238185e+04
2.675000000000000000e+01,3.872750508716746845e+04
2.677083333333333215e+01,3.872751546725355729e+04
2.679166666666666430e+01,3.872752572704922204e+04
2.681250000000000000e+01,3.872753586029437429e+04
2.683333333333333215e+01,3.872754586081411253e+04
2.685416666666666430e+01,3.872755572252219281e+04
2.687500000000000000e+01,3.872756543942463759e+04
2.689583333333333215e+01,3.872757500562391215e+04
2.691666666666666430e+01,3.872758441532151483e+04
2.693750000000000000e+01,3.872759366282186966e+04
2.695833333333333215e+01,3.872760274253576790e+04
2.697916666666666430e+01,3.872761164898327843e+04
2.700000000000000000e+01,3.872762037679742207e+04
2.702083333333333215e+01,3.872762892072717659e+04
2.704166666666666430e+01,3.872763727564107103e+04
2.706250000000000000e+01,3.872764543653011788e+04
2.708333333333333215e+01,3.872765339851142198e+04
2.710416666666666430e+01,3.872766115683144744e+04
2.712500000000000000e+01,3.872766870686990296e+04
2.714583333333333215e+01,3.872767604414325615e+04
2.716666666666666430e+01,3.872768316430824052e+04
2.718750000000000000e+01,3.872769006316657760e+04
2.720833333333333215e+01,3.872769673666884773e+04
2.722916666666666430e+01,3.872770318091873924e+04
2.725000000000000000e+01,3.872770939217810519e+04
2.727083333333333215e+01,3.872771536687170010e+04
2.729166666666666430e+01,3.872772110159227304e+04
2.731250000000000000e+01,3.872772659310587915e+04
2.733333333333333215e+01,3.872773183835730015e+04
2.735416666666666430e+01,3.872773683447525400e+04
2.737500000000000000e+01,3.872774157877833204e+04
2.739583333333333215e+01,3.872774606877992483e+04
2.741666666666666430e+01,3.872775030219326436e+04
2.743750000000000000e+01,3.872775427693699021e+04
2.745833333333333215e+01,3.872775799113882385e+04
2.747916666666666430e+01,3.872776144313965779e+04
2.750000000000000000e+01,3.872776463149659685e+04
2.752083333333333215e+01,3.872776755498563580e+04
2.754166666666666430e+01,3.872777021260266338e+04
2.756250000000000000e+01,3.872777260356434272e+04
2.758333333333333215e+01,3.872777472730732552e+04
2.760416666666666430e+01,3.872777658348680416e+04
2.762500000000000000e+01,3.872777817197368131e+04
2.764583333333333215e+01,3.872777949285139766e+04
2.766666666666666430e+01,3.872778054641103517e+04
2.768750000000000000e+01,3.872778133314637671e+04
2.770833333333333215e+01,3.872778185374769964e+04
2.772916666666666430e+01,3.872778210909583140e+04
2.775000000000000000e+01,3.872778210025524459e+04
2.777083333333333215e+01,3.872778182846725394e+04
2.779166666666666430e+01,3.872778129514378816e+04
2.781250000000000000e+01,3.872778050186019391e+04
2.783333333333333215e+01,3.872777945034998265e+04
2.785416666666666430e+01,3.872777814249879157e+04
2.787500000000000000e+01,3.872777658033970511e+04
2.789583333333333215e+01,3.872777476604841650e+04
2.791666666666666430e+01,3.872777270194007724e+04
2.793750000000000000e+01,3.872777039046629216e+04
2.795833333333333215e+01,3.872776783421209257e+04
2.797916666666666430e+01,3.872776503589428467e+04
2.800000000000000000e+01,3.872776199836040905e+04
2.802083333333333215e+01,3.872775872458668164e+04
2.804166666666666430e+01,3.872775521767782629e+04
2.806250000000000000e+01,3.872775148086588160e+04
2.808333333333333215e+01,3.872774751750961877e+04
2.810416666666666430e+01,3.872774333109400322e+04
2.812500000000000000e+01,3.872773892522879032e+04
2.814583333333333215e+01,3.872773430364819069e+04
2.816666666666666430e+01,3.872772947020940046e+04
2.818750000000000000e+01,3.872772442889122613e+04
2.820833333333333215e+01,3.872771918379281851e+04
2.822916666666666430e+01,3.872771373913158459e+04
2.825000000000000000e+01,3.872770809924182686e+04
2.827083333333333215e+01,3.872770226857208763e+04
2.829166666666666430e+01,3.872769625168356288e+04
2.831250000000000000e+01,3.872769005324740283e+04
2.833333333333333215e+01,3.872768367804252921e+04
2.835416666666666430e+01,3.872767713095299405e+04
2.837500000000000000e+01,3.872767041696544038e+04
2.839583333333333215e+01,3.872766354116654111e+04
2.841666666666666430e+01,3.872765650873994309e+04
2.843750000000000000e+01,3.872764932496382244e+04
2.845833333333333215e+01,3.872764199520755938e+04
2.847916666666666430e+01,3.872763452492882061e+04
2.850000000000000000e+01,3.872762691967035789e+04
2.852083333333333215e+01,3.872761918505693029e+04
2.854166666666666430e+01,3.872761132679146249e+04
2.856250000000000000e+01,3.872760335065203981e+04
2.858333333333333215e+01,3.872759526248770271e+04
2.860416666666666430e+01,3.872758706821531086e+04
2.862500000000000000e+01,3.872757877381525032e+04
2.864583333333333215e+01,3.872757038532782462e+04
2.866666666666666430e+01,3.872756190884886746e+04
2.868750000000000000e+01,3.872755335052608280e+04
2.870833333333333215e+01,3.872754471655487578e+04
2.872916666666666430e+01,3.872753601317385619e+04
2.875000000000000000e+01,3.872752724666101858e+04
2.877083333333333215e+01,3.872751842332931847e+04
2.879166666666666430e+01,3.872750954952243046e+04
2.881250000000000000e+01,3.872750063161069556e+04
2.883333333333333215e+01,3.872749167598662461e+04
2.885416666666666430e+01,3.872748268906049634e+04
2.887500000000000000e+01,3.872747367725652293e+04
2.889583333333333215e+01,3.872746464700804063e+04
2.891666666666666430e+01,3.872745560475343518e+04
2.893750000000000000e+01,3.872744655693153618e+04
2.895833333333333215e+01,3.872743750997784809e+04
2.897916666666666430e+01,3.872742847031938436e+04
2.900000000000000000e+01,3.872741944437102939e+04
2.902083333333333215e+01,3.872741043853056181e+04
2.904166666666666430e+01,3.872740145917466725e+04
2.906250000000000000e+01,3.872739251265445637e+04
2.908333333333333215e+01,3.872738360529104830e+04
2.910416666666666430e+01,3.872737474337124149e+04
2.912500000000000000e+01,3.872736593314336642e+04
2.914583333333333215e+01,3.872735718081260711e+04
2.916666666666666430e+01,3.872734849253697030e+04
2.918750000000000000e+01,3.872733987442315993e+04
2.920833333333333215e+01,3.872733133252209518e+04
2.922916666666666430e+01,3.872732287282477773e+04
2.925000000000000000e+01,3.872731450125849369e+04
2.927083333333333215e+01,3.872730622368219338e+04
2.929166666666666430e+01,3.872729804588288243e+04
2.931250000000000000e+01,3.872728997357137996e+04
2.933333333333333215e+01,3.872728201237859321e+04
2.935416666666666430e+01,3.872727416785147216e+04
2.937500000000000000e+01,3.872726644544908049e+04
2.939583333333333215e+01,3.872725885053897946e+04
2.941666666666666430e+01,3.872725138839343708e+04
2.943750000000000000e+01,3.872724406418584113e+04
2.945833333333333215e+01,3.872723688298677735e+04
2.947916666666666430e+01,3.872722984976103180e+04
2.950000000000000000e+01,3.872722296936346538e+04
2.952083333333333215e+01,3.872721624653631443e+04
2.954166666666666430e+01,3.872720968590522534e+04
2.956250000000000000e+01,3.872720329197638057e+04
2.958333333333333215e+01,3.872719706913321716e+04
2.960416666666666430e+01,3.872719102163340722e+04
2.962500000000000000e+01,3.872718515360575839e+04
2.964583333333333215e+01,3.872717946904739802e+04
2.966666666666666430e+01,3.872717397182078275e+04
2.968750000000000000e+01,3.872716866565117380e+04
2.970833333333333215e+01,3.872716355412385747e+04
2.972916666666666430e+01,3.872715864068172959e+04
2.975000000000000000e+01,3.872715392862260342e+04
2.977083333333333215e+01,3.872714942109710682e+04
2.979166666666666430e+01,3.872714512110625947e+04
2.981250000000000000e+01,3.872714103149955190e+04
2.983333333333333215e+01,3.872713715497258090e+04
2.985416666666666430e+01,3.872713349406531779e+04
2.987500000000000000e+01,3.872713005116015120e+04
2.989583333333333215e+01,3.872712682848030818e+04
2.991666666666666430e+01,3.872712382808797702e+04
2.993750000000000000e+01,3.872712105188309943e+04
2.995833333333333215e+01,3.872711850160184258e+04
2.997916666666666430e+01,3.872711617881507118e+04
3.000000000000000000e+01,3.872711408492754708e+04
3.002083333333333215e+01,3.872711222117664147e+04
3.004166666666666430e+01,3.872711058863155631e+04
3.006250000000000000e+01,3.872710918819222570e+04
3.008333333333333215e+01,3.872710802058884292e+04
3.010416666666666430e+01,3.872710708638111828e+04
3.012500000000000000e+01,3.872710638595804630e+04
3.014583333333333215e+01,3.872710591953719995e+04
3.016666666666666430e+01,3.872710568716483976e+04
3.018750000000000000e+01,3.872710568871547002e+04
3.020833333333333215e+01,3.872710592389210069e+04
3.022916666666666430e+01,3.872710639222632017e+04
3.025000000000000000e+01,3.872710709307831712e+04
3.027083333333333215e+01,3.872710802563769539e+04
3.029166666666666430e+01,3.872710918892353220e+04
3.031250000000000000e+01,3.872711058178506937e+04
3.033333333333333215e+01,3.872711220290270285e+04
3.035416666666666430e+01,3.872711405078857933e+04
3.037500000000000000e+01,3.872711612378749123e+04
3.039583333333333215e+01,3.872711842007828818e+04
3.041666666666666430e+01,3.872712093767477927e+04
3.043750000000000000e+01,3.872712367442718096e+04
3.045833333333333215e+01,3.872712662802358682e+04
3.047916666666666430e+01,3.872712979599140090e+04
3.050000000000000000e+01,3.872713317569904757e+04
3.052083333333333215e+01,3.872713676435792877e+04
3.054166666666666430e+01,3.872714055902409018e+04
3.056250000000000000e+01,3.872714455660030217e+04
3.058333333333333215e+01,3.872714875383823528e+04
3.060416666666666430e+01,3.872715314734058484e+04
3.062500000000000000e+01,3.872715773356366117e+04
3.064583333333333215e+01,3.872716250881949236e+04
3.066666666666666430e+01,3.872716746927852364e+04
3.068750000000000000e+01,3.872717261097240407e+04
3.070833333333333215e+01,3.872717792979654769e+04
3.072916666666666430e+01,3.872718342151317484e+04
3.075000000000000000e+01,3.872718908175387332e+04
3.077083333333333215e+01,3.872719490602323640e+04
3.079166666666666430e+01,3.872720088970162760e+04
3.081250000000000000e+01,3.872720702804837492e+04
3.083333333333333215e+01,3.872721331620546698e+04
3.085416666666666430e+01,3.872721974920034700e+04
3.087500000000000000e+01,3.872722632195014012e+04
3.089583333333333215e+01,3.872723302926482575e+04
3.091666666666666430e+01,3.872723986585066450e+04
3.093750000000000000e+01,3.872724682631465112e+04
3.095833333333333215e+01,3.872725390516773768e+04
3.097916666666666430e+01,3.872726109682885726e+04
3.100000000000000000e+01,3.872726839562909299e+04
3.102083333333333215e+01,3.872727579581544705e+04
3.104166666666666430e+01,3.872728329155530810e+04
3.106250000000000000e+01,3.872729087693997280e+04
3.108333333333333215e+01,3.872729854598959355e+04
3.110416666666666430e+01,3.872730629265723837e+04
3.112500000000000000e+01,3.872731411083263083e+04
3.114583333333333215e+01,3.872732199434763606e+04
3.116666666666666430e+01,3.872732993697976781e+04
3.118750000000000000e+01,3.872733793245706329e+04
3.120833333333333215e+01,3.872734597446268162e+04
3.122916666666666430e+01,3.872735405663937854e+04
3.125000000000000000e+01,3.872736217259401019e+04
3.127083333333333215e+01,3.872737031590243714e+04
3.129166666666666430e+01,3.872737848011386086e+04
3.131250000000000000e+01,3.872738665875597508e+04
3.133333333333333215e+01,3.872739484533936775e+04
3.135416666666666430e+01,3.872740303336257784e+04
3.137500000000000000e+01,3.872741121631643909e+04
3.139583333333333215e+01,3.872741938768944965e+04
3.141666666666666430e+01,3.872742754097242869e+04
3.143750000000000000e+01,3.872743566966297658e+04
3.145833333333333215e+01,3.872744376727093913e+04
3.147916666666666430e+01,3.872745182732304238e+04
3.150000000000000000e+01,3.872745984336766560e+04
3.152083333333333215e+01,3.872746780898014549e+04
3.154166666666666430e+01,3.872747571776710538e+04
3.156250000000000000e+01,3.872748356337191944e+04
3.158333333333333215e+01,3.872749133947950759e+04
3.160416666666666430e+01,3.872749903982105025e+04
3.162500000000000000e+01,3.872750665817927802e+04
3.164583333333333215e+01,3.872751418839317193e+04
3.166666666666666430e+01,3.872752162436304934e+04
3.168750000000000000e+01,3.872752896005550429e+04
3.170833333333333215e+01,3.872753618950816599e+04
3.172916666666666430e+01,3.872754330683501030e+04
3.175000000000000000e+01,3.872755030623092898e+04
3.177083333333333215e+01,3.872755718197693932e+04
3.179166666666666430e+01,3.872756392844505172e+04
3.181250000000000000e+01,3.872757054010292632e+04
3.183333333333333215e+01,3.872757701151911897e+04
3.185416666666666430e+01,3.872758333736757777e+04
3.187500000000000000e+01,3.872758951243267074e+04
3.189583333333333215e+01,3.872759553161407530e+04
3.191666666666666430e+01,3.872760138993108558e+04
3.193750000000000000e+01,3.872760708252756740e+04
3.195833333333333215e+01,3.872761260467617831e+04
3.197916666666666430e+01,3.872761795178326429e+04
3.200000000000000000e+01,3.872762311939251231e+04
3.202083333333332860e+01,3.872762810318925040e+04
3.204166666666666430e+01,3.872763289900484961e+04
3.206250000000000000e+01,3.872763750281963439e+04
3.208333333333332860e+01,3.872764191076653515e+04
3.210416666666666430e+01,3.872764611913434783e+04
3.212500000000000000e+01,3.872765012437027326e+04
3.214583333333332860e+01,3.872765392308228911e+04
3.216666666666666430e+01,3.872765751204088156e+04
3.218750000000000000e+01,3.872766088818058779e+04
3.220833333333332860e+01,3.872766404860081093e+04
3.222916666666666430e+01,3.872766699056621292e+04
3.225000000000000000e+01,3.872766971150639438e+04
3.227083333333332860e+01,3.872767220901513065e+04
3.229166666666666430e+01,3.872767448084875650e+04
3.231250000000000000e+01,3.872767652492447087e+04
3.233333333333332860e+01,3.872767833931785572e+04
3.235416666666666430e+01,3.872767992225965281e+04
3.237500000000000000e+01,3.872768127213277330e+04
3.239583333333332860e+01,3.872768238746839779e+04
3.241666666666666430e+01,3.872768326694234565e+04
3.243750000000000000e+01,3.872768390937127697e+04
3.245833333333332860e+01,3.872768431370906183e+04
3.247916666666666430e+01,3.872768447904305503e+04
3.250000000000000000e+01,3.872768440459137491e+04
3.252083333333332860e+01,3.872768408970041492e+04
3.254166666666666430e+01,3.872768353384299553e+04
3.256250000000000000e+01,3.872768273661744024e+04
3.258333333333332860e+01,3.872768169774781563e+04
3.260416666666666430e+01,3.872768041708420060e+04
3.262500000000000000e+01,3.872767889460512379e+04
3.264583333333332860e+01,3.872767713041992101e+04
3.266666666666666430e+01,3.872767512477237324e+04
3.268750000000000000e+01,3.872767287804488296e+04
3.270833333333332860e+01,3.872767039076305082e+04
3.272916666666666430e+01,3.872766766360109614e+04
3.275000000000000000e+01,3.872766469738667365e+04
3.277083333333332860e+01,3.872766149310646870e+04
3.279166666666666430e+01,3.872765805191050458e+04
3.281250000000000000e+01,3.872765437511740311e+04
3.283333333333332860e+01,3.872765046421746229e+04
3.285416666666666430e+01,3.872764632087641075e+04
3.287500000000000000e+01,3.872764194693714671e+04
3.289583333333332860e+01,3.872763734442141140e+04
3.291666666666666430e+01,3.872763251553031296e+04
3.293750000000000000e+01,3.872762746264403540e+04
3.295833333333332860e+01,3.872762218832029612e+04
3.297916666666666430e+01,3.872761669529298524e+04
3.300000000000000000e+01,3.872761098646897881e+04
3.302083333333332860e+01,3.872760506492592685e+04
3.304166666666666430e+01,3.872759893390819343e+04
3.306250000000000000e+01,3.872759259682344418e+04
3.308333333333332860e+01,3.872758605723891378e+04
3.310416666666666430e+01,3.872757931887730228e+04
3.312500000000000000e+01,3.872757238561283157e+04
3.314583333333332860e+01,3.872756526146749093e+04
3.316666666666666430e+01,3.872755795060710807e+04
3.318750000000000000e+01,3.872755045733752922e+04
3.320833333333332860e+01,3.872754278610095935e+04
3.322916666666666430e+01,3.872753494147228776e+04
3.325000000000000000e+01,3.872752692815561750e+04
3.327083333333332860e+01,3.872751875098043092e+04
3.329166666666666430e+01,3.872751041489798808e+04
3.331250000000000000e+01,3.872750192497797252e+04
3.333333333333332860e+01,3.872749328640435124e+04
3.335416666666666430e+01,3.872748450447179493e+04
3.337500000000000000e+01,3.872747558458190178e+04
3.339583333333332860e+01,3.872746653223889734e+04
3.341666666666666430e+01,3.872745735304625123e+04
3.343750000000000000e+01,3.872744805270209326e+04
3.345833333333332860e+01,3.872743863699525537e+04
3.347916666666666430e+01,3.872742911180137889e+04
3.350000000000000000e+01,3.872741948307851271e+04
3.352083333333332860e+01,3.872740975686331512e+04
3.354166666666666430e+01,3.872739993926641182e+04
3.356250000000000000e+01,3.872739003646891069e+04
3.358333333333332860e+01,3.872738005471797806e+04
3.360416666666666430e+01,3.872737000032267679e+04
3.362500000000000000e+01,3.872735987964989181e+04
3.364583333333332860e+01,3.872734969912056840e+04
3.366666666666666430e+01,3.872733946520515747e+04
3.368750000000000000e+01,3.872732918441983202e+04
3.370833333333332860e+01,3.872731886332204158e+04
3.372916666666666430e+01,3.872730850850667775e+04
3.375000000000000000e+01,3.872729812660149037e+04
3.377083333333332860e+01,3.872728772426296928e+04
3.379166666666666430e+01,3.872727730817213160e+04
3.381250000000000000e+01,3.872726688503014884e+04
3.383333333333332860e+01,3.872725646155371214e+04
3.385416666666666430e+01,3.872724604447105958e+04
3.387500000000000000e+01,3.872723564051725407e+04
3.389583333333332860e+01,3.872722525642975961e+04
3.391666666666666430e+01,3.872721489894419210e+04
3.393750000000000000e+01,3.872720457478979370e+04
3.395833333333332860e+01,3.872719429068468889e+04
3.397916666666666430e+01,3.872718405333206465e+04
3.400000000000000000e+01,3.872717386941531004e+04
3.402083333333332860e+01,3.872716374559357064e+04
3.404166666666666430e+01,3.872715368849781953e+04
3.406250000000000000e+01,3.872714370472598239e+04
3.408333333333332860e+01,3.872713380083879747e+04
3.410416666666666430e+01,3.872712398335554462e+04
3.412500000000000000e+01,3.872711425874983979e+04
3.414583333333332860e+01,3.872710463344488380e+04
3.416666666666666430e+01,3.872709511380971526e+04
3.418750000000000000e+01,3.872708570615464123e+04
3.420833333333332860e+01,3.872707641672734462e+04
3.422916666666666430e+01,3.872706725170818390e+04
3.425000000000000000e+01,3.872705821720651875e+04
3.427083333333332860e+01,3.872704931925624260e+04
3.429166666666666430e+01,3.872704056381205737e+04
3.431250000000000000e+01,3.872703195674504241e+04
3.433333333333332860e+01,3.872702350383903831e+04
3.435416666666666430e+01,3.872701521078641963e+04
3.437500000000000000e+01,3.872700708318431134e+04
3.439583333333332860e+01,3.872699912653084903e+04
3.441666666666666430e+01,3.872699134622116981e+04
3.443750000000000000e+01,3.872698374754425458e+04
3.445833333333332860e+01,3.872697633567859157e+04
3.447916666666666430e+01,3.872696911568909127e+04
3.450000000000000000e+01,3.872696209252355766e+04
3.452083333333332860e+01,3.872695527100900654e+04
3.454166666666666430e+01,3.872694865584864601e+04
3.456250000000000000e+01,3.872694225161850045e+04
3.458333333333332860e+01,3.872693606276399805e+04
3.460416666666666430e+01,3.872693009359717689e+04
3.462500000000000000e+01,3.872692434829366539e+04
3.464583333333332860e+01,3.872691883088940085e+04
3.466666666666666430e+01,3.872691354527819931e+04
3.468750000000000000e+01,3.872690849520869233e+04
3.470833333333332860e+01,3.872690368428180955e+04
3.472916666666666430e+01,3.872689911594816658e+04
3.475000000000000000e+01,3.872689479350545298e+04
3.477083333333332860e+01,3.872689072009636584e+04
3.479166666666666430e+01,3.872688689870612870e+04
3.481250000000000000e+01,3.872688333216022875e+04
3.483333333333332860e+01,3.872688002312254685e+04
3.485416666666666430e+01,3.872687697409328393e+04
3.487500000000000000e+01,3.872687418740707653e+04
3.489583333333332860e+01,3.872687166523130873e+04
3.491666666666666430e+01,3.872686940956464969e+04
3.493750000000000000e+01,3.872686742223508190e+04
3.495833333333332860e+01,3.872686570489896985e+04
3.497916666666666430e+01,3.872686425903942290e+04
3.500000000000000000e+01,3.872686308596526942e+04
3.502083333333332860e+01,3.872686218681004539e+04
3.504166666666666430e+01,3.872686156253084482e+04
3.506250000000000000e+01,3.872686121390765766e+04
3.508333333333332860e+01,3.872686114154262759e+04
3.510416666666666430e+01,3.872686134585955006e+04
3.512500000000000000e+01,3.872686182710303547e+04
3.514583333333332860e+01,3.872686258533852379e+04
3.516666666666666430e+01,3.872686362045197893e+04
3.518750000000000000e+01,3.872686493214975053e+04
3.520833333333332860e+01,3.872686651995839202e+04
3.522916666666666430e+01,3.872686838322519179e+04
3.525000000000000000e+01,3.872687052111818048e+04
3.527083333333332860e+01,3.872687293262638559e+04
3.529166666666666430e+01,3.872687561656071193e+04
3.531250000000000000e+01,3.872687857155411621e+04
3.533333333333332860e+01,3.872688179606282210e+04
3.535416666666666430e+01,3.872688528836677142e+04
3.537500000000000000e+01,3.872688904657092644e+04
3.539583333333332860e+01,3.872689306860614306e+04
3.541666666666666430e+01,3.872689735223066964e+04
3.543750000000000000e+01,3.872690189503118017e+04
3.545833333333332860e+01,3.872690669442457147e+04
3.547916666666666430e+01,3.872691174765927281e+04
3.550000000000000000e+01,3.872691705181706493e+04
3.552083333333332860e+01,3.872692260381516098e+04
3.554166666666666430e+01,3.872692840040763258e+04
3.556250000000000000e+01,3.872693443818775268e+04
3.558333333333332860e+01,3.872694071359036025e+04
3.560416666666666430e+01,3.872694722289369383e+04
3.562500000000000000e+01,3.872695396222222917e+04
3.564583333333332860e+01,3.872696092754884739e+04
3.566666666666666430e+01,3.872696811469741078e+04
3.568750000000000000e+01,3.872697551934605144e+04
3.570833333333332860e+01,3.872698313702902669e+04
3.572916666666666430e+01,3.872699096314057533e+04
3.575000000000000000e+01,3.872699899293743510e+04
3.577083333333332860e+01,3.872700722154194227e+04
3.579166666666666430e+01,3.872701564394559682e+04
3.581250000000000000e+01,3.872702425501190010e+04
3.583333333333332860e+01,3.872703304948010191e+04
3.585416666666666430e+01,3.872704202196860570e+04
3.587500000000000000e+01,3.872705116697856283e+04
3.589583333333332860e+01,3.872706047889733600e+04
3.591666666666666430e+01,3.872706995200265374e+04
3.593750000000000000e+01,3.872707958046600106e+04
3.595833333333332860e+01,3.872708935835681041e+04
3.597916666666666430e+01,3.872709927964636154e+04
3.600000000000000000e+01,3.872710933821168146e+04
3.602083333333332860e+01,3.872711952784001915e+04
3.604166666666666430e+01,3.872712984223256353e+04
3.606250000000000000e+01,3.872714027500912198e+04
3.608333333333332860e+01,3.872715081971226027e+04
3.610416666666666430e+01,3.872716146981147176e+04
3.612500000000000000e+01,3.872717221870799403e+04
3.614583333333332860e+01,3.872718305973883253e+04
3.616666666666666430e+01,3.872719398618174455e+04
3.618750000000000000e+01,3.872720499125941569e+04
3.620833333333332860e+01,3.872721606814422557e+04
3.622916666666666430e+01,3.872722720996285352e+04
3.625000000000000000e+01,3.872723840980100795e+04
3.627083333333332860e+01,3.872724966070804658e+04
3.629166666666666430e+01,3.872726095570174220e+04
3.631250000000000000e+01,3.872727228777299024e+04
3.633333333333332860e+01,3.872728364989048714e+04
3.635416666666666430e+01,3.872729503500585270e+04
3.637500000000000000e+01,3.872730643605795194e+04
3.639583333333332860e+01,3.872731784597797378e+04
3.641666666666666430e+01,3.872732925769408030e+04
3.643750000000000000e+01,3.872734066413642722e+04
3.645833333333332860e+01,3.872735205824148579e+04
3.647916666666666430e+01,3.872736343295720144e+04
3.650000000000000000e+01,3.872737478124770132e+04
3.652083333333332860e+01,3.872738609609771811e+04
3.654166666666666430e+01,3.872739737051753036e+04
3.656250000000000000e+01,3.872740859754766279e+04
3.658333333333332860e+01,3.872741977026320092e+04
3.660416666666666430e+01,3.872743088177862955e+04
3.662500000000000000e+01,3.872744192525217659e+04
3.664583333333332860e+01,3.872745289389044046e+04
3.666666666666666430e+01,3.872746378095279215e+04
3.668750000000000000e+01,3.872747457975535508e+04
3.670833333333332860e+01,3.872748528367562540e+04
3.672916666666666430e+01,3.872749588615674293e+04
3.675000000000000000e+01,3.872750638071127469e+04
3.677083333333332860e+01,3.872751676092529669e+04
3.679166666666666430e+01,3.872752702046262129e+04
3.681250000000000000e+01,3.872753715306835511e+04
3.683333333333332860e+01,3.872754715257289354e+04
3.685416666666666430e+01,3.872755701289520948e+04
3.687500000000000000e+01,3.872756672804705158e+04
3.689583333333332860e+01,3.872757629213579639e+04
3.691666666666666430e+01,3.872758569936840649e+04
3.693750000000000000e+01,3.872759494405453734e+04
3.695833333333332860e+01,3.872760402060973865e+04
3.697916666666666430e+01,3.872761292355913611e+04
3.700000000000000000e+01,3.872762164753994875e+04
3.702083333333332860e+01,3.872763018730534532e+04
3.704166666666666430e+01,3.872763853772760194e+04
3.706250000000000000e+01,3.872764669380072883e+04
3.708333333333332860e+01,3.872765465064435557e+04
3.710416666666666430e+01,3.872766240350706357e+04
3.712500000000000000e+01,3.872766994776960928e+04
3.714583333333332860e+01,3.872767727894878772e+04
3.716666666666666430e+01,3.872768439270112140e+04
3.718750000000000000e+01,3.872769128482701490e+04
3.720833333333332860e+01,3.872769795127486577e+04
3.722916666666666430e+01,3.872770438814563386e+04
3.725000000000000000e+01,3.872771059169728687e+04
3.727083333333332860e+01,3.872771655835033744e+04
3.729166666666666430e+01,3.872772228469250695e+04
3.731250000000000000e+01,3.872772776748448814e+04
3.733333333333332860e+01,3.872773300366540207e+04
3.735416666666666430e+01,3.872773799035829870e+04
3.737500000000000000e+01,3.872774272487644339e+04
3.739583333333332860e+01,3.872774720472827903e+04
3.741666666666666430e+01,3.872775142762322503e+04
3.743750000000000000e+01,3.872775539147691597e+04
3.745833333333332860e+01,3.872775909441577096e+04
3.747916666666666430e+01,3.872776253478096623e+04
3.750000000000000000e+01,3.872776571113234968e+04
3.752083333333332860e+01,3.872776862225036166e+04
3.754166666666666430e+01,3.872777126713829057e+04
3.756250000000000000e+01,3.872777364502253477e+04
3.758333333333332860e+01,3.872777575535204232e+04
3.760416666666666430e+01,3.872777759779703047e+04
3.762500000000000000e+01,3.872777917224588600e+04
3.764583333333332860e+01,3.872778047880141094e+04
3.766666666666666430e+01,3.872778151777641324e+04
3.768750000000000000e+01,3.872778228968766052e+04
3.770833333333332860e+01,3.872778279524977552e+04
3.772916666666666430e+01,3.872778303536841850e+04
3.775000000000000000e+01,3.872778301113333146e+04
3.777083333333332860e+01,3.872778272381078568e+04
3.779166666666666430e+01,3.872778217483698245e+04
3.781250000000000000e+01,3.872778136581063882e+04
3.783333333333332860e+01,3.872778029848710139e+04
3.785416666666666430e+01,3.872777897477218357e+04
3.787500000000000000e+01,3.872777739671725431e+04
3.789583333333332860e+01,3.872777556651443592e+04
3.791666666666666430e+01,3.872777348649323540e+04
3.793750000000000000e+01,3.872777115911721921e+04
3.795833333333332860e+01,3.872776858698204887e+04
3.797916666666666430e+01,3.872776577281301434e+04
3.800000000000000000e+01,3.872776271946429915e+04
3.802083333333332860e+01,3.872775942991791817e+04
3.804166666666666430e+01,3.872775590728265524e+04
3.806250000000000000e+01,3.872775215479389590e+04
3.808333333333332860e+01,3.872774817581298703e+04
3.810416666666666430e+01,3.872774397382664029e+04
3.812500000000000000e+01,3.872773955244614626e+04
3.814583333333332860e+01,3.872773491540678515e+04
3.816666666666666430e+01,3.872773006656662619e+04
3.818750000000000000e+01,3.872772500990519620e+04
3.820833333333332860e+01,3.872771974952223536e+04
3.822916666666666430e+01,3.872771428963592916e+04
3.825000000000000000e+01,3.872770863458093663e+04
3.827083333333332860e+01,3.872770278880640399e+04
3.829166666666666430e+01,3.872769675687399285e+04
3.831250000000000000e+01,3.872769054345525365e+04
3.833333333333332860e+01,3.872768415332954464e+04
3.835416666666666430e+01,3.872767759138132533e+04
3.837500000000000000e+01,3.872767086259768257e+04
3.839583333333332860e+01,3.872766397206566035e+04
3.841666666666666430e+01,3.872765692496936390e+04
3.843750000000000000e+01,3.872764972658736951e+04
3.845833333333332860e+01,3.872764238228977774e+04
3.847916666666666430e+01,3.872763489753469912e+04
3.850000000000000000e+01,3.872762727786594041e+04
3.852083333333332860e+01,3.872761952890889370e+04
3.854166666666666430e+01,3.872761165636762598e+04
3.856250000000000000e+01,3.872760366602130671e+04
3.858333333333332860e+01,3.872759556372034422e+04
3.860416666666666430e+01,3.872758735538292967e+04
3.862500000000000000e+01,3.872757904699106439e+04
3.864583333333332860e+01,3.872757064458638342e+04
3.866666666666666430e+01,3.872756215426667040e+04
3.868750000000000000e+01,3.872755358218123001e+04
3.870833333333332860e+01,3.872754493452727183e+04
3.872916666666666430e+01,3.872753621754510095e+04
3.875000000000000000e+01,3.872752743751458911e+04
3.877083333333332860e+01,3.872751860075045261e+04
3.879166666666666430e+01,3.872750971359822870e+04
3.881250000000000000e+01,3.872750078243003372e+04
3.883333333333332860e+01,3.872749181364007381e+04
3.885416666666666430e+01,3.872748281364049762e+04
3.887500000000000000e+01,3.872747378885721992e+04
3.889583333333332860e+01,3.872746474572538864e+04
3.891666666666666430e+01,3.872745569068500481e+04
3.893750000000000000e+01,3.872744663017684070e+04
3.895833333333332860e+01,3.872743757063802332e+04
3.897916666666666430e+01,3.872742851849735598e+04
3.900000000000000000e+01,3.872741948017142568e+04
3.902083333333332860e+01,3.872741046205981547e+04
3.904166666666666430e+01,3.872740147054095723e+04
3.906250000000000000e+01,3.872739251196757687e+04
3.908333333333332860e+01,3.872738359266256884e+04
3.910416666666666430e+01,3.872737471891441965e+04
3.912500000000000000e+01,3.872736589697297313e+04
3.914583333333332860e+01,3.872735713304519595e+04
3.916666666666666430e+01,3.872734843329071737e+04
3.918750000000000000e+01,3.872733980381750735e+04
3.920833333333332860e+01,3.872733125067831861e+04
3.922916666666666430e+01,3.872732277986546978e+04
3.925000000000000000e+01,3.872731439730768761e+04
3.927083333333332860e+01,3.872730610886531940e+04
3.929166666666666430e+01,3.872729792032680416e+04
3.931250000000000000e+01,3.872728983740428521e+04
3.933333333333332860e+01,3.872728186572992854e+04
3.935416666666666430e+01,3.872727401085188467e+04
3.937500000000000000e+01,3.872726627823062154e+04
3.939583333333332860e+01,3.872725867323479179e+04
3.941666666666666430e+01,3.872725120113785670e+04
3.943750000000000000e+01,3.872724386711439001e+04
3.945833333333332860e+01,3.872723667623609072e+04
3.947916666666666430e+01,3.872722963346874894e+04
3.950000000000000000e+01,3.872722274366836791e+04
3.952083333333332860e+01,3.872721601157812984e+04
3.954166666666666430e+01,3.872720944182475796e+04
3.956250000000000000e+01,3.872720303891532240e+04
3.958333333333332860e+01,3.872719680723419151e+04
3.960416666666666430e+01,3.872719075103997602e+04
3.962500000000000000e+01,3.872718487446227664e+04
3.964583333333332860e+01,3.872717918149896286e+04
3.966666666666666430e+01,3.872717367601339356e+04
3.968750000000000000e+01,3.872716836173159390e+04
3.970833333333332860e+01,3.872716324223949050e+04
3.972916666666666430e+01,3.872715832098059036e+04
3.975000000000000000e+01,3.872715360125350708e+04
3.977083333333332860e+01,3.872714908620942879e+04
3.979166666666666430e+01,3.872714477884992812e+04
3.981250000000000000e+01,3.872714068202515773e+04
3.983333333333332860e+01,3.872713679843115824e+04
3.985416666666666430e+01,3.872713313060836663e+04
3.987500000000000000e+01,3.872712968093973177e+04
3.989583333333332860e+01,3.872712645164881542e+04
3.991666666666666430e+01,3.872712344479830790e+04
3.993750000000000000e+01,3.872712066228864569e+04
3.995833333333332860e+01,3.872711810585601052e+04
3.997916666666666430e+01,3.872711577707186370e+04
4.000000000000000000e+01,3.872711367734117812e+04
4.002083333333332860e+01,3.872711180790171056e+04
4.004166666666666430e+01,3.872711016982266301e+04
4.006250000000000000e+01,3.872710876400434063e+04
4.008333333333332860e+01,3.872710759117704583e+04
4.010416666666666430e+01,3.872710665190080181e+04
4.012500000000000000e+01,3.872710594656448666e+04
4.014583333333332860e+01,3.872710547538596438e+04
4.016666666666666430e+01,3.872710523841143731e+04
4.018750000000000000e+01,3.872710523551559163e+04
4.020833333333332860e+01,3.872710546640126995e+04
4.022916666666666430e+01,3.872710593060016981e+04
4.025000000000000000e+01,3.872710662747245806e+04
4.027083333333332860e+01,3.872710755620760028e+04
4.029166666666666430e+01,3.872710871582464461e+04
4.031250000000000000e+01,3.872711010517269460e+04
4.033333333333332860e+01,3.872711172293207346e+04
4.035416666666666430e+01,3.872711356761459319e+04
4.037500000000000000e+01,3.872711563756508986e+04
4.039583333333332860e+01,3.872711793096210749e+04
4.041666666666666430e+01,3.872712044581913506e+04
4.043750000000000000e+01,3.872712317998624349e+04
4.045833333333332860e+01,3.872712613115120621e+04
4.047916666666666430e+01,3.872712929684103437e+04
4.050000000000000000e+01,3.872713267442399228e+04
4.052083333333332860e+01,3.872713626111092890e+04
4.054166666666666430e+01,3.872714005395767890e+04
4.056250000000000000e+01,3.872714404986657610e+04
4.058333333333332860e+01,3.872714824558881810e+04
4.060416666666666430e+01,3.872715263772664912e+04
4.062500000000000000e+01,3.872715722273600841e+04
4.064583333333332860e+01,3.872716199692831287e+04
4.066666666666666430e+01,3.872716695647360029e+04
4.068750000000000000e+01,3.872717209740289400e+04
4.070833333333332860e+01,3.872717741561114235e+04
4.072916666666666430e+01,3.872718290685992542e+04
4.075000000000000000e+01,3.872718856678040174e+04
4.077083333333332860e+01,3.872719439087637875e+04
4.079166666666666430e+01,3.872720037452759425e+04
4.081250000000000000e+01,3.872720651299287420e+04
4.083333333333332860e+01,3.872721280141334864e+04
4.085416666666666430e+01,3.872721923481600970e+04
4.087500000000000000e+01,3.872722580811713124e+04
4.089583333333332860e+01,3.872723251612600143e+04
4.091666666666666430e+01,3.872723935354824062e+04
4.093750000000000000e+01,3.872724631498997041e+04
4.095833333333332860e+01,3.872725339496145170e+04
4.097916666666666430e+01,3.872726058788094815e+04
4.100000000000000000e+01,3.872726788807859703e+04
4.102083333333332860e+01,3.872727528980077477e+04
4.104166666666666430e+01,3.872728278721380048e+04
4.106250000000000000e+01,3.872729037440845423e+04
4.108333333333332860e+01,3.872729804540411715e+04
4.110416666666666430e+01,3.872730579415257671e+04
4.112500000000000000e+01,3.872731361454322177e+04
4.114583333333332860e+01,3.872732150040693523e+04
4.116666666666666430e+01,3.872732944552030676e+04
4.118750000000000000e+01,3.872733744361071149e+04
4.120833333333332860e+01,3.872734548836027534e+04
4.122916666666666430e+01,3.872735357341111376e+04
4.125000000000000000e+01,3.872736169236911519e+04
4.127083333333332860e+01,3.872736983880934713e+04
4.129166666666666430e+01,3.872737800628034165e+04
4.131250000000000000e+01,3.872738618830886844e+04
4.133333333333332860e+01,3.872739437840477331e+04
4.135416666666666430e+01,3.872740257006585307e+04
4.137500000000000000e+01,3.872741075678217021e+04
4.139583333333332860e+01,3.872741893204153166e+04
4.141666666666666430e+01,3.872742708933397080e+04
4.143750000000000000e+01,3.872743522215650592e+04
4.145833333333332860e+01,3.872744332401825523e+04
4.147916666666666430e+01,3.872745138844532630e+04
4.150000000000000000e+01,3.872745940898566914e+04
4.152083333333332860e+01,3.872746737921382737e+04
4.154166666666666430e+01,3.872747529273598047e+04
4.156250000000000000e+01,3.872748314319513156e+04
4.158333333333332860e+01,3.872749092427555297e+04
4.160416666666666430e+01,3.872749862970824324e+04
4.162500000000000000e+01,3.872750625327534362e+04
4.164583333333332860e+01,3.872751378881563141e+04
4.166666666666666430e+01,3.872752123022906017e+04
4.168750000000000000e+01,3.872752857148185285e+04
4.170833333333332860e+01,3.872753580661157321e+04
4.172916666666666430e+01,3.872754292973170959e+04
4.175000000000000000e+01,3.872754993503721198e+04
4.177083333333332860e+01,3.872755681680865382e+04
4.179166666666666430e+01,3.872756356941776176e+04
4.181250000000000000e+01,3.872757018733190489e+04
4.183333333333332860e+01,3.872757666511945718e+04
4.185416666666666430e+01,3.872758299745374097e+04
4.187500000000000000e+01,3.872758917911881872e+04
4.189583333333332860e+01,3.872759520501350198e+04
4.191666666666666430e+01,3.872760107015640824e+04
4.193750000000000000e+01,3.872760676969037013e+04
4.195833333333332860e+01,3.872761229888680828e+04
4.197916666666666430e+01,3.872761765315047523e+04
4.200000000000000000e+01,3.872762282802322443e+04
4.202083333333332860e+01,3.872762781918833934e+04
4.204166666666666430e+01,3.872763262247427338e+04
4.206250000000000000e+01,3.872763723385828052e+04
4.208333333333332860e+01,3.872764164946966048e+04
4.210416666666666430e+01,3.872764586559305462e+04
4.212500000000000000e+01,3.872764987867073796e+04
4.214583333333332860e+01,3.872765368530509295e+04
4.216666666666666430e+01,3.872765728226046485e+04
4.218750000000000000e+01,3.872766066646449326e+04
4.220833333333332860e+01,3.872766383500909433e+04
4.222916666666666430e+01,3.872766678515051899e+04
4.225000000000000000e+01,3.872766951430946210e+04
4.227083333333332860e+01,3.872767202007009473e+04
4.229166666666666430e+01,3.872767430017884180e+04
4.231250000000000000e+01,3.872767635254249763e+04
4.233333333333332860e+01,3.872767817522579571e+04
4.235416666666666430e+01,3.872767976644870942e+04
4.237500000000000000e+01,3.872768112458330143e+04
4.239583333333332860e+01,3.872768224815021676e+04
4.241666666666666430e+01,3.872768313581519760e+04
4.243750000000000000e+01,3.872768378638543800e+04
4.245833333333332860e+01,3.872768419880614965e+04
4.247916666666666430e+01,3.872768437215713493e+04
4.250000000000000000e+01,3.872768430565018207e+04
4.252083333333332860e+01,3.872768399862672231e+04
4.254166666666666430e+01,3.872768345055611280e+04
4.256250000000000000e+01,3.872768266103474161e+04
4.258333333333332860e+01,3.872768162978610053e+04
4.260416666666666430e+01,3.872768035666161450e+04
4.262500000000000000e+01,3.872767884164242423e+04
4.264583333333332860e+01,3.872767708484160539e+04
4.266666666666666430e+01,3.872767508650801756e+04
4.268750000000000000e+01,3.872767284702996403e+04
4.270833333333332860e+01,3.872767036693955015e+04
4.272916666666666430e+01,3.872766764691800199e+04
4.275000000000000000e+01,3.872766468780002469e+04
4.277083333333332860e+01,3.872766149057902658e+04
4.279166666666666430e+01,3.872765805641177576e+04
4.281250000000000000e+01,3.872765438662253291e+04
4.283333333333332860e+01,3.872765048270679836e+04
4.285416666666666430e+01,3.872764634633435344e+04
4.287500000000000000e+01,3.872764197935148695e+04
4.289583333333332860e+01,3.872763738378190465e+04
4.291666666666666430e+01,3.872763256182787882e+04
4.293750000000000000e+01,3.872762751586966624e+04
4.295833333333332860e+01,3.872762224846422760e+04
4.297916666666666430e+01,3.872761676234380866e+04
4.300000000000000000e+01,3.872761106041324820e+04
4.302083333333332860e+01,3.872760514574729314e+04
4.304166666666666430e+01,3.872759902158719342e+04
4.306250000000000000e+01,3.872759269133720954e+04
4.308333333333332860e+01,3.872758615856109827e+04
4.310416666666666430e+01,3.872757942697777617e+04
4.312500000000000000e+01,3.872757250045797991e+04
4.314583333333332860e+01,3.872756538302014087e+04
4.316666666666666430e+01,3.872755807882667432e+04
4.318750000000000000e+01,3.872755059218017414e+04
4.320833333333332860e+01,3.872754292751989851e+04
4.322916666666666430e+01,3.872753508941750624e+04
4.325000000000000000e+01,3.872752708257447375e+04
4.327083333333332860e+01,3.872751891181756218e+04
4.329166666666666430e+01,3.872751058209551411e+04
4.331250000000000000e+01,3.872750209847551014e+04
4.333333333333332860e+01,3.872749346613903617e+04
4.335416666666666430e+01,3.872748469037873292e+04
4.337500000000000000e+01,3.872747577659389935e+04
4.339583333333332860e+01,3.872746673028683290e+04
4.341666666666666430e+01,3.872745755705884221e+04
4.343750000000000000e+01,3.872744826260636910e+04
4.345833333333332860e+01,3.872743885271649197e+04
4.347916666666666430e+01,3.872742933326328057e+04
4.350000000000000000e+01,3.872741971020337223e+04
4.352083333333332860e+01,3.872740998957197735e+04
4.354166666666666430e+01,3.872740017747878301e+04
4.356250000000000000e+01,3.872739028010373295e+04
4.358333333333332860e+01,3.872738030369304033e+04
4.360416666666666430e+01,3.872737025455506955e+04
4.362500000000000000e+01,3.872736013905605796e+04
4.364583333333332860e+01,3.872734996361620870e+04
4.366666666666666430e+01,3.872733973470558703e+04
4.368750000000000000e+01,3.872732945883987850e+04
4.370833333333332860e+01,3.872731914257621975e+04
4.372916666666666430e+01,3.872730879250909493e+04
4.375000000000000000e+01,3.872729841526583914e+04
4.377083333333332860e+01,3.872728801750280400e+04
4.379166666666666430e+01,3.872727760590081016e+04
4.381250000000000000e+01,3.872726718716062896e+04
4.383333333333332860e+01,3.872725676799886423e+04
4.385416666666666430e+01,3.872724635514359397e+04
4.387500000000000000e+01,3.872723595532963373e+04
4.389583333333332860e+01,3.872722557529446931e+04
4.391666666666666430e+01,3.872721522177357838e+04
4.393750000000000000e+01,3.872720490149603575e+04
4.395833333333332860e+01,3.872719462118019146e+04
4.397916666666666430e+01,3.872718438752908696e+04
4.400000000000000000e+01,3.872717420722604584e+04
4.402083333333332860e+01,3.872716408693051198e+04
4.404166666666666430e+01,3.872715403327336389e+04
4.406250000000000000e+01,3.872714405285270914e+04
4.408333333333332860e+01,3.872713415222942422e+04
4.410416666666666430e+01,3.872712433792304364e+04
4.412500000000000000e+01,3.872711461640703055e+04
4.414583333333332860e+01,3.872710499410506600e+04
4.416666666666666430e+01,3.872709547738613765e+04
4.418750000000000000e+01,3.872708607256102550e+04
4.420833333333332860e+01,3.872707678587721603e+04
4.422916666666666430e+01,3.872706762351552607e+04
4.425000000000000000e+01,3.872705859158537351e+04
4.427083333333332860e+01,3.872704969612100831e+04
4.429166666666666430e+01,3.872704094307727064e+04
4.431250000000000000e+01,3.872703233832544356e+04
4.433333333333332860e+01,3.872702388764963689e+04
4.435416666666666430e+01,3.872701559674237069e+04
4.437500000000000000e+01,3.872700747120110464e+04
4.439583333333332860e+01,3.872699951652423624e+04
4.441666666666666430e+01,3.872699173810728098e+04
4.443750000000000000e+01,3.872698414123923430e+04
4.445833333333332860e+01,3.872697673109904281e+04
4.447916666666666430e+01,3.872696951275200263e+04
4.450000000000000000e+01,3.872696249114596139e+04
4.452083333333332860e+01,3.872695567110846605e+04
4.454166666666666430e+01,3.872694905734296481e+04
4.456250000000000000e+01,3.872694265442574397e+04
4.458333333333332860e+01,3.872693646680263191e+04
4.460416666666666430e+01,3.872693049878610327e+04
4.462500000000000000e+01,3.872692475455191743e+04
4.464583333333332860e+01,3.872691923813644098e+04
4.466666666666666430e+01,3.872691395343380282e+04
4.468750000000000000e+01,3.872690890419305651e+04
4.470833333333332860e+01,3.872690409401532816e+04
4.472916666666666430e+01,3.872689952635174268e+04
4.475000000000000000e+01,3.872689520450030250e+04
4.477083333333332860e+01,3.872689113160409761e+04
4.479166666666666430e+01,3.872688731064863532e+04
4.481250000000000000e+01,3.872688374445984664e+04
4.483333333333332860e+01,3.872688043570199807e+04
4.485416666666666430e+01,3.872687738687563979e+04
4.487500000000000000e+01,3.872687460031583032e+04
4.489583333333332860e+01,3.872687207819038304e+04
4.491666666666666430e+01,3.872686982249825087e+04
4.493750000000000000e+01,3.872686783506793290e+04
4.495833333333332860e+01,3.872686611755612103e+04
4.497916666666666430e+01,3.872686467144640483e+04
4.500000000000000000e+01,3.872686349804799102e+04
4.502083333333332860e+01,3.872686259849485941e+04
4.504166666666666430e+01,3.872686197374450421e+04
4.506250000000000000e+01,3.872686162457742466e+04
4.508333333333332860e+01,3.872686155159608461e+04
4.510416666666666430e+01,3.872686175522470876e+04
4.512500000000000000e+01,3.872686223570838047e+04
4.514583333333332860e+01,3.872686299311301991e+04
4.516666666666666430e+01,3.872686402732495480e+04
4.518750000000000000e+01,3.872686533805103682e+04
4.520833333333332860e+01,3.872686692481836508e+04
4.522916666666666430e+01,3.872686878697456996e+04
4.525000000000000000e+01,3.872687092368805315e+04
4.527083333333332860e+01,3.872687333394848247e+04
4.529166666666666430e+01,3.872687601656714105e+04
4.531250000000000000e+01,3.872687897017750947e+04
4.533333333333332860e+01,3.872688219323613157e+04
4.535416666666666430e+01,3.872688568402365490e+04
4.537500000000000000e+01,3.872688944064539828e+04
4.539583333333332860e+01,3.872689346103277785e+04
4.541666666666666430e+01,3.872689774294430390e+04
4.543750000000000000e+01,3.872690228396745806e+04
4.545833333333332860e+01,3.872690708151939180e+04
4.547916666666666430e+01,3.872691213284914556e+04
4.550000000000000000e+01,3.872691743503906764e+04
4.552083333333332860e+01,3.872692298500671313e+04
4.554166666666666430e+01,3.872692877950680122e+04
4.556250000000000000e+01,3.872693481513308507e+04
4.558333333333332860e+01,3.872694108832081110e+04
4.560416666666666430e+01,3.872694759534892364e+04
4.562500000000000000e+01,3.872695433234227676e+04
4.564583333333332860e+01,3.872696129527425364e+04
4.566666666666666430e+01,3.872696847996946599e+04
4.568750000000000000e+01,3.872697588210635877e+04
4.570833333333332860e+01,3.872698349721990235e+04
4.572916666666666430e+01,3.872699132070477935e+04
4.575000000000000000e+01,3.872699934781832417e+04
4.577083333333332860e+01,3.872700757368344057e+04
4.579166666666666430e+01,3.872701599329204328e+04
4.581250000000000000e+01,3.872702460150837578e+04
4.583333333333332860e+01,3.872703339307220449e+04
4.585416666666666430e+01,3.872704236260247853e+04
4.587500000000000000e+01,3.872705150460096047e+04
4.589583333333332860e+01,3.872706081345561688e+04
4.591666666666666430e+01,3.872707028344475839e+04
4.593750000000000000e+01,3.872707990874047391e+04
4.595833333333332860e+01,3.872708968341269792e+04
4.597916666666666430e+01,3.872709960143342323e+04
4.600000000000000000e+01,3.872710965668036079e+04
4.602083333333332860e+01,3.872711984294113790e+04
4.604166666666666430e+01,3.872713015391788940e+04
4.606250000000000000e+01,3.872714058323090285e+04
4.608333333333332860e+01,3.872715112442332611e+04
4.610416666666666430e+01,3.872716177096546016e+04
4.612500000000000000e+01,3.872717251625898643e+04
4.614583333333332860e+01,3.872718335364186350e+04
4.616666666666666430e+01,3.872719427639237983e+04
4.618750000000000000e+01,3.872720527773399954e+04
4.620833333333332860e+01,3.872721635083966248e+04
4.622916666666666430e+01,3.872722748883684108e+04
4.625000000000000000e+01,3.872723868481208774e+04
4.627083333333332860e+01,3.872724993181541504e+04
4.629166666666666430e+01,3.872726122286531609e+04
4.631250000000000000e+01,3.872727255095347209e+04
4.633333333333332860e+01,3.872728390904950356e+04
4.635416666666666430e+01,3.872729529010564147e+04
4.637500000000000000e+01,3.872730668706174038e+04
4.639583333333332860e+01,3.872731809284984774e+04
4.641666666666666430e+01,3.872732950039879506e+04
4.643750000000000000e+01,3.872734090263977123e+04
4.645833333333332860e+01,3.872735229251019337e+04
4.647916666666666430e+01,3.872736366295892367e+04
4.650000000000000000e+01,3.872737500695103518e+04
4.652083333333332860e+01,3.872738631747214095e+04
4.654166666666666430e+01,3.872739758753366914e+04
4.656250000000000000e+01,3.872740881017703214e+04
4.658333333333332860e+01,3.872741997847857419e+04
4.660416666666666430e+01,3.872743108555371873e+04
4.662500000000000000e+01,3.872744212456194509e+04
4.664583333333332860e+01,3.872745308871087036e+04
4.666666666666666430e+01,3.872746397126096417e+04
4.668750000000000000e+01,3.872747476552976877e+04
4.670833333333332860e+01,3.872748546489592263e+04
4.672916666666666430e+01,3.872749606280379521e+04
4.675000000000000000e+01,3.872750655276702309e+04
4.677083333333332860e+01,3.872751692837329028e+04
4.679166666666666430e+01,3.872752718328747869e+04
4.681250000000000000e+01,3.872753731125612831e+04
4.683333333333332860e+01,3.872754730611069681e+04
4.685416666666666430e+01,3.872755716177154682e+04
4.687500000000000000e+01,3.872756687225170754e+04
4.689583333333332860e+01,3.872757643165974878e+04
4.691666666666666430e+01,3.872758583420379728e+04
4.693750000000000000e+01,3.872759507419457805e+04
4.695833333333332860e+01,3.872760414604883408e+04
4.697916666666666430e+01,3.872761304429224401e+04
4.700000000000000000e+01,3.872762176356324926e+04
4.702083333333332860e+01,3.872763029861568793e+04
4.704166666666666430e+01,3.872763864432206174e+04
4.706250000000000000e+01,3.872764679567699204e+04
4.708333333333332860e+01,3.872765474780026852e+04
4.710416666666666430e+01,3.872766249594047258e+04
4.712500000000000000e+01,3.872767003547806962e+04
4.714583333333332860e+01,3.872767736192940356e+04
4.716666666666666430e+01,3.872768447095032025e+04
4.718750000000000000e+01,3.872769135834030749e+04
4.720833333333332860e+01,3.872769802004635130e+04
4.722916666666666430e+01,3.872770445216807275e+04
4.725000000000000000e+01,3.872771065096203529e+04
4.727083333333332860e+01,3.872771661284655420e+04
4.729166666666666430e+01,3.872772233440768468e+04
4.731250000000000000e+01,3.872772781240391487e+04
4.733333333333332860e+01,3.872773304377236491e+04
4.735416666666666430e+01,3.872773802563412028e+04
4.737500000000000000e+01,3.872774275530034356e+04
4.739583333333332860e+01,3.872774723027794244e+04
4.741666666666666430e+01,3.872775144827485929e+04
4.743750000000000000e+01,3.872775540720579011e+04
4.745833333333332860e+01,3.872775910519645549e+04
4.747916666666666430e+01,3.872776254058814084e+04
4.750000000000000000e+01,3.872776571194123972e+04
4.752083333333332860e+01,3.872776861803761858e+04
4.754166666666666430e+01,3.872777125788251578e+04
4.756250000000000000e+01,3.872777363070505089e+04
4.758333333333332860e+01,3.872777573595787544e+04
4.760416666666666430e+01,3.872777757331508474e+04
4.762500000000000000e+01,3.872777914266991866e+04
4.764583333333332860e+01,3.872778044413083990e+04
4.766666666666666430e+01,3.872778147801617888e+04
4.768750000000000000e+01,3.872778224484893144e+04
4.770833333333332860e+01,3.872778274535022501e+04
4.772916666666666430e+01,3.872778298043196992e+04
4.775000000000000000e+01,3.872778295119036920e+04
4.777083333333332860e+01,3.872778265889798786e+04
4.779166666666666430e+01,3.872778210499660781e+04
4.781250000000000000e+01,3.872778129109044676e+04
4.783333333333332860e+01,3.872778021893986443e+04
4.785416666666666430e+01,3.872777889045483607e+04
4.787500000000000000e+01,3.872777730769041227e+04
4.789583333333332860e+01,3.872777547284187312e+04
4.791666666666666430e+01,3.872777338824101025e+04
4.793750000000000000e+01,3.872777105635331100e+04
4.795833333333332860e+01,3.872776847977543366e+04
4.797916666666666430e+01,3.872776566123364319e+04
4.800000000000000000e+01,3.872776260358243599e+04
4.802083333333332860e+01,3.872775930980347766e+04
4.804166666666666430e+01,3.872775578300537018e+04
4.806250000000000000e+01,3.872775202642288787e+04
4.808333333333332860e+01,3.872774804341665003e+04
4.810416666666666430e+01,3.872774383747226966e+04
4.812500000000000000e+01,3.872773941220021516e+04
4.814583333333332860e+01,3.872773477133479173e+04
4.816666666666666430e+01,3.872772991873290448e+04
4.818750000000000000e+01,3.872772485837332351e+04
4.820833333333332860e+01,3.872771959435459576e+04
4.822916666666666430e+01,3.872771413089398993e+04
4.825000000000000000e+01,3.872770847232519009e+04
4.827083333333332860e+01,3.872770262309651298e+04
4.829166666666666430e+01,3.872769658776856522e+04
4.831250000000000000e+01,3.872769037101222057e+04
4.833333333333332860e+01,3.872768397760583321e+04
4.835416666666666430e+01,3.872767741243306227e+04
4.837500000000000000e+01,3.872767068048001966e+04
4.839583333333332860e+01,3.872766378683313815e+04
4.841666666666666430e+01,3.872765673667573719e+04
4.843750000000000000e+01,3.872764953528562182e+04
4.845833333333332860e+01,3.872764218803206313e+04
4.847916666666666430e+01,3.872763470037277875e+04
4.850000000000000000e+01,3.872762707785088423e+04
4.852083333333332860e+01,3.872761932609112409e+04
4.854166666666666430e+01,3.872761145079725975e+04
4.856250000000000000e+01,3.872760345774779125e+04
4.858333333333332860e+01,3.872759535279300326e+04
4.860416666666666430e+01,3.872758714185059216e+04
4.862500000000000000e+01,3.872757883090219548e+04
4.864583333333332860e+01,3.872757042598933913e+04
4.866666666666666430e+01,3.872756193320950842e+04
4.868750000000000000e+01,3.872755335871184070e+04
4.870833333333332860e+01,3.872754470869326906e+04
4.872916666666666430e+01,3.872753598939393851e+04
4.875000000000000000e+01,3.872752720709358982e+04
4.877083333333332860e+01,3.872751836810680834e+04
4.879166666666666430e+01,3.872750947877884028e+04
4.881250000000000000e+01,3.872750054548169282e+04
4.883333333333332860e+01,3.872749157460939750e+04
4.885416666666666430e+01,3.872748257257417572e+04
4.887500000000000000e+01,3.872747354580149840e+04
4.889583333333332860e+01,3.872746450072644075e+04
4.891666666666666430e+01,3.872745544378894556e+04
4.893750000000000000e+01,3.872744638142977783e+04
4.895833333333332860e+01,3.872743732008575898e+04
4.897916666666666430e+01,3.872742826618559047e+04
4.900000000000000000e+01,3.872741922614583018e+04
4.902083333333332860e+01,3.872741020636595931e+04
4.904166666666666430e+01,3.872740121322421328e+04
4.906250000000000000e+01,3.872739225307344168e+04
4.908333333333332860e+01,3.872738333223626978e+04
4.910416666666666430e+01,3.872737445700109674e+04
4.912500000000000000e+01,3.872736563361781737e+04
4.914583333333332860e+01,3.872735686829312908e+04
4.916666666666666430e+01,3.872734816718656657e+04
4.918750000000000000e+01,3.872733953640621621e+04
4.920833333333332860e+01,3.872733098200443783e+04
4.922916666666666430e+01,3.872732250997364463e+04
4.925000000000000000e+01,3.872731412624238874e+04
4.927083333333332860e+01,3.872730583667091560e+04
4.929166666666666430e+01,3.872729764704749687e+04
4.931250000000000000e+01,3.872728956308413035e+04
4.933333333333332860e+01,3.872728159041303297e+04
4.935416666666666430e+01,3.872727373458202783e+04
4.937500000000000000e+01,3.872726600105148827e+04
4.939583333333332860e+01,3.872725839518995053e+04
4.941666666666666430e+01,3.872725092227089044e+04
4.943750000000000000e+01,3.872724358746847429e+04
4.945833333333332860e+01,3.872723639585451747e+04
4.947916666666666430e+01,3.872722935239442450e+04
4.950000000000000000e+01,3.872722246194433683e+04
4.952083333333332860e+01,3.872721572924716747e+04
4.954166666666666430e+01,3.872720915892935591e+04
4.956250000000000000e+01,3.872720275549797225e+04
4.958333333333332860e+01,3.872719652333723207e+04
4.960416666666666430e+01,3.872719046670556418e+04
4.962500000000000000e+01,3.872718458973239467e+04
4.964583333333332860e+01,3.872717889641537477e+04
4.966666666666666430e+01,3.872717339061779057e+04
4.968750000000000000e+01,3.872716807606544899e+04
4.970833333333332860e+01,3.872716295634409471e+04
4.972916666666666430e+01,3.872715803489717655e+04
4.975000000000000000e+01,3.872715331502293702e+04
4.977083333333332860e+01,3.872714879987247696e+04
4.979166666666666430e+01,3.872714449244731804e+04
4.981250000000000000e+01,3.872714039559715457e+04
4.983333333333332860e+01,3.872713651201799075e+04
4.985416666666666430e+01,3.872713284425008897e+04
4.987500000000000000e+01,3.872712939467612887e+04
4.989583333333332860e+01,3.872712616551960673e+04
4.991666666666666430e+01,3.872712315884295822e+04
4.993750000000000000e+01,3.872712037654627784e+04
4.995833333333332860e+01,3.872711782036573277e+04
4.997916666666666430e+01,3.872711549187256605e+04
5.000000000000000000e+01,3.872711339247148135e+04
5.002083333333332860e+01,3.872711152339995169e+04
5.004166666666666430e+01,3.872710988572711358e+04
5.006250000000000000e+01,3.872710848035295203e+04
5.008333333333332860e+01,3.872710730800770398e+04
5.010416666666666430e+01,3.872710636925097060e+04
5.012500000000000000e+01,3.872710566447157180e+04
5.014583333333332860e+01,3.872710519388706598e+04
5.016666666666666430e+01,3.872710495754342992e+04
5.018750000000000000e+01,3.872710495531511697e+04
5.020833333333332860e+01,3.872710518690489698e+04
5.022916666666666430e+01,3.872710565184396546e+04
5.025000000000000000e+01,3.872710634949248197e+04
5.027083333333332860e+01,3.872710727903962834e+04
5.029166666666666430e+01,3.872710843950408162e+04
5.031250000000000000e+01,3.872710982973489445e+04
5.033333333333332860e+01,3.872711144841198256e+04
5.035416666666666430e+01,3.872711329404707794e+04
5.037500000000000000e+01,3.872711536498461646e+04
5.039583333333332860e+01,3.872711765940298937e+04
5.041666666666666430e+01,3.872712017531540187e+04
5.043750000000000000e+01,3.872712291057169932e+04
5.045833333333332860e+01,3.872712586285940051e+04
5.047916666666666430e+01,3.872712902970526193e+04
5.050000000000000000e+01,3.872713240847718407e+04
5.052083333333332860e+01,3.872713599638600863e+04
5.054166666666666430e+01,3.872713979048703186e+04
5.056250000000000000e+01,3.872714378768247843e+04
5.058333333333332860e+01,3.872714798472318944e+04
5.060416666666666430e+01,3.872715237821129995e+04
5.062500000000000000e+01,3.872715696460229083e+04
5.064583333333332860e+01,3.872716174020746257e+04
5.066666666666666430e+01,3.872716670119644550e+04
5.068750000000000000e+01,3.872717184360017563e+04
5.070833333333332860e+01,3.872717716331317934e+04
5.072916666666666430e+01,3.872718265609672380e+04
5.075000000000000000e+01,3.872718831758174201e+04
5.077083333333332860e+01,3.872719414327183767e+04
5.079166666666666430e+01,3.872720012854643574e+04
5.081250000000000000e+01,3.872720626866404928e+04
5.083333333333332860e+01,3.872721255876546638e+04
5.085416666666666430e+01,3.872721899387748272e+04
5.087500000000000000e+01,3.872722556891608838e+04
5.089583333333332860e+01,3.872723227869014227e+04
5.091666666666666430e+01,3.872723911790518468e+04
5.093750000000000000e+01,3.872724608116696618e+04
5.095833333333332860e+01,3.872725316298540565e+04
5.097916666666666430e+01,3.872726035777846846e+04
5.100000000000000000e+01,3.872726765987608815e+04
5.102083333333332860e+01,3.872727506352429191e+04
5.104166666666666430e+01,3.872728256288920966e+04
5.106250000000000000e+01,3.872729015206114855e+04
5.108333333333332860e+01,3.872729782505926414e+04
5.110416666666666430e+01,3.872730557583523478e+04
5.112500000000000000e+01,3.872731339827796910e+04
5.114583333333332860e+01,3.872732128621800075e+04
5.116666666666666430e+01,3.872732923343175207e+04
5.118750000000000000e+01,3.872733723364630714e+04
5.120833333333332860e+01,3.872734528054364637e+04
5.122916666666666430e+01,3.872735336776527402e+04
5.125000000000000000e+01,3.872736148891702760e+04
5.127083333333332860e+01,3.872736963757368358e+04
5.129166666666666430e+01,3.872737780728343205e+04
5.131250000000000000e+01,3.872738599157283898e+04
5.133333333333332860e+01,3.872739418395153189e+04
5.135416666666666430e+01,3.872740237791682739e+04
5.137500000000000000e+01,3.872741056695881707e+04
5.139583333333332860e+01,3.872741874456484220e+04
5.141666666666666430e+01,3.872742690422473243e+04
5.143750000000000000e+01,3.872743503943536780e+04
5.145833333333332860e+01,3.872744314370556822e+04
5.147916666666666430e+01,3.872745121056123753e+04
5.150000000000000000e+01,3.872745923354996194e+04
5.152083333333332860e+01,3.872746720624637965e+04
5.154166666666666430e+01,3.872747512225618993e+04
5.156250000000000000e+01,3.872748297522229404e+04
5.158333333333332860e+01,3.872749075882882607e+04
5.160416666666666430e+01,3.872749846680652990e+04
5.162500000000000000e+01,3.872750609293740854e+04
5.164583333333332860e+01,3.872751363106007921e+04
5.166666666666666430e+01,3.872752107507432083e+04
5.168750000000000000e+01,3.872752841894630546e+04
5.170833333333332860e+01,3.872753565671325487e+04
5.172916666666666430e+01,3.872754278248875198e+04
5.175000000000000000e+01,3.872754979046736116e+04
5.177083333333332860e+01,3.872755667492970679e+04
5.179166666666666430e+01,3.872756343024725356e+04
5.181250000000000000e+01,3.872757005088742881e+04
5.183333333333332860e+01,3.872757653141806077e+04
5.185416666666666430e+01,3.872758286651266826e+04
5.187500000000000000e+01,3.872758905095494993e+04
5.189583333333332860e+01,3.872759507964365912e+04
5.191666666666666430e+01,3.872760094759700587e+04
5.193750000000000000e+01,3.872760664995757543e+04
5.195833333333332860e+01,3.872761218199655559e+04
5.197916666666666430e+01,3.872761753911819687e+04
5.200000000000000000e+01,3.872762271686403983e+04
5.202083333333332860e+01,3.872762771091676404e+04
5.204166666666666430e+01,3.872763251710434270e+04
5.206250000000000000e+01,3.872763713140325854e+04
5.208333333333332860e+01,3.872764154994221462e+04
5.210416666666666430e+01,3.872764576900476823e+04
5.212500000000000000e+01,3.872764978503224120e+04
5.214583333333332860e+01,3.872765359462606284e+04
5.216666666666666430e+01,3.872765719454918872e+04
5.218750000000000000e+01,3.872766058172799967e+04
5.220833333333332860e+01,3.872766375325281842e+04
5.222916666666666430e+01,3.872766670637836069e+04
5.225000000000000000e+01,3.872766943852358963e+04
5.227083333333332860e+01,3.872767194727075548e+04
5.229166666666666430e+01,3.872767423036447144e+04
5.231250000000000000e+01,3.872767628570941451e+04
5.233333333333332860e+01,3.872767811136829550e+04
5.235416666666666430e+01,3.872767970555895590e+04
5.237500000000000000e+01,3.872768106665145024e+04
5.239583333333332860e+01,3.872768219316437899e+04
5.241666666666666430e+01,3.872768308376145433e+04
5.243750000000000000e+01,3.872768373724821868e+04
5.245833333333332860e+01,3.872768415256794106e+04
5.247916666666666430e+01,3.872768432879916509e+04
5.250000000000000000e+01,3.872768426515232568e+04
5.252083333333332860e+01,3.872768396096779907e+04
5.254166666666666430e+01,3.872768341571413475e+04
5.256250000000000000e+01,3.872768262898732064e+04
5.258333333333332860e+01,3.872768160051065934e+04
5.260416666666666430e+01,3.872768033013569220e+04
5.262500000000000000e+01,3.872767881784380734e+04
5.264583333333332860e+01,3.872767706374869886e+04
5.266666666666666430e+01,3.872767506810001942e+04
5.268750000000000000e+01,3.872767283128700365e+04
5.270833333333332860e+01,3.872767035384292831e+04
5.272916666666666430e+01,3.872766763644990715e+04
5.275000000000000000e+01,3.872766467994401319e+04
5.277083333333332860e+01,3.872766148531976069e+04
5.279166666666666430e+01,3.872765805373499461e+04
5.281250000000000000e+01,3.872765438651495060e+04
5.283333333333332860e+01,3.872765048515598755e+04
5.285416666666666430e+01,3.872764635132851981e+04
5.287500000000000000e+01,3.872764198687927274e+04
5.289583333333332860e+01,3.872763739383234497e+04
5.291666666666666430e+01,3.872763257439018344e+04
5.293750000000000000e+01,3.872762753093289211e+04
5.295833333333332860e+01,3.872762226601735165e+04
5.297916666666666430e+01,3.872761678237532760e+04
5.300000000000000000e+01,3.872761108291128039e+04
5.302083333333332860e+01,3.872760517069952039e+04
5.304166666666666430e+01,3.872759904898040259e+04
5.306250000000000000e+01,3.872759272115777276e+04
5.308333333333332860e+01,3.872758619079452183e+04
5.310416666666666430e+01,3.872757946160904248e+04
5.312500000000000000e+01,3.872757253747107461e+04
5.314583333333332860e+01,3.872756542239866394e+04
5.316666666666666430e+01,3.872755812055342540e+04
5.318750000000000000e+01,3.872755063623726164e+04
5.320833333333332860e+01,3.872754297388865962e+04
5.322916666666666430e+01,3.872753513807916170e+04
5.325000000000000000e+01,3.872752713350925478e+04
5.327083333333332860e+01,3.872751896500532894e+04
5.329166666666666430e+01,3.872751063751555921e+04
5.331250000000000000e+01,3.872750215610663872e+04
5.333333333333332860e+01,3.872749352595971141e+04
5.335416666666666430e+01,3.872748475236677041e+04
5.337500000000000000e+01,3.872747584072658356e+04
5.339583333333332860e+01,3.872746679654131003e+04
5.341666666666666430e+01,3.872745762541176373e+04
5.343750000000000000e+01,3.872744833303389896e+04
5.345833333333332860e+01,3.872743892519448855e+04
5.347916666666666430e+01,3.872742940776731120e+04
5.350000000000000000e+01,3.872741978670866956e+04
5.352083333333332860e+01,3.872741006805349025e+04
5.354166666666666430e+01,3.872740025791116204e+04
5.356250000000000000e+01,3.872739036246144678e+04
5.358333333333332860e+01,3.872738038795044122e+04
5.360416666666666430e+01,3.872737034068609501e+04
5.362500000000000000e+01,3.872736022703462368e+04
5.364583333333332860e+01,3.872735005341612850e+04
5.366666666666666430e+01,3.872733982630051469e+04
5.368750000000000000e+01,3.872732955220322037e+04
5.370833333333332860e+01,3.872731923768146953e+04
5.372916666666666430e+01,3.872730888932933885e+04
5.375000000000000000e+01,3.872729851377441810e+04
5.377083333333332860e+01,3.872728811767284787e+04
5.379166666666666430e+01,3.872727770770531788e+04
5.381250000000000000e+01,3.872726729057254124e+04
5.383333333333332860e+01,3.872725687299108540e+04
5.385416666666666430e+01,3.872724646168888285e+04
5.387500000000000000e+01,3.872723606340083643e+04
5.389583333333332860e+01,3.872722568486424279e+04
5.391666666666666430e+01,3.872721533281460870e+04
5.393750000000000000e+01,3.872720501398095803e+04
5.395833333333332860e+01,3.872719473508156807e+04
5.397916666666666430e+01,3.872718450281950936e+04
5.400000000000000000e+01,3.872717432387807639e+04
5.402083333333332860e+01,3.872716420491672761e+04
5.404166666666666430e+01,3.872715415256623965e+04
5.406250000000000000e+01,3.872714417342474189e+04
5.408333333333332860e+01,3.872713427405319089e+04
5.410416666666666430e+01,3.872712446097097563e+04
5.412500000000000000e+01,3.872711474065177026e+04
5.414583333333332860e+01,3.872710511951919034e+04
5.416666666666666430e+01,3.872709560394217988e+04
5.418750000000000000e+01,3.872708620023146068e+04
5.420833333333332860e+01,3.872707691463470110e+04
5.422916666666666430e+01,3.872706775333268888e+04
5.425000000000000000e+01,3.872705872243484191e+04
5.427083333333332860e+01,3.872704982797549019e+04
5.429166666666666430e+01,3.872704107590940112e+04
5.431250000000000000e+01,3.872703247210790869e+04
5.433333333333332860e+01,3.872702402235515910e+04
5.435416666666666430e+01,3.872701573234386160e+04
5.437500000000000000e+01,3.872700760767133033e+04
5.439583333333332860e+01,3.872699965383605013e+04
5.441666666666666430e+01,3.872699187623349280e+04
5.443750000000000000e+01,3.872698428015296668e+04
5.445833333333332860e+01,3.872697687077327282e+04
5.447916666666666430e+01,3.872696965315959824e+04
5.450000000000000000e+01,3.872696263226027077e+04
5.452083333333332860e+01,3.872695581290254631e+04
5.454166666666666430e+01,3.872694919979011320e+04
5.456250000000000000e+01,3.872694279749914131e+04
5.458333333333332860e+01,3.872693661047572095e+04
5.460416666666666430e+01,3.872693064303224673e+04
5.462500000000000000e+01,3.872692489934469631e+04
5.464583333333332860e+01,3.872691938344929076e+04
5.466666666666666430e+01,3.872691409924041363e+04
5.468750000000000000e+01,3.872690905046716216e+04
5.470833333333332860e+01,3.872690424073074973e+04
5.472916666666666430e+01,3.872689967348222854e+04
5.475000000000000000e+01,3.872689535201996478e+04
5.477083333333332860e+01,3.872689127948690293e+04
5.479166666666666430e+01,3.872688745886867400e+04
5.481250000000000000e+01,3.872688389299135451e+04
5.483333333333332860e+01,3.872688058451927645e+04
5.485416666666666430e+01,3.872687753595307004e+04
5.487500000000000000e+01,3.872687474962786655e+04
5.489583333333332860e+01,3.872687222771176312e+04
5.491666666666666430e+01,3.872686997220354533e+04
5.493750000000000000e+01,3.872686798493195965e+04
5.495833333333332860e+01,3.872686626755382167e+04
5.497916666666666430e+01,3.872686482155277918e+04
5.500000000000000000e+01,3.872686364823819895e+04
5.502083333333332860e+01,3.872686274874415540e+04
5.504166666666666430e+01,3.872686212402821548e+04
5.506250000000000000e+01,3.872686177487097302e+04
5.508333333333332860e+01,3.872686170187511016e+04
5.510416666666666430e+01,3.872686190546492435e+04
5.512500000000000000e+01,3.872686238588565902e+04
5.514583333333332860e+01,3.872686314320323436e+04
5.516666666666666430e+01,3.872686417730444373e+04
5.518750000000000000e+01,3.872686548789576773e+04
5.520833333333332860e+01,3.872686707450479298e+04
5.522916666666666430e+01,3.872686893647916440e+04
5.525000000000000000e+01,3.872687107298752380e+04
5.527083333333332860e+01,3.872687348301966995e+04
5.529166666666666430e+01,3.872687616538687143e+04
5.531250000000000000e+01,3.872687911872284894e+04
5.533333333333332860e+01,3.872688234148433548e+04
5.535416666666666430e+01,3.872688583195215324e+04
5.537500000000000000e+01,3.872688958823163557e+04
5.539583333333332860e+01,3.872689360825439508e+04
5.541666666666666430e+01,3.872689788977928401e+04
5.543750000000000000e+01,3.872690243039373308e+04
5.545833333333332860e+01,3.872690722751514113e+04
5.547916666666666430e+01,3.872691227839264320e+04
5.550000000000000000e+01,3.872691758010890044e+04
5.552083333333332860e+01,3.872692312958149705e+04
5.554166666666666430e+01,3.872692892356539232e+04
5.556250000000000000e+01,3.872693495865444856e+04
5.558333333333332860e+01,3.872694123128418869e+04
5.560416666666666430e+01,3.872694773773366614e+04
5.562500000000000000e+01,3.872695447412798239e+04
5.564583333333332860e+01,3.872696143644068798e+04
5.566666666666666430e+01,3.872696862049648189e+04
5.568750000000000000e+01,3.872697602197405649e+04
5.570833333333332860e+01,3.872698363640865864e+04
5.572916666666666430e+01,3.872699145919509465e+04
5.575000000000000000e+01,3.872699948559077893e+04
5.577083333333332860e+01,3.872700771071903000e+04
5.579166666666666430e+01,3.872701612957179896e+04
5.581250000000000000e+01,3.872702473701365670e+04
5.583333333333332860e+01,3.872703352778448607e+04
5.585416666666666430e+01,3.872704249650347629e+04
5.587500000000000000e+01,3.872705163767265913e+04
5.589583333333332860e+01,3.872706094568008120e+04
5.591666666666666430e+01,3.872707041480430053e+04
5.593750000000000000e+01,3.872708003921763157e+04
5.595833333333332860e+01,3.872708981299046718e+04
5.597916666666666430e+01,3.872709973009468376e+04
5.600000000000000000e+01,3.872710978440825420e+04
5.602083333333332860e+01,3.872711996971923509e+04
5.604166666666666430e+01,3.872713027972983400e+04
5.606250000000000000e+01,3.872714070806067321e+04
5.608333333333332860e+01,3.872715124825505336e+04
5.610416666666666430e+01,3.872716189378348645e+04
5.612500000000000000e+01,3.872717263804808317e+04
5.614583333333332860e+01,3.872718347438675846e+04
5.616666666666666430e+01,3.872719439607829554e+04
5.618750000000000000e+01,3.872720539634615852e+04
5.620833333333332860e+01,3.872721646836380387e+04
5.622916666666666430e+01,3.872722760525888589e+04
5.625000000000000000e+01,3.872723880011805159e+04
5.627083333333332860e+01,3.872725004599169188e+04
5.629166666666666430e+01,3.872726133589859091e+04
5.631250000000000000e+01,3.872727266283064091e+04
5.633333333333332860e+01,3.872728401975765883e+04
5.635416666666666430e+01,3.872729539963237039e+04
5.637500000000000000e+01,3.872730679539469565e+04
5.639583333333332860e+01,3.872731819997687853e+04
5.641666666666666430e+01,3.872732960630837624e+04
5.643750000000000000e+01,3.872734100732035586e+04
5.645833333333332860e+01,3.872735239595059829e+04
5.647916666666666430e+01,3.872736376514827134e+04
5.650000000000000000e+01,3.872737510787857900e+04
5.652083333333332860e+01,3.872738641712781828e+04
5.654166666666666430e+01,3.872739768590739550e+04
5.656250000000000000e+01,3.872740890725909412e+04
5.658333333333332860e+01,3.872742007425949851e+04
5.660416666666666430e+01,3.872743118002446863e+04
5.662500000000000000e+01,3.872744221771373850e+04
5.664583333333332860e+01,3.872745318053513620e+04
5.666666666666666430e+01,3.872746406174964068e+04
5.668750000000000000e+01,3.872747485467493243e+04
5.670833333333332860e+01,3.872748555269005010e+04
5.672916666666666430e+01,3.872749614923963964e+04
5.675000000000000000e+01,3.872750663783773780e+04
5.677083333333332860e+01,3.872751701207227597e+04
5.679166666666666430e+01,3.872752726560849260e+04
5.681250000000000000e+01,3.872753739219313138e+04
5.683333333333332860e+01,3.872754738565819571e+04
5.685416666666666430e+01,3.872755723992431740e+04
5.687500000000000000e+01,3.872756694900460570e+04
5.689583333333332860e+01,3.872757650700825616e+04
5.691666666666666430e+01,3.872758590814352647e+04
5.693750000000000000e+01,3.872759514672148362e+04
5.695833333333332860e+01,3.872760421715916164e+04
5.697916666666666430e+01,3.872761311398269754e+04
5.700000000000000000e+01,3.872762183183056914e+04
5.702083333333332860e+01,3.872763036545689829e+04
5.704166666666666430e+01,3.872763870973457961e+04
5.706250000000000000e+01,3.872764685965843091e+04
5.708333333333332860e+01,3.872765481034856202e+04
5.710416666666666430e+01,3.872766255705356161e+04
5.712500000000000000e+01,3.872767009515425161e+04
5.714583333333332860e+01,3.872767742016710690e+04
5.716666666666666430e+01,3.872768452774819161e+04
5.718750000000000000e+01,3.872769141369694989e+04
5.720833333333332860e+01,3.872769807396070973e+04
5.722916666666666430e+01,3.872770450463908492e+04
5.725000000000000000e+01,3.872771070198867528e+04
5.727083333333332860e+01,3.872771666242821084e+04
5.729166666666666430e+01,3.872772238254337572e+04
5.731250000000000000e+01,3.872772785909300728e+04
5.733333333333332860e+01,3.872773308901414566e+04
5.735416666666666430e+01,3.872773806942810916e+04
5.737500000000000000e+01,3.872774279764606035e+04
5.739583333333332860e+01,3.872774727117496514e+04
5.741666666666666430e+01,3.872775148772299144e+04
5.743750000000000000e+01,3.872775544520492258e+04
5.745833333333332860e+01,3.872775914174675563e+04
5.747916666666666430e+01,3.872776257568989968e+04
5.750000000000000000e+01,3.872776574559522851e+04
5.752083333333332860e+01,3.872776865024472499e+04
5.754166666666666430e+01,3.872777128864416591e+04
5.756250000000000000e+01,3.872777366002302733e+04
5.758333333333332860e+01,3.872777576383436826e+04
5.760416666666666430e+01,3.872777759975303343e+04
5.762500000000000000e+01,3.872777916767269926e+04
5.764583333333332860e+01,3.872778046770232322e+04
5.766666666666666430e+01,3.872778150016100699e+04
5.768750000000000000e+01,3.872778226557233575e+04
5.770833333333332860e+01,3.872778276465796080e+04
5.772916666666666430e+01,3.872778299833060737e+04
5.775000000000000000e+01,3.872778296768686414e+04
5.777083333333332860e+01,3.872778267400003097e+04
5.779166666666666430e+01,3.872778211871234816e+04
5.781250000000000000e+01,3.872778130342862278e+04
5.783333333333332860e+01,3.872778022990953468e+04
5.785416666666666430e+01,3.872777890006555390e+04
5.787500000000000000e+01,3.872777731595208024e+04
5.789583333333332860e+01,3.872777547976451024e+04
5.791666666666666430e+01,3.872777339383513754e+04
5.793750000000000000e+01,3.872777106062955863e+04
5.795833333333332860e+01,3.872776848274454824e+04
5.797916666666666430e+01,3.872776566290648771e+04
5.800000000000000000e+01,3.872776260396990256e+04
5.802083333333332860e+01,3.872775930891666940e+04
5.804166666666666430e+01,3.872775578085536108e+04
5.806250000000000000e+01,3.872775202302071557e+04
5.808333333333332860e+01,3.872774803877339582e+04
5.810416666666666430e+01,3.872774383159908029e+04
5.812500000000000000e+01,3.872773940510836837e+04
5.814583333333332860e+01,3.872773476303524512e+04
5.816666666666666430e+01,3.872772990923688485e+04
5.818750000000000000e+01,3.872772484769191942e+04
5.820833333333332860e+01,3.872771958249898307e+04
5.822916666666666430e+01,3.872771411787531542e+04
5.825000000000000000e+01,3.872770845815464418e+04
5.827083333333332860e+01,3.872770260778532247e+04
5.829166666666666430e+01,3.872769657132797875e+04
5.831250000000000000e+01,3.872769035345339944e+04
5.833333333333332860e+01,3.872768395894004789e+04
5.835416666666666430e+01,3.872767739267158322e+04
5.837500000000000000e+01,3.872767065963426285e+04
5.839583333333332860e+01,3.872766376491430856e+04
5.841666666666666430e+01,3.872765671369519987e+04
5.843750000000000000e+01,3.872764951125471271e+04
5.845833333333332860e+01,3.872764216296229279e+04
5.847916666666666430e+01,3.872763467427555588e+04
5.850000000000000000e+01,3.872762705073754478e+04
5.852083333333332860e+01,3.872761929797325138e+04
5.854166666666666430e+01,3.872761142168640072e+04
5.856250000000000000e+01,3.872760342765566747e+04
5.858333333333332860e+01,3.872759532173111074e+04
5.860416666666666430e+01,3.872758710983064520e+04
5.862500000000000000e+01,3.872757879793594475e+04
5.864583333333332860e+01,3.872757039208863716e+04
5.866666666666666430e+01,3.872756189838614955e+04
5.868750000000000000e+01,3.872755332297780114e+04
5.870833333333332860e+01,3.872754467206037953e+04
5.872916666666666430e+01,3.872753595187429164e+04
5.875000000000000000e+01,3.872752716869919823e+04
5.877083333333332860e+01,3.872751832884976466e+04
5.879166666666666430e+01,3.872750943867133174e+04
5.881250000000000000e+01,3.872750050453589211e+04
5.883333333333332860e+01,3.872749153283760825e+04
5.885416666666666430e+01,3.872748252998860698e+04
5.887500000000000000e+01,3.872747350241455570e+04
5.889583333333332860e+01,3.872746445655048592e+04
5.891666666666666430e+01,3.872745539883644233e+04
5.893750000000000000e+01,3.872744633571310260e+04
5.895833333333332860e+01,3.872743727361740457e+04
5.897916666666666430e+01,3.872742821897815884e+04
5.900000000000000000e+01,3.872741917821187963e+04
5.902083333333332860e+01,3.872741015771812090e+04
5.904166666666666430e+01,3.872740116387513990e+04
5.906250000000000000e+01,3.872739220303572802e+04
5.908333333333332860e+01,3.872738328152273607e+04
5.910416666666666430e+01,3.872737440562447591e+04
5.912500000000000000e+01,3.872736558159079141e+04
5.914583333333332860e+01,3.872735681562855461e+04
5.916666666666666430e+01,3.872734811389729293e+04
5.918750000000000000e+01,3.872733948250505637e+04
5.920833333333332860e+01,3.872733092750427750e+04
5.922916666666666430e+01,3.872732245488737681e+04
5.925000000000000000e+01,3.872731407058292825e+04
5.927083333333332860e+01,3.872730578045108268e+04
5.929166666666666430e+01,3.872729759028022090e+04
5.931250000000000000e+01,3.872728950578253716e+04
5.933333333333332860e+01,3.872728153258986276e+04
5.935416666666666430e+01,3.872727367625035549e+04
5.937500000000000000e+01,3.872726594222422864e+04
5.939583333333332860e+01,3.872725833588013484e+04
5.941666666666666430e+01,3.872725086249140440e+04
5.943750000000000000e+01,3.872724352723228367e+04
5.945833333333332860e+01,3.872723633517460257e+04
5.947916666666666430e+01,3.872722929128378019e+04
5.950000000000000000e+01,3.872722240041590703e+04
5.952083333333332860e+01,3.872721566731382336e+04
5.954166666666666430e+01,3.872720909660419420e+04
5.956250000000000000e+01,3.872720269279382046e+04
5.958333333333332860e+01,3.872719646026698319e+04
5.960416666666666430e+01,3.872719040328210394e+04
5.962500000000000000e+01,3.872718452596862335e+04
5.964583333333332860e+01,3.872717883232421445e+04
5.966666666666666430e+01,3.872717332621200330e+04
5.968750000000000000e+01,3.872716801135785499e+04
5.970833333333332860e+01,3.872716289134752878e+04
5.972916666666666430e+01,3.872715796962431341e+04
5.975000000000000000e+01,3.872715324948662601e+04
5.977083333333332860e+01,3.872714873408531275e+04
5.979166666666666430e+01,3.872714442642199720e+04
5.981250000000000000e+01,3.872714032934635179e+04
5.983333333333332860e+01,3.872713644555427163e+04
5.985416666666666430e+01,3.872713277758597542e+04
5.987500000000000000e+01,3.872712932782420103e+04
5.989583333333332860e+01,3.872712609849226283e+04
5.991666666666666430e+01,3.872712309165264742e+04
5.993750000000000000e+01,3.872712030920540565e+04
5.995833333333332860e+01,3.872711775288670469e+04
5.997916666666666430e+01,3.872711542426753294e+04
