0.000000000000000000e+00,-1.515940409683426333e+04
2.083333333333333218e-02,6.343338965996717161e+04
4.166666666666666435e-02,3.885511043247917405e+04
6.250000000000000000e-02,3.613820399185684801e+04
8.333333333333332871e-02,3.690981239727452339e+04
1.041666666666666574e-01,3.810634224599415029e+04
1.250000000000000000e-01,3.893864801369088673e+04
1.458333333333333148e-01,3.932732386632042471e+04
1.666666666666666574e-01,3.939698556515504606e+04
1.875000000000000000e-01,3.926244650682267820e+04
2.083333333333333148e-01,3.903403426730453066e+04
2.291666666666666574e-01,3.882582999943356117e+04
2.500000000000000000e-01,3.869869622962013091e+04
2.708333333333333148e-01,3.864100245695222839e+04
2.916666666666666297e-01,3.862022763758446672e+04
3.125000000000000000e-01,3.862425719929385377e+04
3.333333333333333148e-01,3.864914685943720542e+04
3.541666666666666297e-01,3.867925457464487408e+04
3.750000000000000000e-01,3.869764877844299917e+04
3.958333333333333148e-01,3.870317182920768391e+04
4.166666666666666297e-01,3.870501454457818909e+04
4.375000000000000000e-01,3.870732658997825638e+04
4.583333333333333148e-01,3.870766337123412814e+04
4.791666666666666297e-01,3.870566146142268553e+04
5.000000000000000000e-01,3.870494011796783161e+04
5.208333333333332593e-01,3.870734852083214355e+04
5.416666666666666297e-01,3.871080226820601820e+04
5.625000000000000000e-01,3.871316693992582441e+04
5.833333333333332593e-01,3.871480441604030057e+04
6.041666666666666297e-01,3.871664964610549941e+04
6.250000000000000000e-01,3.871824765270037460e+04
6.458333333333332593e-01,3.871872182162609533e+04
6.666666666666666297e-01,3.871824945447158098e+04
6.875000000000000000e-01,3.871761587348276953e+04
7.083333333333332593e-01,3.871707052509531059e+04
7.291666666666666297e-01,3.871636940710571071e+04
7.500000000000000000e-01,3.871552220015301282e+04
7.708333333333332593e-01,3.871487798280382412e+04
7.916666666666666297e-01,3.871462499968379416e+04
8.125000000000000000e-01,3.871464103480042104e+04
8.333333333333332593e-01,3.871480934507829079e+04
8.541666666666666297e-01,3.871518357862158155e+04
8.750000000000000000e-01,3.871581159104067774e+04
8.958333333333332593e-01,3.871660149989783531e+04
9.166666666666666297e-01,3.871742678764824814e+04
9.375000000000000000e-01,3.871824478114017256e+04
9.583333333333332593e-01,3.871905411886175716e+04
9.791666666666666297e-01,3.871981295264269284e+04
1.000000000000000000e+00,3.872045777182448364e+04
1.020833333333333259e+00,3.872096503825105901e+04
1.041666666666666519e+00,3.872135041187900788e+04
1.062500000000000000e+00,3.872162627210478968e+04
1.083333333333333259e+00,3.872179294201549055e+04
1.104166666666666519e+00,3.872186326357119833e+04
1.125000000000000000e+00,3.872186953181374702e+04
1.145833333333333259e+00,3.872184427649110876e+04
1.166666666666666519e+00,3.872180838180615683e+04
1.187500000000000000e+00,3.872177862997382181e+04
1.208333333333333259e+00,3.872177432516252156e+04
1.229166666666666519e+00,3.872181133791394677e+04
1.250000000000000000e+00,3.872189541206122522e+04
1.270833333333333259e+00,3.872202476392965036e+04
1.291666666666666519e+00,3.872219560679471761e+04
1.312500000000000000e+00,3.872240247415860358e+04
1.333333333333333259e+00,3.872263602043211722e+04
1.354166666666666519e+00,3.872288410108104290e+04
1.375000000000000000e+00,3.872313516424340924e+04
1.395833333333333259e+00,3.872337968782868120e+04
1.416666666666666519e+00,3.872360945248790813e+04
1.437500000000000000e+00,3.872381744852927659e+04
1.458333333333333259e+00,3.872399902899094013e+04
1.479166666666666519e+00,3.872415251451898803e+04
1.500000000000000000e+00,3.872427853583601245e+04
1.520833333333333259e+00,3.872437924806884985e+04
1.541666666666666519e+00,3.872445816153997293e+04
1.562500000000000000e+00,3.872452001674638450e+04
1.583333333333333259e+00,3.872457016530453257e+04
1.604166666666666519e+00,3.872461381891844940e+04
1.625000000000000000e+00,3.872465565912839520e+04
1.645833333333333259e+00,3.872469969975141430e+04
1.666666666666666519e+00,3.872474908236890769e+04
1.687500000000000000e+00,3.872480583947774721e+04
1.708333333333333259e+00,3.872487085134766676e+04
1.729166666666666519e+00,3.872494400252014020e+04
1.750000000000000000e+00,3.872502436431539536e+04
1.770833333333333259e+00,3.872511034091022157e+04
1.791666666666666519e+00,3.872519985555184394e+04
1.812500000000000000e+00,3.872529060256854427e+04
1.833333333333333259e+00,3.872538028923604725e+04
1.854166666666666519e+00,3.872546681158505089e+04
1.875000000000000000e+00,3.872554838551043940e+04
1.895833333333333259e+00,3.872562366000168549e+04
1.916666666666666519e+00,3.872569179337417881e+04
1.937500000000000000e+00,3.872575246714582318e+04
1.958333333333333259e+00,3.872580584775334864e+04
1.979166666666666519e+00,3.872585252170851891e+04
2.000000000000000000e+00,3.872589341225197131e+04
2.020833333333333037e+00,3.872592967465952825e+04
2.041666666666666519e+00,3.872596257872501155e+04
2.062500000000000000e+00,3.872599339648244495e+04
2.083333333333333037e+00,3.872602330612399965e+04
2.104166666666666519e+00,3.872605331329038017e+04
2.125000000000000000e+00,3.872608419132906420e+04
2.145833333333333037e+00,3.872611644580287248e+04
2.166666666666666519e+00,3.872615030579541781e+04
2.187500000000000000e+00,3.872618573858357558e+04
2.208333333333333037e+00,3.872622248241265333e+04
2.229166666666666519e+00,3.872626009366978542e+04
2.250000000000000000e+00,3.872629800469221664e+04
2.270833333333333037e+00,3.872633558641211857e+04
2.291666666666666519e+00,3.872637220941016858e+04
2.312500000000000000e+00,3.872640729855167592e+04
2.333333333333333037e+00,3.872644037798741192e+04
2.354166666666666519e+00,3.872647110386454005e+04
2.375000000000000000e+00,3.872649928278078005e+04
2.395833333333333037e+00,3.872652487561066664e+04
2.416666666666666519e+00,3.872654798799072887e+04
2.437500000000000000e+00,3.872656884965722566e+04
2.458333333333333037e+00,3.872658778526105016e+04
2.479166666666666519e+00,3.872660517976857955e+04
2.500000000000000000e+00,3.872662144193353743e+04
2.520833333333333037e+00,3.872663696920218354e+04
2.541666666666666519e+00,3.872665211686086695e+04
2.562500000000000000e+00,3.872666717357918969e+04
2.583333333333333037e+00,3.872668234485331050e+04
2.604166666666666519e+00,3.872669774509640411e+04
2.625000000000000000e+00,3.872671339827155316e+04
2.645833333333333037e+00,3.872672924620158301e+04
2.666666666666666519e+00,3.872674516313181084e+04
2.687500000000000000e+00,3.872676097473852133e+04
2.708333333333333037e+00,3.872677647954031272e+04
2.729166666666666519e+00,3.872679147061391996e+04
2.750000000000000000e+00,3.872680575568456698e+04
2.770833333333333037e+00,3.872681917399034137e+04
2.791666666666666519e+00,3.872683160874899477e+04
2.812500000000000000e+00,3.872684299453695712e+04
2.833333333333333037e+00,3.872685331940081960e+04
2.854166666666666519e+00,3.872686262200853525e+04
2.875000000000000000e+00,3.872687098456435342e+04
2.895833333333333037e+00,3.872687852251257573e+04
2.916666666666666519e+00,3.872688537224580068e+04
2.937500000000000000e+00,3.872689167809830542e+04
2.958333333333333037e+00,3.872689757985441975e+04
2.979166666666666519e+00,3.872690320183880249e+04
3.000000000000000000e+00,3.872690864441367739e+04
3.020833333333333037e+00,3.872691397841530852e+04
3.041666666666666519e+00,3.872691924275219935e+04
3.062500000000000000e+00,3.872692444507910113e+04
3.083333333333333037e+00,3.872692956519440486e+04
3.104166666666666519e+00,3.872693456059460004e+04
3.125000000000000000e+00,3.872693937347822794e+04
3.145833333333333037e+00,3.872694393843079888e+04
3.166666666666666519e+00,3.872694819002917211e+04
3.187500000000000000e+00,3.872695206968708953e+04
3.208333333333333037e+00,3.872695553119583928e+04
3.229166666666666519e+00,3.872695854458522808e+04
3.250000000000000000e+00,3.872696109811918723e+04
3.270833333333333037e+00,3.872696319842676166e+04
3.291666666666666519e+00,3.872696486894046393e+04
3.312500000000000000e+00,3.872696614694996970e+04
3.333333333333333037e+00,3.872696707967737166e+04
3.354166666666666519e+00,3.872696771982625796e+04
3.375000000000000000e+00,3.872696812106670404e+04
3.395833333333333037e+00,3.872696833387193328e+04
3.416666666666666519e+00,3.872696840205453918e+04
3.437500000000000000e+00,3.872696836024971708e+04
3.458333333333333037e+00,3.872696823248234432e+04
3.479166666666666519e+00,3.872696803184095916e+04
3.500000000000000000e+00,3.872696776117891568e+04
3.520833333333333037e+00,3.872696741467561515e+04
3.541666666666666519e+00,3.872696698002932681e+04
3.562500000000000000e+00,3.872696644101549464e+04
3.583333333333333037e+00,3.872696578014058468e+04
3.604166666666666519e+00,3.872696498113623238e+04
3.625000000000000000e+00,3.872696403108164668e+04
3.645833333333333037e+00,3.872696292199564050e+04
3.666666666666666519e+00,3.872696165180546086e+04
3.687500000000000000e+00,3.872696022466692375e+04
3.708333333333333037e+00,3.872695865067104751e+04
3.729166666666666519e+00,3.872695694502820697e+04
3.750000000000000000e+00,3.872695512685649737e+04
3.770833333333333037e+00,3.872695321772807802e+04
3.791666666666666519e+00,3.872695124013221357e+04
3.812500000000000000e+00,3.872694921600473026e+04
3.833333333333333037e+00,3.872694716545438860e+04
3.854166666666666519e+00,3.872694510578257905e+04
3.875000000000000000e+00,3.872694305085788073e+04
3.895833333333333037e+00,3.872694101086597948e+04
3.916666666666666519e+00,3.872693899242007319e+04
3.937500000000000000e+00,3.872693699898390332e+04
3.958333333333333037e+00,3.872693503153556230e+04
3.979166666666666519e+00,3.872693308938582049e+04
4.000000000000000000e+00,3.872693117105886631e+04
4.020833333333333037e+00,3.872692927514653275e+04
4.041666666666666075e+00,3.872692740106028941e+04
4.062500000000000000e+00,3.872692554962012946e+04
4.083333333333333037e+00,3.872692372344349860e+04
4.104166666666666075e+00,3.872692192711865209e+04
4.125000000000000000e+00,3.872692016716817307e+04
4.145833333333333037e+00,3.872691845182757243e+04
4.166666666666666075e+00,3.872691679067946097e+04
4.187500000000000000e+00,3.872691519419155520e+04
4.208333333333333037e+00,3.872691367321192956e+04
4.229166666666666075e+00,3.872691223847185029e+04
4.250000000000000000e+00,3.872691090014323709e+04
4.270833333333333037e+00,3.872690966748338542e+04
4.291666666666666075e+00,3.872690854859405954e+04
4.312500000000000000e+00,3.872690755030156288e+04
4.333333333333333037e+00,3.872690667815912457e+04
4.354166666666666075e+00,3.872690593655596604e+04
4.375000000000000000e+00,3.872690532891314797e+04
4.395833333333333037e+00,3.872690485793650441e+04
4.416666666666666075e+00,3.872690452589921188e+04
4.437500000000000000e+00,3.872690433492227021e+04
4.458333333333333037e+00,3.872690428722739307e+04
4.479166666666666075e+00,3.872690438534179702e+04
4.500000000000000000e+00,3.872690463223984989e+04
4.520833333333333037e+00,3.872690503141529189e+04
4.541666666666666075e+00,3.872690558688458987e+04
4.562500000000000000e+00,3.872690630312785652e+04
4.583333333333333037e+00,3.872690718497937632e+04
4.604166666666666075e+00,3.872690823748327239e+04
4.625000000000000000e+00,3.872690946573147085e+04
4.645833333333333037e+00,3.872691087470034836e+04
4.666666666666666075e+00,3.872691246910204063e+04
4.687500000000000000e+00,3.872691425326170429e+04
4.708333333333333037e+00,3.872691623103013262e+04
4.729166666666666075e+00,3.872691840573511581e+04
4.750000000000000000e+00,3.872692078017285530e+04
4.770833333333333037e+00,3.872692335663471749e+04
4.791666666666666075e+00,3.872692613696327317e+04
4.812500000000000000e+00,3.872692912262958271e+04
4.833333333333333037e+00,3.872693231482126430e+04
4.854166666666666075e+00,3.872693571453243203e+04
4.875000000000000000e+00,3.872693932264613977e+04
4.895833333333333037e+00,3.872694314000316808e+04
4.916666666666666075e+00,3.872694716745112964e+04
4.937500000000000000e+00,3.872695140587216883e+04
4.958333333333333037e+00,3.872695585618766199e+04
4.979166666666666075e+00,3.872696051934416028e+04
5.000000000000000000e+00,3.872696539628081518e+04
5.020833333333333037e+00,3.872697048788585380e+04
5.041666666666666075e+00,3.872697579494604724e+04
5.062500000000000000e+00,3.872698131809513870e+04
5.083333333333333037e+00,3.872698705776553106e+04
5.104166666666666075e+00,3.872699301414858928e+04
5.125000000000000000e+00,3.872699918716483080e+04
5.145833333333333037e+00,3.872700557644681248e+04
5.166666666666666075e+00,3.872701218133514340e+04
5.187500000000000000e+00,3.872701900088522962e+04
5.208333333333333037e+00,3.872702603388466378e+04
5.229166666666666075e+00,3.872703327887729392e+04
5.250000000000000000e+00,3.872704073419153428e+04
5.270833333333333037e+00,3.872704839796974557e+04
5.291666666666666075e+00,3.872705626819656027e+04
5.312500000000000000e+00,3.872706434272196202e+04
5.333333333333333037e+00,3.872707261927961372e+04
5.354166666666666075e+00,3.872708109549823712e+04
5.375000000000000000e+00,3.872708976890600752e+04
5.395833333333333037e+00,3.872709863692822546e+04
5.416666666666666075e+00,3.872710769688051369e+04
5.437500000000000000e+00,3.872711694595668087e+04
5.458333333333333037e+00,3.872712638121569034e+04
5.479166666666666075e+00,3.872713599956713733e+04
5.500000000000000000e+00,3.872714579775779566e+04
5.520833333333333037e+00,3.872715577236099489e+04
5.541666666666666075e+00,3.872716591976916970e+04
5.562500000000000000e+00,3.872717623618946527e+04
5.583333333333333037e+00,3.872718671764479950e+04
5.604166666666666075e+00,3.872719735997719545e+04
5.625000000000000000e+00,3.872720815885586489e+04
5.645833333333333037e+00,3.872721910978628148e+04
5.666666666666666075e+00,3.872723020812204777e+04
5.687500000000000000e+00,3.872724144907618029e+04
5.708333333333333037e+00,3.872725282773264917e+04
5.729166666666666075e+00,3.872726433905731392e+04
5.750000000000000000e+00,3.872727597790609434e+04
5.770833333333333037e+00,3.872728773903171532e+04
5.791666666666666075e+00,3.872729961708866904e+04
5.812500000000000000e+00,3.872731160663559422e+04
5.833333333333333037e+00,3.872732370213649119e+04
5.854166666666666075e+00,3.872733589796009619e+04
5.875000000000000000e+00,3.872734818837932107e+04
5.895833333333333037e+00,3.872736056756969629e+04
5.916666666666666075e+00,3.872737302960847592e+04
5.937500000000000000e+00,3.872738556847464497e+04
5.958333333333333037e+00,3.872739817804921040e+04
5.979166666666666075e+00,3.872741085211763129e+04
6.000000000000000000e+00,3.872742358437317307e+04
6.020833333333333037e+00,3.872743636842094566e+04
6.041666666666666075e+00,3.872744919778388430e+04
6.062500000000000000e+00,3.872746206590870861e+04
6.083333333333333037e+00,3.872747496617335128e+04
6.104166666666666075e+00,3.872748789189343370e+04
6.125000000000000000e+00,3.872750083632992755e+04
6.145833333333333037e+00,3.872751379269546305e+04
6.166666666666666075e+00,3.872752675416086277e+04
6.187500000000000000e+00,3.872753971386091871e+04
6.208333333333333037e+00,3.872755266489900532e+04
6.229166666666666075e+00,3.872756560035222356e+04
6.250000000000000000e+00,3.872757851327446406e+04
6.270833333333333037e+00,3.872759139670067088e+04
6.291666666666666075e+00,3.872760424364973005e+04
6.312500000000000000e+00,3.872761704712740175e+04
6.333333333333333037e+00,3.872762980013018387e+04
6.354166666666666075e+00,3.872764249564790953e+04
6.375000000000000000e+00,3.872765512666802533e+04
6.395833333333333037e+00,3.872766768617931666e+04
6.416666666666666075e+00,3.872768016717644787e+04
6.437500000000000000e+00,3.872769256266460434e+04
6.458333333333333037e+00,3.872770486566455656e+04
6.479166666666666075e+00,3.872771706921785517e+04
6.500000000000000000e+00,3.872772916639253526e+04
6.520833333333333037e+00,3.872774115028826054e+04
6.541666666666666075e+00,3.872775301404196944e+04
6.562500000000000000e+00,3.872776475083295372e+04
6.583333333333333037e+00,3.872777635388838098e+04
6.604166666666666075e+00,3.872778781648772565e+04
6.625000000000000000e+00,3.872779913196790585e+04
6.645833333333333037e+00,3.872781029372761259e+04
6.666666666666666075e+00,3.872782129523155163e+04
6.687500000000000000e+00,3.872783213001469994e+04
6.708333333333333037e+00,3.872784279168624926e+04
6.729166666666666075e+00,3.872785327393362968e+04
6.750000000000000000e+00,3.872786357052656240e+04
6.770833333333333037e+00,3.872787367532136705e+04
6.791666666666666075e+00,3.872788358226461423e+04
6.812500000000000000e+00,3.872789328539788403e+04
6.833333333333333037e+00,3.872790277886209515e+04
6.854166666666666075e+00,3.872791205690243805e+04
6.875000000000000000e+00,3.872792111387258774e+04
6.895833333333333037e+00,3.872792994424045173e+04
6.916666666666666075e+00,3.872793854259297950e+04
6.937500000000000000e+00,3.872794690364180860e+04
6.958333333333333037e+00,3.872795502222846699e+04
6.979166666666666075e+00,3.872796289333057939e+04
7.000000000000000000e+00,3.872797051206737524e+04
7.020833333333333037e+00,3.872797787370609876e+04
7.041666666666666075e+00,3.872798497366813535e+04
7.062500000000000000e+00,3.872799180753570545e+04
7.083333333333333037e+00,3.872799837105858023e+04
7.104166666666666075e+00,3.872800466016099381e+04
7.125000000000000000e+00,3.872801067094886821e+04
7.145833333333333037e+00,3.872801639971727855e+04
7.166666666666666075e+00,3.872802184295774350e+04
7.187500000000000000e+00,3.872802699736643990e+04
7.208333333333333037e+00,3.872803185985101300e+04
7.229166666666666075e+00,3.872803642753881286e+04
7.250000000000000000e+00,3.872804069778356643e+04
7.270833333333333037e+00,3.872804466817224602e+04
7.291666666666666075e+00,3.872804833653131209e+04
7.312500000000000000e+00,3.872805170093150809e+04
7.333333333333333037e+00,3.872805475969224790e+04
7.354166666666666075e+00,3.872805751138374762e+04
7.375000000000000000e+00,3.872805995482856815e+04
7.395833333333333037e+00,3.872806208910020359e+04
7.416666666666666075e+00,3.872806391352092032e+04
7.437500000000000000e+00,3.872806542765649647e+04
7.458333333333333037e+00,3.872806663130965171e+04
7.479166666666666075e+00,3.872806752451045031e+04
7.500000000000000000e+00,3.872806810750612203e+04
7.520833333333333037e+00,3.872806838074819098e+04
7.541666666666666075e+00,3.872806834487865854e+04
7.562500000000000000e+00,3.872806800071508769e+04
7.583333333333333037e+00,3.872806734923554905e+04
7.604166666666666075e+00,3.872806639156353049e+04
7.625000000000000000e+00,3.872806512895339984e+04
7.645833333333333037e+00,3.872806356277647865e+04
7.666666666666666075e+00,3.872806169450992456e+04
7.687500000000000000e+00,3.872805952572640672e+04
7.708333333333333037e+00,3.872805705808677885e+04
7.729166666666666075e+00,3.872805429333515349e+04
7.750000000000000000e+00,3.872805123329615890e+04
7.770833333333333037e+00,3.872804787987505551e+04
7.791666666666666075e+00,3.872804423505989689e+04
7.812500000000000000e+00,3.872804030092594621e+04
7.833333333333333037e+00,3.872803607964146067e+04
7.854166666666666075e+00,3.872803157347464730e+04
7.875000000000000000e+00,3.872802678480119357e+04
7.895833333333333037e+00,3.872802171611256199e+04
7.916666666666666075e+00,3.872801637002334610e+04
7.937500000000000000e+00,3.872801074927862646e+04
7.958333333333333037e+00,3.872800485676016251e+04
7.979166666666666075e+00,3.872799869549156574e+04
8.000000000000000000e+00,3.872799226864220691e+04
8.020833333333332149e+00,3.872798557953006821e+04
8.041666666666666075e+00,3.872797863162314752e+04
8.062500000000000000e+00,3.872797142853995319e+04
8.083333333333332149e+00,3.872796397404878371e+04
8.104166666666666075e+00,3.872795627206669451e+04
8.125000000000000000e+00,3.872794832665724243e+04
8.145833333333332149e+00,3.872794014202852122e+04
8.166666666666666075e+00,3.872793172253030207e+04
8.187500000000000000e+00,3.872792307265127602e+04
8.208333333333332149e+00,3.872791419701663835e+04
8.229166666666666075e+00,3.872790510038518551e+04
8.250000000000000000e+00,3.872789578764671023e+04
8.270833333333332149e+00,3.872788626381941867e+04
8.291666666666666075e+00,3.872787653404723824e+04
8.312500000000000000e+00,3.872786660359737289e+04
8.333333333333332149e+00,3.872785647785751644e+04
8.354166666666666075e+00,3.872784616233321867e+04
8.375000000000000000e+00,3.872783566264421825e+04
8.395833333333332149e+00,3.872782498452201253e+04
8.416666666666666075e+00,3.872781413380607410e+04
8.437500000000000000e+00,3.872780311643997993e+04
8.458333333333332149e+00,3.872779193846764974e+04
8.479166666666666075e+00,3.872778060602908954e+04
8.500000000000000000e+00,3.872776912535624433e+04
8.520833333333332149e+00,3.872775750276855979e+04
8.541666666666666075e+00,3.872774574466854392e+04
8.562500000000000000e+00,3.872773385753679031e+04
8.583333333333332149e+00,3.872772184792824555e+04
8.604166666666666075e+00,3.872770972246690508e+04
8.625000000000000000e+00,3.872769748784194962e+04
8.645833333333332149e+00,3.872768515080294310e+04
8.666666666666666075e+00,3.872767271815548156e+04
8.687500000000000000e+00,3.872766019675725693e+04
8.708333333333332149e+00,3.872764759351340035e+04
8.729166666666666075e+00,3.872763491537221853e+04
8.750000000000000000e+00,3.872762216932111915e+04
8.770833333333332149e+00,3.872760936238222348e+04
8.791666666666666075e+00,3.872759650160791352e+04
8.812500000000000000e+00,3.872758359407662647e+04
8.833333333333332149e+00,3.872757064688840182e+04
8.854166666666666075e+00,3.872755766716025391e+04
8.875000000000000000e+00,3.872754466202185722e+04
8.895833333333332149e+00,3.872753163861085341e+04
8.916666666666666075e+00,3.872751860406819469e+04
8.937500000000000000e+00,3.872750556553363276e+04
8.958333333333332149e+00,3.872749253014115675e+04
8.979166666666666075e+00,3.872747950501400919e+04
9.000000000000000000e+00,3.872746649726071337e+04
9.020833333333332149e+00,3.872745351396970364e+04
9.041666666666666075e+00,3.872744056220554921e+04
9.062500000000000000e+00,3.872742764900399925e+04
9.083333333333332149e+00,3.872741478136741353e+04
9.104166666666666075e+00,3.872740196626095712e+04
9.125000000000000000e+00,3.872738921060734720e+04
9.145833333333332149e+00,3.872737652128323680e+04
9.166666666666666075e+00,3.872736390511450008e+04
9.187500000000000000e+00,3.872735136887209956e+04
9.208333333333332149e+00,3.872733891926772776e+04
9.229166666666666075e+00,3.872732656294976914e+04
9.250000000000000000e+00,3.872731430649876711e+04
9.270833333333332149e+00,3.872730215642350959e+04
9.291666666666666075e+00,3.872729011915677984e+04
9.312500000000000000e+00,3.872727820105154387e+04
9.333333333333332149e+00,3.872726640837636660e+04
9.354166666666666075e+00,3.872725474731172289e+04
9.375000000000000000e+00,3.872724322394599585e+04
9.395833333333332149e+00,3.872723184427167871e+04
9.416666666666666075e+00,3.872722061418127123e+04
9.437500000000000000e+00,3.872720953946385271e+04
9.458333333333332149e+00,3.872719862580089830e+04
9.479166666666666075e+00,3.872718787876319402e+04
9.500000000000000000e+00,3.872717730380695866e+04
9.520833333333332149e+00,3.872716690627048956e+04
9.541666666666666075e+00,3.872715669137046643e+04
9.562500000000000000e+00,3.872714666419922287e+04
9.583333333333332149e+00,3.872713682972109382e+04
9.604166666666666075e+00,3.872712719276924327e+04
9.625000000000000000e+00,3.872711775804292847e+04
9.645833333333332149e+00,3.872710853010408027e+04
9.666666666666666075e+00,3.872709951337474195e+04
9.687500000000000000e+00,3.872709071213418065e+04
9.708333333333332149e+00,3.872708213051610801e+04
9.729166666666666075e+00,3.872707377250600985e+04
9.750000000000000000e+00,3.872706564193887607e+04
9.770833333333332149e+00,3.872705774249636306e+04
9.791666666666666075e+00,3.872705007770478551e+04
9.812500000000000000e+00,3.872704265093281720e+04
9.833333333333332149e+00,3.872703546538933733e+04
9.854166666666666075e+00,3.872702852412111679e+04
9.875000000000000000e+00,3.872702183001145022e+04
9.895833333333332149e+00,3.872701538577803876e+04
9.916666666666666075e+00,3.872700919397131656e+04
9.937500000000000000e+00,3.872700325697276276e+04
9.958333333333332149e+00,3.872699757699381007e+04
9.979166666666666075e+00,3.872699215607416409e+04
1.000000000000000000e+01,3.872698699608039897e+04
1.002083333333333215e+01,3.872698209870540450e+04
1.004166666666666607e+01,3.872697746546700364e+04
1.006250000000000000e+01,3.872697309770711581e+04
1.008333333333333215e+01,3.872696899659090559e+04
1.010416666666666607e+01,3.872696516310631705e+04
1.012500000000000000e+01,3.872696159806352807e+04
1.014583333333333215e+01,3.872695830209433188e+04
1.016666666666666607e+01,3.872695527565201337e+04
1.018750000000000000e+01,3.872695251901117445e+04
1.020833333333333215e+01,3.872695003226766858e+04
1.022916666666666607e+01,3.872694781533866626e+04
1.025000000000000000e+01,3.872694586796272779e+04
1.027083333333333215e+01,3.872694418970047991e+04
1.029166666666666607e+01,3.872694277993457217e+04
1.031250000000000000e+01,3.872694163787060825e+04
1.033333333333333215e+01,3.872694076253750245e+04
1.035416666666666607e+01,3.872694015278897859e+04
1.037500000000000000e+01,3.872693980730356998e+04
1.039583333333333215e+01,3.872693972458616190e+04
1.041666666666666607e+01,3.872693990296924312e+04
1.043750000000000000e+01,3.872694034061400453e+04
1.045833333333333215e+01,3.872694103551185253e+04
1.047916666666666607e+01,3.872694198548578424e+04
1.050000000000000000e+01,3.872694318819232285e+04
1.052083333333333215e+01,3.872694464112298738e+04
1.054166666666666607e+01,3.872694634160614805e+04
1.056250000000000000e+01,3.872694828680943465e+04
1.058333333333333215e+01,3.872695047374137357e+04
1.060416666666666607e+01,3.872695289925373072e+04
1.062500000000000000e+01,3.872695556004403625e+04
1.064583333333333215e+01,3.872695845265787648e+04
1.066666666666666607e+01,3.872696157349133136e+04
1.068750000000000000e+01,3.872696491879376845e+04
1.070833333333333215e+01,3.872696848467052041e+04
1.072916666666666607e+01,3.872697226708589005e+04
1.075000000000000000e+01,3.872697626186598063e+04
1.077083333333333215e+01,3.872698046470160625e+04
1.079166666666666607e+01,3.872698487115163152e+04
1.081250000000000000e+01,3.872698947664662410e+04
1.083333333333333215e+01,3.872699427649121935e+04
1.085416666666666607e+01,3.872699926586823858e+04
1.087500000000000000e+01,3.872700443984234880e+04
1.089583333333333215e+01,3.872700979336311866e+04
1.091666666666666607e+01,3.872701532126919483e+04
1.093750000000000000e+01,3.872702101829170715e+04
1.095833333333333215e+01,3.872702687905838684e+04
1.097916666666666607e+01,3.872703289809745183e+04
1.100000000000000000e+01,3.872703906984141213e+04
1.102083333333333215e+01,3.872704538863139896e+04
1.104166666666666607e+01,3.872705184872129030e+04
1.106250000000000000e+01,3.872705844428164710e+04
1.108333333333333215e+01,3.872706516940432630e+04
1.110416666666666607e+01,3.872707201810662809e+04
1.112500000000000000e+01,3.872707898433566879e+04
1.114583333333333215e+01,3.872708606197310291e+04
1.116666666666666607e+01,3.872709324483914679e+04
1.118750000000000000e+01,3.872710052669761353e+04
1.120833333333333215e+01,3.872710790126016218e+04
1.122916666666666607e+01,3.872711536219121626e+04
1.125000000000000000e+01,3.872712290311251854e+04
1.127083333333333215e+01,3.872713051760750386e+04
1.129166666666666607e+01,3.872713819922669063e+04
1.131250000000000000e+01,3.872714594149222830e+04
1.133333333333333215e+01,3.872715373790250305e+04
1.135416666666666607e+01,3.872716158193698357e+04
1.137500000000000000e+01,3.872716946706138697e+04
1.139583333333333215e+01,3.872717738673234999e+04
1.141666666666666607e+01,3.872718533440236206e+04
1.143750000000000000e+01,3.872719330352461839e+04
1.145833333333333215e+01,3.872720128755780024e+04
1.147916666666666607e+01,3.872720927997145918e+04
1.150000000000000000e+01,3.872721727425041172e+04
1.152083333333333215e+01,3.872722526389996347e+04
1.154166666666666607e+01,3.872723324245058757e+04
1.156250000000000000e+01,3.872724120346301061e+04
1.158333333333333215e+01,3.872724914053302200e+04
1.160416666666666607e+01,3.872725704729639256e+04
1.162500000000000000e+01,3.872726491743347287e+04
1.164583333333333215e+01,3.872727274467427196e+04
1.166666666666666607e+01,3.872728052280304837e+04
1.168750000000000000e+01,3.872728824566303956e+04
1.170833333333333215e+01,3.872729590716123494e+04
1.172916666666666607e+01,3.872730350127309066e+04
1.175000000000000000e+01,3.872731102204659692e+04
1.177083333333333215e+01,3.872731846360726922e+04
1.179166666666666607e+01,3.872732582016229571e+04
1.181250000000000000e+01,3.872733308600510645e+04
1.183333333333333215e+01,3.872734025551913510e+04
1.185416666666666607e+01,3.872734732318242459e+04
1.187500000000000000e+01,3.872735428357104684e+04
1.189583333333333215e+01,3.872736113136352651e+04
1.191666666666666607e+01,3.872736786134420254e+04
1.193750000000000000e+01,3.872737446840681514e+04
1.195833333333333215e+01,3.872738094755771453e+04
1.197916666666666607e+01,3.872738729391932429e+04
1.200000000000000000e+01,3.872739350273272430e+04
1.202083333333333215e+01,3.872739956936068484e+04
1.204166666666666607e+01,3.872740548928978387e+04
1.206250000000000000e+01,3.872741125813299004e+04
1.208333333333333215e+01,3.872741687163113966e+04
1.210416666666666607e+01,3.872742232565497397e+04
1.212500000000000000e+01,3.872742761620627425e+04
1.214583333333333215e+01,3.872743273941893858e+04
1.216666666666666607e+01,3.872743769155947666e+04
1.218750000000000000e+01,3.872744246902794112e+04
1.220833333333333215e+01,3.872744706835757097e+04
1.222916666666666607e+01,3.872745148621502449e+04
1.225000000000000000e+01,3.872745571939964429e+04
1.227083333333333215e+01,3.872745976484312268e+04
1.229166666666666607e+01,3.872746361960870854e+04
1.231250000000000000e+01,3.872746728089034877e+04
1.233333333333333215e+01,3.872747074601201894e+04
1.235416666666666607e+01,3.872747401242663909e+04
1.237500000000000000e+01,3.872747707771560817e+04
1.239583333333333215e+01,3.872747993958850566e+04
1.241666666666666607e+01,3.872748259588274232e+04
1.243750000000000000e+01,3.872748504456435330e+04
1.245833333333333215e+01,3.872748728372866753e+04
1.247916666666666607e+01,3.872748931160211941e+04
1.250000000000000000e+01,3.872749112654414057e+04
1.252083333333333215e+01,3.872749272705062322e+04
1.254166666666666607e+01,3.872749411175738351e+04
1.256250000000000000e+01,3.872749527944492002e+04
1.258333333333333215e+01,3.872749622904372518e+04
1.260416666666666607e+01,3.872749695963993145e+04
1.262500000000000000e+01,3.872749747048190329e+04
1.264583333333333215e+01,3.872749776098716393e+04
1.266666666666666607e+01,3.872749783074935840e+04
1.268750000000000000e+01,3.872749767954489653e+04
1.270833333333333215e+01,3.872749730734035256e+04
1.272916666666666607e+01,3.872749671429799491e+04
1.275000000000000000e+01,3.872749590078217443e+04
1.277083333333333215e+01,3.872749486736334802e+04
1.279166666666666607e+01,3.872749361482253153e+04
1.281250000000000000e+01,3.872749214415303868e+04
1.283333333333333215e+01,3.872749045656216913e+04
1.285416666666666607e+01,3.872748855347095378e+04
1.287500000000000000e+01,3.872748643651309976e+04
1.289583333333333215e+01,3.872748410753173812e+04
1.291666666666666607e+01,3.872748156857631693e+04
1.293750000000000000e+01,3.872747882189720985e+04
1.295833333333333215e+01,3.872747586994093581e+04
1.297916666666666607e+01,3.872747271534321044e+04
1.300000000000000000e+01,3.872746936092276155e+04
1.302083333333333215e+01,3.872746580967442424e+04
1.304166666666666607e+01,3.872746206476215593e+04
1.306250000000000000e+01,3.872745812951253174e+04
1.308333333333333215e+01,3.872745400740795594e+04
1.310416666666666607e+01,3.872744970208033192e+04
1.312500000000000000e+01,3.872744521730548877e+04
1.314583333333333215e+01,3.872744055699808087e+04
1.316666666666666607e+01,3.872743572520586167e+04
1.318750000000000000e+01,3.872743072610550735e+04
1.320833333333333215e+01,3.872742556399852765e+04
1.322916666666666607e+01,3.872742024330679851e+04
1.325000000000000000e+01,3.872741476856938243e+04
1.327083333333333215e+01,3.872740914443843212e+04
1.329166666666666607e+01,3.872740337567592360e+04
1.331250000000000000e+01,3.872739746715020010e+04
1.333333333333333215e+01,3.872739142383255239e+04
1.335416666666666607e+01,3.872738525079347892e+04
1.337500000000000000e+01,3.872737895319936069e+04
1.339583333333333215e+01,3.872737253630895430e+04
1.341666666666666607e+01,3.872736600546965201e+04
1.343750000000000000e+01,3.872735936611383659e+04
1.345833333333333215e+01,3.872735262375527964e+04
1.347916666666666607e+01,3.872734578398526355e+04
1.350000000000000000e+01,3.872733885246913997e+04
1.352083333333333215e+01,3.872733183494241530e+04
1.354166666666666607e+01,3.872732473720700364e+04
1.356250000000000000e+01,3.872731756512798893e+04
1.358333333333333215e+01,3.872731032462939766e+04
1.360416666666666607e+01,3.872730302169075730e+04
1.362500000000000000e+01,3.872729566234361118e+04
1.364583333333333215e+01,3.872728825266742933e+04
1.366666666666666607e+01,3.872728079878598510e+04
1.368750000000000000e+01,3.872727330686380446e+04
1.370833333333333215e+01,3.872726578310192417e+04
1.372916666666666607e+01,3.872725823373437743e+04
1.375000000000000000e+01,3.872725066502370464e+04
1.377083333333333215e+01,3.872724308325745369e+04
1.379166666666666607e+01,3.872723549474372703e+04
1.381250000000000000e+01,3.872722790580704168e+04
1.383333333333333215e+01,3.872722032278440747e+04
1.385416666666666607e+01,3.872721275202067045e+04
1.387500000000000000e+01,3.872720519986429281e+04
1.389583333333333215e+01,3.872719767266356212e+04
1.391666666666666607e+01,3.872719017676147632e+04
1.393750000000000000e+01,3.872718271849206212e+04
1.395833333333333215e+01,3.872717530417558010e+04
1.397916666666666607e+01,3.872716794011471211e+04
1.400000000000000000e+01,3.872716063258976646e+04
1.402083333333333215e+01,3.872715338785471977e+04
1.404166666666666607e+01,3.872714621213270584e+04
1.406250000000000000e+01,3.872713911161177384e+04
1.408333333333333215e+01,3.872713209244087193e+04
1.410416666666666607e+01,3.872712516072524886e+04
1.412500000000000000e+01,3.872711832252256136e+04
1.414583333333333215e+01,3.872711158383829752e+04
1.416666666666666607e+01,3.872710495062170958e+04
1.418750000000000000e+01,3.872709842876184848e+04
1.420833333333333215e+01,3.872709202408314013e+04
1.422916666666666607e+01,3.872708574234133994e+04
1.425000000000000000e+01,3.872707958921929821e+04
1.427083333333333215e+01,3.872707357032322034e+04
1.429166666666666607e+01,3.872706769117808290e+04
1.431250000000000000e+01,3.872706195722435223e+04
1.433333333333333215e+01,3.872705637381346605e+04
1.435416666666666607e+01,3.872705094620413001e+04
1.437500000000000000e+01,3.872704567955865059e+04
1.439583333333333215e+01,3.872704057893891149e+04
1.441666666666666607e+01,3.872703564930285211e+04
1.443750000000000000e+01,3.872703089550062577e+04
1.445833333333333215e+01,3.872702632227152935e+04
1.447916666666666607e+01,3.872702193423981953e+04
1.450000000000000000e+01,3.872701773591159144e+04
1.452083333333333215e+01,3.872701373167168640e+04
1.454166666666666607e+01,3.872700992578006117e+04
1.456250000000000000e+01,3.872700632236857200e+04
1.458333333333333215e+01,3.872700292543799878e+04
1.460416666666666607e+01,3.872699973885507643e+04
1.462500000000000000e+01,3.872699676634943171e+04
1.464583333333333215e+01,3.872699401151049096e+04
1.466666666666666607e+01,3.872699147778507177e+04
1.468750000000000000e+01,3.872698916847436340e+04
1.470833333333333215e+01,3.872698708673183864e+04
1.472916666666666607e+01,3.872698523555982683e+04
1.475000000000000000e+01,3.872698361780814594e+04
1.477083333333333215e+01,3.872698223617098120e+04
1.479166666666666607e+01,3.872698109318531351e+04
1.481250000000000000e+01,3.872698019122814003e+04
1.483333333333333215e+01,3.872697953251522267e+04
1.485416666666666607e+01,3.872697911909862887e+04
1.487500000000000000e+01,3.872697895286526182e+04
1.489583333333333215e+01,3.872697903553499054e+04
1.491666666666666607e+01,3.872697936865913653e+04
1.493750000000000000e+01,3.872697995361936046e+04
1.495833333333333215e+01,3.872698079162583599e+04
1.497916666666666607e+01,3.872698188371647120e+04
1.500000000000000000e+01,3.872698323075531516e+04
1.502083333333333215e+01,3.872698483343216503e+04
1.504166666666666607e+01,3.872698669226116181e+04
1.506250000000000000e+01,3.872698880758050655e+04
1.508333333333333215e+01,3.872699117955147085e+04
1.510416666666666607e+01,3.872699380815816403e+04
1.512500000000000000e+01,3.872699669320680550e+04
1.514583333333333215e+01,3.872699983432604495e+04
1.516666666666666607e+01,3.872700323096603825e+04
1.518750000000000000e+01,3.872700688239924784e+04
1.520833333333333215e+01,3.872701078771988978e+04
1.522916666666666607e+01,3.872701494584452303e+04
1.525000000000000000e+01,3.872701935551227507e+04
1.527083333333333215e+01,3.872702401528550399e+04
1.529166666666666607e+01,3.872702892354994401e+04
1.531250000000000000e+01,3.872703407851602242e+04
1.533333333333333215e+01,3.872703947821931797e+04
1.535416666666666607e+01,3.872704512052153586e+04
1.537500000000000000e+01,3.872705100311177375e+04
1.539583333333333215e+01,3.872705712350757676e+04
1.541666666666666607e+01,3.872706347905631992e+04
1.543750000000000000e+01,3.872707006693682342e+04
1.545833333333333215e+01,3.872707688416061137e+04
1.547916666666666607e+01,3.872708392757384718e+04
1.550000000000000000e+01,3.872709119385888334e+04
1.552083333333333215e+01,3.872709867953659705e+04
1.554166666666666607e+01,3.872710638096793264e+04
1.556250000000000000e+01,3.872711429435647733e+04
1.558333333333333215e+01,3.872712241575052030e+04
1.560416666666666607e+01,3.872713074104527914e+04
1.562500000000000000e+01,3.872713926598570106e+04
1.564583333333333215e+01,3.872714798616881308e+04
1.566666666666666607e+01,3.872715689704666875e+04
1.568750000000000000e+01,3.872716599392892385e+04
1.570833333333333215e+01,3.872717527198556490e+04
1.572916666666666607e+01,3.872718472625061258e+04
1.575000000000000000e+01,3.872719435162430455e+04
1.577083333333333215e+01,3.872720414287713356e+04
1.579166666666666607e+01,3.872721409465254692e+04
1.581250000000000000e+01,3.872722420147071534e+04
1.583333333333333215e+01,3.872723445773174171e+04
1.585416666666666607e+01,3.872724485771951731e+04
1.587500000000000000e+01,3.872725539560492325e+04
1.589583333333333215e+01,3.872726606545014511e+04
1.591666666666666607e+01,3.872727686121201259e+04
1.593750000000000000e+01,3.872728777674600860e+04
1.595833333333333215e+01,3.872729880581051839e+04
1.597916666666666607e+01,3.872730994207048934e+04
1.600000000000000000e+01,3.872732117910165107e+04
1.602083333333333215e+01,3.872733251039491734e+04
1.604166666666666430e+01,3.872734392936018412e+04
1.606250000000000000e+01,3.872735542933109537e+04
1.608333333333333215e+01,3.872736700356901565e+04
1.610416666666666430e+01,3.872737864526774501e+04
1.612500000000000000e+01,3.872739034755772445e+04
1.614583333333333215e+01,3.872740210351075075e+04
1.616666666666666430e+01,3.872741390614432748e+04
1.618750000000000000e+01,3.872742574842640170e+04
1.620833333333333215e+01,3.872743762327996956e+04
1.622916666666666430e+01,3.872744952358782757e+04
1.625000000000000000e+01,3.872746144219697453e+04
1.627083333333333215e+01,3.872747337192355189e+04
1.629166666666666430e+01,3.872748530555787147e+04
1.631250000000000000e+01,3.872749723586855544e+04
1.633333333333333215e+01,3.872750915560777503e+04
1.635416666666666430e+01,3.872752105751603813e+04
1.637500000000000000e+01,3.872753293432699866e+04
1.639583333333333215e+01,3.872754477877193131e+04
1.641666666666666430e+01,3.872755658358526125e+04
1.643750000000000000e+01,3.872756834150876966e+04
1.645833333333333215e+01,3.872758004529686150e+04
1.647916666666666430e+01,3.872759168772106204e+04
1.650000000000000000e+01,3.872760326157540112e+04
1.652083333333333215e+01,3.872761475968079321e+04
1.654166666666666430e+01,3.872762617489004333e+04
1.656250000000000000e+01,3.872763750009283103e+04
1.658333333333333215e+01,3.872764872822026518e+04
1.660416666666666430e+01,3.872765985225034092e+04
1.662500000000000000e+01,3.872767086521201418e+04
1.664583333333333215e+01,3.872768176019041857e+04
1.666666666666666430e+01,3.872769253033208952e+04
1.668750000000000000e+01,3.872770316884910426e+04
1.670833333333333215e+01,3.872771366902464069e+04
1.672916666666666430e+01,3.872772402421737934e+04
1.675000000000000000e+01,3.872773422786647279e+04
1.677083333333333215e+01,3.872774427349699545e+04
1.679166666666666430e+01,3.872775415472401801e+04
1.681250000000000000e+01,3.872776386525837734e+04
1.683333333333333215e+01,3.872777339891125303e+04
1.685416666666666430e+01,3.872778274959961709e+04
1.687500000000000000e+01,3.872779191135081783e+04
1.689583333333333215e+01,3.872780087830832053e+04
1.691666666666666430e+01,3.872780964473675704e+04
1.693750000000000000e+01,3.872781820502707706e+04
1.695833333333333215e+01,3.872782655370226712e+04
1.697916666666666430e+01,3.872783468542253104e+04
1.700000000000000000e+01,3.872784259499079781e+04
1.702083333333333215e+01,3.872785027735842596e+04
1.704166666666666430e+01,3.872785772763078421e+04
1.706250000000000000e+01,3.872786494107287581e+04
1.708333333333333215e+01,3.872787191311489005e+04
1.710416666666666430e+01,3.872787863935749920e+04
1.712500000000000000e+01,3.872788511557791935e+04
1.714583333333333215e+01,3.872789133773486537e+04
1.716666666666666430e+01,3.872789730197373865e+04
1.718750000000000000e+01,3.872790300463161839e+04
1.720833333333333215e+01,3.872790844224191096e+04
1.722916666666666430e+01,3.872791361153835896e+04
1.725000000000000000e+01,3.872791850945883925e+04
1.727083333333333215e+01,3.872792313314878993e+04
1.729166666666666430e+01,3.872792747996309481e+04
1.731250000000000000e+01,3.872793154746845539e+04
1.733333333333333215e+01,3.872793533344407479e+04
1.735416666666666430e+01,3.872793883588195604e+04
1.737500000000000000e+01,3.872794205298617453e+04
1.739583333333333215e+01,3.872794498317104444e+04
1.741666666666666430e+01,3.872794762505885592e+04
1.743750000000000000e+01,3.872794997747624438e+04
1.745833333333333215e+01,3.872795203945018147e+04
1.747916666666666430e+01,3.872795381020290370e+04
1.750000000000000000e+01,3.872795528914609167e+04
1.752083333333333215e+01,3.872795647587539861e+04
1.754166666666666430e+01,3.872795737016372732e+04
1.756250000000000000e+01,3.872795797195462364e+04
1.758333333333333215e+01,3.872795828135597549e+04
1.760416666666666430e+01,3.872795829863363906e+04
1.762500000000000000e+01,3.872795802420560358e+04
1.764583333333333215e+01,3.872795745863643242e+04
1.766666666666666430e+01,3.872795660263276659e+04
1.768750000000000000e+01,3.872795545703925745e+04
1.770833333333333215e+01,3.872795402283535077e+04
1.772916666666666430e+01,3.872795230113315483e+04
1.775000000000000000e+01,3.872795029317594162e+04
1.777083333333333215e+01,3.872794800033756474e+04
1.779166666666666430e+01,3.872794542412278679e+04
1.781250000000000000e+01,3.872794256616747589e+04
1.783333333333333215e+01,3.872793942824070837e+04
1.785416666666666430e+01,3.872793601224566373e+04
1.787500000000000000e+01,3.872793232022203301e+04
1.789583333333333215e+01,3.872792835434809240e+04
1.791666666666666430e+01,3.872792411694198381e+04
1.793750000000000000e+01,3.872791961046450160e+04
1.795833333333333215e+01,3.872791483752000931e+04
1.797916666666666430e+01,3.872790980085818592e+04
1.800000000000000000e+01,3.872790450337493530e+04
1.802083333333333215e+01,3.872789894811257545e+04
1.804166666666666430e+01,3.872789313826054422e+04
1.806250000000000000e+01,3.872788707715500641e+04
1.808333333333333215e+01,3.872788076827815530e+04
1.810416666666666430e+01,3.872787421525753598e+04
1.812500000000000000e+01,3.872786742186459014e+04
1.814583333333333215e+01,3.872786039201341919e+04
1.816666666666666430e+01,3.872785312975897250e+04
1.818750000000000000e+01,3.872784563929522847e+04
1.820833333333333215e+01,3.872783792495283706e+04
1.822916666666666430e+01,3.872782999119734450e+04
1.825000000000000000e+01,3.872782184262621013e+04
1.827083333333333215e+01,3.872781348396705289e+04
1.829166666666666430e+01,3.872780492007415887e+04
1.831250000000000000e+01,3.872779615592661867e+04
1.833333333333333215e+01,3.872778719662444928e+04
1.835416666666666430e+01,3.872777804738628038e+04
1.837500000000000000e+01,3.872776871354598552e+04
1.839583333333333215e+01,3.872775920054936432e+04
1.841666666666666430e+01,3.872774951395041717e+04
1.843750000000000000e+01,3.872773965940842754e+04
1.845833333333333215e+01,3.872772964268353098e+04
1.847916666666666430e+01,3.872771946963357186e+04
1.850000000000000000e+01,3.872770914620980329e+04
1.852083333333333215e+01,3.872769867845317640e+04
1.854166666666666430e+01,3.872768807249018573e+04
1.856250000000000000e+01,3.872767733452874381e+04
1.858333333333333215e+01,3.872766647085413570e+04
1.860416666666666430e+01,3.872765548782480619e+04
1.862500000000000000e+01,3.872764439186828531e+04
1.864583333333333215e+01,3.872763318947644439e+04
1.866666666666666430e+01,3.872762188720189442e+04
1.868750000000000000e+01,3.872761049165335862e+04
1.870833333333333215e+01,3.872759900949105941e+04
1.872916666666666430e+01,3.872758744742317504e+04
1.875000000000000000e+01,3.872757581220049178e+04
1.877083333333333215e+01,3.872756411061296239e+04
1.879166666666666430e+01,3.872755234948453290e+04
1.881250000000000000e+01,3.872754053566916264e+04
1.883333333333333215e+01,3.872752867604602216e+04
1.885416666666666430e+01,3.872751677751554962e+04
1.887500000000000000e+01,3.872750484699424123e+04
1.889583333333333215e+01,3.872749289141048212e+04
1.891666666666666430e+01,3.872748091770029714e+04
1.893750000000000000e+01,3.872746893280225777e+04
1.895833333333333215e+01,3.872745694365319650e+04
1.897916666666666430e+01,3.872744495718390681e+04
1.900000000000000000e+01,3.872743298031414452e+04
1.902083333333333215e+01,3.872742101994847326e+04
1.904166666666666430e+01,3.872740908297141141e+04
1.906250000000000000e+01,3.872739717624358309e+04
1.908333333333333215e+01,3.872738530659636308e+04
1.910416666666666430e+01,3.872737348082824610e+04
1.912500000000000000e+01,3.872736170569978276e+04
1.914583333333333215e+01,3.872734998792959959e+04
1.916666666666666430e+01,3.872733833419001166e+04
1.918750000000000000e+01,3.872732675110232958e+04
1.920833333333333215e+01,3.872731524523307598e+04
1.922916666666666430e+01,3.872730382308927801e+04
1.925000000000000000e+01,3.872729249111439276e+04
1.927083333333333215e+01,3.872728125568415999e+04
1.929166666666666430e+01,3.872727012310238206e+04
1.931250000000000000e+01,3.872725909959692217e+04
1.933333333333333215e+01,3.872724819131539698e+04
1.935416666666666430e+01,3.872723740432150953e+04
1.937500000000000000e+01,3.872722674459082918e+04
1.939583333333333215e+01,3.872721621800688445e+04
1.941666666666666430e+01,3.872720583035758318e+04
1.943750000000000000e+01,3.872719558733117447e+04
1.945833333333333215e+01,3.872718549451269064e+04
1.947916666666666430e+01,3.872717555738020747e+04
1.950000000000000000e+01,3.872716578130117705e+04
1.952083333333333215e+01,3.872715617152941559e+04
1.954166666666666430e+01,3.872714673320111615e+04
1.956250000000000000e+01,3.872713747133170546e+04
1.958333333333333215e+01,3.872712839081266429e+04
1.960416666666666430e+01,3.872711949640826060e+04
1.962500000000000000e+01,3.872711079275266820e+04
1.964583333333333215e+01,3.872710228434638702e+04
1.966666666666666430e+01,3.872709397555404576e+04
1.968750000000000000e+01,3.872708587060099671e+04
1.970833333333333215e+01,3.872707797357085656e+04
1.972916666666666430e+01,3.872707028840290877e+04
1.975000000000000000e+01,3.872706281888933881e+04
1.977083333333333215e+01,3.872705556867286941e+04
1.979166666666666430e+01,3.872704854124444682e+04
1.981250000000000000e+01,3.872704173994094890e+04
1.983333333333333215e+01,3.872703516794315510e+04
1.985416666666666430e+01,3.872702882827332360e+04
1.987500000000000000e+01,3.872702272379377246e+04
1.989583333333333215e+01,3.872701685720484966e+04
1.991666666666666430e+01,3.872701123104288854e+04
1.993750000000000000e+01,3.872700584767908003e+04
1.995833333333333215e+01,3.872700070931780647e+04
1.997916666666666430e+01,3.872699581799516454e+04
2.000000000000000000e+01,3.872699117557768477e+04
2.002083333333333215e+01,3.872698678376139287e+04
2.004166666666666430e+01,3.872698264407068928e+04
2.006250000000000000e+01,3.872697875785713404e+04
2.008333333333333215e+01,3.872697512629922858e+04
2.010416666666666430e+01,3.872697175040106231e+04
2.012500000000000000e+01,3.872696863099241455e+04
2.014583333333333215e+01,3.872696576872776495e+04
2.016666666666666430e+01,3.872696316408633720e+04
2.018750000000000000e+01,3.872696081737172790e+04
2.020833333333333215e+01,3.872695872871166648e+04
2.022916666666666430e+01,3.872695689805864822e+04
2.025000000000000000e+01,3.872695532518934488e+04
2.027083333333333215e+01,3.872695400970533228e+04
2.029166666666666430e+01,3.872695295103371609e+04
2.031250000000000000e+01,3.872695214842685527e+04
2.033333333333333215e+01,3.872695160096395557e+04
2.035416666666666430e+01,3.872695130755116406e+04
2.037500000000000000e+01,3.872695126692276244e+04
2.039583333333333215e+01,3.872695147764217836e+04
2.041666666666666430e+01,3.872695193810310593e+04
2.043750000000000000e+01,3.872695264653060440e+04
2.045833333333333215e+01,3.872695360098270612e+04
2.047916666666666430e+01,3.872695479935178446e+04
2.050000000000000000e+01,3.872695623936606717e+04
2.052083333333333215e+01,3.872695791859160090e+04
2.054166666666666430e+01,3.872695983443397563e+04
2.056250000000000000e+01,3.872696198414007813e+04
2.058333333333333215e+01,3.872696436480064585e+04
2.060416666666666430e+01,3.872696697335182398e+04
2.062500000000000000e+01,3.872696980657816312e+04
2.064583333333333215e+01,3.872697286111424182e+04
2.066666666666666430e+01,3.872697613344782440e+04
2.068750000000000000e+01,3.872697961992222554e+04
2.070833333333333215e+01,3.872698331673878420e+04
2.072916666666666430e+01,3.872698721996023232e+04
2.075000000000000000e+01,3.872699132551319781e+04
2.077083333333333215e+01,3.872699562919111486e+04
2.079166666666666430e+01,3.872700012665792747e+04
2.081250000000000000e+01,3.872700481345079606e+04
2.083333333333333215e+01,3.872700968498342263e+04
2.085416666666666430e+01,3.872701473654968868e+04
2.087500000000000000e+01,3.872701996332703857e+04
2.089583333333333215e+01,3.872702536037991376e+04
2.091666666666666430e+01,3.872703092266376916e+04
2.093750000000000000e+01,3.872703664502835454e+04
2.095833333333333215e+01,3.872704252222194918e+04
2.097916666666666430e+01,3.872704854889479611e+04
2.100000000000000000e+01,3.872705471960364230e+04
2.102083333333333215e+01,3.872706102881550032e+04
2.104166666666666430e+01,3.872706747091138095e+04
2.106250000000000000e+01,3.872707404019125534e+04
2.108333333333333215e+01,3.872708073087762750e+04
2.110416666666666430e+01,3.872708753712032922e+04
2.112500000000000000e+01,3.872709445300049993e+04
2.114583333333333215e+01,3.872710147253504692e+04
2.116666666666666430e+01,3.872710858968162211e+04
2.118750000000000000e+01,3.872711579834244185e+04
2.120833333333333215e+01,3.872712309236933652e+04
2.122916666666666430e+01,3.872713046556828340e+04
2.125000000000000000e+01,3.872713791170382319e+04
2.127083333333333215e+01,3.872714542450399313e+04
2.129166666666666430e+01,3.872715299766524549e+04
2.131250000000000000e+01,3.872716062485668226e+04
2.133333333333333215e+01,3.872716829972525738e+04
2.135416666666666430e+01,3.872717601590060804e+04
2.137500000000000000e+01,3.872718376699968940e+04
2.139583333333333215e+01,3.872719154663177324e+04
2.141666666666666430e+01,3.872719934840315545e+04
2.143750000000000000e+01,3.872720716592248937e+04
2.145833333333333215e+01,3.872721499280505668e+04
2.147916666666666430e+01,3.872722282267833361e+04
2.150000000000000000e+01,3.872723064918629098e+04
2.152083333333333215e+01,3.872723846599477838e+04
2.154166666666666430e+01,3.872724626679603534e+04
2.156250000000000000e+01,3.872725404531395907e+04
2.158333333333333215e+01,3.872726179530858644e+04
2.160416666666666430e+01,3.872726951058125269e+04
2.162500000000000000e+01,3.872727718497911701e+04
2.164583333333333215e+01,3.872728481240013934e+04
2.166666666666666430e+01,3.872729238679771515e+04
2.168750000000000000e+01,3.872729990218529565e+04
2.170833333333333215e+01,3.872730735264116811e+04
2.172916666666666430e+01,3.872731473231263953e+04
2.175000000000000000e+01,3.872732203542112256e+04
2.177083333333333215e+01,3.872732925626564247e+04
2.179166666666666430e+01,3.872733638922785030e+04
2.181250000000000000e+01,3.872734342877556628e+04
2.183333333333333215e+01,3.872735036946723994e+04
2.185416666666666430e+01,3.872735720595556631e+04
2.187500000000000000e+01,3.872736393299102201e+04
2.189583333333333215e+01,3.872737054542560509e+04
2.191666666666666430e+01,3.872737703821602918e+04
2.193750000000000000e+01,3.872738340642667026e+04
2.195833333333333215e+01,3.872738964523249160e+04
2.197916666666666430e+01,3.872739574992148846e+04
2.200000000000000000e+01,3.872740171589716920e+04
2.202083333333333215e+01,3.872740753868013417e+04
2.204166666666666430e+01,3.872741321391009842e+04
2.206250000000000000e+01,3.872741873734696128e+04
2.208333333333333215e+01,3.872742410487194866e+04
2.210416666666666430e+01,3.872742931248827517e+04
2.212500000000000000e+01,3.872743435632130422e+04
2.214583333333333215e+01,3.872743923261892633e+04
2.216666666666666430e+01,3.872744393775093340e+04
2.218750000000000000e+01,3.872744846820866951e+04
2.220833333333333215e+01,3.872745282060460158e+04
2.222916666666666430e+01,3.872745699167111161e+04
2.225000000000000000e+01,3.872746097825982724e+04
2.227083333333333215e+01,3.872746477734093787e+04
2.229166666666666430e+01,3.872746838600201590e+04
2.231250000000000000e+01,3.872747180144797312e+04
2.233333333333333215e+01,3.872747502100094425e+04
2.235416666666666430e+01,3.872747804210052709e+04
2.237500000000000000e+01,3.872748086230453191e+04
2.239583333333333215e+01,3.872748347929122247e+04
2.241666666666666430e+01,3.872748589086115680e+04
2.243750000000000000e+01,3.872748809494080342e+04
2.245833333333333215e+01,3.872749008958685590e+04
2.247916666666666430e+01,3.872749187299090408e+04
2.250000000000000000e+01,3.872749344348573504e+04
2.252083333333333215e+01,3.872749479955196875e+04
2.254166666666666430e+01,3.872749593982549413e+04
2.256250000000000000e+01,3.872749686310527613e+04
2.258333333333333215e+01,3.872749756836178858e+04
2.260416666666666430e+01,3.872749805474502500e+04
2.262500000000000000e+01,3.872749832159246580e+04
2.264583333333333215e+01,3.872749836843724916e+04
2.266666666666666430e+01,3.872749819501477032e+04
2.268750000000000000e+01,3.872749780126838596e+04
2.270833333333333215e+01,3.872749718735489296e+04
2.272916666666666430e+01,3.872749635364754795e+04
2.275000000000000000e+01,3.872749530073838105e+04
2.277083333333333215e+01,3.872749402943889436e+04
2.279166666666666430e+01,3.872749254077897058e+04
2.281250000000000000e+01,3.872749083600513404e+04
2.283333333333333215e+01,3.872748891657659988e+04
2.285416666666666430e+01,3.872748678416061011e+04
2.287500000000000000e+01,3.872748444062746421e+04
2.289583333333333215e+01,3.872748188804341044e+04
2.291666666666666430e+01,3.872747912866503611e+04
2.293750000000000000e+01,3.872747616493138776e+04
2.295833333333333215e+01,3.872747299945756095e+04
2.297916666666666430e+01,3.872746963502766448e+04
2.300000000000000000e+01,3.872746607458865765e+04
2.302083333333333215e+01,3.872746232124366361e+04
2.304166666666666430e+01,3.872745837824695627e+04
2.306250000000000000e+01,3.872745424899838690e+04
2.308333333333333215e+01,3.872744993703880755e+04
2.310416666666666430e+01,3.872744544604593102e+04
2.312500000000000000e+01,3.872744077983049647e+04
2.314583333333333215e+01,3.872743594233272597e+04
2.316666666666666430e+01,3.872743093761869386e+04
2.318750000000000000e+01,3.872742576987776556e+04
2.320833333333333215e+01,3.872742044341911242e+04
2.322916666666666430e+01,3.872741496266862669e+04
2.325000000000000000e+01,3.872740933216622216e+04
2.327083333333333215e+01,3.872740355656242173e+04
2.329166666666666430e+01,3.872739764061526512e+04
2.331250000000000000e+01,3.872739158918707108e+04
2.333333333333333215e+01,3.872738540724079212e+04
2.335416666666666430e+01,3.872737909983727877e+04
2.337500000000000000e+01,3.872737267213126324e+04
2.339583333333333215e+01,3.872736612936817983e+04
2.341666666666666430e+01,3.872735947688064334e+04
2.343750000000000000e+01,3.872735272008493484e+04
2.345833333333333215e+01,3.872734586447772017e+04
2.347916666666666430e+01,3.872733891563240468e+04
2.350000000000000000e+01,3.872733187919609190e+04
2.352083333333333215e+01,3.872732476088551630e+04
2.354166666666666430e+01,3.872731756648408191e+04
2.356250000000000000e+01,3.872731030183841358e+04
2.358333333333333215e+01,3.872730297285451525e+04
2.360416666666666430e+01,3.872729558549445937e+04
2.362500000000000000e+01,3.872728814577239245e+04
2.364583333333333215e+01,3.872728065975134814e+04
2.366666666666666430e+01,3.872727313353880163e+04
2.368750000000000000e+01,3.872726557328319905e+04
2.370833333333333215e+01,3.872725798516970826e+04
2.372916666666666430e+01,3.872725037541666097e+04
2.375000000000000000e+01,3.872724275027056137e+04
2.377083333333333215e+01,3.872723511600276106e+04
2.379166666666666430e+01,3.872722747890478058e+04
2.381250000000000000e+01,3.872721984528416215e+04
2.383333333333333215e+01,3.872721222146026412e+04
2.385416666666666430e+01,3.872720461375988816e+04
2.387500000000000000e+01,3.872719702851289912e+04
2.389583333333333215e+01,3.872718947204835422e+04
2.391666666666666430e+01,3.872718195068950445e+04
2.393750000000000000e+01,3.872717447075008386e+04
2.395833333333333215e+01,3.872716703852984210e+04
2.397916666666666430e+01,3.872715966031015705e+04
2.400000000000000000e+01,3.872715234234977106e+04
2.402083333333333215e+01,3.872714509088070190e+04
2.404166666666666430e+01,3.872713791210370255e+04
2.406250000000000000e+01,3.872713081218396837e+04
2.408333333333333215e+01,3.872712379724715720e+04
2.410416666666666430e+01,3.872711687337462354e+04
2.412500000000000000e+01,3.872711004659970058e+04
2.414583333333333215e+01,3.872710332290302904e+04
2.416666666666666430e+01,3.872709670820845349e+04
2.418750000000000000e+01,3.872709020837874414e+04
2.420833333333333215e+01,3.872708382921160228e+04
2.422916666666666430e+01,3.872707757643537479e+04
2.425000000000000000e+01,3.872707145570469584e+04
2.427083333333333215e+01,3.872706547259695071e+04
2.429166666666666430e+01,3.872705963260777935e+04
2.431250000000000000e+01,3.872705394114727096e+04
2.433333333333333215e+01,3.872704840353612235e+04
2.435416666666666430e+01,3.872704302500161430e+04
2.437500000000000000e+01,3.872703781067395903e+04
2.439583333333333215e+01,3.872703276558235666e+04
2.441666666666666430e+01,3.872702789465140086e+04
2.443750000000000000e+01,3.872702320269763732e+04
2.445833333333333215e+01,3.872701869442572934e+04
2.447916666666666430e+01,3.872701437442495808e+04
2.450000000000000000e+01,3.872701024716618122e+04
2.452083333333333215e+01,3.872700631699786754e+04
2.454166666666666430e+01,3.872700258814332483e+04
2.456250000000000000e+01,3.872699906469729467e+04
2.458333333333333215e+01,3.872699575062295480e+04
2.460416666666666430e+01,3.872699264974861580e+04
2.462500000000000000e+01,3.872698976576487621e+04
2.464583333333333215e+01,3.872698710222199588e+04
2.466666666666666430e+01,3.872698466252673097e+04
2.468750000000000000e+01,3.872698244993996923e+04
2.470833333333333215e+01,3.872698046757380507e+04
2.472916666666666430e+01,3.872697871838940773e+04
2.475000000000000000e+01,3.872697720519432914e+04
2.477083333333333215e+01,3.872697593064051762e+04
2.479166666666666430e+01,3.872697489722185128e+04
2.481250000000000000e+01,3.872697410727197712e+04
2.483333333333333215e+01,3.872697356296274666e+04
2.485416666666666430e+01,3.872697326630194584e+04
2.487500000000000000e+01,3.872697321913183259e+04
2.489583333333333215e+01,3.872697342312720139e+04
2.491666666666666430e+01,3.872697387979402265e+04
2.493750000000000000e+01,3.872697459046779113e+04
2.495833333333333215e+01,3.872697555631255091e+04
2.497916666666666430e+01,3.872697677831967303e+04
2.500000000000000000e+01,3.872697825730629847e+04
2.502083333333333215e+01,3.872697999391466874e+04
2.504166666666666430e+01,3.872698198861153651e+04
2.506250000000000000e+01,3.872698424168694328e+04
2.508333333333333215e+01,3.872698675325411750e+04
2.510416666666666430e+01,3.872698952324828133e+04
2.512500000000000000e+01,3.872699255142699258e+04
2.514583333333333215e+01,3.872699583736963541e+04
2.516666666666666430e+01,3.872699938047715841e+04
2.518750000000000000e+01,3.872700317997210368e+04
2.520833333333333215e+01,3.872700723489891971e+04
2.522916666666666430e+01,3.872701154412413598e+04
2.525000000000000000e+01,3.872701610633655218e+04
2.527083333333333215e+01,3.872702092004786391e+04
2.529166666666666430e+01,3.872702598359323019e+04
2.531250000000000000e+01,3.872703129513220483e+04
2.533333333333333215e+01,3.872703685264936212e+04
2.535416666666666430e+01,3.872704265395524999e+04
2.537500000000000000e+01,3.872704869668764150e+04
2.539583333333333215e+01,3.872705497831277899e+04
2.541666666666666430e+01,3.872706149612648733e+04
2.543750000000000000e+01,3.872706824725607294e+04
2.545833333333333215e+01,3.872707522866128420e+04
2.547916666666666430e+01,3.872708243713665433e+04
2.550000000000000000e+01,3.872708986931273103e+04
2.552083333333333215e+01,3.872709752165855025e+04
2.554166666666666430e+01,3.872710539048339706e+04
2.556250000000000000e+01,3.872711347193881375e+04
2.558333333333333215e+01,3.872712176202125556e+04
2.560416666666666430e+01,3.872713025657441904e+04
2.562500000000000000e+01,3.872713895129130833e+04
2.564583333333333215e+01,3.872714784171718202e+04
2.566666666666666430e+01,3.872715692325264536e+04
2.568750000000000000e+01,3.872716619115560025e+04
2.570833333333333215e+01,3.872717564054479590e+04
2.572916666666666430e+01,3.872718526640269556e+04
2.575000000000000000e+01,3.872719506357850332e+04
2.577083333333333215e+01,3.872720502679151832e+04
2.579166666666666430e+01,3.872721515063448169e+04
2.581250000000000000e+01,3.872722542957660335e+04
2.583333333333333215e+01,3.872723585796757834e+04
2.585416666666666430e+01,3.872724643004088284e+04
2.587500000000000000e+01,3.872725713991744851e+04
2.589583333333333215e+01,3.872726798160939506e+04
2.591666666666666430e+01,3.872727894902399566e+04
2.593750000000000000e+01,3.872729003596761322e+04
2.595833333333333215e+01,3.872730123614921467e+04
2.597916666666666430e+01,3.872731254318516585e+04
2.600000000000000000e+01,3.872732395060281851e+04
2.602083333333333215e+01,3.872733545184479590e+04
2.604166666666666430e+01,3.872734704027347470e+04
2.606250000000000000e+01,3.872735870917499415e+04
2.608333333333333215e+01,3.872737045176372339e+04
2.610416666666666430e+01,3.872738226118691819e+04
2.612500000000000000e+01,3.872739413052880991e+04
2.614583333333333215e+01,3.872740605281557509e+04
2.616666666666666430e+01,3.872741802101917710e+04
2.618750000000000000e+01,3.872743002806299046e+04
2.620833333333333215e+01,3.872744206682570075e+04
2.622916666666666430e+01,3.872745413014590304e+04
2.625000000000000000e+01,3.872746621082771162e+04
2.627083333333333215e+01,3.872747830164424522e+04
2.629166666666666430e+01,3.872749039534354961e+04
2.631250000000000000e+01,3.872750248465251207e+04
2.633333333333333215e+01,3.872751456228223833e+04
2.635416666666666430e+01,3.872752662093264371e+04
2.637500000000000000e+01,3.872753865329721157e+04
2.639583333333333215e+01,3.872755065206791187e+04
2.641666666666666430e+01,3.872756260994018521e+04
2.643750000000000000e+01,3.872757451961771585e+04
2.645833333333333215e+01,3.872758637381705194e+04
2.647916666666666430e+01,3.872759816527266958e+04
2.650000000000000000e+01,3.872760988674199325e+04
2.652083333333333215e+01,3.872762153100981232e+04
2.654166666666666430e+01,3.872763309089362156e+04
2.656250000000000000e+01,3.872764455924787035e+04
2.658333333333333215e+01,3.872765592896928138e+04
2.660416666666666430e+01,3.872766719300147815e+04
2.662500000000000000e+01,3.872767834433961980e+04
2.664583333333333215e+01,3.872768937603557424e+04
2.666666666666666430e+01,3.872770028120236384e+04
2.668750000000000000e+01,3.872771105301899661e+04
2.670833333333333215e+01,3.872772168473534839e+04
2.672916666666666430e+01,3.872773216967703775e+04
2.675000000000000000e+01,3.872774250124992977e+04
2.677083333333333215e+01,3.872775267294507648e+04
2.679166666666666430e+01,3.872776267834351165e+04
2.681250000000000000e+01,3.872777251112105296e+04
2.683333333333333215e+01,3.872778216505319142e+04
2.685416666666666430e+01,3.872779163401987171e+04
2.687500000000000000e+01,3.872780091201058531e+04
2.689583333333333215e+01,3.872780999312905624e+04
2.691666666666666430e+01,3.872781887159861071e+04
2.693750000000000000e+01,3.872782754176679737e+04
2.695833333333333215e+01,3.872783599811099702e+04
2.697916666666666430e+01,3.872784423524353042e+04
2.700000000000000000e+01,3.872785224791663495e+04
2.702083333333333215e+01,3.872786003102811082e+04
2.704166666666666430e+01,3.872786757962674892e+04
2.706250000000000000e+01,3.872787488891767134e+04
2.708333333333333215e+01,3.872788195426801394e+04
2.710416666666666430e+01,3.872788877121250698e+04
2.712500000000000000e+01,3.872789533545880840e+04
2.714583333333333215e+01,3.872790164289323002e+04
2.716666666666666430e+01,3.872790768958625995e+04
2.718750000000000000e+01,3.872791347179777222e+04
2.720833333333333215e+01,3.872791898598198168e+04
2.722916666666666430e+01,3.872792422879276273e+04
2.725000000000000000e+01,3.872792919708792761e+04
2.727083333333333215e+01,3.872793388793342456e+04
2.729166666666666430e+01,3.872793829860687401e+04
2.731250000000000000e+01,3.872794242660063901e+04
2.733333333333333215e+01,3.872794626962418261e+04
2.735416666666666430e+01,3.872794982560577773e+04
2.737500000000000000e+01,3.872795309269286372e+04
2.739583333333333215e+01,3.872795606925220636e+04
2.741666666666666430e+01,3.872795875386850821e+04
2.743750000000000000e+01,3.872796114534204389e+04
2.745833333333333215e+01,3.872796324268613535e+04
2.747916666666666430e+01,3.872796504512251704e+04
2.750000000000000000e+01,3.872796655207635195e+04
2.752083333333333215e+01,3.872796776317090553e+04
2.754166666666666430e+01,3.872796867822071363e+04
2.756250000000000000e+01,3.872796929722466302e+04
2.758333333333333215e+01,3.872796962035885372e+04
2.760416666666666430e+01,3.872796964796909742e+04
2.762500000000000000e+01,3.872796938056375075e+04
2.764583333333333215e+01,3.872796881880614092e+04
2.766666666666666430e+01,3.872796796350859950e+04
2.768750000000000000e+01,3.872796681562602316e+04
2.770833333333333215e+01,3.872796537625075143e+04
2.772916666666666430e+01,3.872796364660826657e+04
2.775000000000000000e+01,3.872796162805380300e+04
2.777083333333333215e+01,3.872795932206993166e+04
2.779166666666666430e+01,3.872795673026527220e+04
2.781250000000000000e+01,3.872795385437380173e+04
2.783333333333333215e+01,3.872795069625533506e+04
2.785416666666666430e+01,3.872794725789639779e+04
2.787500000000000000e+01,3.872794354141195799e+04
2.789583333333333215e+01,3.872793954904723068e+04
2.791666666666666430e+01,3.872793528318020253e+04
2.793750000000000000e+01,3.872793074632337084e+04
2.795833333333333215e+01,3.872792594112661027e+04
2.797916666666666430e+01,3.872792087037880265e+04
2.800000000000000000e+01,3.872791553700957593e+04
2.802083333333333215e+01,3.872790994409107225e+04
2.804166666666666430e+01,3.872790409483855183e+04
2.806250000000000000e+01,3.872789799261090957e+04
2.808333333333333215e+01,3.872789164091111888e+04
2.810416666666666430e+01,3.872788504338519124e+04
2.812500000000000000e+01,3.872787820382240170e+04
2.814583333333333215e+01,3.872787112615311344e+04
2.816666666666666430e+01,3.872786381444802828e+04
2.818750000000000000e+01,3.872785627291632409e+04
2.820833333333333215e+01,3.872784850590331189e+04
2.822916666666666430e+01,3.872784051788929355e+04
2.825000000000000000e+01,3.872783231348604750e+04
2.827083333333333215e+01,3.872782389743506064e+04
2.829166666666666430e+01,3.872781527460493089e+04
2.831250000000000000e+01,3.872780644998844946e+04
2.833333333333333215e+01,3.872779742869995243e+04
2.835416666666666430e+01,3.872778821597227943e+04
2.837500000000000000e+01,3.872777881715371041e+04
2.839583333333333215e+01,3.872776923770452413e+04
2.841666666666666430e+01,3.872775948319438612e+04
2.843750000000000000e+01,3.872774955929791031e+04
2.845833333333333215e+01,3.872773947179162496e+04
2.847916666666666430e+01,3.872772922655026196e+04
2.850000000000000000e+01,3.872771882954276953e+04
2.852083333333333215e+01,3.872770828682812862e+04
2.854166666666666430e+01,3.872769760455178766e+04
2.856250000000000000e+01,3.872768678894118057e+04
2.858333333333333215e+01,3.872767584630171768e+04
2.860416666666666430e+01,3.872766478301252937e+04
2.862500000000000000e+01,3.872765360552203492e+04
2.864583333333333215e+01,3.872764232034387533e+04
2.866666666666666430e+01,3.872763093405246036e+04
2.868750000000000000e+01,3.872761945327863214e+04
2.870833333333333215e+01,3.872760788470519765e+04
2.872916666666666430e+01,3.872759623506291246e+04
2.875000000000000000e+01,3.872758451112562034e+04
2.877083333333333215e+01,3.872757271970612055e+04
2.879166666666666430e+01,3.872756086765178770e+04
2.881250000000000000e+01,3.872754896184004610e+04
2.883333333333333215e+01,3.872753700917359674e+04
2.885416666666666430e+01,3.872752501657664834e+04
2.887500000000000000e+01,3.872751299098962772e+04
2.889583333333333215e+01,3.872750093936523626e+04
2.891666666666666430e+01,3.872748886866356770e+04
2.893750000000000000e+01,3.872747678584780806e+04
2.895833333333333215e+01,3.872746469787952810e+04
2.897916666666666430e+01,3.872745261171398306e+04
2.900000000000000000e+01,3.872744053429591440e+04
2.902083333333333215e+01,3.872742847255484958e+04
2.904166666666666430e+01,3.872741643340051087e+04
2.906250000000000000e+01,3.872740442371827521e+04
2.908333333333333215e+01,3.872739245036493230e+04
2.910416666666666430e+01,3.872738052016391157e+04
2.912500000000000000e+01,3.872736863990103302e+04
2.914583333333333215e+01,3.872735681631997431e+04
2.916666666666666430e+01,3.872734505611830537e+04
2.918750000000000000e+01,3.872733336594234424e+04
2.920833333333333215e+01,3.872732175238360651e+04
2.922916666666666430e+01,3.872731022197412676e+04
2.925000000000000000e+01,3.872729878118248598e+04
2.927083333333333215e+01,3.872728743640939501e+04
2.929166666666666430e+01,3.872727619398352545e+04
2.931250000000000000e+01,3.872726506015763880e+04
2.933333333333333215e+01,3.872725404110424279e+04
2.935416666666666430e+01,3.872724314291174232e+04
2.937500000000000000e+01,3.872723237158056872e+04
2.939583333333333215e+01,3.872722173301893054e+04
2.941666666666666430e+01,3.872721123303941567e+04
2.943750000000000000e+01,3.872720087735477136e+04
2.945833333333333215e+01,3.872719067157468089e+04
2.947916666666666430e+01,3.872718062120130344e+04
2.950000000000000000e+01,3.872717073162698216e+04
2.952083333333333215e+01,3.872716100812944205e+04
2.954166666666666430e+01,3.872715145586896688e+04
2.956250000000000000e+01,3.872714207988513226e+04
2.958333333333333215e+01,3.872713288509343693e+04
2.960416666666666430e+01,3.872712387628194119e+04
2.962500000000000000e+01,3.872711505810827657e+04
2.964583333333333215e+01,3.872710643509693909e+04
2.966666666666666430e+01,3.872709801163580414e+04
2.968750000000000000e+01,3.872708979197366716e+04
2.970833333333333215e+01,3.872708178021741332e+04
2.972916666666666430e+01,3.872707398032933997e+04
2.975000000000000000e+01,3.872706639612476283e+04
2.977083333333333215e+01,3.872705903126920020e+04
2.979166666666666430e+01,3.872705188927635754e+04
2.981250000000000000e+01,3.872704497350575548e+04
2.983333333333333215e+01,3.872703828716058342e+04
2.985416666666666430e+01,3.872703183328541490e+04
2.987500000000000000e+01,3.872702561476494157e+04
2.989583333333333215e+01,3.872701963432126649e+04
2.991666666666666430e+01,3.872701389451283467e+04
2.993750000000000000e+01,3.872700839773264306e+04
2.995833333333333215e+01,3.872700314620645804e+04
2.997916666666666430e+01,3.872699814199184766e+04
3.000000000000000000e+01,3.872699338697674830e+04
3.002083333333333215e+01,3.872698888287814771e+04
3.004166666666666430e+01,3.872698463124138652e+04
3.006250000000000000e+01,3.872698063343897229e+04
3.008333333333333215e+01,3.872697689066972089e+04
3.010416666666666430e+01,3.872697340395849460e+04
3.012500000000000000e+01,3.872697017415509617e+04
3.014583333333333215e+01,3.872696720193418878e+04
3.016666666666666430e+01,3.872696448779481580e+04
3.018750000000000000e+01,3.872696203206028440e+04
3.020833333333333215e+01,3.872695983487814374e+04
3.022916666666666430e+01,3.872695789621990116e+04
3.025000000000000000e+01,3.872695621588158247e+04
3.027083333333333215e+01,3.872695479348384106e+04
3.029166666666666430e+01,3.872695362847230717e+04
3.031250000000000000e+01,3.872695272011822090e+04
3.033333333333333215e+01,3.872695206751892692e+04
3.035416666666666430e+01,3.872695166959903872e+04
3.037500000000000000e+01,3.872695152511085325e+04
3.039583333333333215e+01,3.872695163263553695e+04
3.041666666666666430e+01,3.872695199058428989e+04
3.043750000000000000e+01,3.872695259719977912e+04
3.045833333333333215e+01,3.872695345055710641e+04
3.047916666666666430e+01,3.872695454856559809e+04
3.050000000000000000e+01,3.872695588897054404e+04
3.052083333333333215e+01,3.872695746935426723e+04
3.054166666666666430e+01,3.872695928713881585e+04
3.056250000000000000e+01,3.872696133958736755e+04
3.058333333333333215e+01,3.872696362380640494e+04
3.060416666666666430e+01,3.872696613674804394e+04
3.062500000000000000e+01,3.872696887521197641e+04
3.064583333333333215e+01,3.872697183584839513e+04
3.066666666666666430e+01,3.872697501516007469e+04
3.068750000000000000e+01,3.872697840950496902e+04
3.070833333333333215e+01,3.872698201509930368e+04
3.072916666666666430e+01,3.872698582802012243e+04
3.075000000000000000e+01,3.872698984420809575e+04
3.077083333333333215e+01,3.872699405947096238e+04
3.079166666666666430e+01,3.872699846948604682e+04
3.081250000000000000e+01,3.872700306980420282e+04
3.083333333333333215e+01,3.872700785585225822e+04
3.085416666666666430e+01,3.872701282293730037e+04
3.087500000000000000e+01,3.872701796624960116e+04
3.089583333333333215e+01,3.872702328086616762e+04
3.091666666666666430e+01,3.872702876175474375e+04
3.093750000000000000e+01,3.872703440377733205e+04
3.095833333333333215e+01,3.872704020169404248e+04
3.097916666666666430e+01,3.872704615016691241e+04
3.100000000000000000e+01,3.872705224376412662e+04
3.102083333333333215e+01,3.872705847696381534e+04
3.104166666666666430e+01,3.872706484415811428e+04
3.106250000000000000e+01,3.872707133965779212e+04
3.108333333333333215e+01,3.872707795769589575e+04
3.110416666666666430e+01,3.872708469243245781e+04
3.112500000000000000e+01,3.872709153795881139e+04
3.114583333333333215e+01,3.872709848830183182e+04
3.116666666666666430e+01,3.872710553742882621e+04
3.118750000000000000e+01,3.872711267925130232e+04
3.120833333333333215e+01,3.872711990763044014e+04
3.122916666666666430e+01,3.872712721638098446e+04
3.125000000000000000e+01,3.872713459927643999e+04
3.127083333333333215e+01,3.872714205005334952e+04
3.129166666666666430e+01,3.872714956241636537e+04
3.131250000000000000e+01,3.872715713004274585e+04
3.133333333333333215e+01,3.872716474658736843e+04
3.135416666666666430e+01,3.872717240568737179e+04
3.137500000000000000e+01,3.872718010096703802e+04
3.139583333333333215e+01,3.872718782604287844e+04
3.141666666666666430e+01,3.872719557452802110e+04
3.143750000000000000e+01,3.872720334003780590e+04
3.145833333333333215e+01,3.872721111619386647e+04
3.147916666666666430e+01,3.872721889662973263e+04
3.150000000000000000e+01,3.872722667499536328e+04
3.152083333333333215e+01,3.872723444496186858e+04
3.154166666666666430e+01,3.872724220022691588e+04
3.156250000000000000e+01,3.872724993451921182e+04
3.158333333333333215e+01,3.872725764160330436e+04
3.160416666666666430e+01,3.872726531528466148e+04
3.162500000000000000e+01,3.872727294941425498e+04
3.164583333333333215e+01,3.872728053789330443e+04
3.166666666666666430e+01,3.872728807467797014e+04
3.168750000000000000e+01,3.872729555378408259e+04
3.170833333333333215e+01,3.872730296929160977e+04
3.172916666666666430e+01,3.872731031534911017e+04
3.175000000000000000e+01,3.872731758617822925e+04
3.177083333333333215e+01,3.872732477607773762e+04
3.179166666666666430e+01,3.872733187942812219e+04
3.181250000000000000e+01,3.872733889069524594e+04
3.183333333333333215e+01,3.872734580443453888e+04
3.185416666666666430e+01,3.872735261529465060e+04
3.187500000000000000e+01,3.872735931802081177e+04
3.189583333333333215e+01,3.872736590745861758e+04
3.191666666666666430e+01,3.872737237855703279e+04
3.193750000000000000e+01,3.872737872637106921e+04
3.195833333333333215e+01,3.872738494606493623e+04
3.197916666666666430e+01,3.872739103291447827e+04
3.200000000000000000e+01,3.872739698230884096e+04
3.202083333333332860e+01,3.872740278975306865e+04
3.204166666666666430e+01,3.872740845086899935e+04
3.206250000000000000e+01,3.872741396139714925e+04
3.208333333333332860e+01,3.872741931719760032e+04
3.210416666666666430e+01,3.872742451425024774e+04
3.212500000000000000e+01,3.872742954865582578e+04
3.214583333333332860e+01,3.872743441663561680e+04
3.216666666666666430e+01,3.872743911453164765e+04
3.218750000000000000e+01,3.872744363880650781e+04
3.220833333333332860e+01,3.872744798604243988e+04
3.222916666666666430e+01,3.872745215294148511e+04
3.225000000000000000e+01,3.872745613632474124e+04
3.227083333333332860e+01,3.872745993313178042e+04
3.229166666666666430e+01,3.872746354042100575e+04
3.231250000000000000e+01,3.872746695536939660e+04
3.233333333333332860e+01,3.872747017527274875e+04
3.235416666666666430e+01,3.872747319754726050e+04
3.237500000000000000e+01,3.872747601973042765e+04
3.239583333333332860e+01,3.872747863948381564e+04
3.241666666666666430e+01,3.872748105459563521e+04
3.243750000000000000e+01,3.872748326298443862e+04
3.245833333333332860e+01,3.872748526270365983e+04
3.247916666666666430e+01,3.872748705194709328e+04
3.250000000000000000e+01,3.872748862905457645e+04
3.252083333333332860e+01,3.872748999251837085e+04
3.254166666666666430e+01,3.872749114099081635e+04
3.256250000000000000e+01,3.872749207329114870e+04
3.258333333333332860e+01,3.872749278841329942e+04
3.260416666666666430e+01,3.872749328553313535e+04
3.262500000000000000e+01,3.872749356401599653e+04
3.264583333333332860e+01,3.872749362342284439e+04
3.266666666666666430e+01,3.872749346351649729e+04
3.268750000000000000e+01,3.872749308426619973e+04
3.270833333333332860e+01,3.872749248585214082e+04
3.272916666666666430e+01,3.872749166866738960e+04
3.275000000000000000e+01,3.872749063331972138e+04
3.277083333333332860e+01,3.872748938063155219e+04
3.279166666666666430e+01,3.872748791163881106e+04
3.281250000000000000e+01,3.872748622758824786e+04
3.283333333333332860e+01,3.872748432993437746e+04
3.285416666666666430e+01,3.872748222033477214e+04
3.287500000000000000e+01,3.872747990064475744e+04
3.289583333333332860e+01,3.872747737291203521e+04
3.291666666666666430e+01,3.872747463937057182e+04
3.293750000000000000e+01,3.872747170243383152e+04
3.295833333333332860e+01,3.872746856468921033e+04
3.297916666666666430e+01,3.872746522889125481e+04
3.300000000000000000e+01,3.872746169795640890e+04
3.302083333333332860e+01,3.872745797495678562e+04
3.304166666666666430e+01,3.872745406311575789e+04
3.306250000000000000e+01,3.872744996580250881e+04
3.308333333333332860e+01,3.872744568652795715e+04
3.310416666666666430e+01,3.872744122894071916e+04
3.312500000000000000e+01,3.872743659682339057e+04
3.314583333333332860e+01,3.872743179408887227e+04
3.316666666666666430e+01,3.872742682477724884e+04
3.318750000000000000e+01,3.872742169305255811e+04
3.320833333333332860e+01,3.872741640319955332e+04
3.322916666666666430e+01,3.872741095962065447e+04
3.325000000000000000e+01,3.872740536683266691e+04
3.327083333333332860e+01,3.872739962946388550e+04
3.329166666666666430e+01,3.872739375225069671e+04
3.331250000000000000e+01,3.872738774003426079e+04
3.333333333333332860e+01,3.872738159775697568e+04
3.335416666666666430e+01,3.872737533045974124e+04
3.337500000000000000e+01,3.872736894327777554e+04
3.339583333333332860e+01,3.872736244143778458e+04
3.341666666666666430e+01,3.872735583025410597e+04
3.343750000000000000e+01,3.872734911512542749e+04
3.345833333333332860e+01,3.872734230153149110e+04
3.347916666666666430e+01,3.872733539502937492e+04
3.350000000000000000e+01,3.872732840125038638e+04
3.352083333333332860e+01,3.872732132589608955e+04
3.354166666666666430e+01,3.872731417473532929e+04
3.356250000000000000e+01,3.872730695360044774e+04
3.358333333333332860e+01,3.872729966838366818e+04
3.360416666666666430e+01,3.872729232503365347e+04
3.362500000000000000e+01,3.872728492955156980e+04
3.364583333333332860e+01,3.872727748798736138e+04
3.366666666666666430e+01,3.872727000643611245e+04
3.368750000000000000e+01,3.872726249103356531e+04
3.370833333333332860e+01,3.872725494795298437e+04
3.372916666666666430e+01,3.872724738340015028e+04
3.375000000000000000e+01,3.872723980360980204e+04
3.377083333333332860e+01,3.872723221484137321e+04
3.379166666666666430e+01,3.872722462337464822e+04
3.381250000000000000e+01,3.872721703550565871e+04
3.383333333333332860e+01,3.872720945754227432e+04
3.385416666666666430e+01,3.872720189579994621e+04
3.387500000000000000e+01,3.872719435659777810e+04
3.389583333333332860e+01,3.872718684625354217e+04
3.391666666666666430e+01,3.872717937107994658e+04
3.393750000000000000e+01,3.872717193738013884e+04
3.395833333333332860e+01,3.872716455144340580e+04
3.397916666666666430e+01,3.872715721954084438e+04
3.400000000000000000e+01,3.872714994792112702e+04
3.402083333333332860e+01,3.872714274280624522e+04
3.404166666666666430e+01,3.872713561038691842e+04
3.406250000000000000e+01,3.872712855681873043e+04
3.408333333333332860e+01,3.872712158821750199e+04
3.410416666666666430e+01,3.872711471065517253e+04
3.412500000000000000e+01,3.872710793015545642e+04
3.414583333333332860e+01,3.872710125268959382e+04
3.416666666666666430e+01,3.872709468417210155e+04
3.418750000000000000e+01,3.872708823045662575e+04
3.420833333333332860e+01,3.872708189733153995e+04
3.422916666666666430e+01,3.872707569051627070e+04
3.425000000000000000e+01,3.872706961565653910e+04
3.427083333333332860e+01,3.872706367832084652e+04
3.429166666666666430e+01,3.872705788399612356e+04
3.431250000000000000e+01,3.872705223808397568e+04
3.433333333333332860e+01,3.872704674589637580e+04
3.435416666666666430e+01,3.872704141265238286e+04
3.437500000000000000e+01,3.872703624347390723e+04
3.439583333333332860e+01,3.872703124338196358e+04
3.441666666666666430e+01,3.872702641729317838e+04
3.443750000000000000e+01,3.872702177001597738e+04
3.445833333333332860e+01,3.872701730624729680e+04
3.447916666666666430e+01,3.872701303056877077e+04
3.450000000000000000e+01,3.872700894744334801e+04
3.452083333333332860e+01,3.872700506121209764e+04
3.454166666666666430e+01,3.872700137609096419e+04
3.456250000000000000e+01,3.872699789616726775e+04
3.458333333333332860e+01,3.872699462539686647e+04
3.460416666666666430e+01,3.872699156760091864e+04
3.462500000000000000e+01,3.872698872646314703e+04
3.464583333333332860e+01,3.872698610552670289e+04
3.466666666666666430e+01,3.872698370819146658e+04
3.468750000000000000e+01,3.872698153771163925e+04
3.470833333333332860e+01,3.872697959719272330e+04
3.472916666666666430e+01,3.872697788958923775e+04
3.475000000000000000e+01,3.872697641770254995e+04
3.477083333333332860e+01,3.872697518417804531e+04
3.479166666666666430e+01,3.872697419150330097e+04
3.481250000000000000e+01,3.872697344200612861e+04
3.483333333333332860e+01,3.872697293785226066e+04
3.485416666666666430e+01,3.872697268104370596e+04
3.487500000000000000e+01,3.872697267341662518e+04
3.489583333333332860e+01,3.872697291664035583e+04
3.491666666666666430e+01,3.872697341221516399e+04
3.493750000000000000e+01,3.872697416147121839e+04
3.495833333333332860e+01,3.872697516556713526e+04
3.497916666666666430e+01,3.872697642548881413e+04
3.500000000000000000e+01,3.872697794204847014e+04
3.502083333333332860e+01,3.872697971588307701e+04
3.504166666666666430e+01,3.872698174745458527e+04
3.506250000000000000e+01,3.872698403704810335e+04
3.508333333333332860e+01,3.872698658477201388e+04
3.510416666666666430e+01,3.872698939055704250e+04
3.512500000000000000e+01,3.872699245415613404e+04
3.514583333333332860e+01,3.872699577514409611e+04
3.516666666666666430e+01,3.872699935291779548e+04
3.518750000000000000e+01,3.872700318669541593e+04
3.520833333333332860e+01,3.872700727551722957e+04
3.522916666666666430e+01,3.872701161824582232e+04
3.525000000000000000e+01,3.872701621356599935e+04
3.527083333333332860e+01,3.872702105998572370e+04
3.529166666666666430e+01,3.872702615583647275e+04
3.531250000000000000e+01,3.872703149927416962e+04
3.533333333333332860e+01,3.872703708827983064e+04
3.535416666666666430e+01,3.872704292066069320e+04
3.537500000000000000e+01,3.872704899405133619e+04
3.539583333333332860e+01,3.872705530591461138e+04
3.541666666666666430e+01,3.872706185354354238e+04
3.543750000000000000e+01,3.872706863406224875e+04
3.545833333333332860e+01,3.872707564442767034e+04
3.547916666666666430e+01,3.872708288143159734e+04
3.550000000000000000e+01,3.872709034170208906e+04
3.552083333333332860e+01,3.872709802170535113e+04
3.554166666666666430e+01,3.872710591774850764e+04
3.556250000000000000e+01,3.872711402598064160e+04
3.558333333333332860e+01,3.872712234239603276e+04
3.560416666666666430e+01,3.872713086283628218e+04
3.562500000000000000e+01,3.872713958299231308e+04
3.564583333333332860e+01,3.872714849840761599e+04
3.566666666666666430e+01,3.872715760448086803e+04
3.568750000000000000e+01,3.872716689646829764e+04
3.570833333333332860e+01,3.872717636948722065e+04
3.572916666666666430e+01,3.872718601851859421e+04
3.575000000000000000e+01,3.872719583841015265e+04
3.577083333333332860e+01,3.872720582388004550e+04
3.579166666666666430e+01,3.872721596951971878e+04
3.581250000000000000e+01,3.872722626979749475e+04
3.583333333333332860e+01,3.872723671906213713e+04
3.585416666666666430e+01,3.872724731154623441e+04
3.587500000000000000e+01,3.872725804136991064e+04
3.589583333333332860e+01,3.872726890254487080e+04
3.591666666666666430e+01,3.872727988897775504e+04
3.593750000000000000e+01,3.872729099447439512e+04
3.595833333333332860e+01,3.872730221274378709e+04
3.597916666666666430e+01,3.872731353740178020e+04
3.600000000000000000e+01,3.872732496197579894e+04
3.602083333333332860e+01,3.872733647990851750e+04
3.604166666666666430e+01,3.872734808456226892e+04
3.606250000000000000e+01,3.872735976922346890e+04
3.608333333333332860e+01,3.872737152710687224e+04
3.610416666666666430e+01,3.872738335136017849e+04
3.612500000000000000e+01,3.872739523506791011e+04
3.614583333333332860e+01,3.872740717125702940e+04
3.616666666666666430e+01,3.872741915290020552e+04
3.618750000000000000e+01,3.872743117292159150e+04
3.620833333333332860e+01,3.872744322420069511e+04
3.622916666666666430e+01,3.872745529957729741e+04
3.625000000000000000e+01,3.872746739185621846e+04
3.627083333333332860e+01,3.872747949381201761e+04
3.629166666666666430e+01,3.872749159819383931e+04
3.631250000000000000e+01,3.872750369772985869e+04
3.633333333333332860e+01,3.872751578513260029e+04
3.635416666666666430e+01,3.872752785310334730e+04
3.637500000000000000e+01,3.872753989433708921e+04
3.639583333333332860e+01,3.872755190152734576e+04
3.641666666666666430e+01,3.872756386737122375e+04
3.643750000000000000e+01,3.872757578457373165e+04
3.645833333333332860e+01,3.872758764585330209e+04
3.647916666666666430e+01,3.872759944394611375e+04
3.650000000000000000e+01,3.872761117161101720e+04
3.652083333333332860e+01,3.872762282163478085e+04
3.654166666666666430e+01,3.872763438683620916e+04
3.656250000000000000e+01,3.872764586007154867e+04
3.658333333333332860e+01,3.872765723423900636e+04
3.660416666666666430e+01,3.872766850228374096e+04
3.662500000000000000e+01,3.872767965720226493e+04
3.664583333333332860e+01,3.872769069204775587e+04
3.666666666666666430e+01,3.872770159993434936e+04
3.668750000000000000e+01,3.872771237404218846e+04
3.670833333333332860e+01,3.872772300762197847e+04
3.672916666666666430e+01,3.872773349399989092e+04
3.675000000000000000e+01,3.872774382658224931e+04
3.677083333333332860e+01,3.872775399886035302e+04
3.679166666666666430e+01,3.872776400441512669e+04
3.681250000000000000e+01,3.872777383692201693e+04
3.683333333333332860e+01,3.872778349015575077e+04
3.685416666666666430e+01,3.872779295799529064e+04
3.687500000000000000e+01,3.872780223442870920e+04
3.689583333333332860e+01,3.872781131355805701e+04
3.691666666666666430e+01,3.872782018960428104e+04
3.693750000000000000e+01,3.872782885691251431e+04
3.695833333333332860e+01,3.872783730995743826e+04
3.697916666666666430e+01,3.872784554334781569e+04
3.700000000000000000e+01,3.872785355183237698e+04
3.702083333333332860e+01,3.872786133030508790e+04
3.704166666666666430e+01,3.872786887381053384e+04
3.706250000000000000e+01,3.872787617754970415e+04
3.708333333333332860e+01,3.872788323688540549e+04
3.710416666666666430e+01,3.872789004734788614e+04
3.712500000000000000e+01,3.872789660464091867e+04
3.714583333333332860e+01,3.872790290464718419e+04
3.716666666666666430e+01,3.872790894343375840e+04
3.718750000000000000e+01,3.872791471725806332e+04
3.720833333333332860e+01,3.872792022257290228e+04
3.722916666666666430e+01,3.872792545603186591e+04
3.725000000000000000e+01,3.872793041449378507e+04
3.727083333333332860e+01,3.872793509502725647e+04
3.729166666666666430e+01,3.872793949491476815e+04
3.731250000000000000e+01,3.872794361165536975e+04
3.733333333333332860e+01,3.872794744296770659e+04
3.735416666666666430e+01,3.872795098679165676e+04
3.737500000000000000e+01,3.872795424128908053e+04
3.739583333333332860e+01,3.872795720484370395e+04
3.741666666666666430e+01,3.872795987605981645e+04
3.743750000000000000e+01,3.872796225376035727e+04
3.745833333333332860e+01,3.872796433698339388e+04
3.747916666666666430e+01,3.872796612497795286e+04
3.750000000000000000e+01,3.872796761719847564e+04
3.752083333333332860e+01,3.872796881329900498e+04
3.754166666666666430e+01,3.872796971312606911e+04
3.756250000000000000e+01,3.872797031671141303e+04
3.758333333333332860e+01,3.872797062426401681e+04
3.760416666666666430e+01,3.872797063616219384e+04
3.762500000000000000e+01,3.872797035294565285e+04
3.764583333333332860e+01,3.872796977530808363e+04
3.766666666666666430e+01,3.872796890408961917e+04
3.768750000000000000e+01,3.872796774027087667e+04
3.770833333333332860e+01,3.872796628496708581e+04
3.772916666666666430e+01,3.872796453942369408e+04
3.775000000000000000e+01,3.872796250501264149e+04
3.777083333333332860e+01,3.872796018323005410e+04
3.779166666666666430e+01,3.872795757569494162e+04
3.781250000000000000e+01,3.872795468414875359e+04
3.783333333333332860e+01,3.872795151045585953e+04
3.785416666666666430e+01,3.872794805660491693e+04
3.787500000000000000e+01,3.872794432471095934e+04
3.789583333333332860e+01,3.872794031701753556e+04
3.791666666666666430e+01,3.872793603589940903e+04
3.793750000000000000e+01,3.872793148386519169e+04
3.795833333333332860e+01,3.872792666355975962e+04
3.797916666666666430e+01,3.872792157776719978e+04
3.800000000000000000e+01,3.872791622941197420e+04
3.802083333333332860e+01,3.872791062156127009e+04
3.804166666666666430e+01,3.872790475742564740e+04
3.806250000000000000e+01,3.872789864035994833e+04
3.808333333333332860e+01,3.872789227386331186e+04
3.810416666666666430e+01,3.872788566157889727e+04
3.812500000000000000e+01,3.872787880729296739e+04
3.814583333333332860e+01,3.872787171493400820e+04
3.816666666666666430e+01,3.872786438857113535e+04
3.818750000000000000e+01,3.872785683241208608e+04
3.820833333333332860e+01,3.872784905080163298e+04
3.822916666666666430e+01,3.872784104821916844e+04
3.825000000000000000e+01,3.872783282927636901e+04
3.827083333333332860e+01,3.872782439871480165e+04
3.829166666666666430e+01,3.872781576140323159e+04
3.831250000000000000e+01,3.872780692233490845e+04
3.833333333333332860e+01,3.872779788662507781e+04
3.835416666666666430e+01,3.872778865950733598e+04
3.837500000000000000e+01,3.872777924633100338e+04
3.839583333333332860e+01,3.872776965255820687e+04
3.841666666666666430e+01,3.872775988375984889e+04
3.843750000000000000e+01,3.872774994561244239e+04
3.845833333333332860e+01,3.872773984389473480e+04
3.847916666666666430e+01,3.872772958448364807e+04
3.850000000000000000e+01,3.872771917335026228e+04
3.852083333333332860e+01,3.872770861655637418e+04
3.854166666666666430e+01,3.872769792024989874e+04
3.856250000000000000e+01,3.872768709066107112e+04
3.858333333333332860e+01,3.872767613409791375e+04
3.860416666666666430e+01,3.872766505694237276e+04
3.862500000000000000e+01,3.872765386564562505e+04
3.864583333333332860e+01,3.872764256672409829e+04
3.866666666666666430e+01,3.872763116675490164e+04
3.868750000000000000e+01,3.872761967237148201e+04
3.870833333333332860e+01,3.872760809025934577e+04
3.872916666666666430e+01,3.872759642715190421e+04
3.875000000000000000e+01,3.872758468982535851e+04
3.877083333333332860e+01,3.872757288509522186e+04
3.879166666666666430e+01,3.872756101981117536e+04
3.881250000000000000e+01,3.872754910085310257e+04
3.883333333333332860e+01,3.872753713512622198e+04
3.885416666666666430e+01,3.872752512955691782e+04
3.887500000000000000e+01,3.872751309108817804e+04
3.889583333333332860e+01,3.872750102667501778e+04
3.891666666666666430e+01,3.872748894327972812e+04
3.893750000000000000e+01,3.872747684786782338e+04
3.895833333333332860e+01,3.872746474740299163e+04
3.897916666666666430e+01,3.872745264884289645e+04
3.900000000000000000e+01,3.872744055913425836e+04
3.902083333333332860e+01,3.872742848520882399e+04
3.904166666666666430e+01,3.872741643397811276e+04
3.906250000000000000e+01,3.872740441232988087e+04
3.908333333333332860e+01,3.872739242712259875e+04
3.910416666666666430e+01,3.872738048518152937e+04
3.912500000000000000e+01,3.872736859329448635e+04
3.914583333333332860e+01,3.872735675820690085e+04
3.916666666666666430e+01,3.872734498661787075e+04
3.918750000000000000e+01,3.872733328517559858e+04
3.920833333333332860e+01,3.872732166047304781e+04
3.922916666666666430e+01,3.872731011904418119e+04
3.925000000000000000e+01,3.872729866735875839e+04
3.927083333333332860e+01,3.872728731181904004e+04
3.929166666666666430e+01,3.872727605875527661e+04
3.931250000000000000e+01,3.872726491442159022e+04
3.933333333333332860e+01,3.872725388499194378e+04
3.935416666666666430e+01,3.872724297655606642e+04
3.937500000000000000e+01,3.872723219511560455e+04
3.939583333333332860e+01,3.872722154658012732e+04
3.941666666666666430e+01,3.872721103676335770e+04
3.943750000000000000e+01,3.872720067137936712e+04
3.945833333333332860e+01,3.872719045603886480e+04
3.947916666666666430e+01,3.872718039624537050e+04
3.950000000000000000e+01,3.872717049739188951e+04
3.952083333333332860e+01,3.872716076475741284e+04
3.954166666666666430e+01,3.872715120350327925e+04
3.956250000000000000e+01,3.872714181866993022e+04
3.958333333333332860e+01,3.872713261517370120e+04
3.960416666666666430e+01,3.872712359780362021e+04
3.962500000000000000e+01,3.872711477121822827e+04
3.964583333333332860e+01,3.872710613994265441e+04
3.966666666666666430e+01,3.872709770836567623e+04
3.968750000000000000e+01,3.872708948073673673e+04
3.970833333333332860e+01,3.872708146116354328e+04
3.972916666666666430e+01,3.872707365360901895e+04
3.975000000000000000e+01,3.872706606188909791e+04
3.977083333333332860e+01,3.872705868966996786e+04
3.979166666666666430e+01,3.872705154046594544e+04
3.981250000000000000e+01,3.872704461763685686e+04
3.983333333333332860e+01,3.872703792438666278e+04
3.985416666666666430e+01,3.872703146376050427e+04
3.987500000000000000e+01,3.872702523864328396e+04
3.989583333333332860e+01,3.872701925175771612e+04
3.991666666666666430e+01,3.872701350566259498e+04
3.993750000000000000e+01,3.872700800275111396e+04
3.995833333333332860e+01,3.872700274524962879e+04
3.997916666666666430e+01,3.872699773521604220e+04
4.000000000000000000e+01,3.872699297453837062e+04
4.002083333333332860e+01,3.872698846493398742e+04
4.004166666666666430e+01,3.872698420794835693e+04
4.006250000000000000e+01,3.872698020495427772e+04
4.008333333333332860e+01,3.872697645715086401e+04
4.010416666666666430e+01,3.872697296556287620e+04
4.012500000000000000e+01,3.872696973104034987e+04
4.014583333333332860e+01,3.872696675425805734e+04
4.016666666666666430e+01,3.872696403571508563e+04
4.018750000000000000e+01,3.872696157573494565e+04
4.020833333333332860e+01,3.872695937446484459e+04
4.022916666666666430e+01,3.872695743187660264e+04
4.025000000000000000e+01,3.872695574776624562e+04
4.027083333333332860e+01,3.872695432175420137e+04
4.029166666666666430e+01,3.872695315328602737e+04
4.031250000000000000e+01,3.872695224163297098e+04
4.033333333333332860e+01,3.872695158589233324e+04
4.035416666666666430e+01,3.872695118498834199e+04
4.037500000000000000e+01,3.872695103767325782e+04
4.039583333333332860e+01,3.872695114252800704e+04
4.041666666666666430e+01,3.872695149796365877e+04
4.043750000000000000e+01,3.872695210222258902e+04
4.045833333333332860e+01,3.872695295337967400e+04
4.047916666666666430e+01,3.872695404934401449e+04
4.050000000000000000e+01,3.872695538786035468e+04
4.052083333333332860e+01,3.872695696651106118e+04
4.054166666666666430e+01,3.872695878271764377e+04
4.056250000000000000e+01,3.872696083374285081e+04
4.058333333333332860e+01,3.872696311669289571e+04
4.060416666666666430e+01,3.872696562851942872e+04
4.062500000000000000e+01,3.872696836602182884e+04
4.064583333333332860e+01,3.872697132584983046e+04
4.066666666666666430e+01,3.872697450450556062e+04
4.068750000000000000e+01,3.872697789834676951e+04
4.070833333333332860e+01,3.872698150358907878e+04
4.072916666666666430e+01,3.872698531630890648e+04
4.075000000000000000e+01,3.872698933244660293e+04
4.077083333333332860e+01,3.872699354780909198e+04
4.079166666666666430e+01,3.872699795807351620e+04
4.081250000000000000e+01,3.872700255878971802e+04
4.083333333333332860e+01,3.872700734538437246e+04
4.085416666666666430e+01,3.872701231316357735e+04
4.087500000000000000e+01,3.872701745731705159e+04
4.089583333333332860e+01,3.872702277292136569e+04
4.091666666666666430e+01,3.872702825494340505e+04
4.093750000000000000e+01,3.872703389824459737e+04
4.095833333333332860e+01,3.872703969758431776e+04
4.097916666666666430e+01,3.872704564762390510e+04
4.100000000000000000e+01,3.872705174293079472e+04
4.102083333333332860e+01,3.872705797798241838e+04
4.104166666666666430e+01,3.872706434717021330e+04
4.106250000000000000e+01,3.872707084480410413e+04
4.108333333333332860e+01,3.872707746511638106e+04
4.110416666666666430e+01,3.872708420226631279e+04
4.112500000000000000e+01,3.872709105034437380e+04
4.114583333333332860e+01,3.872709800337676279e+04
4.116666666666666430e+01,3.872710505532968818e+04
4.118750000000000000e+01,3.872711220011398109e+04
4.120833333333332860e+01,3.872711943158989743e+04
4.122916666666666430e+01,3.872712674357138894e+04
4.125000000000000000e+01,3.872713412983096350e+04
4.127083333333332860e+01,3.872714158410423988e+04
4.129166666666666430e+01,3.872714910009498999e+04
4.131250000000000000e+01,3.872715667147939530e+04
4.133333333333332860e+01,3.872716429191139468e+04
4.135416666666666430e+01,3.872717195502696995e+04
4.137500000000000000e+01,3.872717965444963920e+04
4.139583333333332860e+01,3.872718738379450224e+04
4.141666666666666430e+01,3.872719513667382125e+04
4.143750000000000000e+01,3.872720290670153918e+04
4.145833333333332860e+01,3.872721068749829283e+04
4.147916666666666430e+01,3.872721847269620775e+04
4.150000000000000000e+01,3.872722625594380224e+04
4.152083333333332860e+01,3.872723403091107321e+04
4.154166666666666430e+01,3.872724179129407275e+04
4.156250000000000000e+01,3.872724953081989952e+04
4.158333333333332860e+01,3.872725724325168267e+04
4.160416666666666430e+01,3.872726492239295476e+04
4.162500000000000000e+01,3.872727256209291954e+04
4.164583333333332860e+01,3.872728015625075932e+04
4.166666666666666430e+01,3.872728769882072083e+04
4.168750000000000000e+01,3.872729518381628441e+04
4.170833333333332860e+01,3.872730260531497333e+04
4.172916666666666430e+01,3.872730995746281405e+04
4.175000000000000000e+01,3.872731723447859986e+04
4.177083333333332860e+01,3.872732443065826374e+04
4.179166666666666430e+01,3.872733154037888016e+04
4.181250000000000000e+01,3.872733855810314708e+04
4.183333333333332860e+01,3.872734547838250000e+04
4.185416666666666430e+01,3.872735229586168862e+04
4.187500000000000000e+01,3.872735900528173806e+04
4.189583333333332860e+01,3.872736560148365243e+04
4.191666666666666430e+01,3.872737207941145607e+04
4.193750000000000000e+01,3.872737843411500944e+04
4.195833333333332860e+01,3.872738466075305769e+04
4.197916666666666430e+01,3.872739075459550804e+04
4.200000000000000000e+01,3.872739671102548891e+04
4.202083333333332860e+01,3.872740252554161270e+04
4.204166666666666430e+01,3.872740819375920546e+04
4.206250000000000000e+01,3.872741371141180571e+04
4.208333333333332860e+01,3.872741907435242319e+04
4.210416666666666430e+01,3.872742427855405549e+04
4.212500000000000000e+01,3.872742932011009543e+04
4.214583333333332860e+01,3.872743419523484044e+04
4.216666666666666430e+01,3.872743890026350709e+04
4.218750000000000000e+01,3.872744343165187456e+04
4.220833333333332860e+01,3.872744778597598633e+04
4.222916666666666430e+01,3.872745195993217931e+04
4.225000000000000000e+01,3.872745595033650898e+04
4.227083333333332860e+01,3.872745975412447297e+04
4.229166666666666430e+01,3.872746336835082184e+04
4.231250000000000000e+01,3.872746679019037401e+04
4.233333333333332860e+01,3.872747001693797938e+04
4.235416666666666430e+01,3.872747304600988718e+04
4.237500000000000000e+01,3.872747587494520121e+04
4.239583333333332860e+01,3.872747850140839000e+04
4.241666666666666430e+01,3.872748092319169518e+04
4.243750000000000000e+01,3.872748313821953343e+04
4.245833333333332860e+01,3.872748514455210534e+04
4.247916666666666430e+01,3.872748694039090333e+04
4.250000000000000000e+01,3.872748852408463426e+04
4.252083333333332860e+01,3.872748989413530944e+04
4.254166666666666430e+01,3.872749104920488026e+04
4.256250000000000000e+01,3.872749198812262330e+04
4.258333333333332860e+01,3.872749270989251090e+04
4.260416666666666430e+01,3.872749321369979589e+04
4.262500000000000000e+01,3.872749349891824386e+04
4.264583333333332860e+01,3.872749356511649239e+04
4.266666666666666430e+01,3.872749341206350073e+04
4.268750000000000000e+01,3.872749303973342467e+04
4.270833333333332860e+01,3.872749244830926909e+04
4.272916666666666430e+01,3.872749163818552188e+04
4.275000000000000000e+01,3.872749060996949265e+04
4.277083333333332860e+01,3.872748936448136374e+04
4.279166666666666430e+01,3.872748790275322972e+04
4.281250000000000000e+01,3.872748622602660180e+04
4.283333333333332860e+01,3.872748433574936644e+04
4.285416666666666430e+01,3.872748223357133247e+04
4.287500000000000000e+01,3.872747992133935622e+04
4.289583333333332860e+01,3.872747740109232109e+04
4.291666666666666430e+01,3.872747467505460372e+04
4.293750000000000000e+01,3.872747174563033332e+04
4.295833333333332860e+01,3.872746861539760721e+04
4.297916666666666430e+01,3.872746528710208804e+04
4.300000000000000000e+01,3.872746176365145948e+04
4.302083333333332860e+01,3.872745804811002745e+04
4.304166666666666430e+01,3.872745414369354694e+04
4.306250000000000000e+01,3.872745005376452900e+04
4.308333333333332860e+01,3.872744578182770056e+04
4.310416666666666430e+01,3.872744133152630093e+04
4.312500000000000000e+01,3.872743670663778175e+04
4.314583333333332860e+01,3.872743191107066377e+04
4.316666666666666430e+01,3.872742694886111713e+04
4.318750000000000000e+01,3.872742182416967262e+04
4.320833333333332860e+01,3.872741654127761285e+04
4.322916666666666430e+01,3.872741110458476032e+04
4.325000000000000000e+01,3.872740551860532287e+04
4.327083333333332860e+01,3.872739978796519426e+04
4.329166666666666430e+01,3.872739391739863640e+04
4.331250000000000000e+01,3.872738791174493235e+04
4.333333333333332860e+01,3.872738177594503941e+04
4.335416666666666430e+01,3.872737551503811846e+04
4.337500000000000000e+01,3.872736913415836170e+04
4.339583333333332860e+01,3.872736263853137643e+04
4.341666666666666430e+01,3.872735603347048163e+04
4.343750000000000000e+01,3.872734932437389216e+04
4.345833333333332860e+01,3.872734251672087703e+04
4.347916666666666430e+01,3.872733561606804869e+04
4.350000000000000000e+01,3.872732862804638717e+04
4.352083333333332860e+01,3.872732155835756566e+04
4.354166666666666430e+01,3.872731441277031990e+04
4.356250000000000000e+01,3.872730719711691199e+04
4.358333333333332860e+01,3.872729991728988534e+04
4.360416666666666430e+01,3.872729257923785190e+04
4.362500000000000000e+01,3.872728518896216701e+04
4.364583333333332860e+01,3.872727775251295679e+04
4.366666666666666430e+01,3.872727027598535642e+04
4.368750000000000000e+01,3.872726276551559567e+04
4.370833333333332860e+01,3.872725522727666248e+04
4.372916666666666430e+01,3.872724766747462854e+04
4.375000000000000000e+01,3.872724009234456025e+04
4.377083333333332860e+01,3.872723250814587664e+04
4.379166666666666430e+01,3.872722492115859495e+04
4.381250000000000000e+01,3.872721733767895785e+04
4.383333333333332860e+01,3.872720976401483495e+04
4.385416666666666430e+01,3.872720220648218674e+04
4.387500000000000000e+01,3.872719467140012421e+04
4.389583333333332860e+01,3.872718716508668149e+04
4.391666666666666430e+01,3.872717969385482866e+04
4.393750000000000000e+01,3.872717226400791697e+04
4.395833333333332860e+01,3.872716488183564798e+04
4.397916666666666430e+01,3.872715755360927142e+04
4.400000000000000000e+01,3.872715028557780170e+04
4.402083333333332860e+01,3.872714308396329579e+04
4.404166666666666430e+01,3.872713595495700429e+04
4.406250000000000000e+01,3.872712890471466380e+04
4.408333333333332860e+01,3.872712193935227697e+04
4.410416666666666430e+01,3.872711506494208152e+04
4.412500000000000000e+01,3.872710828750809742e+04
4.414583333333332860e+01,3.872710161302174674e+04
4.416666666666666430e+01,3.872709504739786644e+04
4.418750000000000000e+01,3.872708859649008082e+04
4.420833333333332860e+01,3.872708226608745463e+04
4.422916666666666430e+01,3.872707606190931256e+04
4.425000000000000000e+01,3.872706998960186320e+04
4.427083333333332860e+01,3.872706405473365157e+04
4.429166666666666430e+01,3.872705826279193570e+04
4.431250000000000000e+01,3.872705261917866301e+04
4.433333333333332860e+01,3.872704712920620659e+04
4.435416666666666430e+01,3.872704179809366178e+04
4.437500000000000000e+01,3.872703663096328091e+04
4.439583333333332860e+01,3.872703163283650792e+04
4.441666666666666430e+01,3.872702680863013666e+04
4.443750000000000000e+01,3.872702216315306578e+04
4.445833333333332860e+01,3.872701770110234793e+04
4.447916666666666430e+01,3.872701342705995194e+04
4.450000000000000000e+01,3.872700934548924852e+04
4.452083333333332860e+01,3.872700546073161968e+04
4.454166666666666430e+01,3.872700177700319182e+04
4.456250000000000000e+01,3.872699829839172889e+04
4.458333333333332860e+01,3.872699502885333641e+04
4.460416666666666430e+01,3.872699197220950737e+04
4.462500000000000000e+01,3.872698913214433560e+04
4.464583333333332860e+01,3.872698651220124884e+04
4.466666666666666430e+01,3.872698411578058585e+04
4.468750000000000000e+01,3.872698194613677333e+04
4.470833333333332860e+01,3.872698000637575751e+04
4.472916666666666430e+01,3.872697829945238482e+04
4.475000000000000000e+01,3.872697682816828456e+04
4.477083333333332860e+01,3.872697559516927868e+04
4.479166666666666430e+01,3.872697460294346820e+04
4.481250000000000000e+01,3.872697385381881759e+04
4.483333333333332860e+01,3.872697334996161226e+04
4.485416666666666430e+01,3.872697309337399929e+04
4.487500000000000000e+01,3.872697308589280146e+04
4.489583333333332860e+01,3.872697332918767643e+04
4.491666666666666430e+01,3.872697382475922495e+04
4.493750000000000000e+01,3.872697457393803779e+04
4.495833333333332860e+01,3.872697557788323320e+04
4.497916666666666430e+01,3.872697683758096537e+04
4.500000000000000000e+01,3.872697835384389327e+04
4.502083333333332860e+01,3.872698012730957998e+04
4.504166666666666430e+01,3.872698215844017977e+04
4.506250000000000000e+01,3.872698444752141222e+04
4.508333333333332860e+01,3.872698699466185644e+04
4.510416666666666430e+01,3.872698979979297292e+04
4.512500000000000000e+01,3.872699286266793206e+04
4.514583333333332860e+01,3.872699618286216719e+04
4.516666666666666430e+01,3.872699975977271970e+04
4.518750000000000000e+01,3.872700359261846461e+04
4.520833333333332860e+01,3.872700768044012511e+04
4.522916666666666430e+01,3.872701202210060001e+04
4.525000000000000000e+01,3.872701661628529109e+04
4.527083333333332860e+01,3.872702146150261251e+04
4.529166666666666430e+01,3.872702655608449277e+04
4.531250000000000000e+01,3.872703189818734973e+04
4.533333333333332860e+01,3.872703748579273815e+04
4.535416666666666430e+01,3.872704331670836837e+04
4.537500000000000000e+01,3.872704938856915396e+04
4.539583333333332860e+01,3.872705569883863791e+04
4.541666666666666430e+01,3.872706224481036043e+04
4.543750000000000000e+01,3.872706902360875392e+04
4.545833333333332860e+01,3.872707603219159500e+04
4.547916666666666430e+01,3.872708326735079754e+04
4.550000000000000000e+01,3.872709072571522120e+04
4.552083333333332860e+01,3.872709840375161730e+04
4.554166666666666430e+01,3.872710629776738642e+04
4.556250000000000000e+01,3.872711440391237556e+04
4.558333333333332860e+01,3.872712271818148292e+04
4.560416666666666430e+01,3.872713123641653510e+04
4.562500000000000000e+01,3.872713995430933574e+04
4.564583333333332860e+01,3.872714886740383372e+04
4.566666666666666430e+01,3.872715797109911364e+04
4.568750000000000000e+01,3.872716726065219700e+04
4.570833333333332860e+01,3.872717673118085804e+04
4.572916666666666430e+01,3.872718637766653410e+04
4.575000000000000000e+01,3.872719619495775987e+04
4.577083333333332860e+01,3.872720617777319421e+04
4.579166666666666430e+01,3.872721632070482883e+04
4.581250000000000000e+01,3.872722661822166992e+04
4.583333333333332860e+01,3.872723706467307784e+04
4.585416666666666430e+01,3.872724765429207037e+04
4.587500000000000000e+01,3.872725838119963737e+04
4.589583333333332860e+01,3.872726923940792767e+04
4.591666666666666430e+01,3.872728022282433813e+04
4.593750000000000000e+01,3.872729132525523892e+04
4.595833333333332860e+01,3.872730254041036096e+04
4.597916666666666430e+01,3.872731386190618650e+04
4.600000000000000000e+01,3.872732528327069303e+04
4.602083333333332860e+01,3.872733679794718046e+04
4.604166666666666430e+01,3.872734839929876034e+04
4.606250000000000000e+01,3.872736008061249595e+04
4.608333333333332860e+01,3.872737183510386240e+04
4.610416666666666430e+01,3.872738365592090122e+04
4.612500000000000000e+01,3.872739553614937904e+04
4.614583333333332860e+01,3.872740746881638916e+04
4.616666666666666430e+01,3.872741944689559750e+04
4.618750000000000000e+01,3.872743146331171010e+04
4.620833333333332860e+01,3.872744351094492595e+04
4.622916666666666430e+01,3.872745558263577550e+04
4.625000000000000000e+01,3.872746767118974094e+04
4.627083333333332860e+01,3.872747976938210923e+04
4.629166666666666430e+01,3.872749186996253411e+04
4.631250000000000000e+01,3.872750396566008567e+04
4.633333333333332860e+01,3.872751604918785597e+04
4.635416666666666430e+01,3.872752811324784125e+04
4.637500000000000000e+01,3.872754015053562762e+04
4.639583333333332860e+01,3.872755215374544787e+04
4.641666666666666430e+01,3.872756411557498359e+04
4.643750000000000000e+01,3.872757602873011638e+04
4.645833333333332860e+01,3.872758788592958444e+04
4.647916666666666430e+01,3.872759967991030135e+04
4.650000000000000000e+01,3.872761140343173611e+04
4.652083333333332860e+01,3.872762304928102822e+04
4.654166666666666430e+01,3.872763461027777521e+04
4.656250000000000000e+01,3.872764607927858015e+04
4.658333333333332860e+01,3.872765744918213750e+04
4.660416666666666430e+01,3.872766871293394797e+04
4.662500000000000000e+01,3.872767986353091692e+04
4.664583333333332860e+01,3.872769089402667305e+04
4.666666666666666430e+01,3.872770179753553384e+04
4.668750000000000000e+01,3.872771256723770784e+04
4.670833333333332860e+01,3.872772319638428598e+04
4.672916666666666430e+01,3.872773367830135248e+04
4.675000000000000000e+01,3.872774400639533269e+04
4.677083333333332860e+01,3.872775417415719130e+04
4.679166666666666430e+01,3.872776417516786023e+04
4.681250000000000000e+01,3.872777400310245139e+04
4.683333333333332860e+01,3.872778365173523343e+04
4.685416666666666430e+01,3.872779311494480498e+04
4.687500000000000000e+01,3.872780238671847474e+04
4.689583333333332860e+01,3.872781146115757292e+04
4.691666666666666430e+01,3.872782033248230437e+04
4.693750000000000000e+01,3.872782899503679073e+04
4.695833333333332860e+01,3.872783744329454930e+04
4.697916666666666430e+01,3.872784567186347704e+04
4.700000000000000000e+01,3.872785367549074726e+04
4.702083333333332860e+01,3.872786144906913978e+04
4.704166666666666430e+01,3.872786898764188663e+04
4.706250000000000000e+01,3.872787628640851472e+04
4.708333333333332860e+01,3.872788334073039732e+04
4.710416666666666430e+01,3.872789014613658946e+04
4.712500000000000000e+01,3.872789669832941581e+04
4.714583333333332860e+01,3.872790299319041515e+04
4.716666666666666430e+01,3.872790902678573184e+04
4.718750000000000000e+01,3.872791479537193663e+04
4.720833333333332860e+01,3.872792029540164367e+04
4.722916666666666430e+01,3.872792552352818893e+04
4.725000000000000000e+01,3.872793047661081800e+04
4.727083333333332860e+01,3.872793515171900071e+04
4.729166666666666430e+01,3.872793954613652022e+04
4.731250000000000000e+01,3.872794365736465261e+04
4.733333333333332860e+01,3.872794748312482989e+04
4.735416666666666430e+01,3.872795102136021887e+04
4.737500000000000000e+01,3.872795427023693628e+04
4.739583333333332860e+01,3.872795722814353940e+04
4.741666666666666430e+01,3.872795989369009476e+04
4.743750000000000000e+01,3.872796226570584258e+04
4.745833333333332860e+01,3.872796434323587164e+04
4.747916666666666430e+01,3.872796612553669547e+04
4.750000000000000000e+01,3.872796761207076634e+04
4.752083333333332860e+01,3.872796880250047980e+04
4.754166666666666430e+01,3.872796969668102247e+04
4.756250000000000000e+01,3.872797029465245578e+04
4.758333333333332860e+01,3.872797059663229447e+04
4.760416666666666430e+01,3.872797060300700105e+04
4.762500000000000000e+01,3.872797031432408403e+04
4.764583333333332860e+01,3.872796973128417449e+04
4.766666666666666430e+01,3.872796885473396833e+04
4.768750000000000000e+01,3.872796768565949606e+04
4.770833333333332860e+01,3.872796622518080403e+04
4.772916666666666430e+01,3.872796447454679583e+04
4.775000000000000000e+01,3.872796243513230002e+04
4.777083333333332860e+01,3.872796010843525437e+04
4.779166666666666430e+01,3.872795749607542530e+04
4.781250000000000000e+01,3.872795459979414591e+04
4.783333333333332860e+01,3.872795142145508726e+04
4.785416666666666430e+01,3.872794796304569172e+04
4.787500000000000000e+01,3.872794422667882463e+04
4.789583333333332860e+01,3.872794021459564101e+04
4.791666666666666430e+01,3.872793592916830676e+04
4.793750000000000000e+01,3.872793137290263985e+04
4.795833333333332860e+01,3.872792654844072240e+04
4.797916666666666430e+01,3.872792145856350544e+04
4.800000000000000000e+01,3.872791610619278072e+04
4.802083333333332860e+01,3.872791049439304334e+04
4.804166666666666430e+01,3.872790462637235760e+04
4.806250000000000000e+01,3.872789850548338291e+04
4.808333333333332860e+01,3.872789213522308273e+04
4.810416666666666430e+01,3.872788551923277555e+04
4.812500000000000000e+01,3.872787866129704344e+04
4.814583333333332860e+01,3.872787156534293172e+04
4.816666666666666430e+01,3.872786423543818819e+04
4.818750000000000000e+01,3.872785667578932043e+04
4.820833333333332860e+01,3.872784889074007515e+04
4.822916666666666430e+01,3.872784088476887700e+04
4.825000000000000000e+01,3.872783266248660948e+04
4.827083333333332860e+01,3.872782422863401007e+04
4.829166666666666430e+01,3.872781558807914553e+04
4.831250000000000000e+01,3.872780674581466155e+04
4.833333333333332860e+01,3.872779770695507614e+04
4.835416666666666430e+01,3.872778847673376731e+04
4.837500000000000000e+01,3.872777906049979356e+04
4.839583333333332860e+01,3.872776946371451777e+04
4.841666666666666430e+01,3.872775969194887148e+04
4.843750000000000000e+01,3.872774975087917119e+04
4.845833333333332860e+01,3.872773964628409885e+04
4.847916666666666430e+01,3.872772938404032902e+04
4.850000000000000000e+01,3.872771897011905094e+04
4.852083333333332860e+01,3.872770841058207589e+04
4.854166666666666430e+01,3.872769771157738433e+04
4.856250000000000000e+01,3.872768687933521142e+04
4.858333333333332860e+01,3.872767592016385606e+04
4.860416666666666430e+01,3.872766484044516983e+04
4.862500000000000000e+01,3.872765364663053333e+04
4.864583333333332860e+01,3.872764234523638879e+04
4.866666666666666430e+01,3.872763094284001272e+04
4.868750000000000000e+01,3.872761944607483747e+04
4.870833333333332860e+01,3.872760786162652221e+04
4.872916666666666430e+01,3.872759619622833270e+04
4.875000000000000000e+01,3.872758445665681211e+04
4.877083333333332860e+01,3.872757264972728444e+04
4.879166666666666430e+01,3.872756078228959814e+04
4.881250000000000000e+01,3.872754886122357857e+04
4.883333333333332860e+01,3.872753689343454607e+04
4.885416666666666430e+01,3.872752488584885577e+04
4.887500000000000000e+01,3.872751284540961205e+04
4.889583333333332860e+01,3.872750077907166269e+04
4.891666666666666430e+01,3.872748869379752432e+04
4.893750000000000000e+01,3.872747659655261668e+04
4.895833333333332860e+01,3.872746449430067150e+04
4.897916666666666430e+01,3.872745239399930870e+04
4.900000000000000000e+01,3.872744030259546707e+04
4.902083333333332860e+01,3.872742822702054400e+04
4.904166666666666430e+01,3.872741617418643000e+04
4.906250000000000000e+01,3.872740415098038648e+04
4.908333333333332860e+01,3.872739216426112398e+04
4.910416666666666430e+01,3.872738022085397097e+04
4.912500000000000000e+01,3.872736832754636271e+04
4.914583333333332860e+01,3.872735649108397774e+04
4.916666666666666430e+01,3.872734471816573205e+04
4.918750000000000000e+01,3.872733301543961716e+04
4.920833333333332860e+01,3.872732138949877117e+04
4.922916666666666430e+01,3.872730984687668388e+04
4.925000000000000000e+01,3.872729839404331869e+04
4.927083333333332860e+01,3.872728703740086348e+04
4.929166666666666430e+01,3.872727578327933588e+04
4.931250000000000000e+01,3.872726463793279254e+04
4.933333333333332860e+01,3.872725360753491259e+04
4.935416666666666430e+01,3.872724269817555614e+04
4.937500000000000000e+01,3.872723191585618042e+04
4.939583333333332860e+01,3.872722126648617996e+04
4.941666666666666430e+01,3.872721075587917585e+04
4.943750000000000000e+01,3.872720038974918134e+04
4.945833333333332860e+01,3.872719017370658548e+04
4.947916666666666430e+01,3.872718011325485713e+04
4.950000000000000000e+01,3.872717021378691425e+04
4.952083333333332860e+01,3.872716048058156593e+04
4.954166666666666430e+01,3.872715091879986721e+04
4.956250000000000000e+01,3.872714153348229593e+04
4.958333333333332860e+01,3.872713232954486011e+04
4.960416666666666430e+01,3.872712331177652959e+04
4.962500000000000000e+01,3.872711448483559070e+04
4.964583333333332860e+01,3.872710585324710701e+04
4.966666666666666430e+01,3.872709742139955051e+04
4.968750000000000000e+01,3.872708919354224781e+04
4.970833333333332860e+01,3.872708117378267343e+04
4.972916666666666430e+01,3.872707336608371406e+04
4.975000000000000000e+01,3.872706577426091826e+04
4.977083333333332860e+01,3.872705840198039368e+04
4.979166666666666430e+01,3.872705125275610044e+04
4.981250000000000000e+01,3.872704432994799572e+04
4.983333333333332860e+01,3.872703763675960363e+04
4.985416666666666430e+01,3.872703117623591243e+04
4.987500000000000000e+01,3.872702495126162830e+04
4.989583333333332860e+01,3.872701896455919632e+04
4.991666666666666430e+01,3.872701321868719970e+04
4.993750000000000000e+01,3.872700771603889007e+04
4.995833333333332860e+01,3.872700245884014294e+04
4.997916666666666430e+01,3.872699744914850453e+04
5.000000000000000000e+01,3.872699268885207857e+04
5.002083333333332860e+01,3.872698817966799106e+04
5.004166666666666430e+01,3.872698392314138619e+04
5.006250000000000000e+01,3.872697992064486607e+04
5.008333333333332860e+01,3.872697617337719566e+04
5.010416666666666430e+01,3.872697268236308446e+04
5.012500000000000000e+01,3.872696944845230610e+04
5.014583333333332860e+01,3.872696647231934185e+04
5.016666666666666430e+01,3.872696375446313323e+04
5.018750000000000000e+01,3.872696129520671093e+04
5.020833333333332860e+01,3.872695909469745675e+04
5.022916666666666430e+01,3.872695715290673252e+04
5.025000000000000000e+01,3.872695546963020752e+04
5.027083333333332860e+01,3.872695404448813497e+04
5.029166666666666430e+01,3.872695287692598504e+04
5.031250000000000000e+01,3.872695196621465584e+04
5.033333333333332860e+01,3.872695131145113555e+04
5.035416666666666430e+01,3.872695091155954287e+04
5.037500000000000000e+01,3.872695076529176731e+04
5.039583333333332860e+01,3.872695087122853147e+04
5.041666666666666430e+01,3.872695122778072255e+04
5.043750000000000000e+01,3.872695183319033094e+04
5.045833333333332860e+01,3.872695268553201458e+04
5.047916666666666430e+01,3.872695378271469235e+04
5.050000000000000000e+01,3.872695512248286104e+04
5.052083333333332860e+01,3.872695670241844346e+04
5.054166666666666430e+01,3.872695851994275290e+04
5.056250000000000000e+01,3.872696057231853774e+04
5.058333333333332860e+01,3.872696285665148025e+04
5.060416666666666430e+01,3.872696536989296874e+04
5.062500000000000000e+01,3.872696810884222941e+04
5.064583333333332860e+01,3.872697107014858921e+04
5.066666666666666430e+01,3.872697425031405146e+04
5.068750000000000000e+01,3.872697764569606079e+04
5.070833333333332860e+01,3.872698125250986777e+04
5.072916666666666430e+01,3.872698506683183223e+04
5.075000000000000000e+01,3.872698908460174425e+04
5.077083333333332860e+01,3.872699330162652768e+04
5.079166666666666430e+01,3.872699771358283033e+04
5.081250000000000000e+01,3.872700231602035637e+04
5.083333333333332860e+01,3.872700710436540976e+04
5.085416666666666430e+01,3.872701207392385550e+04
5.087500000000000000e+01,3.872701721988526697e+04
5.089583333333332860e+01,3.872702253732565441e+04
5.091666666666666430e+01,3.872702802121181594e+04
5.093750000000000000e+01,3.872703366640475724e+04
5.095833333333332860e+01,3.872703946766377339e+04
5.097916666666666430e+01,3.872704541964976670e+04
5.100000000000000000e+01,3.872705151692994696e+04
5.102083333333332860e+01,3.872705775398134574e+04
5.104166666666666430e+01,3.872706412519522564e+04
5.106250000000000000e+01,3.872707062488124939e+04
5.108333333333332860e+01,3.872707724727129971e+04
5.110416666666666430e+01,3.872708398652442702e+04
5.112500000000000000e+01,3.872709083673090208e+04
5.114583333333332860e+01,3.872709779191639245e+04
5.116666666666666430e+01,3.872710484604699741e+04
5.118750000000000000e+01,3.872711199303322064e+04
5.120833333333332860e+01,3.872711922673499794e+04
5.122916666666666430e+01,3.872712654096595361e+04
5.125000000000000000e+01,3.872713392949833360e+04
5.127083333333332860e+01,3.872714138606745109e+04
5.129166666666666430e+01,3.872714890437679423e+04
5.131250000000000000e+01,3.872715647810215887e+04
5.133333333333332860e+01,3.872716410089714191e+04
5.135416666666666430e+01,3.872717176639761601e+04
5.137500000000000000e+01,3.872717946822650265e+04
5.139583333333332860e+01,3.872718719999879977e+04
5.141666666666666430e+01,3.872719495532629662e+04
5.143750000000000000e+01,3.872720272782270331e+04
5.145833333333332860e+01,3.872721051110818371e+04
5.147916666666666430e+01,3.872721829881454323e+04
5.150000000000000000e+01,3.872722608459011099e+04
5.152083333333332860e+01,3.872723386210426543e+04
5.154166666666666430e+01,3.872724162505275308e+04
5.156250000000000000e+01,3.872724936716236698e+04
5.158333333333332860e+01,3.872725708219561056e+04
5.160416666666666430e+01,3.872726476395577629e+04
5.162500000000000000e+01,3.872727240629155131e+04
5.164583333333332860e+01,3.872728000310168864e+04
5.166666666666666430e+01,3.872728754833980202e+04
5.168750000000000000e+01,3.872729503601895703e+04
5.170833333333332860e+01,3.872730246021609491e+04
5.172916666666666430e+01,3.872730981507664546e+04
5.175000000000000000e+01,3.872731709481879807e+04
5.177083333333332860e+01,3.872732429373781633e+04
5.179166666666666430e+01,3.872733140621014172e+04
5.181250000000000000e+01,3.872733842669752630e+04
5.183333333333332860e+01,3.872734534975095448e+04
5.185416666666666430e+01,3.872735217001398996e+04
5.187500000000000000e+01,3.872735888222698850e+04
5.189583333333332860e+01,3.872736548122989188e+04
5.191666666666666430e+01,3.872737196196571313e+04
5.193750000000000000e+01,3.872737831948341045e+04
5.195833333333332860e+01,3.872738454894049937e+04
5.197916666666666430e+01,3.872739064560579573e+04
5.200000000000000000e+01,3.872739660486116918e+04
5.202083333333332860e+01,3.872740242220390064e+04
5.204166666666666430e+01,3.872740809324804286e+04
5.206250000000000000e+01,3.872741361372586834e+04
5.208333333333332860e+01,3.872741897948893165e+04
5.210416666666666430e+01,3.872742418650885520e+04
5.212500000000000000e+01,3.872742923087764211e+04
5.214583333333332860e+01,3.872743410880831652e+04
5.216666666666666430e+01,3.872743881663454522e+04
5.218750000000000000e+01,3.872744335081086319e+04
5.220833333333332860e+01,3.872744770791226620e+04
5.222916666666666430e+01,3.872745188463381055e+04
5.225000000000000000e+01,3.872745587779060588e+04
5.227083333333332860e+01,3.872745968431722576e+04
5.229166666666666430e+01,3.872746330126786779e+04
5.231250000000000000e+01,3.872746672581681923e+04
5.233333333333332860e+01,3.872746995525860257e+04
5.235416666666666430e+01,3.872747298700945976e+04
5.237500000000000000e+01,3.872747581860880018e+04
5.239583333333332860e+01,3.872747844772136887e+04
5.241666666666666430e+01,3.872748087214032421e+04
5.243750000000000000e+01,3.872748308979075955e+04
5.245833333333332860e+01,3.872748509873417061e+04
5.247916666666666430e+01,3.872748689717358502e+04
5.250000000000000000e+01,3.872748848345899023e+04
5.252083333333332860e+01,3.872748985609399097e+04
5.254166666666666430e+01,3.872749101374247402e+04
5.256250000000000000e+01,3.872749195523544040e+04
5.258333333333332860e+01,3.872749267957851407e+04
5.260416666666666430e+01,3.872749318595849763e+04
5.262500000000000000e+01,3.872749347375073557e+04
5.264583333333332860e+01,3.872749354252514604e+04
5.266666666666666430e+01,3.872749339205177239e+04
5.268750000000000000e+01,3.872749302230555622e+04
5.270833333333332860e+01,3.872749243346985168e+04
5.272916666666666430e+01,3.872749162593956862e+04
5.275000000000000000e+01,3.872749060032168200e+04
5.277083333333332860e+01,3.872748935743611219e+04
5.279166666666666430e+01,3.872748789831389149e+04
5.281250000000000000e+01,3.872748622419571620e+04
5.283333333333332860e+01,3.872748433652823587e+04
5.285416666666666430e+01,3.872748223695968045e+04
5.287500000000000000e+01,3.872747992733551655e+04
5.289583333333332860e+01,3.872747740969270671e+04
5.291666666666666430e+01,3.872747468625395413e+04
5.293750000000000000e+01,3.872747175942171452e+04
5.295833333333332860e+01,3.872746863177215710e+04
5.297916666666666430e+01,3.872746530604933650e+04
5.300000000000000000e+01,3.872746178515932843e+04
5.302083333333332860e+01,3.872745807216489629e+04
5.304166666666666430e+01,3.872745417028037627e+04
5.306250000000000000e+01,3.872745008286692610e+04
5.308333333333332860e+01,3.872744581342814490e+04
5.310416666666666430e+01,3.872744136560599145e+04
5.312500000000000000e+01,3.872743674317718978e+04
5.314583333333332860e+01,3.872743195004924200e+04
5.316666666666666430e+01,3.872742699025756156e+04
5.318750000000000000e+01,3.872742186796180613e+04
5.320833333333332860e+01,3.872741658744293818e+04
5.322916666666666430e+01,3.872741115309985616e+04
5.325000000000000000e+01,3.872740556944631680e+04
5.327083333333332860e+01,3.872739984110772639e+04
5.329166666666666430e+01,3.872739397281798301e+04
5.331250000000000000e+01,3.872738796941581677e+04
5.333333333333332860e+01,3.872738183584183571e+04
5.335416666666666430e+01,3.872737557713497517e+04
5.337500000000000000e+01,3.872736919842912175e+04
5.339583333333332860e+01,3.872736270494946075e+04
5.341666666666666430e+01,3.872735610200928204e+04
5.343750000000000000e+01,3.872734939500658220e+04
5.345833333333332860e+01,3.872734258942036104e+04
5.347916666666666430e+01,3.872733569080717280e+04
5.350000000000000000e+01,3.872732870479800476e+04
5.352083333333332860e+01,3.872732163709429733e+04
5.354166666666666430e+01,3.872731449346476438e+04
5.356250000000000000e+01,3.872730727974174079e+04
5.358333333333332860e+01,3.872730000181748619e+04
5.360416666666666430e+01,3.872729266564077261e+04
5.362500000000000000e+01,3.872728527721286810e+04
5.364583333333332860e+01,3.872727784258398606e+04
5.366666666666666430e+01,3.872727036784910888e+04
5.368750000000000000e+01,3.872726285914437904e+04
5.370833333333332860e+01,3.872725532264295180e+04
5.372916666666666430e+01,3.872724776455097162e+04
5.375000000000000000e+01,3.872724019110305380e+04
5.377083333333332860e+01,3.872723260855905392e+04
5.379166666666666430e+01,3.872722502319868363e+04
5.381250000000000000e+01,3.872721744131825835e+04
5.383333333333332860e+01,3.872720986922579323e+04
5.385416666666666430e+01,3.872720231323711050e+04
5.387500000000000000e+01,3.872719477967126295e+04
5.389583333333332860e+01,3.872718727484639385e+04
5.391666666666666430e+01,3.872717980507550965e+04
5.393750000000000000e+01,3.872717237666192523e+04
5.395833333333332860e+01,3.872716499589529121e+04
5.397916666666666430e+01,3.872715766904694465e+04
5.400000000000000000e+01,3.872715040236587811e+04
5.402083333333332860e+01,3.872714320207421406e+04
5.404166666666666430e+01,3.872713607436329039e+04
5.406250000000000000e+01,3.872712902538871276e+04
5.408333333333332860e+01,3.872712206126654200e+04
5.410416666666666430e+01,3.872711518806913955e+04
5.412500000000000000e+01,3.872710841182040895e+04
5.414583333333332860e+01,3.872710173849183047e+04
5.416666666666666430e+01,3.872709517399828474e+04
5.418750000000000000e+01,3.872708872419350519e+04
5.420833333333332860e+01,3.872708239486644015e+04
5.422916666666666430e+01,3.872707619173648709e+04
5.425000000000000000e+01,3.872707012044984003e+04
5.427083333333332860e+01,3.872706418657519680e+04
5.429166666666666430e+01,3.872705839559985179e+04
5.431250000000000000e+01,3.872705275292561419e+04
5.433333333333332860e+01,3.872704726386497350e+04
5.435416666666666430e+01,3.872704193363720697e+04
5.437500000000000000e+01,3.872703676736447960e+04
5.439583333333332860e+01,3.872703177006816986e+04
5.441666666666666430e+01,3.872702694666537718e+04
5.443750000000000000e+01,3.872702230196481833e+04
5.445833333333332860e+01,3.872701784066379332e+04
5.447916666666666430e+01,3.872701356734422006e+04
5.450000000000000000e+01,3.872700948646936740e+04
5.452083333333332860e+01,3.872700560238095204e+04
5.454166666666666430e+01,3.872700191929508583e+04
5.456250000000000000e+01,3.872699844129947451e+04
5.458333333333332860e+01,3.872699517235031817e+04
5.460416666666666430e+01,3.872699211626937904e+04
5.462500000000000000e+01,3.872698927674053994e+04
5.464583333333332860e+01,3.872698665730747598e+04
5.466666666666666430e+01,3.872698426137043862e+04
5.468750000000000000e+01,3.872698209218405100e+04
5.470833333333332860e+01,3.872698015285433212e+04
5.472916666666666430e+01,3.872697844633617933e+04
5.475000000000000000e+01,3.872697697543122922e+04
5.477083333333332860e+01,3.872697574278557295e+04
5.479166666666666430e+01,3.872697475088720967e+04
5.481250000000000000e+01,3.872697400206433667e+04
5.483333333333332860e+01,3.872697349848319573e+04
5.485416666666666430e+01,3.872697324214610126e+04
5.487500000000000000e+01,3.872697323489006521e+04
5.489583333333332860e+01,3.872697347838460701e+04
5.491666666666666430e+01,3.872697397413061117e+04
5.493750000000000000e+01,3.872697472345877759e+04
5.495833333333332860e+01,3.872697572752821725e+04
5.497916666666666430e+01,3.872697698732525168e+04
5.500000000000000000e+01,3.872697850366263447e+04
5.502083333333332860e+01,3.872698027717803780e+04
5.504166666666666430e+01,3.872698230833378329e+04
5.506250000000000000e+01,3.872698459741564147e+04
5.508333333333332860e+01,3.872698714453240973e+04
5.510416666666666430e+01,3.872698994961547578e+04
5.512500000000000000e+01,3.872699301241833018e+04
5.514583333333332860e+01,3.872699633251644991e+04
5.516666666666666430e+01,3.872699990930692729e+04
5.518750000000000000e+01,3.872700374200900842e+04
5.520833333333332860e+01,3.872700782966327824e+04
5.522916666666666430e+01,3.872701217113297753e+04
5.525000000000000000e+01,3.872701676510347897e+04
5.527083333333332860e+01,3.872702161008343683e+04
5.529166666666666430e+01,3.872702670440499787e+04
5.531250000000000000e+01,3.872703204622456542e+04
5.533333333333332860e+01,3.872703763352390524e+04
5.535416666666666430e+01,3.872704346411081497e+04
5.537500000000000000e+01,3.872704953562057926e+04
5.539583333333332860e+01,3.872705584551671200e+04
5.541666666666666430e+01,3.872706239109286253e+04
5.543750000000000000e+01,3.872706916947381978e+04
5.545833333333332860e+01,3.872707617761733854e+04
5.547916666666666430e+01,3.872708341231571831e+04
5.550000000000000000e+01,3.872709087019768049e+04
5.552083333333332860e+01,3.872709854773043480e+04
5.554166666666666430e+01,3.872710644122134545e+04
5.556250000000000000e+01,3.872711454682065232e+04
5.558333333333332860e+01,3.872712286052319541e+04
5.560416666666666430e+01,3.872713137817115785e+04
5.562500000000000000e+01,3.872714009545638692e+04
5.564583333333332860e+01,3.872714900792310073e+04
5.566666666666666430e+01,3.872715811097066035e+04
5.568750000000000000e+01,3.872716739985617460e+04
5.570833333333332860e+01,3.872717686969747592e+04
5.572916666666666430e+01,3.872718651547640911e+04
5.575000000000000000e+01,3.872719633204177808e+04
5.577083333333332860e+01,3.872720631411216164e+04
5.579166666666666430e+01,3.872721645627994440e+04
5.581250000000000000e+01,3.872722675301429990e+04
5.583333333333332860e+01,3.872723719866466126e+04
5.585416666666666430e+01,3.872724778746453376e+04
5.587500000000000000e+01,3.872725851353487815e+04
5.589583333333332860e+01,3.872726937088826526e+04
5.591666666666666430e+01,3.872728035343204829e+04
5.593750000000000000e+01,3.872729145497314312e+04
5.595833333333332860e+01,3.872730266922102601e+04
5.597916666666666430e+01,3.872731398979289952e+04
5.600000000000000000e+01,3.872732541021664656e+04
5.602083333333332860e+01,3.872733692393612000e+04
5.604166666666666430e+01,3.872734852431427862e+04
5.606250000000000000e+01,3.872736020463865862e+04
5.608333333333332860e+01,3.872737195812476421e+04
5.610416666666666430e+01,3.872738377792121901e+04
5.612500000000000000e+01,3.872739565711360046e+04
5.614583333333332860e+01,3.872740758872963488e+04
5.616666666666666430e+01,3.872741956574301003e+04
5.618750000000000000e+01,3.872743158107867930e+04
5.620833333333332860e+01,3.872744362761715456e+04
5.622916666666666430e+01,3.872745569819918455e+04
5.625000000000000000e+01,3.872746778563052794e+04
5.627083333333332860e+01,3.872747988268660265e+04
5.629166666666666430e+01,3.872749198211750627e+04
5.631250000000000000e+01,3.872750407665243256e+04
5.633333333333332860e+01,3.872751615900479374e+04
5.635416666666666430e+01,3.872752822187663696e+04
5.637500000000000000e+01,3.872754025796407223e+04
5.639583333333332860e+01,3.872755225996157242e+04
5.641666666666666430e+01,3.872756422056693555e+04
5.643750000000000000e+01,3.872757613248626149e+04
5.645833333333332860e+01,3.872758798843868135e+04
5.647916666666666430e+01,3.872759978116126149e+04
5.650000000000000000e+01,3.872761150341396569e+04
5.652083333333332860e+01,3.872762314798393345e+04
5.654166666666666430e+01,3.872763470769095147e+04
5.656250000000000000e+01,3.872764617539212486e+04
5.658333333333332860e+01,3.872765754398621357e+04
5.660416666666666430e+01,3.872766880641911848e+04
5.662500000000000000e+01,3.872767995568794868e+04
5.664583333333332860e+01,3.872769098484643473e+04
5.666666666666666430e+01,3.872770188700928702e+04
5.668750000000000000e+01,3.872771265535688872e+04
5.670833333333332860e+01,3.872772328314068000e+04
5.672916666666666430e+01,3.872773376368674508e+04
5.675000000000000000e+01,3.872774409040176397e+04
5.677083333333332860e+01,3.872775425677731982e+04
5.679166666666666430e+01,3.872776425639410445e+04
5.681250000000000000e+01,3.872777408292756445e+04
5.683333333333332860e+01,3.872778373015226680e+04
5.685416666666666430e+01,3.872779319194687560e+04
5.687500000000000000e+01,3.872780246229899058e+04
5.689583333333332860e+01,3.872781153531002929e+04
5.691666666666666430e+01,3.872782040520045848e+04
5.693750000000000000e+01,3.872782906631460355e+04
5.695833333333332860e+01,3.872783751312604727e+04
5.697916666666666430e+01,3.872784574024273752e+04
5.700000000000000000e+01,3.872785374241232057e+04
5.702083333333332860e+01,3.872786151452743070e+04
5.704166666666666430e+01,3.872786905163170013e+04
5.706250000000000000e+01,3.872787634892469941e+04
5.708333333333332860e+01,3.872788340176791826e+04
5.710416666666666430e+01,3.872789020569054264e+04
5.712500000000000000e+01,3.872789675639520283e+04
5.714583333333332860e+01,3.872790304976353218e+04
5.716666666666666430e+01,3.872790908186191518e+04
5.718750000000000000e+01,3.872791484894727910e+04
5.720833333333332860e+01,3.872792034747230355e+04
5.722916666666666430e+01,3.872792557409064466e+04
5.725000000000000000e+01,3.872793052566188271e+04
5.727083333333332860e+01,3.872793519925590954e+04
5.729166666666666430e+01,3.872793959215688665e+04
5.731250000000000000e+01,3.872794370186657761e+04
5.733333333333332860e+01,3.872794752610674186e+04
5.735416666666666430e+01,3.872795106282126653e+04
5.737500000000000000e+01,3.872795431017679221e+04
5.739583333333332860e+01,3.872795726656256011e+04
5.741666666666666430e+01,3.872795993058931344e+04
5.743750000000000000e+01,3.872796230108710006e+04
5.745833333333332860e+01,3.872796437710160535e+04
5.747916666666666430e+01,3.872796615789028147e+04
5.750000000000000000e+01,3.872796764291633008e+04
5.752083333333332860e+01,3.872796883184320905e+04
5.754166666666666430e+01,3.872796972452656337e+04
5.756250000000000000e+01,3.872797032100751676e+04
5.758333333333332860e+01,3.872797062150423153e+04
5.760416666666666430e+01,3.872797062640406511e+04
5.762500000000000000e+01,3.872797033625510812e+04
5.764583333333332860e+01,3.872796975175865373e+04
5.766666666666666430e+01,3.872796887376191444e+04
5.768750000000000000e+01,3.872796770325163379e+04
5.770833333333332860e+01,3.872796624134785816e+04
5.772916666666666430e+01,3.872796448930037877e+04
5.775000000000000000e+01,3.872796244848388596e+04
5.777083333333332860e+01,3.872796012039648485e+04
5.779166666666666430e+01,3.872795750665825472e+04
5.781250000000000000e+01,3.872795460901057231e+04
5.783333333333332860e+01,3.872795142931695591e+04
5.785416666666666430e+01,3.872794796956484061e+04
5.787500000000000000e+01,3.872794423186701897e+04
5.789583333333332860e+01,3.872794021846468968e+04
5.791666666666666430e+01,3.872793593172975670e+04
5.793750000000000000e+01,3.872793137416763784e+04
5.795833333333332860e+01,3.872792654842068441e+04
5.797916666666666430e+01,3.872792145726952003e+04
5.800000000000000000e+01,3.872791610363588552e+04
5.802083333333332860e+01,3.872791049058406497e+04
5.804166666666666430e+01,3.872790462132222456e+04
5.806250000000000000e+01,3.872789849920278357e+04
5.808333333333332860e+01,3.872789212772268365e+04
5.810416666666666430e+01,3.872788551052315597e+04
5.812500000000000000e+01,3.872787865138880443e+04
5.814583333333332860e+01,3.872787155424669618e+04
5.816666666666666430e+01,3.872786422316448443e+04
5.818750000000000000e+01,3.872785666234880773e+04
5.820833333333332860e+01,3.872784887614327454e+04
5.822916666666666430e+01,3.872784086902646959e+04
5.825000000000000000e+01,3.872783264560919633e+04
5.827083333333332860e+01,3.872782421063225775e+04
5.829166666666666430e+01,3.872781556896369148e+04
5.831250000000000000e+01,3.872780672559636150e+04
5.833333333333332860e+01,3.872779768564475671e+04
5.835416666666666430e+01,3.872778845434224058e+04
5.837500000000000000e+01,3.872777903703786433e+04
5.839583333333332860e+01,3.872776943919328187e+04
5.841666666666666430e+01,3.872775966637923557e+04
5.843750000000000000e+01,3.872774972427235480e+04
5.845833333333332860e+01,3.872773961865112506e+04
5.847916666666666430e+01,3.872772935539248283e+04
5.850000000000000000e+01,3.872771894046776288e+04
5.852083333333332860e+01,3.872770837993863825e+04
5.854166666666666430e+01,3.872769767995328584e+04
5.856250000000000000e+01,3.872768684674196993e+04
5.858333333333332860e+01,3.872767588661309856e+04
5.860416666666666430e+01,3.872766480594863970e+04
5.862500000000000000e+01,3.872765361119996669e+04
5.864583333333332860e+01,3.872764230888361635e+04
5.866666666666666430e+01,3.872763090557693795e+04
5.868750000000000000e+01,3.872761940791341476e+04
5.870833333333332860e+01,3.872760782257880783e+04
5.872916666666666430e+01,3.872759615630648477e+04
5.875000000000000000e+01,3.872758441587296693e+04
5.877083333333332860e+01,3.872757260809365107e+04
5.879166666666666430e+01,3.872756073981848022e+04
5.881250000000000000e+01,3.872754881792725791e+04
5.883333333333332860e+01,3.872753684932550823e+04
5.885416666666666430e+01,3.872752484093950625e+04
5.887500000000000000e+01,3.872751279971233453e+04
5.889583333333332860e+01,3.872750073259906640e+04
5.891666666666666430e+01,3.872748864656227670e+04
5.893750000000000000e+01,3.872747654856733425e+04
5.895833333333332860e+01,3.872746444557797804e+04
5.897916666666666430e+01,3.872745234455195896e+04
5.900000000000000000e+01,3.872744025243615033e+04
5.902083333333332860e+01,3.872742817616208777e+04
5.904166666666666430e+01,3.872741612264170544e+04
5.906250000000000000e+01,3.872740409876222839e+04
5.908333333333332860e+01,3.872739211138243991e+04
5.910416666666666430e+01,3.872738016732763936e+04
5.912500000000000000e+01,3.872736827338545118e+04
5.914583333333332860e+01,3.872735643630137929e+04
5.916666666666666430e+01,3.872734466277436877e+04
5.918750000000000000e+01,3.872733295945256395e+04
5.920833333333332860e+01,3.872732133292905201e+04
5.922916666666666430e+01,3.872730978973738820e+04
5.925000000000000000e+01,3.872729833634745592e+04
5.927083333333332860e+01,3.872728697916148667e+04
5.929166666666666430e+01,3.872727572450957086e+04
5.931250000000000000e+01,3.872726457864559052e+04
5.933333333333332860e+01,3.872725354774354491e+04
5.935416666666666430e+01,3.872724263789306860e+04
5.937500000000000000e+01,3.872723185509553878e+04
5.939583333333332860e+01,3.872722120526059734e+04
5.941666666666666430e+01,3.872721069420177810e+04
5.943750000000000000e+01,3.872720032763292693e+04
5.945833333333332860e+01,3.872719011116462207e+04
5.947916666666666430e+01,3.872718005030028144e+04
5.950000000000000000e+01,3.872717015043276479e+04
5.952083333333332860e+01,3.872716041684082302e+04
5.954166666666666430e+01,3.872715085468571488e+04
5.956250000000000000e+01,3.872714146900762717e+04
5.958333333333332860e+01,3.872713226472266251e+04
5.960416666666666430e+01,3.872712324661982711e+04
5.962500000000000000e+01,3.872711441935741459e+04
5.964583333333332860e+01,3.872710578746022657e+04
5.966666666666666430e+01,3.872709735531694605e+04
5.968750000000000000e+01,3.872708912717680505e+04
5.970833333333332860e+01,3.872708110714721988e+04
5.972916666666666430e+01,3.872707329919108452e+04
5.975000000000000000e+01,3.872706570712380926e+04
5.977083333333332860e+01,3.872705833461159636e+04
5.979166666666666430e+01,3.872705118516834773e+04
5.981250000000000000e+01,3.872704426215391868e+04
5.983333333333332860e+01,3.872703756877173873e+04
5.985416666666666430e+01,3.872703110806700715e+04
5.987500000000000000e+01,3.872702488292402995e+04
5.989583333333332860e+01,3.872701889606555051e+04
5.991666666666666430e+01,3.872701315004992648e+04
5.993750000000000000e+01,3.872700764727023488e+04
5.995833333333332860e+01,3.872700238995240943e+04
5.997916666666666430e+01,3.872699738015414914e+04
