0.000000000000000000e+00,-1.515940409683426333e+04
2.083333333333333218e-02,6.023338965996717161e+04
4.166666666666666435e-02,4.084899112717079697e+04
6.250000000000000000e-02,3.899433671628218872e+04
8.333333333333332871e-02,3.870930905657121184e+04
1.041666666666666574e-01,3.863144368690279953e+04
1.250000000000000000e-01,3.867339984544587787e+04
1.458333333333333148e-01,3.869496267478714435e+04
1.666666666666666574e-01,3.864621524175149534e+04
1.875000000000000000e-01,3.860823484293297224e+04
2.083333333333333148e-01,3.862929688743614679e+04
2.291666666666666574e-01,3.866243997026037687e+04
2.500000000000000000e-01,3.866507278868815774e+04
2.708333333333333148e-01,3.865974930606986891e+04
2.916666666666666297e-01,3.867728959732608928e+04
3.125000000000000000e-01,3.870560829938305687e+04
3.333333333333333148e-01,3.871951649276391254e+04
3.541666666666666297e-01,3.872104066137322661e+04
3.750000000000000000e-01,3.872641075210666168e+04
3.958333333333333148e-01,3.873639150375082681e+04
4.166666666666666297e-01,3.873985988607337640e+04
4.375000000000000000e-01,3.873454524419121299e+04
4.583333333333333148e-01,3.872821071276190196e+04
4.791666666666666297e-01,3.872466500401929807e+04
5.000000000000000000e-01,3.872035036328998103e+04
5.208333333333332593e-01,3.871311964135942253e+04
5.416666666666666297e-01,3.870602594796357153e+04
5.625000000000000000e-01,3.870195027862297138e+04
5.833333333333332593e-01,3.870000185240193241e+04
6.041666666666666297e-01,3.869848988090421335e+04
6.250000000000000000e-01,3.869789396912520897e+04
6.458333333333332593e-01,3.869938845381228748e+04
6.666666666666666297e-01,3.870259275678140693e+04
6.875000000000000000e-01,3.870622315615397383e+04
7.083333333333332593e-01,3.870979855345899705e+04
7.291666666666666297e-01,3.871356203782938246e+04
7.500000000000000000e-01,3.871736202600369870e+04
7.708333333333332593e-01,3.872055244607119675e+04
7.916666666666666297e-01,3.872276954341660894e+04
8.125000000000000000e-01,3.872415768929842307e+04
8.333333333333332593e-01,3.872488690941993991e+04
8.541666666666666297e-01,3.872490634254063480e+04
8.750000000000000000e-01,3.872421114497689268e+04
8.958333333333332593e-01,3.872303335871725722e+04
9.166666666666666297e-01,3.872166615101199568e+04
9.375000000000000000e-01,3.872027343091315561e+04
9.583333333333332593e-01,3.871894794977093261e+04
9.791666666666666297e-01,3.871782779443961772e+04
1.000000000000000000e+00,3.871706004722195939e+04
1.020833333333333259e+00,3.871670400750329281e+04
1.041666666666666519e+00,3.871673433392662992e+04
1.062500000000000000e+00,3.871710947903063061e+04
1.083333333333333259e+00,3.871778921735126642e+04
1.104166666666666519e+00,3.871870272247521643e+04
1.125000000000000000e+00,3.871974489232691849e+04
1.145833333333333259e+00,3.872081217870544788e+04
1.166666666666666519e+00,3.872182558369802427e+04
1.187500000000000000e+00,3.872272259182530252e+04
1.208333333333333259e+00,3.872344948869210202e+04
1.229166666666666519e+00,3.872397155863080843e+04
1.250000000000000000e+00,3.872428275513254630e+04
1.270833333333333259e+00,3.872439987388272857e+04
1.291666666666666519e+00,3.872435155968348408e+04
1.312500000000000000e+00,3.872417484306493134e+04
1.333333333333333259e+00,3.872391522000495024e+04
1.354166666666666519e+00,3.872362172410648054e+04
1.375000000000000000e+00,3.872333891616391338e+04
1.395833333333333259e+00,3.872310257318116055e+04
1.416666666666666519e+00,3.872293944421780907e+04
1.437500000000000000e+00,3.872286681366569974e+04
1.458333333333333259e+00,3.872289096696847992e+04
1.479166666666666519e+00,3.872300722888771270e+04
1.500000000000000000e+00,3.872320245731081377e+04
1.520833333333333259e+00,3.872345801880258659e+04
1.541666666666666519e+00,3.872375191425812955e+04
1.562500000000000000e+00,3.872406076017302985e+04
1.583333333333333259e+00,3.872436227707551006e+04
1.604166666666666519e+00,3.872463759417829715e+04
1.625000000000000000e+00,3.872487255341897253e+04
1.645833333333333259e+00,3.872505817705646768e+04
1.666666666666666519e+00,3.872519081706341240e+04
1.687500000000000000e+00,3.872527198800699261e+04
1.708333333333333259e+00,3.872530762637991575e+04
1.729166666666666519e+00,3.872530688021340029e+04
1.750000000000000000e+00,3.872528080756204872e+04
1.770833333333333259e+00,3.872524117887107423e+04
1.791666666666666519e+00,3.872519935158075532e+04
1.812500000000000000e+00,3.872516524604347069e+04
1.833333333333333259e+00,3.872514658070702717e+04
1.854166666666666519e+00,3.872514846260813647e+04
1.875000000000000000e+00,3.872517328439168341e+04
1.895833333333333259e+00,3.872522085124963633e+04
1.916666666666666519e+00,3.872528871644231549e+04
1.937500000000000000e+00,3.872537270319786330e+04
1.958333333333333259e+00,3.872546753369337239e+04
1.979166666666666519e+00,3.872556746768468292e+04
2.000000000000000000e+00,3.872566689063301601e+04
2.020833333333333037e+00,3.872576082061154011e+04
2.041666666666666519e+00,3.872584530029530288e+04
2.062500000000000000e+00,3.872591764114344551e+04
2.083333333333333037e+00,3.872597651210721233e+04
2.104166666666666519e+00,3.872602189153015206e+04
2.125000000000000000e+00,3.872605490817104874e+04
2.145833333333333037e+00,3.872607759624061873e+04
2.166666666666666519e+00,3.872609259474323335e+04
2.187500000000000000e+00,3.872610282823201851e+04
2.208333333333333037e+00,3.872611120361659414e+04
2.229166666666666519e+00,3.872612034807795135e+04
2.250000000000000000e+00,3.872613240510257310e+04
2.270833333333333037e+00,3.872614890040821774e+04
2.291666666666666519e+00,3.872617068267507420e+04
2.312500000000000000e+00,3.872619793506782298e+04
2.333333333333333037e+00,3.872623024648692081e+04
2.354166666666666519e+00,3.872626672812238394e+04
2.375000000000000000e+00,3.872630615934790694e+04
2.395833333333333037e+00,3.872634714594321849e+04
2.416666666666666519e+00,3.872638827404466429e+04
2.437500000000000000e+00,3.872642824587858922e+04
2.458333333333333037e+00,3.872646598725042713e+04
2.479166666666666519e+00,3.872650072064477718e+04
2.500000000000000000e+00,3.872653200145510345e+04
2.520833333333333037e+00,3.872655971854874952e+04
2.541666666666666519e+00,3.872658406372144964e+04
2.562500000000000000e+00,3.872660547696124559e+04
2.583333333333333037e+00,3.872662457567116508e+04
2.604166666666666519e+00,3.872664207637687650e+04
2.625000000000000000e+00,3.872665871712452645e+04
2.645833333333333037e+00,3.872667518772259791e+04
2.666666666666666519e+00,3.872669207330080098e+04
2.687500000000000000e+00,3.872670981468214450e+04
2.708333333333333037e+00,3.872672868707930320e+04
2.729166666666666519e+00,3.872674879677240824e+04
2.750000000000000000e+00,3.872677009379791707e+04
2.770833333333333037e+00,3.872679239742312348e+04
2.791666666666666519e+00,3.872681543040713586e+04
2.812500000000000000e+00,3.872683885776378156e+04
2.833333333333333037e+00,3.872686232587443374e+04
2.854166666666666519e+00,3.872688549828486430e+04
2.875000000000000000e+00,3.872690808529122296e+04
2.895833333333333037e+00,3.872692986537021352e+04
2.916666666666666519e+00,3.872695069751660048e+04
2.937500000000000000e+00,3.872697052450741467e+04
2.958333333333333037e+00,3.872698936794725887e+04
2.979166666666666519e+00,3.872700731660176825e+04
3.000000000000000000e+00,3.872702450995890104e+04
3.020833333333333037e+00,3.872704111915033718e+04
3.041666666666666519e+00,3.872705732733718469e+04
3.062500000000000000e+00,3.872707331144398631e+04
3.083333333333333037e+00,3.872708922676299699e+04
3.104166666666666519e+00,3.872710519549038872e+04
3.125000000000000000e+00,3.872712129975589778e+04
3.145833333333333037e+00,3.872713757922033255e+04
3.166666666666666519e+00,3.872715403288307425e+04
3.187500000000000000e+00,3.872717062439794245e+04
3.208333333333333037e+00,3.872718728996014397e+04
3.229166666666666519e+00,3.872720394770851271e+04
3.250000000000000000e+00,3.872722050758069963e+04
3.270833333333333037e+00,3.872723688065315946e+04
3.291666666666666519e+00,3.872725298716847465e+04
3.312500000000000000e+00,3.872726876267483021e+04
3.333333333333333037e+00,3.872728416195137106e+04
3.354166666666666519e+00,3.872729916063867859e+04
3.375000000000000000e+00,3.872731375471630599e+04
3.395833333333333037e+00,3.872732795815152349e+04
3.416666666666666519e+00,3.872734179917008441e+04
3.437500000000000000e+00,3.872735531567034923e+04
3.458333333333333037e+00,3.872736855031587766e+04
3.479166666666666519e+00,3.872738154580201808e+04
3.500000000000000000e+00,3.872739434071383585e+04
3.520833333333333037e+00,3.872740696628477599e+04
3.541666666666666519e+00,3.872741944424207759e+04
3.562500000000000000e+00,3.872743178580179665e+04
3.583333333333333037e+00,3.872744399176074512e+04
3.604166666666666519e+00,3.872745605353900464e+04
3.625000000000000000e+00,3.872746795495612605e+04
3.645833333333333037e+00,3.872747967448450072e+04
3.666666666666666519e+00,3.872749118771143549e+04
3.687500000000000000e+00,3.872750246975656046e+04
3.708333333333333037e+00,3.872751349742669845e+04
3.729166666666666519e+00,3.872752425094337377e+04
3.750000000000000000e+00,3.872753471513762634e+04
3.770833333333333037e+00,3.872754488006968313e+04
3.791666666666666519e+00,3.872755474109044735e+04
3.812500000000000000e+00,3.872756429840929923e+04
3.833333333333333037e+00,3.872757355627262586e+04
3.854166666666666519e+00,3.872758252187854669e+04
3.875000000000000000e+00,3.872759120416211226e+04
3.895833333333333037e+00,3.872759961258072872e+04
3.916666666666666519e+00,3.872760775601247587e+04
3.937500000000000000e+00,3.872761564185546740e+04
3.958333333333333037e+00,3.872762327538691170e+04
3.979166666666666519e+00,3.872763065940833621e+04
4.000000000000000000e+00,3.872763779417399928e+04
4.020833333333333037e+00,3.872764467757381499e+04
4.041666666666666075e+00,3.872765130552204209e+04
4.062500000000000000e+00,3.872765767248954216e+04
4.083333333333333037e+00,3.872766377211306099e+04
4.104166666666666075e+00,3.872766959781506011e+04
4.125000000000000000e+00,3.872767514337638568e+04
4.145833333333333037e+00,3.872768040341377491e+04
4.166666666666666075e+00,3.872768537373187428e+04
4.187500000000000000e+00,3.872769005153165926e+04
4.208333333333333037e+00,3.872769443547528499e+04
4.229166666666666075e+00,3.872769852561935841e+04
4.250000000000000000e+00,3.872770232323971868e+04
4.270833333333333037e+00,3.872770583057768090e+04
4.291666666666666075e+00,3.872770905054140894e+04
4.312500000000000000e+00,3.872771198639558861e+04
4.333333333333333037e+00,3.872771464147033112e+04
4.354166666666666075e+00,3.872771701891306293e+04
4.375000000000000000e+00,3.872771912150182470e+04
4.395833333333333037e+00,3.872772095152899419e+04
4.416666666666666075e+00,3.872772251075760869e+04
4.437500000000000000e+00,3.872772380044518650e+04
4.458333333333333037e+00,3.872772482142445369e+04
4.479166666666666075e+00,3.872772557422571845e+04
4.500000000000000000e+00,3.872772605922524963e+04
4.520833333333333037e+00,3.872772627680177538e+04
4.541666666666666075e+00,3.872772622748620051e+04
4.562500000000000000e+00,3.872772591209075472e+04
4.583333333333333037e+00,3.872772533180885512e+04
4.604166666666666075e+00,3.872772448827969492e+04
4.625000000000000000e+00,3.872772338361624861e+04
4.645833333333333037e+00,3.872772202039784315e+04
4.666666666666666075e+00,3.872772040163369820e+04
4.687500000000000000e+00,3.872771853070294310e+04
4.708333333333333037e+00,3.872771641128063493e+04
4.729166666666666075e+00,3.872771404725748289e+04
4.750000000000000000e+00,3.872771144266213378e+04
4.770833333333333037e+00,3.872770860159207223e+04
4.791666666666666075e+00,3.872770552815854171e+04
4.812500000000000000e+00,3.872770222644891328e+04
4.833333333333333037e+00,3.872769870050737518e+04
4.854166666666666075e+00,3.872769495433338307e+04
4.875000000000000000e+00,3.872769099189533881e+04
4.895833333333333037e+00,3.872768681715626008e+04
4.916666666666666075e+00,3.872768243410774448e+04
4.937500000000000000e+00,3.872767784680713521e+04
4.958333333333333037e+00,3.872767305941415543e+04
4.979166666666666075e+00,3.872766807622354099e+04
5.000000000000000000e+00,3.872766290169086278e+04
5.020833333333333037e+00,3.872765754044945788e+04
5.041666666666666075e+00,3.872765199731808389e+04
5.062500000000000000e+00,3.872764627729959466e+04
5.083333333333333037e+00,3.872764038557112508e+04
5.104166666666666075e+00,3.872763432746778562e+04
5.125000000000000000e+00,3.872762810846212233e+04
5.145833333333333037e+00,3.872762173414112476e+04
5.166666666666666075e+00,3.872761521018277563e+04
5.187500000000000000e+00,3.872760854233490682e+04
5.208333333333333037e+00,3.872760173639667482e+04
5.229166666666666075e+00,3.872759479820413253e+04
5.250000000000000000e+00,3.872758773362095963e+04
5.270833333333333037e+00,3.872758054853339127e+04
5.291666666666666075e+00,3.872757324884906848e+04
5.312500000000000000e+00,3.872756584049982484e+04
5.333333333333333037e+00,3.872755832944629947e+04
5.354166666666666075e+00,3.872755072168415791e+04
5.375000000000000000e+00,3.872754302325028402e+04
5.395833333333333037e+00,3.872753524022827332e+04
5.416666666666666075e+00,3.872752737875230378e+04
5.437500000000000000e+00,3.872751944500896207e+04
5.458333333333333037e+00,3.872751144523664698e+04
5.479166666666666075e+00,3.872750338572257897e+04
5.500000000000000000e+00,3.872749527279759059e+04
5.520833333333333037e+00,3.872748711282914883e+04
5.541666666666666075e+00,3.872747891221287136e+04
5.562500000000000000e+00,3.872747067736345343e+04
5.583333333333333037e+00,3.872746241470536916e+04
5.604166666666666075e+00,3.872745413066387118e+04
5.625000000000000000e+00,3.872744583165617223e+04
5.645833333333333037e+00,3.872743752408472210e+04
5.666666666666666075e+00,3.872742921433057199e+04
5.687500000000000000e+00,3.872742090874865971e+04
5.708333333333333037e+00,3.872741261366371327e+04
5.729166666666666075e+00,3.872740433536750061e+04
5.750000000000000000e+00,3.872739608011670498e+04
5.770833333333333037e+00,3.872738785413112782e+04
5.791666666666666075e+00,3.872737966359180427e+04
5.812500000000000000e+00,3.872737151463990449e+04
5.833333333333333037e+00,3.872736341337431077e+04
5.854166666666666075e+00,3.872735536584924557e+04
5.875000000000000000e+00,3.872734737807118654e+04
5.895833333333333037e+00,3.872733945599539584e+04
5.916666666666666075e+00,3.872733160552164918e+04
5.937500000000000000e+00,3.872732383248965198e+04
5.958333333333333037e+00,3.872731614267393888e+04
5.979166666666666075e+00,3.872730854177891160e+04
6.000000000000000000e+00,3.872730103543338919e+04
6.020833333333333037e+00,3.872729362918576953e+04
6.041666666666666075e+00,3.872728632849873247e+04
6.062500000000000000e+00,3.872727913874490332e+04
6.083333333333333037e+00,3.872727206520235632e+04
6.104166666666666075e+00,3.872726511305092572e+04
6.125000000000000000e+00,3.872725828736846597e+04
6.145833333333333037e+00,3.872725159312770120e+04
6.166666666666666075e+00,3.872724503519316931e+04
6.187500000000000000e+00,3.872723861831863906e+04
6.208333333333333037e+00,3.872723234714444698e+04
6.229166666666666075e+00,3.872722622619481263e+04
6.250000000000000000e+00,3.872722025987526285e+04
6.270833333333333037e+00,3.872721445247028169e+04
6.291666666666666075e+00,3.872720880814042903e+04
6.312500000000000000e+00,3.872720333091977227e+04
6.333333333333333037e+00,3.872719802471277944e+04
6.354166666666666075e+00,3.872719289329183084e+04
6.375000000000000000e+00,3.872718794029419223e+04
6.395833333333333037e+00,3.872718316921898804e+04
6.416666666666666075e+00,3.872717858342476393e+04
6.437500000000000000e+00,3.872717418612639449e+04
6.458333333333333037e+00,3.872716998039293685e+04
6.479166666666666075e+00,3.872716596914476395e+04
6.500000000000000000e+00,3.872716215515168005e+04
6.520833333333333037e+00,3.872715854103065794e+04
6.541666666666666075e+00,3.872715512924420909e+04
6.562500000000000000e+00,3.872715192209831730e+04
6.583333333333333037e+00,3.872714892174114357e+04
6.604166666666666075e+00,3.872714613016178191e+04
6.625000000000000000e+00,3.872714354918873141e+04
6.645833333333333037e+00,3.872714118048889941e+04
6.666666666666666075e+00,3.872713902556647372e+04
6.687500000000000000e+00,3.872713708576213685e+04
6.708333333333333037e+00,3.872713536225209100e+04
6.729166666666666075e+00,3.872713385604717769e+04
6.750000000000000000e+00,3.872713256799227383e+04
6.770833333333333037e+00,3.872713149876560055e+04
6.791666666666666075e+00,3.872713064887814835e+04
6.812500000000000000e+00,3.872713001867332787e+04
6.833333333333333037e+00,3.872712960832640238e+04
6.854166666666666075e+00,3.872712941784439317e+04
6.875000000000000000e+00,3.872712944706589769e+04
6.895833333333333037e+00,3.872712969566127867e+04
6.916666666666666075e+00,3.872713016313258413e+04
6.937500000000000000e+00,3.872713084881396935e+04
6.958333333333333037e+00,3.872713175187207526e+04
6.979166666666666075e+00,3.872713287130669050e+04
7.000000000000000000e+00,3.872713420595151547e+04
7.020833333333333037e+00,3.872713575447468611e+04
7.041666666666666075e+00,3.872713751538006909e+04
7.062500000000000000e+00,3.872713948700834590e+04
7.083333333333333037e+00,3.872714166753802419e+04
7.104166666666666075e+00,3.872714405498679844e+04
7.125000000000000000e+00,3.872714664721315785e+04
7.145833333333333037e+00,3.872714944191759423e+04
7.166666666666666075e+00,3.872715243664458103e+04
7.187500000000000000e+00,3.872715562878411583e+04
7.208333333333333037e+00,3.872715901557354664e+04
7.229166666666666075e+00,3.872716259409944905e+04
7.250000000000000000e+00,3.872716636130003462e+04
7.270833333333333037e+00,3.872717031396682432e+04
7.291666666666666075e+00,3.872717444874731154e+04
7.312500000000000000e+00,3.872717876214710122e+04
7.333333333333333037e+00,3.872718325053244916e+04
7.354166666666666075e+00,3.872718791013297596e+04
7.375000000000000000e+00,3.872719273704419174e+04
7.395833333333333037e+00,3.872719772723046481e+04
7.416666666666666075e+00,3.872720287652772822e+04
7.437500000000000000e+00,3.872720818064677587e+04
7.458333333333333037e+00,3.872721363517607824e+04
7.479166666666666075e+00,3.872721923558517301e+04
7.500000000000000000e+00,3.872722497722786648e+04
7.520833333333333037e+00,3.872723085534561687e+04
7.541666666666666075e+00,3.872723686507105595e+04
7.562500000000000000e+00,3.872724300143138680e+04
7.583333333333333037e+00,3.872724925935216015e+04
7.604166666666666075e+00,3.872725563366077404e+04
7.625000000000000000e+00,3.872726211909054109e+04
7.645833333333333037e+00,3.872726871028411551e+04
7.666666666666666075e+00,3.872727540179781499e+04
7.687500000000000000e+00,3.872728218810520048e+04
7.708333333333333037e+00,3.872728906360144174e+04
7.729166666666666075e+00,3.872729602260728279e+04
7.750000000000000000e+00,3.872730305937310186e+04
7.770833333333333037e+00,3.872731016808333516e+04
7.791666666666666075e+00,3.872731734286061692e+04
7.812500000000000000e+00,3.872732457777014497e+04
7.833333333333333037e+00,3.872733186682411906e+04
7.854166666666666075e+00,3.872733920398603368e+04
7.875000000000000000e+00,3.872734658317536378e+04
7.895833333333333037e+00,3.872735399827183574e+04
7.916666666666666075e+00,3.872736144312020042e+04
7.937500000000000000e+00,3.872736891153462784e+04
7.958333333333333037e+00,3.872737639730350202e+04
7.979166666666666075e+00,3.872738389419399755e+04
8.000000000000000000e+00,3.872739139595674351e+04
8.020833333333332149e+00,3.872739889633052371e+04
8.041666666666666075e+00,3.872740638904708612e+04
8.062500000000000000e+00,3.872741386783581402e+04
8.083333333333332149e+00,3.872742132642843353e+04
8.104166666666666075e+00,3.872742875856404135e+04
8.125000000000000000e+00,3.872743615799365216e+04
8.145833333333332149e+00,3.872744351848513179e+04
8.166666666666666075e+00,3.872745083382800658e+04
8.187500000000000000e+00,3.872745809783832374e+04
8.208333333333332149e+00,3.872746530436351895e+04
8.229166666666666075e+00,3.872747244728732039e+04
8.250000000000000000e+00,3.872747952053439803e+04
8.270833333333332149e+00,3.872748651807563874e+04
8.291666666666666075e+00,3.872749343393278104e+04
8.312500000000000000e+00,3.872750026218336279e+04
8.333333333333332149e+00,3.872750699696571246e+04
8.354166666666666075e+00,3.872751363248390408e+04
8.375000000000000000e+00,3.872752016301270487e+04
8.395833333333332149e+00,3.872752658290253021e+04
8.416666666666666075e+00,3.872753288658437668e+04
8.437500000000000000e+00,3.872753906857509719e+04
8.458333333333332149e+00,3.872754512348218122e+04
8.479166666666666075e+00,3.872755104600885534e+04
8.500000000000000000e+00,3.872755683095933637e+04
8.520833333333332149e+00,3.872756247324389551e+04
8.541666666666666075e+00,3.872756796788368229e+04
8.562500000000000000e+00,3.872757331001644343e+04
8.583333333333332149e+00,3.872757849490122317e+04
8.604166666666666075e+00,3.872758351792355825e+04
8.625000000000000000e+00,3.872758837460081122e+04
8.645833333333332149e+00,3.872759306058705988e+04
8.666666666666666075e+00,3.872759757167812495e+04
8.687500000000000000e+00,3.872760190381651046e+04
8.708333333333332149e+00,3.872760605309614039e+04
8.729166666666666075e+00,3.872761001576678973e+04
8.750000000000000000e+00,3.872761378823835548e+04
8.770833333333332149e+00,3.872761736708469834e+04
8.791666666666666075e+00,3.872762074904714973e+04
8.812500000000000000e+00,3.872762393103729119e+04
8.833333333333332149e+00,3.872762691013918084e+04
8.854166666666666075e+00,3.872762968361042294e+04
8.875000000000000000e+00,3.872763224888334662e+04
8.895833333333332149e+00,3.872763460356369615e+04
8.916666666666666075e+00,3.872763674542935769e+04
8.937500000000000000e+00,3.872763867242699052e+04
8.958333333333332149e+00,3.872764038266803254e+04
8.979166666666666075e+00,3.872764187442278489e+04
9.000000000000000000e+00,3.872764314611360169e+04
9.020833333333332149e+00,3.872764419630602788e+04
9.041666666666666075e+00,3.872764502369995171e+04
9.062500000000000000e+00,3.872764562711887993e+04
9.083333333333332149e+00,3.872764600549948955e+04
9.104166666666666075e+00,3.872764615787999355e+04
9.125000000000000000e+00,3.872764608338990365e+04
9.145833333333332149e+00,3.872764578124016407e+04
9.166666666666666075e+00,3.872764525071468961e+04
9.187500000000000000e+00,3.872764449116400647e+04
9.208333333333332149e+00,3.872764350200146146e+04
9.229166666666666075e+00,3.872764228270255262e+04
9.250000000000000000e+00,3.872764083280718478e+04
9.270833333333332149e+00,3.872763915192595596e+04
9.291666666666666075e+00,3.872763723974937602e+04
9.312500000000000000e+00,3.872763509606077423e+04
9.333333333333332149e+00,3.872763272075170244e+04
9.354166666666666075e+00,3.872763011383957200e+04
9.375000000000000000e+00,3.872762727548682597e+04
9.395833333333332149e+00,3.872762420602040220e+04
9.416666666666666075e+00,3.872762090595088375e+04
9.437500000000000000e+00,3.872761737599026674e+04
9.458333333333332149e+00,3.872761361706722528e+04
9.479166666666666075e+00,3.872760963034007727e+04
9.500000000000000000e+00,3.872760541720547917e+04
9.520833333333332149e+00,3.872760097930373013e+04
9.541666666666666075e+00,3.872759631852050370e+04
9.562500000000000000e+00,3.872759143698421394e+04
9.583333333333332149e+00,3.872758633706060937e+04
9.604166666666666075e+00,3.872758102134413639e+04
9.625000000000000000e+00,3.872757549264753470e+04
9.645833333333332149e+00,3.872756975398989016e+04
9.666666666666666075e+00,3.872756380858362536e+04
9.687500000000000000e+00,3.872755765982198500e+04
9.708333333333332149e+00,3.872755131126707420e+04
9.729166666666666075e+00,3.872754476663850073e+04
9.750000000000000000e+00,3.872753802980405453e+04
9.770833333333332149e+00,3.872753110477144219e+04
9.791666666666666075e+00,3.872752399568203691e+04
9.812500000000000000e+00,3.872751670680599636e+04
9.833333333333332149e+00,3.872750924253860285e+04
9.854166666666666075e+00,3.872750160739771673e+04
9.875000000000000000e+00,3.872749380602208112e+04
9.895833333333332149e+00,3.872748584316956112e+04
9.916666666666666075e+00,3.872747772371637257e+04
9.937500000000000000e+00,3.872746945265474642e+04
9.958333333333332149e+00,3.872746103509137174e+04
9.979166666666666075e+00,3.872745247624497279e+04
1.000000000000000000e+01,3.872744378144282382e+04
1.002083333333333215e+01,3.872743495611741673e+04
1.004166666666666607e+01,3.872742600580204453e+04
1.006250000000000000e+01,3.872741693612629751e+04
1.008333333333333215e+01,3.872740775281129754e+04
1.010416666666666607e+01,3.872739846166440839e+04
1.012500000000000000e+01,3.872738906857463735e+04
1.014583333333333215e+01,3.872737957950755663e+04
1.016666666666666607e+01,3.872737000050093047e+04
1.018750000000000000e+01,3.872736033766024775e+04
1.020833333333333215e+01,3.872735059715493117e+04
1.022916666666666607e+01,3.872734078521447373e+04
1.025000000000000000e+01,3.872733090812517912e+04
1.027083333333333215e+01,3.872732097222693847e+04
1.029166666666666607e+01,3.872731098390987609e+04
1.031250000000000000e+01,3.872730094961157010e+04
1.033333333333333215e+01,3.872729087581374188e+04
1.035416666666666607e+01,3.872728076903901092e+04
1.037500000000000000e+01,3.872727063584736607e+04
1.039583333333333215e+01,3.872726048283254204e+04
1.041666666666666607e+01,3.872725031661825051e+04
1.043750000000000000e+01,3.872724014385375631e+04
1.045833333333333215e+01,3.872722997120985383e+04
1.047916666666666607e+01,3.872721980537422496e+04
1.050000000000000000e+01,3.872720965304676793e+04
1.052083333333333215e+01,3.872719952093501342e+04
1.054166666666666607e+01,3.872718941574938071e+04
1.056250000000000000e+01,3.872717934419859375e+04
1.058333333333333215e+01,3.872716931298485724e+04
1.060416666666666607e+01,3.872715932879937463e+04
1.062500000000000000e+01,3.872714939831798256e+04
1.064583333333333215e+01,3.872713952819656697e+04
1.066666666666666607e+01,3.872712972506705410e+04
1.068750000000000000e+01,3.872711999553296482e+04
1.070833333333333215e+01,3.872711034616541292e+04
1.072916666666666607e+01,3.872710078349890682e+04
1.075000000000000000e+01,3.872709131402731145e+04
1.077083333333333215e+01,3.872708194419969368e+04
1.079166666666666607e+01,3.872707268041624775e+04
1.081250000000000000e+01,3.872706352902411163e+04
1.083333333333333215e+01,3.872705449631324154e+04
1.085416666666666607e+01,3.872704558851211914e+04
1.087500000000000000e+01,3.872703681178363331e+04
1.089583333333333215e+01,3.872702817222062731e+04
1.091666666666666607e+01,3.872701967584201338e+04
1.093750000000000000e+01,3.872701132858819619e+04
1.095833333333333215e+01,3.872700313631723839e+04
1.097916666666666607e+01,3.872699510480043682e+04
1.100000000000000000e+01,3.872698723971840809e+04
1.102083333333333215e+01,3.872697954665716679e+04
1.104166666666666607e+01,3.872697203110412374e+04
1.106250000000000000e+01,3.872696469844436069e+04
1.108333333333333215e+01,3.872695755395675224e+04
1.110416666666666607e+01,3.872695060281056794e+04
1.112500000000000000e+01,3.872694385006170342e+04
1.114583333333333215e+01,3.872693730064923875e+04
1.116666666666666607e+01,3.872693095939220802e+04
1.118750000000000000e+01,3.872692483098596131e+04
1.120833333333333215e+01,3.872691891999914515e+04
1.122916666666666607e+01,3.872691323087044293e+04
1.125000000000000000e+01,3.872690776790528616e+04
1.127083333333333215e+01,3.872690253527289315e+04
1.129166666666666607e+01,3.872689753700325673e+04
1.131250000000000000e+01,3.872689277698435035e+04
1.133333333333333215e+01,3.872688825895888294e+04
1.135416666666666607e+01,3.872688398652196338e+04
1.137500000000000000e+01,3.872687996311810275e+04
1.139583333333333215e+01,3.872687619203873328e+04
1.141666666666666607e+01,3.872687267641996004e+04
1.143750000000000000e+01,3.872686941923980339e+04
1.145833333333333215e+01,3.872686642331610346e+04
1.147916666666666607e+01,3.872686369130448293e+04
1.150000000000000000e+01,3.872686122569612053e+04
1.152083333333333215e+01,3.872685902881599759e+04
1.154166666666666607e+01,3.872685710282087530e+04
1.156250000000000000e+01,3.872685544969778857e+04
1.158333333333333215e+01,3.872685407126237988e+04
1.160416666666666607e+01,3.872685296915741492e+04
1.162500000000000000e+01,3.872685214485143661e+04
1.164583333333333215e+01,3.872685159963746264e+04
1.166666666666666607e+01,3.872685133463197417e+04
1.168750000000000000e+01,3.872685135077373707e+04
1.170833333333333215e+01,3.872685164882289246e+04
1.172916666666666607e+01,3.872685222936033097e+04
1.175000000000000000e+01,3.872685309278678324e+04
1.177083333333333215e+01,3.872685423932232516e+04
1.179166666666666607e+01,3.872685566900607228e+04
1.181250000000000000e+01,3.872685738169564866e+04
1.183333333333333215e+01,3.872685937706707773e+04
1.185416666666666607e+01,3.872686165461470227e+04
1.187500000000000000e+01,3.872686421365127899e+04
1.189583333333333215e+01,3.872686705330805853e+04
1.191666666666666607e+01,3.872687017253511294e+04
1.193750000000000000e+01,3.872687357010179403e+04
1.195833333333333215e+01,3.872687724459719902e+04
1.197916666666666607e+01,3.872688119443105825e+04
1.200000000000000000e+01,3.872688541783417168e+04
1.202083333333333215e+01,3.872688991285973316e+04
1.204166666666666607e+01,3.872689467738399981e+04
1.206250000000000000e+01,3.872689970910767443e+04
1.208333333333333215e+01,3.872690500555724429e+04
1.210416666666666607e+01,3.872691056408613076e+04
1.212500000000000000e+01,3.872691638187637000e+04
1.214583333333333215e+01,3.872692245594029373e+04
1.216666666666666607e+01,3.872692878312216635e+04
1.218750000000000000e+01,3.872693536010007665e+04
1.220833333333333215e+01,3.872694218338802602e+04
1.222916666666666607e+01,3.872694924933790026e+04
1.225000000000000000e+01,3.872695655414176872e+04
1.227083333333333215e+01,3.872696409383406717e+04
1.229166666666666607e+01,3.872697186429431167e+04
1.231250000000000000e+01,3.872697986124944873e+04
1.233333333333333215e+01,3.872698808027647465e+04
1.235416666666666607e+01,3.872699651680524403e+04
1.237500000000000000e+01,3.872700516612151114e+04
1.239583333333333215e+01,3.872701402336965111e+04
1.241666666666666607e+01,3.872702308355588320e+04
1.243750000000000000e+01,3.872703234155140672e+04
1.245833333333333215e+01,3.872704179209556605e+04
1.247916666666666607e+01,3.872705142979941593e+04
1.250000000000000000e+01,3.872706124914905376e+04
1.252083333333333215e+01,3.872707124450909032e+04
1.254166666666666607e+01,3.872708141012646956e+04
1.256250000000000000e+01,3.872709174013402662e+04
1.258333333333333215e+01,3.872710222855424945e+04
1.260416666666666607e+01,3.872711286930341885e+04
1.262500000000000000e+01,3.872712365619528282e+04
1.264583333333333215e+01,3.872713458294512384e+04
1.266666666666666607e+01,3.872714564317400800e+04
1.268750000000000000e+01,3.872715683041282318e+04
1.270833333333333215e+01,3.872716813810659369e+04
1.272916666666666607e+01,3.872717955961869302e+04
1.275000000000000000e+01,3.872719108823518036e+04
1.277083333333333215e+01,3.872720271716940624e+04
1.279166666666666607e+01,3.872721443956623989e+04
1.281250000000000000e+01,3.872722624850678403e+04
1.283333333333333215e+01,3.872723813701270410e+04
1.285416666666666607e+01,3.872725009805108857e+04
1.287500000000000000e+01,3.872726212453896005e+04
1.289583333333333215e+01,3.872727420934793918e+04
1.291666666666666607e+01,3.872728634530893032e+04
1.293750000000000000e+01,3.872729852521703287e+04
1.295833333333333215e+01,3.872731074183612509e+04
1.297916666666666607e+01,3.872732298790375353e+04
1.300000000000000000e+01,3.872733525613581878e+04
1.302083333333333215e+01,3.872734753923155222e+04
1.304166666666666607e+01,3.872735982987817260e+04
1.306250000000000000e+01,3.872737212075585558e+04
1.308333333333333215e+01,3.872738440454245574e+04
1.310416666666666607e+01,3.872739667391841795e+04
1.312500000000000000e+01,3.872740892157155031e+04
1.314583333333333215e+01,3.872742114020174631e+04
1.316666666666666607e+01,3.872743332252598339e+04
1.318750000000000000e+01,3.872744546128287038e+04
1.320833333333333215e+01,3.872745754923747154e+04
1.322916666666666607e+01,3.872746957918616681e+04
1.325000000000000000e+01,3.872748154396103200e+04
1.327083333333333215e+01,3.872749343643477187e+04
1.329166666666666607e+01,3.872750524952510750e+04
1.331250000000000000e+01,3.872751697619949118e+04
1.333333333333333215e+01,3.872752860947955924e+04
1.335416666666666607e+01,3.872754014244546852e+04
1.337500000000000000e+01,3.872755156824042933e+04
1.339583333333333215e+01,3.872756288007510739e+04
1.341666666666666607e+01,3.872757407123174926e+04
1.343750000000000000e+01,3.872758513506850431e+04
1.345833333333333215e+01,3.872759606502340466e+04
1.347916666666666607e+01,3.872760685461875983e+04
1.350000000000000000e+01,3.872761749746499117e+04
1.352083333333333215e+01,3.872762798726464098e+04
1.354166666666666607e+01,3.872763831781627232e+04
1.356250000000000000e+01,3.872764848301840539e+04
1.358333333333333215e+01,3.872765847687335918e+04
1.360416666666666607e+01,3.872766829349088221e+04
1.362500000000000000e+01,3.872767792709209607e+04
1.364583333333333215e+01,3.872768737201328622e+04
1.366666666666666607e+01,3.872769662270943809e+04
1.368750000000000000e+01,3.872770567375818064e+04
1.370833333333333215e+01,3.872771451986358443e+04
1.372916666666666607e+01,3.872772315585999604e+04
1.375000000000000000e+01,3.872773157671600347e+04
1.377083333333333215e+01,3.872773977753828513e+04
1.379166666666666607e+01,3.872774775357611361e+04
1.381250000000000000e+01,3.872775550022532843e+04
1.383333333333333215e+01,3.872776301303289802e+04
1.385416666666666607e+01,3.872777028770145989e+04
1.387500000000000000e+01,3.872777732009414467e+04
1.389583333333333215e+01,3.872778410623942909e+04
1.391666666666666607e+01,3.872779064233638928e+04
1.393750000000000000e+01,3.872779692475998309e+04
1.395833333333333215e+01,3.872780295006617234e+04
1.397916666666666607e+01,3.872780871499771456e+04
1.400000000000000000e+01,3.872781421648956893e+04
1.402083333333333215e+01,3.872781945167441154e+04
1.404166666666666607e+01,3.872782441788789583e+04
1.406250000000000000e+01,3.872782911267405143e+04
1.408333333333333215e+01,3.872783353378968604e+04
1.410416666666666607e+01,3.872783767920920218e+04
1.412500000000000000e+01,3.872784154712816962e+04
1.414583333333333215e+01,3.872784513596651232e+04
1.416666666666666607e+01,3.872784844437075662e+04
1.418750000000000000e+01,3.872785147121548653e+04
1.420833333333333215e+01,3.872785421560368559e+04
1.422916666666666607e+01,3.872785667686594388e+04
1.425000000000000000e+01,3.872785885455881362e+04
1.427083333333333215e+01,3.872786074846168776e+04
1.429166666666666607e+01,3.872786235857290012e+04
1.431250000000000000e+01,3.872786368510453758e+04
1.433333333333333215e+01,3.872786472847643745e+04
1.435416666666666607e+01,3.872786548930976278e+04
1.437500000000000000e+01,3.872786596841933351e+04
1.439583333333333215e+01,3.872786616680605948e+04
1.441666666666666607e+01,3.872786608564910421e+04
1.443750000000000000e+01,3.872786572629801231e+04
1.445833333333333215e+01,3.872786509026493150e+04
1.447916666666666607e+01,3.872786417921751126e+04
1.450000000000000000e+01,3.872786299497235450e+04
1.452083333333333215e+01,3.872786153948916763e+04
1.454166666666666607e+01,3.872785981486552191e+04
1.456250000000000000e+01,3.872785782333253155e+04
1.458333333333333215e+01,3.872785556725187053e+04
1.460416666666666607e+01,3.872785304911304411e+04
1.462500000000000000e+01,3.872785027153156261e+04
1.464583333333333215e+01,3.872784723724774813e+04
1.466666666666666607e+01,3.872784394912665448e+04
1.468750000000000000e+01,3.872784041015734692e+04
1.470833333333333215e+01,3.872783662345353514e+04
1.472916666666666607e+01,3.872783259225340589e+04
1.475000000000000000e+01,3.872782831992032879e+04
1.477083333333333215e+01,3.872782380994275445e+04
1.479166666666666607e+01,3.872781906593462918e+04
1.481250000000000000e+01,3.872781409163490025e+04
1.483333333333333215e+01,3.872780889090718847e+04
1.485416666666666607e+01,3.872780346773900965e+04
1.487500000000000000e+01,3.872779782624087966e+04
1.489583333333333215e+01,3.872779197064491018e+04
1.491666666666666607e+01,3.872778590530320798e+04
1.493750000000000000e+01,3.872777963468599773e+04
1.495833333333333215e+01,3.872777316337977391e+04
1.497916666666666607e+01,3.872776649608511798e+04
1.500000000000000000e+01,3.872775963761431194e+04
1.502083333333333215e+01,3.872775259288878442e+04
1.504166666666666607e+01,3.872774536693698610e+04
1.506250000000000000e+01,3.872773796489131928e+04
1.508333333333333215e+01,3.872773039198564220e+04
1.510416666666666607e+01,3.872772265355240961e+04
1.512500000000000000e+01,3.872771475501976965e+04
1.514583333333333215e+01,3.872770670190858800e+04
1.516666666666666607e+01,3.872769849982901360e+04
1.518750000000000000e+01,3.872769015447755373e+04
1.520833333333333215e+01,3.872768167163365433e+04
1.522916666666666607e+01,3.872767305715580005e+04
1.525000000000000000e+01,3.872766431697821827e+04
1.527083333333333215e+01,3.872765545710681909e+04
1.529166666666666607e+01,3.872764648361560103e+04
1.531250000000000000e+01,3.872763740264239459e+04
1.533333333333333215e+01,3.872762822038484592e+04
1.535416666666666607e+01,3.872761894309624768e+04
1.537500000000000000e+01,3.872760957708130445e+04
1.539583333333333215e+01,3.872760012869209459e+04
1.541666666666666607e+01,3.872759060432341357e+04
1.543750000000000000e+01,3.872758101040865586e+04
1.545833333333333215e+01,3.872757135341550020e+04
1.547916666666666607e+01,3.872756163984150044e+04
1.550000000000000000e+01,3.872755187620987272e+04
1.552083333333333215e+01,3.872754206906498439e+04
1.554166666666666607e+01,3.872753222496791568e+04
1.556250000000000000e+01,3.872752235049242881e+04
1.558333333333333215e+01,3.872751245222023863e+04
1.560416666666666607e+01,3.872750253673690895e+04
1.562500000000000000e+01,3.872749261062715959e+04
1.564583333333333215e+01,3.872748268047060992e+04
1.566666666666666607e+01,3.872747275283751515e+04
1.568750000000000000e+01,3.872746283428407332e+04
1.570833333333333215e+01,3.872745293134805979e+04
1.572916666666666607e+01,3.872744305054439610e+04
1.575000000000000000e+01,3.872743319836099545e+04
1.577083333333333215e+01,3.872742338125401875e+04
1.579166666666666607e+01,3.872741360564356728e+04
1.581250000000000000e+01,3.872740387790928071e+04
1.583333333333333215e+01,3.872739420438630623e+04
1.585416666666666607e+01,3.872738459136069287e+04
1.587500000000000000e+01,3.872737504506508412e+04
1.589583333333333215e+01,3.872736557167470164e+04
1.591666666666666607e+01,3.872735617730305967e+04
1.593750000000000000e+01,3.872734686799803603e+04
1.595833333333333215e+01,3.872733764973739744e+04
1.597916666666666607e+01,3.872732852842492866e+04
1.600000000000000000e+01,3.872731950988673634e+04
1.602083333333333215e+01,3.872731059986681066e+04
1.604166666666666430e+01,3.872730180402356200e+04
1.606250000000000000e+01,3.872729312792578276e+04
1.608333333333333215e+01,3.872728457704885659e+04
1.610416666666666430e+01,3.872727615677119320e+04
1.612500000000000000e+01,3.872726787237040116e+04
1.614583333333333215e+01,3.872725972901985369e+04
1.616666666666666430e+01,3.872725173178510158e+04
1.618750000000000000e+01,3.872724388562035892e+04
1.620833333333333215e+01,3.872723619536522165e+04
1.622916666666666430e+01,3.872722866574142245e+04
1.625000000000000000e+01,3.872722130134947656e+04
1.627083333333333215e+01,3.872721410666551674e+04
1.629166666666666430e+01,3.872720708603841194e+04
1.631250000000000000e+01,3.872720024368676241e+04
1.633333333333333215e+01,3.872719358369591646e+04
1.635416666666666430e+01,3.872718711001519841e+04
1.637500000000000000e+01,3.872718082645539835e+04
1.639583333333333215e+01,3.872717473668597813e+04
1.641666666666666430e+01,3.872716884423267038e+04
1.643750000000000000e+01,3.872716315247506282e+04
1.645833333333333215e+01,3.872715766464424814e+04
1.647916666666666430e+01,3.872715238382073585e+04
1.650000000000000000e+01,3.872714731293223304e+04
1.652083333333333215e+01,3.872714245475169446e+04
1.654166666666666430e+01,3.872713781189545989e+04
1.656250000000000000e+01,3.872713338682147150e+04
1.658333333333333215e+01,3.872712918182750582e+04
1.660416666666666430e+01,3.872712519904974761e+04
1.662500000000000000e+01,3.872712144046113099e+04
1.664583333333333215e+01,3.872711790787035716e+04
1.666666666666666430e+01,3.872711460292020638e+04
1.668750000000000000e+01,3.872711152708684676e+04
1.670833333333333215e+01,3.872710868167842273e+04
1.672916666666666430e+01,3.872710606783456751e+04
1.675000000000000000e+01,3.872710368652545731e+04
1.677083333333333215e+01,3.872710153855109820e+04
1.679166666666666430e+01,3.872709962454088964e+04
1.681250000000000000e+01,3.872709794495326059e+04
1.683333333333333215e+01,3.872709650007525488e+04
1.685416666666666430e+01,3.872709529002250201e+04
1.687500000000000000e+01,3.872709431473904260e+04
1.689583333333333215e+01,3.872709357399756118e+04
1.691666666666666430e+01,3.872709306739929889e+04
1.693750000000000000e+01,3.872709279437474470e+04
1.695833333333333215e+01,3.872709275418367179e+04
1.697916666666666430e+01,3.872709294591617072e+04
1.700000000000000000e+01,3.872709336849271494e+04
1.702083333333333215e+01,3.872709402066557959e+04
1.704166666666666430e+01,3.872709490101925621e+04
1.706250000000000000e+01,3.872709600797182065e+04
1.708333333333333215e+01,3.872709733977581345e+04
1.710416666666666430e+01,3.872709889451984782e+04
1.712500000000000000e+01,3.872710067012967920e+04
1.714583333333333215e+01,3.872710266436988604e+04
1.716666666666666430e+01,3.872710487484528858e+04
1.718750000000000000e+01,3.872710729900310980e+04
1.720833333333333215e+01,3.872710993413429242e+04
1.722916666666666430e+01,3.872711277737587079e+04
1.725000000000000000e+01,3.872711582571284816e+04
1.727083333333333215e+01,3.872711907598035759e+04
1.729166666666666430e+01,3.872712252486618672e+04
1.731250000000000000e+01,3.872712616891282960e+04
1.733333333333333215e+01,3.872713000452028791e+04
1.735416666666666430e+01,3.872713402794854483e+04
1.737500000000000000e+01,3.872713823532024981e+04
1.739583333333333215e+01,3.872714262262376724e+04
1.741666666666666430e+01,3.872714718571565027e+04
1.743750000000000000e+01,3.872715192032411142e+04
1.745833333333333215e+01,3.872715682205183839e+04
1.747916666666666430e+01,3.872716188637931191e+04
1.750000000000000000e+01,3.872716710866809444e+04
1.752083333333333215e+01,3.872717248416410439e+04
1.754166666666666430e+01,3.872717800800126133e+04
1.756250000000000000e+01,3.872718367520493484e+04
1.758333333333333215e+01,3.872718948069552425e+04
1.760416666666666430e+01,3.872719541929228581e+04
1.762500000000000000e+01,3.872720148571710160e+04
1.764583333333333215e+01,3.872720767459829949e+04
1.766666666666666430e+01,3.872721398047464027e+04
1.768750000000000000e+01,3.872722039779929037e+04
1.770833333333333215e+01,3.872722692094404192e+04
1.772916666666666430e+01,3.872723354420327087e+04
1.775000000000000000e+01,3.872724026179819339e+04
1.777083333333333215e+01,3.872724706788126787e+04
1.779166666666666430e+01,3.872725395654036402e+04
1.781250000000000000e+01,3.872726092180330306e+04
1.783333333333333215e+01,3.872726795764212147e+04
1.785416666666666430e+01,3.872727505797771300e+04
1.787500000000000000e+01,3.872728221668426704e+04
1.789583333333333215e+01,3.872728942759385973e+04
1.791666666666666430e+01,3.872729668450116151e+04
1.793750000000000000e+01,3.872730398116797005e+04
1.795833333333333215e+01,3.872731131132804876e+04
1.797916666666666430e+01,3.872731866869176156e+04
1.800000000000000000e+01,3.872732604695077316e+04
1.802083333333333215e+01,3.872733343978303310e+04
1.804166666666666430e+01,3.872734084085743234e+04
1.806250000000000000e+01,3.872734824383878004e+04
1.808333333333333215e+01,3.872735564239255473e+04
1.810416666666666430e+01,3.872736303018971375e+04
1.812500000000000000e+01,3.872737040091191739e+04
1.814583333333333215e+01,3.872737774825605447e+04
1.816666666666666430e+01,3.872738506593941565e+04
1.818750000000000000e+01,3.872739234770451731e+04
1.820833333333333215e+01,3.872739958732410014e+04
1.822916666666666430e+01,3.872740677860593860e+04
1.825000000000000000e+01,3.872741391539799224e+04
1.827083333333333215e+01,3.872742099159306235e+04
1.829166666666666430e+01,3.872742800113395788e+04
1.831250000000000000e+01,3.872743493801823206e+04
1.833333333333333215e+01,3.872744179630315921e+04
1.835416666666666430e+01,3.872744857011054410e+04
1.837500000000000000e+01,3.872745525363163324e+04
1.839583333333333215e+01,3.872746184113179334e+04
1.841666666666666430e+01,3.872746832695540797e+04
1.843750000000000000e+01,3.872747470553047606e+04
1.845833333333333215e+01,3.872748097137327568e+04
1.847916666666666430e+01,3.872748711909302801e+04
1.850000000000000000e+01,3.872749314339635021e+04
1.852083333333333215e+01,3.872749903909152636e+04
1.854166666666666430e+01,3.872750480109296041e+04
1.856250000000000000e+01,3.872751042442540347e+04
1.858333333333333215e+01,3.872751590422775917e+04
1.860416666666666430e+01,3.872752123575708538e+04
1.862500000000000000e+01,3.872752641439232684e+04
1.864583333333333215e+01,3.872753143563764752e+04
1.866666666666666430e+01,3.872753629512587213e+04
1.868750000000000000e+01,3.872754098862131650e+04
1.870833333333333215e+01,3.872754551202274888e+04
1.872916666666666430e+01,3.872754986136564548e+04
1.875000000000000000e+01,3.872755403282430052e+04
1.877083333333333215e+01,3.872755802271378343e+04
1.879166666666666430e+01,3.872756182749140135e+04
1.881250000000000000e+01,3.872756544375752856e+04
1.883333333333333215e+01,3.872756886825645051e+04
1.885416666666666430e+01,3.872757209787680767e+04
1.887500000000000000e+01,3.872757512965148635e+04
1.889583333333333215e+01,3.872757796075703664e+04
1.891666666666666430e+01,3.872758058851324313e+04
1.893750000000000000e+01,3.872758301038196805e+04
1.895833333333333215e+01,3.872758522396592889e+04
1.897916666666666430e+01,3.872758722700739600e+04
1.900000000000000000e+01,3.872758901738638087e+04
1.902083333333333215e+01,3.872759059311937017e+04
1.904166666666666430e+01,3.872759195235768129e+04
1.906250000000000000e+01,3.872759309338600724e+04
1.908333333333333215e+01,3.872759401462140522e+04
1.910416666666666430e+01,3.872759471461252542e+04
1.912500000000000000e+01,3.872759519203892705e+04
1.914583333333333215e+01,3.872759544571157312e+04
1.916666666666666430e+01,3.872759547457314329e+04
1.918750000000000000e+01,3.872759527769926353e+04
1.920833333333333215e+01,3.872759485430049244e+04
1.922916666666666430e+01,3.872759420372457680e+04
1.925000000000000000e+01,3.872759332545944926e+04
1.927083333333333215e+01,3.872759221913659712e+04
1.929166666666666430e+01,3.872759088453506411e+04
1.931250000000000000e+01,3.872758932158559037e+04
1.933333333333333215e+01,3.872758753037503629e+04
1.935416666666666430e+01,3.872758551115066803e+04
1.937500000000000000e+01,3.872758326432459580e+04
1.939583333333333215e+01,3.872758079047812498e+04
1.941666666666666430e+01,3.872757809036525578e+04
1.943750000000000000e+01,3.872757516491596471e+04
1.945833333333333215e+01,3.872757201523918047e+04
1.947916666666666430e+01,3.872756864262479939e+04
1.950000000000000000e+01,3.872756504854501691e+04
1.952083333333333215e+01,3.872756123465492419e+04
1.954166666666666430e+01,3.872755720279276284e+04
1.956250000000000000e+01,3.872755295497883344e+04
1.958333333333333215e+01,3.872754849341428780e+04
1.960416666666666430e+01,3.872754382047906984e+04
1.962500000000000000e+01,3.872753893872964545e+04
1.964583333333333215e+01,3.872753385089580115e+04
1.966666666666666430e+01,3.872752855987759540e+04
1.968750000000000000e+01,3.872752306874191709e+04
1.970833333333333215e+01,3.872751738071872387e+04
1.972916666666666430e+01,3.872751149919741147e+04
1.975000000000000000e+01,3.872750542772289191e+04
1.977083333333333215e+01,3.872749916999179550e+04
1.979166666666666430e+01,3.872749272984886193e+04
1.981250000000000000e+01,3.872748611128294579e+04
1.983333333333333215e+01,3.872747931842334947e+04
1.985416666666666430e+01,3.872747235553641076e+04
1.987500000000000000e+01,3.872746522702140646e+04
1.989583333333333215e+01,3.872745793740711815e+04
1.991666666666666430e+01,3.872745049134855071e+04
1.993750000000000000e+01,3.872744289362255950e+04
1.995833333333333215e+01,3.872743514912485989e+04
1.997916666666666430e+01,3.872742726286585821e+04
2.000000000000000000e+01,3.872741923996715923e+04
2.002083333333333215e+01,3.872741108565760806e+04
2.004166666666666430e+01,3.872740280526965216e+04
2.006250000000000000e+01,3.872739440423514316e+04
2.008333333333333215e+01,3.872738588808184431e+04
2.010416666666666430e+01,3.872737726242913050e+04
2.012500000000000000e+01,3.872736853298429924e+04
2.014583333333333215e+01,3.872735970553840889e+04
2.016666666666666430e+01,3.872735078596248059e+04
2.018750000000000000e+01,3.872734178020336549e+04
2.020833333333333215e+01,3.872733269427990308e+04
2.022916666666666430e+01,3.872732353427883936e+04
2.025000000000000000e+01,3.872731430635084689e+04
2.027083333333333215e+01,3.872730501670647936e+04
2.029166666666666430e+01,3.872729567161222803e+04
2.031250000000000000e+01,3.872728627738632349e+04
2.033333333333333215e+01,3.872727684039482847e+04
2.035416666666666430e+01,3.872726736704734503e+04
2.037500000000000000e+01,3.872725786379296187e+04
2.039583333333333215e+01,3.872724833711601968e+04
2.041666666666666430e+01,3.872723879353183293e+04
2.043750000000000000e+01,3.872722923958268075e+04
2.045833333333333215e+01,3.872721968183307035e+04
2.047916666666666430e+01,3.872721012686582253e+04
2.050000000000000000e+01,3.872720058127744414e+04
2.052083333333333215e+01,3.872719105167390080e+04
2.054166666666666430e+01,3.872718154466625128e+04
2.056250000000000000e+01,3.872717206686614372e+04
2.058333333333333215e+01,3.872716262488147913e+04
2.060416666666666430e+01,3.872715322531195125e+04
2.062500000000000000e+01,3.872714387474471732e+04
2.064583333333333215e+01,3.872713457975006895e+04
2.066666666666666430e+01,3.872712534687685547e+04
2.068750000000000000e+01,3.872711618264821300e+04
2.070833333333333215e+01,3.872710709355725703e+04
2.072916666666666430e+01,3.872709808606260049e+04
2.075000000000000000e+01,3.872708916658414819e+04
2.077083333333333215e+01,3.872708034149867308e+04
2.079166666666666430e+01,3.872707161713558162e+04
2.081250000000000000e+01,3.872706299977247545e+04
2.083333333333333215e+01,3.872705449563115690e+04
2.085416666666666430e+01,3.872704611087316880e+04
2.087500000000000000e+01,3.872703785159561085e+04
2.089583333333333215e+01,3.872702972382707230e+04
2.091666666666666430e+01,3.872702173352325917e+04
2.093750000000000000e+01,3.872701388656331255e+04
2.095833333333333215e+01,3.872700618874513748e+04
2.097916666666666430e+01,3.872699864578193228e+04
2.100000000000000000e+01,3.872699126329793216e+04
2.102083333333333215e+01,3.872698404682458931e+04
2.104166666666666430e+01,3.872697700179653475e+04
2.106250000000000000e+01,3.872697013354812952e+04
2.108333333333333215e+01,3.872696344730933197e+04
2.110416666666666430e+01,3.872695694820228528e+04
2.112500000000000000e+01,3.872695064123758493e+04
2.114583333333333215e+01,3.872694453131071350e+04
2.116666666666666430e+01,3.872693862319867185e+04
2.118750000000000000e+01,3.872693292155652307e+04
2.120833333333333215e+01,3.872692743091398006e+04
2.122916666666666430e+01,3.872692215567232051e+04
2.125000000000000000e+01,3.872691710010101087e+04
2.127083333333333215e+01,3.872691226833486144e+04
2.129166666666666430e+01,3.872690766437077400e+04
2.131250000000000000e+01,3.872690329206491879e+04
2.133333333333333215e+01,3.872689915513005690e+04
2.135416666666666430e+01,3.872689525713250623e+04
2.137500000000000000e+01,3.872689160148968949e+04
2.139583333333333215e+01,3.872688819146751484e+04
2.141666666666666430e+01,3.872688503017795301e+04
2.143750000000000000e+01,3.872688212057665805e+04
2.145833333333333215e+01,3.872687946546068270e+04
2.147916666666666430e+01,3.872687706746641925e+04
2.150000000000000000e+01,3.872687492906740954e+04
2.152083333333333215e+01,3.872687305257255503e+04
2.154166666666666430e+01,3.872687144012414501e+04
2.156250000000000000e+01,3.872687009369630687e+04
2.158333333333333215e+01,3.872686901509318704e+04
2.160416666666666430e+01,3.872686820594756864e+04
2.162500000000000000e+01,3.872686766771958355e+04
2.164583333333333215e+01,3.872686740169511177e+04
2.166666666666666430e+01,3.872686740898505377e+04
2.168750000000000000e+01,3.872686769052396266e+04
2.170833333333333215e+01,3.872686824706926564e+04
2.172916666666666430e+01,3.872686907920036174e+04
2.175000000000000000e+01,3.872687018731812714e+04
2.177083333333333215e+01,3.872687157164410746e+04
2.179166666666666430e+01,3.872687323222021223e+04
2.181250000000000000e+01,3.872687516890843108e+04
2.183333333333333215e+01,3.872687738139054272e+04
2.185416666666666430e+01,3.872687986916801310e+04
2.187500000000000000e+01,3.872688263156208268e+04
2.189583333333333215e+01,3.872688566771403566e+04
2.191666666666666430e+01,3.872688897658534552e+04
2.193750000000000000e+01,3.872689255695816246e+04
2.195833333333333215e+01,3.872689640743568452e+04
2.197916666666666430e+01,3.872690052644305251e+04
2.200000000000000000e+01,3.872690491222823766e+04
2.202083333333333215e+01,3.872690956286237633e+04
2.204166666666666430e+01,3.872691447624137800e+04
2.206250000000000000e+01,3.872691965008678380e+04
2.208333333333333215e+01,3.872692508194726543e+04
2.210416666666666430e+01,3.872693076919966552e+04
2.212500000000000000e+01,3.872693670905075851e+04
2.214583333333333215e+01,3.872694289853887312e+04
2.216666666666666430e+01,3.872694933453558042e+04
2.218750000000000000e+01,3.872695601374754915e+04
2.220833333333333215e+01,3.872696293271839386e+04
2.222916666666666430e+01,3.872697008783118508e+04
2.225000000000000000e+01,3.872697747531023197e+04
2.227083333333333215e+01,3.872698509122349788e+04
2.229166666666666430e+01,3.872699293148519064e+04
2.231250000000000000e+01,3.872700099185817089e+04
2.233333333333333215e+01,3.872700926795653504e+04
2.235416666666666430e+01,3.872701775524860568e+04
2.237500000000000000e+01,3.872702644905954367e+04
2.239583333333333215e+01,3.872703534457439673e+04
2.241666666666666430e+01,3.872704443684120633e+04
2.243750000000000000e+01,3.872705372077413631e+04
2.245833333333333215e+01,3.872706319115665246e+04
2.247916666666666430e+01,3.872707284264500049e+04
2.250000000000000000e+01,3.872708266977153835e+04
2.252083333333333215e+01,3.872709266694838152e+04
2.254166666666666430e+01,3.872710282847085909e+04
2.256250000000000000e+01,3.872711314852138457e+04
2.258333333333333215e+01,3.872712362117311568e+04
2.260416666666666430e+01,3.872713424039390520e+04
2.262500000000000000e+01,3.872714500005017908e+04
2.264583333333333215e+01,3.872715589391102549e+04
2.266666666666666430e+01,3.872716691565216752e+04
2.268750000000000000e+01,3.872717805886028509e+04
2.270833333333333215e+01,3.872718931703701674e+04
2.272916666666666430e+01,3.872720068360357982e+04
2.275000000000000000e+01,3.872721215190454677e+04
2.277083333333333215e+01,3.872722371521298192e+04
2.279166666666666430e+01,3.872723536673438502e+04
2.281250000000000000e+01,3.872724709961115150e+04
2.283333333333333215e+01,3.872725890692753455e+04
2.285416666666666430e+01,3.872727078171382891e+04
2.287500000000000000e+01,3.872728271695132571e+04
2.289583333333333215e+01,3.872729470557660534e+04
2.291666666666666430e+01,3.872730674048660148e+04
2.293750000000000000e+01,3.872731881454317045e+04
2.295833333333333215e+01,3.872733092057781323e+04
2.297916666666666430e+01,3.872734305139639764e+04
2.300000000000000000e+01,3.872735519978414231e+04
2.302083333333333215e+01,3.872736735851026606e+04
2.304166666666666430e+01,3.872737952033270994e+04
2.306250000000000000e+01,3.872739167800323776e+04
2.308333333333333215e+01,3.872740382427189616e+04
2.310416666666666430e+01,3.872741595189204963e+04
2.312500000000000000e+01,3.872742805362512445e+04
2.314583333333333215e+01,3.872744012224530161e+04
2.316666666666666430e+01,3.872745215054445725e+04
2.318750000000000000e+01,3.872746413133657188e+04
2.320833333333333215e+01,3.872747605746282352e+04
2.322916666666666430e+01,3.872748792179607699e+04
2.325000000000000000e+01,3.872749971724534407e+04
2.327083333333333215e+01,3.872751143676070933e+04
2.329166666666666430e+01,3.872752307333772478e+04
2.331250000000000000e+01,3.872753462002175365e+04
2.333333333333333215e+01,3.872754606991255423e+04
2.335416666666666430e+01,3.872755741616877640e+04
2.337500000000000000e+01,3.872756865201200708e+04
2.339583333333333215e+01,3.872757977073109214e+04
2.341666666666666430e+01,3.872759076568648015e+04
2.343750000000000000e+01,3.872760163031412958e+04
2.345833333333333215e+01,3.872761235812945961e+04
2.347916666666666430e+01,3.872762294273155567e+04
2.350000000000000000e+01,3.872763337780692382e+04
2.352083333333333215e+01,3.872764365713328880e+04
2.354166666666666430e+01,3.872765377458324656e+04
2.356250000000000000e+01,3.872766372412798955e+04
2.358333333333333215e+01,3.872767349984124303e+04
2.360416666666666430e+01,3.872768309590241552e+04
2.362500000000000000e+01,3.872769250660036778e+04
2.364583333333333215e+01,3.872770172633701441e+04
2.366666666666666430e+01,3.872771074963084538e+04
2.368750000000000000e+01,3.872771957112064410e+04
2.370833333333333215e+01,3.872772818556900165e+04
2.372916666666666430e+01,3.872773658786619490e+04
2.375000000000000000e+01,3.872774477303415188e+04
2.377083333333333215e+01,3.872775273623039539e+04
2.379166666666666430e+01,3.872776047275235760e+04
2.381250000000000000e+01,3.872776797804202215e+04
2.383333333333333215e+01,3.872777524769037700e+04
2.385416666666666430e+01,3.872778227744261676e+04
2.387500000000000000e+01,3.872778906320362876e+04
2.389583333333333215e+01,3.872779560104340635e+04
2.391666666666666430e+01,3.872780188720319711e+04
2.393750000000000000e+01,3.872780791810167284e+04
2.395833333333333215e+01,3.872781369034160889e+04
2.397916666666666430e+01,3.872781920071644709e+04
2.400000000000000000e+01,3.872782444621726609e+04
2.402083333333333215e+01,3.872782942403960624e+04
2.404166666666666430e+01,3.872783413159030897e+04
2.406250000000000000e+01,3.872783856649384688e+04
2.408333333333333215e+01,3.872784272659840644e+04
2.410416666666666430e+01,3.872784660998138861e+04
2.412500000000000000e+01,3.872785021495390538e+04
2.414583333333333215e+01,3.872785354006438865e+04
2.416666666666666430e+01,3.872785658410081669e+04
2.418750000000000000e+01,3.872785934609192918e+04
2.420833333333333215e+01,3.872786182530665974e+04
2.422916666666666430e+01,3.872786402125198947e+04
2.425000000000000000e+01,3.872786593366951274e+04
2.427083333333333215e+01,3.872786756253013300e+04
2.429166666666666430e+01,3.872786890802752168e+04
2.431250000000000000e+01,3.872786997057006374e+04
2.433333333333333215e+01,3.872787075077195914e+04
2.435416666666666430e+01,3.872787124944334937e+04
2.437500000000000000e+01,3.872787146758006566e+04
2.439583333333333215e+01,3.872787140635294782e+04
2.441666666666666430e+01,3.872787106709770160e+04
2.443750000000000000e+01,3.872787045130498154e+04
2.445833333333333215e+01,3.872786956061125966e+04
2.447916666666666430e+01,3.872786839679067634e+04
2.450000000000000000e+01,3.872786696174825920e+04
2.452083333333333215e+01,3.872786525751439331e+04
2.454166666666666430e+01,3.872786328624050657e+04
2.456250000000000000e+01,3.872786105019615206e+04
2.458333333333333215e+01,3.872785855176748009e+04
2.460416666666666430e+01,3.872785579345685255e+04
2.462500000000000000e+01,3.872785277788288658e+04
2.464583333333333215e+01,3.872784950778188795e+04
2.466666666666666430e+01,3.872784598600931349e+04
2.468750000000000000e+01,3.872784221554163378e+04
2.470833333333333215e+01,3.872783819947815937e+04
2.472916666666666430e+01,3.872783394104278705e+04
2.475000000000000000e+01,3.872782944358562236e+04
2.477083333333333215e+01,3.872782471058369993e+04
2.479166666666666430e+01,3.872781974564192205e+04
2.481250000000000000e+01,3.872781455249278952e+04
2.483333333333333215e+01,3.872780913499624148e+04
2.485416666666666430e+01,3.872780349713862233e+04
2.487500000000000000e+01,3.872779764303159027e+04
2.489583333333333215e+01,3.872779157691010914e+04
2.491666666666666430e+01,3.872778530313094961e+04
2.493750000000000000e+01,3.872777882617030264e+04
2.495833333333333215e+01,3.872777215062178584e+04
2.497916666666666430e+01,3.872776528119365685e+04
2.500000000000000000e+01,3.872775822270679782e+04
2.502083333333333215e+01,3.872775098009208159e+04
2.504166666666666430e+01,3.872774355838789052e+04
2.506250000000000000e+01,3.872773596273731528e+04
2.508333333333333215e+01,3.872772819838585565e+04
2.510416666666666430e+01,3.872772027067848103e+04
2.512500000000000000e+01,3.872771218505673460e+04
2.514583333333333215e+01,3.872770394705578656e+04
2.516666666666666430e+01,3.872769556230125454e+04
2.518750000000000000e+01,3.872768703650591488e+04
2.520833333333333215e+01,3.872767837546619558e+04
2.522916666666666430e+01,3.872766958505846560e+04
2.525000000000000000e+01,3.872766067123500397e+04
2.527083333333333215e+01,3.872765164002050733e+04
2.529166666666666430e+01,3.872764249750755698e+04
2.531250000000000000e+01,3.872763324985268991e+04
2.533333333333333215e+01,3.872762390327193862e+04
2.535416666666666430e+01,3.872761446403680748e+04
2.537500000000000000e+01,3.872760493846952886e+04
2.539583333333333215e+01,3.872759533293914865e+04
2.541666666666666430e+01,3.872758565385691327e+04
2.543750000000000000e+01,3.872757590767205693e+04
2.545833333333333215e+01,3.872756610086734872e+04
2.547916666666666430e+01,3.872755623995492351e+04
2.550000000000000000e+01,3.872754633147189452e+04
2.552083333333333215e+01,3.872753638197594410e+04
2.554166666666666430e+01,3.872752639804119099e+04
2.556250000000000000e+01,3.872751638625369378e+04
2.558333333333333215e+01,3.872750635320721631e+04
2.560416666666666430e+01,3.872749630549870199e+04
2.562500000000000000e+01,3.872748624972397374e+04
2.564583333333333215e+01,3.872747619247336843e+04
2.566666666666666430e+01,3.872746614032712387e+04
2.568750000000000000e+01,3.872745609985094779e+04
2.570833333333333215e+01,3.872744607759179053e+04
2.572916666666666430e+01,3.872743608007304283e+04
2.575000000000000000e+01,3.872742611379039590e+04
2.577083333333333215e+01,3.872741618520709744e+04
2.579166666666666430e+01,3.872740630074983346e+04
2.581250000000000000e+01,3.872739646680416627e+04
2.583333333333333215e+01,3.872738668971032166e+04
2.585416666666666430e+01,3.872737697575869242e+04
2.587500000000000000e+01,3.872736733118588745e+04
2.589583333333333215e+01,3.872735776217022067e+04
2.591666666666666430e+01,3.872734827482774563e+04
2.593750000000000000e+01,3.872733887520815188e+04
2.595833333333333215e+01,3.872732956929045758e+04
2.597916666666666430e+01,3.872732036297940795e+04
2.600000000000000000e+01,3.872731126210100774e+04
2.602083333333333215e+01,3.872730227239899978e+04
2.604166666666666430e+01,3.872729339953082672e+04
2.606250000000000000e+01,3.872728464906373847e+04
2.608333333333333215e+01,3.872727602647116146e+04
2.610416666666666430e+01,3.872726753712892241e+04
2.612500000000000000e+01,3.872725918631156674e+04
2.614583333333333215e+01,3.872725097918871325e+04
2.616666666666666430e+01,3.872724292082171451e+04
2.618750000000000000e+01,3.872723501616007707e+04
2.620833333333333215e+01,3.872722727003802720e+04
2.622916666666666430e+01,3.872721968717134587e+04
2.625000000000000000e+01,3.872721227215408726e+04
2.627083333333333215e+01,3.872720502945544285e+04
2.629166666666666430e+01,3.872719796341662732e+04
2.631250000000000000e+01,3.872719107824821549e+04
2.633333333333333215e+01,3.872718437802689004e+04
2.635416666666666430e+01,3.872717786669290945e+04
2.637500000000000000e+01,3.872717154804724123e+04
2.639583333333333215e+01,3.872716542574931373e+04
2.641666666666666430e+01,3.872715950331422209e+04
2.643750000000000000e+01,3.872715378411034908e+04
2.645833333333333215e+01,3.872714827135722589e+04
2.647916666666666430e+01,3.872714296812327666e+04
2.650000000000000000e+01,3.872713787732359197e+04
2.652083333333333215e+01,3.872713300171817536e+04
2.654166666666666430e+01,3.872712834390985518e+04
2.656250000000000000e+01,3.872712390634262556e+04
2.658333333333333215e+01,3.872711969129986392e+04
2.660416666666666430e+01,3.872711570090278838e+04
2.662500000000000000e+01,3.872711193710919179e+04
2.664583333333333215e+01,3.872710840171187738e+04
2.666666666666666430e+01,3.872710509633745824e+04
2.668750000000000000e+01,3.872710202244532411e+04
2.670833333333333215e+01,3.872709918132675375e+04
2.672916666666666430e+01,3.872709657410367799e+04
2.675000000000000000e+01,3.872709420172836690e+04
2.677083333333333215e+01,3.872709206498247659e+04
2.679166666666666430e+01,3.872709016447665635e+04
2.681250000000000000e+01,3.872708850065008301e+04
2.683333333333333215e+01,3.872708707377034443e+04
2.685416666666666430e+01,3.872708588393296668e+04
2.687500000000000000e+01,3.872708493106178503e+04
2.689583333333333215e+01,3.872708421490863839e+04
2.691666666666666430e+01,3.872708373505367490e+04
2.693750000000000000e+01,3.872708349090594857e+04
2.695833333333333215e+01,3.872708348170346289e+04
2.697916666666666430e+01,3.872708370651392761e+04
2.700000000000000000e+01,3.872708416423542803e+04
2.702083333333333215e+01,3.872708485359721089e+04
2.704166666666666430e+01,3.872708577316060109e+04
2.706250000000000000e+01,3.872708692132000579e+04
2.708333333333333215e+01,3.872708829630415130e+04
2.710416666666666430e+01,3.872708989617730549e+04
2.712500000000000000e+01,3.872709171884059469e+04
2.714583333333333215e+01,3.872709376203373540e+04
2.716666666666666430e+01,3.872709602333646035e+04
2.718750000000000000e+01,3.872709850017030112e+04
2.720833333333333215e+01,3.872710118980047991e+04
2.722916666666666430e+01,3.872710408933785220e+04
2.725000000000000000e+01,3.872710719574106042e+04
2.727083333333333215e+01,3.872711050581863674e+04
2.729166666666666430e+01,3.872711401623130223e+04
2.731250000000000000e+01,3.872711772349435341e+04
2.733333333333333215e+01,3.872712162398034707e+04
2.735416666666666430e+01,3.872712571392147220e+04
2.737500000000000000e+01,3.872712998941246042e+04
2.739583333333333215e+01,3.872713444641333626e+04
2.741666666666666430e+01,3.872713908075225481e+04
2.743750000000000000e+01,3.872714388812863763e+04
2.745833333333333215e+01,3.872714886411626503e+04
2.747916666666666430e+01,3.872715400416647026e+04
2.750000000000000000e+01,3.872715930361136270e+04
2.752083333333333215e+01,3.872716475766732037e+04
2.754166666666666430e+01,3.872717036143843870e+04
2.756250000000000000e+01,3.872717610991999391e+04
2.758333333333333215e+01,3.872718199800227012e+04
2.760416666666666430e+01,3.872718802047409554e+04
2.762500000000000000e+01,3.872719417202673503e+04
2.764583333333333215e+01,3.872720044725771731e+04
2.766666666666666430e+01,3.872720684067490947e+04
2.768750000000000000e+01,3.872721334670040233e+04
2.770833333333333215e+01,3.872721995967458497e+04
2.772916666666666430e+01,3.872722667386035027e+04
2.775000000000000000e+01,3.872723348344738770e+04
2.777083333333333215e+01,3.872724038255635969e+04
2.779166666666666430e+01,3.872724736524317996e+04
2.781250000000000000e+01,3.872725442550355365e+04
2.783333333333333215e+01,3.872726155727733567e+04
2.785416666666666430e+01,3.872726875445296901e+04
2.787500000000000000e+01,3.872727601087211951e+04
2.789583333333333215e+01,3.872728332033424522e+04
2.791666666666666430e+01,3.872729067660115106e+04
2.793750000000000000e+01,3.872729807340158732e+04
2.795833333333333215e+01,3.872730550443629181e+04
2.797916666666666430e+01,3.872731296338226093e+04
2.800000000000000000e+01,3.872732044389786461e+04
2.802083333333333215e+01,3.872732793962740834e+04
2.804166666666666430e+01,3.872733544420608087e+04
2.806250000000000000e+01,3.872734295126479992e+04
2.808333333333333215e+01,3.872735045443499257e+04
2.810416666666666430e+01,3.872735794735350646e+04
2.812500000000000000e+01,3.872736542366756476e+04
2.814583333333333215e+01,3.872737287703955371e+04
2.816666666666666430e+01,3.872738030115202127e+04
2.818750000000000000e+01,3.872738768971265381e+04
2.820833333333333215e+01,3.872739503645911464e+04
2.822916666666666430e+01,3.872740233516390435e+04
2.825000000000000000e+01,3.872740957963951223e+04
2.827083333333333215e+01,3.872741676374318922e+04
2.829166666666666430e+01,3.872742388138189563e+04
2.831250000000000000e+01,3.872743092651715415e+04
2.833333333333333215e+01,3.872743789317004121e+04
2.835416666666666430e+01,3.872744477542604000e+04
2.837500000000000000e+01,3.872745156743980624e+04
2.839583333333333215e+01,3.872745826344007946e+04
2.841666666666666430e+01,3.872746485773440509e+04
2.843750000000000000e+01,3.872747134471384197e+04
2.845833333333333215e+01,3.872747771885768452e+04
2.847916666666666430e+01,3.872748397473817749e+04
2.850000000000000000e+01,3.872749010702489613e+04
2.852083333333333215e+01,3.872749611048924271e+04
2.854166666666666430e+01,3.872750198000888486e+04
2.856250000000000000e+01,3.872750771057201200e+04
2.858333333333333215e+01,3.872751329728143173e+04
2.860416666666666430e+01,3.872751873535839695e+04
2.862500000000000000e+01,3.872752402014681138e+04
2.864583333333333215e+01,3.872752914711639460e+04
2.866666666666666430e+01,3.872753411186648009e+04
2.868750000000000000e+01,3.872753891012889653e+04
2.870833333333333215e+01,3.872754353777116921e+04
2.872916666666666430e+01,3.872754799079900840e+04
2.875000000000000000e+01,3.872755226535858674e+04
2.877083333333333215e+01,3.872755635773867834e+04
2.879166666666666430e+01,3.872756026437223773e+04
2.881250000000000000e+01,3.872756398183776764e+04
2.883333333333333215e+01,3.872756750686011947e+04
2.885416666666666430e+01,3.872757083631091518e+04
2.887500000000000000e+01,3.872757396720895485e+04
2.889583333333333215e+01,3.872757689671961271e+04
2.891666666666666430e+01,3.872757962215435691e+04
2.893750000000000000e+01,3.872758214096975280e+04
2.895833333333333215e+01,3.872758445076624048e+04
2.897916666666666430e+01,3.872758654928626493e+04
2.900000000000000000e+01,3.872758843441306817e+04
2.902083333333333215e+01,3.872759010416839737e+04
2.904166666666666430e+01,3.872759155671086046e+04
2.906250000000000000e+01,3.872759279033410712e+04
2.908333333333333215e+01,3.872759380346520629e+04
2.910416666666666430e+01,3.872759459466327098e+04
2.912500000000000000e+01,3.872759516261843964e+04
2.914583333333333215e+01,3.872759550615143235e+04
2.916666666666666430e+01,3.872759562421342707e+04
2.918750000000000000e+01,3.872759551588685281e+04
2.920833333333333215e+01,3.872759518038636452e+04
2.922916666666666430e+01,3.872759461706110596e+04
2.925000000000000000e+01,3.872759382539689250e+04
2.927083333333333215e+01,3.872759280501953617e+04
2.929166666666666430e+01,3.872759155569857830e+04
2.931250000000000000e+01,3.872759007735138584e+04
2.933333333333333215e+01,3.872758837004749512e+04
2.935416666666666430e+01,3.872758643401342124e+04
2.937500000000000000e+01,3.872758426963730017e+04
2.939583333333333215e+01,3.872758187747344346e+04
2.941666666666666430e+01,3.872757925824664562e+04
2.943750000000000000e+01,3.872757641285611317e+04
2.945833333333333215e+01,3.872757334237878968e+04
2.947916666666666430e+01,3.872757004807217163e+04
2.950000000000000000e+01,3.872756653137626563e+04
2.952083333333333215e+01,3.872756279391486169e+04
2.954166666666666430e+01,3.872755883749592613e+04
2.956250000000000000e+01,3.872755466411131783e+04
2.958333333333333215e+01,3.872755027593589330e+04
2.960416666666666430e+01,3.872754567532556393e+04
2.962500000000000000e+01,3.872754086481503327e+04
2.964583333333333215e+01,3.872753584711501753e+04
2.966666666666666430e+01,3.872753062510899326e+04
2.968750000000000000e+01,3.872752520184950845e+04
2.970833333333333215e+01,3.872751958055452269e+04
2.972916666666666430e+01,3.872751376460343454e+04
2.975000000000000000e+01,3.872750775753303606e+04
2.977083333333333215e+01,3.872750156303345284e+04
2.979166666666666430e+01,3.872749518494426593e+04
2.981250000000000000e+01,3.872748862725053186e+04
2.983333333333333215e+01,3.872748189407864993e+04
2.985416666666666430e+01,3.872747498969291337e+04
2.987500000000000000e+01,3.872746791849145666e+04
2.989583333333333215e+01,3.872746068500265392e+04
2.991666666666666430e+01,3.872745329388134996e+04
2.993750000000000000e+01,3.872744574990512046e+04
2.995833333333333215e+01,3.872743805797067034e+04
2.997916666666666430e+01,3.872743022309002117e+04
3.000000000000000000e+01,3.872742225038672041e+04
3.002083333333333215e+01,3.872741414509192691e+04
3.004166666666666430e+01,3.872740591254080209e+04
3.006250000000000000e+01,3.872739755816837715e+04
3.008333333333333215e+01,3.872738908750566770e+04
3.010416666666666430e+01,3.872738050617570116e+04
3.012500000000000000e+01,3.872737181988955126e+04
3.014583333333333215e+01,3.872736303444229998e+04
3.016666666666666430e+01,3.872735415570907207e+04
3.018750000000000000e+01,3.872734518964091694e+04
3.020833333333333215e+01,3.872733614226090140e+04
3.022916666666666430e+01,3.872732701965994784e+04
3.025000000000000000e+01,3.872731782799302891e+04
3.027083333333333215e+01,3.872730857347497658e+04
3.029166666666666430e+01,3.872729926237640029e+04
3.031250000000000000e+01,3.872728990101978707e+04
3.033333333333333215e+01,3.872728049577542697e+04
3.035416666666666430e+01,3.872727105305706209e+04
3.037500000000000000e+01,3.872726157931798662e+04
3.039583333333333215e+01,3.872725208104683406e+04
3.041666666666666430e+01,3.872724256476329901e+04
3.043750000000000000e+01,3.872723303701386612e+04
3.045833333333333215e+01,3.872722350436762645e+04
3.047916666666666430e+01,3.872721397341191914e+04
3.050000000000000000e+01,3.872720445074791496e+04
3.052083333333333215e+01,3.872719494298629434e+04
3.054166666666666430e+01,3.872718545674292545e+04
3.056250000000000000e+01,3.872717599863444775e+04
3.058333333333333215e+01,3.872716657527367352e+04
3.060416666666666430e+01,3.872715719326554972e+04
3.062500000000000000e+01,3.872714785920235590e+04
3.064583333333333215e+01,3.872713857965964417e+04
3.066666666666666430e+01,3.872712936119163351e+04
3.068750000000000000e+01,3.872712021032693156e+04
3.070833333333333215e+01,3.872711113356416899e+04
3.072916666666666430e+01,3.872710213736759761e+04
3.075000000000000000e+01,3.872709322816282656e+04
3.077083333333333215e+01,3.872708441233242047e+04
3.079166666666666430e+01,3.872707569621166476e+04
3.081250000000000000e+01,3.872706708608427289e+04
3.083333333333333215e+01,3.872705858817813714e+04
3.085416666666666430e+01,3.872705020866099221e+04
3.087500000000000000e+01,3.872704195363645704e+04
3.089583333333333215e+01,3.872703382913947280e+04
3.091666666666666430e+01,3.872702584113254125e+04
3.093750000000000000e+01,3.872701799550140277e+04
3.095833333333333215e+01,3.872701029805100552e+04
3.097916666666666430e+01,3.872700275450154004e+04
3.100000000000000000e+01,3.872699537048426282e+04
3.102083333333333215e+01,3.872698815153797477e+04
3.104166666666666430e+01,3.872698110310483025e+04
3.106250000000000000e+01,3.872697423052654631e+04
3.108333333333333215e+01,3.872696753904079378e+04
3.110416666666666430e+01,3.872696103377747204e+04
3.112500000000000000e+01,3.872695471975503460e+04
3.114583333333333215e+01,3.872694860187704035e+04
3.116666666666666430e+01,3.872694268492857373e+04
3.118750000000000000e+01,3.872693697357289784e+04
3.120833333333333215e+01,3.872693147234812932e+04
3.122916666666666430e+01,3.872692618566400779e+04
3.125000000000000000e+01,3.872692111779872357e+04
3.127083333333333215e+01,3.872691627289565076e+04
3.129166666666666430e+01,3.872691165496063331e+04
3.131250000000000000e+01,3.872690726785889274e+04
3.133333333333333215e+01,3.872690311531219049e+04
3.135416666666666430e+01,3.872689920089605585e+04
3.137500000000000000e+01,3.872689552803734114e+04
3.139583333333333215e+01,3.872689210001136962e+04
3.141666666666666430e+01,3.872688891993973812e+04
3.143750000000000000e+01,3.872688599078773404e+04
3.145833333333333215e+01,3.872688331536231999e+04
3.147916666666666430e+01,3.872688089630971081e+04
3.150000000000000000e+01,3.872687873611354007e+04
3.152083333333333215e+01,3.872687683709284465e+04
3.154166666666666430e+01,3.872687520140021661e+04
3.156250000000000000e+01,3.872687383102012973e+04
3.158333333333333215e+01,3.872687272776714963e+04
3.160416666666666430e+01,3.872687189328467502e+04
3.162500000000000000e+01,3.872687132904351165e+04
3.164583333333333215e+01,3.872687103634035157e+04
3.166666666666666430e+01,3.872687101629692916e+04
3.168750000000000000e+01,3.872687126985881332e+04
3.170833333333333215e+01,3.872687179779447615e+04
3.172916666666666430e+01,3.872687260069457989e+04
3.175000000000000000e+01,3.872687367897116201e+04
3.177083333333333215e+01,3.872687503285718412e+04
3.179166666666666430e+01,3.872687666240602994e+04
3.181250000000000000e+01,3.872687856749125785e+04
3.183333333333333215e+01,3.872688074780616444e+04
3.185416666666666430e+01,3.872688320286406815e+04
3.187500000000000000e+01,3.872688593199799652e+04
3.189583333333333215e+01,3.872688893436102808e+04
3.191666666666666430e+01,3.872689220892668527e+04
3.193750000000000000e+01,3.872689575448907271e+04
3.195833333333333215e+01,3.872689956966356840e+04
3.197916666666666430e+01,3.872690365288759494e+04
3.200000000000000000e+01,3.872690800242109253e+04
3.202083333333332860e+01,3.872691261634777766e+04
3.204166666666666430e+01,3.872691749257584888e+04
3.206250000000000000e+01,3.872692262883934745e+04
3.208333333333332860e+01,3.872692802269935783e+04
3.210416666666666430e+01,3.872693367154532461e+04
3.212500000000000000e+01,3.872693957259671879e+04
3.214583333333332860e+01,3.872694572290446376e+04
3.216666666666666430e+01,3.872695211935281986e+04
3.218750000000000000e+01,3.872695875866128335e+04
3.220833333333332860e+01,3.872696563738635450e+04
3.222916666666666430e+01,3.872697275192383677e+04
3.225000000000000000e+01,3.872698009851093229e+04
3.227083333333332860e+01,3.872698767322859931e+04
3.229166666666666430e+01,3.872699547200396773e+04
3.231250000000000000e+01,3.872700349061287125e+04
3.233333333333332860e+01,3.872701172468246659e+04
3.235416666666666430e+01,3.872702016969405668e+04
3.237500000000000000e+01,3.872702882098586269e+04
3.239583333333332860e+01,3.872703767375602183e+04
3.241666666666666430e+01,3.872704672306565772e+04
3.243750000000000000e+01,3.872705596384194359e+04
3.245833333333332860e+01,3.872706539088152203e+04
3.247916666666666430e+01,3.872707499885368452e+04
3.250000000000000000e+01,3.872708478230390756e+04
3.252083333333332860e+01,3.872709473565729422e+04
3.254166666666666430e+01,3.872710485322232125e+04
3.256250000000000000e+01,3.872711512919435336e+04
3.258333333333332860e+01,3.872712555765972502e+04
3.260416666666666430e+01,3.872713613259916019e+04
3.262500000000000000e+01,3.872714684789208695e+04
3.264583333333332860e+01,3.872715769732043555e+04
3.266666666666666430e+01,3.872716867457298940e+04
3.268750000000000000e+01,3.872717977324913954e+04
3.270833333333332860e+01,3.872719098686336656e+04
3.272916666666666430e+01,3.872720230884947523e+04
3.275000000000000000e+01,3.872721373256500374e+04
3.277083333333332860e+01,3.872722525129534915e+04
3.279166666666666430e+01,3.872723685825856228e+04
3.281250000000000000e+01,3.872724854660956771e+04
3.283333333333332860e+01,3.872726030944486411e+04
3.285416666666666430e+01,3.872727213980705710e+04
3.287500000000000000e+01,3.872728403068945045e+04
3.289583333333332860e+01,3.872729597504079720e+04
3.291666666666666430e+01,3.872730796576984721e+04
3.293750000000000000e+01,3.872731999575018563e+04
3.295833333333332860e+01,3.872733205782496952e+04
3.297916666666666430e+01,3.872734414481151907e+04
3.300000000000000000e+01,3.872735624950641068e+04
3.302083333333332860e+01,3.872736836468988622e+04
3.304166666666666430e+01,3.872738048313098261e+04
3.306250000000000000e+01,3.872739259759211564e+04
3.308333333333332860e+01,3.872740470083391847e+04
3.310416666666666430e+01,3.872741678562009474e+04
3.312500000000000000e+01,3.872742884472223523e+04
3.314583333333332860e+01,3.872744087092443078e+04
3.316666666666666430e+01,3.872745285702805268e+04
3.318750000000000000e+01,3.872746479585659836e+04
3.320833333333332860e+01,3.872747668026042084e+04
3.322916666666666430e+01,3.872748850312110881e+04
3.325000000000000000e+01,3.872750025735635427e+04
3.327083333333332860e+01,3.872751193592452910e+04
3.329166666666666430e+01,3.872752353182914521e+04
3.331250000000000000e+01,3.872753503812335839e+04
3.333333333333332860e+01,3.872754644791443570e+04
3.335416666666666430e+01,3.872755775436815020e+04
3.337500000000000000e+01,3.872756895071308827e+04
3.339583333333332860e+01,3.872758003024476056e+04
3.341666666666666430e+01,3.872759098633011308e+04
3.343750000000000000e+01,3.872760181241143437e+04
3.345833333333332860e+01,3.872761250201039365e+04
3.347916666666666430e+01,3.872762304873220273e+04
3.350000000000000000e+01,3.872763344626939943e+04
3.352083333333332860e+01,3.872764368840587122e+04
3.354166666666666430e+01,3.872765376902053686e+04
3.356250000000000000e+01,3.872766368209136272e+04
3.358333333333332860e+01,3.872767342169875337e+04
3.360416666666666430e+01,3.872768298202970618e+04
3.362500000000000000e+01,3.872769235738123825e+04
3.364583333333332860e+01,3.872770154216420633e+04
3.366666666666666430e+01,3.872771053090702480e+04
3.368750000000000000e+01,3.872771931825965294e+04
3.370833333333332860e+01,3.872772789899721829e+04
3.372916666666666430e+01,3.872773626802417857e+04
3.375000000000000000e+01,3.872774442037825793e+04
3.377083333333332860e+01,3.872775235123502353e+04
3.379166666666666430e+01,3.872776005591194553e+04
3.381250000000000000e+01,3.872776752987331565e+04
3.383333333333332860e+01,3.872777476873483101e+04
3.385416666666666430e+01,3.872778176826897834e+04
3.387500000000000000e+01,3.872778852441017807e+04
3.389583333333332860e+01,3.872779503326055419e+04
3.391666666666666430e+01,3.872780129109536938e+04
3.393750000000000000e+01,3.872780729436934780e+04
3.395833333333332860e+01,3.872781303972269961e+04
3.397916666666666430e+01,3.872781852398736373e+04
3.400000000000000000e+01,3.872782374419314874e+04
3.402083333333332860e+01,3.872782869757374283e+04
3.404166666666666430e+01,3.872783338157295657e+04
3.406250000000000000e+01,3.872783779384986701e+04
3.408333333333332860e+01,3.872784193228403456e+04
3.410416666666666430e+01,3.872784579497970844e+04
3.412500000000000000e+01,3.872784938026948657e+04
3.414583333333332860e+01,3.872785268671683298e+04
3.416666666666666430e+01,3.872785571311766398e+04
3.418750000000000000e+01,3.872785845850031183e+04
3.420833333333332860e+01,3.872786092212485528e+04
3.422916666666666430e+01,3.872786310348062398e+04
3.425000000000000000e+01,3.872786500228253863e+04
3.427083333333332860e+01,3.872786661846627248e+04
3.429166666666666430e+01,3.872786795218217594e+04
3.431250000000000000e+01,3.872786900378816063e+04
3.433333333333332860e+01,3.872786977384177590e+04
3.435416666666666430e+01,3.872787026309197245e+04
3.437500000000000000e+01,3.872787047246997099e+04
3.439583333333332860e+01,3.872787040308057476e+04
3.441666666666666430e+01,3.872787005619349657e+04
3.443750000000000000e+01,3.872786943323487503e+04
3.445833333333332860e+01,3.872786853577996226e+04
3.447916666666666430e+01,3.872786736554613162e+04
3.450000000000000000e+01,3.872786592438705702e+04
3.452083333333332860e+01,3.872786421428809263e+04
3.454166666666666430e+01,3.872786223736232932e+04
3.456250000000000000e+01,3.872785999584814999e+04
3.458333333333332860e+01,3.872785749210738868e+04
3.460416666666666430e+01,3.872785472862460301e+04
3.462500000000000000e+01,3.872785170800679771e+04
3.464583333333332860e+01,3.872784843298391934e+04
3.466666666666666430e+01,3.872784490640970034e+04
3.468750000000000000e+01,3.872784113126257580e+04
3.470833333333332860e+01,3.872783711064676754e+04
3.472916666666666430e+01,3.872783284779298992e+04
3.475000000000000000e+01,3.872782834605962125e+04
3.477083333333332860e+01,3.872782360893276200e+04
3.479166666666666430e+01,3.872781864002655493e+04
3.481250000000000000e+01,3.872781344308264670e+04
3.483333333333332860e+01,3.872780802196986770e+04
3.485416666666666430e+01,3.872780238068304607e+04
3.487500000000000000e+01,3.872779652334150160e+04
3.489583333333332860e+01,3.872779045418782334e+04
3.491666666666666430e+01,3.872778417758580326e+04
3.493750000000000000e+01,3.872777769801828981e+04
3.495833333333332860e+01,3.872777102008522343e+04
3.497916666666666430e+01,3.872776414850139554e+04
3.500000000000000000e+01,3.872775708809372736e+04
3.502083333333332860e+01,3.872774984379922535e+04
3.504166666666666430e+01,3.872774242066206352e+04
3.506250000000000000e+01,3.872773482383118244e+04
3.508333333333332860e+01,3.872772705855758250e+04
3.510416666666666430e+01,3.872771913019126077e+04
3.512500000000000000e+01,3.872771104417864262e+04
3.514583333333332860e+01,3.872770280605908192e+04
3.516666666666666430e+01,3.872769442146180518e+04
3.518750000000000000e+01,3.872768589610274648e+04
3.520833333333332860e+01,3.872767723578073492e+04
3.522916666666666430e+01,3.872766844637383474e+04
3.525000000000000000e+01,3.872765953383559827e+04
3.527083333333332860e+01,3.872765050419130421e+04
3.529166666666666430e+01,3.872764136353376671e+04
3.531250000000000000e+01,3.872763211801908619e+04
3.533333333333332860e+01,3.872762277386275673e+04
3.535416666666666430e+01,3.872761333733520587e+04
3.537500000000000000e+01,3.872760381475761096e+04
3.539583333333332860e+01,3.872759421249778097e+04
3.541666666666666430e+01,3.872758453696550714e+04
3.543750000000000000e+01,3.872757479460851027e+04
3.545833333333332860e+01,3.872756499190812610e+04
3.547916666666666430e+01,3.872755513537482329e+04
3.550000000000000000e+01,3.872754523154404160e+04
3.552083333333332860e+01,3.872753528697182628e+04
3.554166666666666430e+01,3.872752530823040433e+04
3.556250000000000000e+01,3.872751530190393532e+04
3.558333333333332860e+01,3.872750527458410215e+04
3.560416666666666430e+01,3.872749523286564363e+04
3.562500000000000000e+01,3.872748518334211985e+04
3.564583333333332860e+01,3.872747513260120468e+04
3.566666666666666430e+01,3.872746508722051658e+04
3.568750000000000000e+01,3.872745505376317305e+04
3.570833333333332860e+01,3.872744503877291572e+04
3.572916666666666430e+01,3.872743504877035593e+04
3.575000000000000000e+01,3.872742509024788160e+04
3.577083333333332860e+01,3.872741516966575728e+04
3.579166666666666430e+01,3.872740529344730749e+04
3.581250000000000000e+01,3.872739546797483490e+04
3.583333333333332860e+01,3.872738569958540029e+04
3.585416666666666430e+01,3.872737599456606404e+04
3.587500000000000000e+01,3.872736635915003717e+04
3.589583333333332860e+01,3.872735679951238853e+04
3.591666666666666430e+01,3.872734732176584657e+04
3.593750000000000000e+01,3.872733793195673206e+04
3.595833333333332860e+01,3.872732863606076717e+04
3.597916666666666430e+01,3.872731943997909548e+04
3.600000000000000000e+01,3.872731034953438939e+04
3.602083333333332860e+01,3.872730137046694290e+04
3.604166666666666430e+01,3.872729250843057525e+04
3.606250000000000000e+01,3.872728376898896386e+04
3.608333333333332860e+01,3.872727515761188261e+04
3.610416666666666430e+01,3.872726667967138201e+04
3.612500000000000000e+01,3.872725834043834038e+04
3.614583333333332860e+01,3.872725014507860760e+04
3.616666666666666430e+01,3.872724209864961449e+04
3.618750000000000000e+01,3.872723420609704044e+04
3.620833333333332860e+01,3.872722647225119726e+04
3.622916666666666430e+01,3.872721890182398056e+04
3.625000000000000000e+01,3.872721149940545001e+04
3.627083333333332860e+01,3.872720426946083171e+04
3.629166666666666430e+01,3.872719721632741130e+04
3.631250000000000000e+01,3.872719034421171818e+04
3.633333333333332860e+01,3.872718365718634595e+04
3.635416666666666430e+01,3.872717715918755857e+04
3.637500000000000000e+01,3.872717085401232907e+04
3.639583333333332860e+01,3.872716474531586573e+04
3.641666666666666430e+01,3.872715883660916006e+04
3.643750000000000000e+01,3.872715313125641114e+04
3.645833333333332860e+01,3.872714763247306837e+04
3.647916666666666430e+01,3.872714234332324850e+04
3.650000000000000000e+01,3.872713726671774202e+04
3.652083333333332860e+01,3.872713240541238338e+04
3.654166666666666430e+01,3.872712776200559165e+04
3.656250000000000000e+01,3.872712333893705363e+04
3.658333333333332860e+01,3.872711913848572294e+04
3.660416666666666430e+01,3.872711516276851034e+04
3.662500000000000000e+01,3.872711141373871214e+04
3.664583333333332860e+01,3.872710789318470052e+04
3.666666666666666430e+01,3.872710460272857017e+04
3.668750000000000000e+01,3.872710154382533074e+04
3.670833333333332860e+01,3.872709871776161890e+04
3.672916666666666430e+01,3.872709612565494899e+04
3.675000000000000000e+01,3.872709376845299994e+04
3.677083333333332860e+01,3.872709164693277853e+04
3.679166666666666430e+01,3.872708976170045207e+04
3.681250000000000000e+01,3.872708811319058441e+04
3.683333333333332860e+01,3.872708670166605589e+04
3.685416666666666430e+01,3.872708552721785964e+04
3.687500000000000000e+01,3.872708458976500697e+04
3.689583333333332860e+01,3.872708388905476750e+04
3.691666666666666430e+01,3.872708342466261092e+04
3.693750000000000000e+01,3.872708319599278911e+04
3.695833333333332860e+01,3.872708320227853255e+04
3.697916666666666430e+01,3.872708344258291618e+04
3.700000000000000000e+01,3.872708391579912859e+04
3.702083333333332860e+01,3.872708462065172353e+04
3.704166666666666430e+01,3.872708555569720193e+04
3.706250000000000000e+01,3.872708671932512516e+04
3.708333333333332860e+01,3.872708810975943925e+04
3.710416666666666430e+01,3.872708972505950078e+04
3.712500000000000000e+01,3.872709156312175037e+04
3.714583333333332860e+01,3.872709362168088410e+04
3.716666666666666430e+01,3.872709589831183985e+04
3.718750000000000000e+01,3.872709839043133979e+04
3.720833333333332860e+01,3.872710109529963665e+04
3.722916666666666430e+01,3.872710401002274739e+04
3.725000000000000000e+01,3.872710713155441044e+04
3.727083333333332860e+01,3.872711045669828309e+04
3.729166666666666430e+01,3.872711398211015330e+04
3.731250000000000000e+01,3.872711770430045726e+04
3.733333333333332860e+01,3.872712161963675317e+04
3.735416666666666430e+01,3.872712572434638423e+04
3.737500000000000000e+01,3.872713001451919990e+04
3.739583333333332860e+01,3.872713448611018975e+04
3.741666666666666430e+01,3.872713913494261215e+04
3.743750000000000000e+01,3.872714395671101374e+04
3.745833333333332860e+01,3.872714894698419084e+04
3.747916666666666430e+01,3.872715410120850720e+04
3.750000000000000000e+01,3.872715941471119731e+04
3.752083333333332860e+01,3.872716488270362606e+04
3.754166666666666430e+01,3.872717050028495578e+04
3.756250000000000000e+01,3.872717626244550775e+04
3.758333333333332860e+01,3.872718216407063301e+04
3.760416666666666430e+01,3.872718819994415389e+04
3.762500000000000000e+01,3.872719436475232942e+04
3.764583333333332860e+01,3.872720065308783524e+04
3.766666666666666430e+01,3.872720705945346708e+04
3.768750000000000000e+01,3.872721357826622261e+04
3.770833333333332860e+01,3.872722020386156510e+04
3.772916666666666430e+01,3.872722693049742520e+04
3.775000000000000000e+01,3.872723375235837011e+04
3.777083333333332860e+01,3.872724066356003459e+04
3.779166666666666430e+01,3.872724765815323190e+04
3.781250000000000000e+01,3.872725473012858129e+04
3.783333333333332860e+01,3.872726187342082267e+04
3.785416666666666430e+01,3.872726908191325492e+04
3.787500000000000000e+01,3.872727634944237070e+04
3.789583333333332860e+01,3.872728366980238934e+04
3.791666666666666430e+01,3.872729103674989165e+04
3.793750000000000000e+01,3.872729844400847651e+04
3.795833333333332860e+01,3.872730588527338114e+04
3.797916666666666430e+01,3.872731335421632684e+04
3.800000000000000000e+01,3.872732084449022659e+04
3.802083333333332860e+01,3.872732834973404533e+04
3.804166666666666430e+01,3.872733586357742752e+04
3.806250000000000000e+01,3.872734337964568113e+04
3.808333333333332860e+01,3.872735089156468894e+04
3.810416666666666430e+01,3.872735839296560152e+04
3.812500000000000000e+01,3.872736587748992315e+04
3.814583333333332860e+01,3.872737333879430662e+04
3.816666666666666430e+01,3.872738077055549365e+04
3.818750000000000000e+01,3.872738816647522617e+04
3.820833333333332860e+01,3.872739552028527396e+04
3.822916666666666430e+01,3.872740282575225865e+04
3.825000000000000000e+01,3.872741007668265229e+04
3.827083333333332860e+01,3.872741726692769589e+04
3.829166666666666430e+01,3.872742439038832526e+04
3.831250000000000000e+01,3.872743144102018414e+04
3.833333333333332860e+01,3.872743841283836809e+04
3.835416666666666430e+01,3.872744529992257594e+04
3.837500000000000000e+01,3.872745209642164264e+04
3.839583333333332860e+01,3.872745879655866884e+04
3.841666666666666430e+01,3.872746539463580848e+04
3.843750000000000000e+01,3.872747188503899815e+04
3.845833333333332860e+01,3.872747826224267192e+04
3.847916666666666430e+01,3.872748452081444702e+04
3.850000000000000000e+01,3.872749065541988239e+04
3.852083333333332860e+01,3.872749666082690237e+04
3.854166666666666430e+01,3.872750253191021329e+04
3.856250000000000000e+01,3.872750826365584362e+04
3.858333333333332860e+01,3.872751385116513848e+04
3.860416666666666430e+01,3.872751928965909610e+04
3.862500000000000000e+01,3.872752457448221685e+04
3.864583333333332860e+01,3.872752970110603201e+04
3.866666666666666430e+01,3.872753466513316380e+04
3.868750000000000000e+01,3.872753946230010479e+04
3.870833333333332860e+01,3.872754408848054300e+04
3.872916666666666430e+01,3.872754853968814859e+04
3.875000000000000000e+01,3.872755281207891676e+04
3.877083333333332860e+01,3.872755690195326315e+04
3.879166666666666430e+01,3.872756080575773376e+04
3.881250000000000000e+01,3.872756452008636552e+04
3.883333333333332860e+01,3.872756804168161034e+04
3.885416666666666430e+01,3.872757136743468436e+04
3.887500000000000000e+01,3.872757449438552430e+04
3.889583333333332860e+01,3.872757741972256190e+04
3.891666666666666430e+01,3.872758014078178530e+04
3.893750000000000000e+01,3.872758265504527662e+04
3.895833333333332860e+01,3.872758496013981494e+04
3.897916666666666430e+01,3.872758705383482447e+04
3.900000000000000000e+01,3.872758893404017726e+04
3.902083333333332860e+01,3.872759059880388668e+04
3.904166666666666430e+01,3.872759204630962631e+04
3.906250000000000000e+01,3.872759327487443079e+04
3.908333333333332860e+01,3.872759428294644749e+04
3.910416666666666430e+01,3.872759506910308846e+04
3.912500000000000000e+01,3.872759563204942970e+04
3.914583333333332860e+01,3.872759597061730892e+04
3.916666666666666430e+01,3.872759608376484539e+04
3.918750000000000000e+01,3.872759597057693463e+04
3.920833333333332860e+01,3.872759563026634714e+04
3.922916666666666430e+01,3.872759506217537273e+04
3.925000000000000000e+01,3.872759426577892737e+04
3.927083333333332860e+01,3.872759324068776914e+04
3.929166666666666430e+01,3.872759198665258737e+04
3.931250000000000000e+01,3.872759050356881926e+04
3.933333333333332860e+01,3.872758879148181586e+04
3.935416666666666430e+01,3.872758685059219715e+04
3.937500000000000000e+01,3.872758468126135267e+04
3.939583333333332860e+01,3.872758228401670931e+04
3.941666666666666430e+01,3.872757965955718828e+04
3.943750000000000000e+01,3.872757680875760707e+04
3.945833333333332860e+01,3.872757373267259391e+04
3.947916666666666430e+01,3.872757043254019663e+04
3.950000000000000000e+01,3.872756690978406550e+04
3.952083333333332860e+01,3.872756316601511207e+04
3.954166666666666430e+01,3.872755920303212042e+04
3.956250000000000000e+01,3.872755502282120142e+04
3.958333333333332860e+01,3.872755062755490508e+04
3.960416666666666430e+01,3.872754601959017600e+04
3.962500000000000000e+01,3.872754120146559580e+04
3.964583333333332860e+01,3.872753617589816713e+04
3.966666666666666430e+01,3.872753094577982120e+04
3.968750000000000000e+01,3.872752551417324139e+04
3.970833333333332860e+01,3.872751988430757046e+04
3.972916666666666430e+01,3.872751405957433599e+04
3.975000000000000000e+01,3.872750804352284467e+04
3.977083333333332860e+01,3.872750183985598414e+04
3.979166666666666430e+01,3.872749545242603926e+04
3.981250000000000000e+01,3.872748888523034839e+04
3.983333333333332860e+01,3.872748214240743255e+04
3.985416666666666430e+01,3.872747522823319741e+04
3.987500000000000000e+01,3.872746814711689512e+04
3.989583333333332860e+01,3.872746090359754453e+04
3.991666666666666430e+01,3.872745350234013313e+04
3.993750000000000000e+01,3.872744594813215372e+04
3.995833333333332860e+01,3.872743824587956624e+04
3.997916666666666430e+01,3.872743040060337808e+04
4.000000000000000000e+01,3.872742241743577324e+04
4.002083333333332860e+01,3.872741430161625613e+04
4.004166666666666430e+01,3.872740605848781706e+04
4.006250000000000000e+01,3.872739769349300332e+04
4.008333333333332860e+01,3.872738921217004099e+04
4.010416666666666430e+01,3.872738062014878233e+04
4.012500000000000000e+01,3.872737192314652930e+04
4.014583333333332860e+01,3.872736312696427194e+04
4.016666666666666430e+01,3.872735423748259927e+04
4.018750000000000000e+01,3.872734526065751561e+04
4.020833333333332860e+01,3.872733620251661341e+04
4.022916666666666430e+01,3.872732706915511517e+04
4.025000000000000000e+01,3.872731786673152965e+04
4.027083333333332860e+01,3.872730860146413761e+04
4.029166666666666430e+01,3.872729927962666261e+04
4.031250000000000000e+01,3.872728990754434199e+04
4.033333333333332860e+01,3.872728049158999056e+04
4.035416666666666430e+01,3.872727103817980242e+04
4.037500000000000000e+01,3.872726155376922543e+04
4.039583333333332860e+01,3.872725204484895949e+04
4.041666666666666430e+01,3.872724251794075099e+04
4.043750000000000000e+01,3.872723297959297633e+04
4.045833333333332860e+01,3.872722343637652375e+04
4.047916666666666430e+01,3.872721389488054410e+04
4.050000000000000000e+01,3.872720436170788889e+04
4.052083333333332860e+01,3.872719484347099205e+04
4.054166666666666430e+01,3.872718534678722062e+04
4.056250000000000000e+01,3.872717587827469106e+04
4.058333333333332860e+01,3.872716644454778725e+04
4.060416666666666430e+01,3.872715705221278768e+04
4.062500000000000000e+01,3.872714770786335430e+04
4.064583333333332860e+01,3.872713841807619610e+04
4.066666666666666430e+01,3.872712918940679083e+04
4.068750000000000000e+01,3.872712002838485205e+04
4.070833333333332860e+01,3.872711094151017460e+04
4.072916666666666430e+01,3.872710193524798524e+04
4.075000000000000000e+01,3.872709301602500636e+04
4.077083333333332860e+01,3.872708419022479211e+04
4.079166666666666430e+01,3.872707546418370475e+04
4.081250000000000000e+01,3.872706684418641817e+04
4.083333333333332860e+01,3.872705833646187239e+04
4.085416666666666430e+01,3.872704994717891532e+04
4.087500000000000000e+01,3.872704168244211905e+04
4.089583333333332860e+01,3.872703354828753800e+04
4.091666666666666430e+01,3.872702555067874346e+04
4.093750000000000000e+01,3.872701769550258905e+04
4.095833333333332860e+01,3.872700998856505612e+04
4.097916666666666430e+01,3.872700243558745569e+04
4.100000000000000000e+01,3.872699504220228118e+04
4.102083333333332860e+01,3.872698781394927209e+04
4.104166666666666430e+01,3.872698075627168873e+04
4.106250000000000000e+01,3.872697387451246323e+04
4.108333333333332860e+01,3.872696717391032143e+04
4.110416666666666430e+01,3.872696065959626139e+04
4.112500000000000000e+01,3.872695433658981347e+04
4.114583333333332860e+01,3.872694820979569340e+04
4.116666666666666430e+01,3.872694228400014254e+04
4.118750000000000000e+01,3.872693656386747898e+04
4.120833333333332860e+01,3.872693105393703445e+04
4.122916666666666430e+01,3.872692575861962541e+04
4.125000000000000000e+01,3.872692068219466455e+04
4.127083333333332860e+01,3.872691582880674105e+04
4.129166666666666430e+01,3.872691120246284117e+04
4.131250000000000000e+01,3.872690680702935060e+04
4.133333333333332860e+01,3.872690264622933319e+04
4.135416666666666430e+01,3.872689872363959148e+04
4.137500000000000000e+01,3.872689504268814926e+04
4.139583333333332860e+01,3.872689160665162490e+04
4.141666666666666430e+01,3.872688841865284485e+04
4.143750000000000000e+01,3.872688548165839893e+04
4.145833333333332860e+01,3.872688279847655940e+04
4.147916666666666430e+01,3.872688037175481440e+04
4.150000000000000000e+01,3.872687820397809992e+04
4.152083333333332860e+01,3.872687629746678431e+04
4.154166666666666430e+01,3.872687465437471838e+04
4.156250000000000000e+01,3.872687327668770740e+04
4.158333333333332860e+01,3.872687216622170672e+04
4.160416666666666430e+01,3.872687132462143200e+04
4.162500000000000000e+01,3.872687075335896952e+04
4.164583333333332860e+01,3.872687045373244473e+04
4.166666666666666430e+01,3.872687042686490895e+04
4.168750000000000000e+01,3.872687067370334262e+04
4.170833333333332860e+01,3.872687119501754933e+04
4.172916666666666430e+01,3.872687199139953736e+04
4.175000000000000000e+01,3.872687306326287217e+04
4.177083333333332860e+01,3.872687441084180318e+04
4.179166666666666430e+01,3.872687603419120569e+04
4.181250000000000000e+01,3.872687793318587501e+04
4.183333333333332860e+01,3.872688010752075934e+04
4.185416666666666430e+01,3.872688255671033403e+04
4.187500000000000000e+01,3.872688528008927824e+04
4.189583333333332860e+01,3.872688827681198018e+04
4.191666666666666430e+01,3.872689154585334472e+04
4.193750000000000000e+01,3.872689508600893168e+04
4.195833333333332860e+01,3.872689889589559607e+04
4.197916666666666430e+01,3.872690297395213565e+04
4.200000000000000000e+01,3.872690731843990943e+04
4.202083333333332860e+01,3.872691192744402360e+04
4.204166666666666430e+01,3.872691679887416831e+04
4.206250000000000000e+01,3.872692193046575267e+04
4.208333333333332860e+01,3.872692731978128722e+04
4.210416666666666430e+01,3.872693296421160630e+04
4.212500000000000000e+01,3.872693886097760696e+04
4.214583333333332860e+01,3.872694500713158050e+04
4.216666666666666430e+01,3.872695139955928607e+04
4.218750000000000000e+01,3.872695803498147870e+04
4.220833333333332860e+01,3.872696490995607019e+04
4.222916666666666430e+01,3.872697202088029007e+04
4.225000000000000000e+01,3.872697936399270111e+04
4.227083333333332860e+01,3.872698693537550571e+04
4.229166666666666430e+01,3.872699473095731810e+04
4.231250000000000000e+01,3.872700274651520886e+04
4.233333333333332860e+01,3.872701097767774627e+04
4.235416666666666430e+01,3.872701941992741195e+04
4.237500000000000000e+01,3.872702806860374403e+04
4.239583333333332860e+01,3.872703691890618938e+04
4.241666666666666430e+01,3.872704596589718130e+04
4.243750000000000000e+01,3.872705520450501353e+04
4.245833333333332860e+01,3.872706462952755101e+04
4.247916666666666430e+01,3.872707423563530756e+04
4.250000000000000000e+01,3.872708401737495296e+04
4.252083333333332860e+01,3.872709396917276899e+04
4.254166666666666430e+01,3.872710408533824375e+04
4.256250000000000000e+01,3.872711436006786244e+04
4.258333333333332860e+01,3.872712478744905820e+04
4.260416666666666430e+01,3.872713536146361730e+04
4.262500000000000000e+01,3.872714607599192095e+04
4.264583333333332860e+01,3.872715692481691076e+04
4.266666666666666430e+01,3.872716790162821417e+04
4.268750000000000000e+01,3.872717900002623355e+04
4.270833333333332860e+01,3.872719021352627897e+04
4.272916666666666430e+01,3.872720153556289733e+04
4.275000000000000000e+01,3.872721295949447813e+04
4.277083333333332860e+01,3.872722447860708780e+04
4.279166666666666430e+01,3.872723608611949749e+04
4.281250000000000000e+01,3.872724777518722840e+04
4.283333333333332860e+01,3.872725953890733217e+04
4.285416666666666430e+01,3.872727137032297469e+04
4.287500000000000000e+01,3.872728326242794719e+04
4.289583333333332860e+01,3.872729520817123557e+04
4.291666666666666430e+01,3.872730720046209171e+04
4.293750000000000000e+01,3.872731923217427538e+04
4.295833333333332860e+01,3.872733129615111829e+04
4.297916666666666430e+01,3.872734338521013706e+04
4.300000000000000000e+01,3.872735549214779894e+04
4.302083333333332860e+01,3.872736760974442586e+04
4.304166666666666430e+01,3.872737973076889466e+04
4.306250000000000000e+01,3.872739184798335918e+04
4.308333333333332860e+01,3.872740395414813247e+04
4.310416666666666430e+01,3.872741604202659073e+04
4.312500000000000000e+01,3.872742810438979359e+04
4.314583333333332860e+01,3.872744013402114797e+04
4.316666666666666430e+01,3.872745212372145033e+04
4.318750000000000000e+01,3.872746406631339778e+04
4.320833333333332860e+01,3.872747595464632468e+04
4.322916666666666430e+01,3.872748778160094662e+04
4.325000000000000000e+01,3.872749954009384965e+04
4.327083333333332860e+01,3.872751122308214690e+04
4.329166666666666430e+01,3.872752282356820069e+04
4.331250000000000000e+01,3.872753433460367523e+04
4.333333333333332860e+01,3.872754574929457158e+04
4.335416666666666430e+01,3.872755706080507662e+04
4.337500000000000000e+01,3.872756826236225606e+04
4.339583333333332860e+01,3.872757934726017265e+04
4.341666666666666430e+01,3.872759030886418623e+04
4.343750000000000000e+01,3.872760114061500644e+04
4.345833333333332860e+01,3.872761183603283280e+04
4.347916666666666430e+01,3.872762238872160378e+04
4.350000000000000000e+01,3.872763279237261304e+04
4.352083333333332860e+01,3.872764304076857661e+04
4.354166666666666430e+01,3.872765312778771477e+04
4.356250000000000000e+01,3.872766304740734631e+04
4.358333333333332860e+01,3.872767279370778851e+04
4.360416666666666430e+01,3.872768236087630066e+04
4.362500000000000000e+01,3.872769174321054015e+04
4.364583333333332860e+01,3.872770093512281164e+04
4.366666666666666430e+01,3.872770993114348676e+04
4.368750000000000000e+01,3.872771872592515138e+04
4.370833333333332860e+01,3.872772731424652011e+04
4.372916666666666430e+01,3.872773569101643079e+04
4.375000000000000000e+01,3.872774385127801361e+04
4.377083333333332860e+01,3.872775179021320218e+04
4.379166666666666430e+01,3.872775950314674265e+04
4.381250000000000000e+01,3.872776698555133771e+04
4.383333333333332860e+01,3.872777423305227421e+04
4.385416666666666430e+01,3.872778124143241439e+04
4.387500000000000000e+01,3.872778800663747825e+04
4.389583333333332860e+01,3.872779452478154417e+04
4.391666666666666430e+01,3.872780079215265141e+04
4.393750000000000000e+01,3.872780680521861359e+04
4.395833333333332860e+01,3.872781256063265027e+04
4.397916666666666430e+01,3.872781805523949879e+04
4.400000000000000000e+01,3.872782328608125681e+04
4.402083333333332860e+01,3.872782825040297030e+04
4.404166666666666430e+01,3.872783294565804681e+04
4.406250000000000000e+01,3.872783736951344326e+04
4.408333333333332860e+01,3.872784151985422068e+04
4.410416666666666430e+01,3.872784539478731313e+04
4.412500000000000000e+01,3.872784899264475825e+04
4.414583333333332860e+01,3.872785231198590918e+04
4.416666666666666430e+01,3.872785535159863502e+04
4.418750000000000000e+01,3.872785811049952463e+04
4.420833333333332860e+01,3.872786058793257689e+04
4.422916666666666430e+01,3.872786278336712712e+04
4.425000000000000000e+01,3.872786469649440551e+04
4.427083333333332860e+01,3.872786632722296781e+04
4.429166666666666430e+01,3.872786767567295465e+04
4.431250000000000000e+01,3.872786874216971773e+04
4.433333333333332860e+01,3.872786952723655122e+04
4.435416666666666430e+01,3.872787003158713924e+04
4.437500000000000000e+01,3.872787025611718855e+04
4.439583333333332860e+01,3.872787020189651230e+04
4.441666666666666430e+01,3.872786987016112107e+04
4.443750000000000000e+01,3.872786926230549579e+04
4.445833333333332860e+01,3.872786837987571198e+04
4.447916666666666430e+01,3.872786722456302959e+04
4.450000000000000000e+01,3.872786579819839972e+04
4.452083333333332860e+01,3.872786410274791706e+04
4.454166666666666430e+01,3.872786214030939300e+04
4.456250000000000000e+01,3.872785991310930694e+04
4.458333333333332860e+01,3.872785742350096552e+04
4.460416666666666430e+01,3.872785467396366585e+04
4.462500000000000000e+01,3.872785166710200428e+04
4.464583333333332860e+01,3.872784840564584738e+04
4.466666666666666430e+01,3.872784489245076838e+04
4.468750000000000000e+01,3.872784113049861480e+04
4.470833333333332860e+01,3.872783712289811228e+04
4.472916666666666430e+01,3.872783287288547581e+04
4.475000000000000000e+01,3.872782838382462796e+04
4.477083333333332860e+01,3.872782365920773009e+04
4.479166666666666430e+01,3.872781870265480393e+04
4.481250000000000000e+01,3.872781351791326597e+04
4.483333333333332860e+01,3.872780810885745450e+04
4.485416666666666430e+01,3.872780247948732722e+04
4.487500000000000000e+01,3.872779663392734801e+04
4.489583333333332860e+01,3.872779057642454427e+04
4.491666666666666430e+01,3.872778431134718267e+04
4.493750000000000000e+01,3.872777784318230260e+04
4.495833333333332860e+01,3.872777117653388268e+04
4.497916666666666430e+01,3.872776431612054148e+04
4.500000000000000000e+01,3.872775726677295461e+04
4.502083333333332860e+01,3.872775003343158460e+04
4.504166666666666430e+01,3.872774262114410521e+04
4.506250000000000000e+01,3.872773503506268753e+04
4.508333333333332860e+01,3.872772728044125688e+04
4.510416666666666430e+01,3.872771936263269890e+04
4.512500000000000000e+01,3.872771128708578181e+04
4.514583333333332860e+01,3.872770305934217322e+04
4.516666666666666430e+01,3.872769468503298413e+04
4.518750000000000000e+01,3.872768616987565474e+04
4.520833333333332860e+01,3.872767751967035292e+04
4.522916666666666430e+01,3.872766874029603059e+04
4.525000000000000000e+01,3.872765983770697494e+04
4.527083333333332860e+01,3.872765081792886485e+04
4.529166666666666430e+01,3.872764168705474003e+04
4.531250000000000000e+01,3.872763245124076639e+04
4.533333333333332860e+01,3.872762311670235795e+04
4.535416666666666430e+01,3.872761368970976037e+04
4.537500000000000000e+01,3.872760417658392544e+04
4.539583333333332860e+01,3.872759458369227650e+04
4.541666666666666430e+01,3.872758491744432831e+04
4.543750000000000000e+01,3.872757518428745971e+04
4.545833333333332860e+01,3.872756539070254803e+04
4.547916666666666430e+01,3.872755554319982184e+04
4.550000000000000000e+01,3.872754564831418247e+04
4.552083333333332860e+01,3.872753571260134049e+04
4.554166666666666430e+01,3.872752574263307906e+04
4.556250000000000000e+01,3.872751574499301205e+04
4.558333333333332860e+01,3.872750572627232759e+04
4.560416666666666430e+01,3.872749569306521153e+04
4.562500000000000000e+01,3.872748565196451818e+04
4.564583333333332860e+01,3.872747560955738300e+04
4.566666666666666430e+01,3.872746557242065319e+04
4.568750000000000000e+01,3.872745554711667501e+04
4.570833333333332860e+01,3.872744554018851341e+04
4.572916666666666430e+01,3.872743555815594300e+04
4.575000000000000000e+01,3.872742560751065321e+04
4.577083333333332860e+01,3.872741569471199182e+04
4.579166666666666430e+01,3.872740582618266490e+04
4.581250000000000000e+01,3.872739600830413838e+04
4.583333333333332860e+01,3.872738624741265085e+04
4.585416666666666430e+01,3.872737654979468789e+04
4.587500000000000000e+01,3.872736692168268200e+04
4.589583333333332860e+01,3.872735736925106175e+04
4.591666666666666430e+01,3.872734789861187892e+04
4.593750000000000000e+01,3.872733851581069030e+04
4.595833333333332860e+01,3.872732922682263597e+04
4.597916666666666430e+01,3.872732003754835750e+04
4.600000000000000000e+01,3.872731095380977058e+04
4.602083333333332860e+01,3.872730198134650709e+04
4.604166666666666430e+01,3.872729312581178237e+04
4.606250000000000000e+01,3.872728439276864810e+04
4.608333333333332860e+01,3.872727578768630337e+04
4.610416666666666430e+01,3.872726731593619479e+04
4.612500000000000000e+01,3.872725898278845125e+04
4.614583333333332860e+01,3.872725079340832599e+04
4.616666666666666430e+01,3.872724275285271142e+04
4.618750000000000000e+01,3.872723486606668303e+04
4.620833333333332860e+01,3.872722713787994144e+04
4.622916666666666430e+01,3.872721957300374197e+04
4.625000000000000000e+01,3.872721217602764227e+04
4.627083333333332860e+01,3.872720495141628635e+04
4.629166666666666430e+01,3.872719790350646508e+04
4.631250000000000000e+01,3.872719103650411125e+04
4.633333333333332860e+01,3.872718435448130913e+04
4.635416666666666430e+01,3.872717786137382063e+04
4.637500000000000000e+01,3.872717156097817497e+04
4.639583333333332860e+01,3.872716545694902743e+04
4.641666666666666430e+01,3.872715955279686023e+04
4.643750000000000000e+01,3.872715385188550135e+04
4.645833333333332860e+01,3.872714835742978175e+04
4.647916666666666430e+01,3.872714307249347621e+04
4.650000000000000000e+01,3.872713799998686591e+04
4.652083333333332860e+01,3.872713314266523957e+04
4.654166666666666430e+01,3.872712850312668161e+04
4.656250000000000000e+01,3.872712408381044952e+04
4.658333333333332860e+01,3.872711988699498761e+04
4.660416666666666430e+01,3.872711591479673370e+04
4.662500000000000000e+01,3.872711216916864214e+04
4.664583333333332860e+01,3.872710865189864853e+04
4.666666666666666430e+01,3.872710536460847652e+04
4.668750000000000000e+01,3.872710230875263369e+04
4.670833333333332860e+01,3.872709948561742203e+04
4.672916666666666430e+01,3.872709689632001391e+04
4.675000000000000000e+01,3.872709454180762987e+04
4.677083333333332860e+01,3.872709242285700748e+04
4.679166666666666430e+01,3.872709054007389204e+04
4.681250000000000000e+01,3.872708889389247634e+04
4.683333333333332860e+01,3.872708748457531328e+04
4.685416666666666430e+01,3.872708631221309042e+04
4.687500000000000000e+01,3.872708537672448438e+04
4.689583333333332860e+01,3.872708467785638641e+04
4.691666666666666430e+01,3.872708421518402611e+04
4.693750000000000000e+01,3.872708398811126244e+04
4.695833333333332860e+01,3.872708399587110762e+04
4.697916666666666430e+01,3.872708423752621457e+04
4.700000000000000000e+01,3.872708471196966275e+04
4.702083333333332860e+01,3.872708541792559117e+04
4.704166666666666430e+01,3.872708635395022429e+04
4.706250000000000000e+01,3.872708751843298523e+04
4.708333333333332860e+01,3.872708890959739801e+04
4.710416666666666430e+01,3.872709052550269553e+04
4.712500000000000000e+01,3.872709236404502008e+04
4.714583333333332860e+01,3.872709442295892222e+04
4.716666666666666430e+01,3.872709669981900515e+04
4.718750000000000000e+01,3.872709919204181642e+04
4.720833333333332860e+01,3.872710189688743412e+04
4.722916666666666430e+01,3.872710481146167149e+04
4.725000000000000000e+01,3.872710793271807779e+04
4.727083333333332860e+01,3.872711125746009930e+04
4.729166666666666430e+01,3.872711478234342212e+04
4.731250000000000000e+01,3.872711850387828599e+04
4.733333333333332860e+01,3.872712241843208176e+04
4.735416666666666430e+01,3.872712652223201439e+04
4.737500000000000000e+01,3.872713081136775872e+04
4.739583333333332860e+01,3.872713528179426794e+04
4.741666666666666430e+01,3.872713992933461850e+04
4.743750000000000000e+01,3.872714474968325521e+04
4.745833333333332860e+01,3.872714973840887978e+04
4.747916666666666430e+01,3.872715489095774683e+04
4.750000000000000000e+01,3.872716020265698171e+04
4.752083333333332860e+01,3.872716566871789837e+04
4.754166666666666430e+01,3.872717128423960821e+04
4.756250000000000000e+01,3.872717704421232338e+04
4.758333333333332860e+01,3.872718294352129305e+04
4.760416666666666430e+01,3.872718897695034684e+04
4.762500000000000000e+01,3.872719513918570738e+04
4.764583333333332860e+01,3.872720142481991206e+04
4.766666666666666430e+01,3.872720782835573482e+04
4.768750000000000000e+01,3.872721434421026061e+04
4.770833333333332860e+01,3.872722096671871986e+04
4.772916666666666430e+01,3.872722769013918878e+04
4.775000000000000000e+01,3.872723450865605992e+04
4.777083333333332860e+01,3.872724141638495348e+04
4.779166666666666430e+01,3.872724840737667546e+04
4.781250000000000000e+01,3.872725547562186694e+04
4.783333333333332860e+01,3.872726261505509319e+04
4.785416666666666430e+01,3.872726981955964584e+04
4.787500000000000000e+01,3.872727708297203208e+04
4.789583333333332860e+01,3.872728439908639120e+04
4.791666666666666430e+01,3.872729176165915851e+04
4.793750000000000000e+01,3.872729916441391106e+04
4.795833333333332860e+01,3.872730660104580602e+04
4.797916666666666430e+01,3.872731406522645557e+04
4.800000000000000000e+01,3.872732155060869991e+04
4.802083333333332860e+01,3.872732905083127116e+04
4.804166666666666430e+01,3.872733655952374829e+04
4.806250000000000000e+01,3.872734407031130104e+04
4.808333333333332860e+01,3.872735157681963028e+04
4.810416666666666430e+01,3.872735907267966832e+04
4.812500000000000000e+01,3.872736655153272295e+04
4.814583333333332860e+01,3.872737400703516323e+04
4.816666666666666430e+01,3.872738143286362902e+04
4.818750000000000000e+01,3.872738882271950570e+04
4.820833333333332860e+01,3.872739617033427203e+04
4.822916666666666430e+01,3.872740346947431681e+04
4.825000000000000000e+01,3.872741071394581377e+04
4.827083333333332860e+01,3.872741789759965468e+04
4.829166666666666430e+01,3.872742501433655707e+04
4.831250000000000000e+01,3.872743205811184453e+04
4.833333333333332860e+01,3.872743902294033614e+04
4.835416666666666430e+01,3.872744590290138149e+04
4.837500000000000000e+01,3.872745269214374275e+04
4.839583333333332860e+01,3.872745938489035325e+04
4.841666666666666430e+01,3.872746597544323595e+04
4.843750000000000000e+01,3.872747245818826195e+04
4.845833333333332860e+01,3.872747882760005450e+04
4.847916666666666430e+01,3.872748507824649278e+04
4.850000000000000000e+01,3.872749120479341946e+04
4.852083333333332860e+01,3.872749720200934098e+04
4.854166666666666430e+01,3.872750306476987316e+04
4.856250000000000000e+01,3.872750878806203400e+04
4.858333333333332860e+01,3.872751436698860925e+04
4.860416666666666430e+01,3.872751979677224881e+04
4.862500000000000000e+01,3.872752507275942480e+04
4.864583333333332860e+01,3.872753019042450615e+04
4.866666666666666430e+01,3.872753514537288720e+04
4.868750000000000000e+01,3.872753993334466213e+04
4.870833333333332860e+01,3.872754455021769536e+04
4.872916666666666430e+01,3.872754899201034277e+04
4.875000000000000000e+01,3.872755325488392555e+04
4.877083333333332860e+01,3.872755733514505846e+04
4.879166666666666430e+01,3.872756122924698866e+04
4.881250000000000000e+01,3.872756493379128369e+04
4.883333333333332860e+01,3.872756844552850089e+04
4.885416666666666430e+01,3.872757176135879854e+04
4.887500000000000000e+01,3.872757487833166670e+04
4.889583333333332860e+01,3.872757779364557791e+04
4.891666666666666430e+01,3.872758050464711414e+04
4.893750000000000000e+01,3.872758300882930052e+04
4.895833333333332860e+01,3.872758530383009202e+04
4.897916666666666430e+01,3.872758738743027061e+04
4.900000000000000000e+01,3.872758925755085511e+04
4.902083333333332860e+01,3.872759091225062002e+04
4.904166666666666430e+01,3.872759234972362901e+04
4.906250000000000000e+01,3.872759356829660828e+04
4.908333333333332860e+01,3.872759456642623991e+04
4.910416666666666430e+01,3.872759534269737196e+04
4.912500000000000000e+01,3.872759589582119952e+04
4.914583333333332860e+01,3.872759622463403502e+04
4.916666666666666430e+01,3.872759632809695177e+04
4.918750000000000000e+01,3.872759620529590029e+04
4.920833333333332860e+01,3.872759585544282891e+04
4.922916666666666430e+01,3.872759527787770639e+04
4.925000000000000000e+01,3.872759447207125777e+04
4.927083333333332860e+01,3.872759343762840581e+04
4.929166666666666430e+01,3.872759217429284035e+04
4.931250000000000000e+01,3.872759068195182044e+04
4.933333333333332860e+01,3.872758896064167493e+04
4.935416666666666430e+01,3.872758701055347046e+04
4.937500000000000000e+01,3.872758483203883952e+04
4.939583333333332860e+01,3.872758242561577208e+04
4.941666666666666430e+01,3.872757979197402165e+04
4.943750000000000000e+01,3.872757693198005290e+04
4.945833333333332860e+01,3.872757384668117447e+04
4.947916666666666430e+01,3.872757053730922780e+04
4.950000000000000000e+01,3.872756700528309739e+04
4.952083333333332860e+01,3.872756325221036968e+04
4.954166666666666430e+01,3.872755927988777694e+04
4.956250000000000000e+01,3.872755509030100802e+04
4.958333333333332860e+01,3.872755068562334054e+04
4.960416666666666430e+01,3.872754606821379275e+04
4.962500000000000000e+01,3.872754124061403127e+04
4.964583333333332860e+01,3.872753620554505324e+04
4.966666666666666430e+01,3.872753096590333007e+04
4.968750000000000000e+01,3.872752552475671109e+04
4.970833333333332860e+01,3.872751988533998519e+04
4.972916666666666430e+01,3.872751405105026060e+04
4.975000000000000000e+01,3.872750802544248290e+04
4.977083333333332860e+01,3.872750181222530227e+04
4.979166666666666430e+01,3.872749541525642417e+04
4.981250000000000000e+01,3.872748883853848383e+04
4.983333333333332860e+01,3.872748208621511731e+04
4.985416666666666430e+01,3.872747516256700328e+04
4.987500000000000000e+01,3.872746807200791227e+04
4.989583333333332860e+01,3.872746081908106135e+04
4.991666666666666430e+01,3.872745340845578176e+04
4.993750000000000000e+01,3.872744584492321883e+04
4.995833333333332860e+01,3.872743813339311600e+04
4.997916666666666430e+01,3.872743027889000950e+04
5.000000000000000000e+01,3.872742228654942301e+04
5.002083333333332860e+01,3.872741416161406232e+04
5.004166666666666430e+01,3.872740590943002462e+04
5.006250000000000000e+01,3.872739753544274572e+04
5.008333333333332860e+01,3.872738904519327480e+04
5.010416666666666430e+01,3.872738044431388698e+04
5.012500000000000000e+01,3.872737173852435808e+04
5.014583333333332860e+01,3.872736293362789002e+04
5.016666666666666430e+01,3.872735403550710907e+04
5.018750000000000000e+01,3.872734505011982401e+04
5.020833333333332860e+01,3.872733598349530803e+04
5.022916666666666430e+01,3.872732684173025336e+04
5.025000000000000000e+01,3.872731763098447118e+04
5.027083333333332860e+01,3.872730835747751553e+04
5.029166666666666430e+01,3.872729902748408495e+04
5.031250000000000000e+01,3.872728964733047906e+04
5.033333333333332860e+01,3.872728022339029121e+04
5.035416666666666430e+01,3.872727076208050130e+04
5.037500000000000000e+01,3.872726126985740848e+04
5.039583333333332860e+01,3.872725175321238930e+04
5.041666666666666430e+01,3.872724221866779408e+04
5.043750000000000000e+01,3.872723267277261766e+04
5.045833333333332860e+01,3.872722312209849770e+04
5.047916666666666430e+01,3.872721357323499979e+04
5.050000000000000000e+01,3.872720403278563754e+04
5.052083333333332860e+01,3.872719450736331783e+04
5.054166666666666430e+01,3.872718500358597521e+04
5.056250000000000000e+01,3.872717552807213360e+04
5.058333333333332860e+01,3.872716608743666438e+04
5.060416666666666430e+01,3.872715668828620255e+04
5.062500000000000000e+01,3.872714733721474477e+04
5.064583333333332860e+01,3.872713804079944384e+04
5.066666666666666430e+01,3.872712880559602490e+04
5.068750000000000000e+01,3.872711963813451439e+04
5.070833333333332860e+01,3.872711054491490358e+04
5.072916666666666430e+01,3.872710153240269574e+04
5.075000000000000000e+01,3.872709260702482425e+04
5.077083333333332860e+01,3.872708377516509790e+04
5.079166666666666430e+01,3.872707504315999540e+04
5.081250000000000000e+01,3.872706641729451076e+04
5.083333333333332860e+01,3.872705790379764949e+04
5.085416666666666430e+01,3.872704950883849961e+04
5.087500000000000000e+01,3.872704123852183693e+04
5.089583333333332860e+01,3.872703309888388321e+04
5.091666666666666430e+01,3.872702509588844987e+04
5.093750000000000000e+01,3.872701723542243417e+04
5.095833333333332860e+01,3.872700952329210850e+04
5.097916666666666430e+01,3.872700196521890757e+04
5.100000000000000000e+01,3.872699456683541212e+04
5.102083333333332860e+01,3.872698733368163084e+04
5.104166666666666430e+01,3.872698027120088227e+04
5.106250000000000000e+01,3.872697338473622949e+04
5.108333333333332860e+01,3.872696667952647840e+04
5.110416666666666430e+01,3.872696016070278711e+04
5.112500000000000000e+01,3.872695383328480966e+04
5.114583333333332860e+01,3.872694770217726909e+04
5.116666666666666430e+01,3.872694177216649405e+04
5.118750000000000000e+01,3.872693604791696998e+04
5.120833333333332860e+01,3.872693053396799951e+04
5.122916666666666430e+01,3.872692523473058100e+04
5.125000000000000000e+01,3.872692015448404709e+04
5.127083333333332860e+01,3.872691529737311066e+04
5.129166666666666430e+01,3.872691066740480892e+04
5.131250000000000000e+01,3.872690626844561484e+04
5.133333333333332860e+01,3.872690210421862139e+04
5.135416666666666430e+01,3.872689817830064567e+04
5.137500000000000000e+01,3.872689449411968235e+04
5.139583333333332860e+01,3.872689105495250260e+04
5.141666666666666430e+01,3.872688786392192560e+04
5.143750000000000000e+01,3.872688492399451206e+04
5.145833333333332860e+01,3.872688223797854153e+04
5.147916666666666430e+01,3.872687980852153851e+04
5.150000000000000000e+01,3.872687763810840988e+04
5.152083333333332860e+01,3.872687572905951674e+04
5.154166666666666430e+01,3.872687408352870261e+04
5.156250000000000000e+01,3.872687270350170729e+04
5.158333333333332860e+01,3.872687159079447156e+04
5.160416666666666430e+01,3.872687074705167470e+04
5.162500000000000000e+01,3.872687017374537390e+04
5.164583333333332860e+01,3.872686987217355636e+04
5.166666666666666430e+01,3.872686984345936071e+04
5.168750000000000000e+01,3.872687008854952001e+04
5.170833333333332860e+01,3.872687060821390332e+04
5.172916666666666430e+01,3.872687140304443892e+04
5.175000000000000000e+01,3.872687247345445212e+04
5.177083333333332860e+01,3.872687381967829424e+04
5.179166666666666430e+01,3.872687544177057134e+04
5.181250000000000000e+01,3.872687733960608603e+04
5.183333333333332860e+01,3.872687951287961187e+04
5.185416666666666430e+01,3.872688196110559511e+04
5.187500000000000000e+01,3.872688468361838750e+04
5.189583333333332860e+01,3.872688767957243545e+04
5.191666666666666430e+01,3.872689094794238190e+04
5.193750000000000000e+01,3.872689448752372118e+04
5.195833333333332860e+01,3.872689829693307547e+04
5.197916666666666430e+01,3.872690237460900244e+04
5.200000000000000000e+01,3.872690671881282469e+04
5.202083333333332860e+01,3.872691132762943016e+04
5.204166666666666430e+01,3.872691619896822522e+04
5.206250000000000000e+01,3.872692133056442981e+04
5.208333333333332860e+01,3.872692671998038713e+04
5.210416666666666430e+01,3.872693236460674962e+04
5.212500000000000000e+01,3.872693826166405051e+04
5.214583333333332860e+01,3.872694440820450109e+04
5.216666666666666430e+01,3.872695080111342395e+04
5.218750000000000000e+01,3.872695743711145042e+04
5.220833333333332860e+01,3.872696431275618670e+04
5.222916666666666430e+01,3.872697142444454221e+04
5.225000000000000000e+01,3.872697876841483958e+04
5.227083333333332860e+01,3.872698634074902657e+04
5.229166666666666430e+01,3.872699413737527357e+04
5.231250000000000000e+01,3.872700215407041105e+04
5.233333333333332860e+01,3.872701038646264351e+04
5.235416666666666430e+01,3.872701883003417606e+04
5.237500000000000000e+01,3.872702748012416123e+04
5.239583333333332860e+01,3.872703633193168207e+04
5.241666666666666430e+01,3.872704538051870622e+04
5.243750000000000000e+01,3.872705462081327278e+04
5.245833333333332860e+01,3.872706404761278827e+04
5.247916666666666430e+01,3.872707365558738820e+04
5.250000000000000000e+01,3.872708343928329123e+04
5.252083333333332860e+01,3.872709339312627708e+04
5.254166666666666430e+01,3.872710351142551372e+04
5.256250000000000000e+01,3.872711378837704979e+04
5.258333333333332860e+01,3.872712421806764178e+04
5.260416666666666430e+01,3.872713479447875579e+04
5.262500000000000000e+01,3.872714551149024919e+04
5.264583333333332860e+01,3.872715636288448877e+04
5.266666666666666430e+01,3.872716734235060721e+04
5.268750000000000000e+01,3.872717844348850485e+04
5.270833333333332860e+01,3.872718965981288056e+04
5.272916666666666430e+01,3.872720098475771374e+04
5.275000000000000000e+01,3.872721241168078996e+04
5.277083333333332860e+01,3.872722393386762997e+04
5.279166666666666430e+01,3.872723554453628458e+04
5.281250000000000000e+01,3.872724723684172932e+04
5.283333333333332860e+01,3.872725900388034643e+04
5.285416666666666430e+01,3.872727083869455964e+04
5.287500000000000000e+01,3.872728273427746899e+04
5.289583333333332860e+01,3.872729468357749283e+04
5.291666666666666430e+01,3.872730667950291536e+04
5.293750000000000000e+01,3.872731871492693608e+04
5.295833333333332860e+01,3.872733078269199177e+04
5.297916666666666430e+01,3.872734287561484234e+04
5.300000000000000000e+01,3.872735498649122019e+04
5.302083333333332860e+01,3.872736710810047953e+04
5.304166666666666430e+01,3.872737923321067501e+04
5.306250000000000000e+01,3.872739135458307283e+04
5.308333333333332860e+01,3.872740346497719293e+04
5.310416666666666430e+01,3.872741555715534923e+04
5.312500000000000000e+01,3.872742762388759729e+04
5.314583333333332860e+01,3.872743965795654367e+04
5.316666666666666430e+01,3.872745165216184250e+04
5.318750000000000000e+01,3.872746359932519408e+04
5.320833333333332860e+01,3.872747549229494325e+04
5.322916666666666430e+01,3.872748732395062689e+04
5.325000000000000000e+01,3.872749908720782696e+04
5.327083333333332860e+01,3.872751077502252883e+04
5.329166666666666430e+01,3.872752238039593794e+04
5.331250000000000000e+01,3.872753389637864166e+04
5.333333333333332860e+01,3.872754531607534591e+04
5.335416666666666430e+01,3.872755663264918257e+04
5.337500000000000000e+01,3.872756783932603139e+04
5.339583333333332860e+01,3.872757892939881276e+04
5.341666666666666430e+01,3.872758989623157686e+04
5.343750000000000000e+01,3.872760073326404381e+04
5.345833333333332860e+01,3.872761143401529989e+04
5.347916666666666430e+01,3.872762199208798120e+04
5.350000000000000000e+01,3.872763240117247187e+04
5.352083333333332860e+01,3.872764265505044023e+04
5.354166666666666430e+01,3.872765274759918248e+04
5.356250000000000000e+01,3.872766267279509339e+04
5.358333333333332860e+01,3.872767242471779173e+04
5.360416666666666430e+01,3.872768199755377282e+04
5.362500000000000000e+01,3.872769138560022111e+04
5.364583333333332860e+01,3.872770058326888102e+04
5.366666666666666430e+01,3.872770958509000775e+04
5.368750000000000000e+01,3.872771838571609987e+04
5.370833333333332860e+01,3.872772697992586473e+04
5.372916666666666430e+01,3.872773536262852576e+04
5.375000000000000000e+01,3.872774352886775887e+04
5.377083333333332860e+01,3.872775147382605792e+04
5.379166666666666430e+01,3.872775919282925315e+04
5.381250000000000000e+01,3.872776668135121872e+04
5.383333333333332860e+01,3.872777393501853658e+04
5.385416666666666430e+01,3.872778094961569150e+04
5.387500000000000000e+01,3.872778772109016427e+04
5.389583333333332860e+01,3.872779424555789592e+04
5.391666666666666430e+01,3.872780051930887566e+04
5.393750000000000000e+01,3.872780653881285252e+04
5.395833333333332860e+01,3.872781230072514882e+04
5.397916666666666430e+01,3.872781780189226993e+04
5.400000000000000000e+01,3.872782303935799428e+04
5.402083333333332860e+01,3.872782801036869205e+04
5.404166666666666430e+01,3.872783271237893496e+04
5.406250000000000000e+01,3.872783714305613103e+04
5.408333333333332860e+01,3.872784130028521031e+04
5.410416666666666430e+01,3.872784518217247387e+04
5.412500000000000000e+01,3.872784878704856237e+04
5.414583333333332860e+01,3.872785211347053701e+04
5.416666666666666430e+01,3.872785516022317461e+04
5.418750000000000000e+01,3.872785792631901859e+04
5.420833333333332860e+01,3.872786041099730210e+04
5.422916666666666430e+01,3.872786261372171430e+04
5.425000000000000000e+01,3.872786453417693701e+04
5.427083333333332860e+01,3.872786617226430099e+04
5.429166666666666430e+01,3.872786752809632162e+04
5.431250000000000000e+01,3.872786860199007788e+04
5.433333333333332860e+01,3.872786939446038014e+04
5.435416666666666430e+01,3.872786990621225414e+04
5.437500000000000000e+01,3.872787013813288650e+04
5.439583333333332860e+01,3.872787009128371574e+04
5.441666666666666430e+01,3.872786976689262519e+04
5.443750000000000000e+01,3.872786916634666704e+04
5.445833333333332860e+01,3.872786829118505557e+04
5.447916666666666430e+01,3.872786714309285890e+04
5.450000000000000000e+01,3.872786572389565845e+04
5.452083333333332860e+01,3.872786403555509605e+04
5.454166666666666430e+01,3.872786208016514865e+04
5.456250000000000000e+01,3.872785985994947987e+04
5.458333333333332860e+01,3.872785737725932267e+04
5.460416666666666430e+01,3.872785463457251171e+04
5.462500000000000000e+01,3.872785163449278480e+04
5.464583333333332860e+01,3.872784837974979018e+04
5.466666666666666430e+01,3.872784487319927575e+04
5.468750000000000000e+01,3.872784111782350374e+04
5.470833333333332860e+01,3.872783711673201469e+04
5.472916666666666430e+01,3.872783287316180213e+04
5.475000000000000000e+01,3.872782839047794550e+04
5.477083333333332860e+01,3.872782367217351566e+04
5.479166666666666430e+01,3.872781872186956753e+04
5.481250000000000000e+01,3.872781354331460898e+04
5.483333333333332860e+01,3.872780814038382960e+04
5.485416666666666430e+01,3.872780251707816205e+04
5.487500000000000000e+01,3.872779667752273235e+04
5.489583333333332860e+01,3.872779062596555013e+04
5.491666666666666430e+01,3.872778436677542777e+04
5.493750000000000000e+01,3.872777790444016136e+04
5.495833333333332860e+01,3.872777124356434069e+04
5.497916666666666430e+01,3.872776438886710821e+04
5.500000000000000000e+01,3.872775734517969977e+04
5.502083333333332860e+01,3.872775011744321819e+04
5.504166666666666430e+01,3.872774271070568648e+04
5.506250000000000000e+01,3.872773513011971227e+04
5.508333333333332860e+01,3.872772738093970111e+04
5.510416666666666430e+01,3.872771946851881512e+04
5.512500000000000000e+01,3.872771139830611355e+04
5.514583333333332860e+01,3.872770317584347504e+04
5.516666666666666430e+01,3.872769480676217063e+04
5.518750000000000000e+01,3.872768629677970603e+04
5.520833333333332860e+01,3.872767765169617633e+04
5.522916666666666430e+01,3.872766887739065714e+04
5.525000000000000000e+01,3.872765997981727560e+04
5.527083333333332860e+01,3.872765096500153595e+04
5.529166666666666430e+01,3.872764183903624507e+04
5.531250000000000000e+01,3.872763260807741608e+04
5.533333333333332860e+01,3.872762327834019379e+04
5.535416666666666430e+01,3.872761385609456192e+04
5.537500000000000000e+01,3.872760434766123944e+04
5.539583333333332860e+01,3.872759475940729317e+04
5.541666666666666430e+01,3.872758509774203412e+04
5.543750000000000000e+01,3.872757536911255738e+04
5.545833333333332860e+01,3.872756557999944198e+04
5.547916666666666430e+01,3.872755573691259633e+04
5.550000000000000000e+01,3.872754584638681990e+04
5.552083333333332860e+01,3.872753591497737216e+04
5.554166666666666430e+01,3.872752594925581798e+04
5.556250000000000000e+01,3.872751595580557478e+04
5.558333333333332860e+01,3.872750594121748873e+04
5.560416666666666430e+01,3.872749591208549100e+04
5.562500000000000000e+01,3.872748587500213034e+04
5.564583333333332860e+01,3.872747583655429480e+04
5.566666666666666430e+01,3.872746580331858422e+04
5.568750000000000000e+01,3.872745578185692284e+04
5.570833333333332860e+01,3.872744577871225192e+04
5.572916666666666430e+01,3.872743580040395318e+04
5.575000000000000000e+01,3.872742585342351958e+04
5.577083333333332860e+01,3.872741594423005154e+04
5.579166666666666430e+01,3.872740607924584765e+04
5.581250000000000000e+01,3.872739626485230838e+04
5.583333333333332860e+01,3.872738650738539582e+04
5.585416666666666430e+01,3.872737681313131179e+04
5.587500000000000000e+01,3.872736718832227052e+04
5.589583333333332860e+01,3.872735763913251867e+04
5.591666666666666430e+01,3.872734817167400615e+04
5.593750000000000000e+01,3.872733879199200601e+04
5.595833333333332860e+01,3.872732950606150553e+04
5.597916666666666430e+01,3.872732031978295709e+04
5.600000000000000000e+01,3.872731123897812358e+04
5.602083333333332860e+01,3.872730226938658598e+04
5.604166666666666430e+01,3.872729341666134860e+04
5.606250000000000000e+01,3.872728468636528851e+04
5.608333333333332860e+01,3.872727608396749565e+04
5.610416666666666430e+01,3.872726761483929295e+04
5.612500000000000000e+01,3.872725928425074380e+04
5.614583333333332860e+01,3.872725109736699960e+04
5.616666666666666430e+01,3.872724305924479268e+04
5.618750000000000000e+01,3.872723517482912575e+04
5.620833333333332860e+01,3.872722744894963398e+04
5.622916666666666430e+01,3.872721988631748536e+04
5.625000000000000000e+01,3.872721249152225209e+04
5.627083333333332860e+01,3.872720526902848360e+04
5.629166666666666430e+01,3.872719822317282524e+04
5.631250000000000000e+01,3.872719135816132621e+04
5.633333333333332860e+01,3.872718467806601257e+04
5.635416666666666430e+01,3.872717818682262441e+04
5.637500000000000000e+01,3.872717188822761818e+04
5.639583333333332860e+01,3.872716578593570739e+04
5.641666666666666430e+01,3.872715988345746882e+04
5.643750000000000000e+01,3.872715418415660679e+04
5.645833333333332860e+01,3.872714869124806137e+04
5.647916666666666430e+01,3.872714340779557824e+04
5.650000000000000000e+01,3.872713833670956228e+04
5.652083333333332860e+01,3.872713348074533133e+04
5.654166666666666430e+01,3.872712884250104253e+04
5.656250000000000000e+01,3.872712442441589519e+04
5.658333333333332860e+01,3.872712022876854462e+04
5.660416666666666430e+01,3.872711625767551595e+04
5.662500000000000000e+01,3.872711251308978535e+04
5.664583333333332860e+01,3.872710899679936119e+04
5.666666666666666430e+01,3.872710571042614174e+04
5.668750000000000000e+01,3.872710265542478010e+04
5.670833333333332860e+01,3.872709983308159281e+04
5.672916666666666430e+01,3.872709724451394868e+04
5.675000000000000000e+01,3.872709489066921378e+04
5.677083333333332860e+01,3.872709277232425666e+04
5.679166666666666430e+01,3.872709089008495357e+04
5.681250000000000000e+01,3.872708924438570830e+04
5.683333333333332860e+01,3.872708783548924839e+04
5.685416666666666430e+01,3.872708666348635597e+04
5.687500000000000000e+01,3.872708572829596233e+04
5.689583333333332860e+01,3.872708502966514061e+04
5.691666666666666430e+01,3.872708456716928777e+04
5.693750000000000000e+01,3.872708434021252469e+04
5.695833333333332860e+01,3.872708434802805277e+04
5.697916666666666430e+01,3.872708458967877232e+04
5.700000000000000000e+01,3.872708506405793014e+04
5.702083333333332860e+01,3.872708576988995628e+04
5.704166666666666430e+01,3.872708670573127165e+04
5.706250000000000000e+01,3.872708786997158313e+04
5.708333333333332860e+01,3.872708926083471306e+04
5.710416666666666430e+01,3.872709087638011260e+04
5.712500000000000000e+01,3.872709271450418601e+04
5.714583333333332860e+01,3.872709477294176759e+04
5.716666666666666430e+01,3.872709704926780250e+04
5.718750000000000000e+01,3.872709954089904932e+04
5.720833333333332860e+01,3.872710224509598629e+04
5.722916666666666430e+01,3.872710515896467405e+04
5.725000000000000000e+01,3.872710827945901838e+04
5.727083333333332860e+01,3.872711160338272748e+04
5.729166666666666430e+01,3.872711512739186583e+04
5.731250000000000000e+01,3.872711884799696418e+04
5.733333333333332860e+01,3.872712276156586449e+04
5.735416666666666430e+01,3.872712686432601186e+04
5.737500000000000000e+01,3.872713115236747399e+04
5.739583333333332860e+01,3.872713562164558971e+04
5.741666666666666430e+01,3.872714026798379928e+04
5.743750000000000000e+01,3.872714508707691857e+04
5.745833333333332860e+01,3.872715007449399855e+04
5.747916666666666430e+01,3.872715522568173037e+04
5.750000000000000000e+01,3.872716053596762504e+04
5.752083333333332860e+01,3.872716600056341849e+04
5.754166666666666430e+01,3.872717161456852773e+04
5.756250000000000000e+01,3.872717737297375425e+04
5.758333333333332860e+01,3.872718327066461643e+04
5.760416666666666430e+01,3.872718930242544593e+04
5.762500000000000000e+01,3.872719546294285101e+04
5.764583333333332860e+01,3.872720174680987839e+04
5.766666666666666430e+01,3.872720814852968761e+04
5.768750000000000000e+01,3.872721466251976381e+04
5.770833333333332860e+01,3.872722128311591223e+04
5.772916666666666430e+01,3.872722800457656558e+04
5.775000000000000000e+01,3.872723482108658936e+04
5.777083333333332860e+01,3.872724172676212766e+04
5.779166666666666430e+01,3.872724871565440844e+04
5.781250000000000000e+01,3.872725578175451665e+04
5.783333333333332860e+01,3.872726291899758507e+04
5.785416666666666430e+01,3.872727012126737827e+04
5.787500000000000000e+01,3.872727738240078907e+04
5.789583333333332860e+01,3.872728469619248790e+04
5.791666666666666430e+01,3.872729205639943393e+04
5.793750000000000000e+01,3.872729945674566989e+04
5.795833333333332860e+01,3.872730689092689136e+04
5.797916666666666430e+01,3.872731435261515435e+04
5.800000000000000000e+01,3.872732183546385204e+04
5.802083333333332860e+01,3.872732933311216766e+04
5.804166666666666430e+01,3.872733683919021860e+04
5.806250000000000000e+01,3.872734434732369846e+04
5.808333333333332860e+01,3.872735185113870830e+04
5.810416666666666430e+01,3.872735934426680615e+04
5.812500000000000000e+01,3.872736682034986006e+04
5.814583333333332860e+01,3.872737427304460289e+04
5.816666666666666430e+01,3.872738169602819835e+04
5.818750000000000000e+01,3.872738908300267212e+04
5.820833333333332860e+01,3.872739642769999773e+04
5.822916666666666430e+01,3.872740372388697142e+04
5.825000000000000000e+01,3.872741096537032718e+04
5.827083333333332860e+01,3.872741814600158250e+04
5.829166666666666430e+01,3.872742525968194241e+04
5.831250000000000000e+01,3.872743230036716704e+04
5.833333333333332860e+01,3.872743926207267941e+04
5.835416666666666430e+01,3.872744613887844025e+04
5.837500000000000000e+01,3.872745292493374291e+04
5.839583333333332860e+01,3.872745961446203000e+04
5.841666666666666430e+01,3.872746620176592114e+04
5.843750000000000000e+01,3.872747268123198592e+04
5.845833333333332860e+01,3.872747904733531323e+04
5.847916666666666430e+01,3.872748529464448802e+04
5.850000000000000000e+01,3.872749141782604420e+04
5.852083333333332860e+01,3.872749741164921579e+04
5.854166666666666430e+01,3.872750327099023707e+04
5.856250000000000000e+01,3.872750899083691911e+04
5.858333333333332860e+01,3.872751456629287713e+04
5.860416666666666430e+01,3.872751999258156138e+04
5.862500000000000000e+01,3.872752526505054993e+04
5.864583333333332860e+01,3.872753037917487381e+04
5.866666666666666430e+01,3.872753533056112792e+04
5.868750000000000000e+01,3.872754011495050509e+04
5.870833333333332860e+01,3.872754472822200478e+04
5.872916666666666430e+01,3.872754916639522708e+04
5.875000000000000000e+01,3.872755342563293379e+04
5.877083333333332860e+01,3.872755750224294025e+04
5.879166666666666430e+01,3.872756139268014522e+04
5.881250000000000000e+01,3.872756509354766604e+04
5.883333333333332860e+01,3.872756860159779171e+04
5.885416666666666430e+01,3.872757191373228125e+04
5.887500000000000000e+01,3.872757502700253099e+04
5.889583333333332860e+01,3.872757793860886886e+04
5.891666666666666430e+01,3.872758064589975402e+04
5.893750000000000000e+01,3.872758314637015428e+04
5.895833333333332860e+01,3.872758543766000366e+04
5.897916666666666430e+01,3.872758751755192498e+04
5.900000000000000000e+01,3.872758938396889425e+04
5.902083333333332860e+01,3.872759103497146134e+04
5.904166666666666430e+01,3.872759246875545068e+04
5.906250000000000000e+01,3.872759368364907277e+04
5.908333333333332860e+01,3.872759467811053764e+04
5.910416666666666430e+01,3.872759545072593755e+04
5.912500000000000000e+01,3.872759600020741345e+04
5.914583333333332860e+01,3.872759632539228915e+04
5.916666666666666430e+01,3.872759642524205265e+04
5.918750000000000000e+01,3.872759629884307651e+04
5.920833333333332860e+01,3.872759594540744729e+04
5.922916666666666430e+01,3.872759536427503190e+04
5.925000000000000000e+01,3.872759455491613335e+04
5.927083333333332860e+01,3.872759351693523058e+04
5.929166666666666430e+01,3.872759225007530040e+04
5.931250000000000000e+01,3.872759075422277238e+04
5.933333333333332860e+01,3.872758902941313136e+04
5.935416666666666430e+01,3.872758707583643991e+04
5.937500000000000000e+01,3.872758489384352288e+04
5.939583333333332860e+01,3.872758248395139526e+04
5.941666666666666430e+01,3.872757984684906114e+04
5.943750000000000000e+01,3.872757698340229399e+04
5.945833333333332860e+01,3.872757389465795859e+04
5.947916666666666430e+01,3.872757058184753259e+04
5.950000000000000000e+01,3.872756704638979136e+04
5.952083333333332860e+01,3.872756328989227040e+04
5.954166666666666430e+01,3.872755931415200757e+04
5.956250000000000000e+01,3.872755512115512101e+04
5.958333333333332860e+01,3.872755071307549224e+04
5.960416666666666430e+01,3.872754609227285255e+04
5.962500000000000000e+01,3.872754126128967619e+04
5.964583333333332860e+01,3.872753622284797166e+04
5.966666666666666430e+01,3.872753097984519991e+04
5.968750000000000000e+01,3.872752553535028710e+04
5.970833333333332860e+01,3.872751989259907714e+04
5.972916666666666430e+01,3.872751405498971144e+04
5.975000000000000000e+01,3.872750802607827791e+04
5.977083333333332860e+01,3.872750180957446719e+04
5.979166666666666430e+01,3.872749540933690150e+04
5.981250000000000000e+01,3.872748882936923474e+04
5.983333333333332860e+01,3.872748207381593966e+04
5.985416666666666430e+01,3.872747514695863356e+04
5.987500000000000000e+01,3.872746805321180000e+04
5.989583333333332860e+01,3.872746079711960920e+04
5.991666666666666430e+01,3.872745338335188717e+04
5.993750000000000000e+01,3.872744581670063781e+04
5.995833333333332860e+01,3.872743810207628121e+04
5.997916666666666430e+01,3.872743024450395023e+04
