0.000000000000000000e+00,0.000000000000000000e+00
2.083333333333333218e-02,1.938376512370118508e+04
4.166666666666666435e-02,1.542046194884979923e+04
6.250000000000000000e-02,1.517700887157801844e+04
8.333333333333332871e-02,1.490619247196185097e+04
1.041666666666666574e-01,1.461615971209738564e+04
1.250000000000000000e-01,1.439955418896774427e+04
1.458333333333333148e-01,1.429133783176361248e+04
1.666666666666666574e-01,1.427984306004486643e+04
1.875000000000000000e-01,1.432490948462274537e+04
2.083333333333333148e-01,1.438573627766179197e+04
2.291666666666666574e-01,1.443774754082235449e+04
2.500000000000000000e-01,1.447211970325922448e+04
2.708333333333333148e-01,1.448852958168305486e+04
2.916666666666666297e-01,1.449046595573807645e+04
3.125000000000000000e-01,1.448341738788849034e+04
3.333333333333333148e-01,1.447316077835758188e+04
3.541666666666666297e-01,1.446390482631236227e+04
3.750000000000000000e-01,1.445757169025965050e+04
3.958333333333333148e-01,1.445436923056333035e+04
4.166666666666666297e-01,1.445371215446407950e+04
4.375000000000000000e-01,1.445481296225354527e+04
4.583333333333333148e-01,1.445692080693891330e+04
4.791666666666666297e-01,1.445940669428147521e+04
5.000000000000000000e-01,1.446180990462434420e+04
5.208333333333332593e-01,1.446386676104989601e+04
5.416666666666666297e-01,1.446549407347651868e+04
5.625000000000000000e-01,1.446671108255399668e+04
5.833333333333332593e-01,1.446754950375069166e+04
6.041666666666666297e-01,1.446802271177761941e+04
6.250000000000000000e-01,1.446815335223588409e+04
6.458333333333332593e-01,1.446799487460872842e+04
6.666666666666666297e-01,1.446761544458896969e+04
6.875000000000000000e-01,1.446707727030261594e+04
7.083333333333332593e-01,1.446644151980074457e+04
7.291666666666666297e-01,1.446578110503225616e+04
7.500000000000000000e-01,1.446517412338637951e+04
7.708333333333332593e-01,1.446468456165129828e+04
7.916666666666666297e-01,1.446435330398756923e+04
8.125000000000000000e-01,1.446420241170269946e+04
8.333333333333332593e-01,1.446423839615705583e+04
8.541666666666666297e-01,1.446444936422550018e+04
8.750000000000000000e-01,1.446480448623037955e+04
8.958333333333332593e-01,1.446526067519640492e+04
9.166666666666666297e-01,1.446577100664201134e+04
9.375000000000000000e-01,1.446628941595852666e+04
9.583333333333332593e-01,1.446677327339848853e+04
9.791666666666666297e-01,1.446718705876170861e+04
1.000000000000000000e+00,1.446750620790174071e+04
1.020833333333333259e+00,1.446771849034325351e+04
1.041666666666666519e+00,1.446782293792962082e+04
1.062500000000000000e+00,1.446782822115294402e+04
1.083333333333333259e+00,1.446775110885301183e+04
1.104166666666666519e+00,1.446761424693965091e+04
1.125000000000000000e+00,1.446744311259799360e+04
1.145833333333333259e+00,1.446726305252017846e+04
1.166666666666666519e+00,1.446709705109357674e+04
1.187500000000000000e+00,1.446696405427280843e+04
1.208333333333333259e+00,1.446687762309358732e+04
1.229166666666666519e+00,1.446684514155378201e+04
1.250000000000000000e+00,1.446686782692583438e+04
1.270833333333333259e+00,1.446694140495235843e+04
1.291666666666666519e+00,1.446705715096107815e+04
1.312500000000000000e+00,1.446720316645831554e+04
1.333333333333333259e+00,1.446736585701270815e+04
1.354166666666666519e+00,1.446753146229686172e+04
1.375000000000000000e+00,1.446768741047057847e+04
1.395833333333333259e+00,1.446782336167775065e+04
1.416666666666666519e+00,1.446793192065865151e+04
1.437500000000000000e+00,1.446800901225512644e+04
1.458333333333333259e+00,1.446805389754335556e+04
1.479166666666666519e+00,1.446806885194899587e+04
1.500000000000000000e+00,1.446805859164075082e+04
1.520833333333333259e+00,1.446802954982675146e+04
1.541666666666666519e+00,1.446798908231092719e+04
1.562500000000000000e+00,1.446794467247171633e+04
1.583333333333333259e+00,1.446790321217796009e+04
1.604166666666666519e+00,1.446787042550209662e+04
1.625000000000000000e+00,1.446785047205778392e+04
1.645833333333333259e+00,1.446784574007998162e+04
1.666666666666666519e+00,1.446785682601639564e+04
1.687500000000000000e+00,1.446788268561536825e+04
1.708333333333333259e+00,1.446792092454672456e+04
1.729166666666666519e+00,1.446796818304292901e+04
1.750000000000000000e+00,1.446802056619546056e+04
1.770833333333333259e+00,1.446807407536729806e+04
1.791666666666666519e+00,1.446812500080325844e+04
1.812500000000000000e+00,1.446817024176386985e+04
1.833333333333333259e+00,1.446820753112043167e+04
1.854166666666666519e+00,1.446823555452184883e+04
1.875000000000000000e+00,1.446825396590087257e+04
1.895833333333333259e+00,1.446826330996145043e+04
1.916666666666666519e+00,1.446826486945313445e+04
1.937500000000000000e+00,1.446826046050126388e+04
1.958333333333333259e+00,1.446825220172252011e+04
1.979166666666666519e+00,1.446824228196826880e+04
2.000000000000000000e+00,1.446823274840926388e+04
2.020833333333333037e+00,1.446822533233791182e+04
2.041666666666666519e+00,1.446822132473866077e+04
2.062500000000000000e+00,1.446822150759996293e+04
2.083333333333333037e+00,1.446822614089868875e+04
2.104166666666666519e+00,1.446823500000223066e+04
2.125000000000000000e+00,1.446824745422579508e+04
2.145833333333333037e+00,1.446826257449515469e+04
2.166666666666666519e+00,1.446827925662738198e+04
2.187500000000000000e+00,1.446829634678268849e+04
2.208333333333333037e+00,1.446831275701703635e+04
2.229166666666666519e+00,1.446832756121402053e+04
2.250000000000000000e+00,1.446834006462754769e+04
2.270833333333333037e+00,1.446834984352928586e+04
2.291666666666666519e+00,1.446835675470294154e+04
2.312500000000000000e+00,1.446836091742310236e+04
2.333333333333333037e+00,1.446836267283577763e+04
2.354166666666666519e+00,1.446836252719512777e+04
2.375000000000000000e+00,1.446836108616957426e+04
2.395833333333333037e+00,1.446835898743076177e+04
2.416666666666666519e+00,1.446835683805205190e+04
2.437500000000000000e+00,1.446835516202335930e+04
2.458333333333333037e+00,1.446835436162045153e+04
2.479166666666666519e+00,1.446835469464040580e+04
2.500000000000000000e+00,1.446835626779694576e+04
2.520833333333333037e+00,1.446835904502269841e+04
2.541666666666666519e+00,1.446836286817058135e+04
2.562500000000000000e+00,1.446836748673876718e+04
2.583333333333333037e+00,1.446837259278592683e+04
2.604166666666666519e+00,1.446837785716120561e+04
2.625000000000000000e+00,1.446838296349616212e+04
2.645833333333333037e+00,1.446838763702895449e+04
2.666666666666666519e+00,1.446839166615678914e+04
2.687500000000000000e+00,1.446839491554082997e+04
2.708333333333333037e+00,1.446839733051768417e+04
2.729166666666666519e+00,1.446839893341639254e+04
2.750000000000000000e+00,1.446839981307004564e+04
2.770833333333333037e+00,1.446840010929884374e+04
2.791666666666666519e+00,1.446839999440502652e+04
2.812500000000000000e+00,1.446839965376164037e+04
2.833333333333333037e+00,1.446839926741791351e+04
2.854166666666666519e+00,1.446839899432623133e+04
2.875000000000000000e+00,1.446839896036107893e+04
2.895833333333333037e+00,1.446839925081094407e+04
2.916666666666666519e+00,1.446839990752523227e+04
2.937500000000000000e+00,1.446840093044235255e+04
2.958333333333333037e+00,1.446840228284716432e+04
2.979166666666666519e+00,1.446840389943262926e+04
3.000000000000000000e+00,1.446840569608546502e+04
3.020833333333333037e+00,1.446840758028051278e+04
3.041666666666666519e+00,1.446840946104053364e+04
3.062500000000000000e+00,1.446841125758041017e+04
3.083333333333333037e+00,1.446841290598060368e+04
3.104166666666666519e+00,1.446841436349508876e+04
3.125000000000000000e+00,1.446841561036651183e+04
3.145833333333333037e+00,1.446841664926940575e+04
3.166666666666666519e+00,1.446841750270979537e+04
3.187500000000000000e+00,1.446841820886308051e+04
3.208333333333333037e+00,1.446841881642052249e+04
3.229166666666666519e+00,1.446841937904249789e+04
3.250000000000000000e+00,1.446841994998205701e+04
3.270833333333333037e+00,1.446842057736183415e+04
3.291666666666666519e+00,1.446842130046930106e+04
3.312500000000000000e+00,1.446842214729820262e+04
3.333333333333333037e+00,1.446842313342046327e+04
3.354166666666666519e+00,1.446842426213978979e+04
3.375000000000000000e+00,1.446842552576296293e+04
3.395833333333333037e+00,1.446842690774084622e+04
3.416666666666666519e+00,1.446842838537758144e+04
3.437500000000000000e+00,1.446842993278965514e+04
3.458333333333333037e+00,1.446843152380949687e+04
3.479166666666666519e+00,1.446843313456925898e+04
3.500000000000000000e+00,1.446843474556103683e+04
3.520833333333333037e+00,1.446843634304247098e+04
3.541666666666666519e+00,1.446843791973312909e+04
3.562500000000000000e+00,1.446843947481911164e+04
3.583333333333333037e+00,1.446844101334630250e+04
3.604166666666666519e+00,1.446844254513045962e+04
3.625000000000000000e+00,1.446844408334165564e+04
3.645833333333333037e+00,1.446844564293360600e+04
3.666666666666666519e+00,1.446844723908223386e+04
3.687500000000000000e+00,1.446844888577806341e+04
3.708333333333333037e+00,1.446845059468605541e+04
3.729166666666666519e+00,1.446845237434778755e+04
3.750000000000000000e+00,1.446845422976098780e+04
3.770833333333333037e+00,1.446845616233136388e+04
3.791666666666666519e+00,1.446845817015817738e+04
3.812500000000000000e+00,1.446846024858853707e+04
3.833333333333333037e+00,1.446846239095715282e+04
3.854166666666666519e+00,1.446846458942122263e+04
3.875000000000000000e+00,1.446846683580224999e+04
3.895833333333333037e+00,1.446846912235526543e+04
3.916666666666666519e+00,1.446847144240249690e+04
3.937500000000000000e+00,1.446847379078861923e+04
3.958333333333333037e+00,1.446847616413599462e+04
3.979166666666666519e+00,1.446847856089939887e+04
4.000000000000000000e+00,1.446848098123891032e+04
4.020833333333333037e+00,1.446848342674379091e+04
4.041666666666666075e+00,1.446848590005101869e+04
4.062500000000000000e+00,1.446848840440559434e+04
4.083333333333333037e+00,1.446849094321113444e+04
4.104166666666666075e+00,1.446849351961347929e+04
4.125000000000000000e+00,1.446849613615217822e+04
4.145833333333333037e+00,1.446849879450491790e+04
4.166666666666666075e+00,1.446850149533764124e+04
4.187500000000000000e+00,1.446850423826199767e+04
4.208333333333333037e+00,1.446850702189219737e+04
4.229166666666666075e+00,1.446850984398394576e+04
4.250000000000000000e+00,1.446851270163380832e+04
4.270833333333333037e+00,1.446851559151276524e+04
4.291666666666666075e+00,1.446851851010909013e+04
4.312500000000000000e+00,1.446852145395690241e+04
4.333333333333333037e+00,1.446852441983046447e+04
4.354166666666666075e+00,1.446852740489105054e+04
4.375000000000000000e+00,1.446853040677785611e+04
4.395833333333333037e+00,1.446853342364135824e+04
4.416666666666666075e+00,1.446853645412284459e+04
4.437500000000000000e+00,1.446853949728830776e+04
4.458333333333333037e+00,1.446854255252861913e+04
4.479166666666666075e+00,1.446854561943870794e+04
4.500000000000000000e+00,1.446854869769023935e+04
4.520833333333333037e+00,1.446855178690985849e+04
4.541666666666666075e+00,1.446855488657437309e+04
4.562500000000000000e+00,1.446855799593014308e+04
4.583333333333333037e+00,1.446856111394204709e+04
4.604166666666666075e+00,1.446856423927309879e+04
4.625000000000000000e+00,1.446856737029323995e+04
4.645833333333333037e+00,1.446857050511335183e+04
4.666666666666666075e+00,1.446857364163842431e+04
4.687500000000000000e+00,1.446857677763263928e+04
4.708333333333333037e+00,1.446857991078981286e+04
4.729166666666666075e+00,1.446858303880107997e+04
4.750000000000000000e+00,1.446858615941511744e+04
4.770833333333333037e+00,1.446858927048532860e+04
4.791666666666666075e+00,1.446859237000220674e+04
4.812500000000000000e+00,1.446859545610870555e+04
4.833333333333333037e+00,1.446859852710037376e+04
4.854166666666666075e+00,1.446860158141120337e+04
4.875000000000000000e+00,1.446860461758882957e+04
4.895833333333333037e+00,1.446860763426279300e+04
4.916666666666666075e+00,1.446861063010901489e+04
4.937500000000000000e+00,1.446861360381548729e+04
4.958333333333333037e+00,1.446861655405125930e+04
4.979166666666666075e+00,1.446861947944192070e+04
5.000000000000000000e+00,1.446862237855307103e+04
5.020833333333333037e+00,1.446862524988237055e+04
5.041666666666666075e+00,1.446862809186029335e+04
5.062500000000000000e+00,1.446863090285832368e+04
5.083333333333333037e+00,1.446863368120305313e+04
5.104166666666666075e+00,1.446863642519499263e+04
5.125000000000000000e+00,1.446863913312856675e+04
5.145833333333333037e+00,1.446864180331286843e+04
5.166666666666666075e+00,1.446864443409028536e+04
5.187500000000000000e+00,1.446864702385191777e+04
5.208333333333333037e+00,1.446864957104903078e+04
5.229166666666666075e+00,1.446865207419962098e+04
5.250000000000000000e+00,1.446865453189067557e+04
5.270833333333333037e+00,1.446865694277594594e+04
5.291666666666666075e+00,1.446865930557050524e+04
5.312500000000000000e+00,1.446866161904281034e+04
5.333333333333333037e+00,1.446866388200541041e+04
5.354166666666666075e+00,1.446866609330569190e+04
5.375000000000000000e+00,1.446866825181706372e+04
5.395833333333333037e+00,1.446867035643190320e+04
5.416666666666666075e+00,1.446867240605656116e+04
5.437500000000000000e+00,1.446867439960906268e+04
5.458333333333333037e+00,1.446867633601869966e+04
5.479166666666666075e+00,1.446867821422857014e+04
5.500000000000000000e+00,1.446868003319954005e+04
5.520833333333333037e+00,1.446868179191579111e+04
5.541666666666666075e+00,1.446868348939122734e+04
5.562500000000000000e+00,1.446868512467593973e+04
5.583333333333333037e+00,1.446868669686242720e+04
5.604166666666666075e+00,1.446868820509091529e+04
5.625000000000000000e+00,1.446868964855394734e+04
5.645833333333333037e+00,1.446869102649921115e+04
5.666666666666666075e+00,1.446869233823135801e+04
5.687500000000000000e+00,1.446869358311229007e+04
5.708333333333333037e+00,1.446869476056070562e+04
5.729166666666666075e+00,1.446869587005053108e+04
5.750000000000000000e+00,1.446869691110886924e+04
5.770833333333333037e+00,1.446869788331385644e+04
5.791666666666666075e+00,1.446869878629236700e+04
5.812500000000000000e+00,1.446869961971822704e+04
5.833333333333333037e+00,1.446870038331078104e+04
5.854166666666666075e+00,1.446870107683398237e+04
5.875000000000000000e+00,1.446870170009623325e+04
5.895833333333333037e+00,1.446870225295073033e+04
5.916666666666666075e+00,1.446870273529623955e+04
5.937500000000000000e+00,1.446870314707821672e+04
5.958333333333333037e+00,1.446870348829032810e+04
5.979166666666666075e+00,1.446870375897554550e+04
6.000000000000000000e+00,1.446870395922753232e+04
6.020833333333333037e+00,1.446870408919143665e+04
6.041666666666666075e+00,1.446870414906474616e+04
6.062500000000000000e+00,1.446870413909698982e+04
6.083333333333333037e+00,1.446870405958979245e+04
6.104166666666666075e+00,1.446870391089603072e+04
6.125000000000000000e+00,1.446870369341870173e+04
6.145833333333333037e+00,1.446870340760950421e+04
6.166666666666666075e+00,1.446870305396741605e+04
6.187500000000000000e+00,1.446870263303676620e+04
6.208333333333333037e+00,1.446870214540580491e+04
6.229166666666666075e+00,1.446870159170491388e+04
6.250000000000000000e+00,1.446870097260526381e+04
6.270833333333333037e+00,1.446870028881751568e+04
6.291666666666666075e+00,1.446869954109086029e+04
6.312500000000000000e+00,1.446869873021207968e+04
6.333333333333333037e+00,1.446869785700498323e+04
6.354166666666666075e+00,1.446869692233000023e+04
6.375000000000000000e+00,1.446869592708373966e+04
6.395833333333333037e+00,1.446869487219888470e+04
6.416666666666666075e+00,1.446869375864367976e+04
6.437500000000000000e+00,1.446869258742193779e+04
6.458333333333333037e+00,1.446869135957248000e+04
6.479166666666666075e+00,1.446869007616887393e+04
6.500000000000000000e+00,1.446868873831881137e+04
6.520833333333333037e+00,1.446868734716336257e+04
6.541666666666666075e+00,1.446868590387648510e+04
6.562500000000000000e+00,1.446868440966394337e+04
6.583333333333333037e+00,1.446868286576248647e+04
6.604166666666666075e+00,1.446868127343901870e+04
6.625000000000000000e+00,1.446867963398938082e+04
6.645833333333333037e+00,1.446867794873752428e+04
6.666666666666666075e+00,1.446867621903459803e+04
6.687500000000000000e+00,1.446867444625788994e+04
6.708333333333333037e+00,1.446867263181012822e+04
6.729166666666666075e+00,1.446867077711841557e+04
6.750000000000000000e+00,1.446866888363350517e+04
6.770833333333333037e+00,1.446866695282910587e+04
6.791666666666666075e+00,1.446866498620099446e+04
6.812500000000000000e+00,1.446866298526630999e+04
6.833333333333333037e+00,1.446866095156273877e+04
6.854166666666666075e+00,1.446865888664783051e+04
6.875000000000000000e+00,1.446865679209787777e+04
6.895833333333333037e+00,1.446865466950739938e+04
6.916666666666666075e+00,1.446865252048790353e+04
6.937500000000000000e+00,1.446865034666714564e+04
6.958333333333333037e+00,1.446864814968795690e+04
6.979166666666666075e+00,1.446864593120730933e+04
7.000000000000000000e+00,1.446864369289503156e+04
7.020833333333333037e+00,1.446864143643296484e+04
7.041666666666666075e+00,1.446863916351352236e+04
7.062500000000000000e+00,1.446863687583878345e+04
7.083333333333333037e+00,1.446863457511923843e+04
7.104166666666666075e+00,1.446863226307263176e+04
7.125000000000000000e+00,1.446862994142284879e+04
7.145833333333333037e+00,1.446862761189873709e+04
7.166666666666666075e+00,1.446862527623301503e+04
7.187500000000000000e+00,1.446862293616118768e+04
7.208333333333333037e+00,1.446862059342030261e+04
7.229166666666666075e+00,1.446861824974798583e+04
7.250000000000000000e+00,1.446861590688128126e+04
7.270833333333333037e+00,1.446861356655543204e+04
7.291666666666666075e+00,1.446861123050290917e+04
7.312500000000000000e+00,1.446860890045223277e+04
7.333333333333333037e+00,1.446860657812676072e+04
7.354166666666666075e+00,1.446860426524370632e+04
7.375000000000000000e+00,1.446860196351273407e+04
7.395833333333333037e+00,1.446859967463502835e+04
7.416666666666666075e+00,1.446859740030213652e+04
7.437500000000000000e+00,1.446859514219459743e+04
7.458333333333333037e+00,1.446859290198097005e+04
7.479166666666666075e+00,1.446859068131661843e+04
7.500000000000000000e+00,1.446858848184255476e+04
7.520833333333333037e+00,1.446858630518436621e+04
7.541666666666666075e+00,1.446858415295097075e+04
7.562500000000000000e+00,1.446858202673364212e+04
7.583333333333333037e+00,1.446857992810479118e+04
7.604166666666666075e+00,1.446857785861703815e+04
7.625000000000000000e+00,1.446857581980201576e+04
7.645833333333333037e+00,1.446857381316930332e+04
7.666666666666666075e+00,1.446857184020557906e+04
7.687500000000000000e+00,1.446856990237332866e+04
7.708333333333333037e+00,1.446856800111007033e+04
7.729166666666666075e+00,1.446856613782728891e+04
7.750000000000000000e+00,1.446856431390935177e+04
7.770833333333333037e+00,1.446856253071265746e+04
7.791666666666666075e+00,1.446856078956472993e+04
7.812500000000000000e+00,1.446855909176312707e+04
7.833333333333333037e+00,1.446855743857466950e+04
7.854166666666666075e+00,1.446855583123440010e+04
7.875000000000000000e+00,1.446855427094487823e+04
7.895833333333333037e+00,1.446855275887511016e+04
7.916666666666666075e+00,1.446855129615996702e+04
7.937500000000000000e+00,1.446854988389908613e+04
7.958333333333333037e+00,1.446854852315634344e+04
7.979166666666666075e+00,1.446854721495884587e+04
8.000000000000000000e+00,1.446854596029638560e+04
8.020833333333332149e+00,1.446854476012065425e+04
8.041666666666666075e+00,1.446854361534442432e+04
8.062500000000000000e+00,1.446854252684113817e+04
8.083333333333332149e+00,1.446854149544408574e+04
8.104166666666666075e+00,1.446854052194582982e+04
8.125000000000000000e+00,1.446853960709763123e+04
8.145833333333332149e+00,1.446853875160891766e+04
8.166666666666666075e+00,1.446853795614673436e+04
8.187500000000000000e+00,1.446853722133518022e+04
8.208333333333332149e+00,1.446853654775508403e+04
8.229166666666666075e+00,1.446853593594339327e+04
8.250000000000000000e+00,1.446853538639289400e+04
8.270833333333332149e+00,1.446853489955173427e+04
8.291666666666666075e+00,1.446853447582305307e+04
8.312500000000000000e+00,1.446853411556475476e+04
8.333333333333332149e+00,1.446853381908917800e+04
8.354166666666666075e+00,1.446853358666272106e+04
8.375000000000000000e+00,1.446853341850572178e+04
8.395833333333332149e+00,1.446853331479227199e+04
8.416666666666666075e+00,1.446853327564995925e+04
8.437500000000000000e+00,1.446853330115979043e+04
8.458333333333332149e+00,1.446853339135604620e+04
8.479166666666666075e+00,1.446853354622626648e+04
8.500000000000000000e+00,1.446853376571115223e+04
8.520833333333332149e+00,1.446853404970455813e+04
8.541666666666666075e+00,1.446853439805359449e+04
8.562500000000000000e+00,1.446853481055862358e+04
8.583333333333332149e+00,1.446853528697327783e+04
8.604166666666666075e+00,1.446853582700472180e+04
8.625000000000000000e+00,1.446853643031377578e+04
8.645833333333332149e+00,1.446853709651498866e+04
8.666666666666666075e+00,1.446853782517702348e+04
8.687500000000000000e+00,1.446853861582274476e+04
8.708333333333332149e+00,1.446853946792962961e+04
8.729166666666666075e+00,1.446854038093005147e+04
8.750000000000000000e+00,1.446854135421150568e+04
8.770833333333332149e+00,1.446854238711722792e+04
8.791666666666666075e+00,1.446854347894641251e+04
8.812500000000000000e+00,1.446854462895468532e+04
8.833333333333332149e+00,1.446854583635460222e+04
8.854166666666666075e+00,1.446854710031618379e+04
8.875000000000000000e+00,1.446854841996735558e+04
8.895833333333332149e+00,1.446854979439472663e+04
8.916666666666666075e+00,1.446855122264386227e+04
8.937500000000000000e+00,1.446855270372016821e+04
8.958333333333332149e+00,1.446855423658940344e+04
8.979166666666666075e+00,1.446855582017843335e+04
9.000000000000000000e+00,1.446855745337593180e+04
9.020833333333332149e+00,1.446855913503305783e+04
9.041666666666666075e+00,1.446856086396438332e+04
9.062500000000000000e+00,1.446856263894834046e+04
9.083333333333332149e+00,1.446856445872852782e+04
9.104166666666666075e+00,1.446856632201415778e+04
9.125000000000000000e+00,1.446856822748099876e+04
9.145833333333332149e+00,1.446857017377242664e+04
9.166666666666666075e+00,1.446857215950025784e+04
9.187500000000000000e+00,1.446857418324554965e+04
9.208333333333332149e+00,1.446857624355983353e+04
9.229166666666666075e+00,1.446857833896581724e+04
9.250000000000000000e+00,1.446858046795866176e+04
9.270833333333332149e+00,1.446858262900672707e+04
9.291666666666666075e+00,1.446858482055292916e+04
9.312500000000000000e+00,1.446858704101548938e+04
9.333333333333332149e+00,1.446858928878928782e+04
9.354166666666666075e+00,1.446859156224679100e+04
9.375000000000000000e+00,1.446859385973923781e+04
9.395833333333332149e+00,1.446859617959777097e+04
9.416666666666666075e+00,1.446859852013459749e+04
9.437500000000000000e+00,1.446860087964413833e+04
9.458333333333332149e+00,1.446860325640429437e+04
9.479166666666666075e+00,1.446860564867740686e+04
9.500000000000000000e+00,1.446860805471172716e+04
9.520833333333332149e+00,1.446861047274249358e+04
9.541666666666666075e+00,1.446861290099323742e+04
9.562500000000000000e+00,1.446861533767685978e+04
9.583333333333332149e+00,1.446861778099717776e+04
9.604166666666666075e+00,1.446862022914980116e+04
9.625000000000000000e+00,1.446862268032368956e+04
9.645833333333332149e+00,1.446862513270233831e+04
9.666666666666666075e+00,1.446862758446496446e+04
9.687500000000000000e+00,1.446863003378791109e+04
9.708333333333332149e+00,1.446863247884588782e+04
9.729166666666666075e+00,1.446863491781318589e+04
9.750000000000000000e+00,1.446863734886509337e+04
9.770833333333332149e+00,1.446863977017912839e+04
9.791666666666666075e+00,1.446864217993629791e+04
9.812500000000000000e+00,1.446864457632241465e+04
9.833333333333332149e+00,1.446864695752944681e+04
9.854166666666666075e+00,1.446864932175670401e+04
9.875000000000000000e+00,1.446865166721226706e+04
9.895833333333332149e+00,1.446865399211419572e+04
9.916666666666666075e+00,1.446865629469181658e+04
9.937500000000000000e+00,1.446865857318704730e+04
9.958333333333332149e+00,1.446866082585553886e+04
9.979166666666666075e+00,1.446866305096830911e+04
1.000000000000000000e+01,1.446866524681267401e+04
1.002083333333333215e+01,1.446866741169364104e+04
1.004166666666666607e+01,1.446866954393527703e+04
1.006250000000000000e+01,1.446867164188186143e+04
1.008333333333333215e+01,1.446867370389922507e+04
1.010416666666666607e+01,1.446867572837607804e+04
1.012500000000000000e+01,1.446867771372513380e+04
1.014583333333333215e+01,1.446867965838456803e+04
1.016666666666666607e+01,1.446868156081923007e+04
1.018750000000000000e+01,1.446868341952177070e+04
1.020833333333333215e+01,1.446868523301426831e+04
1.022916666666666607e+01,1.446868699984922932e+04
1.025000000000000000e+01,1.446868871861097068e+04
1.027083333333333215e+01,1.446869038791703133e+04
1.029166666666666607e+01,1.446869200641931457e+04
1.031250000000000000e+01,1.446869357280556142e+04
1.033333333333333215e+01,1.446869508580058755e+04
1.035416666666666607e+01,1.446869654416773483e+04
1.037500000000000000e+01,1.446869794671003547e+04
1.039583333333333215e+01,1.446869929227168541e+04
1.041666666666666607e+01,1.446870057973944131e+04
1.043750000000000000e+01,1.446870180804374468e+04
1.045833333333333215e+01,1.446870297616024254e+04
1.047916666666666607e+01,1.446870408311103165e+04
1.050000000000000000e+01,1.446870512796578623e+04
1.052083333333333215e+01,1.446870610984321320e+04
1.054166666666666607e+01,1.446870702791195072e+04
1.056250000000000000e+01,1.446870788139175420e+04
1.058333333333333215e+01,1.446870866955436941e+04
1.060416666666666607e+01,1.446870939172444923e+04
1.062500000000000000e+01,1.446871004728000844e+04
1.064583333333333215e+01,1.446871063565310033e+04
1.066666666666666607e+01,1.446871115632995861e+04
1.068750000000000000e+01,1.446871160885102654e+04
1.070833333333333215e+01,1.446871199281065128e+04
1.072916666666666607e+01,1.446871230785667649e+04
1.075000000000000000e+01,1.446871255368952188e+04
1.077083333333333215e+01,1.446871273006112096e+04
1.079166666666666607e+01,1.446871283677344763e+04
1.081250000000000000e+01,1.446871287367693003e+04
1.083333333333333215e+01,1.446871284066842054e+04
1.085416666666666607e+01,1.446871273768919127e+04
1.087500000000000000e+01,1.446871256472251480e+04
1.089583333333333215e+01,1.446871232179148501e+04
1.091666666666666607e+01,1.446871200895657603e+04
1.093750000000000000e+01,1.446871162631331026e+04
1.095833333333333215e+01,1.446871117399032664e+04
1.097916666666666607e+01,1.446871065214745249e+04
1.100000000000000000e+01,1.446871006097417558e+04
1.102083333333333215e+01,1.446870940068858908e+04
1.104166666666666607e+01,1.446870867153673680e+04
1.106250000000000000e+01,1.446870787379243120e+04
1.108333333333333215e+01,1.446870700775742080e+04
1.110416666666666607e+01,1.446870607376234329e+04
1.112500000000000000e+01,1.446870507216786791e+04
1.114583333333333215e+01,1.446870400336608509e+04
1.116666666666666607e+01,1.446870286778254740e+04
1.118750000000000000e+01,1.446870166587810309e+04
1.120833333333333215e+01,1.446870039815096243e+04
1.122916666666666607e+01,1.446869906513894239e+04
1.125000000000000000e+01,1.446869766742123829e+04
1.127083333333333215e+01,1.446869620562007185e+04
1.129166666666666607e+01,1.446869468040229549e+04
1.131250000000000000e+01,1.446869309248038917e+04
1.133333333333333215e+01,1.446869144261331166e+04
1.135416666666666607e+01,1.446868973160671885e+04
1.137500000000000000e+01,1.446868796031298916e+04
1.139583333333333215e+01,1.446868612963105625e+04
1.141666666666666607e+01,1.446868424050559406e+04
1.143750000000000000e+01,1.446868229392619469e+04
1.145833333333333215e+01,1.446868029092632787e+04
1.147916666666666607e+01,1.446867823258215140e+04
1.150000000000000000e+01,1.446867612001122325e+04
1.152083333333333215e+01,1.446867395437127561e+04
1.154166666666666607e+01,1.446867173685872694e+04
1.156250000000000000e+01,1.446866946870761603e+04
1.158333333333333215e+01,1.446866715118837237e+04
1.160416666666666607e+01,1.446866478560657197e+04
1.162500000000000000e+01,1.446866237330192598e+04
1.164583333333333215e+01,1.446865991564719661e+04
1.166666666666666607e+01,1.446865741404720029e+04
1.168750000000000000e+01,1.446865486993786544e+04
1.170833333333333215e+01,1.446865228478522477e+04
1.172916666666666607e+01,1.446864966008438569e+04
1.175000000000000000e+01,1.446864699735858085e+04
1.177083333333333215e+01,1.446864429815804397e+04
1.179166666666666607e+01,1.446864156405913673e+04
1.181250000000000000e+01,1.446863879666289358e+04
1.183333333333333215e+01,1.446863599759410863e+04
1.185416666666666607e+01,1.446863316850017509e+04
1.187500000000000000e+01,1.446863031104969923e+04
1.189583333333333215e+01,1.446862742693147447e+04
1.191666666666666607e+01,1.446862451785312078e+04
1.193750000000000000e+01,1.446862158553985864e+04
1.195833333333333215e+01,1.446861863173346501e+04
1.197916666666666607e+01,1.446861565819092721e+04
1.200000000000000000e+01,1.446861266668317330e+04
1.202083333333333215e+01,1.446860965899418807e+04
1.204166666666666607e+01,1.446860663691955051e+04
1.206250000000000000e+01,1.446860360226550256e+04
1.208333333333333215e+01,1.446860055684775944e+04
1.210416666666666607e+01,1.446859750249022181e+04
1.212500000000000000e+01,1.446859444102411362e+04
1.214583333333333215e+01,1.446859137428656686e+04
1.216666666666666607e+01,1.446858830411971576e+04
1.218750000000000000e+01,1.446858523236933252e+04
1.220833333333333215e+01,1.446858216088377594e+04
1.222916666666666607e+01,1.446857909151269268e+04
1.225000000000000000e+01,1.446857602610599861e+04
1.227083333333333215e+01,1.446857296651252909e+04
1.229166666666666607e+01,1.446856991457883487e+04
1.231250000000000000e+01,1.446856687214808699e+04
1.233333333333333215e+01,1.446856384105867983e+04
1.235416666666666607e+01,1.446856082314325613e+04
1.237500000000000000e+01,1.446855782022720086e+04
1.239583333333333215e+01,1.446855483412772082e+04
1.241666666666666607e+01,1.446855186665249130e+04
1.243750000000000000e+01,1.446854891959857196e+04
1.245833333333333215e+01,1.446854599475110444e+04
1.247916666666666607e+01,1.446854309388230467e+04
1.250000000000000000e+01,1.446854021875027684e+04
1.252083333333333215e+01,1.446853737109772192e+04
1.254166666666666607e+01,1.446853455265101729e+04
1.256250000000000000e+01,1.446853176511899073e+04
1.258333333333333215e+01,1.446852901019177807e+04
1.260416666666666607e+01,1.446852628953979365e+04
1.262500000000000000e+01,1.446852360481264259e+04
1.264583333333333215e+01,1.446852095763793477e+04
1.266666666666666607e+01,1.446851834962024077e+04
1.268750000000000000e+01,1.446851578234015687e+04
1.270833333333333215e+01,1.446851325735309729e+04
1.272916666666666607e+01,1.446851077618831187e+04
1.275000000000000000e+01,1.446850834034791842e+04
1.277083333333333215e+01,1.446850595130579677e+04
1.279166666666666607e+01,1.446850361050665742e+04
1.281250000000000000e+01,1.446850131936511389e+04
1.283333333333333215e+01,1.446849907926467495e+04
1.285416666666666607e+01,1.446849689155682427e+04
1.287500000000000000e+01,1.446849475756011816e+04
1.289583333333333215e+01,1.446849267855934522e+04
1.291666666666666607e+01,1.446849065580456227e+04
1.293750000000000000e+01,1.446848869051040310e+04
1.295833333333333215e+01,1.446848678385508902e+04
1.297916666666666607e+01,1.446848493697982485e+04
1.300000000000000000e+01,1.446848315098782768e+04
1.302083333333333215e+01,1.446848142694373382e+04
1.304166666666666607e+01,1.446847976587280573e+04
1.306250000000000000e+01,1.446847816876032812e+04
1.308333333333333215e+01,1.446847663655074575e+04
1.310416666666666607e+01,1.446847517014721234e+04
1.312500000000000000e+01,1.446847377041084110e+04
1.314583333333333215e+01,1.446847243816025366e+04
1.316666666666666607e+01,1.446847117417084155e+04
1.318750000000000000e+01,1.446846997917434783e+04
1.320833333333333215e+01,1.446846885385831774e+04
1.322916666666666607e+01,1.446846779886564764e+04
1.325000000000000000e+01,1.446846681479407926e+04
1.327083333333333215e+01,1.446846590219584687e+04
1.329166666666666607e+01,1.446846506157728436e+04
1.331250000000000000e+01,1.446846429339843235e+04
1.333333333333333215e+01,1.446846359807268527e+04
1.335416666666666607e+01,1.446846297596657314e+04
1.337500000000000000e+01,1.446846242739949957e+04
1.339583333333333215e+01,1.446846195264338166e+04
1.341666666666666607e+01,1.446846155192262086e+04
1.343750000000000000e+01,1.446846122541381919e+04
1.345833333333333215e+01,1.446846097324568109e+04
1.347916666666666607e+01,1.446846079549894421e+04
1.350000000000000000e+01,1.446846069220630670e+04
1.352083333333333215e+01,1.446846066335221985e+04
1.354166666666666607e+01,1.446846070887309179e+04
1.356250000000000000e+01,1.446846082865728022e+04
1.358333333333333215e+01,1.446846102254512880e+04
1.360416666666666607e+01,1.446846129032892713e+04
1.362500000000000000e+01,1.446846163175326728e+04
1.364583333333333215e+01,1.446846204651501102e+04
1.366666666666666607e+01,1.446846253426364274e+04
1.368750000000000000e+01,1.446846309460124030e+04
1.370833333333333215e+01,1.446846372708309718e+04
1.372916666666666607e+01,1.446846443121771154e+04
1.375000000000000000e+01,1.446846520646719728e+04
1.377083333333333215e+01,1.446846605224766608e+04
1.379166666666666607e+01,1.446846696792958755e+04
1.381250000000000000e+01,1.446846795283825850e+04
1.383333333333333215e+01,1.446846900625410490e+04
1.385416666666666607e+01,1.446847012741333310e+04
1.387500000000000000e+01,1.446847131550841368e+04
1.389583333333333215e+01,1.446847256968851070e+04
1.391666666666666607e+01,1.446847388906008564e+04
1.393750000000000000e+01,1.446847527268762133e+04
1.395833333333333215e+01,1.446847671959416766e+04
1.397916666666666607e+01,1.446847822876196369e+04
1.400000000000000000e+01,1.446847979913316885e+04
1.402083333333333215e+01,1.446848142961059420e+04
1.404166666666666607e+01,1.446848311905847368e+04
1.406250000000000000e+01,1.446848486630310435e+04
1.408333333333333215e+01,1.446848667013384693e+04
1.410416666666666607e+01,1.446848852930375142e+04
1.412500000000000000e+01,1.446849044253060129e+04
1.414583333333333215e+01,1.446849240849765556e+04
1.416666666666666607e+01,1.446849442585455472e+04
1.418750000000000000e+01,1.446849649321838297e+04
1.420833333333333215e+01,1.446849860917445403e+04
1.422916666666666607e+01,1.446850077227739530e+04
1.425000000000000000e+01,1.446850298105210459e+04
1.427083333333333215e+01,1.446850523399474332e+04
1.429166666666666607e+01,1.446850752957380973e+04
1.431250000000000000e+01,1.446850986623129211e+04
1.433333333333333215e+01,1.446851224238347277e+04
1.435416666666666607e+01,1.446851465642240873e+04
1.437500000000000000e+01,1.446851710671668479e+04
1.439583333333333215e+01,1.446851959161274135e+04
1.441666666666666607e+01,1.446852210943607133e+04
1.443750000000000000e+01,1.446852465849223154e+04
1.445833333333333215e+01,1.446852723706812685e+04
1.447916666666666607e+01,1.446852984343308708e+04
1.450000000000000000e+01,1.446853247584032579e+04
1.452083333333333215e+01,1.446853513252783887e+04
1.454166666666666607e+01,1.446853781171989613e+04
1.456250000000000000e+01,1.446854051162807082e+04
1.458333333333333215e+01,1.446854323045270212e+04
1.460416666666666607e+01,1.446854596638397925e+04
1.462500000000000000e+01,1.446854871760334936e+04
1.464583333333333215e+01,1.446855148228455073e+04
1.466666666666666607e+01,1.446855425859520983e+04
1.468750000000000000e+01,1.446855704469791090e+04
1.470833333333333215e+01,1.446855983875149468e+04
1.472916666666666607e+01,1.446856263891242997e+04
1.475000000000000000e+01,1.446856544333598140e+04
1.477083333333333215e+01,1.446856825017758820e+04
1.479166666666666607e+01,1.446857105759415208e+04
1.481250000000000000e+01,1.446857386374515409e+04
1.483333333333333215e+01,1.446857666679413160e+04
1.485416666666666607e+01,1.446857946490987160e+04
1.487500000000000000e+01,1.446858225626758212e+04
1.489583333333333215e+01,1.446858503905017642e+04
1.491666666666666607e+01,1.446858781144962632e+04
1.493750000000000000e+01,1.446859057166802813e+04
1.495833333333333215e+01,1.446859331791889053e+04
1.497916666666666607e+01,1.446859604842828048e+04
1.500000000000000000e+01,1.446859876143597648e+04
1.502083333333333215e+01,1.446860145519676371e+04
1.504166666666666607e+01,1.446860412798125253e+04
1.506250000000000000e+01,1.446860677807743195e+04
1.508333333333333215e+01,1.446860940379126259e+04
1.510416666666666607e+01,1.446861200344800818e+04
1.512500000000000000e+01,1.446861457539326875e+04
1.514583333333333215e+01,1.446861711799388286e+04
1.516666666666666607e+01,1.446861962963877886e+04
1.518750000000000000e+01,1.446862210874016455e+04
1.520833333333333215e+01,1.446862455373418197e+04
1.522916666666666607e+01,1.446862696308192608e+04
1.525000000000000000e+01,1.446862933527014320e+04
1.527083333333333215e+01,1.446863166881217694e+04
1.529166666666666607e+01,1.446863396224856842e+04
1.531250000000000000e+01,1.446863621414790396e+04
1.533333333333333215e+01,1.446863842310768086e+04
1.535416666666666607e+01,1.446864058775465310e+04
1.537500000000000000e+01,1.446864270674580985e+04
1.539583333333333215e+01,1.446864477876907040e+04
1.541666666666666607e+01,1.446864680254386258e+04
1.543750000000000000e+01,1.446864877682188308e+04
1.545833333333333215e+01,1.446865070038788690e+04
1.547916666666666607e+01,1.446865257206041497e+04
1.550000000000000000e+01,1.446865439069261265e+04
1.552083333333333215e+01,1.446865615517312472e+04
1.554166666666666607e+01,1.446865786442703757e+04
1.556250000000000000e+01,1.446865951741687604e+04
1.558333333333333215e+01,1.446866111314368391e+04
1.560416666666666607e+01,1.446866265064832260e+04
1.562500000000000000e+01,1.446866412901257354e+04
1.564583333333333215e+01,1.446866554736062608e+04
1.566666666666666607e+01,1.446866690486048901e+04
1.568750000000000000e+01,1.446866820072538394e+04
1.570833333333333215e+01,1.446866943421540054e+04
1.572916666666666607e+01,1.446867060463908638e+04
1.575000000000000000e+01,1.446867171135484750e+04
1.577083333333333215e+01,1.446867275377271289e+04
1.579166666666666607e+01,1.446867373135561138e+04
1.581250000000000000e+01,1.446867464362083774e+04
1.583333333333333215e+01,1.446867549014122778e+04
1.585416666666666607e+01,1.446867627054610057e+04
1.587500000000000000e+01,1.446867698452229160e+04
1.589583333333333215e+01,1.446867763181456758e+04
1.591666666666666607e+01,1.446867821222585553e+04
1.593750000000000000e+01,1.446867872561738477e+04
1.595833333333333215e+01,1.446867917190849039e+04
1.597916666666666607e+01,1.446867955107583839e+04
1.600000000000000000e+01,1.446867986315278540e+04
1.602083333333333215e+01,1.446868010822821452e+04
1.604166666666666430e+01,1.446868028644538208e+04
1.606250000000000000e+01,1.446868039800029146e+04
1.608333333333333215e+01,1.446868044314033614e+04
1.610416666666666430e+01,1.446868042216245522e+04
1.612500000000000000e+01,1.446868033541159093e+04
1.614583333333333215e+01,1.446868018327899699e+04
1.616666666666666430e+01,1.446867996620052872e+04
1.618750000000000000e+01,1.446867968465529702e+04
1.620833333333333215e+01,1.446867933916412221e+04
1.622916666666666430e+01,1.446867893028831531e+04
1.625000000000000000e+01,1.446867845862855393e+04
1.627083333333333215e+01,1.446867792482387813e+04
1.629166666666666430e+01,1.446867732955097381e+04
1.631250000000000000e+01,1.446867667352324861e+04
1.633333333333333215e+01,1.446867595749038082e+04
1.635416666666666430e+01,1.446867518223780280e+04
1.637500000000000000e+01,1.446867434858621709e+04
1.639583333333333215e+01,1.446867345739118537e+04
1.641666666666666430e+01,1.446867250954279370e+04
1.643750000000000000e+01,1.446867150596527063e+04
1.645833333333333215e+01,1.446867044761660509e+04
1.647916666666666430e+01,1.446866933548813176e+04
1.650000000000000000e+01,1.446866817060406538e+04
1.652083333333333215e+01,1.446866695402116238e+04
1.654166666666666430e+01,1.446866568682804427e+04
1.656250000000000000e+01,1.446866437014481926e+04
1.658333333333333215e+01,1.446866300512225644e+04
1.660416666666666430e+01,1.446866159294150202e+04
1.662500000000000000e+01,1.446866013481320624e+04
1.664583333333333215e+01,1.446865863197686122e+04
1.666666666666666430e+01,1.446865708570023344e+04
1.668750000000000000e+01,1.446865549727856705e+04
1.670833333333333215e+01,1.446865386803385627e+04
1.672916666666666430e+01,1.446865219931416505e+04
1.675000000000000000e+01,1.446865049249273943e+04
1.677083333333333215e+01,1.446864874896732363e+04
1.679166666666666430e+01,1.446864697015933416e+04
1.681250000000000000e+01,1.446864515751302679e+04
1.683333333333333215e+01,1.446864331249448151e+04
1.685416666666666430e+01,1.446864143659098772e+04
1.687500000000000000e+01,1.446863953130995651e+04
1.689583333333333215e+01,1.446863759817795290e+04
1.691666666666666430e+01,1.446863563873978637e+04
1.693750000000000000e+01,1.446863365455757958e+04
1.695833333333333215e+01,1.446863164720959685e+04
1.697916666666666430e+01,1.446862961828925836e+04
1.700000000000000000e+01,1.446862756940420513e+04
1.702083333333333215e+01,1.446862550217504031e+04
1.704166666666666430e+01,1.446862341823427050e+04
1.706250000000000000e+01,1.446862131922534172e+04
1.708333333333333215e+01,1.446861920680131880e+04
1.710416666666666430e+01,1.446861708262392131e+04
1.712500000000000000e+01,1.446861494836235579e+04
1.714583333333333215e+01,1.446861280569211885e+04
1.716666666666666430e+01,1.446861065629389850e+04
1.718750000000000000e+01,1.446860850185244635e+04
1.720833333333333215e+01,1.446860634405543169e+04
1.722916666666666430e+01,1.446860418459231369e+04
1.725000000000000000e+01,1.446860202515298442e+04
1.727083333333333215e+01,1.446859986742695764e+04
1.729166666666666430e+01,1.446859771310190627e+04
1.731250000000000000e+01,1.446859556386268014e+04
1.733333333333333215e+01,1.446859342139002911e+04
1.735416666666666430e+01,1.446859128735948616e+04
1.737500000000000000e+01,1.446858916344025420e+04
1.739583333333333215e+01,1.446858705129392547e+04
1.741666666666666430e+01,1.446858495257340473e+04
1.743750000000000000e+01,1.446858286892177784e+04
1.745833333333333215e+01,1.446858080197099844e+04
1.747916666666666430e+01,1.446857875334097116e+04
1.750000000000000000e+01,1.446857672463822018e+04
1.752083333333333215e+01,1.446857471745496150e+04
1.754166666666666430e+01,1.446857273336766593e+04
1.756250000000000000e+01,1.446857077393624786e+04
1.758333333333333215e+01,1.446856884070289016e+04
1.760416666666666430e+01,1.446856693519082910e+04
1.762500000000000000e+01,1.446856505890341214e+04
1.764583333333333215e+01,1.446856321332301741e+04
1.766666666666666430e+01,1.446856139990991505e+04
1.768750000000000000e+01,1.446855962010130315e+04
1.770833333333333215e+01,1.446855787531031456e+04
1.772916666666666430e+01,1.446855616692488184e+04
1.775000000000000000e+01,1.446855449630691510e+04
1.777083333333333215e+01,1.446855286479123242e+04
1.779166666666666430e+01,1.446855127368452304e+04
1.781250000000000000e+01,1.446854972426459426e+04
1.783333333333333215e+01,1.446854821777922916e+04
1.785416666666666430e+01,1.446854675544554266e+04
1.787500000000000000e+01,1.446854533844888283e+04
1.789583333333333215e+01,1.446854396794203058e+04
1.791666666666666430e+01,1.446854264504437015e+04
1.793750000000000000e+01,1.446854137084111790e+04
1.795833333333333215e+01,1.446854014638238732e+04
1.797916666666666430e+01,1.446853897268270885e+04
1.800000000000000000e+01,1.446853785071985112e+04
1.802083333333333215e+01,1.446853678143443904e+04
1.804166666666666430e+01,1.446853576572917518e+04
1.806250000000000000e+01,1.446853480446807953e+04
1.808333333333333215e+01,1.446853389847591825e+04
1.810416666666666430e+01,1.446853304853755981e+04
1.812500000000000000e+01,1.446853225539742562e+04
1.814583333333333215e+01,1.446853151975879155e+04
1.816666666666666430e+01,1.446853084228350417e+04
1.818750000000000000e+01,1.446853022359111128e+04
1.820833333333333215e+01,1.446852966425872728e+04
1.822916666666666430e+01,1.446852916482036380e+04
1.825000000000000000e+01,1.446852872576660593e+04
1.827083333333333215e+01,1.446852834754411379e+04
1.829166666666666430e+01,1.446852803055540790e+04
1.831250000000000000e+01,1.446852777515838898e+04
1.833333333333333215e+01,1.446852758166616331e+04
1.835416666666666430e+01,1.446852745034667896e+04
1.837500000000000000e+01,1.446852738142250746e+04
1.839583333333333215e+01,1.446852737507065831e+04
1.841666666666666430e+01,1.446852743142232430e+04
1.843750000000000000e+01,1.446852755056292517e+04
1.845833333333333215e+01,1.446852773253169653e+04
1.847916666666666430e+01,1.446852797732188992e+04
1.850000000000000000e+01,1.446852828488059095e+04
1.852083333333333215e+01,1.446852865510869742e+04
1.854166666666666430e+01,1.446852908786093030e+04
1.856250000000000000e+01,1.446852958294597192e+04
1.858333333333333215e+01,1.446853014012641142e+04
1.860416666666666430e+01,1.446853075911898486e+04
1.862500000000000000e+01,1.446853143959457520e+04
1.864583333333333215e+01,1.446853218117860888e+04
1.866666666666666430e+01,1.446853298345093935e+04
1.868750000000000000e+01,1.446853384594645831e+04
1.870833333333333215e+01,1.446853476815512113e+04
1.872916666666666430e+01,1.446853574952229974e+04
1.875000000000000000e+01,1.446853678944909188e+04
1.877083333333333215e+01,1.446853788729288135e+04
1.879166666666666430e+01,1.446853904236751623e+04
1.881250000000000000e+01,1.446854025394376367e+04
1.883333333333333215e+01,1.446854152124994289e+04
1.885416666666666430e+01,1.446854284347215798e+04
1.887500000000000000e+01,1.446854421975512014e+04
1.889583333333333215e+01,1.446854564920244593e+04
1.891666666666666430e+01,1.446854713087741402e+04
1.893750000000000000e+01,1.446854866380341264e+04
1.895833333333333215e+01,1.446855024696477267e+04
1.897916666666666430e+01,1.446855187930727698e+04
1.900000000000000000e+01,1.446855355973896440e+04
1.902083333333333215e+01,1.446855528713073727e+04
1.904166666666666430e+01,1.446855706031730733e+04
1.906250000000000000e+01,1.446855887809775595e+04
1.908333333333333215e+01,1.446856073923651275e+04
1.910416666666666430e+01,1.446856264246407954e+04
1.912500000000000000e+01,1.446856458647799082e+04
1.914583333333333215e+01,1.446856656994352306e+04
1.916666666666666430e+01,1.446856859149478259e+04
1.918750000000000000e+01,1.446857064973556771e+04
1.920833333333333215e+01,1.446857274324030732e+04
1.922916666666666430e+01,1.446857487055498859e+04
1.925000000000000000e+01,1.446857703019829569e+04
1.927083333333333215e+01,1.446857922066249012e+04
1.929166666666666430e+01,1.446858144041450942e+04
1.931250000000000000e+01,1.446858368789696760e+04
1.933333333333333215e+01,1.446858596152932296e+04
1.935416666666666430e+01,1.446858825970894031e+04
1.937500000000000000e+01,1.446859058081214243e+04
1.939583333333333215e+01,1.446859292319531596e+04
1.941666666666666430e+01,1.446859528519630476e+04
1.943750000000000000e+01,1.446859766513519935e+04
1.945833333333333215e+01,1.446860006131576301e+04
1.947916666666666430e+01,1.446860247202654136e+04
1.950000000000000000e+01,1.446860489554208834e+04
1.952083333333333215e+01,1.446860733012409037e+04
1.954166666666666430e+01,1.446860977402277058e+04
1.956250000000000000e+01,1.446861222547792931e+04
1.958333333333333215e+01,1.446861468272024649e+04
1.960416666666666430e+01,1.446861714397263859e+04
1.962500000000000000e+01,1.446861960745138276e+04
1.964583333333333215e+01,1.446862207136743382e+04
1.966666666666666430e+01,1.446862453392777752e+04
1.968750000000000000e+01,1.446862699333660566e+04
1.970833333333333215e+01,1.446862944779664758e+04
1.972916666666666430e+01,1.446863189551043979e+04
1.975000000000000000e+01,1.446863433468172661e+04
1.977083333333333215e+01,1.446863676351662070e+04
1.979166666666666430e+01,1.446863918022502912e+04
1.981250000000000000e+01,1.446864158302186843e+04
1.983333333333333215e+01,1.446864397012849440e+04
1.985416666666666430e+01,1.446864633977388803e+04
1.987500000000000000e+01,1.446864869019607067e+04
1.989583333333333215e+01,1.446865101964337373e+04
1.991666666666666430e+01,1.446865332637580650e+04
1.993750000000000000e+01,1.446865560866638771e+04
1.995833333333333215e+01,1.446865786480235693e+04
1.997916666666666430e+01,1.446866009308655339e+04
2.000000000000000000e+01,1.446866229183892210e+04
2.002083333333333215e+01,1.446866445939760160e+04
2.004166666666666430e+01,1.446866659412030276e+04
2.006250000000000000e+01,1.446866869438580761e+04
2.008333333333333215e+01,1.446867075859502802e+04
2.010416666666666430e+01,1.446867278517260274e+04
2.012500000000000000e+01,1.446867477256802886e+04
2.014583333333333215e+01,1.446867671925711693e+04
2.016666666666666430e+01,1.446867862374330434e+04
2.018750000000000000e+01,1.446868048455888857e+04
2.020833333333333215e+01,1.446868230026644233e+04
2.022916666666666430e+01,1.446868406946012328e+04
2.025000000000000000e+01,1.446868579076692185e+04
2.027083333333333215e+01,1.446868746284812005e+04
2.029166666666666430e+01,1.446868908440030282e+04
2.031250000000000000e+01,1.446869065415684599e+04
2.033333333333333215e+01,1.446869217088913865e+04
2.035416666666666430e+01,1.446869363340771815e+04
2.037500000000000000e+01,1.446869504056343794e+04
2.039583333333333215e+01,1.446869639124866444e+04
2.041666666666666430e+01,1.446869768439831387e+04
2.043750000000000000e+01,1.446869891899088907e+04
2.045833333333333215e+01,1.446870009404937082e+04
2.047916666666666430e+01,1.446870120864208002e+04
2.050000000000000000e+01,1.446870226188350352e+04
2.052083333333333215e+01,1.446870325293478163e+04
2.054166666666666430e+01,1.446870418100433380e+04
2.056250000000000000e+01,1.446870504534827342e+04
2.058333333333333215e+01,1.446870584527046958e+04
2.060416666666666430e+01,1.446870658012280182e+04
2.062500000000000000e+01,1.446870724930502911e+04
2.064583333333333215e+01,1.446870785226449516e+04
2.066666666666666430e+01,1.446870838849579013e+04
2.068750000000000000e+01,1.446870885754016126e+04
2.070833333333333215e+01,1.446870925898478527e+04
2.072916666666666430e+01,1.446870959246198254e+04
2.075000000000000000e+01,1.446870985764828220e+04
2.077083333333333215e+01,1.446871005426326883e+04
2.079166666666666430e+01,1.446871018206862209e+04
2.081250000000000000e+01,1.446871024086694160e+04
2.083333333333333215e+01,1.446871023050057192e+04
2.085416666666666430e+01,1.446871015085076579e+04
2.087500000000000000e+01,1.446871000183651995e+04
2.089583333333333215e+01,1.446870978341368755e+04
2.091666666666666430e+01,1.446870949557455242e+04
2.093750000000000000e+01,1.446870913834704697e+04
2.095833333333333215e+01,1.446870871179454844e+04
2.097916666666666430e+01,1.446870821601570060e+04
2.100000000000000000e+01,1.446870765114461756e+04
2.102083333333333215e+01,1.446870701735113835e+04
2.104166666666666430e+01,1.446870631484124897e+04
2.106250000000000000e+01,1.446870554385777723e+04
2.108333333333333215e+01,1.446870470468120766e+04
2.110416666666666430e+01,1.446870379763048186e+04
2.112500000000000000e+01,1.446870282306398440e+04
2.114583333333333215e+01,1.446870178138043775e+04
2.116666666666666430e+01,1.446870067301979725e+04
2.118750000000000000e+01,1.446869949846413510e+04
2.120833333333333215e+01,1.446869825823840802e+04
2.122916666666666430e+01,1.446869695291099924e+04
2.125000000000000000e+01,1.446869558309424247e+04
2.127083333333333215e+01,1.446869414944468008e+04
2.129166666666666430e+01,1.446869265266328512e+04
2.131250000000000000e+01,1.446869109349533755e+04
2.133333333333333215e+01,1.446868947273035519e+04
2.135416666666666430e+01,1.446868779120170075e+04
2.137500000000000000e+01,1.446868604978615258e+04
2.139583333333333215e+01,1.446868424940336627e+04
2.141666666666666430e+01,1.446868239101515428e+04
2.143750000000000000e+01,1.446868047562484571e+04
2.145833333333333215e+01,1.446867850427638405e+04
2.147916666666666430e+01,1.446867647805355955e+04
2.150000000000000000e+01,1.446867439807929259e+04
2.152083333333333215e+01,1.446867226551445856e+04
2.154166666666666430e+01,1.446867008155725853e+04
2.156250000000000000e+01,1.446866784744212782e+04
2.158333333333333215e+01,1.446866556443888840e+04
2.160416666666666430e+01,1.446866323385190117e+04
2.162500000000000000e+01,1.446866085701906559e+04
2.164583333333333215e+01,1.446865843531065548e+04
2.166666666666666430e+01,1.446865597012878061e+04
2.168750000000000000e+01,1.446865346290603338e+04
2.170833333333333215e+01,1.446865091510461571e+04
2.172916666666666430e+01,1.446864832821535310e+04
2.175000000000000000e+01,1.446864570375653057e+04
2.177083333333333215e+01,1.446864304327293212e+04
2.179166666666666430e+01,1.446864034833478217e+04
2.181250000000000000e+01,1.446863762053643950e+04
2.183333333333333215e+01,1.446863486149561140e+04
2.185416666666666430e+01,1.446863207285197495e+04
2.187500000000000000e+01,1.446862925626619108e+04
2.189583333333333215e+01,1.446862641341868584e+04
2.191666666666666430e+01,1.446862354600863910e+04
2.193750000000000000e+01,1.446862065575274391e+04
2.195833333333333215e+01,1.446861774438414432e+04
2.197916666666666430e+01,1.446861481365120562e+04
2.200000000000000000e+01,1.446861186531648127e+04
2.202083333333333215e+01,1.446860890115550137e+04
2.204166666666666430e+01,1.446860592295562310e+04
2.206250000000000000e+01,1.446860293251496114e+04
2.208333333333333215e+01,1.446859993164108892e+04
2.210416666666666430e+01,1.446859692214997995e+04
2.212500000000000000e+01,1.446859390586484369e+04
2.214583333333333215e+01,1.446859088461483043e+04
2.216666666666666430e+01,1.446858786023396897e+04
2.218750000000000000e+01,1.446858483455990063e+04
2.220833333333333215e+01,1.446858180943280604e+04
2.222916666666666430e+01,1.446857878669399361e+04
2.225000000000000000e+01,1.446857576818481539e+04
2.227083333333333215e+01,1.446857275574569212e+04
2.229166666666666430e+01,1.446856975121441064e+04
2.231250000000000000e+01,1.446856675642533082e+04
2.233333333333333215e+01,1.446856377320809770e+04
2.235416666666666430e+01,1.446856080338635002e+04
2.237500000000000000e+01,1.446855784877657788e+04
2.239583333333333215e+01,1.446855491118699865e+04
2.241666666666666430e+01,1.446855199241627270e+04
2.243750000000000000e+01,1.446854909425240112e+04
2.245833333333333215e+01,1.446854621847159069e+04
2.247916666666666430e+01,1.446854336683694783e+04
2.250000000000000000e+01,1.446854054109733988e+04
2.252083333333333215e+01,1.446853774298655117e+04
2.254166666666666430e+01,1.446853497422170039e+04
2.256250000000000000e+01,1.446853223650246946e+04
2.258333333333333215e+01,1.446852953150970643e+04
2.260416666666666430e+01,1.446852686090447969e+04
2.262500000000000000e+01,1.446852422632698290e+04
2.264583333333333215e+01,1.446852162939538903e+04
2.266666666666666430e+01,1.446851907170473351e+04
2.268750000000000000e+01,1.446851655482595015e+04
2.270833333333333215e+01,1.446851408030478706e+04
2.272916666666666430e+01,1.446851164966078068e+04
2.275000000000000000e+01,1.446850926438621536e+04
2.277083333333333215e+01,1.446850692594507927e+04
2.279166666666666430e+01,1.446850463577223491e+04
2.281250000000000000e+01,1.446850239527231315e+04
2.283333333333333215e+01,1.446850020581884746e+04
2.285416666666666430e+01,1.446849806875332069e+04
2.287500000000000000e+01,1.446849598538423743e+04
2.289583333333333215e+01,1.446849395698630542e+04
2.291666666666666430e+01,1.446849198479952611e+04
2.293750000000000000e+01,1.446849007002833241e+04
2.295833333333333215e+01,1.446848821384089388e+04
2.297916666666666430e+01,1.446848641736812715e+04
2.300000000000000000e+01,1.446848468170311025e+04
2.302083333333333215e+01,1.446848300790027497e+04
2.304166666666666430e+01,1.446848139697456645e+04
2.306250000000000000e+01,1.446847984990102850e+04
2.308333333333333215e+01,1.446847836761378494e+04
2.310416666666666430e+01,1.446847695100565761e+04
2.312500000000000000e+01,1.446847560092746426e+04
2.314583333333333215e+01,1.446847431818738914e+04
2.316666666666666430e+01,1.446847310355049558e+04
2.318750000000000000e+01,1.446847195773814383e+04
2.320833333333333215e+01,1.446847088142750363e+04
2.322916666666666430e+01,1.446846987525108489e+04
2.325000000000000000e+01,1.446846893979624292e+04
2.327083333333333215e+01,1.446846807560487650e+04
2.329166666666666430e+01,1.446846728317288216e+04
2.331250000000000000e+01,1.446846656295000139e+04
2.333333333333333215e+01,1.446846591533928950e+04
2.335416666666666430e+01,1.446846534069694462e+04
2.337500000000000000e+01,1.446846483933200216e+04
2.339583333333333215e+01,1.446846441150616374e+04
2.341666666666666430e+01,1.446846405743360447e+04
2.343750000000000000e+01,1.446846377728060179e+04
2.345833333333333215e+01,1.446846357116572472e+04
2.347916666666666430e+01,1.446846343915946636e+04
2.350000000000000000e+01,1.446846338128438583e+04
2.352083333333333215e+01,1.446846339751483538e+04
2.354166666666666430e+01,1.446846348777718958e+04
2.356250000000000000e+01,1.446846365194971440e+04
2.358333333333333215e+01,1.446846388986270904e+04
2.360416666666666430e+01,1.446846420129862599e+04
2.362500000000000000e+01,1.446846458599207108e+04
2.364583333333333215e+01,1.446846504363005806e+04
2.366666666666666430e+01,1.446846557385229607e+04
2.368750000000000000e+01,1.446846617625118597e+04
2.370833333333333215e+01,1.446846685037224597e+04
2.372916666666666430e+01,1.446846759571438452e+04
2.375000000000000000e+01,1.446846841173016219e+04
2.377083333333333215e+01,1.446846929782624647e+04
2.379166666666666430e+01,1.446847025336364095e+04
2.381250000000000000e+01,1.446847127765830373e+04
2.383333333333333215e+01,1.446847236998144945e+04
2.385416666666666430e+01,1.446847352956009127e+04
2.387500000000000000e+01,1.446847475557753933e+04
2.389583333333333215e+01,1.446847604717395006e+04
2.391666666666666430e+01,1.446847740344688646e+04
2.393750000000000000e+01,1.446847882345199469e+04
2.395833333333333215e+01,1.446848030620348800e+04
2.397916666666666430e+01,1.446848185067496161e+04
2.400000000000000000e+01,1.446848345580005116e+04
2.402083333333333215e+01,1.446848512047306940e+04
2.404166666666666430e+01,1.446848684354984289e+04
2.406250000000000000e+01,1.446848862384843960e+04
2.408333333333333215e+01,1.446849046014999476e+04
2.410416666666666430e+01,1.446849235119958757e+04
2.412500000000000000e+01,1.446849429570700522e+04
2.414583333333333215e+01,1.446849629234770691e+04
2.416666666666666430e+01,1.446849833976355512e+04
2.418750000000000000e+01,1.446850043656405614e+04
2.420833333333333215e+01,1.446850258132707677e+04
2.422916666666666430e+01,1.446850477259984473e+04
2.425000000000000000e+01,1.446850700890001826e+04
2.427083333333333215e+01,1.446850928871670840e+04
2.429166666666666430e+01,1.446851161051140298e+04
2.431250000000000000e+01,1.446851397271918540e+04
2.433333333333333215e+01,1.446851637374973870e+04
2.435416666666666430e+01,1.446851881198844421e+04
2.437500000000000000e+01,1.446852128579751661e+04
2.439583333333333215e+01,1.446852379351712079e+04
2.441666666666666430e+01,1.446852633346656148e+04
2.443750000000000000e+01,1.446852890394536007e+04
2.445833333333333215e+01,1.446853150323464797e+04
2.447916666666666430e+01,1.446853412959806155e+04
2.450000000000000000e+01,1.446853678128324464e+04
2.452083333333333215e+01,1.446853945652285256e+04
2.454166666666666430e+01,1.446854215353589098e+04
2.456250000000000000e+01,1.446854487052898548e+04
2.458333333333333215e+01,1.446854760569760765e+04
2.460416666666666430e+01,1.446855035722721004e+04
2.462500000000000000e+01,1.446855312329473600e+04
2.464583333333333215e+01,1.446855590206969282e+04
2.466666666666666430e+01,1.446855869171557424e+04
2.468750000000000000e+01,1.446856149039101001e+04
2.470833333333333215e+01,1.446856429625122473e+04
2.472916666666666430e+01,1.446856710744912561e+04
2.475000000000000000e+01,1.446856992213678313e+04
2.477083333333333215e+01,1.446857273846662065e+04
2.479166666666666430e+01,1.446857555459274590e+04
2.481250000000000000e+01,1.446857836867214428e+04
2.483333333333333215e+01,1.446858117886611581e+04
2.485416666666666430e+01,1.446858398334145750e+04
2.487500000000000000e+01,1.446858678027174028e+04
2.489583333333333215e+01,1.446858956783854228e+04
2.491666666666666430e+01,1.446859234423279122e+04
2.493750000000000000e+01,1.446859510765585219e+04
2.495833333333333215e+01,1.446859785632100102e+04
2.497916666666666430e+01,1.446860058845429376e+04
2.500000000000000000e+01,1.446860330229604369e+04
2.502083333333333215e+01,1.446860599610181453e+04
2.504166666666666430e+01,1.446860866814368273e+04
2.506250000000000000e+01,1.446861131671129260e+04
2.508333333333333215e+01,1.446861394011295124e+04
2.510416666666666430e+01,1.446861653667670180e+04
2.512500000000000000e+01,1.446861910475143304e+04
2.514583333333333215e+01,1.446862164270779977e+04
2.516666666666666430e+01,1.446862414893918321e+04
2.518750000000000000e+01,1.446862662186275702e+04
2.520833333333333215e+01,1.446862905992019660e+04
2.522916666666666430e+01,1.446863146157867959e+04
2.525000000000000000e+01,1.446863382533170079e+04
2.527083333333333215e+01,1.446863614969975242e+04
2.529166666666666430e+01,1.446863843323123365e+04
2.531250000000000000e+01,1.446864067450302173e+04
2.533333333333333215e+01,1.446864287212114868e+04
2.535416666666666430e+01,1.446864502472153617e+04
2.537500000000000000e+01,1.446864713097061394e+04
2.539583333333333215e+01,1.446864918956586189e+04
2.541666666666666430e+01,1.446865119923628663e+04
2.543750000000000000e+01,1.446865315874328371e+04
2.545833333333333215e+01,1.446865506688096502e+04
2.547916666666666430e+01,1.446865692247696643e+04
2.550000000000000000e+01,1.446865872439295708e+04
2.552083333333333215e+01,1.446866047152535248e+04
2.554166666666666430e+01,1.446866216280605295e+04
2.556250000000000000e+01,1.446866379720329496e+04
2.558333333333333215e+01,1.446866537372256062e+04
2.560416666666666430e+01,1.446866689140750532e+04
2.562500000000000000e+01,1.446866834934119106e+04
2.564583333333333215e+01,1.446866974664716327e+04
2.566666666666666430e+01,1.446867108249098965e+04
2.568750000000000000e+01,1.446867235608150804e+04
2.570833333333333215e+01,1.446867356667259446e+04
2.572916666666666430e+01,1.446867471356462192e+04
2.575000000000000000e+01,1.446867579610646862e+04
2.577083333333333215e+01,1.446867681369699130e+04
2.579166666666666430e+01,1.446867776578697521e+04
2.581250000000000000e+01,1.446867865188082214e+04
2.583333333333333215e+01,1.446867947153819478e+04
2.585416666666666430e+01,1.446868022437556647e+04
2.587500000000000000e+01,1.446868091006742907e+04
2.589583333333333215e+01,1.446868152834755892e+04
2.591666666666666430e+01,1.446868207900961352e+04
2.593750000000000000e+01,1.446868256190784450e+04
2.595833333333333215e+01,1.446868297695712317e+04
2.597916666666666430e+01,1.446868332413270764e+04
2.600000000000000000e+01,1.446868360346976988e+04
2.602083333333333215e+01,1.446868381506247169e+04
2.604166666666666430e+01,1.446868395906270962e+04
2.606250000000000000e+01,1.446868403567858695e+04
2.608333333333333215e+01,1.446868404517273666e+04
2.610416666666666430e+01,1.446868398786028774e+04
2.612500000000000000e+01,1.446868386410699532e+04
2.614583333333333215e+01,1.446868367432701416e+04
2.616666666666666430e+01,1.446868341898093058e+04
2.618750000000000000e+01,1.446868309857368513e+04
2.620833333333333215e+01,1.446868271365272085e+04
2.622916666666666430e+01,1.446868226480633894e+04
2.625000000000000000e+01,1.446868175266207982e+04
2.627083333333333215e+01,1.446868117788537711e+04
2.629166666666666430e+01,1.446868054117853899e+04
2.631250000000000000e+01,1.446867984327969680e+04
2.633333333333333215e+01,1.446867908496205200e+04
2.635416666666666430e+01,1.446867826703353785e+04
2.637500000000000000e+01,1.446867739033588441e+04
2.639583333333333215e+01,1.446867645574471680e+04
2.641666666666666430e+01,1.446867546416899859e+04
2.643750000000000000e+01,1.446867441655069342e+04
2.645833333333333215e+01,1.446867331386469959e+04
2.647916666666666430e+01,1.446867215711837707e+04
2.650000000000000000e+01,1.446867094735134378e+04
2.652083333333333215e+01,1.446866968563505725e+04
2.654166666666666430e+01,1.446866837307220703e+04
2.656250000000000000e+01,1.446866701079667473e+04
2.658333333333333215e+01,1.446866559997255899e+04
2.660416666666666430e+01,1.446866414179374624e+04
2.662500000000000000e+01,1.446866263748344136e+04
2.664583333333333215e+01,1.446866108829333461e+04
2.666666666666666430e+01,1.446865949550293954e+04
2.668750000000000000e+01,1.446865786041898900e+04
2.670833333333333215e+01,1.446865618437457670e+04
2.672916666666666430e+01,1.446865446872857501e+04
2.675000000000000000e+01,1.446865271486474740e+04
2.677083333333333215e+01,1.446865092419102075e+04
2.679166666666666430e+01,1.446864909813879058e+04
2.681250000000000000e+01,1.446864723816195692e+04
2.683333333333333215e+01,1.446864534573625133e+04
2.685416666666666430e+01,1.446864342235827644e+04
2.687500000000000000e+01,1.446864146954458920e+04
2.689583333333333215e+01,1.446863948883097692e+04
2.691666666666666430e+01,1.446863748177124944e+04
2.693750000000000000e+01,1.446863544993653340e+04
2.695833333333333215e+01,1.446863339491402439e+04
2.697916666666666430e+01,1.446863131830615021e+04
2.700000000000000000e+01,1.446862922172935214e+04
2.702083333333333215e+01,1.446862710681309909e+04
2.704166666666666430e+01,1.446862497519880344e+04
2.706250000000000000e+01,1.446862282853862780e+04
2.708333333333333215e+01,1.446862066849451003e+04
2.710416666666666430e+01,1.446861849673677352e+04
2.712500000000000000e+01,1.446861631494331232e+04
2.714583333333333215e+01,1.446861412479813225e+04
2.716666666666666430e+01,1.446861192799052515e+04
2.718750000000000000e+01,1.446860972621368637e+04
2.720833333333333215e+01,1.446860752116357980e+04
2.722916666666666430e+01,1.446860531453795556e+04
2.725000000000000000e+01,1.446860310803499306e+04
2.727083333333333215e+01,1.446860090335231143e+04
2.729166666666666430e+01,1.446859870218573997e+04
2.731250000000000000e+01,1.446859650622806657e+04
2.733333333333333215e+01,1.446859431716806284e+04
2.735416666666666430e+01,1.446859213668925076e+04
2.737500000000000000e+01,1.446858996646858577e+04
2.739583333333333215e+01,1.446858780817552542e+04
2.741666666666666430e+01,1.446858566347077067e+04
2.743750000000000000e+01,1.446858353400503256e+04
2.745833333333333215e+01,1.446858142141802819e+04
2.747916666666666430e+01,1.446857932733713096e+04
2.750000000000000000e+01,1.446857725337642114e+04
2.752083333333333215e+01,1.446857520113553255e+04
2.754166666666666430e+01,1.446857317219835386e+04
2.756250000000000000e+01,1.446857116813211178e+04
2.758333333333333215e+01,1.446856919048608324e+04
2.760416666666666430e+01,1.446856724079074411e+04
2.762500000000000000e+01,1.446856532055647767e+04
2.764583333333333215e+01,1.446856343127258151e+04
2.766666666666666430e+01,1.446856157440625248e+04
2.768750000000000000e+01,1.446855975140145165e+04
2.770833333333333215e+01,1.446855796367803123e+04
2.772916666666666430e+01,1.446855621263065041e+04
2.775000000000000000e+01,1.446855449962761850e+04
2.777083333333333215e+01,1.446855282601024737e+04
2.779166666666666430e+01,1.446855119309166912e+04
2.781250000000000000e+01,1.446854960215595565e+04
2.783333333333333215e+01,1.446854805445707461e+04
2.785416666666666430e+01,1.446854655121827454e+04
2.787500000000000000e+01,1.446854509363090619e+04
2.789583333333333215e+01,1.446854368285376040e+04
2.791666666666666430e+01,1.446854232001200944e+04
2.793750000000000000e+01,1.446854100619667588e+04
2.795833333333333215e+01,1.446853974246357029e+04
2.797916666666666430e+01,1.446853852983269826e+04
2.800000000000000000e+01,1.446853736928741273e+04
2.802083333333333215e+01,1.446853626177366095e+04
2.804166666666666430e+01,1.446853520819947880e+04
2.806250000000000000e+01,1.446853420943400488e+04
2.808333333333333215e+01,1.446853326630718584e+04
2.810416666666666430e+01,1.446853237960885963e+04
2.812500000000000000e+01,1.446853155008828980e+04
2.814583333333333215e+01,1.446853077845363077e+04
2.816666666666666430e+01,1.446853006537134570e+04
2.818750000000000000e+01,1.446852941146566809e+04
2.820833333333333215e+01,1.446852881731814341e+04
2.822916666666666430e+01,1.446852828346719252e+04
2.825000000000000000e+01,1.446852781040773334e+04
2.827083333333333215e+01,1.446852739859060239e+04
2.829166666666666430e+01,1.446852704842242019e+04
2.831250000000000000e+01,1.446852676026508925e+04
2.833333333333333215e+01,1.446852653443557210e+04
2.835416666666666430e+01,1.446852637120570580e+04
2.837500000000000000e+01,1.446852627080161619e+04
2.839583333333333215e+01,1.446852623340399441e+04
2.841666666666666430e+01,1.446852625914750752e+04
2.843750000000000000e+01,1.446852634812085307e+04
2.845833333333333215e+01,1.446852650036667546e+04
2.847916666666666430e+01,1.446852671588130397e+04
2.850000000000000000e+01,1.446852699461490920e+04
2.852083333333333215e+01,1.446852733647135756e+04
2.854166666666666430e+01,1.446852774130817488e+04
2.856250000000000000e+01,1.446852820893684475e+04
2.858333333333333215e+01,1.446852873912256109e+04
2.860416666666666430e+01,1.446852933158454107e+04
2.862500000000000000e+01,1.446852998599619968e+04
2.864583333333333215e+01,1.446853070198514979e+04
2.866666666666666430e+01,1.446853147913362773e+04
2.868750000000000000e+01,1.446853231697845695e+04
2.870833333333333215e+01,1.446853321501170285e+04
2.872916666666666430e+01,1.446853417268058547e+04
2.875000000000000000e+01,1.446853518938802881e+04
2.877083333333333215e+01,1.446853626449305011e+04
2.879166666666666430e+01,1.446853739731104361e+04
2.881250000000000000e+01,1.446853858711432622e+04
2.883333333333333215e+01,1.446853983313247227e+04
2.885416666666666430e+01,1.446854113455297920e+04
2.887500000000000000e+01,1.446854249052158411e+04
2.889583333333333215e+01,1.446854390014298406e+04
2.891666666666666430e+01,1.446854536248135264e+04
2.893750000000000000e+01,1.446854687656096212e+04
2.895833333333333215e+01,1.446854844136680549e+04
2.897916666666666430e+01,1.446855005584534592e+04
2.900000000000000000e+01,1.446855171890501151e+04
2.902083333333333215e+01,1.446855342941725394e+04
2.904166666666666430e+01,1.446855518621695592e+04
2.906250000000000000e+01,1.446855698810346075e+04
2.908333333333333215e+01,1.446855883384127083e+04
2.910416666666666430e+01,1.446856072216081157e+04
2.912500000000000000e+01,1.446856265175954104e+04
2.914583333333333215e+01,1.446856462130251020e+04
2.916666666666666430e+01,1.446856662942347612e+04
2.918750000000000000e+01,1.446856867472582599e+04
2.920833333333333215e+01,1.446857075578339936e+04
2.922916666666666430e+01,1.446857287114156861e+04
2.925000000000000000e+01,1.446857501931827210e+04
2.927083333333333215e+01,1.446857719880491277e+04
2.929166666666666430e+01,1.446857940806747865e+04
2.931250000000000000e+01,1.446858164554755058e+04
2.933333333333333215e+01,1.446858390966344450e+04
2.935416666666666430e+01,1.446858619881123741e+04
2.937500000000000000e+01,1.446858851136587691e+04
2.939583333333333215e+01,1.446859084568239996e+04
2.941666666666666430e+01,1.446859320009700241e+04
2.943750000000000000e+01,1.446859557292818135e+04
2.945833333333333215e+01,1.446859796247791019e+04
2.947916666666666430e+01,1.446860036703292644e+04
2.950000000000000000e+01,1.446860278486580137e+04
2.952083333333333215e+01,1.446860521423630053e+04
2.954166666666666430e+01,1.446860765339240243e+04
2.956250000000000000e+01,1.446861010057172098e+04
2.958333333333333215e+01,1.446861255400264054e+04
2.960416666666666430e+01,1.446861501190562922e+04
2.962500000000000000e+01,1.446861747249452674e+04
2.964583333333333215e+01,1.446861993397764672e+04
2.966666666666666430e+01,1.446862239455932286e+04
2.968750000000000000e+01,1.446862485244092022e+04
2.970833333333333215e+01,1.446862730582235599e+04
2.972916666666666430e+01,1.446862975290322356e+04
2.975000000000000000e+01,1.446863219188423318e+04
2.977083333333333215e+01,1.446863462096838339e+04
2.979166666666666430e+01,1.446863703836239074e+04
2.981250000000000000e+01,1.446863944227785760e+04
2.983333333333333215e+01,1.446864183093277097e+04
2.985416666666666430e+01,1.446864420255269943e+04
2.987500000000000000e+01,1.446864655537213184e+04
2.989583333333333215e+01,1.446864888763580529e+04
2.991666666666666430e+01,1.446865119760002926e+04
2.993750000000000000e+01,1.446865348353408626e+04
2.995833333333333215e+01,1.446865574372139599e+04
2.997916666666666430e+01,1.446865797646091960e+04
3.000000000000000000e+01,1.446866018006865124e+04
3.002083333333333215e+01,1.446866235287864765e+04
3.004166666666666430e+01,1.446866449324461792e+04
3.006250000000000000e+01,1.446866659954110219e+04
3.008333333333333215e+01,1.446866867016494143e+04
3.010416666666666430e+01,1.446867070353639792e+04
3.012500000000000000e+01,1.446867269810070502e+04
3.014583333333333215e+01,1.446867465232937320e+04
3.016666666666666430e+01,1.446867656472135059e+04
3.018750000000000000e+01,1.446867843380461272e+04
3.020833333333333215e+01,1.446868025813715576e+04
3.022916666666666430e+01,1.446868203630867356e+04
3.025000000000000000e+01,1.446868376694172184e+04
3.027083333333333215e+01,1.446868544869289690e+04
3.029166666666666430e+01,1.446868708025434171e+04
3.031250000000000000e+01,1.446868866035480460e+04
3.033333333333333215e+01,1.446869018776111625e+04
3.035416666666666430e+01,1.446869166127921562e+04
3.037500000000000000e+01,1.446869307975535776e+04
3.039583333333333215e+01,1.446869444207733977e+04
3.041666666666666430e+01,1.446869574717551586e+04
3.043750000000000000e+01,1.446869699402379047e+04
3.045833333333333215e+01,1.446869818164056051e+04
3.047916666666666430e+01,1.446869930908962851e+04
3.050000000000000000e+01,1.446870037548081018e+04
3.052083333333333215e+01,1.446870137997072379e+04
3.054166666666666430e+01,1.446870232176313948e+04
3.056250000000000000e+01,1.446870320010957221e+04
3.058333333333333215e+01,1.446870401430918355e+04
3.060416666666666430e+01,1.446870476370911638e+04
3.062500000000000000e+01,1.446870544770432753e+04
3.064583333333333215e+01,1.446870606573724581e+04
3.066666666666666430e+01,1.446870661729745552e+04
3.068750000000000000e+01,1.446870710192104161e+04
3.070833333333333215e+01,1.446870751918990209e+04
3.072916666666666430e+01,1.446870786873095494e+04
3.075000000000000000e+01,1.446870815021496310e+04
3.077083333333333215e+01,1.446870836335573404e+04
3.079166666666666430e+01,1.446870850790882469e+04
3.081250000000000000e+01,1.446870858367053370e+04
3.083333333333333215e+01,1.446870859047681006e+04
3.085416666666666430e+01,1.446870852820208893e+04
3.087500000000000000e+01,1.446870839675848765e+04
3.089583333333333215e+01,1.446870819609474711e+04
3.091666666666666430e+01,1.446870792619584972e+04
3.093750000000000000e+01,1.446870758708235735e+04
3.095833333333333215e+01,1.446870717881015298e+04
3.097916666666666430e+01,1.446870670147036071e+04
3.100000000000000000e+01,1.446870615518954946e+04
3.102083333333333215e+01,1.446870554013001311e+04
3.104166666666666430e+01,1.446870485649031980e+04
3.106250000000000000e+01,1.446870410450598138e+04
3.108333333333333215e+01,1.446870328445024279e+04
3.110416666666666430e+01,1.446870239663510802e+04
3.112500000000000000e+01,1.446870144141214769e+04
3.114583333333333215e+01,1.446870041917355047e+04
3.116666666666666430e+01,1.446869933035297800e+04
3.118750000000000000e+01,1.446869817542641613e+04
3.120833333333333215e+01,1.446869695491296443e+04
3.122916666666666430e+01,1.446869566937546188e+04
3.125000000000000000e+01,1.446869431942078154e+04
3.127083333333333215e+01,1.446869290570034354e+04
3.129166666666666430e+01,1.446869142891006777e+04
3.131250000000000000e+01,1.446868988979035930e+04
3.133333333333333215e+01,1.446868828912603931e+04
3.135416666666666430e+01,1.446868662774580662e+04
3.137500000000000000e+01,1.446868490652195032e+04
3.139583333333333215e+01,1.446868312636957489e+04
3.141666666666666430e+01,1.446868128824607265e+04
3.143750000000000000e+01,1.446867939315039621e+04
3.145833333333333215e+01,1.446867744212211619e+04
3.147916666666666430e+01,1.446867543624071186e+04
3.150000000000000000e+01,1.446867337662471255e+04
3.152083333333333215e+01,1.446867126443071902e+04
3.154166666666666430e+01,1.446866910085257041e+04
3.156250000000000000e+01,1.446866688712048926e+04
3.158333333333333215e+01,1.446866462449999744e+04
3.160416666666666430e+01,1.446866231429121399e+04
3.162500000000000000e+01,1.446865995782771279e+04
3.164583333333333215e+01,1.446865755647568585e+04
3.166666666666666430e+01,1.446865511163299743e+04
3.168750000000000000e+01,1.446865262472808536e+04
3.170833333333333215e+01,1.446865009721895694e+04
3.172916666666666430e+01,1.446864753059235591e+04
3.175000000000000000e+01,1.446864492636249997e+04
3.177083333333333215e+01,1.446864228607007317e+04
3.179166666666666430e+01,1.446863961128124356e+04
3.181250000000000000e+01,1.446863690358638269e+04
3.183333333333333215e+01,1.446863416459925065e+04
3.185416666666666430e+01,1.446863139595545726e+04
3.187500000000000000e+01,1.446862859931175626e+04
3.189583333333333215e+01,1.446862577634474655e+04
3.191666666666666430e+01,1.446862292874968625e+04
3.193750000000000000e+01,1.446862005823944855e+04
3.195833333333333215e+01,1.446861716654335032e+04
3.197916666666666430e+01,1.446861425540604978e+04
3.200000000000000000e+01,1.446861132658633869e+04
3.202083333333332860e+01,1.446860838185613829e+04
3.204166666666666430e+01,1.446860542299916415e+04
3.206250000000000000e+01,1.446860245180995116e+04
3.208333333333332860e+01,1.446859947009256211e+04
3.210416666666666430e+01,1.446859647965949262e+04
3.212500000000000000e+01,1.446859348233048149e+04
3.214583333333332860e+01,1.446859047993138302e+04
3.216666666666666430e+01,1.446858747429287541e+04
3.218750000000000000e+01,1.446858446724931855e+04
3.220833333333332860e+01,1.446858146063768072e+04
3.222916666666666430e+01,1.446857845629609801e+04
3.225000000000000000e+01,1.446857545606289932e+04
3.227083333333332860e+01,1.446857246177527486e+04
3.229166666666666430e+01,1.446856947526813383e+04
3.231250000000000000e+01,1.446856649837284203e+04
3.233333333333332860e+01,1.446856353291611958e+04
3.235416666666666430e+01,1.446856058071877487e+04
3.237500000000000000e+01,1.446855764359454042e+04
3.239583333333332860e+01,1.446855472334886144e+04
3.241666666666666430e+01,1.446855182177769893e+04
3.243750000000000000e+01,1.446854894066647830e+04
3.245833333333332860e+01,1.446854608178876151e+04
3.247916666666666430e+01,1.446854324690517387e+04
3.250000000000000000e+01,1.446854043776222534e+04
3.252083333333332860e+01,1.446853765609113543e+04
3.254166666666666430e+01,1.446853490360678552e+04
3.256250000000000000e+01,1.446853218200652918e+04
3.258333333333332860e+01,1.446852949296900260e+04
3.260416666666666430e+01,1.446852683815311320e+04
3.262500000000000000e+01,1.446852421919693370e+04
3.264583333333332860e+01,1.446852163771655250e+04
3.266666666666666430e+01,1.446851909530502235e+04
3.268750000000000000e+01,1.446851659353133437e+04
3.270833333333332860e+01,1.446851413393936309e+04
3.272916666666666430e+01,1.446851171804679325e+04
3.275000000000000000e+01,1.446850934734412658e+04
3.277083333333332860e+01,1.446850702329369960e+04
3.279166666666666430e+01,1.446850474732866132e+04
3.281250000000000000e+01,1.446850252085206375e+04
3.283333333333332860e+01,1.446850034523588693e+04
3.285416666666666430e+01,1.446849822182010394e+04
3.287500000000000000e+01,1.446849615191184785e+04
3.289583333333332860e+01,1.446849413678438941e+04
3.291666666666666430e+01,1.446849217767647497e+04
3.293750000000000000e+01,1.446849027579124595e+04
3.295833333333332860e+01,1.446848843229564591e+04
3.297916666666666430e+01,1.446848664831953647e+04
3.300000000000000000e+01,1.446848492495483515e+04
3.302083333333332860e+01,1.446848326325496600e+04
3.304166666666666430e+01,1.446848166423395378e+04
3.306250000000000000e+01,1.446848012886579454e+04
3.308333333333332860e+01,1.446847865808385905e+04
3.310416666666666430e+01,1.446847725278016151e+04
3.312500000000000000e+01,1.446847591380471931e+04
3.314583333333332860e+01,1.446847464196505098e+04
3.316666666666666430e+01,1.446847343802561227e+04
3.318750000000000000e+01,1.446847230270717773e+04
3.320833333333332860e+01,1.446847123668638596e+04
3.322916666666666430e+01,1.446847024059524483e+04
3.325000000000000000e+01,1.446846931502074585e+04
3.327083333333332860e+01,1.446846846050438035e+04
3.329166666666666430e+01,1.446846767754179018e+04
3.331250000000000000e+01,1.446846696658243309e+04
3.333333333333332860e+01,1.446846632802917156e+04
3.335416666666666430e+01,1.446846576223810189e+04
3.337500000000000000e+01,1.446846526951818305e+04
3.339583333333332860e+01,1.446846485013105121e+04
3.341666666666666430e+01,1.446846450429083779e+04
3.343750000000000000e+01,1.446846423216400945e+04
3.345833333333332860e+01,1.446846403386922248e+04
3.347916666666666430e+01,1.446846390947715554e+04
3.350000000000000000e+01,1.446846385901053145e+04
3.352083333333332860e+01,1.446846388244411719e+04
3.354166666666666430e+01,1.446846397970452017e+04
3.356250000000000000e+01,1.446846415067044290e+04
3.358333333333332860e+01,1.446846439517261024e+04
3.360416666666666430e+01,1.446846471299399491e+04
3.362500000000000000e+01,1.446846510386972295e+04
3.364583333333332860e+01,1.446846556748740841e+04
3.366666666666666430e+01,1.446846610348734248e+04
3.368750000000000000e+01,1.446846671146269728e+04
3.370833333333332860e+01,1.446846739095971134e+04
3.372916666666666430e+01,1.446846814147805344e+04
3.375000000000000000e+01,1.446846896247115365e+04
3.377083333333332860e+01,1.446846985334657438e+04
3.379166666666666430e+01,1.446847081346624327e+04
3.381250000000000000e+01,1.446847184214706795e+04
3.383333333333332860e+01,1.446847293866134351e+04
3.385416666666666430e+01,1.446847410223709812e+04
3.387500000000000000e+01,1.446847533205879881e+04
3.389583333333332860e+01,1.446847662726776252e+04
3.391666666666666430e+01,1.446847798696276732e+04
3.393750000000000000e+01,1.446847941020072903e+04
3.395833333333332860e+01,1.446848089599710875e+04
3.397916666666666430e+01,1.446848244332686954e+04
3.400000000000000000e+01,1.446848405112507317e+04
3.402083333333332860e+01,1.446848571828743297e+04
3.404166666666666430e+01,1.446848744367117979e+04
3.406250000000000000e+01,1.446848922609595320e+04
3.408333333333332860e+01,1.446849106434449277e+04
3.410416666666666430e+01,1.446849295716339839e+04
3.412500000000000000e+01,1.446849490326409432e+04
3.414583333333332860e+01,1.446849690132367323e+04
3.416666666666666430e+01,1.446849894998582022e+04
3.418750000000000000e+01,1.446850104786171505e+04
3.420833333333332860e+01,1.446850319353095983e+04
3.422916666666666430e+01,1.446850538554270315e+04
3.425000000000000000e+01,1.446850762241637858e+04
3.427083333333332860e+01,1.446850990264302527e+04
3.429166666666666430e+01,1.446851222468607739e+04
3.431250000000000000e+01,1.446851458698252100e+04
3.433333333333332860e+01,1.446851698794406184e+04
3.435416666666666430e+01,1.446851942595807122e+04
3.437500000000000000e+01,1.446852189938884476e+04
3.439583333333332860e+01,1.446852440657866100e+04
3.441666666666666430e+01,1.446852694584885467e+04
3.443750000000000000e+01,1.446852951550115540e+04
3.445833333333332860e+01,1.446853211381880828e+04
3.447916666666666430e+01,1.446853473906768704e+04
3.450000000000000000e+01,1.446853738949756735e+04
3.452083333333332860e+01,1.446854006334342193e+04
3.454166666666666430e+01,1.446854275882651200e+04
3.456250000000000000e+01,1.446854547415569323e+04
3.458333333333332860e+01,1.446854820752871456e+04
3.460416666666666430e+01,1.446855095713338960e+04
3.462500000000000000e+01,1.446855372114896818e+04
3.464583333333332860e+01,1.446855649774730773e+04
3.466666666666666430e+01,1.446855928509420482e+04
3.468750000000000000e+01,1.446856208135069028e+04
3.470833333333332860e+01,1.446856488467429881e+04
3.472916666666666430e+01,1.446856769322037871e+04
3.475000000000000000e+01,1.446857050514327784e+04
3.477083333333332860e+01,1.446857331859784972e+04
3.479166666666666430e+01,1.446857613174045036e+04
3.481250000000000000e+01,1.446857894273048078e+04
3.483333333333332860e+01,1.446858174973164932e+04
3.485416666666666430e+01,1.446858455091288852e+04
3.487500000000000000e+01,1.446858734445015943e+04
3.489583333333332860e+01,1.446859012852731394e+04
3.491666666666666430e+01,1.446859290133746981e+04
3.493750000000000000e+01,1.446859566108425861e+04
3.495833333333332860e+01,1.446859840598301889e+04
3.497916666666666430e+01,1.446860113426196767e+04
3.500000000000000000e+01,1.446860384416351735e+04
3.502083333333332860e+01,1.446860653394518886e+04
3.504166666666666430e+01,1.446860920188108139e+04
3.506250000000000000e+01,1.446861184626259637e+04
3.508333333333332860e+01,1.446861446540001270e+04
3.510416666666666430e+01,1.446861705762305792e+04
3.512500000000000000e+01,1.446861962128226151e+04
3.514583333333332860e+01,1.446862215474991172e+04
3.516666666666666430e+01,1.446862465642091047e+04
3.518750000000000000e+01,1.446862712471382474e+04
3.520833333333332860e+01,1.446862955807171602e+04
3.522916666666666430e+01,1.446863195496307890e+04
3.525000000000000000e+01,1.446863431388257231e+04
3.527083333333332860e+01,1.446863663335189995e+04
3.529166666666666430e+01,1.446863891192051960e+04
3.531250000000000000e+01,1.446864114816641086e+04
3.533333333333332860e+01,1.446864334069664619e+04
3.535416666666666430e+01,1.446864548814821319e+04
3.537500000000000000e+01,1.446864758918861844e+04
3.539583333333332860e+01,1.446864964251644778e+04
3.541666666666666430e+01,1.446865164686199205e+04
3.543750000000000000e+01,1.446865360098796737e+04
3.545833333333332860e+01,1.446865550369008270e+04
3.547916666666666430e+01,1.446865735379761099e+04
3.550000000000000000e+01,1.446865915017421867e+04
3.552083333333332860e+01,1.446866089171854401e+04
3.554166666666666430e+01,1.446866257736516127e+04
3.556250000000000000e+01,1.446866420608528642e+04
3.558333333333332860e+01,1.446866577688769030e+04
3.560416666666666430e+01,1.446866728881991367e+04
3.562500000000000000e+01,1.446866874096922402e+04
3.564583333333332860e+01,1.446867013246394708e+04
3.566666666666666430e+01,1.446867146247477649e+04
3.568750000000000000e+01,1.446867273021608344e+04
3.570833333333332860e+01,1.446867393494775752e+04
3.572916666666666430e+01,1.446867507597645817e+04
3.575000000000000000e+01,1.446867615265745189e+04
3.577083333333332860e+01,1.446867716439640935e+04
3.579166666666666430e+01,1.446867811065060232e+04
3.581250000000000000e+01,1.446867899093120286e+04
3.583333333333332860e+01,1.446867980480409096e+04
3.585416666666666430e+01,1.446868055189173901e+04
3.587500000000000000e+01,1.446868123187415404e+04
3.589583333333332860e+01,1.446868184448987449e+04
3.591666666666666430e+01,1.446868238953673062e+04
3.593750000000000000e+01,1.446868286687224463e+04
3.595833333333332860e+01,1.446868327641359429e+04
3.597916666666666430e+01,1.446868361813752563e+04
3.600000000000000000e+01,1.446868389207964356e+04
3.602083333333332860e+01,1.446868409833366968e+04
3.604166666666666430e+01,1.446868423705015084e+04
3.606250000000000000e+01,1.446868430843514579e+04
3.608333333333332860e+01,1.446868431274846807e+04
3.610416666666666430e+01,1.446868425030200524e+04
3.612500000000000000e+01,1.446868412145776892e+04
3.614583333333332860e+01,1.446868392662605402e+04
3.616666666666666430e+01,1.446868366626334682e+04
3.618750000000000000e+01,1.446868334087072435e+04
3.620833333333332860e+01,1.446868295099179886e+04
3.622916666666666430e+01,1.446868249721142274e+04
3.625000000000000000e+01,1.446868198015402231e+04
3.627083333333332860e+01,1.446868140048237910e+04
3.629166666666666430e+01,1.446868075889662578e+04
3.631250000000000000e+01,1.446868005613320202e+04
3.633333333333332860e+01,1.446867929296418879e+04
3.635416666666666430e+01,1.446867847019662804e+04
3.637500000000000000e+01,1.446867758867214798e+04
3.639583333333332860e+01,1.446867664926634461e+04
3.641666666666666430e+01,1.446867565288849801e+04
3.643750000000000000e+01,1.446867460048134308e+04
3.645833333333332860e+01,1.446867349302057119e+04
3.647916666666666430e+01,1.446867233151459004e+04
3.650000000000000000e+01,1.446867111700411988e+04
3.652083333333332860e+01,1.446866985056183330e+04
3.654166666666666430e+01,1.446866853329177320e+04
3.656250000000000000e+01,1.446866716632905809e+04
3.658333333333332860e+01,1.446866575083913631e+04
3.660416666666666430e+01,1.446866428801730217e+04
3.662500000000000000e+01,1.446866277908810662e+04
3.664583333333332860e+01,1.446866122530460416e+04
3.666666666666666430e+01,1.446865962794778898e+04
3.668750000000000000e+01,1.446865798832572182e+04
3.670833333333332860e+01,1.446865630777298429e+04
3.672916666666666430e+01,1.446865458764989671e+04
3.675000000000000000e+01,1.446865282934163406e+04
3.677083333333332860e+01,1.446865103425761481e+04
3.679166666666666430e+01,1.446864920383062781e+04
3.681250000000000000e+01,1.446864733951602830e+04
3.683333333333332860e+01,1.446864544279090842e+04
3.685416666666666430e+01,1.446864351515318049e+04
3.687500000000000000e+01,1.446864155812081663e+04
3.689583333333332860e+01,1.446863957323074646e+04
3.691666666666666430e+01,1.446863756203810772e+04
3.693750000000000000e+01,1.446863552611509294e+04
3.695833333333332860e+01,1.446863346705005824e+04
3.697916666666666430e+01,1.446863138644640640e+04
3.700000000000000000e+01,1.446862928592158642e+04
3.702083333333332860e+01,1.446862716710602035e+04
3.704166666666666430e+01,1.446862503164202644e+04
3.706250000000000000e+01,1.446862288118261495e+04
3.708333333333332860e+01,1.446862071739046223e+04
3.710416666666666430e+01,1.446861854193671388e+04
3.712500000000000000e+01,1.446861635650004609e+04
3.714583333333332860e+01,1.446861416276521777e+04
3.716666666666666430e+01,1.446861196242212827e+04
3.718750000000000000e+01,1.446860975716463872e+04
3.720833333333332860e+01,1.446860754868942968e+04
3.722916666666666430e+01,1.446860533869481878e+04
3.725000000000000000e+01,1.446860312887960026e+04
3.727083333333332860e+01,1.446860092094194260e+04
3.729166666666666430e+01,1.446859871657813346e+04
3.731250000000000000e+01,1.446859651748162651e+04
3.733333333333332860e+01,1.446859432534153530e+04
3.735416666666666430e+01,1.446859214184180382e+04
3.737500000000000000e+01,1.446858996865991503e+04
3.739583333333332860e+01,1.446858780746561024e+04
3.741666666666666430e+01,1.446858565991994692e+04
3.743750000000000000e+01,1.446858352767406541e+04
3.745833333333332860e+01,1.446858141236779556e+04
3.747916666666666430e+01,1.446857931562895101e+04
3.750000000000000000e+01,1.446857723907179025e+04
3.752083333333332860e+01,1.446857518429614356e+04
3.754166666666666430e+01,1.446857315288614336e+04
3.756250000000000000e+01,1.446857114640914733e+04
3.758333333333332860e+01,1.446856916641468342e+04
3.760416666666666430e+01,1.446856721443328570e+04
3.762500000000000000e+01,1.446856529197543205e+04
3.764583333333332860e+01,1.446856340053059830e+04
3.766666666666666430e+01,1.446856154156601406e+04
3.768750000000000000e+01,1.446855971652574954e+04
3.770833333333332860e+01,1.446855792682962056e+04
3.772916666666666430e+01,1.446855617387228631e+04
3.775000000000000000e+01,1.446855445902212159e+04
3.777083333333332860e+01,1.446855278362039826e+04
3.779166666666666430e+01,1.446855114898013926e+04
3.781250000000000000e+01,1.446854955638532920e+04
3.783333333333332860e+01,1.446854800708996481e+04
3.785416666666666430e+01,1.446854650231713094e+04
3.787500000000000000e+01,1.446854504325797825e+04
3.789583333333332860e+01,1.446854363107118843e+04
3.791666666666666430e+01,1.446854226688174458e+04
3.793750000000000000e+01,1.446854095178049465e+04
3.795833333333332860e+01,1.446853968682304912e+04
3.797916666666666430e+01,1.446853847302912254e+04
3.800000000000000000e+01,1.446853731138183866e+04
3.802083333333332860e+01,1.446853620282695556e+04
3.804166666666666430e+01,1.446853514827209801e+04
3.806250000000000000e+01,1.446853414858621181e+04
3.808333333333332860e+01,1.446853320459882161e+04
3.810416666666666430e+01,1.446853231709948159e+04
3.812500000000000000e+01,1.446853148683708423e+04
3.814583333333332860e+01,1.446853071451941287e+04
3.816666666666666430e+01,1.446853000081252321e+04
3.818750000000000000e+01,1.446852934634024496e+04
3.820833333333332860e+01,1.446852875168369428e+04
3.822916666666666430e+01,1.446852821738085186e+04
3.825000000000000000e+01,1.446852774392611173e+04
3.827083333333332860e+01,1.446852733176984839e+04
3.829166666666666430e+01,1.446852698131825673e+04
3.831250000000000000e+01,1.446852669293265717e+04
3.833333333333332860e+01,1.446852646692955386e+04
3.835416666666666430e+01,1.446852630358003807e+04
3.837500000000000000e+01,1.446852620310992643e+04
3.839583333333332860e+01,1.446852616569913152e+04
3.841666666666666430e+01,1.446852619148185113e+04
3.843750000000000000e+01,1.446852628054612433e+04
3.845833333333332860e+01,1.446852643293392612e+04
3.847916666666666430e+01,1.446852664864103645e+04
3.850000000000000000e+01,1.446852692761689468e+04
3.852083333333332860e+01,1.446852726976468693e+04
3.854166666666666430e+01,1.446852767494132786e+04
3.856250000000000000e+01,1.446852814295752978e+04
3.858333333333332860e+01,1.446852867357780633e+04
3.860416666666666430e+01,1.446852926652065435e+04
3.862500000000000000e+01,1.446852992145876487e+04
3.864583333333332860e+01,1.446853063801898679e+04
3.866666666666666430e+01,1.446853141578273789e+04
3.868750000000000000e+01,1.446853225428619407e+04
3.870833333333332860e+01,1.446853315302044211e+04
3.872916666666666430e+01,1.446853411143202902e+04
3.875000000000000000e+01,1.446853512892308936e+04
3.877083333333332860e+01,1.446853620485174906e+04
3.879166666666666430e+01,1.446853733853256199e+04
3.881250000000000000e+01,1.446853852923702652e+04
3.883333333333332860e+01,1.446853977619387297e+04
3.885416666666666430e+01,1.446854107858966745e+04
3.887500000000000000e+01,1.446854243556937581e+04
3.889583333333332860e+01,1.446854384623668739e+04
3.891666666666666430e+01,1.446854530965497179e+04
3.893750000000000000e+01,1.446854682484756995e+04
3.895833333333332860e+01,1.446854839079854355e+04
3.897916666666666430e+01,1.446855000645339533e+04
3.900000000000000000e+01,1.446855167071974938e+04
3.902083333333332860e+01,1.446855338246796600e+04
3.904166666666666430e+01,1.446855514053209481e+04
3.906250000000000000e+01,1.446855694371046411e+04
3.908333333333332860e+01,1.446855879076662313e+04
3.910416666666666430e+01,1.446856068043007690e+04
3.912500000000000000e+01,1.446856261139726121e+04
3.914583333333332860e+01,1.446856458233220837e+04
3.916666666666666430e+01,1.446856659186776233e+04
3.918750000000000000e+01,1.446856863860621888e+04
3.920833333333332860e+01,1.446857072112051173e+04
3.922916666666666430e+01,1.446857283795499097e+04
3.925000000000000000e+01,1.446857498762656178e+04
3.927083333333332860e+01,1.446857716862559028e+04
3.929166666666666430e+01,1.446857937941707132e+04
3.931250000000000000e+01,1.446858161844150527e+04
3.933333333333332860e+01,1.446858388411625492e+04
3.935416666666666430e+01,1.446858617483629496e+04
3.937500000000000000e+01,1.446858848897552889e+04
3.939583333333332860e+01,1.446859082488795320e+04
3.941666666666666430e+01,1.446859318090867237e+04
3.943750000000000000e+01,1.446859555535515028e+04
3.945833333333332860e+01,1.446859794652830897e+04
3.947916666666666430e+01,1.446860035271378001e+04
3.950000000000000000e+01,1.446860277218307965e+04
3.952083333333332860e+01,1.446860520319480565e+04
3.954166666666666430e+01,1.446860764399587424e+04
3.956250000000000000e+01,1.446861009282277155e+04
3.958333333333332860e+01,1.446861254790281964e+04
3.960416666666666430e+01,1.446861500745528974e+04
3.962500000000000000e+01,1.446861746969285014e+04
3.964583333333332860e+01,1.446861993282277035e+04
3.966666666666666430e+01,1.446862239504811805e+04
3.968750000000000000e+01,1.446862485456911963e+04
3.970833333333332860e+01,1.446862730958447355e+04
3.972916666666666430e+01,1.446862975829252173e+04
3.975000000000000000e+01,1.446863219889279571e+04
3.977083333333332860e+01,1.446863462958695527e+04
3.979166666666666430e+01,1.446863704858045821e+04
3.981250000000000000e+01,1.446863945408365544e+04
3.983333333333332860e+01,1.446864184431311151e+04
3.985416666666666430e+01,1.446864421749310713e+04
3.987500000000000000e+01,1.446864657185662145e+04
3.989583333333332860e+01,1.446864890564703455e+04
3.991666666666666430e+01,1.446865121711920074e+04
3.993750000000000000e+01,1.446865350454081636e+04
3.995833333333332860e+01,1.446865576619376588e+04
3.997916666666666430e+01,1.446865800037547524e+04
4.000000000000000000e+01,1.446866020540022146e+04
4.002083333333332860e+01,1.446866237960040962e+04
4.004166666666666430e+01,1.446866452132796985e+04
4.006250000000000000e+01,1.446866662895572517e+04
4.008333333333332860e+01,1.446866870087858842e+04
4.010416666666666430e+01,1.446867073551499197e+04
4.012500000000000000e+01,1.446867273130827016e+04
4.014583333333332860e+01,1.446867468672787800e+04
4.016666666666666430e+01,1.446867660027082093e+04
4.018750000000000000e+01,1.446867847046290990e+04
4.020833333333332860e+01,1.446868029586022749e+04
4.022916666666666430e+01,1.446868207505026658e+04
4.025000000000000000e+01,1.446868380665353106e+04
4.027083333333332860e+01,1.446868548932452177e+04
4.029166666666666430e+01,1.446868712175330074e+04
4.031250000000000000e+01,1.446868870266664817e+04
4.033333333333332860e+01,1.446869023082945569e+04
4.035416666666666430e+01,1.446869170504577050e+04
4.037500000000000000e+01,1.446869312416018875e+04
4.039583333333332860e+01,1.446869448705893956e+04
4.041666666666666430e+01,1.446869579267103472e+04
4.043750000000000000e+01,1.446869703996923636e+04
4.045833333333332860e+01,1.446869822797108645e+04
4.047916666666666430e+01,1.446869935573982002e+04
4.050000000000000000e+01,1.446870042238512906e+04
4.052083333333332860e+01,1.446870142706374099e+04
4.054166666666666430e+01,1.446870236898013172e+04
4.056250000000000000e+01,1.446870324738671479e+04
4.058333333333332860e+01,1.446870406158435435e+04
4.060416666666666430e+01,1.446870481092216505e+04
4.062500000000000000e+01,1.446870549479767215e+04
4.064583333333332860e+01,1.446870611265628759e+04
4.066666666666666430e+01,1.446870666399113907e+04
4.068750000000000000e+01,1.446870714834229511e+04
4.070833333333332860e+01,1.446870756529601931e+04
4.072916666666666430e+01,1.446870791448386080e+04
4.075000000000000000e+01,1.446870819558162839e+04
4.077083333333332860e+01,1.446870840830824818e+04
4.079166666666666430e+01,1.446870855242456309e+04
4.081250000000000000e+01,1.446870862773207409e+04
4.083333333333332860e+01,1.446870863407173965e+04
4.085416666666666430e+01,1.446870857132289530e+04
4.087500000000000000e+01,1.446870843940203849e+04
4.089583333333332860e+01,1.446870823826201740e+04
4.091666666666666430e+01,1.446870796789116866e+04
4.093750000000000000e+01,1.446870762831293177e+04
4.095833333333332860e+01,1.446870721958531794e+04
4.097916666666666430e+01,1.446870674180082642e+04
4.100000000000000000e+01,1.446870619508677191e+04
4.102083333333332860e+01,1.446870557960542283e+04
4.104166666666666430e+01,1.446870489555470340e+04
4.106250000000000000e+01,1.446870414316879396e+04
4.108333333333332860e+01,1.446870332271921870e+04
4.110416666666666430e+01,1.446870243451574061e+04
4.112500000000000000e+01,1.446870147890735461e+04
4.114583333333332860e+01,1.446870045628346634e+04
4.116666666666666430e+01,1.446869936707480520e+04
4.118750000000000000e+01,1.446869821175451580e+04
4.120833333333332860e+01,1.446869699083880550e+04
4.122916666666666430e+01,1.446869570488781028e+04
4.125000000000000000e+01,1.446869435450607125e+04
4.127083333333332860e+01,1.446869294034266568e+04
4.129166666666666430e+01,1.446869146309165080e+04
4.131250000000000000e+01,1.446868992349188557e+04
4.133333333333332860e+01,1.446868832232684144e+04
4.135416666666666430e+01,1.446868666042434415e+04
4.137500000000000000e+01,1.446868493865582786e+04
4.139583333333332860e+01,1.446868315793600050e+04
4.141666666666666430e+01,1.446868131922199973e+04
4.143750000000000000e+01,1.446867942351270176e+04
4.145833333333332860e+01,1.446867747184770633e+04
4.147916666666666430e+01,1.446867546530671098e+04
4.150000000000000000e+01,1.446867340500849969e+04
4.152083333333332860e+01,1.446867129210998610e+04
4.154166666666666430e+01,1.446866912780541679e+04
4.156250000000000000e+01,1.446866691332537812e+04
4.158333333333332860e+01,1.446866464993590489e+04
4.160416666666666430e+01,1.446866233893749450e+04
4.162500000000000000e+01,1.446865998166419740e+04
4.164583333333332860e+01,1.446865757948275132e+04
4.166666666666666430e+01,1.446865513379142430e+04
4.168750000000000000e+01,1.446865264601922172e+04
4.170833333333332860e+01,1.446865011762475115e+04
4.172916666666666430e+01,1.446864755009521832e+04
4.175000000000000000e+01,1.446864494494541941e+04
4.177083333333332860e+01,1.446864230371658050e+04
4.179166666666666430e+01,1.446863962797544445e+04
4.181250000000000000e+01,1.446863691931295762e+04
4.183333333333332860e+01,1.446863417934330573e+04
4.185416666666666430e+01,1.446863140970276800e+04
4.187500000000000000e+01,1.446862861204854926e+04
4.189583333333332860e+01,1.446862578805768135e+04
4.191666666666666430e+01,1.446862293942593897e+04
4.193750000000000000e+01,1.446862006786664278e+04
4.195833333333332860e+01,1.446861717510943345e+04
4.197916666666666430e+01,1.446861426289940573e+04
4.200000000000000000e+01,1.446861133299571884e+04
4.202083333333332860e+01,1.446860838717062870e+04
4.204166666666666430e+01,1.446860542720814192e+04
4.206250000000000000e+01,1.446860245490309171e+04
4.208333333333332860e+01,1.446859947205985372e+04
4.210416666666666430e+01,1.446859648049121461e+04
4.212500000000000000e+01,1.446859348201723333e+04
4.214583333333332860e+01,1.446859047846394242e+04
4.216666666666666430e+01,1.446858747166232570e+04
4.218750000000000000e+01,1.446858446344708136e+04
4.220833333333332860e+01,1.446858145565535233e+04
4.222916666666666430e+01,1.446857845012559483e+04
4.225000000000000000e+01,1.446857544869632329e+04
4.227083333333332860e+01,1.446857245320506627e+04
4.229166666666666430e+01,1.446856946548691121e+04
4.231250000000000000e+01,1.446856648737356227e+04
4.233333333333332860e+01,1.446856352069192144e+04
4.235416666666666430e+01,1.446856056726304450e+04
4.237500000000000000e+01,1.446855762890088590e+04
4.239583333333332860e+01,1.446855470741114550e+04
4.241666666666666430e+01,1.446855180459000985e+04
4.243750000000000000e+01,1.446854892222313356e+04
4.245833333333332860e+01,1.446854606208430414e+04
4.247916666666666430e+01,1.446854322593435063e+04
4.250000000000000000e+01,1.446854041552004128e+04
4.252083333333332860e+01,1.446853763257284299e+04
4.254166666666666430e+01,1.446853487880782632e+04
4.256250000000000000e+01,1.446853215592257038e+04
4.258333333333332860e+01,1.446852946559596603e+04
4.260416666666666430e+01,1.446852680948717898e+04
4.262500000000000000e+01,1.446852418923448931e+04
4.264583333333332860e+01,1.446852160645424010e+04
4.266666666666666430e+01,1.446851906273978966e+04
4.268750000000000000e+01,1.446851655966029284e+04
4.270833333333332860e+01,1.446851409875994432e+04
4.272916666666666430e+01,1.446851168155663618e+04
4.275000000000000000e+01,1.446850930954114301e+04
4.277083333333332860e+01,1.446850698417608146e+04
4.279166666666666430e+01,1.446850470689484428e+04
4.281250000000000000e+01,1.446850247910076723e+04
4.283333333333332860e+01,1.446850030216609230e+04
4.285416666666666430e+01,1.446849817743108360e+04
4.287500000000000000e+01,1.446849610620309977e+04
4.289583333333332860e+01,1.446849408975577899e+04
4.291666666666666430e+01,1.446849212932797673e+04
4.293750000000000000e+01,1.446849022612332192e+04
4.295833333333332860e+01,1.446848838130895456e+04
4.297916666666666430e+01,1.446848659601500913e+04
4.300000000000000000e+01,1.446848487133370509e+04
4.302083333333332860e+01,1.446848320831879028e+04
4.304166666666666430e+01,1.446848160798453318e+04
4.306250000000000000e+01,1.446848007130533369e+04
4.308333333333332860e+01,1.446847859921481358e+04
4.310416666666666430e+01,1.446847719260529630e+04
4.312500000000000000e+01,1.446847585232715937e+04
4.314583333333332860e+01,1.446847457918817599e+04
4.316666666666666430e+01,1.446847337395315481e+04
4.318750000000000000e+01,1.446847223734317231e+04
4.320833333333332860e+01,1.446847117003523090e+04
4.322916666666666430e+01,1.446847017266167313e+04
4.325000000000000000e+01,1.446846924580978521e+04
4.327083333333332860e+01,1.446846839002146589e+04
4.329166666666666430e+01,1.446846760579260808e+04
4.331250000000000000e+01,1.446846689357305149e+04
4.333333333333332860e+01,1.446846625376604061e+04
4.335416666666666430e+01,1.446846568672795911e+04
4.337500000000000000e+01,1.446846519276811523e+04
4.339583333333332860e+01,1.446846477214854895e+04
4.341666666666666430e+01,1.446846442508374093e+04
4.343750000000000000e+01,1.446846415174049253e+04
4.345833333333332860e+01,1.446846395223779109e+04
4.347916666666666430e+01,1.446846382664675548e+04
4.350000000000000000e+01,1.446846377499045411e+04
4.352083333333332860e+01,1.446846379724394501e+04
4.354166666666666430e+01,1.446846389333426123e+04
4.356250000000000000e+01,1.446846406314050546e+04
4.358333333333332860e+01,1.446846430649377362e+04
4.360416666666666430e+01,1.446846462317732949e+04
4.362500000000000000e+01,1.446846501292670291e+04
4.364583333333332860e+01,1.446846547542999906e+04
4.366666666666666430e+01,1.446846601032777471e+04
4.368750000000000000e+01,1.446846661721359487e+04
4.370833333333332860e+01,1.446846729563413101e+04
4.372916666666666430e+01,1.446846804508939022e+04
4.375000000000000000e+01,1.446846886503321002e+04
4.377083333333332860e+01,1.446846975487349846e+04
4.379166666666666430e+01,1.446847071397260879e+04
4.381250000000000000e+01,1.446847174164783792e+04
4.383333333333332860e+01,1.446847283717182290e+04
4.385416666666666430e+01,1.446847399977305759e+04
4.387500000000000000e+01,1.446847522863633640e+04
4.389583333333332860e+01,1.446847652290337282e+04
4.391666666666666430e+01,1.446847788167335602e+04
4.393750000000000000e+01,1.446847930400353289e+04
4.395833333333332860e+01,1.446848078890985562e+04
4.397916666666666430e+01,1.446848233536759290e+04
4.400000000000000000e+01,1.446848394231215207e+04
4.402083333333332860e+01,1.446848560863970852e+04
4.404166666666666430e+01,1.446848733320794781e+04
4.406250000000000000e+01,1.446848911483677512e+04
4.408333333333332860e+01,1.446849095230931562e+04
4.410416666666666430e+01,1.446849284437261304e+04
4.412500000000000000e+01,1.446849478973841906e+04
4.414583333333332860e+01,1.446849678708426291e+04
4.416666666666666430e+01,1.446849883505416074e+04
4.418750000000000000e+01,1.446850093225964520e+04
4.420833333333332860e+01,1.446850307728079497e+04
4.422916666666666430e+01,1.446850526866702785e+04
4.425000000000000000e+01,1.446850750493819578e+04
4.427083333333332860e+01,1.446850978458565078e+04
4.429166666666666430e+01,1.446851210607323810e+04
4.431250000000000000e+01,1.446851446783826395e+04
4.433333333333332860e+01,1.446851686829285245e+04
4.435416666666666430e+01,1.446851930582467685e+04
4.437500000000000000e+01,1.446852177879838200e+04
4.439583333333332860e+01,1.446852428555652295e+04
4.441666666666666430e+01,1.446852682442091100e+04
4.443750000000000000e+01,1.446852939369351225e+04
4.445833333333332860e+01,1.446853199165790284e+04
4.447916666666666430e+01,1.446853461658025844e+04
4.450000000000000000e+01,1.446853726671071126e+04
4.452083333333332860e+01,1.446853994028449233e+04
4.454166666666666430e+01,1.446854263552316479e+04
4.456250000000000000e+01,1.446854535063589719e+04
4.458333333333332860e+01,1.446854808382063493e+04
4.460416666666666430e+01,1.446855083326558088e+04
4.462500000000000000e+01,1.446855359715013765e+04
4.464583333333332860e+01,1.446855637364641007e+04
4.466666666666666430e+01,1.446855916092044208e+04
4.468750000000000000e+01,1.446856195713347552e+04
4.470833333333332860e+01,1.446856476044321607e+04
4.472916666666666430e+01,1.446856756900519758e+04
4.475000000000000000e+01,1.446857038097391342e+04
4.477083333333332860e+01,1.446857319450436262e+04
4.479166666666666430e+01,1.446857600775304672e+04
4.481250000000000000e+01,1.446857881887943950e+04
4.483333333333332860e+01,1.446858162604725658e+04
4.485416666666666430e+01,1.446858442742558691e+04
4.487500000000000000e+01,1.446858722119031154e+04
4.489583333333332860e+01,1.446859000552527868e+04
4.491666666666666430e+01,1.446859277862351883e+04
4.493750000000000000e+01,1.446859553868862713e+04
4.495833333333332860e+01,1.446859828393582939e+04
4.497916666666666430e+01,1.446860101259310977e+04
4.500000000000000000e+01,1.446860372290269515e+04
4.502083333333332860e+01,1.446860641312186272e+04
4.504166666666666430e+01,1.446860908152436241e+04
4.506250000000000000e+01,1.446861172640134828e+04
4.508333333333332860e+01,1.446861434606256807e+04
4.510416666666666430e+01,1.446861693883741464e+04
4.512500000000000000e+01,1.446861950307589359e+04
4.514583333333332860e+01,1.446862203714972566e+04
4.516666666666666430e+01,1.446862453945320522e+04
4.518750000000000000e+01,1.446862700840427351e+04
4.520833333333332860e+01,1.446862944244532264e+04
4.522916666666666430e+01,1.446863184004411960e+04
4.525000000000000000e+01,1.446863419969453389e+04
4.527083333333332860e+01,1.446863651991753432e+04
4.529166666666666430e+01,1.446863879926176014e+04
4.531250000000000000e+01,1.446864103630431055e+04
4.533333333333332860e+01,1.446864322965155588e+04
4.535416666666666430e+01,1.446864537793965064e+04
4.537500000000000000e+01,1.446864747983536654e+04
4.539583333333332860e+01,1.446864953403664549e+04
4.541666666666666430e+01,1.446865153927311985e+04
4.543750000000000000e+01,1.446865349430703282e+04
4.545833333333332860e+01,1.446865539793364223e+04
4.547916666666666430e+01,1.446865724898206827e+04
4.550000000000000000e+01,1.446865904631586091e+04
4.552083333333332860e+01,1.446866078883380760e+04
4.554166666666666430e+01,1.446866247547083185e+04
4.556250000000000000e+01,1.446866410519867350e+04
4.558333333333332860e+01,1.446866567702697648e+04
4.560416666666666430e+01,1.446866719000441299e+04
4.562500000000000000e+01,1.446866864321948742e+04
4.564583333333332860e+01,1.446867003580216988e+04
4.566666666666666430e+01,1.446867136692496933e+04
4.568750000000000000e+01,1.446867263580434883e+04
4.570833333333332860e+01,1.446867384170234436e+04
4.572916666666666430e+01,1.446867498392804919e+04
4.575000000000000000e+01,1.446867606183918542e+04
4.577083333333332860e+01,1.446867707484375933e+04
4.579166666666666430e+01,1.446867802240165838e+04
4.581250000000000000e+01,1.446867890402613921e+04
4.583333333333332860e+01,1.446867971928526458e+04
4.585416666666666430e+01,1.446868046780326404e+04
4.587500000000000000e+01,1.446868114926158887e+04
4.589583333333332860e+01,1.446868176339981437e+04
4.591666666666666430e+01,1.446868231001628374e+04
4.593750000000000000e+01,1.446868278896850461e+04
4.595833333333332860e+01,1.446868320017320002e+04
4.597916666666666430e+01,1.446868354360596641e+04
4.600000000000000000e+01,1.446868381930077885e+04
4.602083333333332860e+01,1.446868402734921983e+04
4.604166666666666430e+01,1.446868416789924595e+04
4.606250000000000000e+01,1.446868424115389280e+04
4.608333333333332860e+01,1.446868424736960878e+04
4.610416666666666430e+01,1.446868418685471261e+04
4.612500000000000000e+01,1.446868405996747606e+04
4.614583333333332860e+01,1.446868386711435232e+04
4.616666666666666430e+01,1.446868360874814243e+04
4.618750000000000000e+01,1.446868328536611807e+04
4.620833333333332860e+01,1.446868289750850090e+04
4.622916666666666430e+01,1.446868244575682547e+04
4.625000000000000000e+01,1.446868193073253860e+04
4.627083333333332860e+01,1.446868135309577701e+04
4.629166666666666430e+01,1.446868071354428685e+04
4.631250000000000000e+01,1.446868001281246325e+04
4.633333333333332860e+01,1.446867925167075373e+04
4.635416666666666430e+01,1.446867843092474141e+04
4.637500000000000000e+01,1.446867755141485759e+04
4.639583333333332860e+01,1.446867661401580699e+04
4.641666666666666430e+01,1.446867561963617482e+04
4.643750000000000000e+01,1.446867456921813937e+04
4.645833333333332860e+01,1.446867346373699183e+04
4.647916666666666430e+01,1.446867230420081614e+04
4.650000000000000000e+01,1.446867109165012880e+04
4.652083333333332860e+01,1.446866982715743507e+04
4.654166666666666430e+01,1.446866851182668324e+04
4.656250000000000000e+01,1.446866714679287543e+04
4.658333333333332860e+01,1.446866573322144541e+04
4.660416666666666430e+01,1.446866427230769841e+04
4.662500000000000000e+01,1.446866276527614536e+04
4.664583333333332860e+01,1.446866121337990990e+04
4.666666666666666430e+01,1.446865961789996800e+04
4.668750000000000000e+01,1.446865798014450047e+04
4.670833333333332860e+01,1.446865630144817260e+04
4.672916666666666430e+01,1.446865458317133380e+04
4.675000000000000000e+01,1.446865282669939552e+04
4.677083333333332860e+01,1.446865103344181625e+04
4.679166666666666430e+01,1.446864920483153037e+04
4.681250000000000000e+01,1.446864734232394039e+04
4.683333333333332860e+01,1.446864544739630946e+04
4.685416666666666430e+01,1.446864352154671724e+04
4.687500000000000000e+01,1.446864156629311765e+04
4.689583333333332860e+01,1.446863958317256765e+04
4.691666666666666430e+01,1.446863757374023044e+04
4.693750000000000000e+01,1.446863553956832038e+04
4.695833333333332860e+01,1.446863348224518631e+04
4.697916666666666430e+01,1.446863140337424193e+04
4.700000000000000000e+01,1.446862930457289258e+04
4.702083333333332860e+01,1.446862718747150211e+04
4.704166666666666430e+01,1.446862505371231236e+04
4.706250000000000000e+01,1.446862290494826084e+04
4.708333333333332860e+01,1.446862074284194387e+04
4.710416666666666430e+01,1.446861856906443791e+04
4.712500000000000000e+01,1.446861638529429911e+04
4.714583333333332860e+01,1.446861419321615540e+04
4.716666666666666430e+01,1.446861199451985158e+04
4.718750000000000000e+01,1.446860979089914690e+04
4.720833333333332860e+01,1.446860758405054730e+04
4.722916666666666430e+01,1.446860537567230131e+04
4.725000000000000000e+01,1.446860316746305398e+04
4.727083333333332860e+01,1.446860096112089013e+04
4.729166666666666430e+01,1.446859875834202103e+04
4.731250000000000000e+01,1.446859656081960566e+04
4.733333333333332860e+01,1.446859437024275394e+04
4.735416666666666430e+01,1.446859218829527163e+04
4.737500000000000000e+01,1.446859001665441610e+04
4.739583333333332860e+01,1.446858785698985957e+04
4.741666666666666430e+01,1.446858571096249943e+04
4.743750000000000000e+01,1.446858358022315952e+04
4.745833333333332860e+01,1.446858146641175335e+04
4.747916666666666430e+01,1.446857937115577806e+04
4.750000000000000000e+01,1.446857729606940120e+04
4.752083333333332860e+01,1.446857524275220931e+04
4.754166666666666430e+01,1.446857321278826566e+04
4.756250000000000000e+01,1.446857120774471696e+04
4.758333333333332860e+01,1.446856922917090196e+04
4.760416666666666430e+01,1.446856727859728198e+04
4.762500000000000000e+01,1.446856535753411663e+04
4.764583333333332860e+01,1.446856346747071439e+04
4.766666666666666430e+01,1.446856160987417388e+04
4.768750000000000000e+01,1.446855978618836161e+04
4.770833333333332860e+01,1.446855799783298789e+04
4.772916666666666430e+01,1.446855624620252638e+04
4.775000000000000000e+01,1.446855453266526820e+04
4.777083333333332860e+01,1.446855285856221963e+04
4.779166666666666430e+01,1.446855122520630539e+04
4.781250000000000000e+01,1.446854963388133910e+04
4.783333333333332860e+01,1.446854808584119019e+04
4.785416666666666430e+01,1.446854658230871064e+04
4.787500000000000000e+01,1.446854512447498564e+04
4.789583333333332860e+01,1.446854371349847497e+04
4.791666666666666430e+01,1.446854235050408897e+04
4.793750000000000000e+01,1.446854103658245367e+04
4.795833333333332860e+01,1.446853977278901948e+04
4.797916666666666430e+01,1.446853856014342091e+04
4.800000000000000000e+01,1.446853739962858890e+04
4.802083333333332860e+01,1.446853629219008508e+04
4.804166666666666430e+01,1.446853523873549420e+04
4.806250000000000000e+01,1.446853424013356198e+04
4.808333333333332860e+01,1.446853329721364571e+04
4.810416666666666430e+01,1.446853241076516497e+04
4.812500000000000000e+01,1.446853158153696131e+04
4.814583333333332860e+01,1.446853081023654522e+04
4.816666666666666430e+01,1.446853009752992875e+04
4.818750000000000000e+01,1.446852944404073423e+04
4.820833333333332860e+01,1.446852885034998690e+04
4.822916666666666430e+01,1.446852831699554736e+04
4.825000000000000000e+01,1.446852784447164595e+04
4.827083333333332860e+01,1.446852743322858805e+04
4.829166666666666430e+01,1.446852708367227751e+04
4.831250000000000000e+01,1.446852679616407113e+04
4.833333333333332860e+01,1.446852657102026205e+04
4.835416666666666430e+01,1.446852640851190154e+04
4.837500000000000000e+01,1.446852630886453335e+04
4.839583333333332860e+01,1.446852627225807737e+04
4.841666666666666430e+01,1.446852629882654946e+04
4.843750000000000000e+01,1.446852638865789049e+04
4.845833333333332860e+01,1.446852654179392630e+04
4.847916666666666430e+01,1.446852675823033132e+04
4.850000000000000000e+01,1.446852703791646854e+04
4.852083333333332860e+01,1.446852738075539673e+04
4.854166666666666430e+01,1.446852778660390686e+04
4.856250000000000000e+01,1.446852825527259483e+04
4.858333333333332860e+01,1.446852878652585059e+04
4.860416666666666430e+01,1.446852938008213096e+04
4.862500000000000000e+01,1.446853003561396326e+04
4.864583333333332860e+01,1.446853075274807634e+04
4.866666666666666430e+01,1.446853153106587706e+04
4.868750000000000000e+01,1.446853237010333032e+04
4.870833333333332860e+01,1.446853326935159203e+04
4.872916666666666430e+01,1.446853422825691450e+04
4.875000000000000000e+01,1.446853524622144687e+04
4.877083333333332860e+01,1.446853632260323866e+04
4.879166666666666430e+01,1.446853745671674915e+04
4.881250000000000000e+01,1.446853864783337485e+04
4.883333333333332860e+01,1.446853989518175149e+04
4.885416666666666430e+01,1.446854119794839062e+04
4.887500000000000000e+01,1.446854255527813439e+04
4.889583333333332860e+01,1.446854396627468668e+04
4.891666666666666430e+01,1.446854543000127160e+04
4.893750000000000000e+01,1.446854694548116095e+04
4.895833333333332860e+01,1.446854851169835820e+04
4.897916666666666430e+01,1.446855012759834062e+04
4.900000000000000000e+01,1.446855179208860500e+04
4.902083333333332860e+01,1.446855350403951161e+04
4.904166666666666430e+01,1.446855526228500457e+04
4.906250000000000000e+01,1.446855706562340856e+04
4.908333333333332860e+01,1.446855891281816002e+04
4.910416666666666430e+01,1.446856080259876398e+04
4.912500000000000000e+01,1.446856273366152163e+04
4.914583333333332860e+01,1.446856470467059626e+04
4.916666666666666430e+01,1.446856671425859531e+04
4.918750000000000000e+01,1.446856876102791284e+04
4.920833333333332860e+01,1.446857084355136612e+04
4.922916666666666430e+01,1.446857296037331616e+04
4.925000000000000000e+01,1.446857511001060629e+04
4.927083333333332860e+01,1.446857729095359173e+04
4.929166666666666430e+01,1.446857950166720548e+04
4.931250000000000000e+01,1.446858174059200974e+04
4.933333333333332860e+01,1.446858400614522907e+04
4.935416666666666430e+01,1.446858629672186726e+04
4.937500000000000000e+01,1.446858861069586419e+04
4.939583333333332860e+01,1.446859094642116179e+04
4.941666666666666430e+01,1.446859330223281722e+04
4.943750000000000000e+01,1.446859567644830531e+04
4.945833333333332860e+01,1.446859806736852261e+04
4.947916666666666430e+01,1.446860047327911525e+04
4.950000000000000000e+01,1.446860289245152308e+04
4.952083333333332860e+01,1.446860532314442025e+04
4.954166666666666430e+01,1.446860776360465388e+04
4.956250000000000000e+01,1.446861021206879013e+04
4.958333333333332860e+01,1.446861266676400191e+04
4.960416666666666430e+01,1.446861512590966959e+04
4.962500000000000000e+01,1.446861758771839595e+04
4.964583333333332860e+01,1.446862005039742144e+04
4.966666666666666430e+01,1.446862251214977005e+04
4.968750000000000000e+01,1.446862497117574458e+04
4.970833333333332860e+01,1.446862742567392706e+04
4.972916666666666430e+01,1.446862987384275766e+04
4.975000000000000000e+01,1.446863231388154236e+04
4.977083333333332860e+01,1.446863474399207189e+04
4.979166666666666430e+01,1.446863716237967674e+04
4.981250000000000000e+01,1.446863956725469325e+04
4.983333333333332860e+01,1.446864195683360958e+04
4.985416666666666430e+01,1.446864432934060096e+04
4.987500000000000000e+01,1.446864668300869016e+04
4.989583333333332860e+01,1.446864901608104265e+04
4.991666666666666430e+01,1.446865132681249452e+04
4.993750000000000000e+01,1.446865361347054932e+04
4.995833333333332860e+01,1.446865587433703331e+04
4.997916666666666430e+01,1.446865810770922690e+04
5.000000000000000000e+01,1.446866031190123613e+04
5.002083333333332860e+01,1.446866248524533512e+04
5.004166666666666430e+01,1.446866462609326481e+04
5.006250000000000000e+01,1.446866673281762633e+04
5.008333333333332860e+01,1.446866880381310693e+04
5.010416666666666430e+01,1.446867083749798621e+04
5.012500000000000000e+01,1.446867283231530746e+04
5.014583333333332860e+01,1.446867478673428559e+04
5.016666666666666430e+01,1.446867669925167502e+04
5.018750000000000000e+01,1.446867856839299202e+04
5.020833333333332860e+01,1.446868039271409361e+04
5.022916666666666430e+01,1.446868217080219983e+04
5.025000000000000000e+01,1.446868390127750536e+04
5.027083333333332860e+01,1.446868558279425997e+04
5.029166666666666430e+01,1.446868721404234384e+04
5.031250000000000000e+01,1.446868879374826793e+04
5.033333333333332860e+01,1.446869032067672015e+04
5.035416666666666430e+01,1.446869179363166040e+04
5.037500000000000000e+01,1.446869321145761569e+04
5.039583333333332860e+01,1.446869457304076786e+04
5.041666666666666430e+01,1.446869587731017236e+04
5.043750000000000000e+01,1.446869712323878775e+04
5.045833333333332860e+01,1.446869830984436703e+04
5.047916666666666430e+01,1.446869943619059268e+04
5.050000000000000000e+01,1.446870050138759325e+04
5.052083333333332860e+01,1.446870150459286378e+04
5.054166666666666430e+01,1.446870244501158595e+04
5.056250000000000000e+01,1.446870332189730834e+04
5.058333333333332860e+01,1.446870413455190646e+04
5.060416666666666430e+01,1.446870488232592470e+04
5.062500000000000000e+01,1.446870556461833985e+04
5.064583333333332860e+01,1.446870618087633557e+04
5.066666666666666430e+01,1.446870673059488399e+04
5.068750000000000000e+01,1.446870721331601089e+04
5.070833333333332860e+01,1.446870762862808988e+04
5.072916666666666430e+01,1.446870797616494383e+04
5.075000000000000000e+01,1.446870825560461526e+04
5.077083333333332860e+01,1.446870846666841680e+04
5.079166666666666430e+01,1.446870860911948694e+04
5.081250000000000000e+01,1.446870868276154215e+04
5.083333333333332860e+01,1.446870868743783649e+04
5.085416666666666430e+01,1.446870862302958267e+04
5.087500000000000000e+01,1.446870848945524995e+04
5.089583333333332860e+01,1.446870828666926536e+04
5.091666666666666430e+01,1.446870801466140983e+04
5.093750000000000000e+01,1.446870767345623608e+04
5.095833333333332860e+01,1.446870726311254111e+04
5.097916666666666430e+01,1.446870678372350085e+04
5.100000000000000000e+01,1.446870623541662280e+04
5.102083333333332860e+01,1.446870561835421904e+04
5.104166666666666430e+01,1.446870493273391548e+04
5.106250000000000000e+01,1.446870417878949957e+04
5.108333333333332860e+01,1.446870335679178243e+04
5.110416666666666430e+01,1.446870246704971942e+04
5.112500000000000000e+01,1.446870150991144692e+04
5.114583333333332860e+01,1.446870048576540648e+04
5.116666666666666430e+01,1.446869939504136346e+04
5.118750000000000000e+01,1.446869823821147293e+04
5.120833333333332860e+01,1.446869701579112734e+04
5.122916666666666430e+01,1.446869572833961502e+04
5.125000000000000000e+01,1.446869437646071674e+04
5.127083333333332860e+01,1.446869296080301501e+04
5.129166666666666430e+01,1.446869148206011596e+04
5.131250000000000000e+01,1.446868994097051836e+04
5.133333333333332860e+01,1.446868833831754091e+04
5.135416666666666430e+01,1.446868667492880559e+04
5.137500000000000000e+01,1.446868495167591027e+04
5.139583333333332860e+01,1.446868316947362473e+04
5.141666666666666430e+01,1.446868132927924307e+04
5.143750000000000000e+01,1.446867943209185978e+04
5.145833333333332860e+01,1.446867747895142747e+04
5.147916666666666430e+01,1.446867547093789472e+04
5.150000000000000000e+01,1.446867340917038382e+04
5.152083333333332860e+01,1.446867129480622316e+04
5.154166666666666430e+01,1.446866912903996490e+04
5.156250000000000000e+01,1.446866691310254100e+04
5.158333333333332860e+01,1.446866464826028459e+04
5.160416666666666430e+01,1.446866233581410052e+04
5.162500000000000000e+01,1.446865997709846124e+04
5.164583333333332860e+01,1.446865757348035550e+04
5.166666666666666430e+01,1.446865512635848063e+04
5.168750000000000000e+01,1.446865263716212939e+04
5.170833333333332860e+01,1.446865010735026954e+04
5.172916666666666430e+01,1.446864753841044512e+04
5.175000000000000000e+01,1.446864493185781612e+04
5.177083333333332860e+01,1.446864228923393239e+04
5.179166666666666430e+01,1.446863961210586785e+04
5.181250000000000000e+01,1.446863690206486717e+04
5.183333333333332860e+01,1.446863416072549444e+04
5.185416666666666430e+01,1.446863138972427987e+04
5.187500000000000000e+01,1.446862859071869025e+04
5.189583333333332860e+01,1.446862576538611029e+04
5.191666666666666430e+01,1.446862291542252933e+04
5.193750000000000000e+01,1.446862004254142812e+04
5.195833333333332860e+01,1.446861714847285111e+04
5.197916666666666430e+01,1.446861423496197676e+04
5.200000000000000000e+01,1.446861130376821529e+04
5.202083333333332860e+01,1.446860835666390994e+04
5.204166666666666430e+01,1.446860539543344203e+04
5.206250000000000000e+01,1.446860242187168114e+04
5.208333333333332860e+01,1.446859943778318120e+04
5.210416666666666430e+01,1.446859644498095440e+04
5.212500000000000000e+01,1.446859344528508882e+04
5.214583333333332860e+01,1.446859044052190438e+04
5.216666666666666430e+01,1.446858743252243585e+04
5.218750000000000000e+01,1.446858442312152329e+04
5.220833333333332860e+01,1.446858141415644423e+04
5.222916666666666430e+01,1.446857840746582951e+04
5.225000000000000000e+01,1.446857540488836094e+04
5.227083333333332860e+01,1.446857240826156703e+04
5.229166666666666430e+01,1.446856941942077538e+04
5.231250000000000000e+01,1.446856644019768646e+04
5.233333333333332860e+01,1.446856347241939511e+04
5.235416666666666430e+01,1.446856051790701167e+04
5.237500000000000000e+01,1.446855757847462883e+04
5.239583333333332860e+01,1.446855465592798646e+04
5.241666666666666430e+01,1.446855175206345302e+04
5.243750000000000000e+01,1.446854886866669040e+04
5.245833333333332860e+01,1.446854600751156249e+04
5.247916666666666430e+01,1.446854317035907297e+04
5.250000000000000000e+01,1.446854035895595371e+04
5.252083333333332860e+01,1.446853757503380621e+04
5.254166666666666430e+01,1.446853482030779560e+04
5.256250000000000000e+01,1.446853209647555195e+04
5.258333333333332860e+01,1.446852940521602068e+04
5.260416666666666430e+01,1.446852674818842206e+04
5.262500000000000000e+01,1.446852412703113441e+04
5.264583333333332860e+01,1.446852154336055901e+04
5.266666666666666430e+01,1.446851899877009782e+04
5.268750000000000000e+01,1.446851649482904031e+04
5.270833333333332860e+01,1.446851403308155568e+04
5.272916666666666430e+01,1.446851161504561969e+04
5.275000000000000000e+01,1.446850924221205787e+04
5.277083333333332860e+01,1.446850691604357053e+04
5.279166666666666430e+01,1.446850463797361590e+04
5.281250000000000000e+01,1.446850240940550066e+04
5.283333333333332860e+01,1.446850023171154317e+04
5.285416666666666430e+01,1.446849810623208396e+04
5.287500000000000000e+01,1.446849603427448892e+04
5.289583333333332860e+01,1.446849401711246537e+04
5.291666666666666430e+01,1.446849205598499248e+04
5.293750000000000000e+01,1.446849015209559366e+04
5.295833333333332860e+01,1.446848830661149259e+04
5.297916666666666430e+01,1.446848652066287104e+04
5.300000000000000000e+01,1.446848479534203216e+04
5.302083333333332860e+01,1.446848313170265101e+04
5.304166666666666430e+01,1.446848153075915980e+04
5.306250000000000000e+01,1.446847999348586382e+04
5.308333333333332860e+01,1.446847852081648671e+04
5.310416666666666430e+01,1.446847711364336283e+04
5.312500000000000000e+01,1.446847577281689519e+04
5.314583333333332860e+01,1.446847449914494791e+04
5.316666666666666430e+01,1.446847329339223143e+04
5.318750000000000000e+01,1.446847215627994592e+04
5.320833333333332860e+01,1.446847108848502830e+04
5.322916666666666430e+01,1.446847009063992300e+04
5.325000000000000000e+01,1.446846916333189438e+04
5.327083333333332860e+01,1.446846830710286667e+04
5.329166666666666430e+01,1.446846752244876188e+04
5.331250000000000000e+01,1.446846680981942700e+04
5.333333333333332860e+01,1.446846616961806649e+04
5.335416666666666430e+01,1.446846560220111132e+04
5.337500000000000000e+01,1.446846510787794250e+04
5.339583333333332860e+01,1.446846468691053451e+04
5.341666666666666430e+01,1.446846433951337531e+04
5.343750000000000000e+01,1.446846406585330260e+04
5.345833333333332860e+01,1.446846386604931831e+04
5.347916666666666430e+01,1.446846374017250128e+04
5.350000000000000000e+01,1.446846368824593446e+04
5.352083333333332860e+01,1.446846371024467953e+04
5.354166666666666430e+01,1.446846380609583503e+04
5.356250000000000000e+01,1.446846397567837266e+04
5.358333333333332860e+01,1.446846421882344657e+04
5.360416666666666430e+01,1.446846453531434236e+04
5.362500000000000000e+01,1.446846492488657896e+04
5.364583333333332860e+01,1.446846538722817058e+04
5.366666666666666430e+01,1.446846592197978680e+04
5.368750000000000000e+01,1.446846652873487983e+04
5.370833333333332860e+01,1.446846720704015024e+04
5.372916666666666430e+01,1.446846795639560150e+04
5.375000000000000000e+01,1.446846877625502020e+04
5.377083333333332860e+01,1.446846966602632892e+04
5.379166666666666430e+01,1.446847062507183364e+04
5.381250000000000000e+01,1.446847165270886035e+04
5.383333333333332860e+01,1.446847274820994426e+04
5.385416666666666430e+01,1.446847391080360467e+04
5.387500000000000000e+01,1.446847513967464693e+04
5.389583333333332860e+01,1.446847643396463900e+04
5.391666666666666430e+01,1.446847779277286099e+04
5.393750000000000000e+01,1.446847921515649796e+04
5.395833333333332860e+01,1.446848070013139295e+04
5.397916666666666430e+01,1.446848224667289469e+04
5.400000000000000000e+01,1.446848385371633049e+04
5.402083333333332860e+01,1.446848552015782479e+04
5.404166666666666430e+01,1.446848724485495768e+04
5.406250000000000000e+01,1.446848902662774344e+04
5.408333333333332860e+01,1.446849086425917267e+04
5.410416666666666430e+01,1.446849275649621632e+04
5.412500000000000000e+01,1.446849470205066973e+04
5.414583333333332860e+01,1.446849669959995299e+04
5.416666666666666430e+01,1.446849874778803132e+04
5.418750000000000000e+01,1.446850084522643010e+04
5.420833333333332860e+01,1.446850299049511887e+04
5.422916666666666430e+01,1.446850518214347903e+04
5.425000000000000000e+01,1.446850741869131161e+04
5.427083333333332860e+01,1.446850969862992861e+04
5.429166666666666430e+01,1.446851202042302975e+04
5.431250000000000000e+01,1.446851438250801948e+04
5.433333333333332860e+01,1.446851678329680726e+04
5.435416666666666430e+01,1.446851922117703361e+04
5.437500000000000000e+01,1.446852169451331065e+04
5.439583333333332860e+01,1.446852420164810246e+04
5.441666666666666430e+01,1.446852674090309665e+04
5.443750000000000000e+01,1.446852931058025206e+04
5.445833333333332860e+01,1.446853190896303931e+04
5.447916666666666430e+01,1.446853453431754679e+04
5.450000000000000000e+01,1.446853718489385210e+04
5.452083333333332860e+01,1.446853985892703349e+04
5.454166666666666430e+01,1.446854255463859590e+04
5.456250000000000000e+01,1.446854527023763876e+04
5.458333333333332860e+01,1.446854800392202742e+04
5.460416666666666430e+01,1.446855075387974648e+04
5.462500000000000000e+01,1.446855351829015490e+04
5.464583333333332860e+01,1.446855629532531748e+04
5.466666666666666430e+01,1.446855908315110719e+04
5.468750000000000000e+01,1.446856187992864216e+04
5.470833333333332860e+01,1.446856468381551531e+04
5.472916666666666430e+01,1.446856749296711496e+04
5.475000000000000000e+01,1.446857030553785444e+04
5.477083333333332860e+01,1.446857311968252907e+04
5.479166666666666430e+01,1.446857593355755671e+04
5.481250000000000000e+01,1.446857874532222922e+04
5.483333333333332860e+01,1.446858155314009491e+04
5.485416666666666430e+01,1.446858435518005717e+04
5.487500000000000000e+01,1.446858714961792430e+04
5.489583333333332860e+01,1.446858993463727165e+04
5.491666666666666430e+01,1.446859270843103877e+04
5.493750000000000000e+01,1.446859546920251887e+04
5.495833333333332860e+01,1.446859821516677766e+04
5.497916666666666430e+01,1.446860094455162834e+04
5.500000000000000000e+01,1.446860365559898491e+04
5.502083333333332860e+01,1.446860634656599723e+04
5.504166666666666430e+01,1.446860901572609873e+04
5.506250000000000000e+01,1.446861166137020336e+04
5.508333333333332860e+01,1.446861428180783696e+04
5.510416666666666430e+01,1.446861687536809768e+04
5.512500000000000000e+01,1.446861944040068192e+04
5.514583333333332860e+01,1.446862197527704484e+04
5.516666666666666430e+01,1.446862447839115339e+04
5.518750000000000000e+01,1.446862694816069416e+04
5.520833333333332860e+01,1.446862938302768089e+04
5.522916666666666430e+01,1.446863178145956408e+04
5.525000000000000000e+01,1.446863414194996221e+04
5.527083333333332860e+01,1.446863646301940025e+04
5.529166666666666430e+01,1.446863874321623734e+04
5.531250000000000000e+01,1.446864098111728890e+04
5.533333333333332860e+01,1.446864317532855057e+04
5.535416666666666430e+01,1.446864532448589307e+04
5.537500000000000000e+01,1.446864742725579708e+04
5.539583333333332860e+01,1.446864948233586256e+04
5.541666666666666430e+01,1.446865148845556178e+04
5.543750000000000000e+01,1.446865344437686144e+04
5.545833333333332860e+01,1.446865534889485207e+04
5.547916666666666430e+01,1.446865720083848646e+04
5.550000000000000000e+01,1.446865899907121639e+04
5.552083333333332860e+01,1.446866074249179292e+04
5.554166666666666430e+01,1.446866243003502314e+04
5.556250000000000000e+01,1.446866406067282151e+04
5.558333333333332860e+01,1.446866563341494839e+04
5.560416666666666430e+01,1.446866714731011962e+04
5.562500000000000000e+01,1.446866860144716338e+04
5.564583333333332860e+01,1.446866999495628988e+04
5.566666666666666430e+01,1.446867132701030278e+04
5.568750000000000000e+01,1.446867259682612348e+04
5.570833333333332860e+01,1.446867380366607540e+04
5.572916666666666430e+01,1.446867494683974292e+04
5.575000000000000000e+01,1.446867602570528106e+04
5.577083333333332860e+01,1.446867703967103444e+04
5.579166666666666430e+01,1.446867798819733071e+04
5.581250000000000000e+01,1.446867887079779030e+04
5.583333333333332860e+01,1.446867968704071609e+04
5.585416666666666430e+01,1.446868043655054498e+04
5.587500000000000000e+01,1.446868111900883378e+04
5.589583333333332860e+01,1.446868173415522688e+04
5.591666666666666430e+01,1.446868228178790378e+04
5.593750000000000000e+01,1.446868276176413565e+04
5.595833333333332860e+01,1.446868317400020896e+04
5.597916666666666430e+01,1.446868351847131635e+04
5.600000000000000000e+01,1.446868379521085080e+04
5.602083333333332860e+01,1.446868400430963084e+04
5.604166666666666430e+01,1.446868414591476539e+04
5.606250000000000000e+01,1.446868422022841332e+04
5.608333333333332860e+01,1.446868422750607351e+04
5.610416666666666430e+01,1.446868416805507877e+04
5.612500000000000000e+01,1.446868404223264952e+04
5.614583333333332860e+01,1.446868385044428578e+04
5.616666666666666430e+01,1.446868359314175541e+04
5.618750000000000000e+01,1.446868327082138421e+04
5.620833333333332860e+01,1.446868288402253529e+04
5.622916666666666430e+01,1.446868243332591737e+04
5.625000000000000000e+01,1.446868191935220966e+04
5.627083333333332860e+01,1.446868134276089768e+04
5.629166666666666430e+01,1.446868070424910911e+04
5.631250000000000000e+01,1.446868000455086076e+04
5.633333333333332860e+01,1.446867924443599622e+04
5.635416666666666430e+01,1.446867842470989126e+04
5.637500000000000000e+01,1.446867754621264976e+04
5.639583333333332860e+01,1.446867660981870722e+04
5.641666666666666430e+01,1.446867561643656154e+04
5.643750000000000000e+01,1.446867456700813636e+04
5.645833333333332860e+01,1.446867346250863920e+04
5.647916666666666430e+01,1.446867230394610306e+04
5.650000000000000000e+01,1.446867109236094620e+04
5.652083333333332860e+01,1.446866982882555749e+04
5.654166666666666430e+01,1.446866851444393615e+04
5.656250000000000000e+01,1.446866715035098969e+04
5.658333333333332860e+01,1.446866573771212279e+04
5.660416666666666430e+01,1.446866427772259340e+04
5.662500000000000000e+01,1.446866277160692698e+04
5.664583333333332860e+01,1.446866122061825445e+04
5.666666666666666430e+01,1.446865962603744993e+04
5.668750000000000000e+01,1.446865798917275606e+04
5.670833333333332860e+01,1.446865631135883814e+04
5.672916666666666430e+01,1.446865459395602738e+04
5.675000000000000000e+01,1.446865283834968795e+04
5.677083333333332860e+01,1.446865104594930744e+04
5.679166666666666430e+01,1.446864921818783478e+04
5.681250000000000000e+01,1.446864735652075251e+04
5.683333333333332860e+01,1.446864546242525103e+04
5.685416666666666430e+01,1.446864353739934086e+04
5.687500000000000000e+01,1.446864158296108144e+04
5.689583333333332860e+01,1.446863960064748608e+04
5.691666666666666430e+01,1.446863759201366338e+04
5.693750000000000000e+01,1.446863555863185684e+04
5.695833333333332860e+01,1.446863350209035343e+04
5.697916666666666430e+01,1.446863142399258868e+04
5.700000000000000000e+01,1.446862932595588791e+04
5.702083333333332860e+01,1.446862720961061495e+04
5.704166666666666430e+01,1.446862507659895709e+04
5.706250000000000000e+01,1.446862292857383363e+04
5.708333333333332860e+01,1.446862076719778634e+04
5.710416666666666430e+01,1.446861859414189166e+04
5.712500000000000000e+01,1.446861641108455296e+04
5.714583333333332860e+01,1.446861421971052914e+04
5.716666666666666430e+01,1.446861202170948673e+04
5.718750000000000000e+01,1.446860981877519589e+04
5.720833333333332860e+01,1.446860761260413710e+04
5.722916666666666430e+01,1.446860540489451523e+04
5.725000000000000000e+01,1.446860319734494624e+04
5.727083333333332860e+01,1.446860099165345309e+04
5.729166666666666430e+01,1.446859878951619248e+04
5.731250000000000000e+01,1.446859659262636706e+04
5.733333333333332860e+01,1.446859440267298851e+04
5.735416666666666430e+01,1.446859222133978619e+04
5.737500000000000000e+01,1.446859005030406843e+04
5.739583333333332860e+01,1.446858789123543829e+04
5.741666666666666430e+01,1.446858574579472770e+04
5.743750000000000000e+01,1.446858361563275685e+04
5.745833333333332860e+01,1.446858150238937378e+04
5.747916666666666430e+01,1.446857940769202833e+04
5.750000000000000000e+01,1.446857733315494625e+04
5.752083333333332860e+01,1.446857528037759766e+04
5.754166666666666430e+01,1.446857325094403132e+04
5.756250000000000000e+01,1.446857124642133203e+04
5.758333333333332860e+01,1.446856926835888953e+04
5.760416666666666430e+01,1.446856731828704505e+04
5.762500000000000000e+01,1.446856539771612006e+04
5.764583333333332860e+01,1.446856350813534300e+04
5.766666666666666430e+01,1.446856165101179067e+04
5.768750000000000000e+01,1.446855982778931138e+04
5.770833333333332860e+01,1.446855803988761545e+04
5.772916666666666430e+01,1.446855628870112923e+04
5.775000000000000000e+01,1.446855457559810748e+04
5.777083333333332860e+01,1.446855290191958920e+04
5.779166666666666430e+01,1.446855126897844457e+04
5.781250000000000000e+01,1.446854967805850902e+04
5.783333333333332860e+01,1.446854813041359012e+04
5.785416666666666430e+01,1.446854662726653623e+04
5.787500000000000000e+01,1.446854516980846165e+04
5.789583333333332860e+01,1.446854375919776066e+04
5.791666666666666430e+01,1.446854239655939091e+04
5.793750000000000000e+01,1.446854108298385836e+04
5.795833333333332860e+01,1.446853981952675167e+04
5.797916666666666430e+01,1.446853860720759985e+04
5.800000000000000000e+01,1.446853744700936659e+04
5.802083333333332860e+01,1.446853633987760622e+04
5.804166666666666430e+01,1.446853528671988897e+04
5.806250000000000000e+01,1.446853428840492052e+04
5.808333333333332860e+01,1.446853334576221823e+04
5.810416666666666430e+01,1.446853245958104526e+04
5.812500000000000000e+01,1.446853163061025771e+04
5.814583333333332860e+01,1.446853085955742790e+04
5.816666666666666430e+01,1.446853014708854607e+04
5.818750000000000000e+01,1.446852949382727456e+04
5.820833333333332860e+01,1.446852890035460223e+04
5.822916666666666430e+01,1.446852836720838968e+04
5.825000000000000000e+01,1.446852789488295821e+04
5.827083333333332860e+01,1.446852748382851860e+04
5.829166666666666430e+01,1.446852713445108748e+04
5.831250000000000000e+01,1.446852684711196707e+04
5.833333333333332860e+01,1.446852662212747236e+04
5.835416666666666430e+01,1.446852645976868007e+04
5.837500000000000000e+01,1.446852636026117762e+04
5.839583333333332860e+01,1.446852632378489943e+04
5.841666666666666430e+01,1.446852635047383956e+04
5.843750000000000000e+01,1.446852644041601525e+04
5.845833333333332860e+01,1.446852659365327418e+04
5.847916666666666430e+01,1.446852681018124713e+04
5.850000000000000000e+01,1.446852708994938803e+04
5.852083333333332860e+01,1.446852743286073746e+04
5.854166666666666430e+01,1.446852783877215552e+04
5.856250000000000000e+01,1.446852830749421992e+04
5.858333333333332860e+01,1.446852883879144065e+04
5.860416666666666430e+01,1.446852943238223088e+04
5.862500000000000000e+01,1.446853008793913614e+04
5.864583333333332860e+01,1.446853080508899438e+04
5.866666666666666430e+01,1.446853158341316885e+04
5.868750000000000000e+01,1.446853242244774810e+04
5.870833333333332860e+01,1.446853332168382985e+04
5.872916666666666430e+01,1.446853428056777557e+04
5.875000000000000000e+01,1.446853529850175619e+04
5.877083333333332860e+01,1.446853637484382125e+04
5.879166666666666430e+01,1.446853750890852825e+04
5.881250000000000000e+01,1.446853869996731009e+04
5.883333333333332860e+01,1.446853994724883523e+04
5.885416666666666430e+01,1.446854124993966616e+04
5.887500000000000000e+01,1.446854260718468140e+04
5.889583333333332860e+01,1.446854401808765033e+04
5.891666666666666430e+01,1.446854548171182978e+04
5.893750000000000000e+01,1.446854699708055705e+04
5.895833333333332860e+01,1.446854856317790473e+04
5.897916666666666430e+01,1.446855017894935008e+04
5.900000000000000000e+01,1.446855184330249540e+04
5.902083333333332860e+01,1.446855355510777008e+04
5.904166666666666430e+01,1.446855531319909642e+04
5.906250000000000000e+01,1.446855711637491186e+04
5.908333333333332860e+01,1.446855896339870378e+04
5.910416666666666430e+01,1.446856085300004997e+04
5.912500000000000000e+01,1.446856278387531711e+04
5.914583333333332860e+01,1.446856475468867939e+04
5.916666666666666430e+01,1.446856676407286432e+04
5.918750000000000000e+01,1.446856881063030960e+04
5.920833333333332860e+01,1.446857089293390527e+04
5.922916666666666430e+01,1.446857300952805235e+04
5.925000000000000000e+01,1.446857515892970696e+04
5.927083333333332860e+01,1.446857733962924976e+04
5.929166666666666430e+01,1.446857955009172656e+04
5.931250000000000000e+01,1.446858178875771409e+04
5.933333333333332860e+01,1.446858405404457881e+04
5.935416666666666430e+01,1.446858634434732448e+04
5.937500000000000000e+01,1.446858865804000379e+04
5.939583333333332860e+01,1.446859099347660958e+04
5.941666666666666430e+01,1.446859334899231544e+04
5.943750000000000000e+01,1.446859572290461074e+04
5.945833333333332860e+01,1.446859811351458120e+04
5.947916666666666430e+01,1.446860051910779657e+04
5.950000000000000000e+01,1.446860293795590042e+04
5.952083333333332860e+01,1.446860536831761056e+04
5.954166666666666430e+01,1.446860780843978500e+04
5.956250000000000000e+01,1.446861025655909907e+04
5.958333333333332860e+01,1.446861271090287119e+04
5.960416666666666430e+01,1.446861516969049262e+04
5.962500000000000000e+01,1.446861763113467168e+04
5.964583333333332860e+01,1.446862009344274702e+04
5.966666666666666430e+01,1.446862255481782631e+04
5.968750000000000000e+01,1.446862501346024874e+04
5.970833333333332860e+01,1.446862746756869092e+04
5.972916666666666430e+01,1.446862991534162211e+04
5.975000000000000000e+01,1.446863235497853384e+04
5.977083333333332860e+01,1.446863478468126777e+04
5.979166666666666430e+01,1.446863720265517622e+04
5.981250000000000000e+01,1.446863960711070831e+04
5.983333333333332860e+01,1.446864199626445770e+04
5.985416666666666430e+01,1.446864436834062508e+04
5.987500000000000000e+01,1.446864672157234600e+04
5.989583333333332860e+01,1.446864905420286232e+04
5.991666666666666430e+01,1.446865136448699195e+04
5.993750000000000000e+01,1.446865365069245308e+04
5.995833333333332860e+01,1.446865591110104651e+04
5.997916666666666430e+01,1.446865814401017633e+04
