0.000000000000000000e+00,0.000000000000000000e+00
2.083333333333333218e-02,2.110216512370118653e+04
4.166666666666666435e-02,1.453950012415467063e+04
6.250000000000000000e-02,1.381519171872013612e+04
8.333333333333332871e-02,1.398978918954029723e+04
1.041666666666666574e-01,1.428868373198888730e+04
1.250000000000000000e-01,1.451578175988108342e+04
1.458333333333333148e-01,1.462557894860129818e+04
1.666666666666666574e-01,1.463612643275852679e+04
1.875000000000000000e-01,1.459069848931465094e+04
2.083333333333333148e-01,1.453090653336567630e+04
2.291666666666666574e-01,1.448114431793762560e+04
2.500000000000000000e-01,1.444895145650039558e+04
2.708333333333333148e-01,1.443361901972940905e+04
2.916666666666666297e-01,1.443201858883346358e+04
3.125000000000000000e-01,1.443955763187352204e+04
3.333333333333333148e-01,1.445062449593074416e+04
3.541666666666666297e-01,1.446060280435439927e+04
3.750000000000000000e-01,1.446745614917195780e+04
3.958333333333333148e-01,1.447124330533313332e+04
4.166666666666666297e-01,1.447265431368974896e+04
4.375000000000000000e-01,1.447227957569853606e+04
4.583333333333333148e-01,1.447072482461107211e+04
4.791666666666666297e-01,1.446869084182751976e+04
5.000000000000000000e-01,1.446672079065678190e+04
5.208333333333332593e-01,1.446502622123316178e+04
5.416666666666666297e-01,1.446362035026241574e+04
5.625000000000000000e-01,1.446251643125401824e+04
5.833333333333332593e-01,1.446175854081147918e+04
6.041666666666666297e-01,1.446135673636823776e+04
6.250000000000000000e-01,1.446127812506596820e+04
6.458333333333332593e-01,1.446148903593442083e+04
6.666666666666666297e-01,1.446196551684832230e+04
6.875000000000000000e-01,1.446266626596971764e+04
7.083333333333332593e-01,1.446352080285138072e+04
7.291666666666666297e-01,1.446444719380297829e+04
7.500000000000000000e-01,1.446536930463613317e+04
7.708333333333332593e-01,1.446621856029552873e+04
7.916666666666666297e-01,1.446693432019625834e+04
8.125000000000000000e-01,1.446747210739851653e+04
8.333333333333332593e-01,1.446781072742617835e+04
8.541666666666666297e-01,1.446795075922574324e+04
8.750000000000000000e-01,1.446790935566311600e+04
8.958333333333332593e-01,1.446771733318124097e+04
9.166666666666666297e-01,1.446741674207451433e+04
9.375000000000000000e-01,1.446705554119563749e+04
9.583333333333332593e-01,1.446668106502063893e+04
9.791666666666666297e-01,1.446633562801526932e+04
1.000000000000000000e+00,1.446605418710796221e+04
1.020833333333333259e+00,1.446586220240888360e+04
1.041666666666666519e+00,1.446577374122139372e+04
1.062500000000000000e+00,1.446579121780590503e+04
1.083333333333333259e+00,1.446590689426779863e+04
1.104166666666666519e+00,1.446610498453473338e+04
1.125000000000000000e+00,1.446636376160222790e+04
1.145833333333333259e+00,1.446665798822140277e+04
1.166666666666666519e+00,1.446696173858958355e+04
1.187500000000000000e+00,1.446725101625422758e+04
1.208333333333333259e+00,1.446750567856980706e+04
1.229166666666666519e+00,1.446771072500884475e+04
1.250000000000000000e+00,1.446785712057830460e+04
1.270833333333333259e+00,1.446794206298115023e+04
1.291666666666666519e+00,1.446796856631835544e+04
1.312500000000000000e+00,1.446794448871146597e+04
1.333333333333333259e+00,1.446788126748590730e+04
1.354166666666666519e+00,1.446779252045135581e+04
1.375000000000000000e+00,1.446769258047022959e+04
1.395833333333333259e+00,1.446759508433049632e+04
1.416666666666666519e+00,1.446751178803424409e+04
1.437500000000000000e+00,1.446745171580113674e+04
1.458333333333333259e+00,1.446742065524885038e+04
1.479166666666666519e+00,1.446742098523490858e+04
1.500000000000000000e+00,1.446745183053101209e+04
1.520833333333333259e+00,1.446750950990363708e+04
1.541666666666666519e+00,1.446758819638670684e+04
1.562500000000000000e+00,1.446768069260452467e+04
1.583333333333333259e+00,1.446777924019169950e+04
1.604166666666666519e+00,1.446787629505052973e+04
1.625000000000000000e+00,1.446796520137875996e+04
1.645833333333333259e+00,1.446804070766210498e+04
1.666666666666666519e+00,1.446809929369407837e+04
1.687500000000000000e+00,1.446813930352767056e+04
1.708333333333333259e+00,1.446816089494574044e+04
1.729166666666666519e+00,1.446816582771489630e+04
1.750000000000000000e+00,1.446815712636108947e+04
1.770833333333333259e+00,1.446813866377843442e+04
1.791666666666666519e+00,1.446811471401139715e+04
1.812500000000000000e+00,1.446808951805547622e+04
1.833333333333333259e+00,1.446806690023182455e+04
1.854166666666666519e+00,1.446804996515874154e+04
1.875000000000000000e+00,1.446804089494062282e+04
1.895833333333333259e+00,1.446804085393641071e+04
1.916666666666666519e+00,1.446804999733348086e+04
1.937500000000000000e+00,1.446806757112791456e+04
1.958333333333333259e+00,1.446809208448284699e+04
1.979166666666666519e+00,1.446812153066394967e+04
2.000000000000000000e+00,1.446815363065821657e+04
2.020833333333333037e+00,1.446818607451171920e+04
2.041666666666666519e+00,1.446821673862561147e+04
2.062500000000000000e+00,1.446824386181346199e+04
2.083333333333333037e+00,1.446826616844472665e+04
2.104166666666666519e+00,1.446828293314801704e+04
2.125000000000000000e+00,1.446829398764079451e+04
2.145833333333333037e+00,1.446829967553248935e+04
2.166666666666666519e+00,1.446830076502343582e+04
2.187500000000000000e+00,1.446829833217943451e+04
2.208333333333333037e+00,1.446829362881332054e+04
2.229166666666666519e+00,1.446828794888983248e+04
2.250000000000000000e+00,1.446828250593113262e+04
2.270833333333333037e+00,1.446827833147080310e+04
2.291666666666666519e+00,1.446827620155443947e+04
2.312500000000000000e+00,1.446827659493416650e+04
2.333333333333333037e+00,1.446827968327079725e+04
2.354166666666666519e+00,1.446828535066199402e+04
2.375000000000000000e+00,1.446829323741893677e+04
2.395833333333333037e+00,1.446830280135798603e+04
2.416666666666666519e+00,1.446831338901657364e+04
2.437500000000000000e+00,1.446832430912934797e+04
2.458333333333333037e+00,1.446833490134729436e+04
2.479166666666666519e+00,1.446834459440386490e+04
2.500000000000000000e+00,1.446835294955359859e+04
2.520833333333333037e+00,1.446835968692415190e+04
2.541666666666666519e+00,1.446836469426137410e+04
2.562500000000000000e+00,1.446836801922600353e+04
2.583333333333333037e+00,1.446836984779225531e+04
2.604166666666666519e+00,1.446837047229306700e+04
2.625000000000000000e+00,1.446837025321616602e+04
2.645833333333333037e+00,1.446836957897293178e+04
2.666666666666666519e+00,1.446836882757773128e+04
2.687500000000000000e+00,1.446836833355856288e+04
2.708333333333333037e+00,1.446836836256406241e+04
2.729166666666666519e+00,1.446836909514649960e+04
2.750000000000000000e+00,1.446837062018827419e+04
2.770833333333333037e+00,1.446837293749802120e+04
2.791666666666666519e+00,1.446837596830938492e+04
2.812500000000000000e+00,1.446837957182912578e+04
2.833333333333333037e+00,1.446838356563181151e+04
2.854166666666666519e+00,1.446838774758908039e+04
2.875000000000000000e+00,1.446839191714080880e+04
2.895833333333333037e+00,1.446839589401972262e+04
2.916666666666666519e+00,1.446839953298895853e+04
2.937500000000000000e+00,1.446840273368057751e+04
2.958333333333333037e+00,1.446840544517684248e+04
2.979166666666666519e+00,1.446840766550185799e+04
3.000000000000000000e+00,1.446840943664187944e+04
3.020833333333333037e+00,1.446841083605571112e+04
3.041666666666666519e+00,1.446841196585313082e+04
3.062500000000000000e+00,1.446841294090199881e+04
3.083333333333333037e+00,1.446841387708242110e+04
3.104166666666666519e+00,1.446841488075553934e+04
3.125000000000000000e+00,1.446841604028263828e+04
3.145833333333333037e+00,1.446841742014726697e+04
3.166666666666666519e+00,1.446841905793034675e+04
3.187500000000000000e+00,1.446842096409661099e+04
3.208333333333333037e+00,1.446842312429692902e+04
3.229166666666666519e+00,1.446842550369029050e+04
3.250000000000000000e+00,1.446842805266052164e+04
3.270833333333333037e+00,1.446843071324281482e+04
3.291666666666666519e+00,1.446843342558740551e+04
3.312500000000000000e+00,1.446843613385975914e+04
3.333333333333333037e+00,1.446843879109634508e+04
3.354166666666666519e+00,1.446844136268508373e+04
3.375000000000000000e+00,1.446844382830460745e+04
3.395833333333333037e+00,1.446844618231654385e+04
3.416666666666666519e+00,1.446844843274932646e+04
3.437500000000000000e+00,1.446845059912597571e+04
3.458333333333333037e+00,1.446845270946672099e+04
3.479166666666666519e+00,1.446845479683669691e+04
3.500000000000000000e+00,1.446845689580867111e+04
3.520833333333333037e+00,1.446845903917714531e+04
3.541666666666666519e+00,1.446846125519931229e+04
3.562500000000000000e+00,1.446846356555820239e+04
3.583333333333333037e+00,1.446846598415493645e+04
3.604166666666666519e+00,1.446846851674809295e+04
3.625000000000000000e+00,1.446847116137847115e+04
3.645833333333333037e+00,1.446847390945090592e+04
3.666666666666666519e+00,1.446847674729995924e+04
3.687500000000000000e+00,1.446847965803994884e+04
3.708333333333333037e+00,1.446848262349647121e+04
3.729166666666666519e+00,1.446848562603243772e+04
3.750000000000000000e+00,1.446848865011142334e+04
3.770833333333333037e+00,1.446849168348405874e+04
3.791666666666666519e+00,1.446849471793071280e+04
3.812500000000000000e+00,1.446849774954155509e+04
3.833333333333333037e+00,1.446850077856103962e+04
3.854166666666666519e+00,1.446850380886054700e+04
3.875000000000000000e+00,1.446850684712936709e+04
3.895833333333333037e+00,1.446850990189165896e+04
3.916666666666666519e+00,1.446851298245921134e+04
3.937500000000000000e+00,1.446851609792451563e+04
3.958333333333333037e+00,1.446851925628262325e+04
3.979166666666666519e+00,1.446852246374856259e+04
4.000000000000000000e+00,1.446852572431136286e+04
4.020833333333333037e+00,1.446852903953919667e+04
4.041666666666666075e+00,1.446853240862528037e+04
4.062500000000000000e+00,1.446853582864348209e+04
4.083333333333333037e+00,1.446853929496620913e+04
4.104166666666666075e+00,1.446854280178769841e+04
4.125000000000000000e+00,1.446854634269282542e+04
4.145833333333333037e+00,1.446854991121349667e+04
4.166666666666666075e+00,1.446855350132305830e+04
4.187500000000000000e+00,1.446855710783016184e+04
4.208333333333333037e+00,1.446856072664701423e+04
4.229166666666666075e+00,1.446856435492184755e+04
4.250000000000000000e+00,1.446856799103853700e+04
4.270833333333333037e+00,1.446857163449906511e+04
4.291666666666666075e+00,1.446857528571282455e+04
4.312500000000000000e+00,1.446857894572243458e+04
4.333333333333333037e+00,1.446858261589995163e+04
4.354166666666666075e+00,1.446858629764370926e+04
4.375000000000000000e+00,1.446858999210474212e+04
4.395833333333333037e+00,1.446859369996435998e+04
4.416666666666666075e+00,1.446859742127815480e+04
4.437500000000000000e+00,1.446860115539314211e+04
4.458333333333333037e+00,1.446860490093756380e+04
4.479166666666666075e+00,1.446860865587652006e+04
4.500000000000000000e+00,1.446861241762050486e+04
4.520833333333333037e+00,1.446861618317128159e+04
4.541666666666666075e+00,1.446861994928725471e+04
4.562500000000000000e+00,1.446862371265146794e+04
4.583333333333333037e+00,1.446862747002591277e+04
4.604166666666666075e+00,1.446863121837992730e+04
4.625000000000000000e+00,1.446863495498403427e+04
4.645833333333333037e+00,1.446863867746428878e+04
4.666666666666666075e+00,1.446864238381683390e+04
4.687500000000000000e+00,1.446864607238626922e+04
4.708333333333333037e+00,1.446864974181343860e+04
4.729166666666666075e+00,1.446865339096186290e+04
4.750000000000000000e+00,1.446865701883131987e+04
4.770833333333333037e+00,1.446866062446909200e+04
4.791666666666666075e+00,1.446866420688640210e+04
4.812500000000000000e+00,1.446866776498860781e+04
4.833333333333333037e+00,1.446867129752258552e+04
4.854166666666666075e+00,1.446867480304593118e+04
4.875000000000000000e+00,1.446867827991749073e+04
4.895833333333333037e+00,1.446868172630781191e+04
4.916666666666666075e+00,1.446868514022725867e+04
4.937500000000000000e+00,1.446868851956604340e+04
4.958333333333333037e+00,1.446869186214251022e+04
4.979166666666666075e+00,1.446869516575354646e+04
5.000000000000000000e+00,1.446869842822262217e+04
5.020833333333333037e+00,1.446870164744168142e+04
5.041666666666666075e+00,1.446870482140325839e+04
5.062500000000000000e+00,1.446870794822166863e+04
5.083333333333333037e+00,1.446871102614250412e+04
5.104166666666666075e+00,1.446871405354054514e+04
5.125000000000000000e+00,1.446871702890876259e+04
5.145833333333333037e+00,1.446871995083935690e+04
5.166666666666666075e+00,1.446872281800059864e+04
5.187500000000000000e+00,1.446872562911161003e+04
5.208333333333333037e+00,1.446872838291809239e+04
5.229166666666666075e+00,1.446873107817108030e+04
5.250000000000000000e+00,1.446873371361051977e+04
5.270833333333333037e+00,1.446873628795482728e+04
5.291666666666666075e+00,1.446873879989679335e+04
5.312500000000000000e+00,1.446874124810544527e+04
5.333333333333333037e+00,1.446874363123363219e+04
5.354166666666666075e+00,1.446874594792916832e+04
5.375000000000000000e+00,1.446874819684940303e+04
5.395833333333333037e+00,1.446875037667657671e+04
5.416666666666666075e+00,1.446875248613326767e+04
5.437500000000000000e+00,1.446875452399580536e+04
5.458333333333333037e+00,1.446875648910599557e+04
5.479166666666666075e+00,1.446875838037886933e+04
5.500000000000000000e+00,1.446876019680747777e+04
5.520833333333333037e+00,1.446876193746413992e+04
5.541666666666666075e+00,1.446876360149843094e+04
5.562500000000000000e+00,1.446876518813307848e+04
5.583333333333333037e+00,1.446876669665779991e+04
5.604166666666666075e+00,1.446876812642262303e+04
5.625000000000000000e+00,1.446876947683044273e+04
5.645833333333333037e+00,1.446877074733083282e+04
5.666666666666666075e+00,1.446877193741457450e+04
5.687500000000000000e+00,1.446877304661005110e+04
5.708333333333333037e+00,1.446877407448095255e+04
5.729166666666666075e+00,1.446877502062590793e+04
5.750000000000000000e+00,1.446877588467975875e+04
5.770833333333333037e+00,1.446877666631598186e+04
5.791666666666666075e+00,1.446877736524985448e+04
5.812500000000000000e+00,1.446877798124219771e+04
5.833333333333333037e+00,1.446877851410302901e+04
5.854166666666666075e+00,1.446877896369491646e+04
5.875000000000000000e+00,1.446877932993544164e+04
5.895833333333333037e+00,1.446877961279896408e+04
5.916666666666666075e+00,1.446877981231716331e+04
5.937500000000000000e+00,1.446877992857876961e+04
5.958333333333333037e+00,1.446877996172793792e+04
5.979166666666666075e+00,1.446877991196246148e+04
6.000000000000000000e+00,1.446877977953093796e+04
6.020833333333333037e+00,1.446877956472976439e+04
6.041666666666666075e+00,1.446877926790001584e+04
6.062500000000000000e+00,1.446877888942490608e+04
6.083333333333333037e+00,1.446877842972686994e+04
6.104166666666666075e+00,1.446877788926570429e+04
6.125000000000000000e+00,1.446877726853727654e+04
6.145833333333333037e+00,1.446877656807245148e+04
6.166666666666666075e+00,1.446877578843693482e+04
6.187500000000000000e+00,1.446877493023150237e+04
6.208333333333333037e+00,1.446877399409255668e+04
6.229166666666666075e+00,1.446877298069292738e+04
6.250000000000000000e+00,1.446877189074288981e+04
6.270833333333333037e+00,1.446877072499101268e+04
6.291666666666666075e+00,1.446876948422492569e+04
6.312500000000000000e+00,1.446876816927202526e+04
6.333333333333333037e+00,1.446876678099963465e+04
6.354166666666666075e+00,1.446876532031500756e+04
6.375000000000000000e+00,1.446876378816516808e+04
6.395833333333333037e+00,1.446876218553613580e+04
6.416666666666666075e+00,1.446876051345244559e+04
6.437500000000000000e+00,1.446875877297595434e+04
6.458333333333333037e+00,1.446875696520501515e+04
6.479166666666666075e+00,1.446875509127340047e+04
6.500000000000000000e+00,1.446875315234933441e+04
6.520833333333333037e+00,1.446875114963464512e+04
6.541666666666666075e+00,1.446874908436382975e+04
6.562500000000000000e+00,1.446874695780354159e+04
6.583333333333333037e+00,1.446874477125199337e+04
6.604166666666666075e+00,1.446874252603833156e+04
6.625000000000000000e+00,1.446874022352248721e+04
6.645833333333333037e+00,1.446873786509475030e+04
6.666666666666666075e+00,1.446873545217533683e+04
6.687500000000000000e+00,1.446873298621403592e+04
6.708333333333333037e+00,1.446873046868976598e+04
6.729166666666666075e+00,1.446872790111007998e+04
6.750000000000000000e+00,1.446872528501046327e+04
6.770833333333333037e+00,1.446872262195356598e+04
6.791666666666666075e+00,1.446871991352839177e+04
6.812500000000000000e+00,1.446871716134915550e+04
6.833333333333333037e+00,1.446871436705445740e+04
6.854166666666666075e+00,1.446871153230589334e+04
6.875000000000000000e+00,1.446870865878714903e+04
6.895833333333333037e+00,1.446870574820252659e+04
6.916666666666666075e+00,1.446870280227600233e+04
6.937500000000000000e+00,1.446869982274976792e+04
6.958333333333333037e+00,1.446869681138328087e+04
6.979166666666666075e+00,1.446869376995190396e+04
7.000000000000000000e+00,1.446869070024606117e+04
7.020833333333333037e+00,1.446868760406983347e+04
7.041666666666666075e+00,1.446868448324016572e+04
7.062500000000000000e+00,1.446868133958566978e+04
7.083333333333333037e+00,1.446867817494554401e+04
7.104166666666666075e+00,1.446867499116862382e+04
7.125000000000000000e+00,1.446867179011226108e+04
7.145833333333333037e+00,1.446866857364120369e+04
7.166666666666666075e+00,1.446866534362657694e+04
7.187500000000000000e+00,1.446866210194457381e+04
7.208333333333333037e+00,1.446865885047539996e+04
7.229166666666666075e+00,1.446865559110205868e+04
7.250000000000000000e+00,1.446865232570904118e+04
7.270833333333333037e+00,1.446864905618118428e+04
7.291666666666666075e+00,1.446864578440237892e+04
7.312500000000000000e+00,1.446864251225421685e+04
7.333333333333333037e+00,1.446863924161496470e+04
7.354166666666666075e+00,1.446863597435799602e+04
7.375000000000000000e+00,1.446863271235093271e+04
7.395833333333333037e+00,1.446862945745410616e+04
7.416666666666666075e+00,1.446862621151948042e+04
7.437500000000000000e+00,1.446862297638950622e+04
7.458333333333333037e+00,1.446861975389592044e+04
7.479166666666666075e+00,1.446861654585856013e+04
7.500000000000000000e+00,1.446861335408424202e+04
7.520833333333333037e+00,1.446861018036567475e+04
7.541666666666666075e+00,1.446860702648026563e+04
7.562500000000000000e+00,1.446860389418905470e+04
7.583333333333333037e+00,1.446860078523556513e+04
7.604166666666666075e+00,1.446859770134476639e+04
7.625000000000000000e+00,1.446859464422183373e+04
7.645833333333333037e+00,1.446859161555120954e+04
7.666666666666666075e+00,1.446858861699538465e+04
7.687500000000000000e+00,1.446858565019394155e+04
7.708333333333333037e+00,1.446858271676238655e+04
7.729166666666666075e+00,1.446857981829104392e+04
7.750000000000000000e+00,1.446857695634418633e+04
7.770833333333333037e+00,1.446857413245894350e+04
7.791666666666666075e+00,1.446857134814418168e+04
7.812500000000000000e+00,1.446856860487964877e+04
7.833333333333333037e+00,1.446856590411501020e+04
7.854166666666666075e+00,1.446856324726891035e+04
7.875000000000000000e+00,1.446856063572803396e+04
7.895833333333333037e+00,1.446855807084618937e+04
7.916666666666666075e+00,1.446855555394348266e+04
7.937500000000000000e+00,1.446855308630558648e+04
7.958333333333333037e+00,1.446855066918263765e+04
7.979166666666666075e+00,1.446854830378878614e+04
8.000000000000000000e+00,1.446854599130114730e+04
8.020833333333332149e+00,1.446854373285918336e+04
8.041666666666666075e+00,1.446854152956397957e+04
8.062500000000000000e+00,1.446853938247745828e+04
8.083333333333332149e+00,1.446853729262177876e+04
8.104166666666666075e+00,1.446853526097864233e+04
8.125000000000000000e+00,1.446853328848867022e+04
8.145833333333332149e+00,1.446853137605081429e+04
8.166666666666666075e+00,1.446852952452173122e+04
8.187500000000000000e+00,1.446852773471534965e+04
8.208333333333332149e+00,1.446852600740219714e+04
8.229166666666666075e+00,1.446852434330901451e+04
8.250000000000000000e+00,1.446852274311830479e+04
8.270833333333332149e+00,1.446852120746783476e+04
8.291666666666666075e+00,1.446851973695033666e+04
8.312500000000000000e+00,1.446851833211303165e+04
8.333333333333332149e+00,1.446851699345736415e+04
8.354166666666666075e+00,1.446851572143876547e+04
8.375000000000000000e+00,1.446851451646622081e+04
8.395833333333332149e+00,1.446851337890216746e+04
8.416666666666666075e+00,1.446851230906222554e+04
8.437500000000000000e+00,1.446851130721509253e+04
8.458333333333332149e+00,1.446851037358223766e+04
8.479166666666666075e+00,1.446850950833800744e+04
8.500000000000000000e+00,1.446850871160936367e+04
8.520833333333332149e+00,1.446850798347599266e+04
8.541666666666666075e+00,1.446850732397009415e+04
8.562500000000000000e+00,1.446850673307655597e+04
8.583333333333332149e+00,1.446850621073302318e+04
8.604166666666666075e+00,1.446850575682983617e+04
8.625000000000000000e+00,1.446850537121019079e+04
8.645833333333332149e+00,1.446850505367042206e+04
8.666666666666666075e+00,1.446850480395996783e+04
8.687500000000000000e+00,1.446850462178176167e+04
8.708333333333332149e+00,1.446850450679242931e+04
8.729166666666666075e+00,1.446850445860244145e+04
8.750000000000000000e+00,1.446850447677668853e+04
8.770833333333332149e+00,1.446850456083452809e+04
8.791666666666666075e+00,1.446850471025032311e+04
8.812500000000000000e+00,1.446850492445390410e+04
8.833333333333332149e+00,1.446850520283087462e+04
8.854166666666666075e+00,1.446850554472314252e+04
8.875000000000000000e+00,1.446850594942941098e+04
8.895833333333332149e+00,1.446850641620566603e+04
8.916666666666666075e+00,1.446850694426584960e+04
8.937500000000000000e+00,1.446850753278233242e+04
8.958333333333332149e+00,1.446850818088662345e+04
8.979166666666666075e+00,1.446850888766996650e+04
9.000000000000000000e+00,1.446850965218399870e+04
9.020833333333332149e+00,1.446851047344154358e+04
9.041666666666666075e+00,1.446851135041717862e+04
9.062500000000000000e+00,1.446851228204830477e+04
9.083333333333332149e+00,1.446851326723548118e+04
9.104166666666666075e+00,1.446851430484367302e+04
9.125000000000000000e+00,1.446851539370291721e+04
9.145833333333332149e+00,1.446851653260913736e+04
9.166666666666666075e+00,1.446851772032501322e+04
9.187500000000000000e+00,1.446851895558113392e+04
9.208333333333332149e+00,1.446852023707663466e+04
9.229166666666666075e+00,1.446852156348038261e+04
9.250000000000000000e+00,1.446852293343181373e+04
9.270833333333332149e+00,1.446852434554208958e+04
9.291666666666666075e+00,1.446852579839487953e+04
9.312500000000000000e+00,1.446852729054775409e+04
9.333333333333332149e+00,1.446852882053295980e+04
9.354166666666666075e+00,1.446853038685864158e+04
9.375000000000000000e+00,1.446853198800990867e+04
9.395833333333332149e+00,1.446853362245000608e+04
9.416666666666666075e+00,1.446853528862139865e+04
9.437500000000000000e+00,1.446853698494695709e+04
9.458333333333332149e+00,1.446853870983106754e+04
9.479166666666666075e+00,1.446854046166098124e+04
9.500000000000000000e+00,1.446854223880782592e+04
9.520833333333332149e+00,1.446854403962795550e+04
9.541666666666666075e+00,1.446854586246409599e+04
9.562500000000000000e+00,1.446854770564664796e+04
9.583333333333332149e+00,1.446854956749481062e+04
9.604166666666666075e+00,1.446855144631810617e+04
9.625000000000000000e+00,1.446855334041736205e+04
9.645833333333332149e+00,1.446855524808613700e+04
9.666666666666666075e+00,1.446855716761198710e+04
9.687500000000000000e+00,1.446855909727776452e+04
9.708333333333332149e+00,1.446856103536289447e+04
9.729166666666666075e+00,1.446856298014476124e+04
9.750000000000000000e+00,1.446856492989985782e+04
9.770833333333332149e+00,1.446856688290527381e+04
9.791666666666666075e+00,1.446856883743992512e+04
9.812500000000000000e+00,1.446857079178596541e+04
9.833333333333332149e+00,1.446857274422996124e+04
9.854166666666666075e+00,1.446857469306438725e+04
9.875000000000000000e+00,1.446857663658877937e+04
9.895833333333332149e+00,1.446857857311123371e+04
9.916666666666666075e+00,1.446858050094963619e+04
9.937500000000000000e+00,1.446858241843296128e+04
9.958333333333332149e+00,1.446858432390281450e+04
9.979166666666666075e+00,1.446858621571436015e+04
1.000000000000000000e+01,1.446858809223797289e+04
1.002083333333333215e+01,1.446858995186045649e+04
1.004166666666666607e+01,1.446859179298624804e+04
1.006250000000000000e+01,1.446859361403885487e+04
1.008333333333333215e+01,1.446859541346202604e+04
1.010416666666666607e+01,1.446859718972109113e+04
1.012500000000000000e+01,1.446859894130420435e+04
1.014583333333333215e+01,1.446860066672359244e+04
1.016666666666666607e+01,1.446860236451673336e+04
1.018750000000000000e+01,1.446860403324768413e+04
1.020833333333333215e+01,1.446860567150805218e+04
1.022916666666666607e+01,1.446860727791842874e+04
1.025000000000000000e+01,1.446860885112926189e+04
1.027083333333333215e+01,1.446861038982204263e+04
1.029166666666666607e+01,1.446861189271039984e+04
1.031250000000000000e+01,1.446861335854096615e+04
1.033333333333333215e+01,1.446861478609443293e+04
1.035416666666666607e+01,1.446861617418628521e+04
1.037500000000000000e+01,1.446861752166779115e+04
1.039583333333333215e+01,1.446861882742655507e+04
1.041666666666666607e+01,1.446862009038714314e+04
1.043750000000000000e+01,1.446862130951180006e+04
1.045833333333333215e+01,1.446862248380064921e+04
1.047916666666666607e+01,1.446862361229208545e+04
1.050000000000000000e+01,1.446862469406298987e+04
1.052083333333333215e+01,1.446862572822859511e+04
1.054166666666666607e+01,1.446862671394255813e+04
1.056250000000000000e+01,1.446862765039662918e+04
1.058333333333333215e+01,1.446862853682024070e+04
1.060416666666666607e+01,1.446862937247988157e+04
1.062500000000000000e+01,1.446863015667856598e+04
1.064583333333333215e+01,1.446863088875493850e+04
1.066666666666666607e+01,1.446863156808226995e+04
1.068750000000000000e+01,1.446863219406765347e+04
1.070833333333333215e+01,1.446863276615090581e+04
1.072916666666666607e+01,1.446863328380345774e+04
1.075000000000000000e+01,1.446863374652754283e+04
1.077083333333333215e+01,1.446863415385519693e+04
1.079166666666666607e+01,1.446863450534768344e+04
1.081250000000000000e+01,1.446863480059491121e+04
1.083333333333333215e+01,1.446863503921533265e+04
1.085416666666666607e+01,1.446863522085602744e+04
1.087500000000000000e+01,1.446863534519327368e+04
1.089583333333333215e+01,1.446863541193343190e+04
1.091666666666666607e+01,1.446863542081433843e+04
1.093750000000000000e+01,1.446863537160722262e+04
1.095833333333333215e+01,1.446863526411864586e+04
1.097916666666666607e+01,1.446863509819330284e+04
1.100000000000000000e+01,1.446863487371668452e+04
1.102083333333333215e+01,1.446863459061827962e+04
1.104166666666666607e+01,1.446863424887455039e+04
1.106250000000000000e+01,1.446863384851214141e+04
1.108333333333333215e+01,1.446863338961090267e+04
1.110416666666666607e+01,1.446863287230643982e+04
1.112500000000000000e+01,1.446863229679256619e+04
1.114583333333333215e+01,1.446863166332320179e+04
1.116666666666666607e+01,1.446863097221356293e+04
1.118750000000000000e+01,1.446863022384101714e+04
1.120833333333333215e+01,1.446862941864524328e+04
1.122916666666666607e+01,1.446862855712750388e+04
1.125000000000000000e+01,1.446862763984993944e+04
1.127083333333333215e+01,1.446862666743387672e+04
1.129166666666666607e+01,1.446862564055784605e+04
1.131250000000000000e+01,1.446862455995548953e+04
1.133333333333333215e+01,1.446862342641289433e+04
1.135416666666666607e+01,1.446862224076616985e+04
1.137500000000000000e+01,1.446862100389883562e+04
1.139583333333333215e+01,1.446861971673924563e+04
1.141666666666666607e+01,1.446861838025830002e+04
1.143750000000000000e+01,1.446861699546728778e+04
1.145833333333333215e+01,1.446861556341591495e+04
1.147916666666666607e+01,1.446861408519056567e+04
1.150000000000000000e+01,1.446861256191288703e+04
1.152083333333333215e+01,1.446861099473844661e+04
1.154166666666666607e+01,1.446860938485581573e+04
1.156250000000000000e+01,1.446860773348531802e+04
1.158333333333333215e+01,1.446860604187834906e+04
1.160416666666666607e+01,1.446860431131656151e+04
1.162500000000000000e+01,1.446860254311095559e+04
1.164583333333333215e+01,1.446860073860112971e+04
1.166666666666666607e+01,1.446859889915446183e+04
1.168750000000000000e+01,1.446859702616503273e+04
1.170833333333333215e+01,1.446859512105286194e+04
1.172916666666666607e+01,1.446859318526283460e+04
1.175000000000000000e+01,1.446859122026367186e+04
1.177083333333333215e+01,1.446858922754676314e+04
1.179166666666666607e+01,1.446858720862508198e+04
1.181250000000000000e+01,1.446858516503231294e+04
1.183333333333333215e+01,1.446858309832150917e+04
1.185416666666666607e+01,1.446858101006411016e+04
1.187500000000000000e+01,1.446857890184892312e+04
1.189583333333333215e+01,1.446857677528113345e+04
1.191666666666666607e+01,1.446857463198128244e+04
1.193750000000000000e+01,1.446857247358436507e+04
1.195833333333333215e+01,1.446857030173879321e+04
1.197916666666666607e+01,1.446856811810545696e+04
1.200000000000000000e+01,1.446856592435697530e+04
1.202083333333333215e+01,1.446856372217645912e+04
1.204166666666666607e+01,1.446856151325670726e+04
1.206250000000000000e+01,1.446855929929918420e+04
1.208333333333333215e+01,1.446855708201287416e+04
1.210416666666666607e+01,1.446855486311337881e+04
1.212500000000000000e+01,1.446855264432164404e+04
1.214583333333333215e+01,1.446855042736303585e+04
1.216666666666666607e+01,1.446854821396597254e+04
1.218750000000000000e+01,1.446854600586086599e+04
1.220833333333333215e+01,1.446854380477889936e+04
1.222916666666666607e+01,1.446854161245099749e+04
1.225000000000000000e+01,1.446853943060634992e+04
1.227083333333333215e+01,1.446853726097145409e+04
1.229166666666666607e+01,1.446853510526880564e+04
1.231250000000000000e+01,1.446853296521581433e+04
1.233333333333333215e+01,1.446853084252357075e+04
1.235416666666666607e+01,1.446852873889571492e+04
1.237500000000000000e+01,1.446852665602738125e+04
1.239583333333333215e+01,1.446852459560392163e+04
1.241666666666666607e+01,1.446852255929982130e+04
1.243750000000000000e+01,1.446852054877762930e+04
1.245833333333333215e+01,1.446851856568681978e+04
1.247916666666666607e+01,1.446851661166256235e+04
1.250000000000000000e+01,1.446851468832468163e+04
1.252083333333333215e+01,1.446851279727663496e+04
1.254166666666666607e+01,1.446851094010422821e+04
1.256250000000000000e+01,1.446850911837450622e+04
1.258333333333333215e+01,1.446850733363483232e+04
1.260416666666666607e+01,1.446850558741153145e+04
1.262500000000000000e+01,1.446850388120892603e+04
1.264583333333333215e+01,1.446850221650825188e+04
1.266666666666666607e+01,1.446850059476665410e+04
1.268750000000000000e+01,1.446849901741595022e+04
1.270833333333333215e+01,1.446849748586169517e+04
1.272916666666666607e+01,1.446849600148220998e+04
1.275000000000000000e+01,1.446849456562746491e+04
1.277083333333333215e+01,1.446849317961824272e+04
1.279166666666666607e+01,1.446849184474506910e+04
1.281250000000000000e+01,1.446849056226724133e+04
1.283333333333333215e+01,1.446848933341206430e+04
1.285416666666666607e+01,1.446848815937375184e+04
1.287500000000000000e+01,1.446848704131273189e+04
1.289583333333333215e+01,1.446848598035465693e+04
1.291666666666666607e+01,1.446848497758960730e+04
1.293750000000000000e+01,1.446848403407125079e+04
1.295833333333333215e+01,1.446848315081614055e+04
1.297916666666666607e+01,1.446848232880271826e+04
1.300000000000000000e+01,1.446848156897084846e+04
1.302083333333333215e+01,1.446848087222087270e+04
1.304166666666666607e+01,1.446848023941294741e+04
1.306250000000000000e+01,1.446847967136638545e+04
1.308333333333333215e+01,1.446847916885905943e+04
1.310416666666666607e+01,1.446847873262668872e+04
1.312500000000000000e+01,1.446847836336225009e+04
1.314583333333333215e+01,1.446847806171538468e+04
1.316666666666666607e+01,1.446847782829203425e+04
1.318750000000000000e+01,1.446847766365364441e+04
1.320833333333333215e+01,1.446847756831691731e+04
1.322916666666666607e+01,1.446847754275325133e+04
1.325000000000000000e+01,1.446847758738837001e+04
1.327083333333333215e+01,1.446847770260186007e+04
1.329166666666666607e+01,1.446847788872684396e+04
1.331250000000000000e+01,1.446847814604973246e+04
1.333333333333333215e+01,1.446847847480981363e+04
1.335416666666666607e+01,1.446847887519902361e+04
1.337500000000000000e+01,1.446847934736171737e+04
1.339583333333333215e+01,1.446847989139447964e+04
1.341666666666666607e+01,1.446848050734594653e+04
1.343750000000000000e+01,1.446848119521661283e+04
1.345833333333333215e+01,1.446848195495880645e+04
1.347916666666666607e+01,1.446848278647652478e+04
1.350000000000000000e+01,1.446848368962543100e+04
1.352083333333333215e+01,1.446848466421295234e+04
1.354166666666666607e+01,1.446848570999814183e+04
1.356250000000000000e+01,1.446848682669178743e+04
1.358333333333333215e+01,1.446848801395646296e+04
1.360416666666666607e+01,1.446848927140686283e+04
1.362500000000000000e+01,1.446849059860960551e+04
1.364583333333333215e+01,1.446849199508376478e+04
1.366666666666666607e+01,1.446849346030089509e+04
1.368750000000000000e+01,1.446849499368534453e+04
1.370833333333333215e+01,1.446849659461453484e+04
1.372916666666666607e+01,1.446849826241927076e+04
1.375000000000000000e+01,1.446849999638416921e+04
1.377083333333333215e+01,1.446850179574795766e+04
1.379166666666666607e+01,1.446850365970393977e+04
1.381250000000000000e+01,1.446850558740037013e+04
1.383333333333333215e+01,1.446850757794114543e+04
1.385416666666666607e+01,1.446850963038606642e+04
1.387500000000000000e+01,1.446851174375143091e+04
1.389583333333333215e+01,1.446851391701084503e+04
1.391666666666666607e+01,1.446851614909553973e+04
1.393750000000000000e+01,1.446851843889512020e+04
1.395833333333333215e+01,1.446852078525825709e+04
1.397916666666666607e+01,1.446852318699335956e+04
1.400000000000000000e+01,1.446852564286927372e+04
1.402083333333333215e+01,1.446852815161611579e+04
1.404166666666666607e+01,1.446853071192586503e+04
1.406250000000000000e+01,1.446853332245346974e+04
1.408333333333333215e+01,1.446853598181737470e+04
1.410416666666666607e+01,1.446853868860063085e+04
1.412500000000000000e+01,1.446854144135157912e+04
1.414583333333333215e+01,1.446854423858486552e+04
1.416666666666666607e+01,1.446854707878240879e+04
1.418750000000000000e+01,1.446854996039429898e+04
1.420833333333333215e+01,1.446855288183976882e+04
1.422916666666666607e+01,1.446855584150824143e+04
1.425000000000000000e+01,1.446855883776031988e+04
1.427083333333333215e+01,1.446856186892891128e+04
1.429166666666666607e+01,1.446856493332022001e+04
1.431250000000000000e+01,1.446856802921476992e+04
1.433333333333333215e+01,1.446857115486872863e+04
1.435416666666666607e+01,1.446857430851475146e+04
1.437500000000000000e+01,1.446857748836339306e+04
1.439583333333333215e+01,1.446858069260408956e+04
1.441666666666666607e+01,1.446858391940634829e+04
1.443750000000000000e+01,1.446858716692096641e+04
1.445833333333333215e+01,1.446859043328129337e+04
1.447916666666666607e+01,1.446859371660434408e+04
1.450000000000000000e+01,1.446859701499202129e+04
1.452083333333333215e+01,1.446860032653245435e+04
1.454166666666666607e+01,1.446860364930113428e+04
1.456250000000000000e+01,1.446860698136229257e+04
1.458333333333333215e+01,1.446861032076999982e+04
1.460416666666666607e+01,1.446861366556954817e+04
1.462500000000000000e+01,1.446861701379871374e+04
1.464583333333333215e+01,1.446862036348910624e+04
1.466666666666666607e+01,1.446862371266727496e+04
1.468750000000000000e+01,1.446862705935611666e+04
1.470833333333333215e+01,1.446863040157622891e+04
1.472916666666666607e+01,1.446863373734706329e+04
1.475000000000000000e+01,1.446863706468832243e+04
1.477083333333333215e+01,1.446864038162121142e+04
1.479166666666666607e+01,1.446864368616972206e+04
1.481250000000000000e+01,1.446864697636200799e+04
1.483333333333333215e+01,1.446865025023157432e+04
1.485416666666666607e+01,1.446865350581856183e+04
1.487500000000000000e+01,1.446865674117113667e+04
1.489583333333333215e+01,1.446865995434673096e+04
1.491666666666666607e+01,1.446866314341320685e+04
1.493750000000000000e+01,1.446866630645027908e+04
1.495833333333333215e+01,1.446866944155070087e+04
1.497916666666666607e+01,1.446867254682152998e+04
1.500000000000000000e+01,1.446867562038546021e+04
1.502083333333333215e+01,1.446867866038193461e+04
1.504166666666666607e+01,1.446868166496861886e+04
1.506250000000000000e+01,1.446868463232228532e+04
1.508333333333333215e+01,1.446868756064049740e+04
1.510416666666666607e+01,1.446869044814260269e+04
1.512500000000000000e+01,1.446869329307095177e+04
1.514583333333333215e+01,1.446869609369224418e+04
1.516666666666666607e+01,1.446869884829888542e+04
1.518750000000000000e+01,1.446870155521001652e+04
1.520833333333333215e+01,1.446870421277300193e+04
1.522916666666666607e+01,1.446870681936458641e+04
1.525000000000000000e+01,1.446870937339236843e+04
1.527083333333333215e+01,1.446871187329585518e+04
1.529166666666666607e+01,1.446871431754816513e+04
1.531250000000000000e+01,1.446871670465720672e+04
1.533333333333333215e+01,1.446871903316702083e+04
1.535416666666666607e+01,1.446872130165939598e+04
1.537500000000000000e+01,1.446872350875529446e+04
1.539583333333333215e+01,1.446872565311627477e+04
1.541666666666666607e+01,1.446872773344605594e+04
1.543750000000000000e+01,1.446872974849215097e+04
1.545833333333333215e+01,1.446873169704731117e+04
1.547916666666666607e+01,1.446873357795120683e+04
1.550000000000000000e+01,1.446873539009200249e+04
1.552083333333333215e+01,1.446873713240788493e+04
1.554166666666666607e+01,1.446873880388867474e+04
1.556250000000000000e+01,1.446874040357729245e+04
1.558333333333333215e+01,1.446874193057119192e+04
1.560416666666666607e+01,1.446874338402367721e+04
1.562500000000000000e+01,1.446874476314512140e+04
1.564583333333333215e+01,1.446874606720402880e+04
1.566666666666666607e+01,1.446874729552786812e+04
1.568750000000000000e+01,1.446874844750386910e+04
1.570833333333333215e+01,1.446874952257929181e+04
1.572916666666666607e+01,1.446875052026167759e+04
1.575000000000000000e+01,1.446875144011879820e+04
1.577083333333333215e+01,1.446875228177808458e+04
1.579166666666666607e+01,1.446875304492613941e+04
1.581250000000000000e+01,1.446875372930760932e+04
1.583333333333333215e+01,1.446875433472400255e+04
1.585416666666666607e+01,1.446875486103223739e+04
1.587500000000000000e+01,1.446875530814271406e+04
1.589583333333333215e+01,1.446875567601756484e+04
1.591666666666666607e+01,1.446875596466872594e+04
1.593750000000000000e+01,1.446875617415566376e+04
1.595833333333333215e+01,1.446875630458323940e+04
1.597916666666666607e+01,1.446875635609981327e+04
1.600000000000000000e+01,1.446875632889521512e+04
1.602083333333333215e+01,1.446875622319892864e+04
1.604166666666666430e+01,1.446875603927847988e+04
1.606250000000000000e+01,1.446875577743811664e+04
1.608333333333333215e+01,1.446875543801770255e+04
1.610416666666666430e+01,1.446875502139192395e+04
1.612500000000000000e+01,1.446875452796960963e+04
1.614583333333333215e+01,1.446875395819361074e+04
1.616666666666666430e+01,1.446875331254060802e+04
1.618750000000000000e+01,1.446875259152130457e+04
1.620833333333333215e+01,1.446875179568074964e+04
1.622916666666666430e+01,1.446875092559872792e+04
1.625000000000000000e+01,1.446874998189029793e+04
1.627083333333333215e+01,1.446874896520632683e+04
1.629166666666666430e+01,1.446874787623399607e+04
1.631250000000000000e+01,1.446874671569732891e+04
1.633333333333333215e+01,1.446874548435764882e+04
1.635416666666666430e+01,1.446874418301379410e+04
1.637500000000000000e+01,1.446874281250249624e+04
1.639583333333333215e+01,1.446874137369842356e+04
1.641666666666666430e+01,1.446873986751418124e+04
1.643750000000000000e+01,1.446873829490022763e+04
1.645833333333333215e+01,1.446873665684467414e+04
1.647916666666666430e+01,1.446873495437303427e+04
1.650000000000000000e+01,1.446873318854782337e+04
1.652083333333333215e+01,1.446873136046806394e+04
1.654166666666666430e+01,1.446872947126893632e+04
1.656250000000000000e+01,1.446872752212109117e+04
1.658333333333333215e+01,1.446872551423028563e+04
1.660416666666666430e+01,1.446872344883649203e+04
1.662500000000000000e+01,1.446872132721351954e+04
1.664583333333333215e+01,1.446871915066819929e+04
1.666666666666666430e+01,1.446871692053974402e+04
1.668750000000000000e+01,1.446871463819893324e+04
1.670833333333333215e+01,1.446871230504748382e+04
1.672916666666666430e+01,1.446870992251704592e+04
1.675000000000000000e+01,1.446870749206848996e+04
1.677083333333333215e+01,1.446870501519101163e+04
1.679166666666666430e+01,1.446870249340108421e+04
1.681250000000000000e+01,1.446869992824162182e+04
1.683333333333333215e+01,1.446869732128093528e+04
1.685416666666666430e+01,1.446869467411165169e+04
1.687500000000000000e+01,1.446869198834967756e+04
1.689583333333333215e+01,1.446868926563314017e+04
1.691666666666666430e+01,1.446868650762129255e+04
1.693750000000000000e+01,1.446868371599326565e+04
1.695833333333333215e+01,1.446868089244713701e+04
1.697916666666666430e+01,1.446867803869867203e+04
1.700000000000000000e+01,1.446867515648011613e+04
1.702083333333333215e+01,1.446867224753915798e+04
1.704166666666666430e+01,1.446866931363780532e+04
1.706250000000000000e+01,1.446866635655106438e+04
1.708333333333333215e+01,1.446866337806596130e+04
1.710416666666666430e+01,1.446866037998017418e+04
1.712500000000000000e+01,1.446865736410102909e+04
1.714583333333333215e+01,1.446865433224424487e+04
1.716666666666666430e+01,1.446865128623279088e+04
1.718750000000000000e+01,1.446864822789563186e+04
1.720833333333333215e+01,1.446864515906652377e+04
1.722916666666666430e+01,1.446864208158286056e+04
1.725000000000000000e+01,1.446863899728452452e+04
1.727083333333333215e+01,1.446863590801246755e+04
1.729166666666666430e+01,1.446863281560769610e+04
1.731250000000000000e+01,1.446862972190991422e+04
1.733333333333333215e+01,1.446862662875643946e+04
1.735416666666666430e+01,1.446862353798086770e+04
1.737500000000000000e+01,1.446862045141186536e+04
1.739583333333333215e+01,1.446861737087208166e+04
1.741666666666666430e+01,1.446861429817683529e+04
1.743750000000000000e+01,1.446861123513289567e+04
1.745833333333333215e+01,1.446860818353748255e+04
1.747916666666666430e+01,1.446860514517681804e+04
1.750000000000000000e+01,1.446860212182518080e+04
1.752083333333333215e+01,1.446859911524354902e+04
1.754166666666666430e+01,1.446859612717874188e+04
1.756250000000000000e+01,1.446859315936194616e+04
1.758333333333333215e+01,1.446859021350771945e+04
1.760416666666666430e+01,1.446858729131298242e+04
1.762500000000000000e+01,1.446858439445571275e+04
1.764583333333333215e+01,1.446858152459392295e+04
1.766666666666666430e+01,1.446857868336469619e+04
1.768750000000000000e+01,1.446857587238285123e+04
1.770833333333333215e+01,1.446857309324013113e+04
1.772916666666666430e+01,1.446857034750402818e+04
1.775000000000000000e+01,1.446856763671672525e+04
1.777083333333333215e+01,1.446856496239418266e+04
1.779166666666666430e+01,1.446856232602510136e+04
1.781250000000000000e+01,1.446855972906988609e+04
1.783333333333333215e+01,1.446855717295980139e+04
1.785416666666666430e+01,1.446855465909594568e+04
1.787500000000000000e+01,1.446855218884830538e+04
1.789583333333333215e+01,1.446854976355497638e+04
1.791666666666666430e+01,1.446854738452119273e+04
1.793750000000000000e+01,1.446854505301847530e+04
1.795833333333333215e+01,1.446854277028396245e+04
1.797916666666666430e+01,1.446854053751918400e+04
1.800000000000000000e+01,1.446853835588982110e+04
1.802083333333333215e+01,1.446853622652461490e+04
1.804166666666666430e+01,1.446853415051462434e+04
1.806250000000000000e+01,1.446853212891266594e+04
1.808333333333333215e+01,1.446853016273255344e+04
1.810416666666666430e+01,1.446852825294840659e+04
1.812500000000000000e+01,1.446852640049405818e+04
1.814583333333333215e+01,1.446852460626247557e+04
1.816666666666666430e+01,1.446852287110505495e+04
1.818750000000000000e+01,1.446852119583133026e+04
1.820833333333333215e+01,1.446851958120809650e+04
1.822916666666666430e+01,1.446851802795926778e+04
1.825000000000000000e+01,1.446851653676515707e+04
1.827083333333333215e+01,1.446851510826222875e+04
1.829166666666666430e+01,1.446851374304249111e+04
1.831250000000000000e+01,1.446851244165336902e+04
1.833333333333333215e+01,1.446851120459717640e+04
1.835416666666666430e+01,1.446851003233081065e+04
1.837500000000000000e+01,1.446850892526564712e+04
1.839583333333333215e+01,1.446850788376706623e+04
1.841666666666666430e+01,1.446850690815443886e+04
1.843750000000000000e+01,1.446850599870074075e+04
1.845833333333333215e+01,1.446850515563262888e+04
1.847916666666666430e+01,1.446850437913007408e+04
1.850000000000000000e+01,1.446850366932649194e+04
1.852083333333333215e+01,1.446850302630850638e+04
1.854166666666666430e+01,1.446850245011611696e+04
1.856250000000000000e+01,1.446850194074251704e+04
1.858333333333333215e+01,1.446850149813427925e+04
1.860416666666666430e+01,1.446850112219132279e+04
1.862500000000000000e+01,1.446850081276712081e+04
1.864583333333333215e+01,1.446850056966871489e+04
1.866666666666666430e+01,1.446850039265706801e+04
1.868750000000000000e+01,1.446850028144707176e+04
1.870833333333333215e+01,1.446850023570794292e+04
1.872916666666666430e+01,1.446850025506333986e+04
1.875000000000000000e+01,1.446850033909185368e+04
1.877083333333333215e+01,1.446850048732716459e+04
1.879166666666666430e+01,1.446850069925847492e+04
1.881250000000000000e+01,1.446850097433099290e+04
1.883333333333333215e+01,1.446850131194616188e+04
1.885416666666666430e+01,1.446850171146238426e+04
1.887500000000000000e+01,1.446850217219525803e+04
1.889583333333333215e+01,1.446850269341821331e+04
1.891666666666666430e+01,1.446850327436309453e+04
1.893750000000000000e+01,1.446850391422069515e+04
1.895833333333333215e+01,1.446850461214135430e+04
1.897916666666666430e+01,1.446850536723570622e+04
1.900000000000000000e+01,1.446850617857512407e+04
1.902083333333333215e+01,1.446850704519268402e+04
1.904166666666666430e+01,1.446850796608368182e+04
1.906250000000000000e+01,1.446850894020653504e+04
1.908333333333333215e+01,1.446850996648344881e+04
1.910416666666666430e+01,1.446851104380126344e+04
1.912500000000000000e+01,1.446851217101227303e+04
1.914583333333333215e+01,1.446851334693522222e+04
1.916666666666666430e+01,1.446851457035596832e+04
1.918750000000000000e+01,1.446851584002848540e+04
1.920833333333333215e+01,1.446851715467582471e+04
1.922916666666666430e+01,1.446851851299108239e+04
1.925000000000000000e+01,1.446851991363831621e+04
1.927083333333333215e+01,1.446852135525352423e+04
1.929166666666666430e+01,1.446852283644573254e+04
1.931250000000000000e+01,1.446852435579807570e+04
1.933333333333333215e+01,1.446852591186874997e+04
1.935416666666666430e+01,1.446852750319209372e+04
1.937500000000000000e+01,1.446852912827979890e+04
1.939583333333333215e+01,1.446853078562200244e+04
1.941666666666666430e+01,1.446853247368823213e+04
1.943750000000000000e+01,1.446853419092886179e+04
1.945833333333333215e+01,1.446853593577603533e+04
1.947916666666666430e+01,1.446853770664498006e+04
1.950000000000000000e+01,1.446853950193515993e+04
1.952083333333333215e+01,1.446854132003150517e+04
1.954166666666666430e+01,1.446854315930552548e+04
1.956250000000000000e+01,1.446854501811671435e+04
1.958333333333333215e+01,1.446854689481378227e+04
1.960416666666666430e+01,1.446854878773571181e+04
1.962500000000000000e+01,1.446855069521325640e+04
1.964583333333333215e+01,1.446855261557010090e+04
1.966666666666666430e+01,1.446855454712417486e+04
1.968750000000000000e+01,1.446855648818890768e+04
1.970833333333333215e+01,1.446855843707458553e+04
1.972916666666666430e+01,1.446856039208961738e+04
1.975000000000000000e+01,1.446856235154186652e+04
1.977083333333333215e+01,1.446856431373993109e+04
1.979166666666666430e+01,1.446856627699440287e+04
1.981250000000000000e+01,1.446856823961940609e+04
1.983333333333333215e+01,1.446857019993358699e+04
1.985416666666666430e+01,1.446857215626174730e+04
1.987500000000000000e+01,1.446857410693590646e+04
1.989583333333333215e+01,1.446857605029678598e+04
1.991666666666666430e+01,1.446857798469498812e+04
1.993750000000000000e+01,1.446857990849236739e+04
1.995833333333333215e+01,1.446858182006332572e+04
1.997916666666666430e+01,1.446858371779617664e+04
2.000000000000000000e+01,1.446858560009413850e+04
2.002083333333333215e+01,1.446858746537689512e+04
2.004166666666666430e+01,1.446858931208171634e+04
2.006250000000000000e+01,1.446859113866465486e+04
2.008333333333333215e+01,1.446859294360186323e+04
2.010416666666666430e+01,1.446859472539064154e+04
2.012500000000000000e+01,1.446859648255070351e+04
2.014583333333333215e+01,1.446859821362523508e+04
2.016666666666666430e+01,1.446859991718203310e+04
2.018750000000000000e+01,1.446860159181452400e+04
2.020833333333333215e+01,1.446860323614288791e+04
2.022916666666666430e+01,1.446860484881481898e+04
2.025000000000000000e+01,1.446860642850666773e+04
2.027083333333333215e+01,1.446860797392411041e+04
2.029166666666666430e+01,1.446860948380320406e+04
2.031250000000000000e+01,1.446861095691082664e+04
2.033333333333333215e+01,1.446861239204551748e+04
2.035416666666666430e+01,1.446861378803806656e+04
2.037500000000000000e+01,1.446861514375202751e+04
2.039583333333333215e+01,1.446861645808410685e+04
2.041666666666666430e+01,1.446861772996453146e+04
2.043750000000000000e+01,1.446861895835732139e+04
2.045833333333333215e+01,1.446862014226048632e+04
2.047916666666666430e+01,1.446862128070615290e+04
2.050000000000000000e+01,1.446862237276047017e+04
2.052083333333333215e+01,1.446862341752370048e+04
2.054166666666666430e+01,1.446862441413007036e+04
2.056250000000000000e+01,1.446862536174751585e+04
2.058333333333333215e+01,1.446862625957772252e+04
2.060416666666666430e+01,1.446862710685569618e+04
2.062500000000000000e+01,1.446862790284961739e+04
2.064583333333333215e+01,1.446862864686077955e+04
2.066666666666666430e+01,1.446862933822332343e+04
2.068750000000000000e+01,1.446862997630433892e+04
2.070833333333333215e+01,1.446863056050381056e+04
2.072916666666666430e+01,1.446863109025481754e+04
2.075000000000000000e+01,1.446863156502392303e+04
2.077083333333333215e+01,1.446863198431169440e+04
2.079166666666666430e+01,1.446863234765325251e+04
2.081250000000000000e+01,1.446863265461926494e+04
2.083333333333333215e+01,1.446863290481700460e+04
2.085416666666666430e+01,1.446863309789145569e+04
2.087500000000000000e+01,1.446863323352678344e+04
2.089583333333333215e+01,1.446863331144794211e+04
2.091666666666666430e+01,1.446863333142209740e+04
2.093750000000000000e+01,1.446863329326052917e+04
2.095833333333333215e+01,1.446863319682021029e+04
2.097916666666666430e+01,1.446863304200560015e+04
2.100000000000000000e+01,1.446863282877013262e+04
2.102083333333333215e+01,1.446863255711770398e+04
2.104166666666666430e+01,1.446863222710402988e+04
2.106250000000000000e+01,1.446863183883775491e+04
2.108333333333333215e+01,1.446863139248115476e+04
2.110416666666666430e+01,1.446863088825083105e+04
2.112500000000000000e+01,1.446863032641789687e+04
2.114583333333333215e+01,1.446862970730810048e+04
2.116666666666666430e+01,1.446862903130141058e+04
2.118750000000000000e+01,1.446862829883162340e+04
2.120833333333333215e+01,1.446862751038541683e+04
2.122916666666666430e+01,1.446862666650156825e+04
2.125000000000000000e+01,1.446862576776967035e+04
2.127083333333333215e+01,1.446862481482903604e+04
2.129166666666666430e+01,1.446862380836723969e+04
2.131250000000000000e+01,1.446862274911877103e+04
2.133333333333333215e+01,1.446862163786365272e+04
2.135416666666666430e+01,1.446862047542602886e+04
2.137500000000000000e+01,1.446861926267277886e+04
2.139583333333333215e+01,1.446861800051230966e+04
2.141666666666666430e+01,1.446861668989315876e+04
2.143750000000000000e+01,1.446861533180296829e+04
2.145833333333333215e+01,1.446861392726728081e+04
2.147916666666666430e+01,1.446861247734840799e+04
2.150000000000000000e+01,1.446861098314443007e+04
2.152083333333333215e+01,1.446860944578829731e+04
2.154166666666666430e+01,1.446860786644673135e+04
2.156250000000000000e+01,1.446860624631929386e+04
2.158333333333333215e+01,1.446860458663750251e+04
2.160416666666666430e+01,1.446860288866384144e+04
2.162500000000000000e+01,1.446860115369071718e+04
2.164583333333333215e+01,1.446859938303971649e+04
2.166666666666666430e+01,1.446859757806034031e+04
2.168750000000000000e+01,1.446859574012929806e+04
2.170833333333333215e+01,1.446859387064933981e+04
2.172916666666666430e+01,1.446859197104829582e+04
2.175000000000000000e+01,1.446859004277821441e+04
2.177083333333333215e+01,1.446858808731416138e+04
2.179166666666666430e+01,1.446858610615326324e+04
2.181250000000000000e+01,1.446858410081394686e+04
2.183333333333333215e+01,1.446858207283458978e+04
2.185416666666666430e+01,1.446858002377280354e+04
2.187500000000000000e+01,1.446857795520425498e+04
2.189583333333333215e+01,1.446857586872184766e+04
2.191666666666666430e+01,1.446857376593448862e+04
2.193750000000000000e+01,1.446857164846632077e+04
2.195833333333333215e+01,1.446856951795548957e+04
2.197916666666666430e+01,1.446856737605322633e+04
2.200000000000000000e+01,1.446856522442274581e+04
2.202083333333333215e+01,1.446856306473822406e+04
2.204166666666666430e+01,1.446856089868369600e+04
2.206250000000000000e+01,1.446855872795185860e+04
2.208333333333333215e+01,1.446855655424308861e+04
2.210416666666666430e+01,1.446855437926432205e+04
2.212500000000000000e+01,1.446855220472777728e+04
2.214583333333333215e+01,1.446855003234996184e+04
2.216666666666666430e+01,1.446854786385042826e+04
2.218750000000000000e+01,1.446854570095068993e+04
2.220833333333333215e+01,1.446854354537289692e+04
2.222916666666666430e+01,1.446854139883893004e+04
2.225000000000000000e+01,1.446853926306907670e+04
2.227083333333333215e+01,1.446853713978069572e+04
2.229166666666666430e+01,1.446853503068752980e+04
2.231250000000000000e+01,1.446853293749804652e+04
2.233333333333333215e+01,1.446853086191455441e+04
2.235416666666666430e+01,1.446852880563200597e+04
2.237500000000000000e+01,1.446852677033680447e+04
2.239583333333333215e+01,1.446852475770555975e+04
2.241666666666666430e+01,1.446852276940413503e+04
2.243750000000000000e+01,1.446852080708634458e+04
2.245833333333333215e+01,1.446851887239281496e+04
2.247916666666666430e+01,1.446851696694993007e+04
2.250000000000000000e+01,1.446851509236865240e+04
2.252083333333333215e+01,1.446851325024326070e+04
2.254166666666666430e+01,1.446851144215046224e+04
2.256250000000000000e+01,1.446850966964801046e+04
2.258333333333333215e+01,1.446850793427388635e+04
2.260416666666666430e+01,1.446850623754495973e+04
2.262500000000000000e+01,1.446850458095599970e+04
2.264583333333333215e+01,1.446850296597860506e+04
2.266666666666666430e+01,1.446850139406018570e+04
2.268750000000000000e+01,1.446849986662279116e+04
2.270833333333333215e+01,1.446849838506221568e+04
2.272916666666666430e+01,1.446849695074688861e+04
2.275000000000000000e+01,1.446849556501693951e+04
2.277083333333333215e+01,1.446849422918328128e+04
2.279166666666666430e+01,1.446849294452643153e+04
2.281250000000000000e+01,1.446849171229580315e+04
2.283333333333333215e+01,1.446849053370862021e+04
2.285416666666666430e+01,1.446848940994912846e+04
2.287500000000000000e+01,1.446848834216763862e+04
2.289583333333333215e+01,1.446848733147964595e+04
2.291666666666666430e+01,1.446848637896506989e+04
2.293750000000000000e+01,1.446848548566740646e+04
2.295833333333333215e+01,1.446848465259282239e+04
2.297916666666666430e+01,1.446848388070952205e+04
2.300000000000000000e+01,1.446848317094696904e+04
2.302083333333333215e+01,1.446848252419504206e+04
2.304166666666666430e+01,1.446848194130352204e+04
2.306250000000000000e+01,1.446848142308120805e+04
2.308333333333333215e+01,1.446848097029547353e+04
2.310416666666666430e+01,1.446848058367152044e+04
2.312500000000000000e+01,1.446848026389179358e+04
2.314583333333333215e+01,1.446848001159547857e+04
2.316666666666666430e+01,1.446847982737785787e+04
2.318750000000000000e+01,1.446847971178993976e+04
2.320833333333333215e+01,1.446847966533782164e+04
2.322916666666666430e+01,1.446847968848240271e+04
2.325000000000000000e+01,1.446847978163885273e+04
2.327083333333333215e+01,1.446847994517625193e+04
2.329166666666666430e+01,1.446848017941725993e+04
2.331250000000000000e+01,1.446848048463771192e+04
2.333333333333333215e+01,1.446848086106642222e+04
2.335416666666666430e+01,1.446848130888486776e+04
2.337500000000000000e+01,1.446848182822697709e+04
2.339583333333333215e+01,1.446848241917883570e+04
2.341666666666666430e+01,1.446848308177862418e+04
2.343750000000000000e+01,1.446848381601651272e+04
2.345833333333333215e+01,1.446848462183436277e+04
2.347916666666666430e+01,1.446848549912594899e+04
2.350000000000000000e+01,1.446848644773656270e+04
2.352083333333333215e+01,1.446848746746335382e+04
2.354166666666666430e+01,1.446848855805513813e+04
2.356250000000000000e+01,1.446848971921256452e+04
2.358333333333333215e+01,1.446849095058814419e+04
2.360416666666666430e+01,1.446849225178633424e+04
2.362500000000000000e+01,1.446849362236388333e+04
2.364583333333333215e+01,1.446849506182988625e+04
2.366666666666666430e+01,1.446849656964594033e+04
2.368750000000000000e+01,1.446849814522660745e+04
2.370833333333333215e+01,1.446849978793954506e+04
2.372916666666666430e+01,1.446850149710586629e+04
2.375000000000000000e+01,1.446850327200062384e+04
2.377083333333333215e+01,1.446850511185290088e+04
2.379166666666666430e+01,1.446850701584662238e+04
2.381250000000000000e+01,1.446850898312066056e+04
2.383333333333333215e+01,1.446851101276954068e+04
2.385416666666666430e+01,1.446851310384392491e+04
2.387500000000000000e+01,1.446851525535100154e+04
2.389583333333333215e+01,1.446851746625529995e+04
2.391666666666666430e+01,1.446851973547914895e+04
2.393750000000000000e+01,1.446852206190333891e+04
2.395833333333333215e+01,1.446852444436784208e+04
2.397916666666666430e+01,1.446852688167245651e+04
2.400000000000000000e+01,1.446852937257747908e+04
2.402083333333333215e+01,1.446853191580466591e+04
2.404166666666666430e+01,1.446853451003781083e+04
2.406250000000000000e+01,1.446853715392361482e+04
2.408333333333333215e+01,1.446853984607261373e+04
2.410416666666666430e+01,1.446854258505984762e+04
2.412500000000000000e+01,1.446854536942595951e+04
2.414583333333333215e+01,1.446854819767797017e+04
2.416666666666666430e+01,1.446855106829032957e+04
2.418750000000000000e+01,1.446855397970574995e+04
2.420833333333333215e+01,1.446855693033625721e+04
2.422916666666666430e+01,1.446855991856424225e+04
2.425000000000000000e+01,1.446856294274340689e+04
2.427083333333333215e+01,1.446856600119986251e+04
2.429166666666666430e+01,1.446856909223321782e+04
2.431250000000000000e+01,1.446857221411765568e+04
2.433333333333333215e+01,1.446857536510295904e+04
2.435416666666666430e+01,1.446857854341574057e+04
2.437500000000000000e+01,1.446858174726057405e+04
2.439583333333333215e+01,1.446858497482114035e+04
2.441666666666666430e+01,1.446858822426139159e+04
2.443750000000000000e+01,1.446859149372676984e+04
2.445833333333333215e+01,1.446859478134527672e+04
2.447916666666666430e+01,1.446859808522899402e+04
2.450000000000000000e+01,1.446860140347494234e+04
2.452083333333333215e+01,1.446860473416661989e+04
2.454166666666666430e+01,1.446860807537508663e+04
2.456250000000000000e+01,1.446861142516025575e+04
2.458333333333333215e+01,1.446861478157214879e+04
2.460416666666666430e+01,1.446861814265229259e+04
2.462500000000000000e+01,1.446862150643479254e+04
2.464583333333333215e+01,1.446862487094779863e+04
2.466666666666666430e+01,1.446862823421462235e+04
2.468750000000000000e+01,1.446863159425524282e+04
2.470833333333333215e+01,1.446863494908737994e+04
2.472916666666666430e+01,1.446863829672794964e+04
2.475000000000000000e+01,1.446864163519428257e+04
2.477083333333333215e+01,1.446864496250544835e+04
2.479166666666666430e+01,1.446864827668348880e+04
2.481250000000000000e+01,1.446865157575484409e+04
2.483333333333333215e+01,1.446865485775146590e+04
2.485416666666666430e+01,1.446865812071226901e+04
2.487500000000000000e+01,1.446866136268421178e+04
2.489583333333333215e+01,1.446866458172382409e+04
2.491666666666666430e+01,1.446866777589820776e+04
2.493750000000000000e+01,1.446867094328657549e+04
2.495833333333333215e+01,1.446867408198113117e+04
2.497916666666666430e+01,1.446867719008873610e+04
2.500000000000000000e+01,1.446868026573187308e+04
2.502083333333333215e+01,1.446868330704993059e+04
2.504166666666666430e+01,1.446868631220047246e+04
2.506250000000000000e+01,1.446868927936044201e+04
2.508333333333333215e+01,1.446869220672736628e+04
2.510416666666666430e+01,1.446869509252057469e+04
2.512500000000000000e+01,1.446869793498234503e+04
2.514583333333333215e+01,1.446870073237921315e+04
2.516666666666666430e+01,1.446870348300315891e+04
2.518750000000000000e+01,1.446870618517269031e+04
2.520833333333333215e+01,1.446870883723423685e+04
2.522916666666666430e+01,1.446871143756329548e+04
2.525000000000000000e+01,1.446871398456565657e+04
2.527083333333333215e+01,1.446871647667865182e+04
2.529166666666666430e+01,1.446871891237251111e+04
2.531250000000000000e+01,1.446872129015156315e+04
2.533333333333333215e+01,1.446872360855570514e+04
2.535416666666666430e+01,1.446872586616166882e+04
2.537500000000000000e+01,1.446872806158437379e+04
2.539583333333333215e+01,1.446873019347848458e+04
2.541666666666666430e+01,1.446873226054002589e+04
2.543750000000000000e+01,1.446873426150753949e+04
2.545833333333333215e+01,1.446873619516404870e+04
2.547916666666666430e+01,1.446873806033844085e+04
2.550000000000000000e+01,1.446873985590716984e+04
2.552083333333333215e+01,1.446874158079601693e+04
2.554166666666666430e+01,1.446874323398166234e+04
2.556250000000000000e+01,1.446874481449350787e+04
2.558333333333333215e+01,1.446874632141514667e+04
2.560416666666666430e+01,1.446874775388621129e+04
2.562500000000000000e+01,1.446874911110367611e+04
2.564583333333333215e+01,1.446875039232345807e+04
2.566666666666666430e+01,1.446875159686163897e+04
2.568750000000000000e+01,1.446875272409562604e+04
2.570833333333333215e+01,1.446875377346491223e+04
2.572916666666666430e+01,1.446875474447190209e+04
2.575000000000000000e+01,1.446875563668198811e+04
2.577083333333333215e+01,1.446875644972390364e+04
2.579166666666666430e+01,1.446875718328910443e+04
2.581250000000000000e+01,1.446875783713123019e+04
2.583333333333333215e+01,1.446875841106508960e+04
2.585416666666666430e+01,1.446875890496509601e+04
2.587500000000000000e+01,1.446875931876377217e+04
2.589583333333333215e+01,1.446875965244946201e+04
2.591666666666666430e+01,1.446875990606426421e+04
2.593750000000000000e+01,1.446876007970140199e+04
2.595833333333333215e+01,1.446876017350269103e+04
2.597916666666666430e+01,1.446876018765589833e+04
2.600000000000000000e+01,1.446876012239210468e+04
2.602083333333333215e+01,1.446875997798315075e+04
2.604166666666666430e+01,1.446875975473941435e+04
2.606250000000000000e+01,1.446875945300767853e+04
2.608333333333333215e+01,1.446875907316928351e+04
2.610416666666666430e+01,1.446875861563885337e+04
2.612500000000000000e+01,1.446875808086304096e+04
2.614583333333333215e+01,1.446875746931998583e+04
2.616666666666666430e+01,1.446875678151875036e+04
2.618750000000000000e+01,1.446875601799950527e+04
2.620833333333333215e+01,1.446875517933368246e+04
2.622916666666666430e+01,1.446875426612432420e+04
2.625000000000000000e+01,1.446875327900694174e+04
2.627083333333333215e+01,1.446875221865020649e+04
2.629166666666666430e+01,1.446875108575665945e+04
2.631250000000000000e+01,1.446874988106371165e+04
2.633333333333333215e+01,1.446874860534432082e+04
2.635416666666666430e+01,1.446874725940747521e+04
2.637500000000000000e+01,1.446874584409909221e+04
2.639583333333333215e+01,1.446874436030209472e+04
2.641666666666666430e+01,1.446874280893676041e+04
2.643750000000000000e+01,1.446874119096090362e+04
2.645833333333333215e+01,1.446873950736963889e+04
2.647916666666666430e+01,1.446873775919536274e+04
2.650000000000000000e+01,1.446873594750734264e+04
2.652083333333333215e+01,1.446873407341126585e+04
2.654166666666666430e+01,1.446873213804906482e+04
2.656250000000000000e+01,1.446873014259796400e+04
2.658333333333333215e+01,1.446872808827020708e+04
2.660416666666666430e+01,1.446872597631235112e+04
2.662500000000000000e+01,1.446872380800457177e+04
2.664583333333333215e+01,1.446872158466007386e+04
2.666666666666666430e+01,1.446871930762442207e+04
2.668750000000000000e+01,1.446871697827472235e+04
2.670833333333333215e+01,1.446871459801900346e+04
2.672916666666666430e+01,1.446871216829530022e+04
2.675000000000000000e+01,1.446870969057098046e+04
2.677083333333333215e+01,1.446870716634187556e+04
2.679166666666666430e+01,1.446870459713115633e+04
2.681250000000000000e+01,1.446870198448871088e+04
2.683333333333333215e+01,1.446869932998991862e+04
2.685416666666666430e+01,1.446869663523468262e+04
2.687500000000000000e+01,1.446869390184648000e+04
2.689583333333333215e+01,1.446869113147103781e+04
2.691666666666666430e+01,1.446868832577541616e+04
2.693750000000000000e+01,1.446868548644666953e+04
2.695833333333333215e+01,1.446868261519088628e+04
2.697916666666666430e+01,1.446867971373188630e+04
2.700000000000000000e+01,1.446867678381008591e+04
2.702083333333333215e+01,1.446867382718135195e+04
2.704166666666666430e+01,1.446867084561572119e+04
2.706250000000000000e+01,1.446866784089644352e+04
2.708333333333333215e+01,1.446866481481853771e+04
2.710416666666666430e+01,1.446866176918781639e+04
2.712500000000000000e+01,1.446865870581962736e+04
2.714583333333333215e+01,1.446865562653776942e+04
2.716666666666666430e+01,1.446865253317311726e+04
2.718750000000000000e+01,1.446864942756259188e+04
2.720833333333333215e+01,1.446864631154796371e+04
2.722916666666666430e+01,1.446864318697457929e+04
2.725000000000000000e+01,1.446864005569016808e+04
2.727083333333333215e+01,1.446863691954366004e+04
2.729166666666666430e+01,1.446863378038393785e+04
2.731250000000000000e+01,1.446863064005863998e+04
2.733333333333333215e+01,1.446862750041291292e+04
2.735416666666666430e+01,1.446862436328810873e+04
2.737500000000000000e+01,1.446862123052082097e+04
2.739583333333333215e+01,1.446861810394136410e+04
2.741666666666666430e+01,1.446861498537268199e+04
2.743750000000000000e+01,1.446861187662926386e+04
2.745833333333333215e+01,1.446860877951576549e+04
2.747916666666666430e+01,1.446860569582593234e+04
2.750000000000000000e+01,1.446860262734144271e+04
2.752083333333333215e+01,1.446859957583063078e+04
2.754166666666666430e+01,1.446859654304740980e+04
2.756250000000000000e+01,1.446859353073018792e+04
2.758333333333333215e+01,1.446859054060066774e+04
2.760416666666666430e+01,1.446858757436266023e+04
2.762500000000000000e+01,1.446858463370109894e+04
2.764583333333333215e+01,1.446858172028089393e+04
2.766666666666666430e+01,1.446857883574577863e+04
2.768750000000000000e+01,1.446857598171741120e+04
2.770833333333333215e+01,1.446857315979405757e+04
2.772916666666666430e+01,1.446857037154971476e+04
2.775000000000000000e+01,1.446856761853314310e+04
2.777083333333333215e+01,1.446856490226665119e+04
2.779166666666666430e+01,1.446856222424519729e+04
2.781250000000000000e+01,1.446855958593543255e+04
2.783333333333333215e+01,1.446855698877479517e+04
2.785416666666666430e+01,1.446855443417033166e+04
2.787500000000000000e+01,1.446855192349807476e+04
2.789583333333333215e+01,1.446854945810189383e+04
2.791666666666666430e+01,1.446854703929282914e+04
2.793750000000000000e+01,1.446854466834804771e+04
2.795833333333333215e+01,1.446854234651022125e+04
2.797916666666666430e+01,1.446854007498644569e+04
2.800000000000000000e+01,1.446853785494767726e+04
2.802083333333333215e+01,1.446853568752801584e+04
2.804166666666666430e+01,1.446853357382364629e+04
2.806250000000000000e+01,1.446853151489255470e+04
2.808333333333333215e+01,1.446852951175345152e+04
2.810416666666666430e+01,1.446852756538540052e+04
2.812500000000000000e+01,1.446852567672706209e+04
2.814583333333333215e+01,1.446852384667606384e+04
2.816666666666666430e+01,1.446852207608850586e+04
2.818750000000000000e+01,1.446852036577829494e+04
2.820833333333333215e+01,1.446851871651675901e+04
2.822916666666666430e+01,1.446851712903210137e+04
2.825000000000000000e+01,1.446851560400881499e+04
2.827083333333333215e+01,1.446851414208748974e+04
2.829166666666666430e+01,1.446851274386417936e+04
2.831250000000000000e+01,1.446851140989020132e+04
2.833333333333333215e+01,1.446851014067167489e+04
2.835416666666666430e+01,1.446850893666919001e+04
2.837500000000000000e+01,1.446850779829776366e+04
2.839583333333333215e+01,1.446850672592623596e+04
2.841666666666666430e+01,1.446850571987738294e+04
2.843750000000000000e+01,1.446850478042750910e+04
2.845833333333333215e+01,1.446850390780638190e+04
2.847916666666666430e+01,1.446850310219713720e+04
2.850000000000000000e+01,1.446850236373608277e+04
2.852083333333333215e+01,1.446850169251280386e+04
2.854166666666666430e+01,1.446850108857005398e+04
2.856250000000000000e+01,1.446850055190364583e+04
2.858333333333333215e+01,1.446850008246274592e+04
2.860416666666666430e+01,1.446849968014976912e+04
2.862500000000000000e+01,1.446849934482047320e+04
2.864583333333333215e+01,1.446849907628423171e+04
2.866666666666666430e+01,1.446849887430406307e+04
2.868750000000000000e+01,1.446849873859700529e+04
2.870833333333333215e+01,1.446849866883404684e+04
2.872916666666666430e+01,1.446849866464082879e+04
2.875000000000000000e+01,1.446849872559760115e+04
2.877083333333333215e+01,1.446849885123963759e+04
2.879166666666666430e+01,1.446849904105773749e+04
2.881250000000000000e+01,1.446849929449837873e+04
2.883333333333333215e+01,1.446849961096448897e+04
2.885416666666666430e+01,1.446849998981544923e+04
2.887500000000000000e+01,1.446850043036805801e+04
2.889583333333333215e+01,1.446850093189673862e+04
2.891666666666666430e+01,1.446850149363420132e+04
2.893750000000000000e+01,1.446850211477200719e+04
2.895833333333333215e+01,1.446850279446117565e+04
2.897916666666666430e+01,1.446850353181281025e+04
2.900000000000000000e+01,1.446850432589889169e+04
2.902083333333333215e+01,1.446850517575274716e+04
2.904166666666666430e+01,1.446850608036997801e+04
2.906250000000000000e+01,1.446850703870911457e+04
2.908333333333333215e+01,1.446850804969236560e+04
2.910416666666666430e+01,1.446850911220662965e+04
2.912500000000000000e+01,1.446851022510396069e+04
2.914583333333333215e+01,1.446851138720280505e+04
2.916666666666666430e+01,1.446851259728873265e+04
2.918750000000000000e+01,1.446851385411514639e+04
2.920833333333333215e+01,1.446851515640465368e+04
2.922916666666666430e+01,1.446851650284959396e+04
2.925000000000000000e+01,1.446851789211323921e+04
2.927083333333333215e+01,1.446851932283075075e+04
2.929166666666666430e+01,1.446852079361019059e+04
2.931250000000000000e+01,1.446852230303362740e+04
2.933333333333333215e+01,1.446852384965800229e+04
2.935416666666666430e+01,1.446852543201648587e+04
2.937500000000000000e+01,1.446852704861936581e+04
2.939583333333333215e+01,1.446852869795530933e+04
2.941666666666666430e+01,1.446853037849228349e+04
2.943750000000000000e+01,1.446853208867901049e+04
2.945833333333333215e+01,1.446853382694594620e+04
2.947916666666666430e+01,1.446853559170641893e+04
2.950000000000000000e+01,1.446853738135798994e+04
2.952083333333333215e+01,1.446853919428346853e+04
2.954166666666666430e+01,1.446854102885238171e+04
2.956250000000000000e+01,1.446854288342197106e+04
2.958333333333333215e+01,1.446854475633860784e+04
2.960416666666666430e+01,1.446854664593894631e+04
2.962500000000000000e+01,1.446854855055122971e+04
2.964583333333333215e+01,1.446855046849664359e+04
2.966666666666666430e+01,1.446855239809041450e+04
2.968750000000000000e+01,1.446855433764329064e+04
2.970833333333333215e+01,1.446855628546276785e+04
2.972916666666666430e+01,1.446855823985434836e+04
2.975000000000000000e+01,1.446856019912289412e+04
2.977083333333333215e+01,1.446856216157398376e+04
2.979166666666666430e+01,1.446856412551513495e+04
2.981250000000000000e+01,1.446856608925720866e+04
2.983333333333333215e+01,1.446856805111567519e+04
2.985416666666666430e+01,1.446857000941190563e+04
2.987500000000000000e+01,1.446857196247455431e+04
2.989583333333333215e+01,1.446857390864087211e+04
2.991666666666666430e+01,1.446857584625791787e+04
2.993750000000000000e+01,1.446857777368392999e+04
2.995833333333333215e+01,1.446857968928966875e+04
2.997916666666666430e+01,1.446858159145967511e+04
3.000000000000000000e+01,1.446858347859342030e+04
3.002083333333333215e+01,1.446858534910672097e+04
3.004166666666666430e+01,1.446858720143294340e+04
3.006250000000000000e+01,1.446858903402424403e+04
3.008333333333333215e+01,1.446859084535266447e+04
3.010416666666666430e+01,1.446859263391152126e+04
3.012500000000000000e+01,1.446859439821643173e+04
3.014583333333333215e+01,1.446859613680640541e+04
3.016666666666666430e+01,1.446859784824503004e+04
3.018750000000000000e+01,1.446859953112146468e+04
3.020833333333333215e+01,1.446860118405163666e+04
3.022916666666666430e+01,1.446860280567893278e+04
3.025000000000000000e+01,1.446860439467519609e+04
3.027083333333333215e+01,1.446860594974174819e+04
3.029166666666666430e+01,1.446860746961006953e+04
3.031250000000000000e+01,1.446860895304254518e+04
3.033333333333333215e+01,1.446861039883306148e+04
3.035416666666666430e+01,1.446861180580775181e+04
3.037500000000000000e+01,1.446861317282539312e+04
3.039583333333333215e+01,1.446861449877784617e+04
3.041666666666666430e+01,1.446861578259042653e+04
3.043750000000000000e+01,1.446861702322211568e+04
3.045833333333333215e+01,1.446861821966584830e+04
3.047916666666666430e+01,1.446861937094841051e+04
3.050000000000000000e+01,1.446862047613069444e+04
3.052083333333333215e+01,1.446862153430744365e+04
3.054166666666666430e+01,1.446862254460720942e+04
3.056250000000000000e+01,1.446862350619217614e+04
3.058333333333333215e+01,1.446862441825809947e+04
3.060416666666666430e+01,1.446862528003384068e+04
3.062500000000000000e+01,1.446862609078135210e+04
3.064583333333333215e+01,1.446862684979552432e+04
3.066666666666666430e+01,1.446862755640390242e+04
3.068750000000000000e+01,1.446862820996687879e+04
3.070833333333333215e+01,1.446862880987756944e+04
3.072916666666666430e+01,1.446862935556209777e+04
3.075000000000000000e+01,1.446862984648002021e+04
3.077083333333333215e+01,1.446863028212477002e+04
3.079166666666666430e+01,1.446863066202441041e+04
3.081250000000000000e+01,1.446863098574251853e+04
3.083333333333333215e+01,1.446863125287921139e+04
3.085416666666666430e+01,1.446863146307260104e+04
3.087500000000000000e+01,1.446863161599998057e+04
3.089583333333333215e+01,1.446863171137967220e+04
3.091666666666666430e+01,1.446863174897242789e+04
3.093750000000000000e+01,1.446863172858328471e+04
3.095833333333333215e+01,1.446863165006328563e+04
3.097916666666666430e+01,1.446863151331120753e+04
3.100000000000000000e+01,1.446863131827508914e+04
3.102083333333333215e+01,1.446863106495374814e+04
3.104166666666666430e+01,1.446863075339806528e+04
3.106250000000000000e+01,1.446863038371211951e+04
3.108333333333333215e+01,1.446862995605393007e+04
3.110416666666666430e+01,1.446862947063592583e+04
3.112500000000000000e+01,1.446862892772530904e+04
3.114583333333333215e+01,1.446862832764396808e+04
3.116666666666666430e+01,1.446862767076812088e+04
3.118750000000000000e+01,1.446862695752786749e+04
3.120833333333333215e+01,1.446862618840624782e+04
3.122916666666666430e+01,1.446862536393821574e+04
3.125000000000000000e+01,1.446862448470967138e+04
3.127083333333333215e+01,1.446862355135600228e+04
3.129166666666666430e+01,1.446862256456082832e+04
3.131250000000000000e+01,1.446862152505458653e+04
3.133333333333333215e+01,1.446862043361297401e+04
3.135416666666666430e+01,1.446861929105589661e+04
3.137500000000000000e+01,1.446861809824573720e+04
3.139583333333333215e+01,1.446861685608636253e+04
3.141666666666666430e+01,1.446861556552170077e+04
3.143750000000000000e+01,1.446861422753461738e+04
3.145833333333333215e+01,1.446861284314584918e+04
3.147916666666666430e+01,1.446861141341288021e+04
3.150000000000000000e+01,1.446860993942893765e+04
3.152083333333333215e+01,1.446860842232202413e+04
3.154166666666666430e+01,1.446860686325396819e+04
3.156250000000000000e+01,1.446860526341940204e+04
3.158333333333333215e+01,1.446860362404496118e+04
3.160416666666666430e+01,1.446860194638812754e+04
3.162500000000000000e+01,1.446860023173654554e+04
3.164583333333333215e+01,1.446859848140684699e+04
3.166666666666666430e+01,1.446859669674370889e+04
3.168750000000000000e+01,1.446859487911897668e+04
3.170833333333333215e+01,1.446859302993069650e+04
3.172916666666666430e+01,1.446859115060189652e+04
3.175000000000000000e+01,1.446858924257985564e+04
3.177083333333333215e+01,1.446858730733499397e+04
3.179166666666666430e+01,1.446858534635979959e+04
3.181250000000000000e+01,1.446858336116807550e+04
3.183333333333333215e+01,1.446858135329360812e+04
3.185416666666666430e+01,1.446857932428960339e+04
3.187500000000000000e+01,1.446857727572724980e+04
3.189583333333333215e+01,1.446857520919501621e+04
3.191666666666666430e+01,1.446857312629757871e+04
3.193750000000000000e+01,1.446857102865477282e+04
3.195833333333333215e+01,1.446856891790056397e+04
3.197916666666666430e+01,1.446856679568207983e+04
3.200000000000000000e+01,1.446856466365848246e+04
3.202083333333332860e+01,1.446856252349995339e+04
3.204166666666666430e+01,1.446856037688656943e+04
3.206250000000000000e+01,1.446855822550719677e+04
3.208333333333332860e+01,1.446855607105843228e+04
3.210416666666666430e+01,1.446855391524347215e+04
3.212500000000000000e+01,1.446855175977091130e+04
3.214583333333332860e+01,1.446854960635355746e+04
3.216666666666666430e+01,1.446854745670751436e+04
3.218750000000000000e+01,1.446854531255074471e+04
3.220833333333332860e+01,1.446854317560204072e+04
3.222916666666666430e+01,1.446854104757989990e+04
3.225000000000000000e+01,1.446853893020124087e+04
3.227083333333332860e+01,1.446853682518033384e+04
3.229166666666666430e+01,1.446853473422762181e+04
3.231250000000000000e+01,1.446853265904856016e+04
3.233333333333332860e+01,1.446853060134237603e+04
3.235416666666666430e+01,1.446852856280101332e+04
3.237500000000000000e+01,1.446852654510795037e+04
3.239583333333332860e+01,1.446852454993701031e+04
3.241666666666666430e+01,1.446852257895120783e+04
3.243750000000000000e+01,1.446852063380161781e+04
3.245833333333332860e+01,1.446851871612627656e+04
3.247916666666666430e+01,1.446851682754889771e+04
3.250000000000000000e+01,1.446851496967783532e+04
3.252083333333332860e+01,1.446851314410502164e+04
3.254166666666666430e+01,1.446851135240465737e+04
3.256250000000000000e+01,1.446850959613216037e+04
3.258333333333332860e+01,1.446850787682316877e+04
3.260416666666666430e+01,1.446850619599234415e+04
3.262500000000000000e+01,1.446850455513225825e+04
3.264583333333332860e+01,1.446850295571241440e+04
3.266666666666666430e+01,1.446850139917809429e+04
3.268750000000000000e+01,1.446849988694941931e+04
3.270833333333332860e+01,1.446849842042015734e+04
3.272916666666666430e+01,1.446849700095692970e+04
3.275000000000000000e+01,1.446849562989802871e+04
3.277083333333332860e+01,1.446849430855249739e+04
3.279166666666666430e+01,1.446849303819926354e+04
3.281250000000000000e+01,1.446849182008604112e+04
3.283333333333332860e+01,1.446849065542847529e+04
3.285416666666666430e+01,1.446848954540929481e+04
3.287500000000000000e+01,1.446848849117728969e+04
3.289583333333332860e+01,1.446848749384664916e+04
3.291666666666666430e+01,1.446848655449582657e+04
3.293750000000000000e+01,1.446848567416705555e+04
3.295833333333332860e+01,1.446848485386531320e+04
3.297916666666666430e+01,1.446848409455757792e+04
3.300000000000000000e+01,1.446848339717217823e+04
3.302083333333332860e+01,1.446848276259795966e+04
3.304166666666666430e+01,1.446848219168368450e+04
3.306250000000000000e+01,1.446848168523722052e+04
3.308333333333332860e+01,1.446848124402506073e+04
3.310416666666666430e+01,1.446848086877151945e+04
3.312500000000000000e+01,1.446848056015831753e+04
3.314583333333332860e+01,1.446848031882389841e+04
3.316666666666666430e+01,1.446848014536285700e+04
3.318750000000000000e+01,1.446848004032560857e+04
3.320833333333332860e+01,1.446848000421767210e+04
3.322916666666666430e+01,1.446848003749951386e+04
3.325000000000000000e+01,1.446848014058582339e+04
3.327083333333332860e+01,1.446848031384529531e+04
3.329166666666666430e+01,1.446848055760025818e+04
3.331250000000000000e+01,1.446848087212629252e+04
3.333333333333332860e+01,1.446848125765200530e+04
3.335416666666666430e+01,1.446848171435860786e+04
3.337500000000000000e+01,1.446848224237997056e+04
3.339583333333332860e+01,1.446848284180216433e+04
3.341666666666666430e+01,1.446848351266336249e+04
3.343750000000000000e+01,1.446848425495369520e+04
3.345833333333332860e+01,1.446848506861523492e+04
3.347916666666666430e+01,1.446848595354178178e+04
3.350000000000000000e+01,1.446848690957897634e+04
3.352083333333332860e+01,1.446848793652409586e+04
3.354166666666666430e+01,1.446848903412637810e+04
3.356250000000000000e+01,1.446849020208670117e+04
3.358333333333332860e+01,1.446849144005807830e+04
3.360416666666666430e+01,1.446849274764538859e+04
3.362500000000000000e+01,1.446849412440589367e+04
3.364583333333332860e+01,1.446849556984924857e+04
3.366666666666666430e+01,1.446849708343768725e+04
3.368750000000000000e+01,1.446849866458639008e+04
3.370833333333332860e+01,1.446850031266371661e+04
3.372916666666666430e+01,1.446850202699158399e+04
3.375000000000000000e+01,1.446850380684574702e+04
3.377083333333332860e+01,1.446850565145619112e+04
3.379166666666666430e+01,1.446850756000770707e+04
3.381250000000000000e+01,1.446850953164014936e+04
3.383333333333332860e+01,1.446851156544898913e+04
3.385416666666666430e+01,1.446851366048590717e+04
3.387500000000000000e+01,1.446851581575918681e+04
3.389583333333332860e+01,1.446851803023444518e+04
3.391666666666666430e+01,1.446852030283516797e+04
3.393750000000000000e+01,1.446852263244333517e+04
3.395833333333332860e+01,1.446852501790019232e+04
3.397916666666666430e+01,1.446852745800676348e+04
3.400000000000000000e+01,1.446852995152470612e+04
3.402083333333332860e+01,1.446853249717709332e+04
3.404166666666666430e+01,1.446853509364919228e+04
3.406250000000000000e+01,1.446853773958909005e+04
3.408333333333332860e+01,1.446854043360870855e+04
3.410416666666666430e+01,1.446854317428473223e+04
3.412500000000000000e+01,1.446854596015929565e+04
3.414583333333332860e+01,1.446854878974102030e+04
3.416666666666666430e+01,1.446855166150592049e+04
3.418750000000000000e+01,1.446855457389836374e+04
3.420833333333332860e+01,1.446855752533213308e+04
3.422916666666666430e+01,1.446856051419125288e+04
3.425000000000000000e+01,1.446856353883120391e+04
3.427083333333332860e+01,1.446856659757985108e+04
3.429166666666666430e+01,1.446856968873861842e+04
3.431250000000000000e+01,1.446857281058350782e+04
3.433333333333332860e+01,1.446857596136618304e+04
3.435416666666666430e+01,1.446857913931516669e+04
3.437500000000000000e+01,1.446858234263692793e+04
3.439583333333332860e+01,1.446858556951702121e+04
3.441666666666666430e+01,1.446858881812145046e+04
3.443750000000000000e+01,1.446859208659758951e+04
3.445833333333332860e+01,1.446859537307551727e+04
3.447916666666666430e+01,1.446859867566923276e+04
3.450000000000000000e+01,1.446860199247795026e+04
3.452083333333332860e+01,1.446860532158715796e+04
3.454166666666666430e+01,1.446860866106996400e+04
3.456250000000000000e+01,1.446861200898849347e+04
3.458333333333332860e+01,1.446861536339487429e+04
3.460416666666666430e+01,1.446861872233274335e+04
3.462500000000000000e+01,1.446862208383838515e+04
3.464583333333332860e+01,1.446862544594211795e+04
3.466666666666666430e+01,1.446862880666949786e+04
3.468750000000000000e+01,1.446863216404264676e+04
3.470833333333332860e+01,1.446863551608157286e+04
3.472916666666666430e+01,1.446863886080538214e+04
3.475000000000000000e+01,1.446864219623370082e+04
3.477083333333332860e+01,1.446864552038784313e+04
3.479166666666666430e+01,1.446864883129222289e+04
3.481250000000000000e+01,1.446865212697550305e+04
3.483333333333332860e+01,1.446865540547194178e+04
3.485416666666666430e+01,1.446865866482290585e+04
3.487500000000000000e+01,1.446866190307767101e+04
3.489583333333332860e+01,1.446866511829511364e+04
3.491666666666666430e+01,1.446866830854485306e+04
3.493750000000000000e+01,1.446867147190846299e+04
3.495833333333332860e+01,1.446867460648072301e+04
3.497916666666666430e+01,1.446867771037099374e+04
3.500000000000000000e+01,1.446868078170425360e+04
3.502083333333332860e+01,1.446868381862263777e+04
3.504166666666666430e+01,1.446868681928631486e+04
3.506250000000000000e+01,1.446868978187504399e+04
3.508333333333332860e+01,1.446869270458906249e+04
3.510416666666666430e+01,1.446869558565069747e+04
3.512500000000000000e+01,1.446869842330523170e+04
3.514583333333332860e+01,1.446870121582227148e+04
3.516666666666666430e+01,1.446870396149701992e+04
3.518750000000000000e+01,1.446870665865137926e+04
3.520833333333332860e+01,1.446870930563528600e+04
3.522916666666666430e+01,1.446871190082783141e+04
3.525000000000000000e+01,1.446871444263867670e+04
3.527083333333332860e+01,1.446871692950917350e+04
3.529166666666666430e+01,1.446871935991376085e+04
3.531250000000000000e+01,1.446872173236121307e+04
3.533333333333332860e+01,1.446872404539601121e+04
3.535416666666666430e+01,1.446872629759980191e+04
3.537500000000000000e+01,1.446872848759260160e+04
3.539583333333332860e+01,1.446873061403445536e+04
3.541666666666666430e+01,1.446873267562682668e+04
3.543750000000000000e+01,1.446873467111410355e+04
3.545833333333332860e+01,1.446873659928518464e+04
3.547916666666666430e+01,1.446873845897517094e+04
3.550000000000000000e+01,1.446874024906666818e+04
3.552083333333332860e+01,1.446874196849183863e+04
3.554166666666666430e+01,1.446874361623367440e+04
3.556250000000000000e+01,1.446874519132778369e+04
3.558333333333332860e+01,1.446874669286399512e+04
3.560416666666666430e+01,1.446874811998775840e+04
3.562500000000000000e+01,1.446874947190168314e+04
3.564583333333332860e+01,1.446875074786683399e+04
3.566666666666666430e+01,1.446875194720381842e+04
3.568750000000000000e+01,1.446875306929405633e+04
3.570833333333332860e+01,1.446875411358014389e+04
3.572916666666666430e+01,1.446875507956678121e+04
3.575000000000000000e+01,1.446875596682080868e+04
3.577083333333332860e+01,1.446875677497105062e+04
3.579166666666666430e+01,1.446875750370837704e+04
3.581250000000000000e+01,1.446875815278437949e+04
3.583333333333332860e+01,1.446875872201095262e+04
3.585416666666666430e+01,1.446875921125851892e+04
3.587500000000000000e+01,1.446875962045447159e+04
3.589583333333332860e+01,1.446875994958137380e+04
3.591666666666666430e+01,1.446876019867465584e+04
3.593750000000000000e+01,1.446876036782036317e+04
3.595833333333332860e+01,1.446876045715280998e+04
3.597916666666666430e+01,1.446876046685200708e+04
3.600000000000000000e+01,1.446876039714141007e+04
3.602083333333332860e+01,1.446876024828550362e+04
3.604166666666666430e+01,1.446876002058769882e+04
3.606250000000000000e+01,1.446875971438845590e+04
3.608333333333332860e+01,1.446875933006366540e+04
3.610416666666666430e+01,1.446875886802328750e+04
3.612500000000000000e+01,1.446875832871038801e+04
3.614583333333332860e+01,1.446875771260047622e+04
3.616666666666666430e+01,1.446875702020113022e+04
3.618750000000000000e+01,1.446875625205183314e+04
3.620833333333332860e+01,1.446875540872440615e+04
3.622916666666666430e+01,1.446875449082308842e+04
3.625000000000000000e+01,1.446875349898529748e+04
3.627083333333332860e+01,1.446875243388219315e+04
3.629166666666666430e+01,1.446875129621930682e+04
3.631250000000000000e+01,1.446875008673732373e+04
3.633333333333332860e+01,1.446874880621269767e+04
3.635416666666666430e+01,1.446874745545816768e+04
3.637500000000000000e+01,1.446874603532317997e+04
3.639583333333332860e+01,1.446874454669429542e+04
3.641666666666666430e+01,1.446874299049535330e+04
3.643750000000000000e+01,1.446874136768749668e+04
3.645833333333332860e+01,1.446873967926907790e+04
3.647916666666666430e+01,1.446873792627553485e+04
3.650000000000000000e+01,1.446873610977902717e+04
3.652083333333332860e+01,1.446873423088810887e+04
3.654166666666666430e+01,1.446873229074718256e+04
3.656250000000000000e+01,1.446873029053609571e+04
3.658333333333332860e+01,1.446872823146948940e+04
3.660416666666666430e+01,1.446872611479624902e+04
3.662500000000000000e+01,1.446872394179878393e+04
3.664583333333332860e+01,1.446872171379253268e+04
3.666666666666666430e+01,1.446871943212505357e+04
3.668750000000000000e+01,1.446871709817555529e+04
3.670833333333332860e+01,1.446871471335395108e+04
3.672916666666666430e+01,1.446871227910007292e+04
3.675000000000000000e+01,1.446870979688307852e+04
3.677083333333332860e+01,1.446870726820032723e+04
3.679166666666666430e+01,1.446870469457656873e+04
3.681250000000000000e+01,1.446870207756305899e+04
3.683333333333332860e+01,1.446869941873644711e+04
3.685416666666666430e+01,1.446869671969792034e+04
3.687500000000000000e+01,1.446869398207191989e+04
3.689583333333332860e+01,1.446869120750527145e+04
3.691666666666666430e+01,1.446868839766592646e+04
3.693750000000000000e+01,1.446868555424179794e+04
3.695833333333332860e+01,1.446868267893982556e+04
3.697916666666666430e+01,1.446867977348458226e+04
3.700000000000000000e+01,1.446867683961727016e+04
3.702083333333332860e+01,1.446867387909440731e+04
3.704166666666666430e+01,1.446867089368676898e+04
3.706250000000000000e+01,1.446866788517821260e+04
3.708333333333332860e+01,1.446866485536450273e+04
3.710416666666666430e+01,1.446866180605206318e+04
3.712500000000000000e+01,1.446865873905679837e+04
3.714583333333332860e+01,1.446865565620307098e+04
3.716666666666666430e+01,1.446865255932235959e+04
3.718750000000000000e+01,1.446864945025213456e+04
3.720833333333332860e+01,1.446864633083464287e+04
3.722916666666666430e+01,1.446864320291564945e+04
3.725000000000000000e+01,1.446864006834338943e+04
3.727083333333332860e+01,1.446863692896714929e+04
3.729166666666666430e+01,1.446863378663623371e+04
3.731250000000000000e+01,1.446863064319852492e+04
3.733333333333332860e+01,1.446862750049958413e+04
3.735416666666666430e+01,1.446862436038109445e+04
3.737500000000000000e+01,1.446862122467976587e+04
3.739583333333332860e+01,1.446861809522630574e+04
3.741666666666666430e+01,1.446861497384384347e+04
3.743750000000000000e+01,1.446861186234706111e+04
3.745833333333332860e+01,1.446860876254089089e+04
3.747916666666666430e+01,1.446860567621920927e+04
3.750000000000000000e+01,1.446860260516386916e+04
3.752083333333332860e+01,1.446859955114338663e+04
3.754166666666666430e+01,1.446859651591183501e+04
3.756250000000000000e+01,1.446859350120774252e+04
3.758333333333332860e+01,1.446859050875287357e+04
3.760416666666666430e+01,1.446858754025116650e+04
3.762500000000000000e+01,1.446858459738765305e+04
3.764583333333332860e+01,1.446858168182724694e+04
3.766666666666666430e+01,1.446857879521374707e+04
3.768750000000000000e+01,1.446857593916872429e+04
3.770833333333332860e+01,1.446857311529051731e+04
3.772916666666666430e+01,1.446857032515312676e+04
3.775000000000000000e+01,1.446856757030518929e+04
3.777083333333332860e+01,1.446856485226890436e+04
3.779166666666666430e+01,1.446856217253924842e+04
3.781250000000000000e+01,1.446855953258273803e+04
3.783333333333332860e+01,1.446855693383659309e+04
3.785416666666666430e+01,1.446855437770775097e+04
3.787500000000000000e+01,1.446855186557213892e+04
3.789583333333332860e+01,1.446854939877340439e+04
3.791666666666666430e+01,1.446854697862240209e+04
3.793750000000000000e+01,1.446854460639611716e+04
3.795833333333332860e+01,1.446854228333689025e+04
3.797916666666666430e+01,1.446854001065167904e+04
3.800000000000000000e+01,1.446853778951117056e+04
3.802083333333332860e+01,1.446853562104907542e+04
3.804166666666666430e+01,1.446853350636138566e+04
3.806250000000000000e+01,1.446853144650568720e+04
3.808333333333332860e+01,1.446852944250045766e+04
3.810416666666666430e+01,1.446852749532429152e+04
3.812500000000000000e+01,1.446852560591553993e+04
3.814583333333332860e+01,1.446852377517140849e+04
3.816666666666666430e+01,1.446852200394761530e+04
3.818750000000000000e+01,1.446852029305760152e+04
3.820833333333332860e+01,1.446851864327227304e+04
3.822916666666666430e+01,1.446851705531933840e+04
3.825000000000000000e+01,1.446851552988290496e+04
3.827083333333332860e+01,1.446851406760302052e+04
3.829166666666666430e+01,1.446851266907514582e+04
3.831250000000000000e+01,1.446851133485014361e+04
3.833333333333332860e+01,1.446851006543354379e+04
3.835416666666666430e+01,1.446850886128551065e+04
3.837500000000000000e+01,1.446850772282028629e+04
3.839583333333332860e+01,1.446850665040627064e+04
3.841666666666666430e+01,1.446850564436552304e+04
3.843750000000000000e+01,1.446850470497379501e+04
3.845833333333332860e+01,1.446850383246020283e+04
3.847916666666666430e+01,1.446850302700717293e+04
3.850000000000000000e+01,1.446850228875043103e+04
3.852083333333332860e+01,1.446850161777883113e+04
3.854166666666666430e+01,1.446850101413441007e+04
3.856250000000000000e+01,1.446850047781228932e+04
3.858333333333332860e+01,1.446850000876090417e+04
3.860416666666666430e+01,1.446849960688188366e+04
3.862500000000000000e+01,1.446849927203025436e+04
3.864583333333332860e+01,1.446849900401460764e+04
3.866666666666666430e+01,1.446849880259720885e+04
3.868750000000000000e+01,1.446849866749418288e+04
3.870833333333332860e+01,1.446849859837587792e+04
3.872916666666666430e+01,1.446849859486699643e+04
3.875000000000000000e+01,1.446849865654690802e+04
3.877083333333332860e+01,1.446849878295010785e+04
3.879166666666666430e+01,1.446849897356651854e+04
3.881250000000000000e+01,1.446849922784173032e+04
3.883333333333332860e+01,1.446849954517772858e+04
3.885416666666666430e+01,1.446849992493307946e+04
3.887500000000000000e+01,1.446850036642358828e+04
3.889583333333332860e+01,1.446850086892281251e+04
3.891666666666666430e+01,1.446850143166245834e+04
3.893750000000000000e+01,1.446850205383315188e+04
3.895833333333332860e+01,1.446850273458498850e+04
3.897916666666666430e+01,1.446850347302809678e+04
3.900000000000000000e+01,1.446850426823340604e+04
3.902083333333332860e+01,1.446850511923333397e+04
3.904166666666666430e+01,1.446850602502239781e+04
3.906250000000000000e+01,1.446850698455814563e+04
3.908333333333332860e+01,1.446850799676178576e+04
3.910416666666666430e+01,1.446850906051909988e+04
3.912500000000000000e+01,1.446851017468118152e+04
3.914583333333332860e+01,1.446851133806542202e+04
3.916666666666666430e+01,1.446851254945621986e+04
3.918750000000000000e+01,1.446851380760608663e+04
3.920833333333332860e+01,1.446851511123636374e+04
3.922916666666666430e+01,1.446851645903836834e+04
3.925000000000000000e+01,1.446851784967424828e+04
3.927083333333332860e+01,1.446851928177812079e+04
3.929166666666666430e+01,1.446852075395686188e+04
3.931250000000000000e+01,1.446852226479144520e+04
3.933333333333332860e+01,1.446852381283765499e+04
3.935416666666666430e+01,1.446852539662749405e+04
3.937500000000000000e+01,1.446852701467016595e+04
3.939583333333332860e+01,1.446852866545311917e+04
3.941666666666666430e+01,1.446853034744321849e+04
3.943750000000000000e+01,1.446853205908793097e+04
3.945833333333332860e+01,1.446853379881653382e+04
3.947916666666666430e+01,1.446853556504119842e+04
3.950000000000000000e+01,1.446853735615824917e+04
3.952083333333332860e+01,1.446853917054933845e+04
3.954166666666666430e+01,1.446854100658275274e+04
3.956250000000000000e+01,1.446854286261456946e+04
3.958333333333332860e+01,1.446854473698980291e+04
3.960416666666666430e+01,1.446854662804400141e+04
3.962500000000000000e+01,1.446854853410414580e+04
3.964583333333332860e+01,1.446855045349013380e+04
3.966666666666666430e+01,1.446855238451597324e+04
3.968750000000000000e+01,1.446855432549118632e+04
3.970833333333332860e+01,1.446855627472197739e+04
3.972916666666666430e+01,1.446855823051265179e+04
3.975000000000000000e+01,1.446856019116679454e+04
3.977083333333332860e+01,1.446856215498874008e+04
3.979166666666666430e+01,1.446856412028479826e+04
3.981250000000000000e+01,1.446856608536455678e+04
3.983333333333332860e+01,1.446856804854225993e+04
3.985416666666666430e+01,1.446857000813804916e+04
3.987500000000000000e+01,1.446857196247945467e+04
3.989583333333332860e+01,1.446857390990246131e+04
3.991666666666666430e+01,1.446857584875298562e+04
3.993750000000000000e+01,1.446857777738818913e+04
3.995833333333332860e+01,1.446857969417770801e+04
3.997916666666666430e+01,1.446858159750497362e+04
4.000000000000000000e+01,1.446858348576848221e+04
4.002083333333332860e+01,1.446858535738309365e+04
4.004166666666666430e+01,1.446858721078128656e+04
4.006250000000000000e+01,1.446858904441432969e+04
4.008333333333332860e+01,1.446859085675356982e+04
4.010416666666666430e+01,1.446859264629163226e+04
4.012500000000000000e+01,1.446859441154351953e+04
4.014583333333332860e+01,1.446859615104787372e+04
4.016666666666666430e+01,1.446859786336788966e+04
4.018750000000000000e+01,1.446859954709263548e+04
4.020833333333332860e+01,1.446860120083786023e+04
4.022916666666666430e+01,1.446860282324714717e+04
4.025000000000000000e+01,1.446860441299265221e+04
4.027083333333332860e+01,1.446860596877619901e+04
4.029166666666666430e+01,1.446860748932994829e+04
4.031250000000000000e+01,1.446860897341722011e+04
4.033333333333332860e+01,1.446861041983300311e+04
4.035416666666666430e+01,1.446861182740486765e+04
4.037500000000000000e+01,1.446861319499314413e+04
4.039583333333332860e+01,1.446861452149156685e+04
4.041666666666666430e+01,1.446861580582748138e+04
4.043750000000000000e+01,1.446861704696220841e+04
4.045833333333332860e+01,1.446861824389112735e+04
4.047916666666666430e+01,1.446861939564376007e+04
4.050000000000000000e+01,1.446862050128370902e+04
4.052083333333332860e+01,1.446862155990875544e+04
4.054166666666666430e+01,1.446862257065037193e+04
4.056250000000000000e+01,1.446862353267387152e+04
4.058333333333332860e+01,1.446862444517774202e+04
4.060416666666666430e+01,1.446862530739386784e+04
4.062500000000000000e+01,1.446862611858668242e+04
4.064583333333332860e+01,1.446862687805348469e+04
4.066666666666666430e+01,1.446862758512380969e+04
4.068750000000000000e+01,1.446862823915954505e+04
4.070833333333332860e+01,1.446862883955482539e+04
4.072916666666666430e+01,1.446862938573628708e+04
4.075000000000000000e+01,1.446862987716325733e+04
4.077083333333332860e+01,1.446863031332827086e+04
4.079166666666666430e+01,1.446863069375775740e+04
4.081250000000000000e+01,1.446863101801297671e+04
4.083333333333332860e+01,1.446863128569109904e+04
4.085416666666666430e+01,1.446863149642644566e+04
4.087500000000000000e+01,1.446863164989208963e+04
4.089583333333332860e+01,1.446863174580148916e+04
4.091666666666666430e+01,1.446863178391022302e+04
4.093750000000000000e+01,1.446863176401774399e+04
4.095833333333332860e+01,1.446863168596945616e+04
4.097916666666666430e+01,1.446863154965853755e+04
4.100000000000000000e+01,1.446863135502739169e+04
4.102083333333332860e+01,1.446863110206966303e+04
4.104166666666666430e+01,1.446863079083135017e+04
4.106250000000000000e+01,1.446863042141227197e+04
4.108333333333332860e+01,1.446862999396665327e+04
4.110416666666666430e+01,1.446862950870396526e+04
4.112500000000000000e+01,1.446862896588912918e+04
4.114583333333332860e+01,1.446862836584252000e+04
4.116666666666666430e+01,1.446862770893963898e+04
4.118750000000000000e+01,1.446862699561041882e+04
4.120833333333332860e+01,1.446862622633851424e+04
4.122916666666666430e+01,1.446862540166011968e+04
4.125000000000000000e+01,1.446862452216267775e+04
4.127083333333332860e+01,1.446862358848369331e+04
4.129166666666666430e+01,1.446862260130914001e+04
4.131250000000000000e+01,1.446862156137201237e+04
4.133333333333332860e+01,1.446862046945077600e+04
4.135416666666666430e+01,1.446861932636795245e+04
4.137500000000000000e+01,1.446861813298882043e+04
4.139583333333332860e+01,1.446861689021984785e+04
4.141666666666666430e+01,1.446861559900755310e+04
4.143750000000000000e+01,1.446861426033722455e+04
4.145833333333332860e+01,1.446861287523192368e+04
4.147916666666666430e+01,1.446861144475128094e+04
4.150000000000000000e+01,1.446860996999052441e+04
4.152083333333332860e+01,1.446860845207954117e+04
4.154166666666666430e+01,1.446860689218188418e+04
4.156250000000000000e+01,1.446860529149384456e+04
4.158333333333332860e+01,1.446860365124346936e+04
4.160416666666666430e+01,1.446860197268980482e+04
4.162500000000000000e+01,1.446860025712176139e+04
4.164583333333332860e+01,1.446859850585722961e+04
4.166666666666666430e+01,1.446859672024209431e+04
4.168750000000000000e+01,1.446859490164927774e+04
4.170833333333332860e+01,1.446859305147777195e+04
4.172916666666666430e+01,1.446859117115156914e+04
4.175000000000000000e+01,1.446858926211880680e+04
4.177083333333332860e+01,1.446858732585062535e+04
4.179166666666666430e+01,1.446858536384022591e+04
4.181250000000000000e+01,1.446858337760196082e+04
4.183333333333332860e+01,1.446858136867022404e+04
4.185416666666666430e+01,1.446857933859855257e+04
4.187500000000000000e+01,1.446857728895856417e+04
4.189583333333332860e+01,1.446857522133909515e+04
4.191666666666666430e+01,1.446857313734505806e+04
4.193750000000000000e+01,1.446857103859651033e+04
4.195833333333332860e+01,1.446856892672771210e+04
4.197916666666666430e+01,1.446856680338594379e+04
4.200000000000000000e+01,1.446856467023055666e+04
4.202083333333332860e+01,1.446856252893183773e+04
4.204166666666666430e+01,1.446856038117013668e+04
4.206250000000000000e+01,1.446855822863442518e+04
4.208333333333332860e+01,1.446855607302148928e+04
4.210416666666666430e+01,1.446855391603463431e+04
4.212500000000000000e+01,1.446855175938262619e+04
4.214583333333332860e+01,1.446854960477850545e+04
4.216666666666666430e+01,1.446854745393841949e+04
4.218750000000000000e+01,1.446854530858052749e+04
4.220833333333332860e+01,1.446854317042380353e+04
4.222916666666666430e+01,1.446854104118678515e+04
4.225000000000000000e+01,1.446853892258663109e+04
4.227083333333332860e+01,1.446853681633768792e+04
4.229166666666666430e+01,1.446853472415055876e+04
4.231250000000000000e+01,1.446853264773074625e+04
4.233333333333332860e+01,1.446853058877764852e+04
4.235416666666666430e+01,1.446852854898337682e+04
4.237500000000000000e+01,1.446852653003149317e+04
4.239583333333332860e+01,1.446852453359594438e+04
4.241666666666666430e+01,1.446852256133993797e+04
4.243750000000000000e+01,1.446852061491461791e+04
4.245833333333332860e+01,1.446851869595822063e+04
4.247916666666666430e+01,1.446851680609463074e+04
4.250000000000000000e+01,1.446851494693235509e+04
4.252083333333332860e+01,1.446851312006347871e+04
4.254166666666666430e+01,1.446851132706238786e+04
4.256250000000000000e+01,1.446850956948473322e+04
4.258333333333332860e+01,1.446850784886633483e+04
4.260416666666666430e+01,1.446850616672201795e+04
4.262500000000000000e+01,1.446850452454458718e+04
4.264583333333332860e+01,1.446850292380372048e+04
4.266666666666666430e+01,1.446850136594492506e+04
4.268750000000000000e+01,1.446849985238855515e+04
4.270833333333332860e+01,1.446849838452858239e+04
4.272916666666666430e+01,1.446849696373184270e+04
4.275000000000000000e+01,1.446849559133686853e+04
4.277083333333332860e+01,1.446849426865292844e+04
4.279166666666666430e+01,1.446849299695918307e+04
4.281250000000000000e+01,1.446849177750356830e+04
4.283333333333332860e+01,1.446849061150199850e+04
4.285416666666666430e+01,1.446848950013742069e+04
4.287500000000000000e+01,1.446848844455893777e+04
4.289583333333332860e+01,1.446848744588089176e+04
4.291666666666666430e+01,1.446848650518217255e+04
4.293750000000000000e+01,1.446848562350514112e+04
4.295833333333332860e+01,1.446848480185506924e+04
4.297916666666666430e+01,1.446848404119925908e+04
4.300000000000000000e+01,1.446848334246630475e+04
4.302083333333332860e+01,1.446848270654535372e+04
4.304166666666666430e+01,1.446848213428546660e+04
4.306250000000000000e+01,1.446848162649478763e+04
4.308333333333332860e+01,1.446848118394006451e+04
4.310416666666666430e+01,1.446848080734601172e+04
4.312500000000000000e+01,1.446848049739457929e+04
4.314583333333332860e+01,1.446848025472453082e+04
4.316666666666666430e+01,1.446848007993083593e+04
4.318750000000000000e+01,1.446847997356418637e+04
4.320833333333332860e+01,1.446847993613041763e+04
4.322916666666666430e+01,1.446847996809030155e+04
4.325000000000000000e+01,1.446848006985888787e+04
4.327083333333332860e+01,1.446848024180515131e+04
4.329166666666666430e+01,1.446848048425181696e+04
4.331250000000000000e+01,1.446848079747475640e+04
4.333333333333332860e+01,1.446848118170291491e+04
4.335416666666666430e+01,1.446848163711791130e+04
4.337500000000000000e+01,1.446848216385386695e+04
4.339583333333332860e+01,1.446848276199724933e+04
4.341666666666666430e+01,1.446848343158655916e+04
4.343750000000000000e+01,1.446848417261231225e+04
4.345833333333332860e+01,1.446848498501690119e+04
4.347916666666666430e+01,1.446848586869447172e+04
4.350000000000000000e+01,1.446848682349104638e+04
4.352083333333332860e+01,1.446848784920429171e+04
4.354166666666666430e+01,1.446848894558373286e+04
4.356250000000000000e+01,1.446849011233065903e+04
4.358333333333332860e+01,1.446849134909838176e+04
4.360416666666666430e+01,1.446849265549224219e+04
4.362500000000000000e+01,1.446849403106985483e+04
4.364583333333332860e+01,1.446849547534111116e+04
4.366666666666666430e+01,1.446849698776871810e+04
4.368750000000000000e+01,1.446849856776822708e+04
4.370833333333332860e+01,1.446850021470831780e+04
4.372916666666666430e+01,1.446850192791128575e+04
4.375000000000000000e+01,1.446850370665324226e+04
4.377083333333332860e+01,1.446850555016460930e+04
4.379166666666666430e+01,1.446850745763046871e+04
4.381250000000000000e+01,1.446850942819105694e+04
4.383333333333332860e+01,1.446851146094222713e+04
4.385416666666666430e+01,1.446851355493597657e+04
4.387500000000000000e+01,1.446851570918099242e+04
4.389583333333332860e+01,1.446851792264327742e+04
4.391666666666666430e+01,1.446852019424662649e+04
4.393750000000000000e+01,1.446852252287341253e+04
4.395833333333332860e+01,1.446852490736517575e+04
4.397916666666666430e+01,1.446852734652339132e+04
4.400000000000000000e+01,1.446852983911004776e+04
4.402083333333332860e+01,1.446853238384854194e+04
4.404166666666666430e+01,1.446853497942439571e+04
4.406250000000000000e+01,1.446853762448616908e+04
4.408333333333332860e+01,1.446854031764613683e+04
4.410416666666666430e+01,1.446854305748122715e+04
4.412500000000000000e+01,1.446854584253398934e+04
4.414583333333332860e+01,1.446854867131331412e+04
4.416666666666666430e+01,1.446855154229557229e+04
4.418750000000000000e+01,1.446855445392549518e+04
4.420833333333332860e+01,1.446855740461708410e+04
4.422916666666666430e+01,1.446856039275474541e+04
4.425000000000000000e+01,1.446856341669425819e+04
4.427083333333332860e+01,1.446856647476382204e+04
4.429166666666666430e+01,1.446856956526512658e+04
4.431250000000000000e+01,1.446857268647447199e+04
4.433333333333332860e+01,1.446857583664377671e+04
4.435416666666666430e+01,1.446857901400187620e+04
4.437500000000000000e+01,1.446858221675550885e+04
4.439583333333332860e+01,1.446858544309058198e+04
4.441666666666666430e+01,1.446858869117320864e+04
4.443750000000000000e+01,1.446859195915109740e+04
4.445833333333332860e+01,1.446859524515458179e+04
4.447916666666666430e+01,1.446859854729791914e+04
4.450000000000000000e+01,1.446860186368052018e+04
4.452083333333332860e+01,1.446860519238809138e+04
4.454166666666666430e+01,1.446860853149404647e+04
4.456250000000000000e+01,1.446861187906058331e+04
4.458333333333332860e+01,1.446861523314018632e+04
4.460416666666666430e+01,1.446861859177656879e+04
4.462500000000000000e+01,1.446862195300625899e+04
4.464583333333332860e+01,1.446862531485977888e+04
4.466666666666666430e+01,1.446862867536280464e+04
4.468750000000000000e+01,1.446863203253769461e+04
4.470833333333332860e+01,1.446863538440460616e+04
4.472916666666666430e+01,1.446863872898276531e+04
4.475000000000000000e+01,1.446864206429202750e+04
4.477083333333332860e+01,1.446864538835378698e+04
4.479166666666666430e+01,1.446864869919261400e+04
4.481250000000000000e+01,1.446865199483735705e+04
4.483333333333332860e+01,1.446865527332242345e+04
4.485416666666666430e+01,1.446865853268923820e+04
4.487500000000000000e+01,1.446866177098733169e+04
4.489583333333332860e+01,1.446866498627572582e+04
4.491666666666666430e+01,1.446866817662419271e+04
4.493750000000000000e+01,1.446867134011442613e+04
4.495833333333332860e+01,1.446867447484142394e+04
4.497916666666666430e+01,1.446867757891479414e+04
4.500000000000000000e+01,1.446868065045972253e+04
4.502083333333332860e+01,1.446868368761856618e+04
4.504166666666666430e+01,1.446868668855180294e+04
4.506250000000000000e+01,1.446868965143945388e+04
4.508333333333332860e+01,1.446869257448224016e+04
4.510416666666666430e+01,1.446869545590273628e+04
4.512500000000000000e+01,1.446869829394677072e+04
4.514583333333332860e+01,1.446870108688442997e+04
4.516666666666666430e+01,1.446870383301155016e+04
4.518750000000000000e+01,1.446870653065066654e+04
4.520833333333332860e+01,1.446870917815239955e+04
4.522916666666666430e+01,1.446871177389674631e+04
4.525000000000000000e+01,1.446871431629424842e+04
4.527083333333332860e+01,1.446871680378730889e+04
4.529166666666666430e+01,1.446871923485145453e+04
4.531250000000000000e+01,1.446872160799677295e+04
4.533333333333332860e+01,1.446872392176911671e+04
4.535416666666666430e+01,1.446872617475152219e+04
4.537500000000000000e+01,1.446872836556567199e+04
4.539583333333332860e+01,1.446873049287324829e+04
4.541666666666666430e+01,1.446873255537759906e+04
4.543750000000000000e+01,1.446873455182495672e+04
4.545833333333332860e+01,1.446873648100624632e+04
4.547916666666666430e+01,1.446873834175844968e+04
4.550000000000000000e+01,1.446874013296636258e+04
4.552083333333332860e+01,1.446874185356409362e+04
4.554166666666666430e+01,1.446874350253658122e+04
4.556250000000000000e+01,1.446874507892138354e+04
4.558333333333332860e+01,1.446874658181000268e+04
4.560416666666666430e+01,1.446874801034937263e+04
4.562500000000000000e+01,1.446874936374343451e+04
4.564583333333332860e+01,1.446875064125414428e+04
4.566666666666666430e+01,1.446875184220267329e+04
4.568750000000000000e+01,1.446875296597047782e+04
4.570833333333332860e+01,1.446875401199983753e+04
4.572916666666666430e+01,1.446875497979440479e+04
4.575000000000000000e+01,1.446875586891945932e+04
4.577083333333332860e+01,1.446875667900176632e+04
4.579166666666666430e+01,1.446875740972923813e+04
4.581250000000000000e+01,1.446875806085016666e+04
4.583333333333332860e+01,1.446875863217234655e+04
4.585416666666666430e+01,1.446875912356161643e+04
4.587500000000000000e+01,1.446875953494029818e+04
4.589583333333332860e+01,1.446875986628542523e+04
4.591666666666666430e+01,1.446876011762661074e+04
4.593750000000000000e+01,1.446876028904389386e+04
4.595833333333332860e+01,1.446876038066537149e+04
4.597916666666666430e+01,1.446876039266506632e+04
4.600000000000000000e+01,1.446876032526045310e+04
4.602083333333332860e+01,1.446876017871037766e+04
4.604166666666666430e+01,1.446875995331297236e+04
4.606250000000000000e+01,1.446875964940387348e+04
4.608333333333332860e+01,1.446875926735476241e+04
4.610416666666666430e+01,1.446875880757201230e+04
4.612500000000000000e+01,1.446875827049568034e+04
4.614583333333332860e+01,1.446875765659895478e+04
4.616666666666666430e+01,1.446875696638764202e+04
4.618750000000000000e+01,1.446875620040030481e+04
4.620833333333332860e+01,1.446875535920810216e+04
4.622916666666666430e+01,1.446875444341532057e+04
4.625000000000000000e+01,1.446875345365971225e+04
4.627083333333332860e+01,1.446875239061313550e+04
4.629166666666666430e+01,1.446875125498218040e+04
4.631250000000000000e+01,1.446875004750864900e+04
4.633333333333332860e+01,1.446874876897023933e+04
4.635416666666666430e+01,1.446874742018108736e+04
4.637500000000000000e+01,1.446874600199195993e+04
4.639583333333332860e+01,1.446874451529073485e+04
4.641666666666666430e+01,1.446874296100249558e+04
4.643750000000000000e+01,1.446874134008953479e+04
4.645833333333332860e+01,1.446873965355128894e+04
4.647916666666666430e+01,1.446873790242419636e+04
4.650000000000000000e+01,1.446873608778130074e+04
4.652083333333332860e+01,1.446873421073194550e+04
4.654166666666666430e+01,1.446873227242135181e+04
4.656250000000000000e+01,1.446873027403004380e+04
4.658333333333332860e+01,1.446872821677326647e+04
4.660416666666666430e+01,1.446872610190047635e+04
4.662500000000000000e+01,1.446872393069465761e+04
4.664583333333332860e+01,1.446872170447169992e+04
4.666666666666666430e+01,1.446871942457969999e+04
4.668750000000000000e+01,1.446871709239819756e+04
4.670833333333332860e+01,1.446871470933747332e+04
4.672916666666666430e+01,1.446871227683774850e+04
4.675000000000000000e+01,1.446870979636829361e+04
4.677083333333332860e+01,1.446870726942673355e+04
4.679166666666666430e+01,1.446870469753797806e+04
4.681250000000000000e+01,1.446870208225339957e+04
4.683333333333332860e+01,1.446869942514967261e+04
4.685416666666666430e+01,1.446869672782786438e+04
4.687500000000000000e+01,1.446869399191244156e+04
4.689583333333332860e+01,1.446869121905013890e+04
4.691666666666666430e+01,1.446868841090876231e+04
4.693750000000000000e+01,1.446868556917611932e+04
4.695833333333332860e+01,1.446868269555894949e+04
4.697916666666666430e+01,1.446867979178165842e+04
4.700000000000000000e+01,1.446867685958525180e+04
4.702083333333332860e+01,1.446867390072611670e+04
4.704166666666666430e+01,1.446867091697481010e+04
4.706250000000000000e+01,1.446866791011501482e+04
4.708333333333332860e+01,1.446866488194227713e+04
4.710416666666666430e+01,1.446866183426288990e+04
4.712500000000000000e+01,1.446865876889251012e+04
4.714583333333332860e+01,1.446865568765537682e+04
4.716666666666666430e+01,1.446865259238272847e+04
4.718750000000000000e+01,1.446864948491187170e+04
4.720833333333332860e+01,1.446864636708483522e+04
4.722916666666666430e+01,1.446864324074721299e+04
4.725000000000000000e+01,1.446864010774700364e+04
4.727083333333332860e+01,1.446863696993330086e+04
4.729166666666666430e+01,1.446863382915510374e+04
4.731250000000000000e+01,1.446863068726023994e+04
4.733333333333332860e+01,1.446862754609392505e+04
4.735416666666666430e+01,1.446862440749759480e+04
4.737500000000000000e+01,1.446862127330784278e+04
4.739583333333332860e+01,1.446861814535507074e+04
4.741666666666666430e+01,1.446861502546223346e+04
4.743750000000000000e+01,1.446861191544384565e+04
4.745833333333332860e+01,1.446860881710451940e+04
4.747916666666666430e+01,1.446860573223802203e+04
4.750000000000000000e+01,1.446860266262595906e+04
4.752083333333332860e+01,1.446859961003672288e+04
4.754166666666666430e+01,1.446859657622409213e+04
4.756250000000000000e+01,1.446859356292646771e+04
4.758333333333332860e+01,1.446859057186543214e+04
4.760416666666666430e+01,1.446858760474472365e+04
4.762500000000000000e+01,1.446858466324917754e+04
4.764583333333332860e+01,1.446858174904353655e+04
4.766666666666666430e+01,1.446857886377142859e+04
4.768750000000000000e+01,1.446857600905426079e+04
4.770833333333332860e+01,1.446857318649016452e+04
4.772916666666666430e+01,1.446857039765294394e+04
4.775000000000000000e+01,1.446856764409106836e+04
4.777083333333332860e+01,1.446856492732658808e+04
4.779166666666666430e+01,1.446856224885425763e+04
4.781250000000000000e+01,1.446855961014048444e+04
4.783333333333332860e+01,1.446855701262224102e+04
4.785416666666666430e+01,1.446855445770641018e+04
4.787500000000000000e+01,1.446855194676862811e+04
4.789583333333332860e+01,1.446854948115246953e+04
4.791666666666666430e+01,1.446854706216855993e+04
4.793750000000000000e+01,1.446854469109375350e+04
4.795833333333332860e+01,1.446854236917028902e+04
4.797916666666666430e+01,1.446854009760488043e+04
4.800000000000000000e+01,1.446853787756809470e+04
4.802083333333332860e+01,1.446853571019354058e+04
4.804166666666666430e+01,1.446853359657699548e+04
4.806250000000000000e+01,1.446853153777591069e+04
4.808333333333332860e+01,1.446852953480863289e+04
4.810416666666666430e+01,1.446852758865365831e+04
4.812500000000000000e+01,1.446852570024904344e+04
4.814583333333332860e+01,1.446852387049202662e+04
4.816666666666666430e+01,1.446852210023804219e+04
4.818750000000000000e+01,1.446852039030050946e+04
4.820833333333332860e+01,1.446851874145013062e+04
4.822916666666666430e+01,1.446851715441445413e+04
4.825000000000000000e+01,1.446851562987748912e+04
4.827083333333332860e+01,1.446851416847907603e+04
4.829166666666666430e+01,1.446851277081470835e+04
4.831250000000000000e+01,1.446851143743496141e+04
4.833333333333332860e+01,1.446851016884529963e+04
4.835416666666666430e+01,1.446850896550569450e+04
4.837500000000000000e+01,1.446850782783037357e+04
4.839583333333332860e+01,1.446850675618750756e+04
4.841666666666666430e+01,1.446850575089909762e+04
4.843750000000000000e+01,1.446850481224073883e+04
4.845833333333332860e+01,1.446850394044144923e+04
4.847916666666666430e+01,1.446850313568352431e+04
4.850000000000000000e+01,1.446850239810256971e+04
4.852083333333332860e+01,1.446850172778730121e+04
4.854166666666666430e+01,1.446850112477964285e+04
4.856250000000000000e+01,1.446850058907463972e+04
4.858333333333332860e+01,1.446850012062060705e+04
4.860416666666666430e+01,1.446849971931903565e+04
4.862500000000000000e+01,1.446849938502485020e+04
4.864583333333332860e+01,1.446849911754658024e+04
4.866666666666666430e+01,1.446849891664627285e+04
4.868750000000000000e+01,1.446849878204009656e+04
4.870833333333332860e+01,1.446849871339814490e+04
4.872916666666666430e+01,1.446849871034514217e+04
4.875000000000000000e+01,1.446849877246029428e+04
4.877083333333332860e+01,1.446849889927802360e+04
4.879166666666666430e+01,1.446849909028810362e+04
4.881250000000000000e+01,1.446849934493610272e+04
4.883333333333332860e+01,1.446849966262385715e+04
4.885416666666666430e+01,1.446850004270986392e+04
4.887500000000000000e+01,1.446850048450988106e+04
4.889583333333332860e+01,1.446850098729726960e+04
4.891666666666666430e+01,1.446850155030372116e+04
4.893750000000000000e+01,1.446850217271981091e+04
4.895833333333332860e+01,1.446850285369549601e+04
4.897916666666666430e+01,1.446850359234081770e+04
4.900000000000000000e+01,1.446850438772665075e+04
4.902083333333332860e+01,1.446850523888531461e+04
4.904166666666666430e+01,1.446850614481127559e+04
4.906250000000000000e+01,1.446850710446197991e+04
4.908333333333332860e+01,1.446850811675857040e+04
4.910416666666666430e+01,1.446850918058675234e+04
4.912500000000000000e+01,1.446851029479763019e+04
4.914583333333332860e+01,1.446851145820836246e+04
4.916666666666666430e+01,1.446851266960343855e+04
4.918750000000000000e+01,1.446851392773516272e+04
4.920833333333332860e+01,1.446851523132495277e+04
4.922916666666666430e+01,1.446851657906398759e+04
4.925000000000000000e+01,1.446851796961436776e+04
4.927083333333332860e+01,1.446851940161012317e+04
4.929166666666666430e+01,1.446852087365815169e+04
4.931250000000000000e+01,1.446852238433926323e+04
4.933333333333332860e+01,1.446852393220928207e+04
4.935416666666666430e+01,1.446852551580014187e+04
4.937500000000000000e+01,1.446852713362094437e+04
4.939583333333332860e+01,1.446852878415908344e+04
4.941666666666666430e+01,1.446853046588142024e+04
4.943750000000000000e+01,1.446853217723539274e+04
4.945833333333332860e+01,1.446853391665020536e+04
4.947916666666666430e+01,1.446853568253795311e+04
4.950000000000000000e+01,1.446853747329499311e+04
4.952083333333332860e+01,1.446853928730288317e+04
4.954166666666666430e+01,1.446854112292987702e+04
4.956250000000000000e+01,1.446854297853192475e+04
4.958333333333332860e+01,1.446854485245420437e+04
4.960416666666666430e+01,1.446854674303206048e+04
4.962500000000000000e+01,1.446854864859251029e+04
4.964583333333332860e+01,1.446855056745538604e+04
4.966666666666666430e+01,1.446855249793476105e+04
4.968750000000000000e+01,1.446855443834000471e+04
4.970833333333332860e+01,1.446855638697740142e+04
4.972916666666666430e+01,1.446855834215111099e+04
4.975000000000000000e+01,1.446856030216486397e+04
4.977083333333332860e+01,1.446856226532287474e+04
4.979166666666666430e+01,1.446856422993145679e+04
4.981250000000000000e+01,1.446856619430021237e+04
4.983333333333332860e+01,1.446856815674342943e+04
4.985416666666666430e+01,1.446857011558122758e+04
4.987500000000000000e+01,1.446857206914110429e+04
4.989583333333332860e+01,1.446857401575917538e+04
4.991666666666666430e+01,1.446857595378134283e+04
4.993750000000000000e+01,1.446857788156486276e+04
4.995833333333332860e+01,1.446857979747941499e+04
4.997916666666666430e+01,1.446858169990852912e+04
5.000000000000000000e+01,1.446858358725082144e+04
5.002083333333332860e+01,1.446858545792125005e+04
5.004166666666666430e+01,1.446858731035247547e+04
5.006250000000000000e+01,1.446858914299594107e+04
5.008333333333332860e+01,1.446859095432326649e+04
5.010416666666666430e+01,1.446859274282722981e+04
5.012500000000000000e+01,1.446859450702321192e+04
5.014583333333332860e+01,1.446859624545012048e+04
5.016666666666666430e+01,1.446859795667159051e+04
5.018750000000000000e+01,1.446859963927711215e+04
5.020833333333332860e+01,1.446860129188288556e+04
5.022916666666666430e+01,1.446860291313307243e+04
5.025000000000000000e+01,1.446860450170043987e+04
5.027083333333332860e+01,1.446860605628752819e+04
5.029166666666666430e+01,1.446860757562718572e+04
5.031250000000000000e+01,1.446860905848362745e+04
5.033333333333332860e+01,1.446861050365279880e+04
5.035416666666666430e+01,1.446861190996315418e+04
5.037500000000000000e+01,1.446861327627615537e+04
5.039583333333332860e+01,1.446861460148666811e+04
5.041666666666666430e+01,1.446861588452331853e+04
5.043750000000000000e+01,1.446861712434865694e+04
5.045833333333332860e+01,1.446861831995946341e+04
5.047916666666666430e+01,1.446861947038664221e+04
5.050000000000000000e+01,1.446862057469531283e+04
5.052083333333332860e+01,1.446862163198457711e+04
5.054166666666666430e+01,1.446862264138753017e+04
5.056250000000000000e+01,1.446862360207078018e+04
5.058333333333332860e+01,1.446862451323441928e+04
5.060416666666666430e+01,1.446862537411147423e+04
5.062500000000000000e+01,1.446862618396774633e+04
5.064583333333332860e+01,1.446862694210155678e+04
5.066666666666666430e+01,1.446862764784337196e+04
5.068750000000000000e+01,1.446862830055583254e+04
5.070833333333332860e+01,1.446862889963371344e+04
5.072916666666666430e+01,1.446862944450382929e+04
5.075000000000000000e+01,1.446862993462558370e+04
5.077083333333332860e+01,1.446863036949127854e+04
5.079166666666666430e+01,1.446863074862682333e+04
5.081250000000000000e+01,1.446863107159275387e+04
5.083333333333332860e+01,1.446863133798510535e+04
5.085416666666666430e+01,1.446863154743700579e+04
5.087500000000000000e+01,1.446863169961998938e+04
5.089583333333332860e+01,1.446863179424588816e+04
5.091666666666666430e+01,1.446863183106847282e+04
5.093750000000000000e+01,1.446863180988534077e+04
5.095833333333332860e+01,1.446863173054010622e+04
5.097916666666666430e+01,1.446863159292393539e+04
5.100000000000000000e+01,1.446863139697765291e+04
5.102083333333332860e+01,1.446863114269320431e+04
5.104166666666666430e+01,1.446863083011525305e+04
5.106250000000000000e+01,1.446863045934238107e+04
5.108333333333332860e+01,1.446863003052799468e+04
5.110416666666666430e+01,1.446862954388093203e+04
5.112500000000000000e+01,1.446862899966577970e+04
5.114583333333332860e+01,1.446862839820287991e+04
5.116666666666666430e+01,1.446862773986804314e+04
5.118750000000000000e+01,1.446862702509172232e+04
5.120833333333332860e+01,1.446862625435829614e+04
5.122916666666666430e+01,1.446862542820493400e+04
5.125000000000000000e+01,1.446862454722026087e+04
5.127083333333332860e+01,1.446862361204298213e+04
5.129166666666666430e+01,1.446862262336038475e+04
5.131250000000000000e+01,1.446862158190685659e+04
5.133333333333332860e+01,1.446862048846224934e+04
5.135416666666666430e+01,1.446861934385053610e+04
5.137500000000000000e+01,1.446861814893820701e+04
5.139583333333332860e+01,1.446861690463305422e+04
5.141666666666666430e+01,1.446861561188282940e+04
5.143750000000000000e+01,1.446861427167398506e+04
5.145833333333332860e+01,1.446861288503057949e+04
5.147916666666666430e+01,1.446861145301329816e+04
5.150000000000000000e+01,1.446860997671825680e+04
5.152083333333332860e+01,1.446860845727614651e+04
5.154166666666666430e+01,1.446860689585136060e+04
5.156250000000000000e+01,1.446860529364092145e+04
5.158333333333332860e+01,1.446860365187368006e+04
5.160416666666666430e+01,1.446860197180922478e+04
5.162500000000000000e+01,1.446860025473702262e+04
5.164583333333332860e+01,1.446859850197561173e+04
5.166666666666666430e+01,1.446859671487139349e+04
5.168750000000000000e+01,1.446859489479781041e+04
5.170833333333332860e+01,1.446859304315429836e+04
5.172916666666666430e+01,1.446859116136530065e+04
5.175000000000000000e+01,1.446858925087932585e+04
5.177083333333332860e+01,1.446858731316788180e+04
5.179166666666666430e+01,1.446858534972447887e+04
5.181250000000000000e+01,1.446858336206377498e+04
5.183333333333332860e+01,1.446858135172036418e+04
5.185416666666666430e+01,1.446857932024805268e+04
5.187500000000000000e+01,1.446857726921868380e+04
5.189583333333332860e+01,1.446857520022120661e+04
5.191666666666666430e+01,1.446857311486069375e+04
5.193750000000000000e+01,1.446857101475741729e+04
5.195833333333332860e+01,1.446856890154569919e+04
5.197916666666666430e+01,1.446856677687296906e+04
5.200000000000000000e+01,1.446856464239863999e+04
5.202083333333332860e+01,1.446856249979326458e+04
5.204166666666666430e+01,1.446856035073709791e+04
5.206250000000000000e+01,1.446855819691934812e+04
5.208333333333332860e+01,1.446855604003688495e+04
5.210416666666666430e+01,1.446855388179303918e+04
5.212500000000000000e+01,1.446855172389678410e+04
5.214583333333332860e+01,1.446854956806117480e+04
5.216666666666666430e+01,1.446854741600251509e+04
5.218750000000000000e+01,1.446854526943899327e+04
5.220833333333332860e+01,1.446854313008970712e+04
5.222916666666666430e+01,1.446854099967327056e+04
5.225000000000000000e+01,1.446853887990683506e+04
5.227083333333332860e+01,1.446853677250492183e+04
5.229166666666666430e+01,1.446853467917809758e+04
5.231250000000000000e+01,1.446853260163203231e+04
5.233333333333332860e+01,1.446853054156614962e+04
5.235416666666666430e+01,1.446852850067260079e+04
5.237500000000000000e+01,1.446852648063498782e+04
5.239583333333332860e+01,1.446852448312735578e+04
5.241666666666666430e+01,1.446852250981291218e+04
5.243750000000000000e+01,1.446852056234294650e+04
5.245833333333332860e+01,1.446851864235566973e+04
5.247916666666666430e+01,1.446851675147503920e+04
5.250000000000000000e+01,1.446851489130967093e+04
5.252083333333332860e+01,1.446851306345162448e+04
5.254166666666666430e+01,1.446851126947539524e+04
5.256250000000000000e+01,1.446850951093667027e+04
5.258333333333332860e+01,1.446850778937133509e+04
5.260416666666666430e+01,1.446850610629428047e+04
5.262500000000000000e+01,1.446850446319832918e+04
5.264583333333332860e+01,1.446850286155327194e+04
5.266666666666666430e+01,1.446850130280460507e+04
5.268750000000000000e+01,1.446849978837271556e+04
5.270833333333332860e+01,1.446849831965166595e+04
5.272916666666666430e+01,1.446849689800834676e+04
5.275000000000000000e+01,1.446849552478130136e+04
5.277083333333332860e+01,1.446849420127985650e+04
5.279166666666666430e+01,1.446849292878316919e+04
5.281250000000000000e+01,1.446849170853929172e+04
5.283333333333332860e+01,1.446849054176417121e+04
5.285416666666666430e+01,1.446848942964074013e+04
5.287500000000000000e+01,1.446848837331819595e+04
5.289583333333332860e+01,1.446848737391086615e+04
5.291666666666666430e+01,1.446848643249763700e+04
5.293750000000000000e+01,1.446848555012102224e+04
5.295833333333332860e+01,1.446848472778627911e+04
5.297916666666666430e+01,1.446848396646072069e+04
5.300000000000000000e+01,1.446848326707299930e+04
5.302083333333332860e+01,1.446848263051232425e+04
5.304166666666666430e+01,1.446848205762768339e+04
5.306250000000000000e+01,1.446848154922734102e+04
5.308333333333332860e+01,1.446848110607807030e+04
5.310416666666666430e+01,1.446848072890458207e+04
5.312500000000000000e+01,1.446848041838885183e+04
5.314583333333332860e+01,1.446848017516963591e+04
5.316666666666666430e+01,1.446847999984200578e+04
5.318750000000000000e+01,1.446847989295659499e+04
5.320833333333332860e+01,1.446847985501937001e+04
5.322916666666666430e+01,1.446847988649096806e+04
5.325000000000000000e+01,1.446847998778655165e+04
5.327083333333332860e+01,1.446848015927511005e+04
5.329166666666666430e+01,1.446848040127934291e+04
5.331250000000000000e+01,1.446848071407516181e+04
5.333333333333332860e+01,1.446848109789151567e+04
5.335416666666666430e+01,1.446848155291004878e+04
5.337500000000000000e+01,1.446848207926488976e+04
5.339583333333332860e+01,1.446848267704248428e+04
5.341666666666666430e+01,1.446848334628135126e+04
5.343750000000000000e+01,1.446848408697202467e+04
5.345833333333332860e+01,1.446848489905688621e+04
5.347916666666666430e+01,1.446848578243012162e+04
5.350000000000000000e+01,1.446848673693767705e+04
5.352083333333332860e+01,1.446848776237728816e+04
5.354166666666666430e+01,1.446848885849841827e+04
5.356250000000000000e+01,1.446849002500241841e+04
5.358333333333332860e+01,1.446849126154256737e+04
5.360416666666666430e+01,1.446849256772416993e+04
5.362500000000000000e+01,1.446849394310482967e+04
5.364583333333332860e+01,1.446849538719449265e+04
5.366666666666666430e+01,1.446849689945578575e+04
5.368750000000000000e+01,1.446849847930426040e+04
5.370833333333332860e+01,1.446850012610860722e+04
5.372916666666666430e+01,1.446850183919105984e+04
5.375000000000000000e+01,1.446850361782776599e+04
5.377083333333332860e+01,1.446850546124906396e+04
5.379166666666666430e+01,1.446850736864005739e+04
5.381250000000000000e+01,1.446850933914091365e+04
5.383333333333332860e+01,1.446851137184751497e+04
5.385416666666666430e+01,1.446851346581180405e+04
5.387500000000000000e+01,1.446851562004239895e+04
5.389583333333332860e+01,1.446851783350536061e+04
5.391666666666666430e+01,1.446852010512435663e+04
5.393750000000000000e+01,1.446852243378174899e+04
5.395833333333332860e+01,1.446852481831909972e+04
5.397916666666666430e+01,1.446852725753774575e+04
5.400000000000000000e+01,1.446852975019968653e+04
5.402083333333332860e+01,1.446853229502825343e+04
5.404166666666666430e+01,1.446853489070900469e+04
5.406250000000000000e+01,1.446853753589033295e+04
5.408333333333332860e+01,1.446854022918452029e+04
5.410416666666666430e+01,1.446854296916846579e+04
5.412500000000000000e+01,1.446854575438457687e+04
5.414583333333332860e+01,1.446854858334176970e+04
5.416666666666666430e+01,1.446855145451633143e+04
5.418750000000000000e+01,1.446855436635290607e+04
5.420833333333332860e+01,1.446855731726546583e+04
5.422916666666666430e+01,1.446856030563833701e+04
5.425000000000000000e+01,1.446856332982725144e+04
5.427083333333332860e+01,1.446856638816027044e+04
5.429166666666666430e+01,1.446856947893911638e+04
5.431250000000000000e+01,1.446857260043987844e+04
5.433333333333332860e+01,1.446857575091450781e+04
5.435416666666666430e+01,1.446857892859173444e+04
5.437500000000000000e+01,1.446858213167818394e+04
5.439583333333332860e+01,1.446858535835968723e+04
5.441666666666666430e+01,1.446858860680231010e+04
5.443750000000000000e+01,1.446859187515363737e+04
5.445833333333332860e+01,1.446859516154388621e+04
5.447916666666666430e+01,1.446859846408727026e+04
5.450000000000000000e+01,1.446860178088302928e+04
5.452083333333332860e+01,1.446860511001688064e+04
5.454166666666666430e+01,1.446860844956204528e+04
5.456250000000000000e+01,1.446861179758066282e+04
5.458333333333332860e+01,1.446861515212503946e+04
5.460416666666666430e+01,1.446861851123889210e+04
5.462500000000000000e+01,1.446862187295859985e+04
5.464583333333332860e+01,1.446862523531451006e+04
5.466666666666666430e+01,1.446862859633225162e+04
5.468750000000000000e+01,1.446863195403401187e+04
5.470833333333332860e+01,1.446863530643986451e+04
5.472916666666666430e+01,1.446863865156897373e+04
5.475000000000000000e+01,1.446864198744097666e+04
5.477083333333332860e+01,1.446864531207718392e+04
5.479166666666666430e+01,1.446864862350204203e+04
5.481250000000000000e+01,1.446865191974429763e+04
5.483333333333332860e+01,1.446865519883824527e+04
5.485416666666666430e+01,1.446865845882518988e+04
5.487500000000000000e+01,1.446866169775448361e+04
5.489583333333332860e+01,1.446866491368509014e+04
5.491666666666666430e+01,1.446866810468659605e+04
5.493750000000000000e+01,1.446867126884070240e+04
5.495833333333332860e+01,1.446867440424223605e+04
5.497916666666666430e+01,1.446867750900064129e+04
5.500000000000000000e+01,1.446868058124113304e+04
5.502083333333332860e+01,1.446868361910587191e+04
5.504166666666666430e+01,1.446868662075531029e+04
5.506250000000000000e+01,1.446868958436941830e+04
5.508333333333332860e+01,1.446869250814875704e+04
5.510416666666666430e+01,1.446869539031593376e+04
5.512500000000000000e+01,1.446869822911671872e+04
5.514583333333332860e+01,1.446870102282118751e+04
5.516666666666666430e+01,1.446870376972516533e+04
5.518750000000000000e+01,1.446870646815114378e+04
5.520833333333332860e+01,1.446870911644988882e+04
5.522916666666666430e+01,1.446871171300137939e+04
5.525000000000000000e+01,1.446871425621619346e+04
5.527083333333332860e+01,1.446871674453690866e+04
5.529166666666666430e+01,1.446871917643915731e+04
5.531250000000000000e+01,1.446872155043312523e+04
5.533333333333332860e+01,1.446872386506486146e+04
5.535416666666666430e+01,1.446872611891761699e+04
5.537500000000000000e+01,1.446872831061324905e+04
5.539583333333332860e+01,1.446873043881375997e+04
5.541666666666666430e+01,1.446873250222264687e+04
5.543750000000000000e+01,1.446873449958646597e+04
5.545833333333332860e+01,1.446873642969641878e+04
5.547916666666666430e+01,1.446873829138975270e+04
5.550000000000000000e+01,1.446874008355154365e+04
5.552083333333332860e+01,1.446874180511612940e+04
5.554166666666666430e+01,1.446874345506882310e+04
5.556250000000000000e+01,1.446874503244724110e+04
5.558333333333332860e+01,1.446874653634304923e+04
5.560416666666666430e+01,1.446874796590337064e+04
5.562500000000000000e+01,1.446874932033211735e+04
5.564583333333332860e+01,1.446875059889115801e+04
5.566666666666666430e+01,1.446875180090159483e+04
5.568750000000000000e+01,1.446875292574449850e+04
5.570833333333332860e+01,1.446875397286187217e+04
5.572916666666666430e+01,1.446875494175675703e+04
5.575000000000000000e+01,1.446875583199378161e+04
5.577083333333332860e+01,1.446875664319892894e+04
5.579166666666666430e+01,1.446875737505915458e+04
5.581250000000000000e+01,1.446875802732169177e+04
5.583333333333332860e+01,1.446875859979310553e+04
5.585416666666666430e+01,1.446875909233793209e+04
5.587500000000000000e+01,1.446875950487709270e+04
5.589583333333332860e+01,1.446875983738606737e+04
5.591666666666666430e+01,1.446876008989299226e+04
5.593750000000000000e+01,1.446876026247636401e+04
5.595833333333332860e+01,1.446876035526273699e+04
5.597916666666666430e+01,1.446876036842457688e+04
5.600000000000000000e+01,1.446876030217791777e+04
5.602083333333332860e+01,1.446876015678021213e+04
5.604166666666666430e+01,1.446875993252842818e+04
5.606250000000000000e+01,1.446875962975705625e+04
5.608333333333332860e+01,1.446875924883682092e+04
5.610416666666666430e+01,1.446875879017323314e+04
5.612500000000000000e+01,1.446875825420577894e+04
5.614583333333332860e+01,1.446875764140707906e+04
5.616666666666666430e+01,1.446875695228266704e+04
5.618750000000000000e+01,1.446875618737087279e+04
5.620833333333332860e+01,1.446875534724277531e+04
5.622916666666666430e+01,1.446875443250269382e+04
5.625000000000000000e+01,1.446875344378853333e+04
5.627083333333332860e+01,1.446875238177235224e+04
5.629166666666666430e+01,1.446875124716096616e+04
5.631250000000000000e+01,1.446875004069645001e+04
5.633333333333332860e+01,1.446874876315689107e+04
5.635416666666666430e+01,1.446874741535658904e+04
5.637500000000000000e+01,1.446874599814671092e+04
5.639583333333332860e+01,1.446874451241545103e+04
5.641666666666666430e+01,1.446874295908803470e+04
5.643750000000000000e+01,1.446874133912709294e+04
5.645833333333332860e+01,1.446873965353229141e+04
5.647916666666666430e+01,1.446873790334020305e+04
5.650000000000000000e+01,1.446873608962409344e+04
5.652083333333332860e+01,1.446873421349348428e+04
5.654166666666666430e+01,1.446873227609366586e+04
5.656250000000000000e+01,1.446873027860532602e+04
5.658333333333332860e+01,1.446872822224381525e+04
5.660416666666666430e+01,1.446872610825867014e+04
5.662500000000000000e+01,1.446872393793300580e+04
5.664583333333332860e+01,1.446872171258270828e+04
5.666666666666666430e+01,1.446871943355598341e+04
5.668750000000000000e+01,1.446871710223243281e+04
5.670833333333332860e+01,1.446871472002232622e+04
5.672916666666666430e+01,1.446871228836595401e+04
5.675000000000000000e+01,1.446870980873263034e+04
5.677083333333332860e+01,1.446870728261994373e+04
5.679166666666666430e+01,1.446870471155282212e+04
5.681250000000000000e+01,1.446870209708252150e+04
5.683333333333332860e+01,1.446869944078571280e+04
5.685416666666666430e+01,1.446869674426352140e+04
5.687500000000000000e+01,1.446869400914032303e+04
5.689583333333332860e+01,1.446869123706272148e+04
5.691666666666666430e+01,1.446868842969848265e+04
5.693750000000000000e+01,1.446868558873542133e+04
5.695833333333332860e+01,1.446868271588014613e+04
5.697916666666666430e+01,1.446867981285697897e+04
5.700000000000000000e+01,1.446867688140689643e+04
5.702083333333332860e+01,1.446867392328619462e+04
5.704166666666666430e+01,1.446867094026536142e+04
5.706250000000000000e+01,1.446866793412801781e+04
5.708333333333332860e+01,1.446866490666963728e+04
5.710416666666666430e+01,1.446866185969638900e+04
5.712500000000000000e+01,1.446865879502404641e+04
5.714583333333332860e+01,1.446865571447658294e+04
5.716666666666666430e+01,1.446865261988530619e+04
5.718750000000000000e+01,1.446864951308738819e+04
5.720833333333332860e+01,1.446864639592482126e+04
5.722916666666666430e+01,1.446864327024317026e+04
5.725000000000000000e+01,1.446864013789031378e+04
5.727083333333332860e+01,1.446863700071529456e+04
5.729166666666666430e+01,1.446863386056709351e+04
5.731250000000000000e+01,1.446863071929344005e+04
5.733333333333332860e+01,1.446862757873949522e+04
5.735416666666666430e+01,1.446862444074669111e+04
5.737500000000000000e+01,1.446862130715147578e+04
5.739583333333332860e+01,1.446861817978423642e+04
5.741666666666666430e+01,1.446861506046790601e+04
5.743750000000000000e+01,1.446861195101692283e+04
5.745833333333332860e+01,1.446860885323583716e+04
5.747916666666666430e+01,1.446860576891844175e+04
5.750000000000000000e+01,1.446860269984616389e+04
5.752083333333332860e+01,1.446859964778745780e+04
5.754166666666666430e+01,1.446859661449606574e+04
5.756250000000000000e+01,1.446859360171033768e+04
5.758333333333332860e+01,1.446859061115179793e+04
5.760416666666666430e+01,1.446858764452415926e+04
5.762500000000000000e+01,1.446858470351221695e+04
5.764583333333332860e+01,1.446858178978070282e+04
5.766666666666666430e+01,1.446857890497319022e+04
5.768750000000000000e+01,1.446857605071111539e+04
5.770833333333332860e+01,1.446857322859250417e+04
5.772916666666666430e+01,1.446857044019121167e+04
5.775000000000000000e+01,1.446856768705559807e+04
5.777083333333332860e+01,1.446856497070776459e+04
5.779166666666666430e+01,1.446856229264244030e+04
5.781250000000000000e+01,1.446855965432593075e+04
5.783333333333332860e+01,1.446855705719528123e+04
5.785416666666666430e+01,1.446855450265732361e+04
5.787500000000000000e+01,1.446855199208766498e+04
5.789583333333332860e+01,1.446854952682989097e+04
5.791666666666666430e+01,1.446854710819460161e+04
5.793750000000000000e+01,1.446854473745868745e+04
5.795833333333332860e+01,1.446854241586428907e+04
5.797916666666666430e+01,1.446854014461818952e+04
5.800000000000000000e+01,1.446853792489092666e+04
5.802083333333332860e+01,1.446853575781610198e+04
5.804166666666666430e+01,1.446853364448947104e+04
5.806250000000000000e+01,1.446853158596856520e+04
5.808333333333332860e+01,1.446852958327156739e+04
5.810416666666666430e+01,1.446852763737711939e+04
5.812500000000000000e+01,1.446852574922327040e+04
5.814583333333332860e+01,1.446852391970720782e+04
5.816666666666666430e+01,1.446852214968439512e+04
5.818750000000000000e+01,1.446852043996823340e+04
5.820833333333332860e+01,1.446851879132946124e+04
5.822916666666666430e+01,1.446851720449569257e+04
5.825000000000000000e+01,1.446851568015078374e+04
5.827083333333332860e+01,1.446851421893474253e+04
5.829166666666666430e+01,1.446851282144299694e+04
5.831250000000000000e+01,1.446851148822618052e+04
5.833333333333332860e+01,1.446851021978973949e+04
5.835416666666666430e+01,1.446850901659368174e+04
5.837500000000000000e+01,1.446850787905224934e+04
5.839583333333332860e+01,1.446850680753360939e+04
5.841666666666666430e+01,1.446850580235980306e+04
5.843750000000000000e+01,1.446850486380643997e+04
5.845833333333332860e+01,1.446850399210255637e+04
5.847916666666666430e+01,1.446850318743051685e+04
5.850000000000000000e+01,1.446850244992588341e+04
5.852083333333332860e+01,1.446850177967747368e+04
5.854166666666666430e+01,1.446850117672716442e+04
5.856250000000000000e+01,1.446850064107009894e+04
5.858333333333332860e+01,1.446850017265454517e+04
5.860416666666666430e+01,1.446849977138208124e+04
5.862500000000000000e+01,1.446849943710767184e+04
5.864583333333332860e+01,1.446849916963980650e+04
5.866666666666666430e+01,1.446849896874068145e+04
5.868750000000000000e+01,1.446849883412637428e+04
5.870833333333332860e+01,1.446849876546711675e+04
5.872916666666666430e+01,1.446849876238762226e+04
5.875000000000000000e+01,1.446849882446714400e+04
5.877083333333332860e+01,1.446849895124017712e+04
5.879166666666666430e+01,1.446849914219649872e+04
5.881250000000000000e+01,1.446849939678169903e+04
5.883333333333332860e+01,1.446849971439769797e+04
5.885416666666666430e+01,1.446850009440305075e+04
5.887500000000000000e+01,1.446850053611350813e+04
5.889583333333332860e+01,1.446850103880253664e+04
5.891666666666666430e+01,1.446850160170184972e+04
5.893750000000000000e+01,1.446850222400202983e+04
5.895833333333332860e+01,1.446850290485313963e+04
5.897916666666666430e+01,1.446850364336529310e+04
5.900000000000000000e+01,1.446850443860934320e+04
5.902083333333332860e+01,1.446850528961767486e+04
5.904166666666666430e+01,1.446850619538487808e+04
5.906250000000000000e+01,1.446850715486839545e+04
5.908333333333332860e+01,1.446850816698946801e+04
5.910416666666666430e+01,1.446850923063383016e+04
5.912500000000000000e+01,1.446851034465257544e+04
5.914583333333332860e+01,1.446851150786305880e+04
5.916666666666666430e+01,1.446851271904974783e+04
5.918750000000000000e+01,1.446851397696505228e+04
5.920833333333332860e+01,1.446851528033036448e+04
5.922916666666666430e+01,1.446851662783701613e+04
5.925000000000000000e+01,1.446851801814716237e+04
5.927083333333332860e+01,1.446851944989486583e+04
5.929166666666666430e+01,1.446852092168708623e+04
5.931250000000000000e+01,1.446852243210473898e+04
5.933333333333332860e+01,1.446852397970365928e+04
5.935416666666666430e+01,1.446852556301592995e+04
5.937500000000000000e+01,1.446852718055065270e+04
5.939583333333332860e+01,1.446852883079532330e+04
5.941666666666666430e+01,1.446853051221687565e+04
5.943750000000000000e+01,1.446853222326282412e+04
5.945833333333332860e+01,1.446853396236235494e+04
5.947916666666666430e+01,1.446853572792780687e+04
5.950000000000000000e+01,1.446853751835545700e+04
5.952083333333332860e+01,1.446853933202698681e+04
5.954166666666666430e+01,1.446854116731079193e+04
5.956250000000000000e+01,1.446854302256288065e+04
5.958333333333332860e+01,1.446854489612841644e+04
5.960416666666666430e+01,1.446854678634290758e+04
5.962500000000000000e+01,1.446854869153341133e+04
5.964583333333332860e+01,1.446855061001985086e+04
5.966666666666666430e+01,1.446855254011635770e+04
5.968750000000000000e+01,1.446855448013245041e+04
5.970833333333332860e+01,1.446855642837439882e+04
5.972916666666666430e+01,1.446855838314661378e+04
5.975000000000000000e+01,1.446856034275272032e+04
5.977083333333332860e+01,1.446856230549710745e+04
5.979166666666666430e+01,1.446856426968620872e+04
5.981250000000000000e+01,1.446856623362964456e+04
5.983333333333332860e+01,1.446856819564179023e+04
5.985416666666666430e+01,1.446857015404296180e+04
5.987500000000000000e+01,1.446857210716064583e+04
5.989583333333332860e+01,1.446857405333107090e+04
5.991666666666666430e+01,1.446857599090031727e+04
5.993750000000000000e+01,1.446857791822563740e+04
5.995833333333332860e+01,1.446857983367690031e+04
5.997916666666666430e+01,1.446858173563764285e+04
