0.000000000000000000e+00,0.000000000000000000e+00
2.083333333333333218e-02,2.024296512370118580e+04
4.166666666666666435e-02,1.503825411764535966e+04
6.250000000000000000e-02,1.454027940832176682e+04
8.333333333333332871e-02,1.446374948168937044e+04
1.041666666666666574e-01,1.444284262993340235e+04
1.250000000000000000e-01,1.445410785850221873e+04
1.458333333333333148e-01,1.445989747818034812e+04
1.666666666666666574e-01,1.444680879241027651e+04
1.875000000000000000e-01,1.443661105532750298e+04
2.083333333333333148e-01,1.444226621427660575e+04
2.291666666666666574e-01,1.445116513201491034e+04
2.500000000000000000e-01,1.445187204376277077e+04
2.708333333333333148e-01,1.445044268867975916e+04
2.916666666666666297e-01,1.445515225688205464e+04
3.125000000000000000e-01,1.446275582838435002e+04
3.333333333333333148e-01,1.446649017830711091e+04
3.541666666666666297e-01,1.446689941757871202e+04
3.750000000000000000e-01,1.446834128694063838e+04
3.958333333333333148e-01,1.447102111875709670e+04
4.166666666666666297e-01,1.447195237941070081e+04
4.375000000000000000e-01,1.447052539806533969e+04
4.583333333333333148e-01,1.446882457637656989e+04
4.791666666666666297e-01,1.446787255357918184e+04
5.000000000000000000e-01,1.446671407254336009e+04
5.208333333333332593e-01,1.446477262370500466e+04
5.416666666666666297e-01,1.446286796702821812e+04
5.625000000000000000e-01,1.446177364981026767e+04
5.833333333333332593e-01,1.446125049736991787e+04
6.041666666666666297e-01,1.446084453302278052e+04
6.250000000000000000e-01,1.446068453071011754e+04
6.458333333333332593e-01,1.446108579984859898e+04
6.666666666666666297e-01,1.446194615519580839e+04
6.875000000000000000e-01,1.446292091742734192e+04
7.083333333333332593e-01,1.446388091160374097e+04
7.291666666666666297e-01,1.446489140715718895e+04
7.500000000000000000e-01,1.446591170398199392e+04
7.708333333333332593e-01,1.446676833177011576e+04
7.916666666666666297e-01,1.446736362240735980e+04
8.125000000000000000e-01,1.446773633957662605e+04
8.333333333333332593e-01,1.446793213517925324e+04
8.541666666666666297e-01,1.446793735297215972e+04
8.750000000000000000e-01,1.446775069242629615e+04
8.958333333333332593e-01,1.446743445681558296e+04
9.166666666666666297e-01,1.446706736154672035e+04
9.375000000000000000e-01,1.446669341620018167e+04
9.583333333333332593e-01,1.446633752451349574e+04
9.791666666666666297e-01,1.446603676280703803e+04
1.000000000000000000e+00,1.446583062267909554e+04
1.020833333333333259e+00,1.446573502601463406e+04
1.041666666666666519e+00,1.446574316865930086e+04
1.062500000000000000e+00,1.446584389511972404e+04
1.083333333333333259e+00,1.446602640485881420e+04
1.104166666666666519e+00,1.446627168098459515e+04
1.125000000000000000e+00,1.446655150358977698e+04
1.145833333333333259e+00,1.446683806998241198e+04
1.166666666666666519e+00,1.446711016922292038e+04
1.187500000000000000e+00,1.446735101590509294e+04
1.208333333333333259e+00,1.446754618771382957e+04
1.229166666666666519e+00,1.446768636349237204e+04
1.250000000000000000e+00,1.446776991975308920e+04
1.270833333333333259e+00,1.446780136613751165e+04
1.291666666666666519e+00,1.446778839377501572e+04
1.312500000000000000e+00,1.446774094536293342e+04
1.333333333333333259e+00,1.446767123657132834e+04
1.354166666666666519e+00,1.446759243292258907e+04
1.375000000000000000e+00,1.446751649899001131e+04
1.395833333333333259e+00,1.446745304089914134e+04
1.416666666666666519e+00,1.446740924077248201e+04
1.437500000000000000e+00,1.446738973946923943e+04
1.458333333333333259e+00,1.446739622463103660e+04
1.479166666666666519e+00,1.446742744095635135e+04
1.500000000000000000e+00,1.446747985978795259e+04
1.520833333333333259e+00,1.446754847804849487e+04
1.541666666666666519e+00,1.446762738897830786e+04
1.562500000000000000e+00,1.446771031410645810e+04
1.583333333333333259e+00,1.446779127139477350e+04
1.604166666666666519e+00,1.446786519403687271e+04
1.625000000000000000e+00,1.446792828059299427e+04
1.645833333333333259e+00,1.446797812053966118e+04
1.666666666666666519e+00,1.446801373438152586e+04
1.687500000000000000e+00,1.446803552877987750e+04
1.708333333333333259e+00,1.446804509768300704e+04
1.729166666666666519e+00,1.446804489733729861e+04
1.750000000000000000e+00,1.446803789683041032e+04
1.770833333333333259e+00,1.446802725652688241e+04
1.791666666666666519e+00,1.446801602589943286e+04
1.812500000000000000e+00,1.446800686856267203e+04
1.833333333333333259e+00,1.446800185691983643e+04
1.854166666666666519e+00,1.446800236221028536e+04
1.875000000000000000e+00,1.446800902685916662e+04
1.895833333333333259e+00,1.446802179856052680e+04
1.916666666666666519e+00,1.446804002036476231e+04
1.937500000000000000e+00,1.446806257080862633e+04
1.958333333333333259e+00,1.446808803279666972e+04
1.979166666666666519e+00,1.446811486507333757e+04
2.000000000000000000e+00,1.446814156013496540e+04
2.020833333333333037e+00,1.446816678033419885e+04
2.041666666666666519e+00,1.446818946312928892e+04
2.062500000000000000e+00,1.446820888664701488e+04
2.083333333333333037e+00,1.446822469350078609e+04
2.104166666666666519e+00,1.446823687787584640e+04
2.125000000000000000e+00,1.446824574284392656e+04
2.145833333333333037e+00,1.446825183459060645e+04
2.166666666666666519e+00,1.446825586168855807e+04
2.187500000000000000e+00,1.446825860938029655e+04
2.208333333333333037e+00,1.446826085817105559e+04
2.229166666666666519e+00,1.446826331345893050e+04
2.250000000000000000e+00,1.446826655077004034e+04
2.270833333333333037e+00,1.446827097975960714e+04
2.291666666666666519e+00,1.446827682829825790e+04
2.312500000000000000e+00,1.446828414556571079e+04
2.333333333333333037e+00,1.446829282118173796e+04
2.354166666666666519e+00,1.446830261650085959e+04
2.375000000000000000e+00,1.446831320378491364e+04
2.395833333333333037e+00,1.446832420868575355e+04
2.416666666666666519e+00,1.446833525158099292e+04
2.437500000000000000e+00,1.446834598401840049e+04
2.458333333333333037e+00,1.446835611757673905e+04
2.479166666666666519e+00,1.446836544349312317e+04
2.500000000000000000e+00,1.446837384239069434e+04
2.520833333333333037e+00,1.446838128443033929e+04
2.541666666666666519e+00,1.446838782110920874e+04
2.562500000000000000e+00,1.446839357056409426e+04
2.583333333333333037e+00,1.446839869856770747e+04
2.604166666666666519e+00,1.446840339750719068e+04
2.625000000000000000e+00,1.446840786554793522e+04
2.645833333333333037e+00,1.446841228790351670e+04
2.666666666666666519e+00,1.446841682168126499e+04
2.687500000000000000e+00,1.446842158524215483e+04
2.708333333333333037e+00,1.446842665248079356e+04
2.729166666666666519e+00,1.446843205193339236e+04
2.750000000000000000e+00,1.446843777018474066e+04
2.770833333333333037e+00,1.446844375870810836e+04
2.791666666666666519e+00,1.446844994306431545e+04
2.812500000000000000e+00,1.446845623330957460e+04
2.833333333333333037e+00,1.446846253449728465e+04
2.854166666666666519e+00,1.446846875628948692e+04
2.875000000000000000e+00,1.446847482090069389e+04
2.895833333333333037e+00,1.446848066885190201e+04
2.916666666666666519e+00,1.446848626228320791e+04
2.937500000000000000e+00,1.446849158583024109e+04
2.958333333333333037e+00,1.446849664529383881e+04
2.979166666666666519e+00,1.446850146450757529e+04
3.000000000000000000e+00,1.446850608092396578e+04
3.020833333333333037e+00,1.446851054049186496e+04
3.041666666666666519e+00,1.446851489239003422e+04
3.062500000000000000e+00,1.446851918412270970e+04
3.083333333333333037e+00,1.446852345738586519e+04
3.104166666666666519e+00,1.446852774498916915e+04
3.125000000000000000e+00,1.446853206898445933e+04
3.145833333333333037e+00,1.446853644002065994e+04
3.166666666666666519e+00,1.446854085782910624e+04
3.187500000000000000e+00,1.446854531265084734e+04
3.208333333333333037e+00,1.446854978735429904e+04
3.229166666666666519e+00,1.446855425995973565e+04
3.250000000000000000e+00,1.446855870628541743e+04
3.270833333333333037e+00,1.446856310245537315e+04
3.291666666666666519e+00,1.446856742705473516e+04
3.312500000000000000e+00,1.446857166277819124e+04
3.333333333333333037e+00,1.446857579748394346e+04
3.354166666666666519e+00,1.446857982463148437e+04
3.375000000000000000e+00,1.446858374314132743e+04
3.395833333333333037e+00,1.446858755676368310e+04
3.416666666666666519e+00,1.446859127307716699e+04
3.437500000000000000e+00,1.446859490225748959e+04
3.458333333333333037e+00,1.446859845575981308e+04
3.479166666666666519e+00,1.446860194504784158e+04
3.500000000000000000e+00,1.446860538048166563e+04
3.520833333333333037e+00,1.446860877044746303e+04
3.541666666666666519e+00,1.446861212077899836e+04
3.562500000000000000e+00,1.446861543448778320e+04
3.583333333333333037e+00,1.446861871178775982e+04
3.604166666666666519e+00,1.446862195037522179e+04
3.625000000000000000e+00,1.446862514590572027e+04
3.645833333333333037e+00,1.446862829259908904e+04
3.666666666666666519e+00,1.446863138390051972e+04
3.687500000000000000e+00,1.446863441312963550e+04
3.708333333333333037e+00,1.446863737405906795e+04
3.729166666666666519e+00,1.446864026137829569e+04
3.750000000000000000e+00,1.446864307101445229e+04
3.770833333333333037e+00,1.446864580029870922e+04
3.791666666666666519e+00,1.446864844798278500e+04
3.812500000000000000e+00,1.446865101412289732e+04
3.833333333333333037e+00,1.446865349985919966e+04
3.854166666666666519e+00,1.446865590712439007e+04
3.875000000000000000e+00,1.446865823831752641e+04
3.895833333333333037e+00,1.446866049597792517e+04
3.916666666666666519e+00,1.446866268248935012e+04
3.937500000000000000e+00,1.446866479983819227e+04
3.958333333333333037e+00,1.446866684944138615e+04
3.979166666666666519e+00,1.446866883205113845e+04
4.000000000000000000e+00,1.446867074773571949e+04
4.020833333333333037e+00,1.446867259592856863e+04
4.041666666666666075e+00,1.446867437553266791e+04
4.062500000000000000e+00,1.446867608506344186e+04
4.083333333333333037e+00,1.446867772281235739e+04
4.104166666666666075e+00,1.446867928701334313e+04
4.125000000000000000e+00,1.446868077599655953e+04
4.145833333333333037e+00,1.446868218831659760e+04
4.166666666666666075e+00,1.446868352284700813e+04
4.187500000000000000e+00,1.446868477883625019e+04
4.208333333333333037e+00,1.446868595592511338e+04
4.229166666666666075e+00,1.446868705412879717e+04
4.250000000000000000e+00,1.446868807378986457e+04
4.270833333333333037e+00,1.446868901551010640e+04
4.291666666666666075e+00,1.446868988007036751e+04
4.312500000000000000e+00,1.446869066834721525e+04
4.333333333333333037e+00,1.446869138123478479e+04
4.354166666666666075e+00,1.446869201957815676e+04
4.375000000000000000e+00,1.446869258412324052e+04
4.395833333333333037e+00,1.446869307548553479e+04
4.416666666666666075e+00,1.446869349413841701e+04
4.437500000000000000e+00,1.446869384041953163e+04
4.458333333333333037e+00,1.446869411455246518e+04
4.479166666666666075e+00,1.446869431667960453e+04
4.500000000000000000e+00,1.446869444690197997e+04
4.520833333333333037e+00,1.446869450532127667e+04
4.541666666666666075e+00,1.446869449208004517e+04
4.562500000000000000e+00,1.446869440739636775e+04
4.583333333333333037e+00,1.446869425159067760e+04
4.604166666666666075e+00,1.446869402510309737e+04
4.625000000000000000e+00,1.446869372850096261e+04
4.645833333333333037e+00,1.446869336247682077e+04
4.666666666666666075e+00,1.446869292783864876e+04
4.687500000000000000e+00,1.446869242549374030e+04
4.708333333333333037e+00,1.446869185642884986e+04
4.729166666666666075e+00,1.446869122168863396e+04
4.750000000000000000e+00,1.446869052235478375e+04
4.770833333333333037e+00,1.446868975952747132e+04
4.791666666666666075e+00,1.446868893431056858e+04
4.812500000000000000e+00,1.446868804780153368e+04
4.833333333333333037e+00,1.446868710108623054e+04
4.854166666666666075e+00,1.446868609523851410e+04
4.875000000000000000e+00,1.446868503132389742e+04
4.895833333333333037e+00,1.446868391040645656e+04
4.916666666666666075e+00,1.446868273355792917e+04
4.937500000000000000e+00,1.446868150186771527e+04
4.958333333333333037e+00,1.446868021645269982e+04
4.979166666666666075e+00,1.446867887846602025e+04
5.000000000000000000e+00,1.446867748910399678e+04
5.020833333333333037e+00,1.446867604961067991e+04
5.041666666666666075e+00,1.446867456127990590e+04
5.062500000000000000e+00,1.446867302545494022e+04
5.083333333333333037e+00,1.446867144352584728e+04
5.104166666666666075e+00,1.446866981692509944e+04
5.125000000000000000e+00,1.446866814712207997e+04
5.145833333333333037e+00,1.446866643561689125e+04
5.166666666666666075e+00,1.446866468393407558e+04
5.187500000000000000e+00,1.446866289361692179e+04
5.208333333333333037e+00,1.446866106622250663e+04
5.229166666666666075e+00,1.446865920331780944e+04
5.250000000000000000e+00,1.446865730647722739e+04
5.270833333333333037e+00,1.446865537728121490e+04
5.291666666666666075e+00,1.446865341731597437e+04
5.312500000000000000e+00,1.446865142817420201e+04
5.333333333333333037e+00,1.446864941145633202e+04
5.354166666666666075e+00,1.446864736877219548e+04
5.375000000000000000e+00,1.446864530174270112e+04
5.395833333333333037e+00,1.446864321200129052e+04
5.416666666666666075e+00,1.446864110119499310e+04
5.437500000000000000e+00,1.446863897098490634e+04
5.458333333333333037e+00,1.446863682304603935e+04
5.479166666666666075e+00,1.446863465906651254e+04
5.500000000000000000e+00,1.446863248074615331e+04
5.520833333333333037e+00,1.446863028979462615e+04
5.541666666666666075e+00,1.446862808792915530e+04
5.562500000000000000e+00,1.446862587687208725e+04
5.583333333333333037e+00,1.446862365834839147e+04
5.604166666666666075e+00,1.446862143408324846e+04
5.625000000000000000e+00,1.446861920579968137e+04
5.645833333333333037e+00,1.446861697521674796e+04
5.666666666666666075e+00,1.446861474404775799e+04
5.687500000000000000e+00,1.446861251399901448e+04
5.708333333333333037e+00,1.446861028676870774e+04
5.729166666666666075e+00,1.446860806404617324e+04
5.750000000000000000e+00,1.446860584751133501e+04
5.770833333333333037e+00,1.446860363883420723e+04
5.791666666666666075e+00,1.446860143967439944e+04
5.812500000000000000e+00,1.446859925168081463e+04
5.833333333333333037e+00,1.446859707649100164e+04
5.854166666666666075e+00,1.446859491573052219e+04
5.875000000000000000e+00,1.446859277101211410e+04
5.895833333333333037e+00,1.446859064393476365e+04
5.916666666666666075e+00,1.446858853608256322e+04
5.937500000000000000e+00,1.446858644902347078e+04
5.958333333333333037e+00,1.446858438430795286e+04
5.979166666666666075e+00,1.446858234346763857e+04
6.000000000000000000e+00,1.446858032801386435e+04
6.020833333333333037e+00,1.446857833943637888e+04
6.041666666666666075e+00,1.446857637920190973e+04
6.062500000000000000e+00,1.446857444875300644e+04
6.083333333333333037e+00,1.446857254950683273e+04
6.104166666666666075e+00,1.446857068285417336e+04
6.125000000000000000e+00,1.446856885015843363e+04
6.145833333333333037e+00,1.446856705275478816e+04
6.166666666666666075e+00,1.446856529194936593e+04
6.187500000000000000e+00,1.446856356901855543e+04
6.208333333333333037e+00,1.446856188520828437e+04
6.229166666666666075e+00,1.446856024173330661e+04
6.250000000000000000e+00,1.446855863977650733e+04
6.270833333333333037e+00,1.446855708048827000e+04
6.291666666666666075e+00,1.446855556498570513e+04
6.312500000000000000e+00,1.446855409435195907e+04
6.333333333333333037e+00,1.446855266963538088e+04
6.354166666666666075e+00,1.446855129184885664e+04
6.375000000000000000e+00,1.446854996196899083e+04
6.395833333333333037e+00,1.446854868093529876e+04
6.416666666666666075e+00,1.446854744964954807e+04
6.437500000000000000e+00,1.446854626897493654e+04
6.458333333333333037e+00,1.446854513973550274e+04
6.479166666666666075e+00,1.446854406271536936e+04
6.500000000000000000e+00,1.446854303865822658e+04
6.520833333333333037e+00,1.446854206826673180e+04
6.541666666666666075e+00,1.446854115220206950e+04
6.562500000000000000e+00,1.446854029108339819e+04
6.583333333333333037e+00,1.446853948548749759e+04
6.604166666666666075e+00,1.446853873594843753e+04
6.625000000000000000e+00,1.446853804295717418e+04
6.645833333333333037e+00,1.446853740696126988e+04
6.666666666666666075e+00,1.446853682836459848e+04
6.687500000000000000e+00,1.446853630752713434e+04
6.708333333333333037e+00,1.446853584476468677e+04
6.729166666666666075e+00,1.446853544034866718e+04
6.750000000000000000e+00,1.446853509450592537e+04
6.770833333333333037e+00,1.446853480741856401e+04
6.791666666666666075e+00,1.446853457922378220e+04
6.812500000000000000e+00,1.446853441001378815e+04
6.833333333333333037e+00,1.446853429983563910e+04
6.854166666666666075e+00,1.446853424869121955e+04
6.875000000000000000e+00,1.446853425653719387e+04
6.895833333333333037e+00,1.446853432328505369e+04
6.916666666666666075e+00,1.446853444880109964e+04
6.937500000000000000e+00,1.446853463290655054e+04
6.958333333333333037e+00,1.446853487537765250e+04
6.979166666666666075e+00,1.446853517594584628e+04
7.000000000000000000e+00,1.446853553429798194e+04
7.020833333333333037e+00,1.446853595007645345e+04
7.041666666666666075e+00,1.446853642287954790e+04
7.062500000000000000e+00,1.446853695226174023e+04
7.083333333333333037e+00,1.446853753773395874e+04
7.104166666666666075e+00,1.446853817876395624e+04
7.125000000000000000e+00,1.446853887477673197e+04
7.145833333333333037e+00,1.446853962515487365e+04
7.166666666666666075e+00,1.446854042923907036e+04
7.187500000000000000e+00,1.446854128632853462e+04
7.208333333333333037e+00,1.446854219568149711e+04
7.229166666666666075e+00,1.446854315651570141e+04
7.250000000000000000e+00,1.446854416800905892e+04
7.270833333333333037e+00,1.446854522930009261e+04
7.291666666666666075e+00,1.446854633948865376e+04
7.312500000000000000e+00,1.446854749763649670e+04
7.333333333333333037e+00,1.446854870276796282e+04
7.354166666666666075e+00,1.446854995387070448e+04
7.375000000000000000e+00,1.446855124989636533e+04
7.395833333333333037e+00,1.446855258976138066e+04
7.416666666666666075e+00,1.446855397234769407e+04
7.437500000000000000e+00,1.446855539650365972e+04
7.458333333333333037e+00,1.446855686104477718e+04
7.479166666666666075e+00,1.446855836475461911e+04
7.500000000000000000e+00,1.446855990638568255e+04
7.520833333333333037e+00,1.446856148466029845e+04
7.541666666666666075e+00,1.446856309827157747e+04
7.562500000000000000e+00,1.446856474588432684e+04
7.583333333333333037e+00,1.446856642613605436e+04
7.604166666666666075e+00,1.446856813763791797e+04
7.625000000000000000e+00,1.446856987897580984e+04
7.645833333333333037e+00,1.446857164871128407e+04
7.666666666666666075e+00,1.446857344538271354e+04
7.687500000000000000e+00,1.446857526750624675e+04
7.708333333333333037e+00,1.446857711357698645e+04
7.729166666666666075e+00,1.446857898207005564e+04
7.750000000000000000e+00,1.446858087144167803e+04
7.770833333333333037e+00,1.446858278013037489e+04
7.791666666666666075e+00,1.446858470655807469e+04
7.812500000000000000e+00,1.446858664913128450e+04
7.833333333333333037e+00,1.446858860624227600e+04
7.854166666666666075e+00,1.446859057627024958e+04
7.875000000000000000e+00,1.446859255758258587e+04
7.895833333333333037e+00,1.446859454853598800e+04
7.916666666666666075e+00,1.446859654747777313e+04
7.937500000000000000e+00,1.446859855274704751e+04
7.958333333333333037e+00,1.446860056267599066e+04
7.979166666666666075e+00,1.446860257559108868e+04
8.000000000000000000e+00,1.446860458981438569e+04
8.020833333333332149e+00,1.446860660366474622e+04
8.041666666666666075e+00,1.446860861545914304e+04
8.062500000000000000e+00,1.446861062351391593e+04
8.083333333333332149e+00,1.446861262614603402e+04
8.104166666666666075e+00,1.446861462167444552e+04
8.125000000000000000e+00,1.446861660842129641e+04
8.145833333333332149e+00,1.446861858471325831e+04
8.166666666666666075e+00,1.446862054888282000e+04
8.187500000000000000e+00,1.446862249926958975e+04
8.208333333333332149e+00,1.446862443422160504e+04
8.229166666666666075e+00,1.446862635209664586e+04
8.250000000000000000e+00,1.446862825126348616e+04
8.270833333333332149e+00,1.446863013010330906e+04
8.291666666666666075e+00,1.446863198701095098e+04
8.312500000000000000e+00,1.446863382039623320e+04
8.333333333333332149e+00,1.446863562868529334e+04
8.354166666666666075e+00,1.446863741032192775e+04
8.375000000000000000e+00,1.446863916376891211e+04
8.395833333333332149e+00,1.446864088750932933e+04
8.416666666666666075e+00,1.446864258004790463e+04
8.437500000000000000e+00,1.446864423991241347e+04
8.458333333333332149e+00,1.446864586565496575e+04
8.479166666666666075e+00,1.446864745585337732e+04
8.500000000000000000e+00,1.446864900911258155e+04
8.520833333333332149e+00,1.446865052406598625e+04
8.541666666666666075e+00,1.446865199937676880e+04
8.562500000000000000e+00,1.446865343373941505e+04
8.583333333333332149e+00,1.446865482588097802e+04
8.604166666666666075e+00,1.446865617456247492e+04
8.625000000000000000e+00,1.446865747858031682e+04
8.645833333333332149e+00,1.446865873676762567e+04
8.666666666666666075e+00,1.446865994799557666e+04
8.687500000000000000e+00,1.446866111117473338e+04
8.708333333333332149e+00,1.446866222525631383e+04
8.729166666666666075e+00,1.446866328923338369e+04
8.750000000000000000e+00,1.446866430214199863e+04
8.770833333333332149e+00,1.446866526306224114e+04
8.791666666666666075e+00,1.446866617111915912e+04
8.812500000000000000e+00,1.446866702548351168e+04
8.833333333333332149e+00,1.446866782537236941e+04
8.854166666666666075e+00,1.446866857004939811e+04
8.875000000000000000e+00,1.446866925882517899e+04
8.895833333333332149e+00,1.446866989105685207e+04
8.916666666666666075e+00,1.446867046614778155e+04
8.937500000000000000e+00,1.446867098354664631e+04
8.958333333333332149e+00,1.446867144274636667e+04
8.979166666666666075e+00,1.446867184328251824e+04
9.000000000000000000e+00,1.446867218473150206e+04
9.020833333333332149e+00,1.446867246670816894e+04
9.041666666666666075e+00,1.446867268886343663e+04
9.062500000000000000e+00,1.446867285088141944e+04
9.083333333333332149e+00,1.446867295247661241e+04
9.104166666666666075e+00,1.446867299339077726e+04
9.125000000000000000e+00,1.446867297339018842e+04
9.145833333333332149e+00,1.446867289226298453e+04
9.166666666666666075e+00,1.446867274981689479e+04
9.187500000000000000e+00,1.446867254587753632e+04
9.208333333333332149e+00,1.446867228028739191e+04
9.229166666666666075e+00,1.446867195290563541e+04
9.250000000000000000e+00,1.446867156360872832e+04
9.270833333333332149e+00,1.446867111229211878e+04
9.291666666666666075e+00,1.446867059887270807e+04
9.312500000000000000e+00,1.446867002329231764e+04
9.333333333333332149e+00,1.446866938552183274e+04
9.354166666666666075e+00,1.446866868556592453e+04
9.375000000000000000e+00,1.446866792346821239e+04
9.395833333333332149e+00,1.446866709931647711e+04
9.416666666666666075e+00,1.446866621324781227e+04
9.437500000000000000e+00,1.446866526545338638e+04
9.458333333333332149e+00,1.446866425618255016e+04
9.479166666666666075e+00,1.446866318574631077e+04
9.500000000000000000e+00,1.446866205451967107e+04
9.520833333333332149e+00,1.446866086294305205e+04
9.541666666666666075e+00,1.446865961152275486e+04
9.562500000000000000e+00,1.446865830083026231e+04
9.583333333333332149e+00,1.446865693150077277e+04
9.604166666666666075e+00,1.446865550423090099e+04
9.625000000000000000e+00,1.446865401977586225e+04
9.645833333333332149e+00,1.446865247894628556e+04
9.666666666666666075e+00,1.446865088260470293e+04
9.687500000000000000e+00,1.446864923166220251e+04
9.708333333333332149e+00,1.446864752707520893e+04
9.729166666666666075e+00,1.446864576984243831e+04
9.750000000000000000e+00,1.446864396100238810e+04
9.770833333333332149e+00,1.446864210163113239e+04
9.791666666666666075e+00,1.446864019284062670e+04
9.812500000000000000e+00,1.446863823577740914e+04
9.833333333333332149e+00,1.446863623162161457e+04
9.854166666666666075e+00,1.446863418158628701e+04
9.875000000000000000e+00,1.446863208691692853e+04
9.895833333333332149e+00,1.446862994889102629e+04
9.916666666666666075e+00,1.446862776881784521e+04
9.937500000000000000e+00,1.446862554803779858e+04
9.958333333333332149e+00,1.446862328792203334e+04
9.979166666666666075e+00,1.446862098987177524e+04
1.000000000000000000e+01,1.446861865531739750e+04
1.002083333333333215e+01,1.446861628571752590e+04
1.004166666666666607e+01,1.446861388255784914e+04
1.006250000000000000e+01,1.446861144734991103e+04
1.008333333333333215e+01,1.446860898162983358e+04
1.010416666666666607e+01,1.446860648695689451e+04
1.012500000000000000e+01,1.446860396491229039e+04
1.014583333333333215e+01,1.446860141709777963e+04
1.016666666666666607e+01,1.446859884513450015e+04
1.018750000000000000e+01,1.446859625066177614e+04
1.020833333333333215e+01,1.446859363533609940e+04
1.022916666666666607e+01,1.446859100083008525e+04
1.025000000000000000e+01,1.446858834883161035e+04
1.027083333333333215e+01,1.446858568104293226e+04
1.029166666666666607e+01,1.446858299917980185e+04
1.031250000000000000e+01,1.446858030497070649e+04
1.033333333333333215e+01,1.446857760015598978e+04
1.035416666666666607e+01,1.446857488648697472e+04
1.037500000000000000e+01,1.446857216572501784e+04
1.039583333333333215e+01,1.446856943964053789e+04
1.041666666666666607e+01,1.446856671001200084e+04
1.043750000000000000e+01,1.446856397862473386e+04
1.045833333333333215e+01,1.446856124726984490e+04
1.047916666666666607e+01,1.446855851774297844e+04
1.050000000000000000e+01,1.446855579184305680e+04
1.052083333333333215e+01,1.446855307137105046e+04
1.054166666666666607e+01,1.446855035812870847e+04
1.056250000000000000e+01,1.446854765391732144e+04
1.058333333333333215e+01,1.446854496053643379e+04
1.060416666666666607e+01,1.446854227978263225e+04
1.062500000000000000e+01,1.446853961344837808e+04
1.064583333333333215e+01,1.446853696332077743e+04
1.066666666666666607e+01,1.446853433118050452e+04
1.068750000000000000e+01,1.446853171880060108e+04
1.070833333333333215e+01,1.446852912794541407e+04
1.072916666666666607e+01,1.446852656036945700e+04
1.075000000000000000e+01,1.446852401781633307e+04
1.077083333333333215e+01,1.446852150201761833e+04
1.079166666666666607e+01,1.446851901469176300e+04
1.081250000000000000e+01,1.446851655754297462e+04
1.083333333333333215e+01,1.446851413226010482e+04
1.085416666666666607e+01,1.446851174051550333e+04
1.087500000000000000e+01,1.446850938396390484e+04
1.089583333333333215e+01,1.446850706424123928e+04
1.091666666666666607e+01,1.446850478296358051e+04
1.093750000000000000e+01,1.446850254172593122e+04
1.095833333333333215e+01,1.446850034210117883e+04
1.097916666666666607e+01,1.446849818563891677e+04
1.100000000000000000e+01,1.446849607386439311e+04
1.102083333333333215e+01,1.446849400827744830e+04
1.104166666666666607e+01,1.446849199035145648e+04
1.106250000000000000e+01,1.446849002153231049e+04
1.108333333333333215e+01,1.446848810323738871e+04
1.110416666666666607e+01,1.446848623685463826e+04
1.112500000000000000e+01,1.446848442374156730e+04
1.114583333333333215e+01,1.446848266522432095e+04
1.116666666666666607e+01,1.446848096259680824e+04
1.118750000000000000e+01,1.446847931711973069e+04
1.120833333333333215e+01,1.446847773001977112e+04
1.122916666666666607e+01,1.446847620248871317e+04
1.125000000000000000e+01,1.446847473568256828e+04
1.127083333333333215e+01,1.446847333072077163e+04
1.129166666666666607e+01,1.446847198868537453e+04
1.131250000000000000e+01,1.446847071062029863e+04
1.133333333333333215e+01,1.446846949753045919e+04
1.135416666666666607e+01,1.446846835038114659e+04
1.137500000000000000e+01,1.446846727009721144e+04
1.139583333333333215e+01,1.446846625756239882e+04
1.141666666666666607e+01,1.446846531361875896e+04
1.143750000000000000e+01,1.446846443906588684e+04
1.145833333333333215e+01,1.446846363466037292e+04
1.147916666666666607e+01,1.446846290111525377e+04
1.150000000000000000e+01,1.446846223909940818e+04
1.152083333333333215e+01,1.446846164923709512e+04
1.154166666666666607e+01,1.446846113210740441e+04
1.156250000000000000e+01,1.446846068824385657e+04
1.158333333333333215e+01,1.446846031813394802e+04
1.160416666666666607e+01,1.446846002221876552e+04
1.162500000000000000e+01,1.446845980089261138e+04
1.164583333333333215e+01,1.446845965450265794e+04
1.166666666666666607e+01,1.446845958334868556e+04
1.168750000000000000e+01,1.446845958768274795e+04
1.170833333333333215e+01,1.446845966770894665e+04
1.172916666666666607e+01,1.446845982358324909e+04
1.175000000000000000e+01,1.446846005541325212e+04
1.177083333333333215e+01,1.446846036325804380e+04
1.179166666666666607e+01,1.446846074712813061e+04
1.181250000000000000e+01,1.446846120698528102e+04
1.183333333333333215e+01,1.446846174274251098e+04
1.185416666666666607e+01,1.446846235426404746e+04
1.187500000000000000e+01,1.446846304136536855e+04
1.189583333333333215e+01,1.446846380381321433e+04
1.191666666666666607e+01,1.446846464132567780e+04
1.193750000000000000e+01,1.446846555357233228e+04
1.195833333333333215e+01,1.446846654017434776e+04
1.197916666666666607e+01,1.446846760070473829e+04
1.200000000000000000e+01,1.446846873468847480e+04
1.202083333333333215e+01,1.446846994160283793e+04
1.204166666666666607e+01,1.446847122087760363e+04
1.206250000000000000e+01,1.446847257189541051e+04
1.208333333333333215e+01,1.446847399399212009e+04
1.210416666666666607e+01,1.446847548645712595e+04
1.212500000000000000e+01,1.446847704853380492e+04
1.214583333333333215e+01,1.446847867941996810e+04
1.216666666666666607e+01,1.446848037826830114e+04
1.218750000000000000e+01,1.446848214418686985e+04
1.220833333333333215e+01,1.446848397623968413e+04
1.222916666666666607e+01,1.446848587344722546e+04
1.225000000000000000e+01,1.446848783478706537e+04
1.227083333333333215e+01,1.446848985919444749e+04
1.229166666666666607e+01,1.446849194556302245e+04
1.231250000000000000e+01,1.446849409274547725e+04
1.233333333333333215e+01,1.446849629955423370e+04
1.235416666666666607e+01,1.446849856476220884e+04
1.237500000000000000e+01,1.446850088710362616e+04
1.239583333333333215e+01,1.446850326527475045e+04
1.241666666666666607e+01,1.446850569793475370e+04
1.243750000000000000e+01,1.446850818370655179e+04
1.245833333333333215e+01,1.446851072117765943e+04
1.247916666666666607e+01,1.446851330890114332e+04
1.250000000000000000e+01,1.446851594539652069e+04
1.252083333333333215e+01,1.446851862915069069e+04
1.254166666666666607e+01,1.446852135861895658e+04
1.256250000000000000e+01,1.446852413222598625e+04
1.258333333333333215e+01,1.446852694836681621e+04
1.260416666666666607e+01,1.446852980540796852e+04
1.262500000000000000e+01,1.446853270168843301e+04
1.264583333333333215e+01,1.446853563552076594e+04
1.266666666666666607e+01,1.446853860519222144e+04
1.268750000000000000e+01,1.446854160896584290e+04
1.270833333333333215e+01,1.446854464508161982e+04
1.272916666666666607e+01,1.446854771175761925e+04
1.275000000000000000e+01,1.446855080719114630e+04
1.277083333333333215e+01,1.446855392955998468e+04
1.279166666666666607e+01,1.446855707702353538e+04
1.281250000000000000e+01,1.446856024772407181e+04
1.283333333333333215e+01,1.446856343978791119e+04
1.285416666666666607e+01,1.446856665132671696e+04
1.287500000000000000e+01,1.446856988043871024e+04
1.289583333333333215e+01,1.446857312520992127e+04
1.291666666666666607e+01,1.446857638371544817e+04
1.293750000000000000e+01,1.446857965402077389e+04
1.295833333333333215e+01,1.446858293418299945e+04
1.297916666666666607e+01,1.446858622225215731e+04
1.300000000000000000e+01,1.446858951627246643e+04
1.302083333333333215e+01,1.446859281428367103e+04
1.304166666666666607e+01,1.446859611432228849e+04
1.306250000000000000e+01,1.446859941442294803e+04
1.308333333333333215e+01,1.446860271261964954e+04
1.310416666666666607e+01,1.446860600694709501e+04
1.312500000000000000e+01,1.446860929544196188e+04
1.314583333333333215e+01,1.446861257614416900e+04
1.316666666666666607e+01,1.446861584709822637e+04
1.318750000000000000e+01,1.446861910635445020e+04
1.320833333333333215e+01,1.446862235197026166e+04
1.322916666666666607e+01,1.446862558201148568e+04
1.325000000000000000e+01,1.446862879455353686e+04
1.327083333333333215e+01,1.446863198768273651e+04
1.329166666666666607e+01,1.446863515949749126e+04
1.331250000000000000e+01,1.446863830810956279e+04
1.333333333333333215e+01,1.446864143164526104e+04
1.335416666666666607e+01,1.446864452824660839e+04
1.337500000000000000e+01,1.446864759607255473e+04
1.339583333333333215e+01,1.446865063330016710e+04
1.341666666666666607e+01,1.446865363812572468e+04
1.343750000000000000e+01,1.446865660876589391e+04
1.345833333333333215e+01,1.446865954345878345e+04
1.347916666666666607e+01,1.446866244046513748e+04
1.350000000000000000e+01,1.446866529806935068e+04
1.352083333333333215e+01,1.446866811458055599e+04
1.354166666666666607e+01,1.446867088833366870e+04
1.356250000000000000e+01,1.446867361769044146e+04
1.358333333333333215e+01,1.446867630104049749e+04
1.360416666666666607e+01,1.446867893680230191e+04
1.362500000000000000e+01,1.446868152342422763e+04
1.364583333333333215e+01,1.446868405938556680e+04
1.366666666666666607e+01,1.446868654319748384e+04
1.368750000000000000e+01,1.446868897340407057e+04
1.370833333333333215e+01,1.446869134858337202e+04
1.372916666666666607e+01,1.446869366734840878e+04
1.375000000000000000e+01,1.446869592834824653e+04
1.377083333333333215e+01,1.446869813026902921e+04
1.379166666666666607e+01,1.446870027183518687e+04
1.381250000000000000e+01,1.446870235181050157e+04
1.383333333333333215e+01,1.446870436899933338e+04
1.385416666666666607e+01,1.446870632224784276e+04
1.387500000000000000e+01,1.446870821044527838e+04
1.389583333333333215e+01,1.446871003252528681e+04
1.391666666666666607e+01,1.446871178746732039e+04
1.393750000000000000e+01,1.446871347429805610e+04
1.395833333333333215e+01,1.446871509209276701e+04
1.397916666666666607e+01,1.446871663997688665e+04
1.400000000000000000e+01,1.446871811712744966e+04
1.402083333333333215e+01,1.446871952277457967e+04
1.404166666666666607e+01,1.446872085620290090e+04
1.406250000000000000e+01,1.446872211675298240e+04
1.408333333333333215e+01,1.446872330382253131e+04
1.410416666666666607e+01,1.446872441686766979e+04
1.412500000000000000e+01,1.446872545540391366e+04
1.414583333333333215e+01,1.446872641900700910e+04
1.416666666666666607e+01,1.446872730731354750e+04
1.418750000000000000e+01,1.446872812002135834e+04
1.420833333333333215e+01,1.446872885688958922e+04
1.422916666666666607e+01,1.446872951773850582e+04
1.425000000000000000e+01,1.446873010244904071e+04
1.427083333333333215e+01,1.446873061096196398e+04
1.429166666666666607e+01,1.446873104327682449e+04
1.431250000000000000e+01,1.446873139945056755e+04
1.433333333333333215e+01,1.446873167959592320e+04
1.435416666666666607e+01,1.446873188387967093e+04
1.437500000000000000e+01,1.446873201252059152e+04
1.439583333333333215e+01,1.446873206578742611e+04
1.441666666666666607e+01,1.446873204399678434e+04
1.443750000000000000e+01,1.446873194751101619e+04
1.445833333333333215e+01,1.446873177673613463e+04
1.447916666666666607e+01,1.446873153211990211e+04
1.450000000000000000e+01,1.446873121415007699e+04
1.452083333333333215e+01,1.446873082335284198e+04
1.454166666666666607e+01,1.446873036029139257e+04
1.456250000000000000e+01,1.446872982556478382e+04
1.458333333333333215e+01,1.446872921980712636e+04
1.460416666666666607e+01,1.446872854368685148e+04
1.462500000000000000e+01,1.446872779790622371e+04
1.464583333333333215e+01,1.446872698320102063e+04
1.466666666666666607e+01,1.446872610034050740e+04
1.468750000000000000e+01,1.446872515012724762e+04
1.470833333333333215e+01,1.446872413339727427e+04
1.472916666666666607e+01,1.446872305102003884e+04
1.475000000000000000e+01,1.446872190389860771e+04
1.477083333333333215e+01,1.446872069296962945e+04
1.479166666666666607e+01,1.446871941920344761e+04
1.481250000000000000e+01,1.446871808360396972e+04
1.483333333333333215e+01,1.446871668720857997e+04
1.485416666666666607e+01,1.446871523108792462e+04
1.487500000000000000e+01,1.446871371634567549e+04
1.489583333333333215e+01,1.446871214411815890e+04
1.491666666666666607e+01,1.446871051557391183e+04
1.493750000000000000e+01,1.446870883191319081e+04
1.495833333333333215e+01,1.446870709436746984e+04
1.497916666666666607e+01,1.446870530419885472e+04
1.500000000000000000e+01,1.446870346269944275e+04
1.502083333333333215e+01,1.446870157119063879e+04
1.504166666666666607e+01,1.446869963102258043e+04
1.506250000000000000e+01,1.446869764357331951e+04
1.508333333333333215e+01,1.446869561024814539e+04
1.510416666666666607e+01,1.446869353247882100e+04
1.512500000000000000e+01,1.446869141172280797e+04
1.514583333333333215e+01,1.446868924946245534e+04
1.516666666666666607e+01,1.446868704720409005e+04
1.518750000000000000e+01,1.446868480647722390e+04
1.520833333333333215e+01,1.446868252883363675e+04
1.522916666666666607e+01,1.446868021584633243e+04
1.525000000000000000e+01,1.446867786910865107e+04
1.527083333333333215e+01,1.446867549023318134e+04
1.529166666666666607e+01,1.446867308085078912e+04
1.531250000000000000e+01,1.446867064260948246e+04
1.533333333333333215e+01,1.446866817717333106e+04
1.535416666666666607e+01,1.446866568622134218e+04
1.537500000000000000e+01,1.446866317144632922e+04
1.539583333333333215e+01,1.446866063455382755e+04
1.541666666666666607e+01,1.446865807726083585e+04
1.543750000000000000e+01,1.446865550129472467e+04
1.545833333333333215e+01,1.446865290839206136e+04
1.547916666666666607e+01,1.446865030029744230e+04
1.550000000000000000e+01,1.446864767876235055e+04
1.552083333333333215e+01,1.446864504554394807e+04
1.554166666666666607e+01,1.446864240240388608e+04
1.556250000000000000e+01,1.446863975110721731e+04
1.558333333333333215e+01,1.446863709342113361e+04
1.560416666666666607e+01,1.446863443111386005e+04
1.562500000000000000e+01,1.446863176595339246e+04
1.564583333333333215e+01,1.446862909970635883e+04
1.566666666666666607e+01,1.446862643413687329e+04
1.568750000000000000e+01,1.446862377100527374e+04
1.570833333333333215e+01,1.446862111206695408e+04
1.572916666666666607e+01,1.446861845907117095e+04
1.575000000000000000e+01,1.446861581375992682e+04
1.577083333333333215e+01,1.446861317786670406e+04
1.579166666666666607e+01,1.446861055311529708e+04
1.581250000000000000e+01,1.446860794121864092e+04
1.583333333333333215e+01,1.446860534387772350e+04
1.585416666666666607e+01,1.446860276278034507e+04
1.587500000000000000e+01,1.446860019959997589e+04
1.589583333333333215e+01,1.446859765599465754e+04
1.591666666666666607e+01,1.446859513360587152e+04
1.593750000000000000e+01,1.446859263405747333e+04
1.595833333333333215e+01,1.446859015895449193e+04
1.597916666666666607e+01,1.446858770988209289e+04
1.600000000000000000e+01,1.446858528840458894e+04
1.602083333333333215e+01,1.446858289606423932e+04
1.604166666666666430e+01,1.446858053438032584e+04
1.606250000000000000e+01,1.446857820484807235e+04
1.608333333333333215e+01,1.446857590893761881e+04
1.610416666666666430e+01,1.446857364809306455e+04
1.612500000000000000e+01,1.446857142373145325e+04
1.614583333333333215e+01,1.446856923724183071e+04
1.616666666666666430e+01,1.446856708998429895e+04
1.618750000000000000e+01,1.446856498328906673e+04
1.620833333333333215e+01,1.446856291845556188e+04
1.622916666666666430e+01,1.446856089675157273e+04
1.625000000000000000e+01,1.446855891941233494e+04
1.627083333333333215e+01,1.446855698763969122e+04
1.629166666666666430e+01,1.446855510260131268e+04
1.631250000000000000e+01,1.446855326542989496e+04
1.633333333333333215e+01,1.446855147722235415e+04
1.635416666666666430e+01,1.446854973903908103e+04
1.637500000000000000e+01,1.446854805190327534e+04
1.639583333333333215e+01,1.446854641680018540e+04
1.641666666666666430e+01,1.446854483467647151e+04
1.643750000000000000e+01,1.446854330643955473e+04
1.645833333333333215e+01,1.446854183295698022e+04
1.647916666666666430e+01,1.446854041505586792e+04
1.650000000000000000e+01,1.446853905352230504e+04
1.652083333333333215e+01,1.446853774910082939e+04
1.654166666666666430e+01,1.446853650249393104e+04
1.656250000000000000e+01,1.446853531436156482e+04
1.658333333333333215e+01,1.446853418532068463e+04
1.660416666666666430e+01,1.446853311594485785e+04
1.662500000000000000e+01,1.446853210676381423e+04
1.664583333333333215e+01,1.446853115826319117e+04
1.666666666666666430e+01,1.446853027088407543e+04
1.668750000000000000e+01,1.446852944502281753e+04
1.670833333333333215e+01,1.446852868103065703e+04
1.672916666666666430e+01,1.446852797921358069e+04
1.675000000000000000e+01,1.446852733983208600e+04
1.677083333333333215e+01,1.446852676310097013e+04
1.679166666666666430e+01,1.446852624918922811e+04
1.681250000000000000e+01,1.446852579821995096e+04
1.683333333333333215e+01,1.446852541027020561e+04
1.685416666666666430e+01,1.446852508537104222e+04
1.687500000000000000e+01,1.446852482350743230e+04
1.689583333333333215e+01,1.446852462461834511e+04
1.691666666666666430e+01,1.446852448859671131e+04
1.693750000000000000e+01,1.446852441528961936e+04
1.695833333333333215e+01,1.446852440449831556e+04
1.697916666666666430e+01,1.446852445597849146e+04
1.700000000000000000e+01,1.446852456944029473e+04
1.702083333333333215e+01,1.446852474454870753e+04
1.704166666666666430e+01,1.446852498092367023e+04
1.706250000000000000e+01,1.446852527814043424e+04
1.708333333333333215e+01,1.446852563572980580e+04
1.710416666666666430e+01,1.446852605317857888e+04
1.712500000000000000e+01,1.446852652992981893e+04
1.714583333333333215e+01,1.446852706538331404e+04
1.716666666666666430e+01,1.446852765889596049e+04
1.718750000000000000e+01,1.446852830978233396e+04
1.720833333333333215e+01,1.446852901731505699e+04
1.722916666666666430e+01,1.446852978072542101e+04
1.725000000000000000e+01,1.446853059920389933e+04
1.727083333333333215e+01,1.446853147190072559e+04
1.729166666666666430e+01,1.446853239792657041e+04
1.731250000000000000e+01,1.446853337635309435e+04
1.733333333333333215e+01,1.446853440621369737e+04
1.735416666666666430e+01,1.446853548650418452e+04
1.737500000000000000e+01,1.446853661618348633e+04
1.739583333333333215e+01,1.446853779417448095e+04
1.741666666666666430e+01,1.446853901936465263e+04
1.743750000000000000e+01,1.446854029060702305e+04
1.745833333333333215e+01,1.446854160672091894e+04
1.747916666666666430e+01,1.446854296649284515e+04
1.750000000000000000e+01,1.446854436867738332e+04
1.752083333333333215e+01,1.446854581199806125e+04
1.754166666666666430e+01,1.446854729514833889e+04
1.756250000000000000e+01,1.446854881679252503e+04
1.758333333333333215e+01,1.446855037556674870e+04
1.760416666666666430e+01,1.446855197007997776e+04
1.762500000000000000e+01,1.446855359891504122e+04
1.764583333333333215e+01,1.446855526062964418e+04
1.766666666666666430e+01,1.446855695375744108e+04
1.768750000000000000e+01,1.446855867680910887e+04
1.770833333333333215e+01,1.446856042827347483e+04
1.772916666666666430e+01,1.446856220661857878e+04
1.775000000000000000e+01,1.446856401029281551e+04
1.777083333333333215e+01,1.446856583772612066e+04
1.779166666666666430e+01,1.446856768733108765e+04
1.781250000000000000e+01,1.446856955750418638e+04
1.783333333333333215e+01,1.446857144662690916e+04
1.785416666666666430e+01,1.446857335306701498e+04
1.787500000000000000e+01,1.446857527517972630e+04
1.789583333333333215e+01,1.446857721130895152e+04
1.791666666666666430e+01,1.446857915978856181e+04
1.793750000000000000e+01,1.446858111894359899e+04
1.795833333333333215e+01,1.446858308709158155e+04
1.797916666666666430e+01,1.446858506254373788e+04
1.800000000000000000e+01,1.446858704360628326e+04
1.802083333333333215e+01,1.446858902858174406e+04
1.804166666666666430e+01,1.446859101577022011e+04
1.806250000000000000e+01,1.446859300347071257e+04
1.808333333333333215e+01,1.446859498998240088e+04
1.810416666666666430e+01,1.446859697360593782e+04
1.812500000000000000e+01,1.446859895264485021e+04
1.814583333333333215e+01,1.446860092540675032e+04
1.816666666666666430e+01,1.446860289020473283e+04
1.818750000000000000e+01,1.446860484535866271e+04
1.820833333333333215e+01,1.446860678919652128e+04
1.822916666666666430e+01,1.446860872005569399e+04
1.825000000000000000e+01,1.446861063628436023e+04
1.827083333333333215e+01,1.446861253624273741e+04
1.829166666666666430e+01,1.446861441830446711e+04
1.831250000000000000e+01,1.446861628085789562e+04
1.833333333333333215e+01,1.446861812230739815e+04
1.835416666666666430e+01,1.446861994107468126e+04
1.837500000000000000e+01,1.446862173560009251e+04
1.839583333333333215e+01,1.446862350434388645e+04
1.841666666666666430e+01,1.446862524578752709e+04
1.843750000000000000e+01,1.446862695843493202e+04
1.845833333333333215e+01,1.446862864081372391e+04
1.847916666666666430e+01,1.446863029147647831e+04
1.850000000000000000e+01,1.446863190900192058e+04
1.852083333333333215e+01,1.446863349199607546e+04
1.854166666666666430e+01,1.446863503909346036e+04
1.856250000000000000e+01,1.446863654895822037e+04
1.858333333333333215e+01,1.446863802028515420e+04
1.860416666666666430e+01,1.446863945180077644e+04
1.862500000000000000e+01,1.446864084226433988e+04
1.864583333333333215e+01,1.446864219046870858e+04
1.866666666666666430e+01,1.446864349524129648e+04
1.868750000000000000e+01,1.446864475544482411e+04
1.870833333333333215e+01,1.446864596997810804e+04
1.872916666666666430e+01,1.446864713777667566e+04
1.875000000000000000e+01,1.446864825781332547e+04
1.877083333333333215e+01,1.446864932909865092e+04
1.879166666666666430e+01,1.446865035068144061e+04
1.881250000000000000e+01,1.446865132164889656e+04
1.883333333333333215e+01,1.446865224112685610e+04
1.885416666666666430e+01,1.446865310827992289e+04
1.887500000000000000e+01,1.446865392231142323e+04
1.889583333333333215e+01,1.446865468246326418e+04
1.891666666666666430e+01,1.446865538801580624e+04
1.893750000000000000e+01,1.446865603828755775e+04
1.895833333333333215e+01,1.446865663263485112e+04
1.897916666666666430e+01,1.446865717045148631e+04
1.900000000000000000e+01,1.446865765116824332e+04
1.902083333333333215e+01,1.446865807425255116e+04
1.904166666666666430e+01,1.446865843920803673e+04
1.906250000000000000e+01,1.446865874557414281e+04
1.908333333333333215e+01,1.446865899292584800e+04
1.910416666666666430e+01,1.446865918087346290e+04
1.912500000000000000e+01,1.446865930906245194e+04
1.914583333333333215e+01,1.446865937717355700e+04
1.916666666666666430e+01,1.446865938492288842e+04
1.918750000000000000e+01,1.446865933206225236e+04
1.920833333333333215e+01,1.446865921837968199e+04
1.922916666666666430e+01,1.446865904370004864e+04
1.925000000000000000e+01,1.446865880788586219e+04
1.927083333333333215e+01,1.446865851083817688e+04
1.929166666666666430e+01,1.446865815249766456e+04
1.931250000000000000e+01,1.446865773284573152e+04
1.933333333333333215e+01,1.446865725190569719e+04
1.935416666666666430e+01,1.446865670974395471e+04
1.937500000000000000e+01,1.446865610647115318e+04
1.939583333333333215e+01,1.446865544224337646e+04
1.941666666666666430e+01,1.446865471726307078e+04
1.943750000000000000e+01,1.446865393177993610e+04
1.945833333333333215e+01,1.446865308609171916e+04
1.947916666666666430e+01,1.446865218054475918e+04
1.950000000000000000e+01,1.446865121553433710e+04
1.952083333333333215e+01,1.446865019150484659e+04
1.954166666666666430e+01,1.446864910894985587e+04
1.956250000000000000e+01,1.446864796841181669e+04
1.958333333333333215e+01,1.446864677048173689e+04
1.960416666666666430e+01,1.446864551579863110e+04
1.962500000000000000e+01,1.446864420504890950e+04
1.964583333333333215e+01,1.446864283896552297e+04
1.966666666666666430e+01,1.446864141832713358e+04
1.968750000000000000e+01,1.446863994395720511e+04
1.970833333333333215e+01,1.446863841672297713e+04
1.972916666666666430e+01,1.446863683753450459e+04
1.975000000000000000e+01,1.446863520734359554e+04
1.977083333333333215e+01,1.446863352714279608e+04
1.979166666666666430e+01,1.446863179796441909e+04
1.981250000000000000e+01,1.446863002087947098e+04
1.983333333333333215e+01,1.446862819699666943e+04
1.985416666666666430e+01,1.446862632746152667e+04
1.987500000000000000e+01,1.446862441345524712e+04
1.989583333333333215e+01,1.446862245619381065e+04
1.991666666666666430e+01,1.446862045692708489e+04
1.993750000000000000e+01,1.446861841693765746e+04
1.995833333333333215e+01,1.446861633754002469e+04
1.997916666666666430e+01,1.446861422007948204e+04
2.000000000000000000e+01,1.446861206593118186e+04
2.002083333333333215e+01,1.446860987649906747e+04
2.004166666666666430e+01,1.446860765321490180e+04
2.006250000000000000e+01,1.446860539753713601e+04
2.008333333333333215e+01,1.446860311094997451e+04
2.010416666666666430e+01,1.446860079496222170e+04
2.012500000000000000e+01,1.446859845110628521e+04
2.014583333333333215e+01,1.446859608093706265e+04
2.016666666666666430e+01,1.446859368603092662e+04
2.018750000000000000e+01,1.446859126798460420e+04
2.020833333333333215e+01,1.446858882841415470e+04
2.022916666666666430e+01,1.446858636895386735e+04
2.025000000000000000e+01,1.446858389125520262e+04
2.027083333333333215e+01,1.446858139698568993e+04
2.029166666666666430e+01,1.446857888782788359e+04
2.031250000000000000e+01,1.446857636547822767e+04
2.033333333333333215e+01,1.446857383164601197e+04
2.035416666666666430e+01,1.446857128805221146e+04
2.037500000000000000e+01,1.446856873642840947e+04
2.039583333333333215e+01,1.446856617851565170e+04
2.041666666666666430e+01,1.446856361606329665e+04
2.043750000000000000e+01,1.446856105082794966e+04
2.045833333333333215e+01,1.446855848457217871e+04
2.047916666666666430e+01,1.446855591906347399e+04
2.050000000000000000e+01,1.446855335607299276e+04
2.052083333333333215e+01,1.446855079737444248e+04
2.054166666666666430e+01,1.446854824474288762e+04
2.056250000000000000e+01,1.446854569995355996e+04
2.058333333333333215e+01,1.446854316478067631e+04
2.060416666666666430e+01,1.446854064099625975e+04
2.062500000000000000e+01,1.446853813036895735e+04
2.064583333333333215e+01,1.446853563466289415e+04
2.066666666666666430e+01,1.446853315563643628e+04
2.068750000000000000e+01,1.446853069504104496e+04
2.070833333333333215e+01,1.446852825462012333e+04
2.072916666666666430e+01,1.446852583610780857e+04
2.075000000000000000e+01,1.446852344122784416e+04
2.077083333333333215e+01,1.446852107169239389e+04
2.079166666666666430e+01,1.446851872920090318e+04
2.081250000000000000e+01,1.446851641543890946e+04
2.083333333333333215e+01,1.446851413207696532e+04
2.085416666666666430e+01,1.446851188076944527e+04
2.087500000000000000e+01,1.446850966315342157e+04
2.089583333333333215e+01,1.446850748084756924e+04
2.091666666666666430e+01,1.446850533545099461e+04
2.093750000000000000e+01,1.446850322854224942e+04
2.095833333333333215e+01,1.446850116167806846e+04
2.097916666666666430e+01,1.446849913639244915e+04
2.100000000000000000e+01,1.446849715419549466e+04
2.102083333333333215e+01,1.446849521657240257e+04
2.104166666666666430e+01,1.446849332498236981e+04
2.106250000000000000e+01,1.446849148085767229e+04
2.108333333333333215e+01,1.446848968560255526e+04
2.110416666666666430e+01,1.446848794059231295e+04
2.112500000000000000e+01,1.446848624717229177e+04
2.114583333333333215e+01,1.446848460665692619e+04
2.116666666666666430e+01,1.446848302032884385e+04
2.118750000000000000e+01,1.446848148943792694e+04
2.120833333333333215e+01,1.446848001520040270e+04
2.122916666666666430e+01,1.446847859879801763e+04
2.125000000000000000e+01,1.446847724137712066e+04
2.127083333333333215e+01,1.446847594404791016e+04
2.129166666666666430e+01,1.446847470788355349e+04
2.131250000000000000e+01,1.446847353391943034e+04
2.133333333333333215e+01,1.446847242315241965e+04
2.135416666666666430e+01,1.446847137654007747e+04
2.137500000000000000e+01,1.446847039499998209e+04
2.139583333333333215e+01,1.446846947940902828e+04
2.141666666666666430e+01,1.446846863060277974e+04
2.143750000000000000e+01,1.446846784937483244e+04
2.145833333333333215e+01,1.446846713647619254e+04
2.147916666666666430e+01,1.446846649261473431e+04
2.150000000000000000e+01,1.446846591845459989e+04
2.152083333333333215e+01,1.446846541461572997e+04
2.154166666666666430e+01,1.446846498167333266e+04
2.156250000000000000e+01,1.446846462015745783e+04
2.158333333333333215e+01,1.446846433055252055e+04
2.160416666666666430e+01,1.446846411329692273e+04
2.162500000000000000e+01,1.446846396878270752e+04
2.164583333333333215e+01,1.446846389735513731e+04
2.166666666666666430e+01,1.446846389931248632e+04
2.168750000000000000e+01,1.446846397490568415e+04
2.170833333333333215e+01,1.446846412433809746e+04
2.172916666666666430e+01,1.446846434776529713e+04
2.175000000000000000e+01,1.446846464529491641e+04
2.177083333333333215e+01,1.446846501698644352e+04
2.179166666666666430e+01,1.446846546285112709e+04
2.181250000000000000e+01,1.446846598285191430e+04
2.183333333333333215e+01,1.446846657690335996e+04
2.185416666666666430e+01,1.446846724487161191e+04
2.187500000000000000e+01,1.446846798657441832e+04
2.189583333333333215e+01,1.446846880178121864e+04
2.191666666666666430e+01,1.446846969021316545e+04
2.193750000000000000e+01,1.446847065154326629e+04
2.195833333333333215e+01,1.446847168539648192e+04
2.197916666666666430e+01,1.446847279134995915e+04
2.200000000000000000e+01,1.446847396893328187e+04
2.202083333333333215e+01,1.446847521762854740e+04
2.204166666666666430e+01,1.446847653687081038e+04
2.206250000000000000e+01,1.446847792604830101e+04
2.208333333333333215e+01,1.446847938450283982e+04
2.210416666666666430e+01,1.446848091153011046e+04
2.212500000000000000e+01,1.446848250638012905e+04
2.214583333333333215e+01,1.446848416825768800e+04
2.216666666666666430e+01,1.446848589632280346e+04
2.218750000000000000e+01,1.446848768969121738e+04
2.220833333333333215e+01,1.446848954743488866e+04
2.222916666666666430e+01,1.446849146858267341e+04
2.225000000000000000e+01,1.446849345212079788e+04
2.227083333333333215e+01,1.446849549699350973e+04
2.229166666666666430e+01,1.446849760210377281e+04
2.231250000000000000e+01,1.446849976631391837e+04
2.233333333333333215e+01,1.446850198844632905e+04
2.235416666666666430e+01,1.446850426728425009e+04
2.237500000000000000e+01,1.446850660157248785e+04
2.239583333333333215e+01,1.446850899001822472e+04
2.241666666666666430e+01,1.446851143129186312e+04
2.243750000000000000e+01,1.446851392402785496e+04
2.245833333333333215e+01,1.446851646682556020e+04
2.247916666666666430e+01,1.446851905825018184e+04
2.250000000000000000e+01,1.446852169683365719e+04
2.252083333333333215e+01,1.446852438107564012e+04
2.254166666666666430e+01,1.446852710944442515e+04
2.256250000000000000e+01,1.446852988037799150e+04
2.258333333333333215e+01,1.446853269228498175e+04
2.260416666666666430e+01,1.446853554354576409e+04
2.262500000000000000e+01,1.446853843251347280e+04
2.264583333333333215e+01,1.446854135751511058e+04
2.266666666666666430e+01,1.446854431685260715e+04
2.268750000000000000e+01,1.446854730880398711e+04
2.270833333333333215e+01,1.446855033162443942e+04
2.272916666666666430e+01,1.446855338354756168e+04
2.275000000000000000e+01,1.446855646278637141e+04
2.277083333333333215e+01,1.446855956753468490e+04
2.279166666666666430e+01,1.446856269596818311e+04
2.281250000000000000e+01,1.446856584624559400e+04
2.283333333333333215e+01,1.446856901651004227e+04
2.285416666666666430e+01,1.446857220489016254e+04
2.287500000000000000e+01,1.446857540950143084e+04
2.289583333333333215e+01,1.446857862844731790e+04
2.291666666666666430e+01,1.446858185982065334e+04
2.293750000000000000e+01,1.446858510170484078e+04
2.295833333333333215e+01,1.446858835217514206e+04
2.297916666666666430e+01,1.446859160929993232e+04
2.300000000000000000e+01,1.446859487114204239e+04
2.302083333333333215e+01,1.446859813576000670e+04
2.304166666666666430e+01,1.446860140120933283e+04
2.306250000000000000e+01,1.446860466554386949e+04
2.308333333333333215e+01,1.446860792681700332e+04
2.310416666666666430e+01,1.446861118308301593e+04
2.312500000000000000e+01,1.446861443239834625e+04
2.314583333333333215e+01,1.446861767282286382e+04
2.316666666666666430e+01,1.446862090242118575e+04
2.318750000000000000e+01,1.446862411926386994e+04
2.320833333333333215e+01,1.446862732142876848e+04
2.322916666666666430e+01,1.446863050700224630e+04
2.325000000000000000e+01,1.446863367408037448e+04
2.327083333333333215e+01,1.446863682077025078e+04
2.329166666666666430e+01,1.446863994519117841e+04
2.331250000000000000e+01,1.446864304547584106e+04
2.333333333333333215e+01,1.446864611977152163e+04
2.335416666666666430e+01,1.446864916624131729e+04
2.337500000000000000e+01,1.446865218306522365e+04
2.339583333333333215e+01,1.446865516844129888e+04
2.341666666666666430e+01,1.446865812058682059e+04
2.343750000000000000e+01,1.446866103773934447e+04
2.345833333333333215e+01,1.446866391815775933e+04
2.347916666666666430e+01,1.446866676012342214e+04
2.350000000000000000e+01,1.446866956194115846e+04
2.352083333333333215e+01,1.446867232194028838e+04
2.354166666666666430e+01,1.446867503847560147e+04
2.356250000000000000e+01,1.446867770992836449e+04
2.358333333333333215e+01,1.446868033470737282e+04
2.360416666666666430e+01,1.446868291124979805e+04
2.362500000000000000e+01,1.446868543802219938e+04
2.364583333333333215e+01,1.446868791352148764e+04
2.366666666666666430e+01,1.446869033627588215e+04
2.368750000000000000e+01,1.446869270484589288e+04
2.370833333333333215e+01,1.446869501782527732e+04
2.372916666666666430e+01,1.446869727384207363e+04
2.375000000000000000e+01,1.446869947155967020e+04
2.377083333333333215e+01,1.446870160967786069e+04
2.379166666666666430e+01,1.446870368693400815e+04
2.381250000000000000e+01,1.446870570210428195e+04
2.383333333333333215e+01,1.446870765400486562e+04
2.385416666666666430e+01,1.446870954149334284e+04
2.387500000000000000e+01,1.446871136347017455e+04
2.389583333333333215e+01,1.446871311888015407e+04
2.391666666666666430e+01,1.446871480671405880e+04
2.393750000000000000e+01,1.446871642601029816e+04
2.395833333333333215e+01,1.446871797585672175e+04
2.397916666666666430e+01,1.446871945539236549e+04
2.400000000000000000e+01,1.446872086380933615e+04
2.402083333333333215e+01,1.446872220035463397e+04
2.404166666666666430e+01,1.446872346433199709e+04
2.406250000000000000e+01,1.446872465510359689e+04
2.408333333333333215e+01,1.446872577209167139e+04
2.410416666666666430e+01,1.446872681478000231e+04
2.412500000000000000e+01,1.446872778271512288e+04
2.414583333333333215e+01,1.446872867550728915e+04
2.416666666666666430e+01,1.446872949283106936e+04
2.418750000000000000e+01,1.446873023442568228e+04
2.420833333333333215e+01,1.446873090009483712e+04
2.422916666666666430e+01,1.446873148970615875e+04
2.425000000000000000e+01,1.446873200319026364e+04
2.427083333333333215e+01,1.446873244053934104e+04
2.429166666666666430e+01,1.446873280180538859e+04
2.431250000000000000e+01,1.446873308709806224e+04
2.433333333333333215e+01,1.446873329658227158e+04
2.435416666666666430e+01,1.446873343047553863e+04
2.437500000000000000e+01,1.446873348904524755e+04
2.439583333333333215e+01,1.446873347260576702e+04
2.441666666666666430e+01,1.446873338151573262e+04
2.443750000000000000e+01,1.446873321617538750e+04
2.445833333333333215e+01,1.446873297702412310e+04
2.447916666666666430e+01,1.446873266453829638e+04
2.450000000000000000e+01,1.446873227922940714e+04
2.452083333333333215e+01,1.446873182164261380e+04
2.454166666666666430e+01,1.446873129235557644e+04
2.456250000000000000e+01,1.446873069197766745e+04
2.458333333333333215e+01,1.446873002114956762e+04
2.460416666666666430e+01,1.446872928054316435e+04
2.462500000000000000e+01,1.446872847086155525e+04
2.464583333333333215e+01,1.446872759283943742e+04
2.466666666666666430e+01,1.446872664724350034e+04
2.468750000000000000e+01,1.446872563487292791e+04
2.470833333333333215e+01,1.446872455655988597e+04
2.472916666666666430e+01,1.446872341316998791e+04
2.475000000000000000e+01,1.446872220560273854e+04
2.477083333333333215e+01,1.446872093479172327e+04
2.479166666666666430e+01,1.446871960170485545e+04
2.481250000000000000e+01,1.446871820734431458e+04
2.483333333333333215e+01,1.446871675274649169e+04
2.485416666666666430e+01,1.446871523898172018e+04
2.487500000000000000e+01,1.446871366715398108e+04
2.489583333333333215e+01,1.446871203840036469e+04
2.491666666666666430e+01,1.446871035389065946e+04
2.493750000000000000e+01,1.446870861482672626e+04
2.495833333333333215e+01,1.446870682244194904e+04
2.497916666666666430e+01,1.446870497800049634e+04
2.500000000000000000e+01,1.446870308279677556e+04
2.502083333333333215e+01,1.446870113815472359e+04
2.504166666666666430e+01,1.446869914542714832e+04
2.506250000000000000e+01,1.446869710599496830e+04
2.508333333333333215e+01,1.446869502126660154e+04
2.510416666666666430e+01,1.446869289267717249e+04
2.512500000000000000e+01,1.446869072168773346e+04
2.514583333333333215e+01,1.446868850978447881e+04
2.516666666666666430e+01,1.446868625847788644e+04
2.518750000000000000e+01,1.446868396930183735e+04
2.520833333333333215e+01,1.446868164381267343e+04
2.522916666666666430e+01,1.446867928358819699e+04
2.525000000000000000e+01,1.446867689022659761e+04
2.527083333333333215e+01,1.446867446534550618e+04
2.529166666666666430e+01,1.446867201058077990e+04
2.531250000000000000e+01,1.446866952758544721e+04
2.533333333333333215e+01,1.446866701802851458e+04
2.535416666666666430e+01,1.446866448359388232e+04
2.537500000000000000e+01,1.446866192597906775e+04
2.539583333333333215e+01,1.446865934689416099e+04
2.541666666666666430e+01,1.446865674806058087e+04
2.543750000000000000e+01,1.446865413120994708e+04
2.545833333333333215e+01,1.446865149808288334e+04
2.547916666666666430e+01,1.446864885042789683e+04
2.550000000000000000e+01,1.446864619000020321e+04
2.552083333333333215e+01,1.446864351856054054e+04
2.554166666666666430e+01,1.446864083787405980e+04
2.556250000000000000e+01,1.446863814970911699e+04
2.558333333333333215e+01,1.446863545583613814e+04
2.560416666666666430e+01,1.446863275802640055e+04
2.562500000000000000e+01,1.446863005805088687e+04
2.564583333333333215e+01,1.446862735767909908e+04
2.566666666666666430e+01,1.446862465867783249e+04
2.568750000000000000e+01,1.446862196280997887e+04
2.570833333333333215e+01,1.446861927183339503e+04
2.572916666666666430e+01,1.446861658749961134e+04
2.575000000000000000e+01,1.446861391155272213e+04
2.577083333333333215e+01,1.446861124572810513e+04
2.579166666666666430e+01,1.446860859175133010e+04
2.581250000000000000e+01,1.446860595133691822e+04
2.583333333333333215e+01,1.446860332618722168e+04
2.585416666666666430e+01,1.446860071799120851e+04
2.587500000000000000e+01,1.446859812842341125e+04
2.589583333333333215e+01,1.446859555914270459e+04
2.591666666666666430e+01,1.446859301179125032e+04
2.593750000000000000e+01,1.446859048799338780e+04
2.595833333333333215e+01,1.446858798935448795e+04
2.597916666666666430e+01,1.446858551745997102e+04
2.600000000000000000e+01,1.446858307387412060e+04
2.602083333333333215e+01,1.446858066013913049e+04
2.604166666666666430e+01,1.446857827777402781e+04
2.606250000000000000e+01,1.446857592827361441e+04
2.608333333333333215e+01,1.446857361310750639e+04
2.610416666666666430e+01,1.446857133371911550e+04
2.612500000000000000e+01,1.446856909152465596e+04
2.614583333333333215e+01,1.446856688791216948e+04
2.616666666666666430e+01,1.446856472424063031e+04
2.618750000000000000e+01,1.446856260183898121e+04
2.620833333333333215e+01,1.446856052200520935e+04
2.622916666666666430e+01,1.446855848600550598e+04
2.625000000000000000e+01,1.446855649507337148e+04
2.627083333333333215e+01,1.446855455040878587e+04
2.629166666666666430e+01,1.446855265317736485e+04
2.631250000000000000e+01,1.446855080450964670e+04
2.633333333333333215e+01,1.446854900550021921e+04
2.635416666666666430e+01,1.446854725720704664e+04
2.637500000000000000e+01,1.446854556065068391e+04
2.639583333333333215e+01,1.446854391681369088e+04
2.641666666666666430e+01,1.446854232663986841e+04
2.643750000000000000e+01,1.446854079103362892e+04
2.645833333333333215e+01,1.446853931085941440e+04
2.647916666666666430e+01,1.446853788694109971e+04
2.650000000000000000e+01,1.446853652006138509e+04
2.652083333333333215e+01,1.446853521096133045e+04
2.654166666666666430e+01,1.446853396033979516e+04
2.656250000000000000e+01,1.446853276885299420e+04
2.658333333333333215e+01,1.446853163711401430e+04
2.660416666666666430e+01,1.446853056569239925e+04
2.662500000000000000e+01,1.446852955511381879e+04
2.664583333333333215e+01,1.446852860585963936e+04
2.666666666666666430e+01,1.446852771836660759e+04
2.668750000000000000e+01,1.446852689302657018e+04
2.670833333333333215e+01,1.446852613018623379e+04
2.672916666666666430e+01,1.446852543014683761e+04
2.675000000000000000e+01,1.446852479316406607e+04
2.677083333333333215e+01,1.446852421944779417e+04
2.679166666666666430e+01,1.446852370916198197e+04
2.681250000000000000e+01,1.446852326242454728e+04
2.683333333333333215e+01,1.446852287930733655e+04
2.685416666666666430e+01,1.446852255983600116e+04
2.687500000000000000e+01,1.446852230399008840e+04
2.689583333333333215e+01,1.446852211170296869e+04
2.691666666666666430e+01,1.446852198286191197e+04
2.693750000000000000e+01,1.446852191730824779e+04
2.695833333333333215e+01,1.446852191483737988e+04
2.697916666666666430e+01,1.446852197519898982e+04
2.700000000000000000e+01,1.446852209809721171e+04
2.702083333333333215e+01,1.446852228319085043e+04
2.704166666666666430e+01,1.446852253009362175e+04
2.706250000000000000e+01,1.446852283837442155e+04
2.708333333333333215e+01,1.446852320755766414e+04
2.710416666666666430e+01,1.446852363712360602e+04
2.712500000000000000e+01,1.446852412650869883e+04
2.714583333333333215e+01,1.446852467510605857e+04
2.716666666666666430e+01,1.446852528226584036e+04
2.718750000000000000e+01,1.446852594729572593e+04
2.720833333333333215e+01,1.446852666946142926e+04
2.722916666666666430e+01,1.446852744798721324e+04
2.725000000000000000e+01,1.446852828205647529e+04
2.727083333333333215e+01,1.446852917081230407e+04
2.729166666666666430e+01,1.446853011335810515e+04
2.731250000000000000e+01,1.446853110875823404e+04
2.733333333333333215e+01,1.446853215603872377e+04
2.735416666666666430e+01,1.446853325418791428e+04
2.737500000000000000e+01,1.446853440215724549e+04
2.739583333333333215e+01,1.446853559886198127e+04
2.741666666666666430e+01,1.446853684318198066e+04
2.743750000000000000e+01,1.446853813396253827e+04
2.745833333333333215e+01,1.446853947001521738e+04
2.747916666666666430e+01,1.446854085011869756e+04
2.750000000000000000e+01,1.446854227301965147e+04
2.752083333333333215e+01,1.446854373743367614e+04
2.754166666666666430e+01,1.446854524204622066e+04
2.756250000000000000e+01,1.446854678551351753e+04
2.758333333333333215e+01,1.446854836646360855e+04
2.760416666666666430e+01,1.446854998349729431e+04
2.762500000000000000e+01,1.446855163518917834e+04
2.764583333333333215e+01,1.446855332008869664e+04
2.766666666666666430e+01,1.446855503672121267e+04
2.768750000000000000e+01,1.446855678358905789e+04
2.770833333333333215e+01,1.446855855917262670e+04
2.772916666666666430e+01,1.446856036193150430e+04
2.775000000000000000e+01,1.446856219030562352e+04
2.777083333333333215e+01,1.446856404271638166e+04
2.779166666666666430e+01,1.446856591756779380e+04
2.781250000000000000e+01,1.446856781324770418e+04
2.783333333333333215e+01,1.446856972812896493e+04
2.785416666666666430e+01,1.446857166057062204e+04
2.787500000000000000e+01,1.446857360891916323e+04
2.789583333333333215e+01,1.446857557150974390e+04
2.791666666666666430e+01,1.446857754666740948e+04
2.793750000000000000e+01,1.446857953270832513e+04
2.795833333333333215e+01,1.446858152794114358e+04
2.797916666666666430e+01,1.446858353066813652e+04
2.800000000000000000e+01,1.446858553918657708e+04
2.802083333333333215e+01,1.446858755178995852e+04
2.804166666666666430e+01,1.446858956676933303e+04
2.806250000000000000e+01,1.446859158241459954e+04
2.808333333333333215e+01,1.446859359701579524e+04
2.810416666666666430e+01,1.446859560886441614e+04
2.812500000000000000e+01,1.446859761625474130e+04
2.814583333333333215e+01,1.446859961748512069e+04
2.816666666666666430e+01,1.446860161085931759e+04
2.818750000000000000e+01,1.446860359468784736e+04
2.820833333333333215e+01,1.446860556728927259e+04
2.822916666666666430e+01,1.446860752699150908e+04
2.825000000000000000e+01,1.446860947213320833e+04
2.827083333333333215e+01,1.446861140106504536e+04
2.829166666666666430e+01,1.446861331215103928e+04
2.831250000000000000e+01,1.446861520376985573e+04
2.833333333333333215e+01,1.446861707431615650e+04
2.835416666666666430e+01,1.446861892220189111e+04
2.837500000000000000e+01,1.446862074585758819e+04
2.839583333333333215e+01,1.446862254373366159e+04
2.841666666666666430e+01,1.446862431430168726e+04
2.843750000000000000e+01,1.446862605605566569e+04
2.845833333333333215e+01,1.446862776751328784e+04
2.847916666666666430e+01,1.446862944721720123e+04
2.850000000000000000e+01,1.446863109373618499e+04
2.852083333333333215e+01,1.446863270566636129e+04
2.854166666666666430e+01,1.446863428163238495e+04
2.856250000000000000e+01,1.446863582028858582e+04
2.858333333333333215e+01,1.446863732032006374e+04
2.860416666666666430e+01,1.446863878044372905e+04
2.862500000000000000e+01,1.446864019940941944e+04
2.864583333333333215e+01,1.446864157600075123e+04
2.866666666666666430e+01,1.446864290903614892e+04
2.868750000000000000e+01,1.446864419736960917e+04
2.870833333333333215e+01,1.446864543989155936e+04
2.872916666666666430e+01,1.446864663552953425e+04
2.875000000000000000e+01,1.446864778324877989e+04
2.877083333333333215e+01,1.446864888205283569e+04
2.879166666666666430e+01,1.446864993098394552e+04
2.881250000000000000e+01,1.446865092912343971e+04
2.883333333333333215e+01,1.446865187559194237e+04
2.885416666666666430e+01,1.446865276954948058e+04
2.887500000000000000e+01,1.446865361019560441e+04
2.889583333333333215e+01,1.446865439676921596e+04
2.891666666666666430e+01,1.446865512854844565e+04
2.893750000000000000e+01,1.446865580485037935e+04
2.895833333333333215e+01,1.446865642503073468e+04
2.897916666666666430e+01,1.446865698848336251e+04
2.900000000000000000e+01,1.446865749463990869e+04
2.902083333333333215e+01,1.446865794296921376e+04
2.904166666666666430e+01,1.446865833297686549e+04
2.906250000000000000e+01,1.446865866420470775e+04
2.908333333333333215e+01,1.446865893623040756e+04
2.910416666666666430e+01,1.446865914866708772e+04
2.912500000000000000e+01,1.446865930116305026e+04
2.914583333333333215e+01,1.446865939340166005e+04
2.916666666666666430e+01,1.446865942510130481e+04
2.918750000000000000e+01,1.446865939601562059e+04
2.920833333333333215e+01,1.446865930593373923e+04
2.922916666666666430e+01,1.446865915468090679e+04
2.925000000000000000e+01,1.446865894211906561e+04
2.927083333333333215e+01,1.446865866814774563e+04
2.929166666666666430e+01,1.446865833270506846e+04
2.931250000000000000e+01,1.446865793576884607e+04
2.933333333333333215e+01,1.446865747735775221e+04
2.935416666666666430e+01,1.446865695753260297e+04
2.937500000000000000e+01,1.446865637639761553e+04
2.939583333333333215e+01,1.446865573410161960e+04
2.941666666666666430e+01,1.446865503083922522e+04
2.943750000000000000e+01,1.446865426685186685e+04
2.945833333333333215e+01,1.446865344242870560e+04
2.947916666666666430e+01,1.446865255790737865e+04
2.950000000000000000e+01,1.446865161367452674e+04
2.952083333333333215e+01,1.446865061016613981e+04
2.954166666666666430e+01,1.446864954786765520e+04
2.956250000000000000e+01,1.446864842731388853e+04
2.958333333333333215e+01,1.446864724908878634e+04
2.960416666666666430e+01,1.446864601382491310e+04
2.962500000000000000e+01,1.446864472220283642e+04
2.964583333333333215e+01,1.446864337495038126e+04
2.966666666666666430e+01,1.446864197284176407e+04
2.968750000000000000e+01,1.446864051669659239e+04
2.970833333333333215e+01,1.446863900737888980e+04
2.972916666666666430e+01,1.446863744579602280e+04
2.975000000000000000e+01,1.446863583289762028e+04
2.977083333333333215e+01,1.446863416967448211e+04
2.979166666666666430e+01,1.446863245715753510e+04
2.981250000000000000e+01,1.446863069641676702e+04
2.983333333333333215e+01,1.446862888856011705e+04
2.985416666666666430e+01,1.446862703473254805e+04
2.987500000000000000e+01,1.446862513611495524e+04
2.989583333333333215e+01,1.446862319392321297e+04
2.991666666666666430e+01,1.446862120940714158e+04
2.993750000000000000e+01,1.446861918384952514e+04
2.995833333333333215e+01,1.446861711856512557e+04
2.997916666666666430e+01,1.446861501489967122e+04
3.000000000000000000e+01,1.446861287422883470e+04
3.002083333333333215e+01,1.446861069795718140e+04
3.004166666666666430e+01,1.446860848751720550e+04
3.006250000000000000e+01,1.446860624436820945e+04
3.008333333333333215e+01,1.446860396999527075e+04
3.010416666666666430e+01,1.446860166590817607e+04
3.012500000000000000e+01,1.446859933364034441e+04
3.014583333333333215e+01,1.446859697474775749e+04
3.016666666666666430e+01,1.446859459080788656e+04
3.018750000000000000e+01,1.446859218341858650e+04
3.020833333333333215e+01,1.446858975419705166e+04
3.022916666666666430e+01,1.446858730477869540e+04
3.025000000000000000e+01,1.446858483681612779e+04
3.027083333333333215e+01,1.446858235197803151e+04
3.029166666666666430e+01,1.446857985194806315e+04
3.031250000000000000e+01,1.446857733842381276e+04
3.033333333333333215e+01,1.446857481311570155e+04
3.035416666666666430e+01,1.446857227774582134e+04
3.037500000000000000e+01,1.446856973404687960e+04
3.039583333333333215e+01,1.446856718376107528e+04
3.041666666666666430e+01,1.446856462863894558e+04
3.043750000000000000e+01,1.446856207043822360e+04
3.045833333333333215e+01,1.446855951092270698e+04
3.047916666666666430e+01,1.446855695186110097e+04
3.050000000000000000e+01,1.446855439502581430e+04
3.052083333333333215e+01,1.446855184219182047e+04
3.054166666666666430e+01,1.446854929513547540e+04
3.056250000000000000e+01,1.446854675563334968e+04
3.058333333333333215e+01,1.446854422546098067e+04
3.060416666666666430e+01,1.446854170639179938e+04
3.062500000000000000e+01,1.446853920019583165e+04
3.064583333333333215e+01,1.446853670863861407e+04
3.066666666666666430e+01,1.446853423347995340e+04
3.068750000000000000e+01,1.446853177647278062e+04
3.070833333333333215e+01,1.446852933936197951e+04
3.072916666666666430e+01,1.446852692388320065e+04
3.075000000000000000e+01,1.446852453176171912e+04
3.077083333333333215e+01,1.446852216471125575e+04
3.079166666666666430e+01,1.446851982443283123e+04
3.081250000000000000e+01,1.446851751261362733e+04
3.083333333333333215e+01,1.446851523092583011e+04
3.085416666666666430e+01,1.446851298102547662e+04
3.087500000000000000e+01,1.446851076455138900e+04
3.089583333333333215e+01,1.446850858312394848e+04
3.091666666666666430e+01,1.446850643834408766e+04
3.093750000000000000e+01,1.446850433179212632e+04
3.095833333333333215e+01,1.446850226502669466e+04
3.097916666666666430e+01,1.446850023958366364e+04
3.100000000000000000e+01,1.446849825697502456e+04
3.102083333333333215e+01,1.446849631868794677e+04
3.104166666666666430e+01,1.446849442618364628e+04
3.106250000000000000e+01,1.446849258089637806e+04
3.108333333333333215e+01,1.446849078423245373e+04
3.110416666666666430e+01,1.446848903756925210e+04
3.112500000000000000e+01,1.446848734225422595e+04
3.114583333333333215e+01,1.446848569960398527e+04
3.116666666666666430e+01,1.446848411090332229e+04
3.118750000000000000e+01,1.446848257740432382e+04
3.120833333333333215e+01,1.446848110032547265e+04
3.122916666666666430e+01,1.446847968085078537e+04
3.125000000000000000e+01,1.446847832012895742e+04
3.127083333333333215e+01,1.446847701927248272e+04
3.129166666666666430e+01,1.446847577935692971e+04
3.131250000000000000e+01,1.446847460142011187e+04
3.133333333333333215e+01,1.446847348646132377e+04
3.135416666666666430e+01,1.446847243544059165e+04
3.137500000000000000e+01,1.446847144927802583e+04
3.139583333333333215e+01,1.446847052885305311e+04
3.141666666666666430e+01,1.446846967500382016e+04
3.143750000000000000e+01,1.446846888852650591e+04
3.145833333333333215e+01,1.446846817017478315e+04
3.147916666666666430e+01,1.446846752065915643e+04
3.150000000000000000e+01,1.446846694064648545e+04
3.152083333333333215e+01,1.446846643075942848e+04
3.154166666666666430e+01,1.446846599157595847e+04
3.156250000000000000e+01,1.446846562362890472e+04
3.158333333333333215e+01,1.446846532740547991e+04
3.160416666666666430e+01,1.446846510334693448e+04
3.162500000000000000e+01,1.446846495184818195e+04
3.164583333333333215e+01,1.446846487325738417e+04
3.166666666666666430e+01,1.446846486787572576e+04
3.168750000000000000e+01,1.446846493595709035e+04
3.170833333333333215e+01,1.446846507770781682e+04
3.172916666666666430e+01,1.446846529328649558e+04
3.175000000000000000e+01,1.446846558280375757e+04
3.177083333333333215e+01,1.446846594632215420e+04
3.179166666666666430e+01,1.446846638385601909e+04
3.181250000000000000e+01,1.446846689537140264e+04
3.183333333333333215e+01,1.446846748078595556e+04
3.185416666666666430e+01,1.446846813996900164e+04
3.187500000000000000e+01,1.446846887274146138e+04
3.189583333333333215e+01,1.446846967887593564e+04
3.191666666666666430e+01,1.446847055809681478e+04
3.193750000000000000e+01,1.446847151008031506e+04
3.195833333333333215e+01,1.446847253445466777e+04
3.197916666666666430e+01,1.446847363080031937e+04
3.200000000000000000e+01,1.446847479865006244e+04
3.202083333333332860e+01,1.446847603748937763e+04
3.204166666666666430e+01,1.446847734675661559e+04
3.206250000000000000e+01,1.446847872584336437e+04
3.208333333333332860e+01,1.446848017409477688e+04
3.210416666666666430e+01,1.446848169080992011e+04
3.212500000000000000e+01,1.446848327524221895e+04
3.214583333333332860e+01,1.446848492659984913e+04
3.216666666666666430e+01,1.446848664404623196e+04
3.218750000000000000e+01,1.446848842670055456e+04
3.220833333333332860e+01,1.446849027363823552e+04
3.222916666666666430e+01,1.446849218389155067e+04
3.225000000000000000e+01,1.446849415645018598e+04
3.227083333333332860e+01,1.446849619026187793e+04
3.229166666666666430e+01,1.446849828423306462e+04
3.231250000000000000e+01,1.446850043722955525e+04
3.233333333333332860e+01,1.446850264807724307e+04
3.235416666666666430e+01,1.446850491556285488e+04
3.237500000000000000e+01,1.446850723843470405e+04
3.239583333333332860e+01,1.446850961540349090e+04
3.241666666666666430e+01,1.446851204514312849e+04
3.243750000000000000e+01,1.446851452629156120e+04
3.245833333333332860e+01,1.446851705745168874e+04
3.247916666666666430e+01,1.446851963719221385e+04
3.250000000000000000e+01,1.446852226404859903e+04
3.252083333333332860e+01,1.446852493652398334e+04
3.254166666666666430e+01,1.446852765309019378e+04
3.256250000000000000e+01,1.446853041218868384e+04
3.258333333333332860e+01,1.446853321223163584e+04
3.260416666666666430e+01,1.446853605160287407e+04
3.262500000000000000e+01,1.446853892865902526e+04
3.264583333333332860e+01,1.446854184173053727e+04
3.266666666666666430e+01,1.446854478912284685e+04
3.268750000000000000e+01,1.446854776911739464e+04
3.270833333333332860e+01,1.446855077997281478e+04
3.272916666666666430e+01,1.446855381992608454e+04
3.275000000000000000e+01,1.446855688719370301e+04
3.277083333333332860e+01,1.446855997997280065e+04
3.279166666666666430e+01,1.446856309644242356e+04
3.281250000000000000e+01,1.446856623476466848e+04
3.283333333333332860e+01,1.446856939308594519e+04
3.285416666666666430e+01,1.446857256953819524e+04
3.287500000000000000e+01,1.446857576224011791e+04
3.289583333333332860e+01,1.446857896929845447e+04
3.291666666666666430e+01,1.446858218880920322e+04
3.293750000000000000e+01,1.446858541885892555e+04
3.295833333333332860e+01,1.446858865752600468e+04
3.297916666666666430e+01,1.446859190288189347e+04
3.300000000000000000e+01,1.446859515299247141e+04
3.302083333333332860e+01,1.446859840591923421e+04
3.304166666666666430e+01,1.446860165972066898e+04
3.306250000000000000e+01,1.446860491245348385e+04
3.308333333333332860e+01,1.446860816217390675e+04
3.310416666666666430e+01,1.446861140693899506e+04
3.312500000000000000e+01,1.446861464480791983e+04
3.314583333333332860e+01,1.446861787384320996e+04
3.316666666666666430e+01,1.446862109211203278e+04
3.318750000000000000e+01,1.446862429768749644e+04
3.320833333333332860e+01,1.446862748864992318e+04
3.322916666666666430e+01,1.446863066308801717e+04
3.325000000000000000e+01,1.446863381910018143e+04
3.327083333333332860e+01,1.446863695479573653e+04
3.329166666666666430e+01,1.446864006829612481e+04
3.331250000000000000e+01,1.446864315773612179e+04
3.333333333333332860e+01,1.446864622126502582e+04
3.335416666666666430e+01,1.446864925704784764e+04
3.337500000000000000e+01,1.446865226326646371e+04
3.339583333333332860e+01,1.446865523812071842e+04
3.341666666666666430e+01,1.446865817982963563e+04
3.343750000000000000e+01,1.446866108663246996e+04
3.345833333333332860e+01,1.446866395678979097e+04
3.347916666666666430e+01,1.446866678858459636e+04
3.350000000000000000e+01,1.446866958032333423e+04
3.352083333333332860e+01,1.446867233033697630e+04
3.354166666666666430e+01,1.446867503698201472e+04
3.356250000000000000e+01,1.446867769864153161e+04
3.358333333333332860e+01,1.446868031372611586e+04
3.360416666666666430e+01,1.446868288067497633e+04
3.362500000000000000e+01,1.446868539795686229e+04
3.364583333333332860e+01,1.446868786407108928e+04
3.366666666666666430e+01,1.446869027754853596e+04
3.368750000000000000e+01,1.446869263695271729e+04
3.370833333333332860e+01,1.446869494088075226e+04
3.372916666666666430e+01,1.446869718796449160e+04
3.375000000000000000e+01,1.446869937687156198e+04
3.377083333333332860e+01,1.446870150630660282e+04
3.379166666666666430e+01,1.446870357501235776e+04
3.381250000000000000e+01,1.446870558177098428e+04
3.383333333333332860e+01,1.446870752540530157e+04
3.385416666666666430e+01,1.446870940478022021e+04
3.387500000000000000e+01,1.446871121880413193e+04
3.389583333333332860e+01,1.446871296643045935e+04
3.391666666666666430e+01,1.446871464665910753e+04
3.393750000000000000e+01,1.446871625853817022e+04
3.395833333333332860e+01,1.446871780116554510e+04
3.397916666666666430e+01,1.446871927369060722e+04
3.400000000000000000e+01,1.446872067531586072e+04
3.402083333333332860e+01,1.446872200529855036e+04
3.404166666666666430e+01,1.446872326295233870e+04
3.406250000000000000e+01,1.446872444764868851e+04
3.408333333333332860e+01,1.446872555881826338e+04
3.410416666666666430e+01,1.446872659595205187e+04
3.412500000000000000e+01,1.446872755860235702e+04
3.414583333333332860e+01,1.446872844638346942e+04
3.416666666666666430e+01,1.446872925897209279e+04
3.418750000000000000e+01,1.446872999610733314e+04
3.420833333333332860e+01,1.446873065759052406e+04
3.422916666666666430e+01,1.446873124328454651e+04
3.425000000000000000e+01,1.446873175311286104e+04
3.427083333333332860e+01,1.446873218705819454e+04
3.429166666666666430e+01,1.446873254516091401e+04
3.431250000000000000e+01,1.446873282751712031e+04
3.433333333333332860e+01,1.446873303427651626e+04
3.435416666666666430e+01,1.446873316564019478e+04
3.437500000000000000e+01,1.446873322185818688e+04
3.439583333333332860e+01,1.446873320322713334e+04
3.441666666666666430e+01,1.446873311008795281e+04
3.443750000000000000e+01,1.446873294282356437e+04
3.445833333333332860e+01,1.446873270185691945e+04
3.447916666666666430e+01,1.446873238764913549e+04
3.450000000000000000e+01,1.446873200069792438e+04
3.452083333333332860e+01,1.446873154153635187e+04
3.454166666666666430e+01,1.446873101073178623e+04
3.456250000000000000e+01,1.446873040888522883e+04
3.458333333333332860e+01,1.446872973663083394e+04
3.460416666666666430e+01,1.446872899463570502e+04
3.462500000000000000e+01,1.446872818359982557e+04
3.464583333333332860e+01,1.446872730425618283e+04
3.466666666666666430e+01,1.446872635737100427e+04
3.468750000000000000e+01,1.446872534374400129e+04
3.470833333333332860e+01,1.446872426420865668e+04
3.472916666666666430e+01,1.446872311963241737e+04
3.475000000000000000e+01,1.446872191091700734e+04
3.477083333333332860e+01,1.446872063899844579e+04
3.479166666666666430e+01,1.446871930484713084e+04
3.481250000000000000e+01,1.446871790946769033e+04
3.483333333333332860e+01,1.446871645389890909e+04
3.485416666666666430e+01,1.446871493921339788e+04
3.487500000000000000e+01,1.446871336651719321e+04
3.489583333333332860e+01,1.446871173694942991e+04
3.491666666666666430e+01,1.446871005168178817e+04
3.493750000000000000e+01,1.446870831191791149e+04
3.495833333333332860e+01,1.446870651889288274e+04
3.497916666666666430e+01,1.446870467387262397e+04
3.500000000000000000e+01,1.446870277815316513e+04
3.502083333333332860e+01,1.446870083306009110e+04
3.504166666666666430e+01,1.446869883994776319e+04
3.506250000000000000e+01,1.446869680019867155e+04
3.508333333333332860e+01,1.446869471522271124e+04
3.510416666666666430e+01,1.446869258645635273e+04
3.512500000000000000e+01,1.446869041536196528e+04
3.514583333333332860e+01,1.446868820342686377e+04
3.516666666666666430e+01,1.446868595216249378e+04
3.518750000000000000e+01,1.446868366310358761e+04
3.520833333333332860e+01,1.446868133780712742e+04
3.522916666666666430e+01,1.446867897785137393e+04
3.525000000000000000e+01,1.446867658483485866e+04
3.527083333333332860e+01,1.446867416037536532e+04
3.529166666666666430e+01,1.446867170610881658e+04
3.531250000000000000e+01,1.446866922368812448e+04
3.533333333333332860e+01,1.446866671478214994e+04
3.535416666666666430e+01,1.446866418107450227e+04
3.537500000000000000e+01,1.446866162426241863e+04
3.539583333333332860e+01,1.446865904605565447e+04
3.541666666666666430e+01,1.446865644817523935e+04
3.543750000000000000e+01,1.446865383235238551e+04
3.545833333333332860e+01,1.446865120032733103e+04
3.547916666666666430e+01,1.446864855384813927e+04
3.550000000000000000e+01,1.446864589466957477e+04
3.552083333333332860e+01,1.446864322455193542e+04
3.554166666666666430e+01,1.446864054525986285e+04
3.556250000000000000e+01,1.446863785856120739e+04
3.558333333333332860e+01,1.446863516622583120e+04
3.560416666666666430e+01,1.446863247002442586e+04
3.562500000000000000e+01,1.446862977172735918e+04
3.564583333333332860e+01,1.446862707310342375e+04
3.566666666666666430e+01,1.446862437591870912e+04
3.568750000000000000e+01,1.446862168193541220e+04
3.570833333333332860e+01,1.446861899291052760e+04
3.572916666666666430e+01,1.446861631059483989e+04
3.575000000000000000e+01,1.446861363673155574e+04
3.577083333333332860e+01,1.446861097305525618e+04
3.579166666666666430e+01,1.446860832129060145e+04
3.581250000000000000e+01,1.446860568315124328e+04
3.583333333333332860e+01,1.446860306033867892e+04
3.585416666666666430e+01,1.446860045454098872e+04
3.587500000000000000e+01,1.446859786743178483e+04
3.589583333333332860e+01,1.446859530066907610e+04
3.591666666666666430e+01,1.446859275589412937e+04
3.593750000000000000e+01,1.446859023473038178e+04
3.595833333333332860e+01,1.446858773878231659e+04
3.597916666666666430e+01,1.446858526963438635e+04
3.600000000000000000e+01,1.446858282884998334e+04
3.602083333333332860e+01,1.446858041797037367e+04
3.604166666666666430e+01,1.446857803851360950e+04
3.606250000000000000e+01,1.446857569197353587e+04
3.608333333333332860e+01,1.446857337981879027e+04
3.610416666666666430e+01,1.446857110349176583e+04
3.612500000000000000e+01,1.446856886440769449e+04
3.614583333333332860e+01,1.446856666395360662e+04
3.616666666666666430e+01,1.446856450348742146e+04
3.618750000000000000e+01,1.446856238433705585e+04
3.620833333333332860e+01,1.446856030779944558e+04
3.622916666666666430e+01,1.446855827513973782e+04
3.625000000000000000e+01,1.446855628759036335e+04
3.627083333333332860e+01,1.446855434635023266e+04
3.629166666666666430e+01,1.446855245258391005e+04
3.631250000000000000e+01,1.446855060742084606e+04
3.633333333333332860e+01,1.446854881195453345e+04
3.635416666666666430e+01,1.446854706724185962e+04
3.637500000000000000e+01,1.446854537430230994e+04
3.639583333333332860e+01,1.446854373411730921e+04
3.641666666666666430e+01,1.446854214762955962e+04
3.643750000000000000e+01,1.446854061574234584e+04
3.645833333333332860e+01,1.446853913931901843e+04
3.647916666666666430e+01,1.446853771918229177e+04
3.650000000000000000e+01,1.446853635611371283e+04
3.652083333333332860e+01,1.446853505085322467e+04
3.654166666666666430e+01,1.446853380409850070e+04
3.656250000000000000e+01,1.446853261650459899e+04
3.658333333333332860e+01,1.446853148868341668e+04
3.660416666666666430e+01,1.446853042120334430e+04
3.662500000000000000e+01,1.446852941458884379e+04
3.664583333333332860e+01,1.446852846932009197e+04
3.666666666666666430e+01,1.446852758583262039e+04
3.668750000000000000e+01,1.446852676451710067e+04
3.670833333333332860e+01,1.446852600571899529e+04
3.672916666666666430e+01,1.446852530973835383e+04
3.675000000000000000e+01,1.446852467682963106e+04
3.677083333333332860e+01,1.446852410720145053e+04
3.679166666666666430e+01,1.446852360101657177e+04
3.681250000000000000e+01,1.446852315839167204e+04
3.683333333333332860e+01,1.446852277939733540e+04
3.685416666666666430e+01,1.446852246405799451e+04
3.687500000000000000e+01,1.446852221235190518e+04
3.689583333333332860e+01,1.446852202421120455e+04
3.691666666666666430e+01,1.446852189952191111e+04
3.693750000000000000e+01,1.446852183812406292e+04
3.695833333333332860e+01,1.446852183981178678e+04
3.697916666666666430e+01,1.446852190433351279e+04
3.700000000000000000e+01,1.446852203139206540e+04
3.702083333333332860e+01,1.446852222064498710e+04
3.704166666666666430e+01,1.446852247170469855e+04
3.706250000000000000e+01,1.446852278413879685e+04
3.708333333333332860e+01,1.446852315747040848e+04
3.710416666666666430e+01,1.446852359117847664e+04
3.712500000000000000e+01,1.446852408469819056e+04
3.714583333333332860e+01,1.446852463742131658e+04
3.716666666666666430e+01,1.446852524869672925e+04
3.718750000000000000e+01,1.446852591783081516e+04
3.720833333333332860e+01,1.446852664408795317e+04
3.722916666666666430e+01,1.446852742669110739e+04
3.725000000000000000e+01,1.446852826482235832e+04
3.727083333333332860e+01,1.446852915762348857e+04
3.729166666666666430e+01,1.446853010419657585e+04
3.731250000000000000e+01,1.446853110360467326e+04
3.733333333333332860e+01,1.446853215487246780e+04
3.735416666666666430e+01,1.446853325698700428e+04
3.737500000000000000e+01,1.446853440889840567e+04
3.739583333333332860e+01,1.446853560952058615e+04
3.741666666666666430e+01,1.446853685773209145e+04
3.743750000000000000e+01,1.446853815237690651e+04
3.745833333333332860e+01,1.446853949226525583e+04
3.747916666666666430e+01,1.446854087617448386e+04
3.750000000000000000e+01,1.446854230284995720e+04
3.752083333333332860e+01,1.446854377100592319e+04
3.754166666666666430e+01,1.446854527932651035e+04
3.756250000000000000e+01,1.446854682646661968e+04
3.758333333333332860e+01,1.446854841105296509e+04
3.760416666666666430e+01,1.446855003168500480e+04
3.762500000000000000e+01,1.446855168693599990e+04
3.764583333333332860e+01,1.446855337535408398e+04
3.766666666666666430e+01,1.446855509546325629e+04
3.768750000000000000e+01,1.446855684576448039e+04
3.770833333333332860e+01,1.446855862473683010e+04
3.772916666666666430e+01,1.446856043083855911e+04
3.775000000000000000e+01,1.446856226250822147e+04
3.777083333333332860e+01,1.446856411816586842e+04
3.779166666666666430e+01,1.446856599621414352e+04
3.781250000000000000e+01,1.446856789503952314e+04
3.783333333333332860e+01,1.446856981301349151e+04
3.785416666666666430e+01,1.446857174849370858e+04
3.787500000000000000e+01,1.446857369982527598e+04
3.789583333333332860e+01,1.446857566534194120e+04
3.791666666666666430e+01,1.446857764336734544e+04
3.793750000000000000e+01,1.446857963221627506e+04
3.795833333333332860e+01,1.446858163019590211e+04
3.797916666666666430e+01,1.446858363560708312e+04
3.800000000000000000e+01,1.446858564674562513e+04
3.802083333333332860e+01,1.446858766190359165e+04
3.804166666666666430e+01,1.446858967937053967e+04
3.806250000000000000e+01,1.446859169743486564e+04
3.808333333333332860e+01,1.446859371438511880e+04
3.810416666666666430e+01,1.446859572851126359e+04
3.812500000000000000e+01,1.446859773810604383e+04
3.814583333333332860e+01,1.446859974146627064e+04
3.816666666666666430e+01,1.446860173689415024e+04
3.818750000000000000e+01,1.446860372269859727e+04
3.820833333333332860e+01,1.446860569719659543e+04
3.822916666666666430e+01,1.446860765871448166e+04
3.825000000000000000e+01,1.446860960558929219e+04
3.827083333333332860e+01,1.446861153617008677e+04
3.829166666666666430e+01,1.446861344881926561e+04
3.831250000000000000e+01,1.446861534191391911e+04
3.833333333333332860e+01,1.446861721384710108e+04
3.835416666666666430e+01,1.446861906302921125e+04
3.837500000000000000e+01,1.446862088788921028e+04
3.839583333333332860e+01,1.446862268687600226e+04
3.841666666666666430e+01,1.446862445845971524e+04
3.843750000000000000e+01,1.446862620113297089e+04
3.845833333333332860e+01,1.446862791341215780e+04
3.847916666666666430e+01,1.446862959383867928e+04
3.850000000000000000e+01,1.446863124098023764e+04
3.852083333333332860e+01,1.446863285343202369e+04
3.854166666666666430e+01,1.446863442981789194e+04
3.856250000000000000e+01,1.446863596879159377e+04
3.858333333333332860e+01,1.446863746903783976e+04
3.860416666666666430e+01,1.446863892927346751e+04
3.862500000000000000e+01,1.446864034824847477e+04
3.864583333333332860e+01,1.446864172474696898e+04
3.866666666666666430e+01,1.446864305758825503e+04
3.868750000000000000e+01,1.446864434562757742e+04
3.870833333333332860e+01,1.446864558775702608e+04
3.872916666666666430e+01,1.446864678290626762e+04
3.875000000000000000e+01,1.446864793004318926e+04
3.877083333333332860e+01,1.446864902817445181e+04
3.879166666666666430e+01,1.446865007634595167e+04
3.881250000000000000e+01,1.446865107364318828e+04
3.883333333333332860e+01,1.446865201919151150e+04
3.885416666666666430e+01,1.446865291215621255e+04
3.887500000000000000e+01,1.446865375174251312e+04
3.889583333333332860e+01,1.446865453719550715e+04
3.891666666666666430e+01,1.446865526779990978e+04
3.893750000000000000e+01,1.446865594287965723e+04
3.895833333333332860e+01,1.446865656179753933e+04
3.897916666666666430e+01,1.446865712395465016e+04
3.900000000000000000e+01,1.446865762878978785e+04
3.902083333333332860e+01,1.446865807577884334e+04
3.904166666666666430e+01,1.446865846443413466e+04
3.906250000000000000e+01,1.446865879430378482e+04
3.908333333333332860e+01,1.446865906497112155e+04
3.910416666666666430e+01,1.446865927605417892e+04
3.912500000000000000e+01,1.446865942720527164e+04
3.914583333333332860e+01,1.446865951811074774e+04
3.916666666666666430e+01,1.446865954849086120e+04
3.918750000000000000e+01,1.446865951809990656e+04
3.920833333333332860e+01,1.446865942672651363e+04
3.922916666666666430e+01,1.446865927419408763e+04
3.925000000000000000e+01,1.446865906036164233e+04
3.927083333333332860e+01,1.446865878512466588e+04
3.929166666666666430e+01,1.446865844841621947e+04
3.931250000000000000e+01,1.446865805020822881e+04
3.933333333333332860e+01,1.446865759051286659e+04
3.935416666666666430e+01,1.446865706938400399e+04
3.937500000000000000e+01,1.446865648691867318e+04
3.939583333333332860e+01,1.446865584325848613e+04
3.941666666666666430e+01,1.446865513859110433e+04
3.943750000000000000e+01,1.446865437315141753e+04
3.945833333333332860e+01,1.446865354722259144e+04
3.947916666666666430e+01,1.446865266113704274e+04
3.950000000000000000e+01,1.446865171527702114e+04
3.952083333333332860e+01,1.446865071007505685e+04
3.954166666666666430e+01,1.446864964601412430e+04
3.956250000000000000e+01,1.446864852362749298e+04
3.958333333333332860e+01,1.446864734349849095e+04
3.960416666666666430e+01,1.446864610625996283e+04
3.962500000000000000e+01,1.446864481259351305e+04
3.964583333333332860e+01,1.446864346322865822e+04
3.966666666666666430e+01,1.446864205894188126e+04
3.968750000000000000e+01,1.446864060055551454e+04
3.970833333333332860e+01,1.446863908893658299e+04
3.972916666666666430e+01,1.446863752499570910e+04
3.975000000000000000e+01,1.446863590968588323e+04
3.977083333333332860e+01,1.446863424400133226e+04
3.979166666666666430e+01,1.446863252897639177e+04
3.981250000000000000e+01,1.446863076568434917e+04
3.983333333333332860e+01,1.446862895523639600e+04
3.985416666666666430e+01,1.446862709878061287e+04
3.987500000000000000e+01,1.446862519750088541e+04
3.989583333333332860e+01,1.446862325261594015e+04
3.991666666666666430e+01,1.446862126537832592e+04
3.993750000000000000e+01,1.446861923707348251e+04
3.995833333333332860e+01,1.446861716901866384e+04
3.997916666666666430e+01,1.446861506256200664e+04
4.000000000000000000e+01,1.446861291908150451e+04
4.002083333333332860e+01,1.446861073998396387e+04
4.004166666666666430e+01,1.446860852670397799e+04
4.006250000000000000e+01,1.446860628070287203e+04
4.008333333333332860e+01,1.446860400346765528e+04
4.010416666666666430e+01,1.446860169650994794e+04
4.012500000000000000e+01,1.446859936136484248e+04
4.014583333333332860e+01,1.446859699958990677e+04
4.016666666666666430e+01,1.446859461276407819e+04
4.018750000000000000e+01,1.446859220248654310e+04
4.020833333333332860e+01,1.446858977037571094e+04
4.022916666666666430e+01,1.446858731806814831e+04
4.025000000000000000e+01,1.446858484721741479e+04
4.027083333333332860e+01,1.446858235949312075e+04
4.029166666666666430e+01,1.446857985657975951e+04
4.031250000000000000e+01,1.446857734017565599e+04
4.033333333333332860e+01,1.446857481199191170e+04
4.035416666666666430e+01,1.446857227375127695e+04
4.037500000000000000e+01,1.446856972718703764e+04
4.039583333333332860e+01,1.446856717404194569e+04
4.041666666666666430e+01,1.446856461606709126e+04
4.043750000000000000e+01,1.446856205502071316e+04
4.045833333333332860e+01,1.446855949266709649e+04
4.047916666666666430e+01,1.446855693077542674e+04
4.050000000000000000e+01,1.446855437111856736e+04
4.052083333333332860e+01,1.446855181547196116e+04
4.054166666666666430e+01,1.446854926561236789e+04
4.056250000000000000e+01,1.446854672331675465e+04
4.058333333333332860e+01,1.446854419036108084e+04
4.060416666666666430e+01,1.446854166851913396e+04
4.062500000000000000e+01,1.446853915956131095e+04
4.064583333333332860e+01,1.446853666525345761e+04
4.066666666666666430e+01,1.446853418735572268e+04
4.068750000000000000e+01,1.446853172762133181e+04
4.070833333333332860e+01,1.446852928779548165e+04
4.072916666666666430e+01,1.446852686961408472e+04
4.075000000000000000e+01,1.446852447480271439e+04
4.077083333333332860e+01,1.446852210507535710e+04
4.079166666666666430e+01,1.446851976213332455e+04
4.081250000000000000e+01,1.446851744766405318e+04
4.083333333333332860e+01,1.446851516334001280e+04
4.085416666666666430e+01,1.446851291081753880e+04
4.087500000000000000e+01,1.446851069173570795e+04
4.089583333333332860e+01,1.446850850771520345e+04
4.091666666666666430e+01,1.446850636035724165e+04
4.093750000000000000e+01,1.446850425124244430e+04
4.095833333333332860e+01,1.446850218192971806e+04
4.097916666666666430e+01,1.446850015395523224e+04
4.100000000000000000e+01,1.446849816883131280e+04
4.102083333333332860e+01,1.446849622804538012e+04
4.104166666666666430e+01,1.446849433305894854e+04
4.106250000000000000e+01,1.446849248530659679e+04
4.108333333333332860e+01,1.446849068619492027e+04
4.110416666666666430e+01,1.446848893710159609e+04
4.112500000000000000e+01,1.446848723937436444e+04
4.114583333333332860e+01,1.446848559433014452e+04
4.116666666666666430e+01,1.446848400325403782e+04
4.118750000000000000e+01,1.446848246739841852e+04
4.120833333333332860e+01,1.446848098798209321e+04
4.122916666666666430e+01,1.446847956618936951e+04
4.125000000000000000e+01,1.446847820316926664e+04
4.127083333333332860e+01,1.446847690003460957e+04
4.129166666666666430e+01,1.446847565786127234e+04
4.131250000000000000e+01,1.446847447768738130e+04
4.133333333333332860e+01,1.446847336051257662e+04
4.135416666666666430e+01,1.446847230729723015e+04
4.137500000000000000e+01,1.446847131896176870e+04
4.139583333333332860e+01,1.446847039638596107e+04
4.141666666666666430e+01,1.446846954040828859e+04
4.143750000000000000e+01,1.446846875182527947e+04
4.145833333333332860e+01,1.446846803139095573e+04
4.147916666666666430e+01,1.446846737981616752e+04
4.150000000000000000e+01,1.446846679776812016e+04
4.152083333333332860e+01,1.446846628586983206e+04
4.154166666666666430e+01,1.446846584469961090e+04
4.156250000000000000e+01,1.446846547479064975e+04
4.158333333333332860e+01,1.446846517663052873e+04
4.160416666666666430e+01,1.446846495066085481e+04
4.162500000000000000e+01,1.446846479727688347e+04
4.164583333333332860e+01,1.446846471682716219e+04
4.166666666666666430e+01,1.446846470961322848e+04
4.168750000000000000e+01,1.446846477588934795e+04
4.170833333333332860e+01,1.446846491586221237e+04
4.172916666666666430e+01,1.446846512969077594e+04
4.175000000000000000e+01,1.446846541748608070e+04
4.177083333333332860e+01,1.446846577931102365e+04
4.179166666666666430e+01,1.446846621518033862e+04
4.181250000000000000e+01,1.446846672506040704e+04
4.183333333333332860e+01,1.446846730886932346e+04
4.185416666666666430e+01,1.446846796647672454e+04
4.187500000000000000e+01,1.446846869770397097e+04
4.189583333333332860e+01,1.446846950232401650e+04
4.191666666666666430e+01,1.446847038006162256e+04
4.193750000000000000e+01,1.446847133059339831e+04
4.195833333333332860e+01,1.446847235354796794e+04
4.197916666666666430e+01,1.446847344850614900e+04
4.200000000000000000e+01,1.446847461500111604e+04
4.202083333333332860e+01,1.446847585251872079e+04
4.204166666666666430e+01,1.446847716049771407e+04
4.206250000000000000e+01,1.446847853833005502e+04
4.208333333333332860e+01,1.446847998536127488e+04
4.210416666666666430e+01,1.446848150089081537e+04
4.212500000000000000e+01,1.446848308417248700e+04
4.214583333333332860e+01,1.446848473441482929e+04
4.216666666666666430e+01,1.446848645078166737e+04
4.218750000000000000e+01,1.446848823239252670e+04
4.220833333333332860e+01,1.446849007832320422e+04
4.222916666666666430e+01,1.446849198760635772e+04
4.225000000000000000e+01,1.446849395923204065e+04
4.227083333333332860e+01,1.446849599214832415e+04
4.229166666666666430e+01,1.446849808526203924e+04
4.231250000000000000e+01,1.446850023743933343e+04
4.233333333333332860e+01,1.446850244750647471e+04
4.235416666666666430e+01,1.446850471425051001e+04
4.237500000000000000e+01,1.446850703642010558e+04
4.239583333333332860e+01,1.446850941272631098e+04
4.241666666666666430e+01,1.446851184184339218e+04
4.243750000000000000e+01,1.446851432240959548e+04
4.245833333333332860e+01,1.446851685302814803e+04
4.247916666666666430e+01,1.446851943226807998e+04
4.250000000000000000e+01,1.446852205866517397e+04
4.252083333333332860e+01,1.446852473072288922e+04
4.254166666666666430e+01,1.446852744691331827e+04
4.256250000000000000e+01,1.446853020567822023e+04
4.258333333333332860e+01,1.446853300543007208e+04
4.260416666666666430e+01,1.446853584455298187e+04
4.262500000000000000e+01,1.446853872140383100e+04
4.264583333333332860e+01,1.446854163431334018e+04
4.266666666666666430e+01,1.446854458158717534e+04
4.268750000000000000e+01,1.446854756150704270e+04
4.270833333333332860e+01,1.446855057233180560e+04
4.272916666666666430e+01,1.446855361229863774e+04
4.275000000000000000e+01,1.446855667962426742e+04
4.277083333333332860e+01,1.446855977250600336e+04
4.279166666666666430e+01,1.446856288912308446e+04
4.281250000000000000e+01,1.446856602763777119e+04
4.283333333333332860e+01,1.446856918619661883e+04
4.285416666666666430e+01,1.446857236293171809e+04
4.287500000000000000e+01,1.446857555596190286e+04
4.289583333333332860e+01,1.446857876339397626e+04
4.291666666666666430e+01,1.446858198332407119e+04
4.293750000000000000e+01,1.446858521383879270e+04
4.295833333333332860e+01,1.446858845301657493e+04
4.297916666666666430e+01,1.446859169892892169e+04
4.300000000000000000e+01,1.446859494964168334e+04
4.302083333333332860e+01,1.446859820321637744e+04
4.304166666666666430e+01,1.446860145771144744e+04
4.306250000000000000e+01,1.446860471118353234e+04
4.308333333333332860e+01,1.446860796168877278e+04
4.310416666666666430e+01,1.446861120728413880e+04
4.312500000000000000e+01,1.446861444602865959e+04
4.314583333333332860e+01,1.446861767598467850e+04
4.316666666666666430e+01,1.446862089521921007e+04
4.318750000000000000e+01,1.446862410180514780e+04
4.320833333333332860e+01,1.446862729382253747e+04
4.322916666666666430e+01,1.446863046935985403e+04
4.325000000000000000e+01,1.446863362651519856e+04
4.327083333333332860e+01,1.446863676339755693e+04
4.329166666666666430e+01,1.446863987812806226e+04
4.331250000000000000e+01,1.446864296884108626e+04
4.333333333333332860e+01,1.446864603368559256e+04
4.335416666666666430e+01,1.446864907082616264e+04
4.337500000000000000e+01,1.446865207844426550e+04
4.339583333333332860e+01,1.446865505473935627e+04
4.341666666666666430e+01,1.446865799793003316e+04
4.343750000000000000e+01,1.446866090625512879e+04
4.345833333333332860e+01,1.446866377797481618e+04
4.347916666666666430e+01,1.446866661137175106e+04
4.350000000000000000e+01,1.446866940475204683e+04
4.352083333333332860e+01,1.446867215644636235e+04
4.354166666666666430e+01,1.446867486481100059e+04
4.356250000000000000e+01,1.446867752822887269e+04
4.358333333333332860e+01,1.446868014511054207e+04
4.360416666666666430e+01,1.446868271389528672e+04
4.362500000000000000e+01,1.446868523305203053e+04
4.364583333333332860e+01,1.446868770108047465e+04
4.366666666666666430e+01,1.446869011651202527e+04
4.368750000000000000e+01,1.446869247791090311e+04
4.370833333333332860e+01,1.446869478387519121e+04
4.372916666666666430e+01,1.446869703303791175e+04
4.375000000000000000e+01,1.446869922406814658e+04
4.377083333333332860e+01,1.446870135567224497e+04
4.379166666666666430e+01,1.446870342659490052e+04
4.381250000000000000e+01,1.446870543562053354e+04
4.383333333333332860e+01,1.446870738157453525e+04
4.385416666666666430e+01,1.446870926332460294e+04
4.387500000000000000e+01,1.446871107978216241e+04
4.389583333333332860e+01,1.446871282990384498e+04
4.391666666666666430e+01,1.446871451269298632e+04
4.393750000000000000e+01,1.446871612720119811e+04
4.395833333333332860e+01,1.446871767252986683e+04
4.397916666666666430e+01,1.446871914783180546e+04
4.400000000000000000e+01,1.446872055231281774e+04
4.402083333333332860e+01,1.446872188523319710e+04
4.404166666666666430e+01,1.446872314590918540e+04
4.406250000000000000e+01,1.446872433371435909e+04
4.408333333333332860e+01,1.446872544808085877e+04
4.410416666666666430e+01,1.446872648850039332e+04
4.412500000000000000e+01,1.446872745452511663e+04
4.414583333333332860e+01,1.446872834576821697e+04
4.416666666666666430e+01,1.446872916190423348e+04
4.418750000000000000e+01,1.446872990266912166e+04
4.420833333333332860e+01,1.446873056785989684e+04
4.422916666666666430e+01,1.446873115733407394e+04
4.425000000000000000e+01,1.446873167100874707e+04
4.427083333333332860e+01,1.446873210885936714e+04
4.429166666666666430e+01,1.446873247091818848e+04
4.431250000000000000e+01,1.446873275727256987e+04
4.433333333333332860e+01,1.446873296806301369e+04
4.435416666666666430e+01,1.446873310348114683e+04
4.437500000000000000e+01,1.446873316376746516e+04
4.439583333333332860e+01,1.446873314920921257e+04
4.441666666666666430e+01,1.446873306013826004e+04
4.443750000000000000e+01,1.446873289692902472e+04
4.445833333333332860e+01,1.446873265999662908e+04
4.447916666666666430e+01,1.446873234979517292e+04
4.450000000000000000e+01,1.446873196681627087e+04
4.452083333333332860e+01,1.446873151158781548e+04
4.454166666666666430e+01,1.446873098467307136e+04
4.456250000000000000e+01,1.446873038666984939e+04
4.458333333333332860e+01,1.446872971821000829e+04
4.460416666666666430e+01,1.446872897995924359e+04
4.462500000000000000e+01,1.446872817261688760e+04
4.464583333333332860e+01,1.446872729691590939e+04
4.466666666666666430e+01,1.446872635362303117e+04
4.468750000000000000e+01,1.446872534353887750e+04
4.470833333333332860e+01,1.446872426749814258e+04
4.472916666666666430e+01,1.446872312636975039e+04
4.475000000000000000e+01,1.446872192105691283e+04
4.477083333333332860e+01,1.446872065249727530e+04
4.479166666666666430e+01,1.446871932166281476e+04
4.481250000000000000e+01,1.446871792955971250e+04
4.483333333333332860e+01,1.446871647722822672e+04
4.485416666666666430e+01,1.446871496574234698e+04
4.487500000000000000e+01,1.446871339620949220e+04
4.489583333333332860e+01,1.446871176976999050e+04
4.491666666666666430e+01,1.446871008759671895e+04
4.493750000000000000e+01,1.446870835089444881e+04
4.495833333333332860e+01,1.446870656089934710e+04
4.497916666666666430e+01,1.446870471887836538e+04
4.500000000000000000e+01,1.446870282612853771e+04
4.502083333333332860e+01,1.446870088397638028e+04
4.504166666666666430e+01,1.446869889377719301e+04
4.506250000000000000e+01,1.446869685691433187e+04
4.508333333333332860e+01,1.446869477479847774e+04
4.510416666666666430e+01,1.446869264886687961e+04
4.512500000000000000e+01,1.446869048058253247e+04
4.514583333333332860e+01,1.446868827143337330e+04
4.516666666666666430e+01,1.446868602293135700e+04
4.518750000000000000e+01,1.446868373661161240e+04
4.520833333333332860e+01,1.446868141403148911e+04
4.522916666666666430e+01,1.446867905676948430e+04
4.525000000000000000e+01,1.446867666642432232e+04
4.527083333333332860e+01,1.446867424461389965e+04
4.529166666666666430e+01,1.446867179297419716e+04
4.531250000000000000e+01,1.446866931315814509e+04
4.533333333333332860e+01,1.446866680683458253e+04
4.535416666666666430e+01,1.446866427568707149e+04
4.537500000000000000e+01,1.446866172141278366e+04
4.539583333333332860e+01,1.446865914572137626e+04
4.541666666666666430e+01,1.446865655033380244e+04
4.543750000000000000e+01,1.446865393698118351e+04
4.545833333333332860e+01,1.446865130740363384e+04
4.547916666666666430e+01,1.446864866334915132e+04
4.550000000000000000e+01,1.446864600657235860e+04
4.552083333333332860e+01,1.446864333883345898e+04
4.554166666666666430e+01,1.446864066189698133e+04
4.556250000000000000e+01,1.446863797753062317e+04
4.558333333333332860e+01,1.446863528750411933e+04
4.560416666666666430e+01,1.446863259358800860e+04
4.562500000000000000e+01,1.446862989755247327e+04
4.564583333333332860e+01,1.446862720116615674e+04
4.566666666666666430e+01,1.446862450619494484e+04
4.568750000000000000e+01,1.446862181440082713e+04
4.570833333333332860e+01,1.446861912754061632e+04
4.572916666666666430e+01,1.446861644736487142e+04
4.575000000000000000e+01,1.446861377561660993e+04
4.577083333333332860e+01,1.446861111403016912e+04
4.579166666666666430e+01,1.446860846433004554e+04
4.581250000000000000e+01,1.446860582822966171e+04
4.583333333333332860e+01,1.446860320743029661e+04
4.585416666666666430e+01,1.446860060361987416e+04
4.587500000000000000e+01,1.446859801847179915e+04
4.589583333333332860e+01,1.446859545364390942e+04
4.591666666666666430e+01,1.446859291077728994e+04
4.593750000000000000e+01,1.446859039149517048e+04
4.595833333333332860e+01,1.446858789740187785e+04
4.597916666666666430e+01,1.446858543008173365e+04
4.600000000000000000e+01,1.446858299109792279e+04
4.602083333333332860e+01,1.446858058199153675e+04
4.604166666666666430e+01,1.446857820428046398e+04
4.606250000000000000e+01,1.446857585945838218e+04
4.608333333333332860e+01,1.446857354899377242e+04
4.610416666666666430e+01,1.446857127432886773e+04
4.612500000000000000e+01,1.446856903687869999e+04
4.614583333333332860e+01,1.446856683803013584e+04
4.616666666666666430e+01,1.446856467914095265e+04
4.618750000000000000e+01,1.446856256153890354e+04
4.620833333333332860e+01,1.446856048652076424e+04
4.622916666666666430e+01,1.446855845535150365e+04
4.625000000000000000e+01,1.446855646926342160e+04
4.627083333333332860e+01,1.446855452945527213e+04
4.629166666666666430e+01,1.446855263709148494e+04
4.631250000000000000e+01,1.446855079330135413e+04
4.633333333333332860e+01,1.446854899917823059e+04
4.635416666666666430e+01,1.446854725577887075e+04
4.637500000000000000e+01,1.446854556412263992e+04
4.639583333333332860e+01,1.446854392519081375e+04
4.641666666666666430e+01,1.446854233992595618e+04
4.643750000000000000e+01,1.446854080923125730e+04
4.645833333333332860e+01,1.446853933396989669e+04
4.647916666666666430e+01,1.446853791496449776e+04
4.650000000000000000e+01,1.446853655299647289e+04
4.652083333333332860e+01,1.446853524880561599e+04
4.654166666666666430e+01,1.446853400308951313e+04
4.656250000000000000e+01,1.446853281650310601e+04
4.658333333333332860e+01,1.446853168965815348e+04
4.660416666666666430e+01,1.446853062312292241e+04
4.662500000000000000e+01,1.446852961742178013e+04
4.664583333333332860e+01,1.446852867303478706e+04
4.666666666666666430e+01,1.446852779039737652e+04
4.668750000000000000e+01,1.446852696990008189e+04
4.670833333333332860e+01,1.446852621188827834e+04
4.672916666666666430e+01,1.446852551666192448e+04
4.675000000000000000e+01,1.446852488447534779e+04
4.677083333333332860e+01,1.446852431553710630e+04
4.679166666666666430e+01,1.446852381000983951e+04
4.681250000000000000e+01,1.446852336801013007e+04
4.683333333333332860e+01,1.446852298960847111e+04
4.685416666666666430e+01,1.446852267482921525e+04
4.687500000000000000e+01,1.446852242365052371e+04
4.689583333333332860e+01,1.446852223600443904e+04
4.691666666666666430e+01,1.446852211177691061e+04
4.693750000000000000e+01,1.446852205080787462e+04
4.695833333333332860e+01,1.446852205289139238e+04
4.697916666666666430e+01,1.446852211777578850e+04
4.700000000000000000e+01,1.446852224516385468e+04
4.702083333333332860e+01,1.446852243471302063e+04
4.704166666666666430e+01,1.446852268603563425e+04
4.706250000000000000e+01,1.446852299869925628e+04
4.708333333333332860e+01,1.446852337222690039e+04
4.710416666666666430e+01,1.446852380609747343e+04
4.712500000000000000e+01,1.446852429974608822e+04
4.714583333333332860e+01,1.446852485256447108e+04
4.716666666666666430e+01,1.446852546390140196e+04
4.718750000000000000e+01,1.446852613306322746e+04
4.720833333333332860e+01,1.446852685931427550e+04
4.722916666666666430e+01,1.446852764187745925e+04
4.725000000000000000e+01,1.446852847993480464e+04
4.727083333333332860e+01,1.446852937262803607e+04
4.729166666666666430e+01,1.446853031905920943e+04
4.731250000000000000e+01,1.446853131829131962e+04
4.733333333333332860e+01,1.446853236934901361e+04
4.735416666666666430e+01,1.446853347121929619e+04
4.737500000000000000e+01,1.446853462285224305e+04
4.739583333333332860e+01,1.446853582316176107e+04
4.741666666666666430e+01,1.446853707102634507e+04
4.743750000000000000e+01,1.446853836528995453e+04
4.745833333333332860e+01,1.446853970476278482e+04
4.747916666666666430e+01,1.446854108822215494e+04
4.750000000000000000e+01,1.446854251441339875e+04
4.752083333333332860e+01,1.446854398205075631e+04
4.754166666666666430e+01,1.446854548981833432e+04
4.756250000000000000e+01,1.446854703637100829e+04
4.758333333333332860e+01,1.446854862033546669e+04
4.760416666666666430e+01,1.446855024031116773e+04
4.762500000000000000e+01,1.446855189487136158e+04
4.764583333333332860e+01,1.446855358256414547e+04
4.766666666666666430e+01,1.446855530191351500e+04
4.768750000000000000e+01,1.446855705142045554e+04
4.770833333333332860e+01,1.446855882956397545e+04
4.772916666666666430e+01,1.446856063480237208e+04
4.775000000000000000e+01,1.446856246557415216e+04
4.777083333333332860e+01,1.446856432029935968e+04
4.779166666666666430e+01,1.446856619738063819e+04
4.781250000000000000e+01,1.446856809520447132e+04
4.783333333333332860e+01,1.446857001214229240e+04
4.785416666666666430e+01,1.446857194655176500e+04
4.787500000000000000e+01,1.446857389677799074e+04
4.789583333333332860e+01,1.446857586115469530e+04
4.791666666666666430e+01,1.446857783800548350e+04
4.793750000000000000e+01,1.446857982564513441e+04
4.795833333333332860e+01,1.446858182238079826e+04
4.797916666666666430e+01,1.446858382651330248e+04
4.800000000000000000e+01,1.446858583633843591e+04
4.802083333333332860e+01,1.446858785014819659e+04
4.804166666666666430e+01,1.446858986623212695e+04
4.806250000000000000e+01,1.446859188287858342e+04
4.808333333333332860e+01,1.446859389837607159e+04
4.810416666666666430e+01,1.446859591101449041e+04
4.812500000000000000e+01,1.446859791908653642e+04
4.814583333333332860e+01,1.446859992088894069e+04
4.816666666666666430e+01,1.446860191472388397e+04
4.818750000000000000e+01,1.446860389890018632e+04
4.820833333333332860e+01,1.446860587173475142e+04
4.822916666666666430e+01,1.446860783155385434e+04
4.825000000000000000e+01,1.446860977669445128e+04
4.827083333333332860e+01,1.446861170550550742e+04
4.829166666666666430e+01,1.446861361634936475e+04
4.831250000000000000e+01,1.446861550760302998e+04
4.833333333333332860e+01,1.446861737765948055e+04
4.835416666666666430e+01,1.446861922492902158e+04
4.837500000000000000e+01,1.446862104784059557e+04
4.839583333333332860e+01,1.446862284484305928e+04
4.841666666666666430e+01,1.446862461440650804e+04
4.843750000000000000e+01,1.446862635502354897e+04
4.845833333333332860e+01,1.446862806521061430e+04
4.847916666666666430e+01,1.446862974350918375e+04
4.850000000000000000e+01,1.446863138848703238e+04
4.852083333333332860e+01,1.446863299873950746e+04
4.854166666666666430e+01,1.446863457289071084e+04
4.856250000000000000e+01,1.446863610959465586e+04
4.858333333333332860e+01,1.446863760753644237e+04
4.860416666666666430e+01,1.446863906543334815e+04
4.862500000000000000e+01,1.446864048203590573e+04
4.864583333333332860e+01,1.446864185612897927e+04
4.866666666666666430e+01,1.446864318653261944e+04
4.868750000000000000e+01,1.446864447210304206e+04
4.870833333333332860e+01,1.446864571173345030e+04
4.872916666666666430e+01,1.446864690435477678e+04
4.875000000000000000e+01,1.446864804893633482e+04
4.877083333333332860e+01,1.446864914448644777e+04
4.879166666666666430e+01,1.446865019005281647e+04
4.881250000000000000e+01,1.446865118472295944e+04
4.883333333333332860e+01,1.446865212762440206e+04
4.885416666666666430e+01,1.446865301792483660e+04
4.887500000000000000e+01,1.446865385483205318e+04
4.889583333333332860e+01,1.446865463759383783e+04
4.891666666666666430e+01,1.446865536549775061e+04
4.893750000000000000e+01,1.446865603787066721e+04
4.895833333333332860e+01,1.446865665407837878e+04
4.897916666666666430e+01,1.446865721352502806e+04
4.900000000000000000e+01,1.446865771565240357e+04
4.902083333333332860e+01,1.446865815993929209e+04
4.904166666666666430e+01,1.446865854590079471e+04
4.906250000000000000e+01,1.446865887308763922e+04
4.908333333333332860e+01,1.446865914108544530e+04
4.910416666666666430e+01,1.446865934951424424e+04
4.912500000000000000e+01,1.446865949802799150e+04
4.914583333333332860e+01,1.446865958631423928e+04
4.916666666666666430e+01,1.446865961409403099e+04
4.918750000000000000e+01,1.446865958112194858e+04
4.920833333333332860e+01,1.446865948718639993e+04
4.922916666666666430e+01,1.446865933211016454e+04
4.925000000000000000e+01,1.446865911575113205e+04
4.927083333333332860e+01,1.446865883800322626e+04
4.929166666666666430e+01,1.446865849879762754e+04
4.931250000000000000e+01,1.446865809810406427e+04
4.933333333333332860e+01,1.446865763593228985e+04
4.935416666666666430e+01,1.446865711233360707e+04
4.937500000000000000e+01,1.446865652740242876e+04
4.939583333333332860e+01,1.446865588127783485e+04
4.941666666666666430e+01,1.446865517414502392e+04
4.943750000000000000e+01,1.446865440623664472e+04
4.945833333333332860e+01,1.446865357783389481e+04
4.947916666666666430e+01,1.446865268926752833e+04
4.950000000000000000e+01,1.446865174091851077e+04
4.952083333333332860e+01,1.446865073321848467e+04
4.954166666666666430e+01,1.446864966664986787e+04
4.956250000000000000e+01,1.446864854174582069e+04
4.958333333333332860e+01,1.446864735908986768e+04
4.960416666666666430e+01,1.446864611931540276e+04
4.962500000000000000e+01,1.446864482310486710e+04
4.964583333333332860e+01,1.446864347118884689e+04
4.966666666666666430e+01,1.446864206434504376e+04
4.968750000000000000e+01,1.446864060339717616e+04
4.970833333333332860e+01,1.446863908921378606e+04
4.972916666666666430e+01,1.446863752270699479e+04
4.975000000000000000e+01,1.446863590483130611e+04
4.977083333333332860e+01,1.446863423658249303e+04
4.979166666666666430e+01,1.446863251899634997e+04
4.981250000000000000e+01,1.446863075314758316e+04
4.983333333333332860e+01,1.446862894014875928e+04
4.985416666666666430e+01,1.446862708114923953e+04
4.987500000000000000e+01,1.446862517733412460e+04
4.989583333333332860e+01,1.446862322992326517e+04
4.991666666666666430e+01,1.446862124017037786e+04
4.993750000000000000e+01,1.446861920936188471e+04
4.995833333333332860e+01,1.446861713881605101e+04
4.997916666666666430e+01,1.446861502988196662e+04
5.000000000000000000e+01,1.446861288393852010e+04
5.002083333333332860e+01,1.446861070239337641e+04
5.004166666666666430e+01,1.446860848668196195e+04
5.006250000000000000e+01,1.446860623826637675e+04
5.008333333333332860e+01,1.446860395863439408e+04
5.010416666666666430e+01,1.446860164929827806e+04
5.012500000000000000e+01,1.446859931179379055e+04
5.014583333333332860e+01,1.446859694767908877e+04
5.016666666666666430e+01,1.446859455853365944e+04
5.018750000000000000e+01,1.446859214595717276e+04
5.020833333333332860e+01,1.446858971156848929e+04
5.022916666666666430e+01,1.446858725700457217e+04
5.025000000000000000e+01,1.446858478391933022e+04
5.027083333333332860e+01,1.446858229398271214e+04
5.029166666666666430e+01,1.446857978887947684e+04
5.031250000000000000e+01,1.446857727030823298e+04
5.033333333333332860e+01,1.446857473998029309e+04
5.035416666666666430e+01,1.446857219961861483e+04
5.037500000000000000e+01,1.446856965095671330e+04
5.039583333333332860e+01,1.446856709573752596e+04
5.041666666666666430e+01,1.446856453571230304e+04
5.043750000000000000e+01,1.446856197263944705e+04
5.045833333333332860e+01,1.446855940828344683e+04
5.047916666666666430e+01,1.446855684441359699e+04
5.050000000000000000e+01,1.446855428280294291e+04
5.052083333333332860e+01,1.446855172522705107e+04
5.054166666666666430e+01,1.446854917346283401e+04
5.056250000000000000e+01,1.446854662928736798e+04
5.058333333333332860e+01,1.446854409447674334e+04
5.060416666666666430e+01,1.446854157080484583e+04
5.062500000000000000e+01,1.446853906004215969e+04
5.064583333333332860e+01,1.446853656395465077e+04
5.066666666666666430e+01,1.446853408430253330e+04
5.068750000000000000e+01,1.446853162283911661e+04
5.070833333333332860e+01,1.446852918130965190e+04
5.072916666666666430e+01,1.446852676145012447e+04
5.075000000000000000e+01,1.446852436498616589e+04
5.077083333333332860e+01,1.446852199363182808e+04
5.079166666666666430e+01,1.446851964908845912e+04
5.081250000000000000e+01,1.446851733304357549e+04
5.083333333333332860e+01,1.446851504716966883e+04
5.085416666666666430e+01,1.446851279312313636e+04
5.087500000000000000e+01,1.446851057254311308e+04
5.089583333333332860e+01,1.446850838705032220e+04
5.091666666666666430e+01,1.446850623824604918e+04
5.093750000000000000e+01,1.446850412771092306e+04
5.095833333333332860e+01,1.446850205700393053e+04
5.097916666666666430e+01,1.446850002766127727e+04
5.100000000000000000e+01,1.446849804119530745e+04
5.102083333333332860e+01,1.446849609909351784e+04
5.104166666666666430e+01,1.446849420281743733e+04
5.106250000000000000e+01,1.446849235380167738e+04
5.108333333333332860e+01,1.446849055345285888e+04
5.110416666666666430e+01,1.446848880314869893e+04
5.112500000000000000e+01,1.446848710423697048e+04
5.114583333333332860e+01,1.446848545803459638e+04
5.116666666666666430e+01,1.446848386582670355e+04
5.118750000000000000e+01,1.446848232886570622e+04
5.120833333333332860e+01,1.446848084837040733e+04
5.122916666666666430e+01,1.446847942552516179e+04
5.125000000000000000e+01,1.446847806147896699e+04
5.127083333333332860e+01,1.446847675734468066e+04
5.129166666666666430e+01,1.446847551419819138e+04
5.131250000000000000e+01,1.446847433307764732e+04
5.133333333333332860e+01,1.446847321498269957e+04
5.135416666666666430e+01,1.446847216087372362e+04
5.137500000000000000e+01,1.446847117167113538e+04
5.139583333333332860e+01,1.446847024825474728e+04
5.141666666666666430e+01,1.446846939146303703e+04
5.143750000000000000e+01,1.446846860209252554e+04
5.145833333333332860e+01,1.446846788089723850e+04
5.147916666666666430e+01,1.446846722858803332e+04
5.150000000000000000e+01,1.446846664583210804e+04
5.152083333333332860e+01,1.446846613325248109e+04
5.154166666666666430e+01,1.446846569142745648e+04
5.156250000000000000e+01,1.446846532089020911e+04
5.158333333333332860e+01,1.446846502212831547e+04
5.160416666666666430e+01,1.446846479558337523e+04
5.162500000000000000e+01,1.446846464165063298e+04
5.164583333333332860e+01,1.446846456067859981e+04
5.166666666666666430e+01,1.446846455296883869e+04
5.168750000000000000e+01,1.446846461877554611e+04
5.170833333333332860e+01,1.446846475830543204e+04
5.172916666666666430e+01,1.446846497171743249e+04
5.175000000000000000e+01,1.446846525912252037e+04
5.177083333333332860e+01,1.446846562058362179e+04
5.179166666666666430e+01,1.446846605611539781e+04
5.181250000000000000e+01,1.446846656568423350e+04
5.183333333333332860e+01,1.446846714920817612e+04
5.185416666666666430e+01,1.446846780655685143e+04
5.187500000000000000e+01,1.446846853755153643e+04
5.189583333333332860e+01,1.446846934196519942e+04
5.191666666666666430e+01,1.446847021952252908e+04
5.193750000000000000e+01,1.446847116990012000e+04
5.195833333333332860e+01,1.446847219272653092e+04
5.197916666666666430e+01,1.446847328758251751e+04
5.200000000000000000e+01,1.446847445400124343e+04
5.202083333333332860e+01,1.446847569146850219e+04
5.204166666666666430e+01,1.446847699942296822e+04
5.206250000000000000e+01,1.446847837725654972e+04
5.208333333333332860e+01,1.446847982431473429e+04
5.210416666666666430e+01,1.446848133989691269e+04
5.212500000000000000e+01,1.446848292325679722e+04
5.214583333333332860e+01,1.446848457360290922e+04
5.216666666666666430e+01,1.446848629009895376e+04
5.218750000000000000e+01,1.446848807186442355e+04
5.220833333333332860e+01,1.446848991797503550e+04
5.222916666666666430e+01,1.446849182746336010e+04
5.225000000000000000e+01,1.446849379931938529e+04
5.227083333333332860e+01,1.446849583249111311e+04
5.229166666666666430e+01,1.446849792588526179e+04
5.231250000000000000e+01,1.446850007836790610e+04
5.233333333333332860e+01,1.446850228876521942e+04
5.235416666666666430e+01,1.446850455586417593e+04
5.237500000000000000e+01,1.446850687841333638e+04
5.239583333333332860e+01,1.446850925512365575e+04
5.241666666666666430e+01,1.446851168466927265e+04
5.243750000000000000e+01,1.446851416568836430e+04
5.245833333333332860e+01,1.446851669678403414e+04
5.247916666666666430e+01,1.446851927652521408e+04
5.250000000000000000e+01,1.446852190344756309e+04
5.252083333333332860e+01,1.446852457605440577e+04
5.254166666666666430e+01,1.446852729281775100e+04
5.256250000000000000e+01,1.446853005217923783e+04
5.258333333333332860e+01,1.446853285255116134e+04
5.260416666666666430e+01,1.446853569231754591e+04
5.262500000000000000e+01,1.446853856983513106e+04
5.264583333333332860e+01,1.446854148343448469e+04
5.266666666666666430e+01,1.446854443142113814e+04
5.268750000000000000e+01,1.446854741207666302e+04
5.270833333333332860e+01,1.446855042365975896e+04
5.272916666666666430e+01,1.446855346440744688e+04
5.275000000000000000e+01,1.446855653253629134e+04
5.277083333333332860e+01,1.446855962624345921e+04
5.279166666666666430e+01,1.446856274370799292e+04
5.281250000000000000e+01,1.446856588309200379e+04
5.283333333333332860e+01,1.446856904254187248e+04
5.285416666666666430e+01,1.446857222018948960e+04
5.287500000000000000e+01,1.446857541415349988e+04
5.289583333333332860e+01,1.446857862254055726e+04
5.291666666666666430e+01,1.446858184344653273e+04
5.293750000000000000e+01,1.446858507495788217e+04
5.295833333333332860e+01,1.446858831515279962e+04
5.297916666666666430e+01,1.446859156210258516e+04
5.300000000000000000e+01,1.446859481387289270e+04
5.302083333333332860e+01,1.446859806852497786e+04
5.304166666666666430e+01,1.446860132411706581e+04
5.306250000000000000e+01,1.446860457870555547e+04
5.308333333333332860e+01,1.446860783034637643e+04
5.310416666666666430e+01,1.446861107709621137e+04
5.312500000000000000e+01,1.446861431701382025e+04
5.314583333333332860e+01,1.446861754816133180e+04
5.316666666666666430e+01,1.446862076860545494e+04
5.318750000000000000e+01,1.446862397641881398e+04
5.320833333333332860e+01,1.446862716968119275e+04
5.322916666666666430e+01,1.446863034648074245e+04
5.325000000000000000e+01,1.446863350491530218e+04
5.327083333333332860e+01,1.446863664309354863e+04
5.329166666666666430e+01,1.446863975913630929e+04
5.331250000000000000e+01,1.446864285117766485e+04
5.333333333333332860e+01,1.446864591736622970e+04
5.335416666666666430e+01,1.446864895586630519e+04
5.337500000000000000e+01,1.446865196485904016e+04
5.339583333333332860e+01,1.446865494254358055e+04
5.341666666666666430e+01,1.446865788713817892e+04
5.343750000000000000e+01,1.446866079688139507e+04
5.345833333333332860e+01,1.446866367003310734e+04
5.347916666666666430e+01,1.446866650487562219e+04
5.350000000000000000e+01,1.446866929971480931e+04
5.352083333333332860e+01,1.446867205288104378e+04
5.354166666666666430e+01,1.446867476273038119e+04
5.356250000000000000e+01,1.446867742764548166e+04
5.358333333333332860e+01,1.446868004603672671e+04
5.360416666666666430e+01,1.446868261634318696e+04
5.362500000000000000e+01,1.446868513703365898e+04
5.364583333333332860e+01,1.446868760660769476e+04
5.366666666666666430e+01,1.446869002359666774e+04
5.368750000000000000e+01,1.446869238656477319e+04
5.370833333333332860e+01,1.446869469411009413e+04
5.372916666666666430e+01,1.446869694486575827e+04
5.375000000000000000e+01,1.446869913750099295e+04
5.377083333333332860e+01,1.446870127072229661e+04
5.379166666666666430e+01,1.446870334327465389e+04
5.381250000000000000e+01,1.446870535394280159e+04
5.383333333333332860e+01,1.446870730155247657e+04
5.385416666666666430e+01,1.446870918497181265e+04
5.387500000000000000e+01,1.446871100311270857e+04
5.389583333333332860e+01,1.446871275493229405e+04
5.391666666666666430e+01,1.446871443943443228e+04
5.393750000000000000e+01,1.446871605567125152e+04
5.395833333333332860e+01,1.446871760274470216e+04
5.397916666666666430e+01,1.446871907980807373e+04
5.400000000000000000e+01,1.446872048606762110e+04
5.402083333333332860e+01,1.446872182078399419e+04
5.404166666666666430e+01,1.446872308327374412e+04
5.406250000000000000e+01,1.446872427291057102e+04
5.408333333333332860e+01,1.446872538912657910e+04
5.410416666666666430e+01,1.446872643141330991e+04
5.412500000000000000e+01,1.446872739932253899e+04
5.414583333333332860e+01,1.446872829246683978e+04
5.416666666666666430e+01,1.446872911051992196e+04
5.418750000000000000e+01,1.446872985321665692e+04
5.420833333333332860e+01,1.446873052035277578e+04
5.422916666666666430e+01,1.446873111178428007e+04
5.425000000000000000e+01,1.446873162742650675e+04
5.427083333333332860e+01,1.446873206725296404e+04
5.429166666666666430e+01,1.446873243129386174e+04
5.431250000000000000e+01,1.446873271963433581e+04
5.433333333333332860e+01,1.446873293241261126e+04
5.435416666666666430e+01,1.446873306981799033e+04
5.437500000000000000e+01,1.446873313208868058e+04
5.439583333333332860e+01,1.446873311950967764e+04
5.441666666666666430e+01,1.446873303241066969e+04
5.443750000000000000e+01,1.446873287116408028e+04
5.445833333333332860e+01,1.446873263618318742e+04
5.447916666666666430e+01,1.446873232792043200e+04
5.450000000000000000e+01,1.446873194686598436e+04
5.452083333333332860e+01,1.446873149354654379e+04
5.454166666666666430e+01,1.446873096852434173e+04
5.456250000000000000e+01,1.446873037239643600e+04
5.458333333333332860e+01,1.446872970579412868e+04
5.460416666666666430e+01,1.446872896938271879e+04
5.462500000000000000e+01,1.446872816386131308e+04
5.464583333333332860e+01,1.446872728996281876e+04
5.466666666666666430e+01,1.446872634845400535e+04
5.468750000000000000e+01,1.446872534013561017e+04
5.470833333333332860e+01,1.446872426584254572e+04
5.472916666666666430e+01,1.446872312644394333e+04
5.475000000000000000e+01,1.446872192284332777e+04
5.477083333333332860e+01,1.446872065597858818e+04
5.479166666666666430e+01,1.446871932682197803e+04
5.481250000000000000e+01,1.446871793637997325e+04
5.483333333333332860e+01,1.446871648569305762e+04
5.485416666666666430e+01,1.446871497583548626e+04
5.487500000000000000e+01,1.446871340791485272e+04
5.489583333333332860e+01,1.446871178307175069e+04
5.491666666666666430e+01,1.446871010247920276e+04
5.493750000000000000e+01,1.446870836734218392e+04
5.495833333333332860e+01,1.446870657889702488e+04
5.497916666666666430e+01,1.446870473841081912e+04
5.500000000000000000e+01,1.446870284718074981e+04
5.502083333333332860e+01,1.446870090653350417e+04
5.504166666666666430e+01,1.446869891782447667e+04
5.506250000000000000e+01,1.446869688243714336e+04
5.508333333333332860e+01,1.446869480178230879e+04
5.510416666666666430e+01,1.446869267729730200e+04
5.512500000000000000e+01,1.446869051044519074e+04
5.514583333333332860e+01,1.446868830271397383e+04
5.516666666666666430e+01,1.446868605561564254e+04
5.518750000000000000e+01,1.446868377068535119e+04
5.520833333333332860e+01,1.446868144948042391e+04
5.522916666666666430e+01,1.446867909357939061e+04
5.525000000000000000e+01,1.446867670458093926e+04
5.527083333333332860e+01,1.446867428410291177e+04
5.529166666666666430e+01,1.446867183378123082e+04
5.531250000000000000e+01,1.446866935526878660e+04
5.533333333333332860e+01,1.446866685023434184e+04
5.535416666666666430e+01,1.446866432036138940e+04
5.537500000000000000e+01,1.446866176734704277e+04
5.539583333333332860e+01,1.446865919290085731e+04
5.541666666666666430e+01,1.446865659874373523e+04
5.543750000000000000e+01,1.446865398660672145e+04
5.545833333333332860e+01,1.446865135822985030e+04
5.547916666666666430e+01,1.446864871536103237e+04
5.550000000000000000e+01,1.446864605975486120e+04
5.552083333333332860e+01,1.446864339317142367e+04
5.554166666666666430e+01,1.446864071737518680e+04
5.556250000000000000e+01,1.446863803413379719e+04
5.558333333333332860e+01,1.446863534521689508e+04
5.560416666666666430e+01,1.446863265239495377e+04
5.562500000000000000e+01,1.446862995743807187e+04
5.564583333333332860e+01,1.446862726211482732e+04
5.566666666666666430e+01,1.446862456819104045e+04
5.568750000000000000e+01,1.446862187742858441e+04
5.570833333333332860e+01,1.446861919158423916e+04
5.572916666666666430e+01,1.446861651240846186e+04
5.575000000000000000e+01,1.446861384164421543e+04
5.577083333333332860e+01,1.446861118102576802e+04
5.579166666666666430e+01,1.446860853227751068e+04
5.581250000000000000e+01,1.446860589711284410e+04
5.583333333333332860e+01,1.446860327723297814e+04
5.585416666666666430e+01,1.446860067432575670e+04
5.587500000000000000e+01,1.446859809006452997e+04
5.589583333333332860e+01,1.446859552610708124e+04
5.591666666666666430e+01,1.446859298409447001e+04
5.593750000000000000e+01,1.446859046564985329e+04
5.595833333333332860e+01,1.446858797237751423e+04
5.597916666666666430e+01,1.446858550586172350e+04
5.600000000000000000e+01,1.446858306766562600e+04
5.602083333333332860e+01,1.446858065933029866e+04
5.604166666666666430e+01,1.446857828237357171e+04
5.606250000000000000e+01,1.446857593828907920e+04
5.608333333333332860e+01,1.446857362854527310e+04
5.610416666666666430e+01,1.446857135458435005e+04
5.612500000000000000e+01,1.446856911782132374e+04
5.614583333333332860e+01,1.446856691964303900e+04
5.616666666666666430e+01,1.446856476140722589e+04
5.618750000000000000e+01,1.446856264444161934e+04
5.620833333333332860e+01,1.446856057004297691e+04
5.622916666666666430e+01,1.446855853947624564e+04
5.625000000000000000e+01,1.446855655397372539e+04
5.627083333333332860e+01,1.446855461473414834e+04
5.629166666666666430e+01,1.446855272292190421e+04
5.631250000000000000e+01,1.446855087966631618e+04
5.633333333333332860e+01,1.446854908606072422e+04
5.635416666666666430e+01,1.446854734316187387e+04
5.637500000000000000e+01,1.446854565198911587e+04
5.639583333333332860e+01,1.446854401352373679e+04
5.641666666666666430e+01,1.446854242870832968e+04
5.643750000000000000e+01,1.446854089844604823e+04
5.645833333333332860e+01,1.446853942360010478e+04
5.647916666666666430e+01,1.446853800499311183e+04
5.650000000000000000e+01,1.446853664340651812e+04
5.652083333333332860e+01,1.446853533958012122e+04
5.654166666666666430e+01,1.446853409421152901e+04
5.656250000000000000e+01,1.446853290795566863e+04
5.658333333333332860e+01,1.446853178142435354e+04
5.660416666666666430e+01,1.446853071518587603e+04
5.662500000000000000e+01,1.446852970976460711e+04
5.664583333333332860e+01,1.446852876564062899e+04
5.666666666666666430e+01,1.446852788324941866e+04
5.668750000000000000e+01,1.446852706298155317e+04
5.670833333333332860e+01,1.446852630518240767e+04
5.672916666666666430e+01,1.446852561015199535e+04
5.675000000000000000e+01,1.446852497814468370e+04
5.677083333333332860e+01,1.446852440936906351e+04
5.679166666666666430e+01,1.446852390398781063e+04
5.681250000000000000e+01,1.446852346211756230e+04
5.683333333333332860e+01,1.446852308382886258e+04
5.685416666666666430e+01,1.446852276914608592e+04
5.687500000000000000e+01,1.446852251804746629e+04
5.689583333333332860e+01,1.446852233046508991e+04
5.691666666666666430e+01,1.446852220628495343e+04
5.693750000000000000e+01,1.446852214534706218e+04
5.695833333333332860e+01,1.446852214744553203e+04
5.697916666666666430e+01,1.446852221232874945e+04
5.700000000000000000e+01,1.446852233969955341e+04
5.702083333333332860e+01,1.446852252921545369e+04
5.704166666666666430e+01,1.446852278048884546e+04
5.706250000000000000e+01,1.446852309308736949e+04
5.708333333333332860e+01,1.446852346653411951e+04
5.710416666666666430e+01,1.446852390030806055e+04
5.712500000000000000e+01,1.446852439384437457e+04
5.714583333333332860e+01,1.446852494653486428e+04
5.716666666666666430e+01,1.446852555772840424e+04
5.718750000000000000e+01,1.446852622673139558e+04
5.720833333333332860e+01,1.446852695280827174e+04
5.722916666666666430e+01,1.446852773518201502e+04
5.725000000000000000e+01,1.446852857303474593e+04
5.727083333333332860e+01,1.446852946550826164e+04
5.729166666666666430e+01,1.446853041170471624e+04
5.731250000000000000e+01,1.446853141068718469e+04
5.733333333333332860e+01,1.446853246148043399e+04
5.735416666666666430e+01,1.446853356307153445e+04
5.737500000000000000e+01,1.446853471441066722e+04
5.739583333333332860e+01,1.446853591441184108e+04
5.741666666666666430e+01,1.446853716195364905e+04
5.743750000000000000e+01,1.446853845588015247e+04
5.745833333333332860e+01,1.446853979500163769e+04
5.747916666666666430e+01,1.446854117809554373e+04
5.750000000000000000e+01,1.446854260390730633e+04
5.752083333333332860e+01,1.446854407115127833e+04
5.754166666666666430e+01,1.446854557851165009e+04
5.756250000000000000e+01,1.446854712464345357e+04
5.758333333333332860e+01,1.446854870817345000e+04
5.760416666666666430e+01,1.446855032770123216e+04
5.762500000000000000e+01,1.446855198180015577e+04
5.764583333333332860e+01,1.446855366901845264e+04
5.766666666666666430e+01,1.446855538788022022e+04
5.768750000000000000e+01,1.446855713688655669e+04
5.770833333333332860e+01,1.446855891451662319e+04
5.772916666666666430e+01,1.446856071922880801e+04
5.775000000000000000e+01,1.446856254946174886e+04
5.777083333333332860e+01,1.446856440363563161e+04
5.779166666666666430e+01,1.446856628015320894e+04
5.781250000000000000e+01,1.446856817740108818e+04
5.783333333333332860e+01,1.446857009375085181e+04
5.785416666666666430e+01,1.446857202756029073e+04
5.787500000000000000e+01,1.446857397717461208e+04
5.789583333333332860e+01,1.446857594092768340e+04
5.791666666666666430e+01,1.446857791714324776e+04
5.793750000000000000e+01,1.446857990413621155e+04
5.795833333333332860e+01,1.446858190021387054e+04
5.797916666666666430e+01,1.446858390367716856e+04
5.800000000000000000e+01,1.446858591282204361e+04
5.802083333333332860e+01,1.446858792594061742e+04
5.804166666666666430e+01,1.446858994132257430e+04
5.806250000000000000e+01,1.446859195725641257e+04
5.808333333333332860e+01,1.446859397203074332e+04
5.810416666666666430e+01,1.446859598393563647e+04
5.812500000000000000e+01,1.446859799126393773e+04
5.814583333333332860e+01,1.446859999231247639e+04
5.816666666666666430e+01,1.446860198538357145e+04
5.818750000000000000e+01,1.446860396878621759e+04
5.820833333333332860e+01,1.446860594083744945e+04
5.822916666666666430e+01,1.446860789986365126e+04
5.825000000000000000e+01,1.446860984420193199e+04
5.827083333333332860e+01,1.446861177220142417e+04
5.829166666666666430e+01,1.446861368222460078e+04
5.831250000000000000e+01,1.446861557264858493e+04
5.833333333333332860e+01,1.446861744186651413e+04
5.835416666666666430e+01,1.446861928828886084e+04
5.837500000000000000e+01,1.446862111034470945e+04
5.839583333333332860e+01,1.446862290648305498e+04
5.841666666666666430e+01,1.446862467517414916e+04
5.843750000000000000e+01,1.446862641491078830e+04
5.845833333333332860e+01,1.446862812420953196e+04
5.847916666666666430e+01,1.446862980161204541e+04
5.850000000000000000e+01,1.446863144568629286e+04
5.852083333333332860e+01,1.446863305502781441e+04
5.854166666666666430e+01,1.446863462826087925e+04
5.856250000000000000e+01,1.446863616403971173e+04
5.858333333333332860e+01,1.446863766104963725e+04
5.860416666666666430e+01,1.446863911800814822e+04
5.862500000000000000e+01,1.446864053366607186e+04
5.864583333333332860e+01,1.446864190680845422e+04
5.866666666666666430e+01,1.446864323625566249e+04
5.868750000000000000e+01,1.446864452086421079e+04
5.870833333333332860e+01,1.446864575952760788e+04
5.872916666666666430e+01,1.446864695117711744e+04
5.875000000000000000e+01,1.446864809478244206e+04
5.877083333333332860e+01,1.446864918935222886e+04
5.879166666666666430e+01,1.446865023393461888e+04
5.881250000000000000e+01,1.446865122761754901e+04
5.883333333333332860e+01,1.446865216952900664e+04
5.885416666666666430e+01,1.446865305883711699e+04
5.887500000000000000e+01,1.446865389475017946e+04
5.889583333333332860e+01,1.446865467651648214e+04
5.891666666666666430e+01,1.446865540342408349e+04
5.893750000000000000e+01,1.446865607480038670e+04
5.895833333333332860e+01,1.446865669001171045e+04
5.897916666666666430e+01,1.446865724846269222e+04
5.900000000000000000e+01,1.446865774959564806e+04
5.902083333333332860e+01,1.446865819288983766e+04
5.904166666666666430e+01,1.446865857786083870e+04
5.906250000000000000e+01,1.446865890405977552e+04
5.908333333333332860e+01,1.446865917107267887e+04
5.910416666666666430e+01,1.446865937851991475e+04
5.912500000000000000e+01,1.446865952605568964e+04
5.914583333333332860e+01,1.446865961336782857e+04
5.916666666666666430e+01,1.446865964017749138e+04
5.918750000000000000e+01,1.446865960623936553e+04
5.920833333333332860e+01,1.446865951134189891e+04
5.922916666666666430e+01,1.446865935530784554e+04
5.925000000000000000e+01,1.446865913799498230e+04
5.927083333333332860e+01,1.446865885929710930e+04
5.929166666666666430e+01,1.446865851914521772e+04
5.931250000000000000e+01,1.446865811750881403e+04
5.933333333333332860e+01,1.446865765439742609e+04
5.935416666666666430e+01,1.446865712986208382e+04
5.937500000000000000e+01,1.446865654399698542e+04
5.939583333333332860e+01,1.446865589694094888e+04
5.941666666666666430e+01,1.446865518887897269e+04
5.943750000000000000e+01,1.446865442004351644e+04
5.945833333333332860e+01,1.446865359071566127e+04
5.947916666666666430e+01,1.446865270122606307e+04
5.950000000000000000e+01,1.446865175195565826e+04
5.952083333333332860e+01,1.446865074333607481e+04
5.954166666666666430e+01,1.446864967584981423e+04
5.956250000000000000e+01,1.446864855003014964e+04
5.958333333333332860e+01,1.446864736646076926e+04
5.960416666666666430e+01,1.446864612577525986e+04
5.962500000000000000e+01,1.446864482865627724e+04
5.964583333333332860e+01,1.446864347583468043e+04
5.966666666666666430e+01,1.446864206808843664e+04
5.968750000000000000e+01,1.446864060624155172e+04
5.970833333333332860e+01,1.446863909116285140e+04
5.972916666666666430e+01,1.446863752376473713e+04
5.975000000000000000e+01,1.446863590500201826e+04
5.977083333333332860e+01,1.446863423587074431e+04
5.979166666666666430e+01,1.446863251740695705e+04
5.981250000000000000e+01,1.446863075068563921e+04
5.983333333333332860e+01,1.446862893681957939e+04
5.985416666666666430e+01,1.446862707695839345e+04
5.987500000000000000e+01,1.446862517228736760e+04
5.989583333333332860e+01,1.446862322402661448e+04
5.991666666666666430e+01,1.446862123342998166e+04
5.993750000000000000e+01,1.446861920178412038e+04
5.995833333333332860e+01,1.446861713040748145e+04
5.997916666666666430e+01,1.446861502064931119e+04
