0.000000000000000000e+00,0.000000000000000000e+00
2.083333333333333218e-02,1.938376512370118508e+04
4.166666666666666435e-02,1.546828861700453854e+04
6.250000000000000000e-02,1.522986993742068080e+04
8.333333333333332871e-02,1.491321807972557508e+04
1.041666666666666574e-01,1.459562967624078374e+04
1.250000000000000000e-01,1.438784419637911196e+04
1.458333333333333148e-01,1.428638927191806215e+04
1.666666666666666574e-01,1.426173166990294703e+04
1.875000000000000000e-01,1.429376341586597118e+04
2.083333333333333148e-01,1.435705147402992588e+04
2.291666666666666574e-01,1.441812793328906992e+04
2.500000000000000000e-01,1.445651282768399324e+04
2.708333333333333148e-01,1.447433063309742647e+04
2.916666666666666297e-01,1.448182804695062441e+04
3.125000000000000000e-01,1.448321802154178295e+04
3.333333333333333148e-01,1.447899907244998030e+04
3.541666666666666297e-01,1.447262430486708399e+04
3.750000000000000000e-01,1.446863929021230433e+04
3.958333333333333148e-01,1.446771131511525164e+04
4.166666666666666297e-01,1.446749046797238043e+04
4.375000000000000000e-01,1.446675191707659542e+04
4.583333333333333148e-01,1.446613891176534526e+04
4.791666666666666297e-01,1.446593236479136613e+04
5.000000000000000000e-01,1.446537312185324117e+04
5.208333333333332593e-01,1.446407221192177167e+04
5.416666666666666297e-01,1.446262931357796697e+04
5.625000000000000000e-01,1.446167085531760677e+04
5.833333333333332593e-01,1.446116452939283045e+04
6.041666666666666297e-01,1.446088440076197730e+04
6.250000000000000000e-01,1.446092264472334136e+04
6.458333333333332593e-01,1.446145779862033669e+04
6.666666666666666297e-01,1.446238277475039649e+04
6.875000000000000000e-01,1.446342468283080962e+04
7.083333333333332593e-01,1.446444796616819440e+04
7.291666666666666297e-01,1.446545110556144209e+04
7.500000000000000000e-01,1.446637881071051743e+04
7.708333333333332593e-01,1.446710439493950616e+04
7.916666666666666297e-01,1.446756213551984911e+04
8.125000000000000000e-01,1.446778501597452487e+04
8.333333333333332593e-01,1.446781922640614357e+04
8.541666666666666297e-01,1.446767810687555175e+04
8.750000000000000000e-01,1.446738499896127178e+04
8.958333333333332593e-01,1.446700391212867908e+04
9.166666666666666297e-01,1.446660712179086840e+04
9.375000000000000000e-01,1.446624024199439737e+04
9.583333333333332593e-01,1.446593092207394511e+04
9.791666666666666297e-01,1.446570870104924325e+04
1.000000000000000000e+00,1.446559906373413105e+04
1.020833333333333259e+00,1.446560725177230051e+04
1.041666666666666519e+00,1.446571968193649082e+04
1.062500000000000000e+00,1.446591714608398979e+04
1.083333333333333259e+00,1.446617943067111992e+04
1.104166666666666519e+00,1.446648121597436693e+04
1.125000000000000000e+00,1.446679260374881414e+04
1.145833333333333259e+00,1.446708630352788896e+04
1.166666666666666519e+00,1.446734236052886263e+04
1.187500000000000000e+00,1.446754709897891735e+04
1.208333333333333259e+00,1.446769168759481545e+04
1.229166666666666519e+00,1.446777348337014337e+04
1.250000000000000000e+00,1.446779708610962189e+04
1.270833333333333259e+00,1.446777255189665448e+04
1.291666666666666519e+00,1.446771261026765205e+04
1.312500000000000000e+00,1.446763120713857279e+04
1.333333333333333259e+00,1.446754280135786394e+04
1.354166666666666519e+00,1.446746098175294173e+04
1.375000000000000000e+00,1.446739674406254562e+04
1.395833333333333259e+00,1.446735761392302447e+04
1.416666666666666519e+00,1.446734768612107291e+04
1.437500000000000000e+00,1.446736781282859374e+04
1.458333333333333259e+00,1.446741572596322658e+04
1.479166666666666519e+00,1.446748650052154335e+04
1.500000000000000000e+00,1.446757346772701567e+04
1.520833333333333259e+00,1.446766919156875883e+04
1.541666666666666519e+00,1.446776623142952667e+04
1.562500000000000000e+00,1.446785777797650371e+04
1.583333333333333259e+00,1.446793825967185694e+04
1.604166666666666519e+00,1.446800379854157654e+04
1.625000000000000000e+00,1.446805237969914378e+04
1.645833333333333259e+00,1.446808377815559288e+04
1.666666666666666519e+00,1.446809935850100010e+04
1.687500000000000000e+00,1.446810177946338081e+04
1.708333333333333259e+00,1.446809458961532800e+04
1.729166666666666519e+00,1.446808175929293066e+04
1.750000000000000000e+00,1.446806723745631461e+04
1.770833333333333259e+00,1.446805458485662530e+04
1.791666666666666519e+00,1.446804668752523139e+04
1.812500000000000000e+00,1.446804555659797188e+04
1.833333333333333259e+00,1.446805223609620225e+04
1.854166666666666519e+00,1.446806682465711856e+04
1.875000000000000000e+00,1.446808858826943106e+04
1.895833333333333259e+00,1.446811613380966082e+04
1.916666666666666519e+00,1.446814762249772684e+04
1.937500000000000000e+00,1.446818100401463380e+04
1.958333333333333259e+00,1.446821424504857350e+04
1.979166666666666519e+00,1.446824552642294657e+04
2.000000000000000000e+00,1.446827339348241003e+04
2.020833333333333037e+00,1.446829685381143645e+04
2.041666666666666519e+00,1.446831541974997162e+04
2.062500000000000000e+00,1.446832909634116731e+04
2.083333333333333037e+00,1.446833832177740987e+04
2.104166666666666519e+00,1.446834387308024452e+04
2.125000000000000000e+00,1.446834675109810269e+04
2.145833333333333037e+00,1.446834805781442628e+04
2.166666666666666519e+00,1.446834887819769574e+04
2.187500000000000000e+00,1.446835017785033779e+04
2.208333333333333037e+00,1.446835272492748845e+04
2.229166666666666519e+00,1.446835704078671552e+04
2.250000000000000000e+00,1.446836338031501873e+04
2.270833333333333037e+00,1.446837174028663139e+04
2.291666666666666519e+00,1.446838189179632900e+04
2.312500000000000000e+00,1.446839343073025884e+04
2.333333333333333037e+00,1.446840583904346931e+04
2.354166666666666519e+00,1.446841854956486713e+04
2.375000000000000000e+00,1.446843100773063270e+04
2.395833333333333037e+00,1.446844272467805786e+04
2.416666666666666519e+00,1.446845331753165738e+04
2.437500000000000000e+00,1.446846253447708659e+04
2.458333333333333037e+00,1.446847026406082296e+04
2.479166666666666519e+00,1.446847652975038000e+04
2.500000000000000000e+00,1.446848147204236739e+04
2.520833333333333037e+00,1.446848532132867331e+04
2.541666666666666519e+00,1.446848836527587991e+04
2.562500000000000000e+00,1.446849091456371752e+04
2.583333333333333037e+00,1.446849327050413922e+04
2.604166666666666519e+00,1.446849569744232213e+04
2.625000000000000000e+00,1.446849840204114298e+04
2.645833333333333037e+00,1.446850152064006397e+04
2.666666666666666519e+00,1.446850511494707462e+04
2.687500000000000000e+00,1.446850917547568679e+04
2.708333333333333037e+00,1.446851363146104995e+04
2.729166666666666519e+00,1.446851836552047462e+04
2.750000000000000000e+00,1.446852323106987023e+04
2.770833333333333037e+00,1.446852807047532406e+04
2.791666666666666519e+00,1.446853273208924657e+04
2.812500000000000000e+00,1.446853708465338786e+04
2.833333333333333037e+00,1.446854102798856184e+04
2.854166666666666519e+00,1.446854449937857135e+04
2.875000000000000000e+00,1.446854747554329515e+04
2.895833333333333037e+00,1.446854997053787883e+04
2.916666666666666519e+00,1.446855203026981690e+04
2.937500000000000000e+00,1.446855372457146223e+04
2.958333333333333037e+00,1.446855513788860844e+04
2.979166666666666519e+00,1.446855635965491092e+04
3.000000000000000000e+00,1.446855747532402529e+04
3.020833333333333037e+00,1.446855855885173878e+04
3.041666666666666519e+00,1.446855966718483978e+04
3.062500000000000000e+00,1.446856083705218407e+04
3.083333333333333037e+00,1.446856208409526153e+04
3.104166666666666519e+00,1.446856340414437727e+04
3.125000000000000000e+00,1.446856477626112974e+04
3.145833333333333037e+00,1.446856616704193948e+04
3.166666666666666519e+00,1.446856753561536971e+04
3.187500000000000000e+00,1.446856883876599386e+04
3.208333333333333037e+00,1.446857003567292486e+04
3.229166666666666519e+00,1.446857109184935325e+04
3.250000000000000000e+00,1.446857198199568666e+04
3.270833333333333037e+00,1.446857269161914155e+04
3.291666666666666519e+00,1.446857321740896441e+04
3.312500000000000000e+00,1.446857356647890992e+04
3.333333333333333037e+00,1.446857375468490864e+04
3.354166666666666519e+00,1.446857380429116165e+04
3.375000000000000000e+00,1.446857374128805532e+04
3.395833333333333037e+00,1.446857359266393178e+04
3.416666666666666519e+00,1.446857338390074801e+04
3.437500000000000000e+00,1.446857313690990850e+04
3.458333333333333037e+00,1.446857286855688653e+04
3.479166666666666519e+00,1.446857258984772488e+04
3.500000000000000000e+00,1.446857230577852533e+04
3.520833333333333037e+00,1.446857201578374224e+04
3.541666666666666519e+00,1.446857171466939690e+04
3.562500000000000000e+00,1.446857139388339056e+04
3.583333333333333037e+00,1.446857104295993486e+04
3.604166666666666519e+00,1.446857065097752638e+04
3.625000000000000000e+00,1.446857020788755835e+04
3.645833333333333037e+00,1.446856970560002446e+04
3.666666666666666519e+00,1.446856913874972815e+04
3.687500000000000000e+00,1.446856850510646109e+04
3.708333333333333037e+00,1.446856780563118446e+04
3.729166666666666519e+00,1.446856704421475661e+04
3.750000000000000000e+00,1.446856622716174388e+04
3.770833333333333037e+00,1.446856536249934288e+04
3.791666666666666519e+00,1.446856445919906400e+04
3.812500000000000000e+00,1.446856352639688339e+04
3.833333333333333037e+00,1.446856257268745321e+04
3.854166666666666519e+00,1.446856160555214592e+04
3.875000000000000000e+00,1.446856063096066282e+04
3.895833333333333037e+00,1.446855965316419315e+04
3.916666666666666519e+00,1.446855867467772987e+04
3.937500000000000000e+00,1.446855769643105305e+04
3.958333333333333037e+00,1.446855671805387828e+04
3.979166666666666519e+00,1.446855573825165993e+04
4.000000000000000000e+00,1.446855475522514098e+04
4.020833333333333037e+00,1.446855376708775293e+04
4.041666666666666075e+00,1.446855277224050951e+04
4.062500000000000000e+00,1.446855176967344596e+04
4.083333333333333037e+00,1.446855075917240902e+04
4.104166666666666075e+00,1.446854974142260835e+04
4.125000000000000000e+00,1.446854871801080299e+04
4.145833333333333037e+00,1.446854769133784066e+04
4.166666666666666075e+00,1.446854666446015472e+04
4.187500000000000000e+00,1.446854564088418920e+04
4.208333333333333037e+00,1.446854462433883964e+04
4.229166666666666075e+00,1.446854361855055322e+04
4.250000000000000000e+00,1.446854262704237408e+04
4.270833333333333037e+00,1.446854165297377040e+04
4.291666666666666075e+00,1.446854069903147320e+04
4.312500000000000000e+00,1.446853976737640187e+04
4.333333333333333037e+00,1.446853885964466463e+04
4.354166666666666075e+00,1.446853797699666393e+04
4.375000000000000000e+00,1.446853712020337844e+04
4.395833333333333037e+00,1.446853628975753236e+04
4.416666666666666075e+00,1.446853548599559144e+04
4.437500000000000000e+00,1.446853470921766711e+04
4.458333333333333037e+00,1.446853395979384004e+04
4.479166666666666075e+00,1.446853323824808467e+04
4.500000000000000000e+00,1.446853254531443599e+04
4.520833333333333037e+00,1.446853188196283008e+04
4.541666666666666075e+00,1.446853124939594636e+04
4.562500000000000000e+00,1.446853064902035840e+04
4.583333333333333037e+00,1.446853008239796691e+04
4.604166666666666075e+00,1.446852955118446334e+04
4.625000000000000000e+00,1.446852905706231832e+04
4.645833333333333037e+00,1.446852860167536346e+04
4.666666666666666075e+00,1.446852818657104945e+04
4.687500000000000000e+00,1.446852781315480388e+04
4.708333333333333037e+00,1.446852748265990886e+04
4.729166666666666075e+00,1.446852719613345107e+04
4.750000000000000000e+00,1.446852695443806806e+04
4.770833333333333037e+00,1.446852675826738414e+04
4.791666666666666075e+00,1.446852660817207288e+04
4.812500000000000000e+00,1.446852650459254801e+04
4.833333333333333037e+00,1.446852644789463011e+04
4.854166666666666075e+00,1.446852643840402015e+04
4.875000000000000000e+00,1.446852647643681485e+04
4.895833333333333037e+00,1.446852656232290246e+04
4.916666666666666075e+00,1.446852669642138790e+04
4.937500000000000000e+00,1.446852687912725742e+04
4.958333333333333037e+00,1.446852711086941781e+04
4.979166666666666075e+00,1.446852739210151412e+04
5.000000000000000000e+00,1.446852772328723222e+04
5.020833333333333037e+00,1.446852810488198884e+04
5.041666666666666075e+00,1.446852853731330470e+04
5.062500000000000000e+00,1.446852902096178514e+04
5.083333333333333037e+00,1.446852955614455277e+04
5.104166666666666075e+00,1.446853014310237631e+04
5.125000000000000000e+00,1.446853078199143783e+04
5.145833333333333037e+00,1.446853147287976026e+04
5.166666666666666075e+00,1.446853221574831332e+04
5.187500000000000000e+00,1.446853301049597940e+04
5.208333333333333037e+00,1.446853385694766985e+04
5.229166666666666075e+00,1.446853475486434399e+04
5.250000000000000000e+00,1.446853570395357383e+04
5.270833333333333037e+00,1.446853670388002865e+04
5.291666666666666075e+00,1.446853775427438450e+04
5.312500000000000000e+00,1.446853885474045455e+04
5.333333333333333037e+00,1.446854000485981305e+04
5.354166666666666075e+00,1.446854120419378523e+04
5.375000000000000000e+00,1.446854245228310538e+04
5.395833333333333037e+00,1.446854374864557394e+04
5.416666666666666075e+00,1.446854509277184115e+04
5.437500000000000000e+00,1.446854648412059760e+04
5.458333333333333037e+00,1.446854792211314998e+04
5.479166666666666075e+00,1.446854940612841165e+04
5.500000000000000000e+00,1.446855093549862067e+04
5.520833333333333037e+00,1.446855250950615300e+04
5.541666666666666075e+00,1.446855412738173982e+04
5.562500000000000000e+00,1.446855578830416562e+04
5.583333333333333037e+00,1.446855749140115222e+04
5.604166666666666075e+00,1.446855923575173438e+04
5.625000000000000000e+00,1.446856102038902100e+04
5.645833333333333037e+00,1.446856284430405503e+04
5.666666666666666075e+00,1.446856470644942965e+04
5.687500000000000000e+00,1.446856660574315902e+04
5.708333333333333037e+00,1.446856854107189793e+04
5.729166666666666075e+00,1.446857051129368847e+04
5.750000000000000000e+00,1.446857251524001913e+04
5.770833333333333037e+00,1.446857455171713082e+04
5.791666666666666075e+00,1.446857661950662441e+04
5.812500000000000000e+00,1.446857871736543530e+04
5.833333333333333037e+00,1.446858084402545865e+04
5.854166666666666075e+00,1.446858299819289095e+04
5.875000000000000000e+00,1.446858517854740057e+04
5.895833333333333037e+00,1.446858738374152745e+04
5.916666666666666075e+00,1.446858961240028293e+04
5.937500000000000000e+00,1.446859186312106249e+04
5.958333333333333037e+00,1.446859413447406405e+04
5.979166666666666075e+00,1.446859642500303380e+04
6.000000000000000000e+00,1.446859873322640487e+04
6.020833333333333037e+00,1.446860105763897445e+04
6.041666666666666075e+00,1.446860339671362453e+04
6.062500000000000000e+00,1.446860574890334465e+04
6.083333333333333037e+00,1.446860811264314907e+04
6.104166666666666075e+00,1.446861048635233601e+04
6.125000000000000000e+00,1.446861286843612106e+04
6.145833333333333037e+00,1.446861525728751803e+04
6.166666666666666075e+00,1.446861765128882325e+04
6.187500000000000000e+00,1.446862004881293979e+04
6.208333333333333037e+00,1.446862244822450884e+04
6.229166666666666075e+00,1.446862484788080474e+04
6.250000000000000000e+00,1.446862724613264072e+04
6.270833333333333037e+00,1.446862964132505658e+04
6.291666666666666075e+00,1.446863203179807169e+04
6.312500000000000000e+00,1.446863441588745991e+04
6.333333333333333037e+00,1.446863679192557902e+04
6.354166666666666075e+00,1.446863915824238211e+04
6.375000000000000000e+00,1.446864151316638890e+04
6.395833333333333037e+00,1.446864385502595178e+04
6.416666666666666075e+00,1.446864618215059090e+04
6.437500000000000000e+00,1.446864849287232209e+04
6.458333333333333037e+00,1.446865078552726845e+04
6.479166666666666075e+00,1.446865305845716648e+04
6.500000000000000000e+00,1.446865531001087948e+04
6.520833333333333037e+00,1.446865753854598370e+04
6.541666666666666075e+00,1.446865974243029268e+04
6.562500000000000000e+00,1.446866192004332333e+04
6.583333333333333037e+00,1.446866406977770384e+04
6.604166666666666075e+00,1.446866619004049062e+04
6.625000000000000000e+00,1.446866827925450707e+04
6.645833333333333037e+00,1.446867033585953322e+04
6.666666666666666075e+00,1.446867235831353173e+04
6.687500000000000000e+00,1.446867434509379382e+04
6.708333333333333037e+00,1.446867629469826716e+04
6.729166666666666075e+00,1.446867820564655631e+04
6.750000000000000000e+00,1.446868007648130151e+04
6.770833333333333037e+00,1.446868190576928100e+04
6.791666666666666075e+00,1.446868369210292803e+04
6.812500000000000000e+00,1.446868543410149505e+04
6.833333333333333037e+00,1.446868713041252340e+04
6.854166666666666075e+00,1.446868877971314942e+04
6.875000000000000000e+00,1.446869038071175964e+04
6.895833333333333037e+00,1.446869193214919505e+04
6.916666666666666075e+00,1.446869343280035537e+04
6.937500000000000000e+00,1.446869488147558513e+04
6.958333333333333037e+00,1.446869627702210710e+04
6.979166666666666075e+00,1.446869761832538643e+04
7.000000000000000000e+00,1.446869890431050590e+04
7.020833333333333037e+00,1.446870013394332636e+04
7.041666666666666075e+00,1.446870130623185469e+04
7.062500000000000000e+00,1.446870242022721868e+04
7.083333333333333037e+00,1.446870347502476216e+04
7.104166666666666075e+00,1.446870446976496169e+04
7.125000000000000000e+00,1.446870540363413966e+04
7.145833333333333037e+00,1.446870627586522460e+04
7.166666666666666075e+00,1.446870708573818047e+04
7.187500000000000000e+00,1.446870783258023221e+04
7.208333333333333037e+00,1.446870851576609493e+04
7.229166666666666075e+00,1.446870913471767926e+04
7.250000000000000000e+00,1.446870968890388758e+04
7.270833333333333037e+00,1.446871017783982825e+04
7.291666666666666075e+00,1.446871060108599704e+04
7.312500000000000000e+00,1.446871095824712029e+04
7.333333333333333037e+00,1.446871124897064146e+04
7.354166666666666075e+00,1.446871147294523325e+04
7.375000000000000000e+00,1.446871162989881850e+04
7.395833333333333037e+00,1.446871171959672938e+04
7.416666666666666075e+00,1.446871174183953917e+04
7.437500000000000000e+00,1.446871169646105773e+04
7.458333333333333037e+00,1.446871158332626874e+04
7.479166666666666075e+00,1.446871140232969992e+04
7.500000000000000000e+00,1.446871115339364042e+04
7.520833333333333037e+00,1.446871083646703482e+04
7.541666666666666075e+00,1.446871045152458828e+04
7.562500000000000000e+00,1.446870999856656999e+04
7.583333333333333037e+00,1.446870947761882417e+04
7.604166666666666075e+00,1.446870888873348304e+04
7.625000000000000000e+00,1.446870823199028746e+04
7.645833333333333037e+00,1.446870750749824219e+04
7.666666666666666075e+00,1.446870671539764226e+04
7.687500000000000000e+00,1.446870585586264133e+04
7.708333333333333037e+00,1.446870492910382382e+04
7.729166666666666075e+00,1.446870393537101336e+04
7.750000000000000000e+00,1.446870287495600860e+04
7.770833333333333037e+00,1.446870174819519889e+04
7.791666666666666075e+00,1.446870055547193624e+04
7.812500000000000000e+00,1.446869929721856533e+04
7.833333333333333037e+00,1.446869797391795510e+04
7.854166666666666075e+00,1.446869658610469560e+04
7.875000000000000000e+00,1.446869513436576017e+04
7.895833333333333037e+00,1.446869361934064727e+04
7.916666666666666075e+00,1.446869204172108221e+04
7.937500000000000000e+00,1.446869040225037679e+04
7.958333333333333037e+00,1.446868870172237439e+04
7.979166666666666075e+00,1.446868694098020205e+04
8.000000000000000000e+00,1.446868512091480807e+04
8.020833333333332149e+00,1.446868324246343764e+04
8.041666666666666075e+00,1.446868130660793395e+04
8.062500000000000000e+00,1.446867931437329753e+04
8.083333333333332149e+00,1.446867726682607099e+04
8.104166666666666075e+00,1.446867516507301116e+04
8.125000000000000000e+00,1.446867301025973939e+04
8.145833333333332149e+00,1.446867080356961378e+04
8.166666666666666075e+00,1.446866854622263418e+04
8.187500000000000000e+00,1.446866623947448170e+04
8.208333333333332149e+00,1.446866388461562019e+04
8.229166666666666075e+00,1.446866148297034670e+04
8.250000000000000000e+00,1.446865903589603840e+04
8.270833333333332149e+00,1.446865654478216675e+04
8.291666666666666075e+00,1.446865401104956618e+04
8.312500000000000000e+00,1.446865143614932822e+04
8.333333333333332149e+00,1.446864882156187377e+04
8.354166666666666075e+00,1.446864616879595269e+04
8.375000000000000000e+00,1.446864347938759965e+04
8.395833333333332149e+00,1.446864075489889728e+04
8.416666666666666075e+00,1.446863799691688473e+04
8.437500000000000000e+00,1.446863520705253177e+04
8.458333333333332149e+00,1.446863238693939638e+04
8.479166666666666075e+00,1.446862953823263888e+04
8.500000000000000000e+00,1.446862666260778133e+04
8.520833333333332149e+00,1.446862376175966347e+04
8.541666666666666075e+00,1.446862083740135495e+04
8.562500000000000000e+00,1.446861789126308213e+04
8.583333333333332149e+00,1.446861492509113305e+04
8.604166666666666075e+00,1.446861194064695519e+04
8.625000000000000000e+00,1.446860893970598045e+04
8.645833333333332149e+00,1.446860592405673378e+04
8.666666666666666075e+00,1.446860289549970912e+04
8.687500000000000000e+00,1.446859985584635433e+04
8.708333333333332149e+00,1.446859680691795074e+04
8.729166666666666075e+00,1.446859375054463817e+04
8.750000000000000000e+00,1.446859068856418889e+04
8.770833333333332149e+00,1.446858762282091266e+04
8.791666666666666075e+00,1.446858455516451431e+04
8.812500000000000000e+00,1.446858148744892969e+04
8.833333333333332149e+00,1.446857842153104866e+04
8.854166666666666075e+00,1.446857535926964556e+04
8.875000000000000000e+00,1.446857230252409136e+04
8.895833333333332149e+00,1.446856925315318949e+04
8.916666666666666075e+00,1.446856621301394262e+04
8.937500000000000000e+00,1.446856318396043571e+04
8.958333333333332149e+00,1.446856016784252279e+04
8.979166666666666075e+00,1.446855716650480827e+04
9.000000000000000000e+00,1.446855418178532273e+04
9.020833333333332149e+00,1.446855121551446427e+04
9.041666666666666075e+00,1.446854826951379073e+04
9.062500000000000000e+00,1.446854534559487365e+04
9.083333333333332149e+00,1.446854244555821060e+04
9.104166666666666075e+00,1.446853957119196275e+04
9.125000000000000000e+00,1.446853672427092897e+04
9.145833333333332149e+00,1.446853390655532712e+04
9.166666666666666075e+00,1.446853111978971356e+04
9.187500000000000000e+00,1.446852836570176078e+04
9.208333333333332149e+00,1.446852564600125697e+04
9.229166666666666075e+00,1.446852296237884366e+04
9.250000000000000000e+00,1.446852031650501158e+04
9.270833333333332149e+00,1.446851771002891837e+04
9.291666666666666075e+00,1.446851514457732992e+04
9.312500000000000000e+00,1.446851262175348165e+04
9.333333333333332149e+00,1.446851014313608539e+04
9.354166666666666075e+00,1.446850771027823794e+04
9.375000000000000000e+00,1.446850532470639519e+04
9.395833333333332149e+00,1.446850298791926980e+04
9.416666666666666075e+00,1.446850070138698356e+04
9.437500000000000000e+00,1.446849846654993598e+04
9.458333333333332149e+00,1.446849628481794207e+04
9.479166666666666075e+00,1.446849415756922826e+04
9.500000000000000000e+00,1.446849208614951203e+04
9.520833333333332149e+00,1.446849007187112511e+04
9.541666666666666075e+00,1.446848811601211492e+04
9.562500000000000000e+00,1.446848621981533870e+04
9.583333333333332149e+00,1.446848438448763773e+04
9.604166666666666075e+00,1.446848261119905874e+04
9.625000000000000000e+00,1.446848090108194447e+04
9.645833333333332149e+00,1.446847925523025333e+04
9.666666666666666075e+00,1.446847767469876271e+04
9.687500000000000000e+00,1.446847616050227225e+04
9.708333333333332149e+00,1.446847471361496355e+04
9.729166666666666075e+00,1.446847333496974534e+04
9.750000000000000000e+00,1.446847202545746040e+04
9.770833333333332149e+00,1.446847078592641265e+04
9.791666666666666075e+00,1.446846961718161765e+04
9.812500000000000000e+00,1.446846851998434795e+04
9.833333333333332149e+00,1.446846749505145999e+04
9.854166666666666075e+00,1.446846654305506308e+04
9.875000000000000000e+00,1.446846566462179180e+04
9.895833333333332149e+00,1.446846486033256224e+04
9.916666666666666075e+00,1.446846413072196810e+04
9.937500000000000000e+00,1.446846347627800787e+04
9.958333333333332149e+00,1.446846289744162277e+04
9.979166666666666075e+00,1.446846239460646029e+04
1.000000000000000000e+01,1.446846196811847039e+04
1.002083333333333215e+01,1.446846161827566539e+04
1.004166666666666607e+01,1.446846134532785072e+04
1.006250000000000000e+01,1.446846114947646856e+04
1.008333333333333215e+01,1.446846103087432130e+04
1.010416666666666607e+01,1.446846098962553515e+04
1.012500000000000000e+01,1.446846102578533100e+04
1.014583333333333215e+01,1.446846113935998437e+04
1.016666666666666607e+01,1.446846133030683268e+04
1.018750000000000000e+01,1.446846159853412246e+04
1.020833333333333215e+01,1.446846194390113669e+04
1.022916666666666607e+01,1.446846236621815478e+04
1.025000000000000000e+01,1.446846286524665629e+04
1.027083333333333215e+01,1.446846344069924089e+04
1.029166666666666607e+01,1.446846409223996670e+04
1.031250000000000000e+01,1.446846481948440851e+04
1.033333333333333215e+01,1.446846562199993787e+04
1.035416666666666607e+01,1.446846649930583590e+04
1.037500000000000000e+01,1.446846745087378440e+04
1.039583333333333215e+01,1.446846847612799684e+04
1.041666666666666607e+01,1.446846957444561122e+04
1.043750000000000000e+01,1.446847074515711211e+04
1.045833333333333215e+01,1.446847198754665806e+04
1.047916666666666607e+01,1.446847330085256908e+04
1.050000000000000000e+01,1.446847468426775595e+04
1.052083333333333215e+01,1.446847613694029496e+04
1.054166666666666607e+01,1.446847765797389729e+04
1.056250000000000000e+01,1.446847924642845101e+04
1.058333333333333215e+01,1.446848090132065408e+04
1.060416666666666607e+01,1.446848262162468382e+04
1.062500000000000000e+01,1.446848440627275704e+04
1.064583333333333215e+01,1.446848625415581046e+04
1.066666666666666607e+01,1.446848816412431552e+04
1.068750000000000000e+01,1.446849013498895511e+04
1.070833333333333215e+01,1.446849216552132566e+04
1.072916666666666607e+01,1.446849425445485394e+04
1.075000000000000000e+01,1.446849640048554647e+04
1.077083333333333215e+01,1.446849860227285535e+04
1.079166666666666607e+01,1.446850085844056957e+04
1.081250000000000000e+01,1.446850316757760447e+04
1.083333333333333215e+01,1.446850552823914404e+04
1.085416666666666607e+01,1.446850793894740127e+04
1.087500000000000000e+01,1.446851039819267316e+04
1.089583333333333215e+01,1.446851290443430116e+04
1.091666666666666607e+01,1.446851545610168978e+04
1.093750000000000000e+01,1.446851805159540891e+04
1.095833333333333215e+01,1.446852068928815424e+04
1.097916666666666607e+01,1.446852336752591509e+04
1.100000000000000000e+01,1.446852608462903299e+04
1.102083333333333215e+01,1.446852883889331133e+04
1.104166666666666607e+01,1.446853162859115400e+04
1.106250000000000000e+01,1.446853445197278052e+04
1.108333333333333215e+01,1.446853730726730646e+04
1.110416666666666607e+01,1.446854019268397315e+04
1.112500000000000000e+01,1.446854310641334814e+04
1.114583333333333215e+01,1.446854604662850033e+04
1.116666666666666607e+01,1.446854901148633871e+04
1.118750000000000000e+01,1.446855199912868193e+04
1.120833333333333215e+01,1.446855500768367347e+04
1.122916666666666607e+01,1.446855803526688396e+04
1.125000000000000000e+01,1.446856107998270090e+04
1.127083333333333215e+01,1.446856413992563103e+04
1.129166666666666607e+01,1.446856721318144264e+04
1.131250000000000000e+01,1.446857029782850441e+04
1.133333333333333215e+01,1.446857339193916778e+04
1.135416666666666607e+01,1.446857649358101480e+04
1.137500000000000000e+01,1.446857960081813872e+04
1.139583333333333215e+01,1.446858271171246815e+04
1.141666666666666607e+01,1.446858582432504409e+04
1.143750000000000000e+01,1.446858893671737678e+04
1.145833333333333215e+01,1.446859204695276276e+04
1.147916666666666607e+01,1.446859515309749258e+04
1.150000000000000000e+01,1.446859825322221150e+04
1.152083333333333215e+01,1.446860134540323997e+04
1.154166666666666607e+01,1.446860442772382885e+04
1.156250000000000000e+01,1.446860749827541804e+04
1.158333333333333215e+01,1.446861055515894259e+04
1.160416666666666607e+01,1.446861359648604775e+04
1.162500000000000000e+01,1.446861662038044597e+04
1.164583333333333215e+01,1.446861962497896457e+04
1.166666666666666607e+01,1.446862260843301556e+04
1.168750000000000000e+01,1.446862556890957421e+04
1.170833333333333215e+01,1.446862850459247784e+04
1.172916666666666607e+01,1.446863141368360084e+04
1.175000000000000000e+01,1.446863429440397886e+04
1.177083333333333215e+01,1.446863714499493290e+04
1.179166666666666607e+01,1.446863996371922258e+04
1.181250000000000000e+01,1.446864274886205385e+04
1.183333333333333215e+01,1.446864549873222131e+04
1.185416666666666607e+01,1.446864821166305410e+04
1.187500000000000000e+01,1.446865088601356183e+04
1.189583333333333215e+01,1.446865352016920588e+04
1.191666666666666607e+01,1.446865611254302712e+04
1.193750000000000000e+01,1.446865866157650817e+04
1.195833333333333215e+01,1.446866116574046464e+04
1.197916666666666607e+01,1.446866362353589648e+04
1.200000000000000000e+01,1.446866603349490470e+04
1.202083333333333215e+01,1.446866839418141535e+04
1.204166666666666607e+01,1.446867070419205629e+04
1.206250000000000000e+01,1.446867296215691385e+04
1.208333333333333215e+01,1.446867516674025683e+04
1.210416666666666607e+01,1.446867731664143503e+04
1.212500000000000000e+01,1.446867941059541772e+04
1.214583333333333215e+01,1.446868144737377224e+04
1.216666666666666607e+01,1.446868342578534794e+04
1.218750000000000000e+01,1.446868534467699646e+04
1.220833333333333215e+01,1.446868720293451042e+04
1.222916666666666607e+01,1.446868899948340550e+04
1.225000000000000000e+01,1.446869073328982267e+04
1.227083333333333215e+01,1.446869240336152870e+04
1.229166666666666607e+01,1.446869400874888743e+04
1.231250000000000000e+01,1.446869554854592207e+04
1.233333333333333215e+01,1.446869702189147210e+04
1.235416666666666607e+01,1.446869842797047386e+04
1.237500000000000000e+01,1.446869976601515009e+04
1.239583333333333215e+01,1.446870103530642518e+04
1.241666666666666607e+01,1.446870223517532213e+04
1.243750000000000000e+01,1.446870336500434860e+04
1.245833333333333215e+01,1.446870442422906126e+04
1.247916666666666607e+01,1.446870541233936456e+04
1.250000000000000000e+01,1.446870632888108230e+04
1.252083333333333215e+01,1.446870717345714002e+04
1.254166666666666607e+01,1.446870794572893283e+04
1.256250000000000000e+01,1.446870864541722767e+04
1.258333333333333215e+01,1.446870927230321468e+04
1.260416666666666607e+01,1.446870982622902739e+04
1.262500000000000000e+01,1.446871030709819388e+04
1.264583333333333215e+01,1.446871071487566587e+04
1.266666666666666607e+01,1.446871104958771684e+04
1.268750000000000000e+01,1.446871131132125083e+04
1.270833333333333215e+01,1.446871150022300935e+04
1.272916666666666607e+01,1.446871161649845453e+04
1.275000000000000000e+01,1.446871166041013566e+04
1.277083333333333215e+01,1.446871163227614306e+04
1.279166666666666607e+01,1.446871153246804170e+04
1.281250000000000000e+01,1.446871136140889575e+04
1.283333333333333215e+01,1.446871111957101311e+04
1.285416666666666607e+01,1.446871080747378801e+04
1.287500000000000000e+01,1.446871042568140911e+04
1.289583333333333215e+01,1.446870997480081496e+04
1.291666666666666607e+01,1.446870945547969677e+04
1.293750000000000000e+01,1.446870886840469029e+04
1.295833333333333215e+01,1.446870821429967327e+04
1.297916666666666607e+01,1.446870749392442667e+04
1.300000000000000000e+01,1.446870670807345596e+04
1.302083333333333215e+01,1.446870585757500157e+04
1.304166666666666607e+01,1.446870494329024223e+04
1.306250000000000000e+01,1.446870396611281467e+04
1.308333333333333215e+01,1.446870292696827528e+04
1.310416666666666607e+01,1.446870182681389269e+04
1.312500000000000000e+01,1.446870066663836405e+04
1.314583333333333215e+01,1.446869944746156398e+04
1.316666666666666607e+01,1.446869817033459913e+04
1.318750000000000000e+01,1.446869683633938257e+04
1.320833333333333215e+01,1.446869544658863379e+04
1.322916666666666607e+01,1.446869400222549302e+04
1.325000000000000000e+01,1.446869250442327029e+04
1.327083333333333215e+01,1.446869095438507065e+04
1.329166666666666607e+01,1.446868935334329944e+04
1.331250000000000000e+01,1.446868770255925119e+04
1.333333333333333215e+01,1.446868600332241112e+04
1.335416666666666607e+01,1.446868425694995312e+04
1.337500000000000000e+01,1.446868246478608853e+04
1.339583333333333215e+01,1.446868062820127307e+04
1.341666666666666607e+01,1.446867874859161384e+04
1.343750000000000000e+01,1.446867682737803625e+04
1.345833333333333215e+01,1.446867486600557822e+04
1.347916666666666607e+01,1.446867286594256075e+04
1.350000000000000000e+01,1.446867082867990393e+04
1.352083333333333215e+01,1.446866875573012658e+04
1.354166666666666607e+01,1.446866664862669495e+04
1.356250000000000000e+01,1.446866450892296416e+04
1.358333333333333215e+01,1.446866233819145054e+04
1.360416666666666607e+01,1.446866013802278758e+04
1.362500000000000000e+01,1.446865791002482001e+04
1.364583333333333215e+01,1.446865565582161071e+04
1.366666666666666607e+01,1.446865337705236743e+04
1.368750000000000000e+01,1.446865107537045333e+04
1.370833333333333215e+01,1.446864875244228097e+04
1.372916666666666607e+01,1.446864640994615547e+04
1.375000000000000000e+01,1.446864404957128863e+04
1.377083333333333215e+01,1.446864167301652196e+04
1.379166666666666607e+01,1.446863928198923531e+04
1.381250000000000000e+01,1.446863687820419000e+04
1.383333333333333215e+01,1.446863446338236099e+04
1.385416666666666607e+01,1.446863203924978006e+04
1.387500000000000000e+01,1.446862960753634616e+04
1.389583333333333215e+01,1.446862716997463212e+04
1.391666666666666607e+01,1.446862472829881517e+04
1.393750000000000000e+01,1.446862228424339992e+04
1.395833333333333215e+01,1.446861983954211973e+04
1.397916666666666607e+01,1.446861739592673985e+04
1.400000000000000000e+01,1.446861495512587499e+04
1.402083333333333215e+01,1.446861251886387618e+04
1.404166666666666607e+01,1.446861008885958290e+04
1.406250000000000000e+01,1.446860766682527901e+04
1.408333333333333215e+01,1.446860525446539759e+04
1.410416666666666607e+01,1.446860285347538229e+04
1.412500000000000000e+01,1.446860046554059227e+04
1.414583333333333215e+01,1.446859809233507258e+04
1.416666666666666607e+01,1.446859573552045913e+04
1.418750000000000000e+01,1.446859339674478178e+04
1.420833333333333215e+01,1.446859107764130022e+04
1.422916666666666607e+01,1.446858877982746708e+04
1.425000000000000000e+01,1.446858650490373839e+04
1.427083333333333215e+01,1.446858425445247121e+04
1.429166666666666607e+01,1.446858203003690869e+04
1.431250000000000000e+01,1.446857983319993582e+04
1.433333333333333215e+01,1.446857766546318817e+04
1.435416666666666607e+01,1.446857552832592046e+04
1.437500000000000000e+01,1.446857342326393336e+04
1.439583333333333215e+01,1.446857135172866401e+04
1.441666666666666607e+01,1.446856931514608368e+04
1.443750000000000000e+01,1.446856731491577011e+04
1.445833333333333215e+01,1.446856535240988160e+04
1.447916666666666607e+01,1.446856342897224022e+04
1.450000000000000000e+01,1.446856154591745508e+04
1.452083333333333215e+01,1.446855970452988186e+04
1.454166666666666607e+01,1.446855790606281153e+04
1.456250000000000000e+01,1.446855615173761180e+04
1.458333333333333215e+01,1.446855444274281399e+04
1.460416666666666607e+01,1.446855278023326173e+04
1.462500000000000000e+01,1.446855116532939428e+04
1.464583333333333215e+01,1.446854959911640253e+04
1.466666666666666607e+01,1.446854808264343592e+04
1.468750000000000000e+01,1.446854661692295849e+04
1.470833333333333215e+01,1.446854520292984671e+04
1.472916666666666607e+01,1.446854384160098925e+04
1.475000000000000000e+01,1.446854253383434116e+04
1.477083333333333215e+01,1.446854128048846542e+04
1.479166666666666607e+01,1.446854008238181268e+04
1.481250000000000000e+01,1.446853894029231014e+04
1.483333333333333215e+01,1.446853785495655757e+04
1.485416666666666607e+01,1.446853682706952895e+04
1.487500000000000000e+01,1.446853585728394319e+04
1.489583333333333215e+01,1.446853494620988567e+04
1.491666666666666607e+01,1.446853409441427721e+04
1.493750000000000000e+01,1.446853330242051743e+04
1.495833333333333215e+01,1.446853257070811378e+04
1.497916666666666607e+01,1.446853189971229949e+04
1.500000000000000000e+01,1.446853128982372436e+04
1.502083333333333215e+01,1.446853074138819284e+04
1.504166666666666607e+01,1.446853025470638022e+04
1.506250000000000000e+01,1.446852983003359623e+04
1.508333333333333215e+01,1.446852946757961035e+04
1.510416666666666607e+01,1.446852916750848090e+04
1.512500000000000000e+01,1.446852892993844944e+04
1.514583333333333215e+01,1.446852875494175896e+04
1.516666666666666607e+01,1.446852864254473752e+04
1.518750000000000000e+01,1.446852859272758360e+04
1.520833333333333215e+01,1.446852860542450799e+04
1.522916666666666607e+01,1.446852868052369013e+04
1.525000000000000000e+01,1.446852881786737271e+04
1.527083333333333215e+01,1.446852901725190168e+04
1.529166666666666607e+01,1.446852927842796271e+04
1.531250000000000000e+01,1.446852960110063214e+04
1.533333333333333215e+01,1.446852998492959159e+04
1.535416666666666607e+01,1.446853042952941541e+04
1.537500000000000000e+01,1.446853093446976345e+04
1.539583333333333215e+01,1.446853149927569393e+04
1.541666666666666607e+01,1.446853212342796905e+04
1.543750000000000000e+01,1.446853280636339332e+04
1.545833333333333215e+01,1.446853354747526828e+04
1.547916666666666607e+01,1.446853434611370540e+04
1.550000000000000000e+01,1.446853520158615356e+04
1.552083333333333215e+01,1.446853611315783564e+04
1.554166666666666607e+01,1.446853708005224325e+04
1.556250000000000000e+01,1.446853810145170064e+04
1.558333333333333215e+01,1.446853917649794676e+04
1.560416666666666607e+01,1.446854030429264822e+04
1.562500000000000000e+01,1.446854148389815964e+04
1.564583333333333215e+01,1.446854271433802933e+04
1.566666666666666607e+01,1.446854399459779233e+04
1.568750000000000000e+01,1.446854532362559621e+04
1.570833333333333215e+01,1.446854670033302682e+04
1.572916666666666607e+01,1.446854812359579591e+04
1.575000000000000000e+01,1.446854959225459970e+04
1.577083333333333215e+01,1.446855110511583189e+04
1.579166666666666607e+01,1.446855266095254774e+04
1.581250000000000000e+01,1.446855425850525353e+04
1.583333333333333215e+01,1.446855589648281239e+04
1.585416666666666607e+01,1.446855757356334652e+04
1.587500000000000000e+01,1.446855928839525586e+04
1.589583333333333215e+01,1.446856103959803659e+04
1.591666666666666607e+01,1.446856282576338344e+04
1.593750000000000000e+01,1.446856464545617928e+04
1.595833333333333215e+01,1.446856649721541544e+04
1.597916666666666607e+01,1.446856837955537048e+04
1.600000000000000000e+01,1.446857029096658152e+04
1.602083333333333215e+01,1.446857222991699746e+04
1.604166666666666430e+01,1.446857419485302307e+04
1.606250000000000000e+01,1.446857618420062863e+04
1.608333333333333215e+01,1.446857819636655768e+04
1.610416666666666430e+01,1.446858022973937113e+04
1.612500000000000000e+01,1.446858228269076062e+04
1.614583333333333215e+01,1.446858435357653434e+04
1.616666666666666430e+01,1.446858644073799223e+04
1.618750000000000000e+01,1.446858854250301374e+04
1.620833333333333215e+01,1.446859065718734928e+04
1.622916666666666430e+01,1.446859278309576621e+04
1.625000000000000000e+01,1.446859491852341671e+04
1.627083333333333215e+01,1.446859706175697283e+04
1.629166666666666430e+01,1.446859921107593254e+04
1.631250000000000000e+01,1.446860136475390755e+04
1.633333333333333215e+01,1.446860352105988204e+04
1.635416666666666430e+01,1.446860567825952239e+04
1.637500000000000000e+01,1.446860783461639221e+04
1.639583333333333215e+01,1.446860998839338936e+04
1.641666666666666430e+01,1.446861213785394648e+04
1.643750000000000000e+01,1.446861428126336250e+04
1.645833333333333215e+01,1.446861641689017051e+04
1.647916666666666430e+01,1.446861854300740379e+04
1.650000000000000000e+01,1.446862065789394910e+04
1.652083333333333215e+01,1.446862275983585278e+04
1.654166666666666430e+01,1.446862484712770311e+04
1.656250000000000000e+01,1.446862691807391457e+04
1.658333333333333215e+01,1.446862897099011388e+04
1.660416666666666430e+01,1.446863100420436604e+04
1.662500000000000000e+01,1.446863301605870947e+04
1.664583333333333215e+01,1.446863500491035666e+04
1.666666666666666430e+01,1.446863696913299282e+04
1.668750000000000000e+01,1.446863890711826389e+04
1.670833333333333215e+01,1.446864081727702069e+04
1.672916666666666430e+01,1.446864269804061041e+04
1.675000000000000000e+01,1.446864454786235365e+04
1.677083333333333215e+01,1.446864636521869033e+04
1.679166666666666430e+01,1.446864814861060950e+04
1.681250000000000000e+01,1.446864989656495163e+04
1.683333333333333215e+01,1.446865160763562380e+04
1.685416666666666430e+01,1.446865328040492750e+04
1.687500000000000000e+01,1.446865491348485375e+04
1.689583333333333215e+01,1.446865650551821091e+04
1.691666666666666430e+01,1.446865805517994522e+04
1.693750000000000000e+01,1.446865956117822498e+04
1.695833333333333215e+01,1.446866102225560462e+04
1.697916666666666430e+01,1.446866243719014892e+04
1.700000000000000000e+01,1.446866380479638610e+04
1.702083333333333215e+01,1.446866512392636650e+04
1.704166666666666430e+01,1.446866639347049568e+04
1.706250000000000000e+01,1.446866761235840386e+04
1.708333333333333215e+01,1.446866877955961172e+04
1.710416666666666430e+01,1.446866989408433437e+04
1.712500000000000000e+01,1.446867095498383060e+04
1.714583333333333215e+01,1.446867196135093764e+04
1.716666666666666430e+01,1.446867291232038042e+04
1.718750000000000000e+01,1.446867380706888071e+04
1.720833333333333215e+01,1.446867464481529169e+04
1.722916666666666430e+01,1.446867542482051795e+04
1.725000000000000000e+01,1.446867614638726081e+04
1.727083333333333215e+01,1.446867680885980735e+04
1.729166666666666430e+01,1.446867741162351012e+04
1.731250000000000000e+01,1.446867795410432882e+04
1.733333333333333215e+01,1.446867843576820087e+04
1.735416666666666430e+01,1.446867885612045939e+04
1.737500000000000000e+01,1.446867921470503643e+04
1.739583333333333215e+01,1.446867951110385548e+04
1.741666666666666430e+01,1.446867974493612564e+04
1.743750000000000000e+01,1.446867991585777418e+04
1.745833333333333215e+01,1.446868002356086436e+04
1.747916666666666430e+01,1.446868006777321352e+04
1.750000000000000000e+01,1.446868004825814205e+04
1.752083333333333215e+01,1.446867996481428781e+04
1.754166666666666430e+01,1.446867981727569713e+04
1.756250000000000000e+01,1.446867960551211218e+04
1.758333333333333215e+01,1.446867932942930202e+04
1.760416666666666430e+01,1.446867898896975385e+04
1.762500000000000000e+01,1.446867858411331690e+04
1.764583333333333215e+01,1.446867811487819199e+04
1.766666666666666430e+01,1.446867758132186282e+04
1.768750000000000000e+01,1.446867698354216191e+04
1.770833333333333215e+01,1.446867632167841293e+04
1.772916666666666430e+01,1.446867559591248573e+04
1.775000000000000000e+01,1.446867480646986223e+04
1.777083333333333215e+01,1.446867395362057869e+04
1.779166666666666430e+01,1.446867303768005877e+04
1.781250000000000000e+01,1.446867205900995395e+04
1.783333333333333215e+01,1.446867101801847093e+04
1.785416666666666430e+01,1.446866991516095004e+04
1.787500000000000000e+01,1.446866875093995986e+04
1.789583333333333215e+01,1.446866752590525357e+04
1.791666666666666430e+01,1.446866624065379801e+04
1.793750000000000000e+01,1.446866489582927898e+04
1.795833333333333215e+01,1.446866349212173736e+04
1.797916666666666430e+01,1.446866203026693256e+04
1.800000000000000000e+01,1.446866051104572762e+04
1.802083333333333215e+01,1.446865893528331071e+04
1.804166666666666430e+01,1.446865730384835842e+04
1.806250000000000000e+01,1.446865561765219900e+04
1.808333333333333215e+01,1.446865387764791012e+04
1.810416666666666430e+01,1.446865208482942398e+04
1.812500000000000000e+01,1.446865024023066871e+04
1.814583333333333215e+01,1.446864834492453883e+04
1.816666666666666430e+01,1.446864640002207307e+04
1.818750000000000000e+01,1.446864440667152303e+04
1.820833333333333215e+01,1.446864236605741826e+04
1.822916666666666430e+01,1.446864027939963853e+04
1.825000000000000000e+01,1.446863814795252983e+04
1.827083333333333215e+01,1.446863597300385300e+04
1.829166666666666430e+01,1.446863375587396877e+04
1.831250000000000000e+01,1.446863149791470642e+04
1.833333333333333215e+01,1.446862920050855246e+04
1.835416666666666430e+01,1.446862686506749742e+04
1.837500000000000000e+01,1.446862449303205722e+04
1.839583333333333215e+01,1.446862208587025816e+04
1.841666666666666430e+01,1.446861964507658558e+04
1.843750000000000000e+01,1.446861717217090700e+04
1.845833333333333215e+01,1.446861466869742071e+04
1.847916666666666430e+01,1.446861213622358264e+04
1.850000000000000000e+01,1.446860957633908401e+04
1.852083333333333215e+01,1.446860699065463996e+04
1.854166666666666430e+01,1.446860438080106178e+04
1.856250000000000000e+01,1.446860174842809647e+04
1.858333333333333215e+01,1.446859909520332803e+04
1.860416666666666430e+01,1.446859642281118795e+04
1.862500000000000000e+01,1.446859373295167097e+04
1.864583333333333215e+01,1.446859102733946929e+04
1.866666666666666430e+01,1.446858830770267014e+04
1.868750000000000000e+01,1.446858557578170803e+04
1.870833333333333215e+01,1.446858283332830979e+04
1.872916666666666430e+01,1.446858008210421394e+04
1.875000000000000000e+01,1.446857732388015938e+04
1.877083333333333215e+01,1.446857456043459752e+04
1.879166666666666430e+01,1.446857179355266271e+04
1.881250000000000000e+01,1.446856902502493176e+04
1.883333333333333215e+01,1.446856625664625972e+04
1.885416666666666430e+01,1.446856349021452115e+04
1.887500000000000000e+01,1.446856072752957334e+04
1.889583333333333215e+01,1.446855797039202662e+04
1.891666666666666430e+01,1.446855522060189833e+04
1.893750000000000000e+01,1.446855247995767058e+04
1.895833333333333215e+01,1.446854975025490421e+04
1.897916666666666430e+01,1.446854703328514734e+04
1.900000000000000000e+01,1.446854433083474578e+04
1.902083333333333215e+01,1.446854164468365707e+04
1.904166666666666430e+01,1.446853897660424263e+04
1.906250000000000000e+01,1.446853632836013639e+04
1.908333333333333215e+01,1.446853370170504422e+04
1.910416666666666430e+01,1.446853109838155433e+04
1.912500000000000000e+01,1.446852852012007133e+04
1.914583333333333215e+01,1.446852596863758299e+04
1.916666666666666430e+01,1.446852344563649967e+04
1.918750000000000000e+01,1.446852095280357025e+04
1.920833333333333215e+01,1.446851849180866338e+04
1.922916666666666430e+01,1.446851606430377433e+04
1.925000000000000000e+01,1.446851367192174803e+04
1.927083333333333215e+01,1.446851131627528957e+04
1.929166666666666430e+01,1.446850899895584007e+04
1.931250000000000000e+01,1.446850672153245978e+04
1.933333333333333215e+01,1.446850448555077674e+04
1.935416666666666430e+01,1.446850229253195357e+04
1.937500000000000000e+01,1.446850014397162522e+04
1.939583333333333215e+01,1.446849804133888028e+04
1.941666666666666430e+01,1.446849598607525695e+04
1.943750000000000000e+01,1.446849397959371345e+04
1.945833333333333215e+01,1.446849202327771854e+04
1.947916666666666430e+01,1.446849011848024747e+04
1.950000000000000000e+01,1.446848826652288335e+04
1.952083333333333215e+01,1.446848646869484583e+04
1.954166666666666430e+01,1.446848472625212162e+04
1.956250000000000000e+01,1.446848304041659139e+04
1.958333333333333215e+01,1.446848141237521122e+04
1.960416666666666430e+01,1.446847984327909580e+04
1.962500000000000000e+01,1.446847833424275814e+04
1.964583333333333215e+01,1.446847688634331644e+04
1.966666666666666430e+01,1.446847550061973743e+04
1.968750000000000000e+01,1.446847417807204693e+04
1.970833333333333215e+01,1.446847291966071862e+04
1.972916666666666430e+01,1.446847172630581917e+04
1.975000000000000000e+01,1.446847059888651347e+04
1.977083333333333215e+01,1.446846953824031880e+04
1.979166666666666430e+01,1.446846854516255189e+04
1.981250000000000000e+01,1.446846762040569229e+04
1.983333333333333215e+01,1.446846676467886937e+04
1.985416666666666430e+01,1.446846597864736395e+04
1.987500000000000000e+01,1.446846526293201896e+04
1.989583333333333215e+01,1.446846461810882101e+04
1.991666666666666430e+01,1.446846404470849302e+04
1.993750000000000000e+01,1.446846354321606486e+04
1.995833333333333215e+01,1.446846311407045505e+04
1.997916666666666430e+01,1.446846275766414692e+04
2.000000000000000000e+01,1.446846247434292673e+04
2.002083333333333215e+01,1.446846226440548708e+04
2.004166666666666430e+01,1.446846212810330326e+04
2.006250000000000000e+01,1.446846206564029126e+04
2.008333333333333215e+01,1.446846207717265861e+04
2.010416666666666430e+01,1.446846216280881708e+04
2.012500000000000000e+01,1.446846232260913530e+04
2.014583333333333215e+01,1.446846255658592054e+04
2.016666666666666430e+01,1.446846286470331324e+04
2.018750000000000000e+01,1.446846324687734159e+04
2.020833333333333215e+01,1.446846370297583780e+04
2.022916666666666430e+01,1.446846423281850730e+04
2.025000000000000000e+01,1.446846483617695048e+04
2.027083333333333215e+01,1.446846551277491380e+04
2.029166666666666430e+01,1.446846626228819150e+04
2.031250000000000000e+01,1.446846708434504035e+04
2.033333333333333215e+01,1.446846797852620875e+04
2.035416666666666430e+01,1.446846894436524963e+04
2.037500000000000000e+01,1.446846998134874593e+04
2.039583333333333215e+01,1.446847108891664902e+04
2.041666666666666430e+01,1.446847226646256604e+04
2.043750000000000000e+01,1.446847351333417828e+04
2.045833333333333215e+01,1.446847482883357588e+04
2.047916666666666430e+01,1.446847621221774898e+04
2.050000000000000000e+01,1.446847766269900239e+04
2.052083333333333215e+01,1.446847917944543951e+04
2.054166666666666430e+01,1.446848076158152980e+04
2.056250000000000000e+01,1.446848240818862541e+04
2.058333333333333215e+01,1.446848411830553232e+04
2.060416666666666430e+01,1.446848589092919792e+04
2.062500000000000000e+01,1.446848772501523126e+04
2.064583333333333215e+01,1.446848961947865973e+04
2.066666666666666430e+01,1.446849157319467486e+04
2.068750000000000000e+01,1.446849358499919617e+04
2.070833333333333215e+01,1.446849565368983531e+04
2.072916666666666430e+01,1.446849777802649260e+04
2.075000000000000000e+01,1.446849995673227022e+04
2.077083333333333215e+01,1.446850218849435623e+04
2.079166666666666430e+01,1.446850447196472669e+04
2.081250000000000000e+01,1.446850680576118975e+04
2.083333333333333215e+01,1.446850918846822969e+04
2.085416666666666430e+01,1.446851161863797824e+04
2.087500000000000000e+01,1.446851409479109861e+04
2.089583333333333215e+01,1.446851661541790600e+04
2.091666666666666430e+01,1.446851917897920794e+04
2.093750000000000000e+01,1.446852178390749395e+04
2.095833333333333215e+01,1.446852442860784140e+04
2.097916666666666430e+01,1.446852711145912326e+04
2.100000000000000000e+01,1.446852983081498678e+04
2.102083333333333215e+01,1.446853258500497759e+04
2.104166666666666430e+01,1.446853537233572933e+04
2.106250000000000000e+01,1.446853819109205506e+04
2.108333333333333215e+01,1.446854103953808226e+04
2.110416666666666430e+01,1.446854391591849708e+04
2.112500000000000000e+01,1.446854681845964660e+04
2.114583333333333215e+01,1.446854974537085582e+04
2.116666666666666430e+01,1.446855269484548990e+04
2.118750000000000000e+01,1.446855566506230025e+04
2.120833333333333215e+01,1.446855865418663961e+04
2.122916666666666430e+01,1.446856166037165531e+04
2.125000000000000000e+01,1.446856468175961345e+04
2.127083333333333215e+01,1.446856771648311042e+04
2.129166666666666430e+01,1.446857076266635340e+04
2.131250000000000000e+01,1.446857381842647737e+04
2.133333333333333215e+01,1.446857688187478925e+04
2.135416666666666430e+01,1.446857995111803029e+04
2.137500000000000000e+01,1.446858302425972943e+04
2.139583333333333215e+01,1.446858609940137103e+04
2.141666666666666430e+01,1.446858917464392289e+04
2.143750000000000000e+01,1.446859224808877480e+04
2.145833333333333215e+01,1.446859531783939747e+04
2.147916666666666430e+01,1.446859838200228114e+04
2.150000000000000000e+01,1.446860143868848536e+04
2.152083333333333215e+01,1.446860448601473763e+04
2.154166666666666430e+01,1.446860752210478677e+04
2.156250000000000000e+01,1.446861054509060705e+04
2.158333333333333215e+01,1.446861355311364241e+04
2.160416666666666430e+01,1.446861654432606883e+04
2.162500000000000000e+01,1.446861951689197667e+04
2.164583333333333215e+01,1.446862246898860758e+04
2.166666666666666430e+01,1.446862539880752593e+04
2.168750000000000000e+01,1.446862830455572839e+04
2.170833333333333215e+01,1.446863118445688087e+04
2.172916666666666430e+01,1.446863403675238806e+04
2.175000000000000000e+01,1.446863685970251754e+04
2.177083333333333215e+01,1.446863965158743667e+04
2.179166666666666430e+01,1.446864241070831849e+04
2.181250000000000000e+01,1.446864513538841129e+04
2.183333333333333215e+01,1.446864782397385352e+04
2.185416666666666430e+01,1.446865047483485614e+04
2.187500000000000000e+01,1.446865308636656482e+04
2.189583333333333215e+01,1.446865565698996215e+04
2.191666666666666430e+01,1.446865818515272986e+04
2.193750000000000000e+01,1.446866066933029288e+04
2.195833333333333215e+01,1.446866310802644148e+04
2.197916666666666430e+01,1.446866549977430986e+04
2.200000000000000000e+01,1.446866784313714015e+04
2.202083333333333215e+01,1.446867013670911547e+04
2.204166666666666430e+01,1.446867237911614575e+04
2.206250000000000000e+01,1.446867456901669721e+04
2.208333333333333215e+01,1.446867670510254538e+04
2.210416666666666430e+01,1.446867878609972831e+04
2.212500000000000000e+01,1.446868081076930321e+04
2.214583333333333215e+01,1.446868277790833235e+04
2.216666666666666430e+01,1.446868468635081081e+04
2.218750000000000000e+01,1.446868653496871411e+04
2.220833333333333215e+01,1.446868832267301696e+04
2.222916666666666430e+01,1.446869004841495189e+04
2.225000000000000000e+01,1.446869171118724989e+04
2.227083333333333215e+01,1.446869331002541003e+04
2.229166666666666430e+01,1.446869484400921283e+04
2.231250000000000000e+01,1.446869631226424099e+04
2.233333333333333215e+01,1.446869771396337455e+04
2.235416666666666430e+01,1.446869904832854445e+04
2.237500000000000000e+01,1.446870031463242049e+04
2.239583333333333215e+01,1.446870151220001208e+04
2.241666666666666430e+01,1.446870264041050541e+04
2.243750000000000000e+01,1.446870369869878050e+04
2.245833333333333215e+01,1.446870468655695731e+04
2.247916666666666430e+01,1.446870560353581095e+04
2.250000000000000000e+01,1.446870644924592489e+04
2.252083333333333215e+01,1.446870722335866594e+04
2.254166666666666430e+01,1.446870792560678819e+04
2.256250000000000000e+01,1.446870855578489136e+04
2.258333333333333215e+01,1.446870911374928983e+04
2.260416666666666430e+01,1.446870959941776528e+04
2.262500000000000000e+01,1.446871001276884635e+04
2.264583333333333215e+01,1.446871035384066272e+04
2.266666666666666430e+01,1.446871062272962808e+04
2.268750000000000000e+01,1.446871081958870855e+04
2.270833333333333215e+01,1.446871094462545443e+04
2.272916666666666430e+01,1.446871099810002124e+04
2.275000000000000000e+01,1.446871098032280861e+04
2.277083333333333215e+01,1.446871089165214653e+04
2.279166666666666430e+01,1.446871073249219262e+04
2.281250000000000000e+01,1.446871050329061836e+04
2.283333333333333215e+01,1.446871020453658275e+04
2.285416666666666430e+01,1.446870983675900061e+04
2.287500000000000000e+01,1.446870940052473452e+04
2.289583333333333215e+01,1.446870889643741975e+04
2.291666666666666430e+01,1.446870832513614005e+04
2.293750000000000000e+01,1.446870768729474003e+04
2.295833333333333215e+01,1.446870698362103576e+04
2.297916666666666430e+01,1.446870621485646916e+04
2.300000000000000000e+01,1.446870538177573690e+04
2.302083333333333215e+01,1.446870448518678313e+04
2.304166666666666430e+01,1.446870352593061398e+04
2.306250000000000000e+01,1.446870250488135935e+04
2.308333333333333215e+01,1.446870142294626203e+04
2.310416666666666430e+01,1.446870028106567406e+04
2.312500000000000000e+01,1.446869908021296578e+04
2.314583333333333215e+01,1.446869782139444214e+04
2.316666666666666430e+01,1.446869650564913172e+04
2.318750000000000000e+01,1.446869513404855388e+04
2.320833333333333215e+01,1.446869370769629313e+04
2.322916666666666430e+01,1.446869222772767171e+04
2.325000000000000000e+01,1.446869069530921843e+04
2.327083333333333215e+01,1.446868911163806479e+04
2.329166666666666430e+01,1.446868747794151932e+04
2.331250000000000000e+01,1.446868579547630361e+04
2.333333333333333215e+01,1.446868406552804299e+04
2.335416666666666430e+01,1.446868228941044799e+04
2.337500000000000000e+01,1.446868046846471043e+04
2.339583333333333215e+01,1.446867860405884494e+04
2.341666666666666430e+01,1.446867669758686316e+04
2.343750000000000000e+01,1.446867475046812979e+04
2.345833333333333215e+01,1.446867276414650405e+04
2.347916666666666430e+01,1.446867074008961572e+04
2.350000000000000000e+01,1.446866867978798837e+04
2.352083333333333215e+01,1.446866658475420263e+04
2.354166666666666430e+01,1.446866445652202310e+04
2.356250000000000000e+01,1.446866229664536877e+04
2.358333333333333215e+01,1.446866010669742900e+04
2.360416666666666430e+01,1.446865788826963762e+04
2.362500000000000000e+01,1.446865564297062156e+04
2.364583333333333215e+01,1.446865337242511669e+04
2.366666666666666430e+01,1.446865107827293104e+04
2.368750000000000000e+01,1.446864876216779885e+04
2.370833333333333215e+01,1.446864642577628183e+04
2.372916666666666430e+01,1.446864407077655778e+04
2.375000000000000000e+01,1.446864169885744195e+04
2.377083333333333215e+01,1.446863931171708464e+04
2.379166666666666430e+01,1.446863691106191254e+04
2.381250000000000000e+01,1.446863449860542823e+04
2.383333333333333215e+01,1.446863207606708602e+04
2.385416666666666430e+01,1.446862964517118235e+04
2.387500000000000000e+01,1.446862720764560072e+04
2.389583333333333215e+01,1.446862476522074576e+04
2.391666666666666430e+01,1.446862231962831720e+04
2.393750000000000000e+01,1.446861987260023307e+04
2.395833333333333215e+01,1.446861742586733089e+04
2.397916666666666430e+01,1.446861498115833092e+04
2.400000000000000000e+01,1.446861254019858825e+04
2.402083333333333215e+01,1.446861010470889960e+04
2.404166666666666430e+01,1.446860767640437552e+04
2.406250000000000000e+01,1.446860525699327627e+04
2.408333333333333215e+01,1.446860284817573483e+04
2.410416666666666430e+01,1.446860045164269832e+04
2.412500000000000000e+01,1.446859806907469829e+04
2.414583333333333215e+01,1.446859570214072301e+04
2.416666666666666430e+01,1.446859335249701326e+04
2.418750000000000000e+01,1.446859102178599278e+04
2.420833333333333215e+01,1.446858871163508229e+04
2.422916666666666430e+01,1.446858642365557171e+04
2.425000000000000000e+01,1.446858415944159060e+04
2.427083333333333215e+01,1.446858192056888583e+04
2.429166666666666430e+01,1.446857970859384659e+04
2.431250000000000000e+01,1.446857752505239114e+04
2.433333333333333215e+01,1.446857537145888637e+04
2.435416666666666430e+01,1.446857324930512550e+04
2.437500000000000000e+01,1.446857116005934586e+04
2.439583333333333215e+01,1.446856910516507560e+04
2.441666666666666430e+01,1.446856708604030791e+04
2.443750000000000000e+01,1.446856510407638052e+04
2.445833333333333215e+01,1.446856316063708437e+04
2.447916666666666430e+01,1.446856125705763407e+04
2.450000000000000000e+01,1.446855939464381663e+04
2.452083333333333215e+01,1.446855757467106741e+04
2.454166666666666430e+01,1.446855579838353151e+04
2.456250000000000000e+01,1.446855406699318337e+04
2.458333333333333215e+01,1.446855238167903008e+04
2.460416666666666430e+01,1.446855074358625643e+04
2.462500000000000000e+01,1.446854915382542458e+04
2.464583333333333215e+01,1.446854761347166277e+04
2.466666666666666430e+01,1.446854612356395228e+04
2.468750000000000000e+01,1.446854468510431616e+04
2.470833333333333215e+01,1.446854329905726263e+04
2.472916666666666430e+01,1.446854196634890832e+04
2.475000000000000000e+01,1.446854068786647986e+04
2.477083333333333215e+01,1.446853946445754991e+04
2.479166666666666430e+01,1.446853829692957152e+04
2.481250000000000000e+01,1.446853718604918686e+04
2.483333333333333215e+01,1.446853613254175070e+04
2.485416666666666430e+01,1.446853513709075196e+04
2.487500000000000000e+01,1.446853420033734074e+04
2.489583333333333215e+01,1.446853332287988087e+04
2.491666666666666430e+01,1.446853250527351702e+04
2.493750000000000000e+01,1.446853174802972353e+04
2.495833333333333215e+01,1.446853105161598796e+04
2.497916666666666430e+01,1.446853041645536723e+04
2.500000000000000000e+01,1.446852984292629480e+04
2.502083333333333215e+01,1.446852933136220963e+04
2.504166666666666430e+01,1.446852888205134150e+04
2.506250000000000000e+01,1.446852849523648547e+04
2.508333333333333215e+01,1.446852817111475815e+04
2.510416666666666430e+01,1.446852790983752129e+04
2.512500000000000000e+01,1.446852771151022171e+04
2.514583333333333215e+01,1.446852757619224576e+04
2.516666666666666430e+01,1.446852750389693028e+04
2.518750000000000000e+01,1.446852749459150436e+04
2.520833333333333215e+01,1.446852754819710390e+04
2.522916666666666430e+01,1.446852766458872065e+04
2.525000000000000000e+01,1.446852784359540237e+04
2.527083333333333215e+01,1.446852808500026731e+04
2.529166666666666430e+01,1.446852838854066431e+04
2.531250000000000000e+01,1.446852875390830013e+04
2.533333333333333215e+01,1.446852918074948320e+04
2.535416666666666430e+01,1.446852966866530551e+04
2.537500000000000000e+01,1.446853021721194091e+04
2.539583333333333215e+01,1.446853082590089980e+04
2.541666666666666430e+01,1.446853149419941474e+04
2.543750000000000000e+01,1.446853222153068054e+04
2.545833333333333215e+01,1.446853300727437818e+04
2.547916666666666430e+01,1.446853385076697668e+04
2.550000000000000000e+01,1.446853475130228253e+04
2.552083333333333215e+01,1.446853570813183978e+04
2.554166666666666430e+01,1.446853672046543579e+04
2.556250000000000000e+01,1.446853778747174510e+04
2.558333333333333215e+01,1.446853890827877331e+04
2.560416666666666430e+01,1.446854008197449730e+04
2.562500000000000000e+01,1.446854130760756379e+04
2.564583333333333215e+01,1.446854258418787504e+04
2.566666666666666430e+01,1.446854391068721816e+04
2.568750000000000000e+01,1.446854528604012012e+04
2.570833333333333215e+01,1.446854670914453527e+04
2.572916666666666430e+01,1.446854817886249293e+04
2.575000000000000000e+01,1.446854969402110146e+04
2.577083333333333215e+01,1.446855125341317398e+04
2.579166666666666430e+01,1.446855285579820338e+04
2.581250000000000000e+01,1.446855449990316629e+04
2.583333333333333215e+01,1.446855618442346167e+04
2.585416666666666430e+01,1.446855790802376941e+04
2.587500000000000000e+01,1.446855966933900709e+04
2.589583333333333215e+01,1.446856146697539225e+04
2.591666666666666430e+01,1.446856329951127191e+04
2.593750000000000000e+01,1.446856516549820299e+04
2.595833333333333215e+01,1.446856706346202554e+04
2.597916666666666430e+01,1.446856899190385957e+04
2.600000000000000000e+01,1.446857094930111634e+04
2.602083333333333215e+01,1.446857293410868442e+04
2.604166666666666430e+01,1.446857494475997737e+04
2.606250000000000000e+01,1.446857697966807973e+04
2.608333333333333215e+01,1.446857903722683841e+04
2.610416666666666430e+01,1.446858111581205230e+04
2.612500000000000000e+01,1.446858321378265100e+04
2.614583333333333215e+01,1.446858532948181528e+04
2.616666666666666430e+01,1.446858746123825040e+04
2.618750000000000000e+01,1.446858960736730660e+04
2.620833333333333215e+01,1.446859176617226331e+04
2.622916666666666430e+01,1.446859393594558424e+04
2.625000000000000000e+01,1.446859611497000515e+04
2.627083333333333215e+01,1.446859830152001814e+04
2.629166666666666430e+01,1.446860049386290120e+04
2.631250000000000000e+01,1.446860269026018432e+04
2.633333333333333215e+01,1.446860488896874813e+04
2.635416666666666430e+01,1.446860708824224275e+04
2.637500000000000000e+01,1.446860928633235744e+04
2.639583333333333215e+01,1.446861148149003566e+04
2.641666666666666430e+01,1.446861367196686842e+04
2.643750000000000000e+01,1.446861585601631305e+04
2.645833333333333215e+01,1.446861803189513739e+04
2.647916666666666430e+01,1.446862019786458768e+04
2.650000000000000000e+01,1.446862235219182185e+04
2.652083333333333215e+01,1.446862449315114281e+04
2.654166666666666430e+01,1.446862661902537729e+04
2.656250000000000000e+01,1.446862872810718545e+04
2.658333333333333215e+01,1.446863081870041424e+04
2.660416666666666430e+01,1.446863288912135249e+04
2.662500000000000000e+01,1.446863493770014247e+04
2.664583333333333215e+01,1.446863696278204225e+04
2.666666666666666430e+01,1.446863896272878628e+04
2.668750000000000000e+01,1.446864093591995697e+04
2.670833333333333215e+01,1.446864288075419609e+04
2.672916666666666430e+01,1.446864479565064903e+04
2.675000000000000000e+01,1.446864667905017268e+04
2.677083333333333215e+01,1.446864852941673598e+04
2.679166666666666430e+01,1.446865034523870054e+04
2.681250000000000000e+01,1.446865212503011207e+04
2.683333333333333215e+01,1.446865386733202831e+04
2.685416666666666430e+01,1.446865557071373769e+04
2.687500000000000000e+01,1.446865723377405448e+04
2.689583333333333215e+01,1.446865885514268302e+04
2.691666666666666430e+01,1.446866043348124367e+04
2.693750000000000000e+01,1.446866196748462244e+04
2.695833333333333215e+01,1.446866345588216063e+04
2.697916666666666430e+01,1.446866489743868806e+04
2.700000000000000000e+01,1.446866629095573444e+04
2.702083333333333215e+01,1.446866763527252260e+04
2.704166666666666430e+01,1.446866892926702712e+04
2.706250000000000000e+01,1.446867017185686200e+04
2.708333333333333215e+01,1.446867136200015011e+04
2.710416666666666430e+01,1.446867249869625448e+04
2.712500000000000000e+01,1.446867358098663681e+04
2.714583333333333215e+01,1.446867460795528677e+04
2.716666666666666430e+01,1.446867557872917678e+04
2.718750000000000000e+01,1.446867649247878944e+04
2.720833333333333215e+01,1.446867734841823039e+04
2.722916666666666430e+01,1.446867814580529011e+04
2.725000000000000000e+01,1.446867888394148758e+04
2.727083333333333215e+01,1.446867956217184474e+04
2.729166666666666430e+01,1.446868017988461725e+04
2.731250000000000000e+01,1.446868073651083250e+04
2.733333333333333215e+01,1.446868123152373300e+04
2.735416666666666430e+01,1.446868166443801965e+04
2.737500000000000000e+01,1.446868203480934972e+04
2.739583333333333215e+01,1.446868234223324544e+04
2.741666666666666430e+01,1.446868258634438462e+04
2.743750000000000000e+01,1.446868276681583302e+04
2.745833333333333215e+01,1.446868288335808029e+04
2.747916666666666430e+01,1.446868293571835966e+04
2.750000000000000000e+01,1.446868292367998947e+04
2.752083333333333215e+01,1.446868284706186023e+04
2.754166666666666430e+01,1.446868270571803441e+04
2.756250000000000000e+01,1.446868249953763006e+04
2.758333333333333215e+01,1.446868222844477350e+04
2.760416666666666430e+01,1.446868189239883577e+04
2.762500000000000000e+01,1.446868149139483648e+04
2.764583333333333215e+01,1.446868102546417504e+04
2.766666666666666430e+01,1.446868049467526362e+04
2.768750000000000000e+01,1.446867989913464771e+04
2.770833333333333215e+01,1.446867923898791560e+04
2.772916666666666430e+01,1.446867851442097890e+04
2.775000000000000000e+01,1.446867772566118947e+04
2.777083333333333215e+01,1.446867687297846715e+04
2.779166666666666430e+01,1.446867595668652575e+04
2.781250000000000000e+01,1.446867497714372075e+04
2.783333333333333215e+01,1.446867393475407152e+04
2.785416666666666430e+01,1.446867282996787253e+04
2.787500000000000000e+01,1.446867166328234453e+04
2.789583333333333215e+01,1.446867043524179098e+04
2.791666666666666430e+01,1.446866914643782366e+04
2.793750000000000000e+01,1.446866779750936257e+04
2.795833333333333215e+01,1.446866638914225769e+04
2.797916666666666430e+01,1.446866492206888870e+04
2.800000000000000000e+01,1.446866339706765939e+04
2.802083333333333215e+01,1.446866181496213903e+04
2.804166666666666430e+01,1.446866017662045488e+04
2.806250000000000000e+01,1.446865848295424803e+04
2.808333333333333215e+01,1.446865673491780035e+04
2.810416666666666430e+01,1.446865493350710676e+04
2.812500000000000000e+01,1.446865307975875476e+04
2.814583333333333215e+01,1.446865117474910585e+04
2.816666666666666430e+01,1.446864921959316416e+04
2.818750000000000000e+01,1.446864721544364875e+04
2.820833333333333215e+01,1.446864516349000769e+04
2.822916666666666430e+01,1.446864306495736673e+04
2.825000000000000000e+01,1.446864092110571073e+04
2.827083333333333215e+01,1.446863873322875224e+04
2.829166666666666430e+01,1.446863650265306205e+04
2.831250000000000000e+01,1.446863423073701051e+04
2.833333333333333215e+01,1.446863191886978166e+04
2.835416666666666430e+01,1.446862956847034002e+04
2.837500000000000000e+01,1.446862718098646656e+04
2.839583333333333215e+01,1.446862475789363089e+04
2.841666666666666430e+01,1.446862230069390353e+04
2.843750000000000000e+01,1.446861981091498092e+04
2.845833333333333215e+01,1.446861729010902491e+04
2.847916666666666430e+01,1.446861473985153862e+04
2.850000000000000000e+01,1.446861216174032961e+04
2.852083333333333215e+01,1.446860955739441488e+04
2.854166666666666430e+01,1.446860692845281665e+04
2.856250000000000000e+01,1.446860427657358014e+04
2.858333333333333215e+01,1.446860160343254393e+04
2.860416666666666430e+01,1.446859891072235405e+04
2.862500000000000000e+01,1.446859620015129985e+04
2.864583333333333215e+01,1.446859347344217895e+04
2.866666666666666430e+01,1.446859073233120944e+04
2.868750000000000000e+01,1.446858797856694218e+04
2.870833333333333215e+01,1.446858521390909664e+04
2.872916666666666430e+01,1.446858244012745126e+04
2.875000000000000000e+01,1.446857965900067575e+04
2.877083333333333215e+01,1.446857687231517775e+04
2.879166666666666430e+01,1.446857408186399334e+04
2.881250000000000000e+01,1.446857128944558281e+04
2.883333333333333215e+01,1.446856849686266287e+04
2.885416666666666430e+01,1.446856570592098069e+04
2.887500000000000000e+01,1.446856291842824430e+04
2.889583333333333215e+01,1.446856013619279838e+04
2.891666666666666430e+01,1.446855736102254014e+04
2.893750000000000000e+01,1.446855459472359507e+04
2.895833333333333215e+01,1.446855183909933839e+04
2.897916666666666430e+01,1.446854909594895798e+04
2.900000000000000000e+01,1.446854636706650126e+04
2.902083333333333215e+01,1.446854365423947456e+04
2.904166666666666430e+01,1.446854095924781723e+04
2.906250000000000000e+01,1.446853828386270470e+04
2.908333333333333215e+01,1.446853562984531163e+04
2.910416666666666430e+01,1.446853299894569136e+04
2.912500000000000000e+01,1.446853039290164816e+04
2.914583333333333215e+01,1.446852781343753304e+04
2.916666666666666430e+01,1.446852526226306873e+04
2.918750000000000000e+01,1.446852274107230551e+04
2.920833333333333215e+01,1.446852025154243893e+04
2.922916666666666430e+01,1.446851779533262015e+04
2.925000000000000000e+01,1.446851537408298100e+04
2.927083333333333215e+01,1.446851298941337154e+04
2.929166666666666430e+01,1.446851064292237425e+04
2.931250000000000000e+01,1.446850833618616161e+04
2.933333333333333215e+01,1.446850607075750668e+04
2.935416666666666430e+01,1.446850384816461883e+04
2.937500000000000000e+01,1.446850166991015067e+04
2.939583333333333215e+01,1.446849953747018662e+04
2.941666666666666430e+01,1.446849745229323526e+04
2.943750000000000000e+01,1.446849541579920333e+04
2.945833333333333215e+01,1.446849342937840265e+04
2.947916666666666430e+01,1.446849149439072789e+04
2.950000000000000000e+01,1.446848961216449607e+04
2.952083333333333215e+01,1.446848778399576622e+04
2.954166666666666430e+01,1.446848601114725898e+04
2.956250000000000000e+01,1.446848429484755980e+04
2.958333333333333215e+01,1.446848263629028224e+04
2.960416666666666430e+01,1.446848103663319125e+04
2.962500000000000000e+01,1.446847949699737728e+04
2.964583333333333215e+01,1.446847801846653601e+04
2.966666666666666430e+01,1.446847660208613524e+04
2.968750000000000000e+01,1.446847524886271276e+04
2.970833333333333215e+01,1.446847395976315602e+04
2.972916666666666430e+01,1.446847273571397818e+04
2.975000000000000000e+01,1.446847157760068148e+04
2.977083333333333215e+01,1.446847048626714241e+04
2.979166666666666430e+01,1.446846946251493137e+04
2.981250000000000000e+01,1.446846850710282524e+04
2.983333333333333215e+01,1.446846762074614890e+04
2.985416666666666430e+01,1.446846680411632406e+04
2.987500000000000000e+01,1.446846605784030908e+04
2.989583333333333215e+01,1.446846538250021695e+04
2.991666666666666430e+01,1.446846477863278415e+04
2.993750000000000000e+01,1.446846424672898138e+04
2.995833333333333215e+01,1.446846378723371890e+04
2.997916666666666430e+01,1.446846340054536631e+04
3.000000000000000000e+01,1.446846308701555972e+04
3.002083333333333215e+01,1.446846284694881251e+04
3.004166666666666430e+01,1.446846268060234070e+04
3.006250000000000000e+01,1.446846258818575370e+04
3.008333333333333215e+01,1.446846256986097433e+04
3.010416666666666430e+01,1.446846262574195134e+04
3.012500000000000000e+01,1.446846275589467041e+04
3.014583333333333215e+01,1.446846296033693579e+04
3.016666666666666430e+01,1.446846323903840312e+04
3.018750000000000000e+01,1.446846359192045566e+04
3.020833333333333215e+01,1.446846401885629166e+04
3.022916666666666430e+01,1.446846451967093526e+04
3.025000000000000000e+01,1.446846509414126922e+04
3.027083333333333215e+01,1.446846574199620227e+04
3.029166666666666430e+01,1.446846646291674551e+04
3.031250000000000000e+01,1.446846725653618341e+04
3.033333333333333215e+01,1.446846812244034663e+04
3.035416666666666430e+01,1.446846906016776484e+04
3.037500000000000000e+01,1.446847006920992135e+04
3.039583333333333215e+01,1.446847114901166788e+04
3.041666666666666430e+01,1.446847229897144280e+04
3.043750000000000000e+01,1.446847351844164950e+04
3.045833333333333215e+01,1.446847480672910388e+04
3.047916666666666430e+01,1.446847616309542354e+04
3.050000000000000000e+01,1.446847758675748992e+04
3.052083333333333215e+01,1.446847907688796113e+04
3.054166666666666430e+01,1.446848063261573407e+04
3.056250000000000000e+01,1.446848225302655192e+04
3.058333333333333215e+01,1.446848393716360806e+04
3.060416666666666430e+01,1.446848568402805540e+04
3.062500000000000000e+01,1.446848749257977397e+04
3.064583333333333215e+01,1.446848936173796392e+04
3.066666666666666430e+01,1.446849129038181854e+04
3.068750000000000000e+01,1.446849327735136103e+04
3.070833333333333215e+01,1.446849532144809200e+04
3.072916666666666430e+01,1.446849742143586627e+04
3.075000000000000000e+01,1.446849957604159499e+04
3.077083333333333215e+01,1.446850178395618423e+04
3.079166666666666430e+01,1.446850404383534624e+04
3.081250000000000000e+01,1.446850635430049806e+04
3.083333333333333215e+01,1.446850871393971829e+04
3.085416666666666430e+01,1.446851112130855472e+04
3.087500000000000000e+01,1.446851357493114119e+04
3.089583333333333215e+01,1.446851607330112529e+04
3.091666666666666430e+01,1.446851861488259237e+04
3.093750000000000000e+01,1.446852119811122975e+04
3.095833333333333215e+01,1.446852382139527981e+04
3.097916666666666430e+01,1.446852648311664598e+04
3.100000000000000000e+01,1.446852918163194408e+04
3.102083333333333215e+01,1.446853191527367744e+04
3.104166666666666430e+01,1.446853468235133914e+04
3.106250000000000000e+01,1.446853748115241615e+04
3.108333333333333215e+01,1.446854030994378991e+04
3.110416666666666430e+01,1.446854316697276590e+04
3.112500000000000000e+01,1.446854605046817960e+04
3.114583333333333215e+01,1.446854895864181526e+04
3.116666666666666430e+01,1.446855188968939910e+04
3.118750000000000000e+01,1.446855484179198538e+04
3.120833333333333215e+01,1.446855781311713872e+04
3.122916666666666430e+01,1.446856080182013102e+04
3.125000000000000000e+01,1.446856380604522565e+04
3.127083333333333215e+01,1.446856682392699076e+04
3.129166666666666430e+01,1.446856985359149257e+04
3.131250000000000000e+01,1.446857289315763410e+04
3.133333333333333215e+01,1.446857594073834116e+04
3.135416666666666430e+01,1.446857899444199211e+04
3.137500000000000000e+01,1.446858205237355651e+04
3.139583333333333215e+01,1.446858511263594846e+04
3.141666666666666430e+01,1.446858817333134357e+04
3.143750000000000000e+01,1.446859123256235762e+04
3.145833333333333215e+01,1.446859428843345449e+04
3.147916666666666430e+01,1.446859733905215398e+04
3.150000000000000000e+01,1.446860038253027597e+04
3.152083333333333215e+01,1.446860341698532648e+04
3.154166666666666430e+01,1.446860644054160730e+04
3.156250000000000000e+01,1.446860945133154746e+04
3.158333333333333215e+01,1.446861244749695834e+04
3.160416666666666430e+01,1.446861542719020508e+04
3.162500000000000000e+01,1.446861838857544717e+04
3.164583333333333215e+01,1.446862132982984258e+04
3.166666666666666430e+01,1.446862424914471558e+04
3.168750000000000000e+01,1.446862714472674270e+04
3.170833333333333215e+01,1.446863001479900413e+04
3.172916666666666430e+01,1.446863285760226427e+04
3.175000000000000000e+01,1.446863567139592487e+04
3.177083333333333215e+01,1.446863845445920742e+04
3.179166666666666430e+01,1.446864120509216445e+04
3.181250000000000000e+01,1.446864392161665455e+04
3.183333333333333215e+01,1.446864660237744829e+04
3.185416666666666430e+01,1.446864924574314500e+04
3.187500000000000000e+01,1.446865185010713321e+04
3.189583333333333215e+01,1.446865441388855470e+04
3.191666666666666430e+01,1.446865693553316669e+04
3.193750000000000000e+01,1.446865941351431684e+04
3.195833333333333215e+01,1.446866184633366356e+04
3.197916666666666430e+01,1.446866423252219829e+04
3.200000000000000000e+01,1.446866657064098035e+04
3.202083333333332860e+01,1.446866885928201009e+04
3.204166666666666430e+01,1.446867109706915653e+04
3.206250000000000000e+01,1.446867328265885953e+04
3.208333333333332860e+01,1.446867541474107202e+04
3.210416666666666430e+01,1.446867749204021675e+04
3.212500000000000000e+01,1.446867951331601216e+04
3.214583333333332860e+01,1.446868147736449100e+04
3.216666666666666430e+01,1.446868338301898621e+04
3.218750000000000000e+01,1.446868522915120775e+04
3.220833333333332860e+01,1.446868701467245410e+04
3.222916666666666430e+01,1.446868873853472542e+04
3.225000000000000000e+01,1.446869039973207327e+04
3.227083333333332860e+01,1.446869199730197943e+04
3.229166666666666430e+01,1.446869353032669460e+04
3.231250000000000000e+01,1.446869499793483556e+04
3.233333333333332860e+01,1.446869639930294943e+04
3.235416666666666430e+01,1.446869773365701258e+04
3.237500000000000000e+01,1.446869900027412223e+04
3.239583333333332860e+01,1.446870019848403899e+04
3.241666666666666430e+01,1.446870132767072937e+04
3.243750000000000000e+01,1.446870238727389733e+04
3.245833333333332860e+01,1.446870337679025033e+04
3.247916666666666430e+01,1.446870429577469986e+04
3.250000000000000000e+01,1.446870514384136550e+04
3.252083333333332860e+01,1.446870592066434256e+04
3.254166666666666430e+01,1.446870662597806950e+04
3.256250000000000000e+01,1.446870725957759350e+04
3.258333333333332860e+01,1.446870782131846499e+04
3.260416666666666430e+01,1.446870831111611187e+04
3.262500000000000000e+01,1.446870872894519562e+04
3.264583333333332860e+01,1.446870907483845440e+04
3.266666666666666430e+01,1.446870934888536431e+04
3.268750000000000000e+01,1.446870955123049134e+04
3.270833333333332860e+01,1.446870968207166516e+04
3.272916666666666430e+01,1.446870974165812004e+04
3.275000000000000000e+01,1.446870973028834123e+04
3.277083333333332860e+01,1.446870964830812954e+04
3.279166666666666430e+01,1.446870949610844764e+04
3.281250000000000000e+01,1.446870927412367746e+04
3.283333333333332860e+01,1.446870898282960115e+04
3.285416666666666430e+01,1.446870862274200408e+04
3.287500000000000000e+01,1.446870819441509229e+04
3.289583333333332860e+01,1.446870769844031747e+04
3.291666666666666430e+01,1.446870713544542014e+04
3.293750000000000000e+01,1.446870650609365111e+04
3.295833333333332860e+01,1.446870581108310944e+04
3.297916666666666430e+01,1.446870505114639309e+04
3.300000000000000000e+01,1.446870422705019155e+04
3.302083333333332860e+01,1.446870333959526033e+04
3.304166666666666430e+01,1.446870238961608629e+04
3.306250000000000000e+01,1.446870137798099677e+04
3.308333333333332860e+01,1.446870030559196675e+04
3.310416666666666430e+01,1.446869917338452797e+04
3.312500000000000000e+01,1.446869798232762332e+04
3.314583333333332860e+01,1.446869673342344686e+04
3.316666666666666430e+01,1.446869542770715634e+04
3.318750000000000000e+01,1.446869406624656040e+04
3.320833333333332860e+01,1.446869265014170742e+04
3.322916666666666430e+01,1.446869118052449267e+04
3.325000000000000000e+01,1.446868965855811985e+04
3.327083333333332860e+01,1.446868808543655541e+04
3.329166666666666430e+01,1.446868646238392466e+04
3.331250000000000000e+01,1.446868479065398787e+04
3.333333333333332860e+01,1.446868307152938360e+04
3.335416666666666430e+01,1.446868130632099201e+04
3.337500000000000000e+01,1.446867949636728372e+04
3.339583333333332860e+01,1.446867764303355216e+04
3.341666666666666430e+01,1.446867574771124782e+04
3.343750000000000000e+01,1.446867381181717428e+04
3.345833333333332860e+01,1.446867183679269510e+04
3.347916666666666430e+01,1.446866982410299170e+04
3.350000000000000000e+01,1.446866777523607743e+04
3.352083333333332860e+01,1.446866569170212824e+04
3.354166666666666430e+01,1.446866357503237305e+04
3.356250000000000000e+01,1.446866142677826429e+04
3.358333333333332860e+01,1.446865924851047748e+04
3.360416666666666430e+01,1.446865704181785622e+04
3.362500000000000000e+01,1.446865480830641536e+04
3.364583333333332860e+01,1.446865254959829326e+04
3.366666666666666430e+01,1.446865026733060586e+04
3.368750000000000000e+01,1.446864796315444619e+04
3.370833333333332860e+01,1.446864563873361112e+04
3.372916666666666430e+01,1.446864329574367730e+04
3.375000000000000000e+01,1.446864093587072057e+04
3.377083333333332860e+01,1.446863856081019912e+04
3.379166666666666430e+01,1.446863617226585848e+04
3.381250000000000000e+01,1.446863377194856366e+04
3.383333333333332860e+01,1.446863136157513873e+04
3.385416666666666430e+01,1.446862894286723895e+04
3.387500000000000000e+01,1.446862651755014667e+04
3.389583333333332860e+01,1.446862408735167628e+04
3.391666666666666430e+01,1.446862165400096637e+04
3.393750000000000000e+01,1.446861921922736292e+04
3.395833333333332860e+01,1.446861678475914596e+04
3.397916666666666430e+01,1.446861435232249278e+04
3.400000000000000000e+01,1.446861192364022645e+04
3.402083333333332860e+01,1.446860950043059711e+04
3.404166666666666430e+01,1.446860708440622693e+04
3.406250000000000000e+01,1.446860467727284413e+04
3.408333333333332860e+01,1.446860228072810787e+04
3.410416666666666430e+01,1.446859989646043687e+04
3.412500000000000000e+01,1.446859752614793979e+04
3.414583333333332860e+01,1.446859517145711288e+04
3.416666666666666430e+01,1.446859283404180678e+04
3.418750000000000000e+01,1.446859051554201505e+04
3.420833333333332860e+01,1.446858821758279737e+04
3.422916666666666430e+01,1.446858594177309351e+04
3.425000000000000000e+01,1.446858368970467927e+04
3.427083333333332860e+01,1.446858146295101324e+04
3.429166666666666430e+01,1.446857926306621084e+04
3.431250000000000000e+01,1.446857709158392390e+04
3.433333333333332860e+01,1.446857495001633288e+04
3.435416666666666430e+01,1.446857283985301547e+04
3.437500000000000000e+01,1.446857076255998982e+04
3.439583333333332860e+01,1.446856871957871772e+04
3.441666666666666430e+01,1.446856671232499502e+04
3.443750000000000000e+01,1.446856474218810763e+04
3.445833333333332860e+01,1.446856281052970735e+04
3.447916666666666430e+01,1.446856091868297881e+04
3.450000000000000000e+01,1.446855906795172632e+04
3.452083333333332860e+01,1.446855725960933341e+04
3.454166666666666430e+01,1.446855549489793339e+04
3.456250000000000000e+01,1.446855377502759075e+04
3.458333333333332860e+01,1.446855210117538445e+04
3.460416666666666430e+01,1.446855047448458572e+04
3.462500000000000000e+01,1.446854889606387223e+04
3.464583333333332860e+01,1.446854736698653505e+04
3.466666666666666430e+01,1.446854588828974011e+04
3.468750000000000000e+01,1.446854446097375330e+04
3.470833333333332860e+01,1.446854308600126024e+04
3.472916666666666430e+01,1.446854176429670042e+04
3.475000000000000000e+01,1.446854049674552152e+04
3.477083333333332860e+01,1.446853928419368822e+04
3.479166666666666430e+01,1.446853812744698371e+04
3.481250000000000000e+01,1.446853702727043128e+04
3.483333333333332860e+01,1.446853598438775589e+04
3.485416666666666430e+01,1.446853499948089302e+04
3.487500000000000000e+01,1.446853407318947211e+04
3.489583333333332860e+01,1.446853320611032541e+04
3.491666666666666430e+01,1.446853239879710600e+04
3.493750000000000000e+01,1.446853165175981121e+04
3.495833333333332860e+01,1.446853096546450615e+04
3.497916666666666430e+01,1.446853034033286167e+04
3.500000000000000000e+01,1.446852977674188878e+04
3.502083333333332860e+01,1.446852927502371676e+04
3.504166666666666430e+01,1.446852883546522935e+04
3.506250000000000000e+01,1.446852845830791193e+04
3.508333333333332860e+01,1.446852814374762238e+04
3.510416666666666430e+01,1.446852789193451463e+04
3.512500000000000000e+01,1.446852770297278403e+04
3.514583333333332860e+01,1.446852757692064188e+04
3.516666666666666430e+01,1.446852751379026449e+04
3.518750000000000000e+01,1.446852751354775319e+04
3.520833333333332860e+01,1.446852757611312700e+04
3.522916666666666430e+01,1.446852770136032268e+04
3.525000000000000000e+01,1.446852788911733660e+04
3.527083333333332860e+01,1.446852813916626837e+04
3.529166666666666430e+01,1.446852845124348096e+04
3.531250000000000000e+01,1.446852882503966612e+04
3.533333333333332860e+01,1.446852926020024097e+04
3.535416666666666430e+01,1.446852975632538073e+04
3.537500000000000000e+01,1.446853031297034977e+04
3.539583333333332860e+01,1.446853092964582902e+04
3.541666666666666430e+01,1.446853160581819975e+04
3.543750000000000000e+01,1.446853234090985279e+04
3.545833333333332860e+01,1.446853313429971968e+04
3.547916666666666430e+01,1.446853398532352003e+04
3.550000000000000000e+01,1.446853489327428906e+04
3.552083333333332860e+01,1.446853585740291237e+04
3.554166666666666430e+01,1.446853687691851519e+04
3.556250000000000000e+01,1.446853795098909904e+04
3.558333333333332860e+01,1.446853907874208016e+04
3.560416666666666430e+01,1.446854025926483882e+04
3.562500000000000000e+01,1.446854149160546513e+04
3.564583333333332860e+01,1.446854277477331925e+04
3.566666666666666430e+01,1.446854410773967902e+04
3.568750000000000000e+01,1.446854548943861664e+04
3.570833333333332860e+01,1.446854691876754077e+04
3.572916666666666430e+01,1.446854839458815331e+04
3.575000000000000000e+01,1.446854991572709696e+04
3.577083333333332860e+01,1.446855148097680649e+04
3.579166666666666430e+01,1.446855308909645100e+04
3.581250000000000000e+01,1.446855473881265061e+04
3.583333333333332860e+01,1.446855642882047687e+04
3.585416666666666430e+01,1.446855815778434408e+04
3.587500000000000000e+01,1.446855992433897336e+04
3.589583333333332860e+01,1.446856172709023667e+04
3.591666666666666430e+01,1.446856356461633914e+04
3.593750000000000000e+01,1.446856543546865578e+04
3.595833333333332860e+01,1.446856733817283020e+04
3.597916666666666430e+01,1.446856927122984416e+04
3.600000000000000000e+01,1.446857123311699615e+04
3.602083333333332860e+01,1.446857322228908015e+04
3.604166666666666430e+01,1.446857523717942604e+04
3.606250000000000000e+01,1.446857727620106380e+04
3.608333333333332860e+01,1.446857933774779667e+04
3.610416666666666430e+01,1.446858142019540537e+04
3.612500000000000000e+01,1.446858352190282676e+04
3.614583333333332860e+01,1.446858564121326344e+04
3.616666666666666430e+01,1.446858777645544251e+04
3.618750000000000000e+01,1.446858992594476877e+04
3.620833333333332860e+01,1.446859208798459804e+04
3.622916666666666430e+01,1.446859426086744133e+04
3.625000000000000000e+01,1.446859644287618721e+04
3.627083333333332860e+01,1.446859863228538234e+04
3.629166666666666430e+01,1.446860082736246477e+04
3.631250000000000000e+01,1.446860302636906999e+04
3.633333333333332860e+01,1.446860522756221690e+04
3.635416666666666430e+01,1.446860742919574113e+04
3.637500000000000000e+01,1.446860962952143382e+04
3.639583333333332860e+01,1.446861182679042395e+04
3.641666666666666430e+01,1.446861401925444443e+04
3.643750000000000000e+01,1.446861620516719995e+04
3.645833333333332860e+01,1.446861838278554933e+04
3.647916666666666430e+01,1.446862055037092796e+04
3.650000000000000000e+01,1.446862270619068295e+04
3.652083333333332860e+01,1.446862484851926274e+04
3.654166666666666430e+01,1.446862697563969414e+04
3.656250000000000000e+01,1.446862908584480829e+04
3.658333333333332860e+01,1.446863117743855764e+04
3.660416666666666430e+01,1.446863324873743477e+04
3.662500000000000000e+01,1.446863529807173109e+04
3.664583333333332860e+01,1.446863732378684290e+04
3.666666666666666430e+01,1.446863932424469385e+04
3.668750000000000000e+01,1.446864129782494638e+04
3.670833333333332860e+01,1.446864324292643869e+04
3.672916666666666430e+01,1.446864515796843261e+04
3.675000000000000000e+01,1.446864704139196328e+04
3.677083333333332860e+01,1.446864889166115609e+04
3.679166666666666430e+01,1.446865070726457270e+04
3.681250000000000000e+01,1.446865248671644076e+04
3.683333333333332860e+01,1.446865422855806537e+04
3.685416666666666430e+01,1.446865593135900781e+04
3.687500000000000000e+01,1.446865759371846070e+04
3.689583333333332860e+01,1.446865921426641944e+04
3.691666666666666430e+01,1.446866079166506097e+04
3.693750000000000000e+01,1.446866232460983520e+04
3.695833333333332860e+01,1.446866381183068734e+04
3.697916666666666430e+01,1.446866525209335668e+04
3.700000000000000000e+01,1.446866664420027519e+04
3.702083333333332860e+01,1.446866798699182618e+04
3.704166666666666430e+01,1.446866927934733030e+04
3.706250000000000000e+01,1.446867052018592949e+04
3.708333333333332860e+01,1.446867170846754016e+04
3.710416666666666430e+01,1.446867284319368264e+04
3.712500000000000000e+01,1.446867392340809965e+04
3.714583333333332860e+01,1.446867494819744752e+04
3.716666666666666430e+01,1.446867591669177637e+04
3.718750000000000000e+01,1.446867682806485027e+04
3.720833333333332860e+01,1.446867768153442375e+04
3.722916666666666430e+01,1.446867847636232909e+04
3.725000000000000000e+01,1.446867921185440355e+04
3.727083333333332860e+01,1.446867988736035477e+04
3.729166666666666430e+01,1.446868050227331696e+04
3.731250000000000000e+01,1.446868105602948708e+04
3.733333333333332860e+01,1.446868154810745182e+04
3.735416666666666430e+01,1.446868197802741270e+04
3.737500000000000000e+01,1.446868234535048759e+04
3.739583333333332860e+01,1.446868264967771029e+04
3.741666666666666430e+01,1.446868289064919372e+04
3.743750000000000000e+01,1.446868306794311866e+04
3.745833333333332860e+01,1.446868318127485691e+04
3.747916666666666430e+01,1.446868323039612005e+04
3.750000000000000000e+01,1.446868321509428279e+04
3.752083333333332860e+01,1.446868313519167350e+04
3.754166666666666430e+01,1.446868299054526142e+04
3.756250000000000000e+01,1.446868278104636556e+04
3.758333333333332860e+01,1.446868250662066566e+04
3.760416666666666430e+01,1.446868216722844954e+04
3.762500000000000000e+01,1.446868176286497692e+04
3.764583333333332860e+01,1.446868129356122154e+04
3.766666666666666430e+01,1.446868075938476613e+04
3.768750000000000000e+01,1.446868016044070828e+04
3.770833333333332860e+01,1.446867949687291912e+04
3.772916666666666430e+01,1.446867876886526210e+04
3.775000000000000000e+01,1.446867797664294994e+04
3.777083333333332860e+01,1.446867712047366149e+04
3.779166666666666430e+01,1.446867620066894960e+04
3.781250000000000000e+01,1.446867521758520525e+04
3.783333333333332860e+01,1.446867417162466154e+04
3.785416666666666430e+01,1.446867306323621233e+04
3.787500000000000000e+01,1.446867189291599425e+04
3.789583333333332860e+01,1.446867066120762320e+04
3.791666666666666430e+01,1.446866936870249992e+04
3.793750000000000000e+01,1.446866801603960994e+04
3.795833333333332860e+01,1.446866660390541074e+04
3.797916666666666430e+01,1.446866513303312240e+04
3.800000000000000000e+01,1.446866360420229830e+04
3.802083333333332860e+01,1.446866201823803203e+04
3.804166666666666430e+01,1.446866037601006974e+04
3.806250000000000000e+01,1.446865867843186788e+04
3.808333333333332860e+01,1.446865692645967283e+04
3.810416666666666430e+01,1.446865512109146948e+04
3.812500000000000000e+01,1.446865326336591897e+04
3.814583333333332860e+01,1.446865135436140190e+04
3.816666666666666430e+01,1.446864939519496329e+04
3.818750000000000000e+01,1.446864738702132672e+04
3.820833333333332860e+01,1.446864533103189751e+04
3.822916666666666430e+01,1.446864322845374409e+04
3.825000000000000000e+01,1.446864108054871031e+04
3.827083333333332860e+01,1.446863888861234227e+04
3.829166666666666430e+01,1.446863665397301520e+04
3.831250000000000000e+01,1.446863437799079111e+04
3.833333333333332860e+01,1.446863206205660026e+04
3.835416666666666430e+01,1.446862970759109885e+04
3.837500000000000000e+01,1.446862731604367946e+04
3.839583333333332860e+01,1.446862488889137239e+04
3.841666666666666430e+01,1.446862242763783797e+04
3.843750000000000000e+01,1.446861993381226057e+04
3.845833333333332860e+01,1.446861740896823540e+04
3.847916666666666430e+01,1.446861485468263345e+04
3.850000000000000000e+01,1.446861227255467747e+04
3.852083333333332860e+01,1.446860966420458135e+04
3.854166666666666430e+01,1.446860703127260422e+04
3.856250000000000000e+01,1.446860437541793362e+04
3.858333333333332860e+01,1.446860169831750318e+04
3.860416666666666430e+01,1.446859900166502121e+04
3.862500000000000000e+01,1.446859628716972293e+04
3.864583333333332860e+01,1.446859355655532636e+04
3.866666666666666430e+01,1.446859081155898457e+04
3.868750000000000000e+01,1.446858805393008879e+04
3.870833333333332860e+01,1.446858528542919157e+04
3.872916666666666430e+01,1.446858250782681353e+04
3.875000000000000000e+01,1.446857972290242469e+04
3.877083333333332860e+01,1.446857693244319671e+04
3.879166666666666430e+01,1.446857413824286778e+04
3.881250000000000000e+01,1.446857134210060030e+04
3.883333333333332860e+01,1.446856854581979496e+04
3.885416666666666430e+01,1.446856575120690104e+04
3.887500000000000000e+01,1.446856296007021592e+04
3.889583333333332860e+01,1.446856017421873548e+04
3.891666666666666430e+01,1.446855739546094264e+04
3.893750000000000000e+01,1.446855462560361048e+04
3.895833333333332860e+01,1.446855186645062349e+04
3.897916666666666430e+01,1.446854911980174802e+04
3.900000000000000000e+01,1.446854638745151897e+04
3.902083333333332860e+01,1.446854367118798473e+04
3.904166666666666430e+01,1.446854097279159396e+04
3.906250000000000000e+01,1.446853829403393684e+04
3.908333333333332860e+01,1.446853563667667913e+04
3.910416666666666430e+01,1.446853300247033985e+04
3.912500000000000000e+01,1.446853039315310889e+04
3.914583333333332860e+01,1.446852781044975927e+04
3.916666666666666430e+01,1.446852525607048301e+04
3.918750000000000000e+01,1.446852273170966509e+04
3.920833333333332860e+01,1.446852023904491944e+04
3.922916666666666430e+01,1.446851777973575372e+04
3.925000000000000000e+01,1.446851535542268175e+04
3.927083333333332860e+01,1.446851296772591013e+04
3.929166666666666430e+01,1.446851061824439239e+04
3.931250000000000000e+01,1.446850830855462118e+04
3.933333333333332860e+01,1.446850604020968603e+04
3.935416666666666430e+01,1.446850381473811649e+04
3.937500000000000000e+01,1.446850163364291075e+04
3.939583333333332860e+01,1.446849949840042973e+04
3.941666666666666430e+01,1.446849741045945484e+04
3.943750000000000000e+01,1.446849537124018752e+04
3.945833333333332860e+01,1.446849338213320880e+04
3.947916666666666430e+01,1.446849144449863888e+04
3.950000000000000000e+01,1.446848955966510039e+04
3.952083333333332860e+01,1.446848772892884153e+04
3.954166666666666430e+01,1.446848595355283032e+04
3.956250000000000000e+01,1.446848423476588141e+04
3.958333333333332860e+01,1.446848257376182664e+04
3.960416666666666430e+01,1.446848097169861285e+04
3.962500000000000000e+01,1.446847942969755240e+04
3.964583333333332860e+01,1.446847794884251198e+04
3.966666666666666430e+01,1.446847653017915582e+04
3.968750000000000000e+01,1.446847517471420724e+04
3.970833333333332860e+01,1.446847388341468468e+04
3.972916666666666430e+01,1.446847265720726500e+04
3.975000000000000000e+01,1.446847149697764326e+04
3.977083333333332860e+01,1.446847040356980142e+04
3.979166666666666430e+01,1.446846937778544816e+04
3.981250000000000000e+01,1.446846842038352770e+04
3.983333333333332860e+01,1.446846753207943038e+04
3.985416666666666430e+01,1.446846671354470163e+04
3.987500000000000000e+01,1.446846596540643804e+04
3.989583333333332860e+01,1.446846528824679990e+04
3.991666666666666430e+01,1.446846468260262554e+04
3.993750000000000000e+01,1.446846414896503120e+04
3.995833333333332860e+01,1.446846368777890893e+04
3.997916666666666430e+01,1.446846329944273020e+04
4.000000000000000000e+01,1.446846298430820025e+04
4.002083333333332860e+01,1.446846274267990157e+04
4.004166666666666430e+01,1.446846257481504290e+04
4.006250000000000000e+01,1.446846248092332462e+04
4.008333333333332860e+01,1.446846246116665498e+04
4.010416666666666430e+01,1.446846251565905914e+04
4.012500000000000000e+01,1.446846264446651185e+04
4.014583333333332860e+01,1.446846284760683920e+04
4.016666666666666430e+01,1.446846312504966772e+04
4.018750000000000000e+01,1.446846347671643161e+04
4.020833333333332860e+01,1.446846390248030366e+04
4.022916666666666430e+01,1.446846440216626434e+04
4.025000000000000000e+01,1.446846497555118913e+04
4.027083333333332860e+01,1.446846562236397222e+04
4.029166666666666430e+01,1.446846634228558833e+04
4.031250000000000000e+01,1.446846713494926007e+04
4.033333333333332860e+01,1.446846799994078174e+04
4.035416666666666430e+01,1.446846893679861751e+04
4.037500000000000000e+01,1.446846994501422887e+04
4.039583333333332860e+01,1.446847102403236204e+04
4.041666666666666430e+01,1.446847217325137171e+04
4.043750000000000000e+01,1.446847339202360672e+04
4.045833333333332860e+01,1.446847467965579563e+04
4.047916666666666430e+01,1.446847603540943601e+04
4.050000000000000000e+01,1.446847745850136562e+04
4.052083333333332860e+01,1.446847894810406069e+04
4.054166666666666430e+01,1.446848050334634900e+04
4.056250000000000000e+01,1.446848212331387549e+04
4.058333333333332860e+01,1.446848380704968804e+04
4.060416666666666430e+01,1.446848555355480130e+04
4.062500000000000000e+01,1.446848736178897525e+04
4.064583333333332860e+01,1.446848923067122087e+04
4.066666666666666430e+01,1.446849115908065505e+04
4.068750000000000000e+01,1.446849314585710817e+04
4.070833333333332860e+01,1.446849518980190987e+04
4.072916666666666430e+01,1.446849728967874762e+04
4.075000000000000000e+01,1.446849944421439432e+04
4.077083333333332860e+01,1.446850165209955594e+04
4.079166666666666430e+01,1.446850391198973375e+04
4.081250000000000000e+01,1.446850622250618835e+04
4.083333333333332860e+01,1.446850858223675095e+04
4.085416666666666430e+01,1.446851098973682383e+04
4.087500000000000000e+01,1.446851344353030800e+04
4.089583333333332860e+01,1.446851594211060728e+04
4.091666666666666430e+01,1.446851848394161425e+04
4.093750000000000000e+01,1.446852106745875426e+04
4.095833333333332860e+01,1.446852369107005507e+04
4.097916666666666430e+01,1.446852635315716179e+04
4.100000000000000000e+01,1.446852905207646472e+04
4.102083333333332860e+01,1.446853178616018704e+04
4.104166666666666430e+01,1.446853455371751988e+04
4.106250000000000000e+01,1.446853735303573922e+04
4.108333333333332860e+01,1.446854018238143180e+04
4.110416666666666430e+01,1.446854304000154661e+04
4.112500000000000000e+01,1.446854592412471538e+04
4.114583333333332860e+01,1.446854883296236221e+04
4.116666666666666430e+01,1.446855176470991864e+04
4.118750000000000000e+01,1.446855471754815153e+04
4.120833333333332860e+01,1.446855768964419985e+04
4.122916666666666430e+01,1.446856067915305175e+04
4.125000000000000000e+01,1.446856368421862862e+04
4.127083333333332860e+01,1.446856670297511300e+04
4.129166666666666430e+01,1.446856973354821821e+04
4.131250000000000000e+01,1.446857277405643981e+04
4.133333333333332860e+01,1.446857582261235075e+04
4.135416666666666430e+01,1.446857887732391100e+04
4.137500000000000000e+01,1.446858193629562811e+04
4.139583333333332860e+01,1.446858499763003420e+04
4.141666666666666430e+01,1.446858805942884646e+04
4.143750000000000000e+01,1.446859111979422596e+04
4.145833333333332860e+01,1.446859417683014544e+04
4.147916666666666430e+01,1.446859722864364448e+04
4.150000000000000000e+01,1.446860027334607003e+04
4.152083333333332860e+01,1.446860330905436058e+04
4.154166666666666430e+01,1.446860633389230497e+04
4.156250000000000000e+01,1.446860934599181201e+04
4.158333333333332860e+01,1.446861234349405277e+04
4.160416666666666430e+01,1.446861532455086126e+04
4.162500000000000000e+01,1.446861828732577851e+04
4.164583333333332860e+01,1.446862122999534404e+04
4.166666666666666430e+01,1.446862415075024546e+04
4.168750000000000000e+01,1.446862704779645719e+04
4.170833333333332860e+01,1.446862991935648097e+04
4.172916666666666430e+01,1.446863276367032086e+04
4.175000000000000000e+01,1.446863557899674197e+04
4.177083333333332860e+01,1.446863836361421272e+04
4.179166666666666430e+01,1.446864111582207988e+04
4.181250000000000000e+01,1.446864383394149627e+04
4.183333333333332860e+01,1.446864651631653032e+04
4.185416666666666430e+01,1.446864916131501013e+04
4.187500000000000000e+01,1.446865176732970212e+04
4.189583333333332860e+01,1.446865433277900229e+04
4.191666666666666430e+01,1.446865685610802393e+04
4.193750000000000000e+01,1.446865933578946715e+04
4.195833333333332860e+01,1.446866177032441919e+04
4.197916666666666430e+01,1.446866415824332216e+04
4.200000000000000000e+01,1.446866649810673334e+04
4.202083333333332860e+01,1.446866878850627836e+04
4.204166666666666430e+01,1.446867102806544062e+04
4.206250000000000000e+01,1.446867321544045626e+04
4.208333333333332860e+01,1.446867534932115086e+04
4.210416666666666430e+01,1.446867742843189990e+04
4.212500000000000000e+01,1.446867945153254550e+04
4.214583333333332860e+01,1.446868141741934596e+04
4.216666666666666430e+01,1.446868332492598711e+04
4.218750000000000000e+01,1.446868517292469915e+04
4.220833333333332860e+01,1.446868696032742810e+04
4.222916666666666430e+01,1.446868868608693811e+04
4.225000000000000000e+01,1.446869034919816113e+04
4.227083333333332860e+01,1.446869194869954663e+04
4.229166666666666430e+01,1.446869348367447310e+04
4.231250000000000000e+01,1.446869495325265598e+04
4.233333333333332860e+01,1.446869635661177381e+04
4.235416666666666430e+01,1.446869769297891980e+04
4.237500000000000000e+01,1.446869896163224257e+04
4.239583333333332860e+01,1.446870016190241950e+04
4.241666666666666430e+01,1.446870129317422470e+04
4.243750000000000000e+01,1.446870235488784238e+04
4.245833333333332860e+01,1.446870334654028920e+04
4.247916666666666430e+01,1.446870426768644393e+04
4.250000000000000000e+01,1.446870511793998594e+04
4.252083333333332860e+01,1.446870589697419928e+04
4.254166666666666430e+01,1.446870660452236552e+04
4.256250000000000000e+01,1.446870724037790205e+04
4.258333333333332860e+01,1.446870780439422742e+04
4.260416666666666430e+01,1.446870829648435392e+04
4.262500000000000000e+01,1.446870871662014542e+04
4.264583333333332860e+01,1.446870906483117506e+04
4.266666666666666430e+01,1.446870934120347010e+04
4.268750000000000000e+01,1.446870954587803135e+04
4.270833333333332860e+01,1.446870967904893405e+04
4.272916666666666430e+01,1.446870974096164355e+04
4.275000000000000000e+01,1.446870973191092344e+04
4.277083333333332860e+01,1.446870965223892927e+04
4.279166666666666430e+01,1.446870950233323674e+04
4.281250000000000000e+01,1.446870928262498637e+04
4.283333333333332860e+01,1.446870899358711904e+04
4.285416666666666430e+01,1.446870863573283350e+04
4.287500000000000000e+01,1.446870820961419668e+04
4.289583333333332860e+01,1.446870771582077941e+04
4.291666666666666430e+01,1.446870715497889614e+04
4.293750000000000000e+01,1.446870652775068811e+04
4.295833333333332860e+01,1.446870583483341761e+04
4.297916666666666430e+01,1.446870507695917695e+04
4.300000000000000000e+01,1.446870425489445188e+04
4.302083333333332860e+01,1.446870336943988514e+04
4.304166666666666430e+01,1.446870242143013820e+04
4.306250000000000000e+01,1.446870141173373850e+04
4.308333333333332860e+01,1.446870034125302845e+04
4.310416666666666430e+01,1.446869921092390359e+04
4.312500000000000000e+01,1.446869802171577976e+04
4.314583333333332860e+01,1.446869677463130938e+04
4.316666666666666430e+01,1.446869547070610133e+04
4.318750000000000000e+01,1.446869411100838624e+04
4.320833333333332860e+01,1.446869269663874002e+04
4.322916666666666430e+01,1.446869122872941807e+04
4.325000000000000000e+01,1.446868970844407522e+04
4.327083333333332860e+01,1.446868813697707446e+04
4.329166666666666430e+01,1.446868651555297402e+04
4.331250000000000000e+01,1.446868484542590522e+04
4.333333333333332860e+01,1.446868312787884861e+04
4.335416666666666430e+01,1.446868136422313182e+04
4.337500000000000000e+01,1.446867955579754562e+04
4.339583333333332860e+01,1.446867770396776541e+04
4.341666666666666430e+01,1.446867581012557639e+04
4.343750000000000000e+01,1.446867387568809136e+04
4.345833333333332860e+01,1.446867190209695400e+04
4.347916666666666430e+01,1.446866989081763677e+04
4.350000000000000000e+01,1.446866784333842952e+04
4.352083333333332860e+01,1.446866576116966098e+04
4.354166666666666430e+01,1.446866364584281109e+04
4.356250000000000000e+01,1.446866149890947781e+04
4.358333333333332860e+01,1.446865932194043853e+04
4.360416666666666430e+01,1.446865711652465689e+04
4.362500000000000000e+01,1.446865488426826050e+04
4.364583333333332860e+01,1.446865262679344232e+04
4.366666666666666430e+01,1.446865034573738740e+04
4.368750000000000000e+01,1.446864804275118877e+04
4.370833333333332860e+01,1.446864571949874880e+04
4.372916666666666430e+01,1.446864337765565142e+04
4.375000000000000000e+01,1.446864101890796883e+04
4.377083333333332860e+01,1.446863864495121015e+04
4.379166666666666430e+01,1.446863625748915001e+04
4.381250000000000000e+01,1.446863385823266799e+04
4.383333333333332860e+01,1.446863144889862815e+04
4.385416666666666430e+01,1.446862903120869669e+04
4.387500000000000000e+01,1.446862660688816322e+04
4.389583333333332860e+01,1.446862417766487852e+04
4.391666666666666430e+01,1.446862174526800663e+04
4.393750000000000000e+01,1.446861931142689355e+04
4.395833333333332860e+01,1.446861687786983748e+04
4.397916666666666430e+01,1.446861444632301937e+04
4.400000000000000000e+01,1.446861201850924408e+04
4.402083333333332860e+01,1.446860959614683088e+04
4.404166666666666430e+01,1.446860718094835465e+04
4.406250000000000000e+01,1.446860477461953633e+04
4.408333333333332860e+01,1.446860237885805327e+04
4.410416666666666430e+01,1.446859999535238239e+04
4.412500000000000000e+01,1.446859762578055233e+04
4.414583333333332860e+01,1.446859527180912119e+04
4.416666666666666430e+01,1.446859293509191775e+04
4.418750000000000000e+01,1.446859061726901564e+04
4.420833333333332860e+01,1.446858831996540903e+04
4.422916666666666430e+01,1.446858604479009955e+04
4.425000000000000000e+01,1.446858379333487756e+04
4.427083333333332860e+01,1.446858156717325255e+04
4.429166666666666430e+01,1.446857936785938000e+04
4.431250000000000000e+01,1.446857719692689716e+04
4.433333333333332860e+01,1.446857505588802815e+04
4.435416666666666430e+01,1.446857294623240887e+04
4.437500000000000000e+01,1.446857086942611568e+04
4.439583333333332860e+01,1.446856882691059946e+04
4.441666666666666430e+01,1.446856682010173608e+04
4.443750000000000000e+01,1.446856485038882602e+04
4.445833333333332860e+01,1.446856291913359019e+04
4.447916666666666430e+01,1.446856102766928962e+04
4.450000000000000000e+01,1.446855917729969951e+04
4.452083333333332860e+01,1.446855736929829800e+04
4.454166666666666430e+01,1.446855560490728749e+04
4.456250000000000000e+01,1.446855388533677251e+04
4.458333333333332860e+01,1.446855221176389023e+04
4.460416666666666430e+01,1.446855058533198462e+04
4.462500000000000000e+01,1.446854900714978430e+04
4.464583333333332860e+01,1.446854747829065673e+04
4.466666666666666430e+01,1.446854599979183331e+04
4.468750000000000000e+01,1.446854457265364908e+04
4.470833333333332860e+01,1.446854319783884421e+04
4.472916666666666430e+01,1.446854187627196370e+04
4.475000000000000000e+01,1.446854060883852435e+04
4.477083333333332860e+01,1.446853939638458178e+04
4.479166666666666430e+01,1.446853823971597376e+04
4.481250000000000000e+01,1.446853713959781817e+04
4.483333333333332860e+01,1.446853609675391635e+04
4.485416666666666430e+01,1.446853511186630567e+04
4.487500000000000000e+01,1.446853418557469922e+04
4.489583333333332860e+01,1.446853331847600566e+04
4.491666666666666430e+01,1.446853251112396902e+04
4.493750000000000000e+01,1.446853176402871395e+04
4.495833333333332860e+01,1.446853107765633104e+04
4.497916666666666430e+01,1.446853045242863664e+04
4.500000000000000000e+01,1.446852988872274727e+04
4.502083333333332860e+01,1.446852938687085407e+04
4.504166666666666430e+01,1.446852894715996445e+04
4.506250000000000000e+01,1.446852856983166566e+04
4.508333333333332860e+01,1.446852825508192836e+04
4.510416666666666430e+01,1.446852800306096469e+04
4.512500000000000000e+01,1.446852781387310461e+04
4.514583333333332860e+01,1.446852768757668309e+04
4.516666666666666430e+01,1.446852762418397469e+04
4.518750000000000000e+01,1.446852762366118986e+04
4.520833333333332860e+01,1.446852768592844586e+04
4.522916666666666430e+01,1.446852781085983952e+04
4.525000000000000000e+01,1.446852799828342177e+04
4.527083333333332860e+01,1.446852824798143774e+04
4.529166666666666430e+01,1.446852855969033772e+04
4.531250000000000000e+01,1.446852893310099535e+04
4.533333333333332860e+01,1.446852936785887869e+04
4.535416666666666430e+01,1.446852986356431575e+04
4.537500000000000000e+01,1.446853041977269459e+04
4.539583333333332860e+01,1.446853103599482711e+04
4.541666666666666430e+01,1.446853171169716006e+04
4.543750000000000000e+01,1.446853244630229528e+04
4.545833333333332860e+01,1.446853323918921524e+04
4.547916666666666430e+01,1.446853408969381417e+04
4.550000000000000000e+01,1.446853499710925098e+04
4.552083333333332860e+01,1.446853596068650586e+04
4.554166666666666430e+01,1.446853697963487866e+04
4.556250000000000000e+01,1.446853805312248733e+04
4.558333333333332860e+01,1.446853918027684631e+04
4.560416666666666430e+01,1.446854036018552506e+04
4.562500000000000000e+01,1.446854159189669735e+04
4.564583333333332860e+01,1.446854287441985798e+04
4.566666666666666430e+01,1.446854420672649212e+04
4.568750000000000000e+01,1.446854558775073019e+04
4.570833333333332860e+01,1.446854701639016639e+04
4.572916666666666430e+01,1.446854849150661903e+04
4.575000000000000000e+01,1.446855001192686541e+04
4.577083333333332860e+01,1.446855157644350766e+04
4.579166666666666430e+01,1.446855318381582401e+04
4.581250000000000000e+01,1.446855483277056555e+04
4.583333333333332860e+01,1.446855652200297482e+04
4.585416666666666430e+01,1.446855825017762254e+04
4.587500000000000000e+01,1.446856001592933171e+04
4.589583333333332860e+01,1.446856181786413799e+04
4.591666666666666430e+01,1.446856365456038475e+04
4.593750000000000000e+01,1.446856552456960708e+04
4.595833333333332860e+01,1.446856742641756500e+04
4.597916666666666430e+01,1.446856935860536760e+04
4.600000000000000000e+01,1.446857131961052437e+04
4.602083333333332860e+01,1.446857330788790932e+04
4.604166666666666430e+01,1.446857532187103789e+04
4.606250000000000000e+01,1.446857735997304189e+04
4.608333333333332860e+01,1.446857942058789195e+04
4.610416666666666430e+01,1.446858150209152518e+04
4.612500000000000000e+01,1.446858360284296214e+04
4.614583333333332860e+01,1.446858572118559823e+04
4.616666666666666430e+01,1.446858785544827333e+04
4.618750000000000000e+01,1.446859000394654504e+04
4.620833333333332860e+01,1.446859216498390742e+04
4.622916666666666430e+01,1.446859433685296608e+04
4.625000000000000000e+01,1.446859651783678055e+04
4.627083333333332860e+01,1.446859870621000664e+04
4.629166666666666430e+01,1.446860090024022793e+04
4.631250000000000000e+01,1.446860309818917085e+04
4.633333333333332860e+01,1.446860529831402164e+04
4.635416666666666430e+01,1.446860749886866688e+04
4.637500000000000000e+01,1.446860969810508323e+04
4.639583333333332860e+01,1.446861189427448699e+04
4.641666666666666430e+01,1.446861408562868746e+04
4.643750000000000000e+01,1.446861627042150576e+04
4.645833333333332860e+01,1.446861844690990620e+04
4.647916666666666430e+01,1.446862061335544058e+04
4.650000000000000000e+01,1.446862276802551787e+04
4.652083333333332860e+01,1.446862490919465563e+04
4.654166666666666430e+01,1.446862703514596433e+04
4.656250000000000000e+01,1.446862914417234060e+04
4.658333333333332860e+01,1.446863123457785332e+04
4.660416666666666430e+01,1.446863330467900596e+04
4.662500000000000000e+01,1.446863535280615906e+04
4.664583333333332860e+01,1.446863737730474895e+04
4.666666666666666430e+01,1.446863937653674657e+04
4.668750000000000000e+01,1.446864134888189801e+04
4.670833333333332860e+01,1.446864329273901603e+04
4.672916666666666430e+01,1.446864520652744613e+04
4.675000000000000000e+01,1.446864708868821617e+04
4.677083333333332860e+01,1.446864893768555703e+04
4.679166666666666430e+01,1.446865075200799038e+04
4.681250000000000000e+01,1.446865253016984570e+04
4.683333333333332860e+01,1.446865427071242812e+04
4.685416666666666430e+01,1.446865597220537529e+04
4.687500000000000000e+01,1.446865763324797445e+04
4.689583333333332860e+01,1.446865925247029372e+04
4.691666666666666430e+01,1.446866082853459375e+04
4.693750000000000000e+01,1.446866236013650268e+04
4.695833333333332860e+01,1.446866384600615129e+04
4.697916666666666430e+01,1.446866528490936616e+04
4.700000000000000000e+01,1.446866667564894306e+04
4.702083333333332860e+01,1.446866801706553451e+04
4.704166666666666430e+01,1.446866930803876312e+04
4.706250000000000000e+01,1.446867054748821101e+04
4.708333333333332860e+01,1.446867173437427846e+04
4.710416666666666430e+01,1.446867286769901693e+04
4.712500000000000000e+01,1.446867394650681308e+04
4.714583333333332860e+01,1.446867496988503990e+04
4.716666666666666430e+01,1.446867593696452241e+04
4.718750000000000000e+01,1.446867684691994873e+04
4.720833333333332860e+01,1.446867769897000107e+04
4.722916666666666430e+01,1.446867849237758492e+04
4.725000000000000000e+01,1.446867922644969804e+04
4.727083333333332860e+01,1.446867990053721223e+04
4.729166666666666430e+01,1.446868051403460413e+04
4.731250000000000000e+01,1.446868106637933306e+04
4.733333333333332860e+01,1.446868155705134632e+04
4.735416666666666430e+01,1.446868198557224241e+04
4.737500000000000000e+01,1.446868235150446344e+04
4.739583333333332860e+01,1.446868265445040743e+04
4.741666666666666430e+01,1.446868289405139512e+04
4.743750000000000000e+01,1.446868306998681146e+04
4.745833333333332860e+01,1.446868318197310509e+04
4.747916666666666430e+01,1.446868322976290438e+04
4.750000000000000000e+01,1.446868321314434434e+04
4.752083333333332860e+01,1.446868313194038637e+04
4.754166666666666430e+01,1.446868298600837443e+04
4.756250000000000000e+01,1.446868277523984943e+04
4.758333333333332860e+01,1.446868249956054206e+04
4.760416666666666430e+01,1.446868215893050001e+04
4.762500000000000000e+01,1.446868175334463740e+04
4.764583333333332860e+01,1.446868128283345504e+04
4.766666666666666430e+01,1.446868074746376442e+04
4.768750000000000000e+01,1.446868014733992823e+04
4.770833333333332860e+01,1.446867948260496632e+04
4.772916666666666430e+01,1.446867875344181084e+04
4.775000000000000000e+01,1.446867796007471043e+04
4.777083333333332860e+01,1.446867710277045990e+04
4.779166666666666430e+01,1.446867618183970262e+04
4.781250000000000000e+01,1.446867519763804739e+04
4.783333333333332860e+01,1.446867415056707614e+04
4.785416666666666430e+01,1.446867304107502059e+04
4.787500000000000000e+01,1.446867186965755172e+04
4.789583333333332860e+01,1.446867063685803441e+04
4.791666666666666430e+01,1.446866934326758928e+04
4.793750000000000000e+01,1.446866798952517274e+04
4.795833333333332860e+01,1.446866657631719863e+04
4.797916666666666430e+01,1.446866510437707257e+04
4.800000000000000000e+01,1.446866357448458075e+04
4.802083333333332860e+01,1.446866198746504233e+04
4.804166666666666430e+01,1.446866034418855998e+04
4.806250000000000000e+01,1.446865864556897213e+04
4.808333333333332860e+01,1.446865689256291444e+04
4.810416666666666430e+01,1.446865508616873922e+04
4.812500000000000000e+01,1.446865322742554417e+04
4.814583333333332860e+01,1.446865131741208825e+04
4.816666666666666430e+01,1.446864935724576571e+04
4.818750000000000000e+01,1.446864734808171488e+04
4.820833333333332860e+01,1.446864529111163210e+04
4.822916666666666430e+01,1.446864318756295324e+04
4.825000000000000000e+01,1.446864103869778774e+04
4.827083333333332860e+01,1.446863884581201273e+04
4.829166666666666430e+01,1.446863661023421446e+04
4.831250000000000000e+01,1.446863433332481873e+04
4.833333333333332860e+01,1.446863201647495589e+04
4.835416666666666430e+01,1.446862966110551497e+04
4.837500000000000000e+01,1.446862726866608136e+04
4.839583333333332860e+01,1.446862484063398006e+04
4.841666666666666430e+01,1.446862237851304599e+04
4.843750000000000000e+01,1.446861988383263451e+04
4.845833333333332860e+01,1.446861735814649728e+04
4.847916666666666430e+01,1.446861480303173448e+04
4.850000000000000000e+01,1.446861222008764526e+04
4.852083333333332860e+01,1.446860961093457445e+04
4.854166666666666430e+01,1.446860697721292672e+04
4.856250000000000000e+01,1.446860432058191873e+04
4.858333333333332860e+01,1.446860164271862595e+04
4.860416666666666430e+01,1.446859894531676036e+04
4.862500000000000000e+01,1.446859623008561903e+04
4.864583333333332860e+01,1.446859349874898544e+04
4.866666666666666430e+01,1.446859075304402722e+04
4.868750000000000000e+01,1.446858799472012834e+04
4.870833333333332860e+01,1.446858522553787770e+04
4.872916666666666430e+01,1.446858244726783232e+04
4.875000000000000000e+01,1.446857966168942585e+04
4.877083333333332860e+01,1.446857687058982629e+04
4.879166666666666430e+01,1.446857407576277910e+04
4.881250000000000000e+01,1.446857127900746855e+04
4.883333333333332860e+01,1.446856848212724071e+04
4.885416666666666430e+01,1.446856568692855217e+04
4.887500000000000000e+01,1.446856289521968938e+04
4.889583333333332860e+01,1.446856010880965914e+04
4.891666666666666430e+01,1.446855732950687525e+04
4.893750000000000000e+01,1.446855455911809986e+04
4.895833333333332860e+01,1.446855179944720294e+04
4.897916666666666430e+01,1.446854905229391443e+04
4.900000000000000000e+01,1.446854631945272922e+04
4.902083333333332860e+01,1.446854360271166661e+04
4.904166666666666430e+01,1.446854090385110612e+04
4.906250000000000000e+01,1.446853822464265977e+04
4.908333333333332860e+01,1.446853556684790965e+04
4.910416666666666430e+01,1.446853293221730928e+04
4.912500000000000000e+01,1.446853032248905947e+04
4.914583333333332860e+01,1.446852773938783866e+04
4.916666666666666430e+01,1.446852518462377702e+04
4.918750000000000000e+01,1.446852265989127409e+04
4.920833333333332860e+01,1.446852016686783827e+04
4.922916666666666430e+01,1.446851770721297362e+04
4.925000000000000000e+01,1.446851528256712481e+04
4.927083333333332860e+01,1.446851289455042570e+04
4.929166666666666430e+01,1.446851054476180434e+04
4.931250000000000000e+01,1.446850823477770609e+04
4.933333333333332860e+01,1.446850596615119139e+04
4.935416666666666430e+01,1.446850374041068062e+04
4.937500000000000000e+01,1.446850155905914653e+04
4.939583333333332860e+01,1.446849942357289183e+04
4.941666666666666430e+01,1.446849733540067245e+04
4.943750000000000000e+01,1.446849529596257344e+04
4.945833333333332860e+01,1.446849330664919034e+04
4.947916666666666430e+01,1.446849136882053426e+04
4.950000000000000000e+01,1.446848948380519869e+04
4.952083333333332860e+01,1.446848765289935909e+04
4.954166666666666430e+01,1.446848587736591799e+04
4.956250000000000000e+01,1.446848415843367184e+04
4.958333333333332860e+01,1.446848249729633608e+04
4.960416666666666430e+01,1.446848089511183207e+04
4.962500000000000000e+01,1.446847935300141762e+04
4.964583333333332860e+01,1.446847787204888300e+04
4.966666666666666430e+01,1.446847645329983061e+04
4.968750000000000000e+01,1.446847509776092193e+04
4.970833333333332860e+01,1.446847380639913172e+04
4.972916666666666430e+01,1.446847258014109684e+04
4.975000000000000000e+01,1.446847141987238138e+04
4.977083333333332860e+01,1.446847032643695275e+04
4.979166666666666430e+01,1.446846930063648688e+04
4.981250000000000000e+01,1.446846834322978611e+04
4.983333333333332860e+01,1.446846745493223352e+04
4.985416666666666430e+01,1.446846663641529085e+04
4.987500000000000000e+01,1.446846588830598193e+04
4.989583333333332860e+01,1.446846521118645251e+04
4.991666666666666430e+01,1.446846460559343905e+04
4.993750000000000000e+01,1.446846407201795228e+04
4.995833333333332860e+01,1.446846361090486971e+04
4.997916666666666430e+01,1.446846322265264462e+04
5.000000000000000000e+01,1.446846290761282216e+04
5.002083333333332860e+01,1.446846266608992300e+04
5.004166666666666430e+01,1.446846249834115224e+04
5.006250000000000000e+01,1.446846240457610111e+04
5.008333333333332860e+01,1.446846238495664875e+04
5.010416666666666430e+01,1.446846243959669300e+04
5.012500000000000000e+01,1.446846256856216496e+04
5.014583333333332860e+01,1.446846277187085434e+04
5.016666666666666430e+01,1.446846304949229670e+04
5.018750000000000000e+01,1.446846340134782440e+04
5.020833333333332860e+01,1.446846382731057747e+04
5.022916666666666430e+01,1.446846432720545636e+04
5.025000000000000000e+01,1.446846490080928561e+04
5.027083333333332860e+01,1.446846554785086482e+04
5.029166666666666430e+01,1.446846626801108141e+04
5.031250000000000000e+01,1.446846706092313616e+04
5.033333333333332860e+01,1.446846792617271421e+04
5.035416666666666430e+01,1.446846886329820336e+04
5.037500000000000000e+01,1.446846987179099960e+04
5.039583333333332860e+01,1.446847095109579459e+04
5.041666666666666430e+01,1.446847210061083388e+04
5.043750000000000000e+01,1.446847331968843355e+04
5.045833333333332860e+01,1.446847460763523122e+04
5.047916666666666430e+01,1.446847596371264444e+04
5.050000000000000000e+01,1.446847738713738727e+04
5.052083333333332860e+01,1.446847887708196140e+04
5.054166666666666430e+01,1.446848043267505273e+04
5.056250000000000000e+01,1.446848205300224072e+04
5.058333333333332860e+01,1.446848373710646410e+04
5.060416666666666430e+01,1.446848548398872663e+04
5.062500000000000000e+01,1.446848729260866094e+04
5.064583333333332860e+01,1.446848916188522708e+04
5.066666666666666430e+01,1.446849109069742553e+04
5.068750000000000000e+01,1.446849307788503575e+04
5.070833333333332860e+01,1.446849512224931823e+04
5.072916666666666430e+01,1.446849722255384768e+04
5.075000000000000000e+01,1.446849937752532060e+04
5.077083333333332860e+01,1.446850158585436657e+04
5.079166666666666430e+01,1.446850384619642136e+04
5.081250000000000000e+01,1.446850615717264736e+04
5.083333333333332860e+01,1.446850851737079211e+04
5.085416666666666430e+01,1.446851092534616691e+04
5.087500000000000000e+01,1.446851337962258549e+04
5.089583333333332860e+01,1.446851587869336436e+04
5.091666666666666430e+01,1.446851842102234514e+04
5.093750000000000000e+01,1.446852100504483678e+04
5.095833333333332860e+01,1.446852362916875791e+04
5.097916666666666430e+01,1.446852629177569179e+04
5.100000000000000000e+01,1.446852899122194503e+04
5.102083333333332860e+01,1.446853172583964260e+04
5.104166666666666430e+01,1.446853449393787378e+04
5.106250000000000000e+01,1.446853729380381628e+04
5.108333333333332860e+01,1.446854012370399141e+04
5.110416666666666430e+01,1.446854298188525718e+04
5.112500000000000000e+01,1.446854586657610344e+04
5.114583333333332860e+01,1.446854877598788516e+04
5.116666666666666430e+01,1.446855170831595387e+04
5.118750000000000000e+01,1.446855466174093453e+04
5.120833333333332860e+01,1.446855763442991520e+04
5.122916666666666430e+01,1.446856062453774575e+04
5.125000000000000000e+01,1.446856363020827121e+04
5.127083333333332860e+01,1.446856664957555768e+04
5.129166666666666430e+01,1.446856968076518024e+04
5.131250000000000000e+01,1.446857272189557989e+04
5.133333333333332860e+01,1.446857577107921679e+04
5.135416666666666430e+01,1.446857882642387631e+04
5.137500000000000000e+01,1.446858188603403323e+04
5.139583333333332860e+01,1.446858494801205961e+04
5.141666666666666430e+01,1.446858801045954533e+04
5.143750000000000000e+01,1.446859107147857139e+04
5.145833333333332860e+01,1.446859412917296140e+04
5.147916666666666430e+01,1.446859718164963851e+04
5.150000000000000000e+01,1.446860022701981143e+04
5.152083333333332860e+01,1.446860326340032771e+04
5.154166666666666430e+01,1.446860628891478700e+04
5.156250000000000000e+01,1.446860930169498533e+04
5.158333333333332860e+01,1.446861229988198829e+04
5.160416666666666430e+01,1.446861528162745526e+04
5.162500000000000000e+01,1.446861824509478174e+04
5.164583333333332860e+01,1.446862118846038356e+04
5.166666666666666430e+01,1.446862410991477373e+04
5.168750000000000000e+01,1.446862700766381749e+04
5.170833333333332860e+01,1.446862987992980561e+04
5.172916666666666430e+01,1.446863272495263300e+04
5.175000000000000000e+01,1.446863554099087196e+04
5.177083333333332860e+01,1.446863832632287085e+04
5.179166666666666430e+01,1.446864107924777272e+04
5.181250000000000000e+01,1.446864379808661761e+04
5.183333333333332860e+01,1.446864648118324476e+04
5.185416666666666430e+01,1.446864912690541314e+04
5.187500000000000000e+01,1.446865173364564907e+04
5.189583333333332860e+01,1.446865429982226124e+04
5.191666666666666430e+01,1.446865682388019559e+04
5.193750000000000000e+01,1.446865930429198852e+04
5.195833333333332860e+01,1.446866173955861450e+04
5.197916666666666430e+01,1.446866412821036283e+04
5.200000000000000000e+01,1.446866646880772169e+04
5.202083333333332860e+01,1.446866875994218572e+04
5.204166666666666430e+01,1.446867100023718376e+04
5.206250000000000000e+01,1.446867318834886464e+04
5.208333333333332860e+01,1.446867532296702120e+04
5.210416666666666430e+01,1.446867740281598890e+04
5.212500000000000000e+01,1.446867942665561714e+04
5.214583333333332860e+01,1.446868139328219331e+04
5.216666666666666430e+01,1.446868330152943236e+04
5.218750000000000000e+01,1.446868515026968453e+04
5.220833333333332860e+01,1.446868693841493950e+04
5.222916666666666430e+01,1.446868866491811423e+04
5.225000000000000000e+01,1.446869032877429709e+04
5.227083333333332860e+01,1.446869192902207578e+04
5.229166666666666430e+01,1.446869346474502163e+04
5.231250000000000000e+01,1.446869493507303923e+04
5.233333333333332860e+01,1.446869633918398540e+04
5.235416666666666430e+01,1.446869767630516435e+04
5.237500000000000000e+01,1.446869894571488476e+04
5.239583333333332860e+01,1.446870014674397680e+04
5.241666666666666430e+01,1.446870127877732739e+04
5.243750000000000000e+01,1.446870234125526986e+04
5.245833333333332860e+01,1.446870333367478088e+04
5.247916666666666430e+01,1.446870425559072828e+04
5.250000000000000000e+01,1.446870510661673688e+04
5.252083333333332860e+01,1.446870588642594157e+04
5.254166666666666430e+01,1.446870659475133652e+04
5.256250000000000000e+01,1.446870723138604080e+04
5.258333333333332860e+01,1.446870779618311644e+04
5.260416666666666430e+01,1.446870828905512826e+04
5.262500000000000000e+01,1.446870870997338716e+04
5.264583333333332860e+01,1.446870905896688419e+04
5.266666666666666430e+01,1.446870933612101726e+04
5.268750000000000000e+01,1.446870954157609958e+04
5.270833333333332860e+01,1.446870967552557704e+04
5.272916666666666430e+01,1.446870973821414009e+04
5.275000000000000000e+01,1.446870972993589749e+04
5.277083333333332860e+01,1.446870965103230992e+04
5.279166666666666430e+01,1.446870950189034920e+04
5.281250000000000000e+01,1.446870928294053374e+04
5.283333333333332860e+01,1.446870899465527691e+04
5.285416666666666430e+01,1.446870863754726452e+04
5.287500000000000000e+01,1.446870821216814147e+04
5.289583333333332860e+01,1.446870771910713665e+04
5.291666666666666430e+01,1.446870715899028801e+04
5.293750000000000000e+01,1.446870653247946757e+04
5.295833333333332860e+01,1.446870584027182122e+04
5.297916666666666430e+01,1.446870508309926663e+04
5.300000000000000000e+01,1.446870426172822772e+04
5.302083333333332860e+01,1.446870337695934359e+04
5.304166666666666430e+01,1.446870242962722114e+04
5.306250000000000000e+01,1.446870142060044964e+04
5.308333333333332860e+01,1.446870035078136425e+04
5.310416666666666430e+01,1.446869922110597327e+04
5.312500000000000000e+01,1.446869803254368526e+04
5.314583333333332860e+01,1.446869678609723996e+04
5.316666666666666430e+01,1.446869548280229719e+04
5.318750000000000000e+01,1.446869412372716397e+04
5.320833333333332860e+01,1.446869270997241983e+04
5.322916666666666430e+01,1.446869124267046936e+04
5.325000000000000000e+01,1.446868972298494555e+04
5.327083333333332860e+01,1.446868815211032779e+04
5.329166666666666430e+01,1.446868653127117796e+04
5.331250000000000000e+01,1.446868486172170742e+04
5.333333333333332860e+01,1.446868314474495492e+04
5.335416666666666430e+01,1.446868138165226628e+04
5.337500000000000000e+01,1.446867957378249048e+04
5.339583333333332860e+01,1.446867772250137932e+04
5.341666666666666430e+01,1.446867582920072527e+04
5.343750000000000000e+01,1.446867389529768843e+04
5.345833333333332860e+01,1.446867192223398160e+04
5.347916666666666430e+01,1.446866991147508088e+04
5.350000000000000000e+01,1.446866786450930158e+04
5.352083333333332860e+01,1.446866578284702700e+04
5.354166666666666430e+01,1.446866366801972981e+04
5.356250000000000000e+01,1.446866152157901161e+04
5.358333333333332860e+01,1.446865934509570070e+04
5.360416666666666430e+01,1.446865714015874255e+04
5.362500000000000000e+01,1.446865490837426842e+04
5.364583333333332860e+01,1.446865265136446033e+04
5.366666666666666430e+01,1.446865037076652879e+04
5.368750000000000000e+01,1.446864806823155232e+04
5.370833333333332860e+01,1.446864574542342234e+04
5.372916666666666430e+01,1.446864340401767549e+04
5.375000000000000000e+01,1.446864104570045674e+04
5.377083333333332860e+01,1.446863867216722429e+04
5.379166666666666430e+01,1.446863628512175637e+04
5.381250000000000000e+01,1.446863388627492532e+04
5.383333333333332860e+01,1.446863147734357335e+04
5.385416666666666430e+01,1.446862906004936303e+04
5.387500000000000000e+01,1.446862663611762036e+04
5.389583333333332860e+01,1.446862420727613789e+04
5.391666666666666430e+01,1.446862177525409788e+04
5.393750000000000000e+01,1.446861934178081356e+04
5.395833333333332860e+01,1.446861690858461589e+04
5.397916666666666430e+01,1.446861447739166761e+04
5.400000000000000000e+01,1.446861204992474813e+04
5.402083333333332860e+01,1.446860962790219855e+04
5.404166666666666430e+01,1.446860721303654282e+04
5.406250000000000000e+01,1.446860480703352368e+04
5.408333333333332860e+01,1.446860241159083307e+04
5.410416666666666430e+01,1.446860002839688241e+04
5.412500000000000000e+01,1.446859765912974035e+04
5.414583333333332860e+01,1.446859530545598318e+04
5.416666666666666430e+01,1.446859296902938877e+04
5.418750000000000000e+01,1.446859065149001981e+04
5.420833333333332860e+01,1.446858835446289595e+04
5.422916666666666430e+01,1.446858607955704065e+04
5.425000000000000000e+01,1.446858382836420424e+04
5.427083333333332860e+01,1.446858160245791805e+04
5.429166666666666430e+01,1.446857940339230845e+04
5.431250000000000000e+01,1.446857723270105271e+04
5.433333333333332860e+01,1.446857509189636039e+04
5.435416666666666430e+01,1.446857298246788196e+04
5.437500000000000000e+01,1.446857090588167921e+04
5.439583333333332860e+01,1.446856886357923577e+04
5.441666666666666430e+01,1.446856685697640205e+04
5.443750000000000000e+01,1.446856488746251125e+04
5.445833333333332860e+01,1.446856295639927339e+04
5.447916666666666430e+01,1.446856106511995313e+04
5.450000000000000000e+01,1.446855921492838752e+04
5.452083333333332860e+01,1.446855740709798192e+04
5.454166666666666430e+01,1.446855564287100788e+04
5.456250000000000000e+01,1.446855392345755899e+04
5.458333333333332860e+01,1.446855225003480518e+04
5.460416666666666430e+01,1.446855062374605768e+04
5.462500000000000000e+01,1.446854904570009967e+04
5.464583333333332860e+01,1.446854751697030224e+04
5.466666666666666430e+01,1.446854603859390409e+04
5.468750000000000000e+01,1.446854461157126934e+04
5.470833333333332860e+01,1.446854323686515636e+04
5.472916666666666430e+01,1.446854191540009197e+04
5.475000000000000000e+01,1.446854064806169481e+04
5.477083333333332860e+01,1.446853943569595504e+04
5.479166666666666430e+01,1.446853827910874315e+04
5.481250000000000000e+01,1.446853717906522797e+04
5.483333333333332860e+01,1.446853613628922540e+04
5.485416666666666430e+01,1.446853515146279096e+04
5.487500000000000000e+01,1.446853422522562687e+04
5.489583333333332860e+01,1.446853335817473999e+04
5.491666666666666430e+01,1.446853255086383069e+04
5.493750000000000000e+01,1.446853180380305639e+04
5.495833333333332860e+01,1.446853111745858769e+04
5.497916666666666430e+01,1.446853049225221912e+04
5.500000000000000000e+01,1.446852992856108904e+04
5.502083333333332860e+01,1.446852942671746132e+04
5.504166666666666430e+01,1.446852898700832520e+04
5.506250000000000000e+01,1.446852860967531524e+04
5.508333333333332860e+01,1.446852829491442026e+04
5.510416666666666430e+01,1.446852804287591061e+04
5.512500000000000000e+01,1.446852785366414901e+04
5.514583333333332860e+01,1.446852772733745951e+04
5.516666666666666430e+01,1.446852766390821125e+04
5.518750000000000000e+01,1.446852766334256376e+04
5.520833333333332860e+01,1.446852772556076525e+04
5.522916666666666430e+01,1.446852785043686890e+04
5.525000000000000000e+01,1.446852803779901296e+04
5.527083333333332860e+01,1.446852828742945712e+04
5.529166666666666430e+01,1.446852859906469530e+04
5.531250000000000000e+01,1.446852897239563754e+04
5.533333333333332860e+01,1.446852940706778463e+04
5.535416666666666430e+01,1.446852990268151552e+04
5.537500000000000000e+01,1.446853045879224010e+04
5.539583333333332860e+01,1.446853107491081391e+04
5.541666666666666430e+01,1.446853175050377104e+04
5.543750000000000000e+01,1.446853248499369147e+04
5.545833333333332860e+01,1.446853327775962680e+04
5.547916666666666430e+01,1.446853412813750037e+04
5.550000000000000000e+01,1.446853503542055114e+04
5.552083333333332860e+01,1.446853599885977019e+04
5.554166666666666430e+01,1.446853701766452286e+04
5.556250000000000000e+01,1.446853809100294529e+04
5.558333333333332860e+01,1.446853921800263197e+04
5.560416666666666430e+01,1.446854039775117417e+04
5.562500000000000000e+01,1.446854162929682570e+04
5.564583333333332860e+01,1.446854291164912502e+04
5.566666666666666430e+01,1.446854424377954638e+04
5.568750000000000000e+01,1.446854562462231843e+04
5.570833333333332860e+01,1.446854705307510449e+04
5.572916666666666430e+01,1.446854852799974469e+04
5.575000000000000000e+01,1.446855004822305636e+04
5.577083333333332860e+01,1.446855161253772894e+04
5.579166666666666430e+01,1.446855321970304067e+04
5.581250000000000000e+01,1.446855486844587722e+04
5.583333333333332860e+01,1.446855655746148477e+04
5.585416666666666430e+01,1.446855828541446317e+04
5.587500000000000000e+01,1.446856005093974090e+04
5.589583333333332860e+01,1.446856185264338274e+04
5.591666666666666430e+01,1.446856368910379388e+04
5.593750000000000000e+01,1.446856555887254217e+04
5.595833333333332860e+01,1.446856746047551496e+04
5.597916666666666430e+01,1.446856939241381770e+04
5.600000000000000000e+01,1.446857135316500717e+04
5.602083333333332860e+01,1.446857334118405197e+04
5.604166666666666430e+01,1.446857535490450755e+04
5.606250000000000000e+01,1.446857739273960397e+04
5.608333333333332860e+01,1.446857945308333001e+04
5.610416666666666430e+01,1.446858153431167011e+04
5.612500000000000000e+01,1.446858363478376486e+04
5.614583333333332860e+01,1.446858575284300605e+04
5.616666666666666430e+01,1.446858788681834994e+04
5.618750000000000000e+01,1.446859003502537598e+04
5.620833333333332860e+01,1.446859219576765099e+04
5.622916666666666430e+01,1.446859436733786424e+04
5.625000000000000000e+01,1.446859654801911529e+04
5.627083333333332860e+01,1.446859873608613270e+04
5.629166666666666430e+01,1.446860092980655463e+04
5.631250000000000000e+01,1.446860312744217663e+04
5.633333333333332860e+01,1.446860532725022858e+04
5.635416666666666430e+01,1.446860752748473533e+04
5.637500000000000000e+01,1.446860972639765532e+04
5.639583333333332860e+01,1.446861192224025945e+04
5.641666666666666430e+01,1.446861411326450616e+04
5.643750000000000000e+01,1.446861629772421657e+04
5.645833333333332860e+01,1.446861847387644957e+04
5.647916666666666430e+01,1.446862063998280428e+04
5.650000000000000000e+01,1.446862279431071147e+04
5.652083333333332860e+01,1.446862493513485606e+04
5.654166666666666430e+01,1.446862706073835216e+04
5.656250000000000000e+01,1.446862916941415824e+04
5.658333333333332860e+01,1.446863125946641594e+04
5.660416666666666430e+01,1.446863332921168694e+04
5.662500000000000000e+01,1.446863537698041182e+04
5.664583333333332860e+01,1.446863740111808511e+04
5.666666666666666430e+01,1.446863939998674687e+04
5.668750000000000000e+01,1.446864137196618321e+04
5.670833333333332860e+01,1.446864331545530149e+04
5.672916666666666430e+01,1.446864522887350904e+04
5.675000000000000000e+01,1.446864711066191740e+04
5.677083333333332860e+01,1.446864895928476108e+04
5.679166666666666430e+01,1.446865077323067453e+04
5.681250000000000000e+01,1.446865255101405273e+04
5.683333333333332860e+01,1.446865429117629537e+04
5.685416666666666430e+01,1.446865599228707651e+04
5.687500000000000000e+01,1.446865765294571975e+04
5.689583333333332860e+01,1.446865927178245329e+04
5.691666666666666430e+01,1.446866084745957778e+04
5.693750000000000000e+01,1.446866237867276868e+04
5.695833333333332860e+01,1.446866386415226225e+04
5.697916666666666430e+01,1.446866530266401242e+04
5.700000000000000000e+01,1.446866669301082220e+04
5.702083333333332860e+01,1.446866803403347876e+04
5.704166666666666430e+01,1.446866932461171382e+04
5.706250000000000000e+01,1.446867056366517863e+04
5.708333333333332860e+01,1.446867175015441171e+04
5.710416666666666430e+01,1.446867288308155548e+04
5.712500000000000000e+01,1.446867396149113847e+04
5.714583333333332860e+01,1.446867498447063190e+04
5.716666666666666430e+01,1.446867595115100630e+04
5.718750000000000000e+01,1.446867686070705895e+04
5.720833333333332860e+01,1.446867771235765031e+04
5.722916666666666430e+01,1.446867850536581318e+04
5.725000000000000000e+01,1.446867923903868359e+04
5.727083333333332860e+01,1.446867991272734798e+04
5.729166666666666430e+01,1.446868052582635210e+04
5.731250000000000000e+01,1.446868107777338810e+04
5.733333333333332860e+01,1.446868156804851606e+04
5.735416666666666430e+01,1.446868199617352730e+04
5.737500000000000000e+01,1.446868236171099488e+04
5.739583333333332860e+01,1.446868266426346236e+04
5.741666666666666430e+01,1.446868290347242510e+04
5.743750000000000000e+01,1.446868307901736625e+04
5.745833333333332860e+01,1.446868319061486181e+04
5.747916666666666430e+01,1.446868323801766746e+04
5.750000000000000000e+01,1.446868322101403101e+04
5.752083333333332860e+01,1.446868313942691020e+04
5.754166666666666430e+01,1.446868299311381998e+04
5.756250000000000000e+01,1.446868278196629763e+04
5.758333333333332860e+01,1.446868250591008109e+04
5.760416666666666430e+01,1.446868216490528721e+04
5.762500000000000000e+01,1.446868175894681917e+04
5.764583333333332860e+01,1.446868128806514142e+04
5.766666666666666430e+01,1.446868075232709089e+04
5.768750000000000000e+01,1.446868015183698299e+04
5.770833333333332860e+01,1.446867948673781211e+04
5.772916666666666430e+01,1.446867875721245582e+04
5.775000000000000000e+01,1.446867796348513366e+04
5.777083333333332860e+01,1.446867710582265863e+04
5.779166666666666430e+01,1.446867618453558680e+04
5.781250000000000000e+01,1.446867519997953423e+04
5.783333333333332860e+01,1.446867415255605374e+04
5.785416666666666430e+01,1.446867304271340618e+04
5.787500000000000000e+01,1.446867187094726978e+04
5.789583333333332860e+01,1.446867063780093667e+04
5.791666666666666430e+01,1.446866934386564753e+04
5.793750000000000000e+01,1.446866798978038423e+04
5.795833333333332860e+01,1.446866657623156425e+04
5.797916666666666430e+01,1.446866510395266960e+04
5.800000000000000000e+01,1.446866357372347557e+04
5.802083333333332860e+01,1.446866198636942863e+04
5.804166666666666430e+01,1.446866034276065693e+04
5.806250000000000000e+01,1.446865864381104984e+04
5.808333333333332860e+01,1.446865689047731576e+04
5.810416666666666430e+01,1.446865508375785066e+04
5.812500000000000000e+01,1.446865322469184684e+04
5.814583333333332860e+01,1.446865131435805233e+04
5.816666666666666430e+01,1.446864935387398145e+04
5.818750000000000000e+01,1.446864734439477979e+04
5.820833333333332860e+01,1.446864528711219828e+04
5.822916666666666430e+01,1.446864318325371642e+04
5.825000000000000000e+01,1.446864103408150186e+04
5.827083333333332860e+01,1.446863884089148632e+04
5.829166666666666430e+01,1.446863660501229970e+04
5.831250000000000000e+01,1.446863432780435687e+04
5.833333333333332860e+01,1.446863201065886824e+04
5.835416666666666430e+01,1.446862965499674829e+04
5.837500000000000000e+01,1.446862726226766245e+04
5.839583333333332860e+01,1.446862483394890296e+04
5.841666666666666430e+01,1.446862237154436662e+04
5.843750000000000000e+01,1.446861987658343787e+04
5.845833333333332860e+01,1.446861735061993386e+04
5.847916666666666430e+01,1.446861479523093294e+04
5.850000000000000000e+01,1.446861221201576336e+04
5.852083333333332860e+01,1.446860960259483545e+04
5.854166666666666430e+01,1.446860696860855023e+04
5.856250000000000000e+01,1.446860431171616437e+04
5.858333333333332860e+01,1.446860163359474245e+04
5.860416666666666430e+01,1.446859893593805828e+04
5.862500000000000000e+01,1.446859622045540164e+04
5.864583333333332860e+01,1.446859348887058150e+04
5.866666666666666430e+01,1.446859074292076184e+04
5.868750000000000000e+01,1.446858798435540302e+04
5.870833333333332860e+01,1.446858521493504304e+04
5.872916666666666430e+01,1.446858243643026435e+04
5.875000000000000000e+01,1.446857965062051881e+04
5.877083333333332860e+01,1.446857685929301442e+04
5.879166666666666430e+01,1.446857406424151122e+04
5.881250000000000000e+01,1.446857126726515708e+04
5.883333333333332860e+01,1.446856847016733445e+04
5.885416666666666430e+01,1.446856567475451811e+04
5.887500000000000000e+01,1.446856288283502727e+04
5.889583333333332860e+01,1.446856009621781777e+04
5.891666666666666430e+01,1.446855731671136164e+04
5.893750000000000000e+01,1.446855454612242465e+04
5.895833333333332860e+01,1.446855178625485496e+04
5.897916666666666430e+01,1.446854903890842616e+04
5.900000000000000000e+01,1.446854630587761858e+04
5.902083333333332860e+01,1.446854358895046607e+04
5.904166666666666430e+01,1.446854088990736273e+04
5.906250000000000000e+01,1.446853821051989507e+04
5.908333333333332860e+01,1.446853555254968524e+04
5.910416666666666430e+01,1.446853291774717218e+04
5.912500000000000000e+01,1.446853030785053852e+04
5.914583333333332860e+01,1.446852772458450636e+04
5.916666666666666430e+01,1.446852516965919858e+04
5.918750000000000000e+01,1.446852264476901473e+04
5.920833333333332860e+01,1.446852015159145594e+04
5.922916666666666430e+01,1.446851769178602626e+04
5.925000000000000000e+01,1.446851526699317765e+04
5.927083333333332860e+01,1.446851287883305486e+04
5.929166666666666430e+01,1.446851052890456413e+04
5.931250000000000000e+01,1.446850821878418719e+04
5.933333333333332860e+01,1.446850595002490809e+04
5.935416666666666430e+01,1.446850372415525271e+04
5.937500000000000000e+01,1.446850154267811013e+04
5.939583333333332860e+01,1.446849940706981943e+04
5.941666666666666430e+01,1.446849731877910017e+04
5.943750000000000000e+01,1.446849527922605557e+04
5.945833333333332860e+01,1.446849328980128848e+04
5.947916666666666430e+01,1.446849135186478088e+04
5.950000000000000000e+01,1.446848946674514809e+04
5.952083333333332860e+01,1.446848763573852193e+04
5.954166666666666430e+01,1.446848586010785584e+04
5.956250000000000000e+01,1.446848414108187717e+04
5.958333333333332860e+01,1.446848247985434864e+04
5.960416666666666430e+01,1.446848087758313704e+04
5.962500000000000000e+01,1.446847933538950747e+04
5.964583333333332860e+01,1.446847785435727201e+04
5.966666666666666430e+01,1.446847643553200032e+04
5.968750000000000000e+01,1.446847507992034298e+04
5.970833333333332860e+01,1.446847378848926382e+04
5.972916666666666430e+01,1.446847256216537062e+04
5.975000000000000000e+01,1.446847140183429656e+04
5.977083333333332860e+01,1.446847030833989629e+04
5.979166666666666430e+01,1.446846928248388213e+04
5.981250000000000000e+01,1.446846832502504549e+04
5.983333333333332860e+01,1.446846743667876581e+04
5.985416666666666430e+01,1.446846661811646482e+04
5.987500000000000000e+01,1.446846586996517362e+04
5.989583333333332860e+01,1.446846519280699431e+04
5.991666666666666430e+01,1.446846458717868518e+04
5.993750000000000000e+01,1.446846405357123876e+04
5.995833333333332860e+01,1.446846359242951439e+04
5.997916666666666430e+01,1.446846320415190348e+04
