0.000000000000000000e+00,0.000000000000000000e+00
2.083333333333333218e-02,0.000000000000000000e+00
4.166666666666666435e-02,1.835251006609764368e-02
6.250000000000000000e-02,5.257866034634647856e-02
8.333333333333332871e-02,7.521656321029544789e-02
1.041666666666666574e-01,7.622769964426302780e-02
1.250000000000000000e-01,6.744469594556852521e-02
1.458333333333333148e-01,5.933666189830100191e-02
1.666666666666666574e-01,5.029901385452763274e-02
1.875000000000000000e-01,3.571074779426439139e-02
2.083333333333333148e-01,1.689116668046372616e-02
2.291666666666666574e-01,-1.088884428587733044e-03
2.500000000000000000e-01,-1.535532030543917958e-02
2.708333333333333148e-01,-2.617178945013090563e-02
2.916666666666666297e-01,-3.404612531951536902e-02
3.125000000000000000e-01,-3.830088652670349258e-02
3.333333333333333148e-01,-3.822192752868125432e-02
3.541666666666666297e-01,-3.420959308199442162e-02
3.750000000000000000e-01,-2.745270234249579111e-02
3.958333333333333148e-01,-1.907112291683946137e-02
4.166666666666666297e-01,-9.886832780516871533e-03
4.375000000000000000e-01,-7.023095871445395044e-04
4.583333333333333148e-01,7.590383835837710702e-03
4.791666666666666297e-01,1.422116478453014365e-02
5.000000000000000000e-01,1.874136353508200348e-02
5.208333333333332593e-01,2.101071403442288099e-02
5.416666666666666297e-01,2.109021249736885151e-02
5.625000000000000000e-01,1.919514380968805056e-02
5.833333333333332593e-01,1.569892826436324051e-02
6.041666666666666297e-01,1.110482872090594320e-02
6.250000000000000000e-01,5.969736152406326934e-03
6.458333333333332593e-01,8.279158179221868252e-04
6.666666666666666297e-01,-3.854026786055259057e-03
6.875000000000000000e-01,-7.701896694783466613e-03
7.083333333333332593e-01,-1.045574500876518542e-02
7.291666666666666297e-01,-1.198638553726578959e-02
7.500000000000000000e-01,-1.229576777423721512e-02
7.708333333333332593e-01,-1.150011116672376710e-02
7.916666666666666297e-01,-9.803831101407159410e-03
8.125000000000000000e-01,-7.470834265170381294e-03
8.333333333333332593e-01,-4.794687650551299196e-03
8.541666666666666297e-01,-2.068338635867347786e-03
8.750000000000000000e-01,4.436906310677640741e-04
8.958333333333332593e-01,2.527075891183713785e-03
9.166666666666666297e-01,4.031705591600168170e-03
9.375000000000000000e-01,4.878072067957400781e-03
9.583333333333332593e-01,5.056682272234450104e-03
9.791666666666666297e-01,4.621176130390119985e-03
1.000000000000000000e+00,3.676245105453626594e-03
1.020833333333333259e+00,2.362056940899331936e-03
1.041666666666666519e+00,8.371709099494889506e-04
1.062500000000000000e+00,-7.382458600943553328e-04
1.083333333333333259e+00,-2.217436637561118196e-03
1.104166666666666519e+00,-3.479164553596258980e-03
1.125000000000000000e+00,-4.436100144131704948e-03
1.145833333333333259e+00,-5.039091086996141944e-03
1.166666666666666519e+00,-5.277382342342359922e-03
1.187500000000000000e+00,-5.175248340576782402e-03
1.208333333333333259e+00,-4.785766854335155029e-03
1.229166666666666519e+00,-4.182627933798144237e-03
1.250000000000000000e+00,-3.450952877974727828e-03
1.270833333333333259e+00,-2.678090473492072965e-03
1.291666666666666519e+00,-1.945253697772583723e-03
1.312500000000000000e+00,-1.320678956292342665e-03
1.333333333333333259e+00,-8.547670952950420231e-04
1.354166666666666519e+00,-5.774307068161371737e-04
1.375000000000000000e+00,-4.976446569071313331e-04
1.395833333333333259e+00,-6.049926052100612628e-04
1.416666666666666519e+00,-8.728386017237133032e-04
1.437500000000000000e+00,-1.262643208577149401e-03
1.458333333333333259e+00,-1.728892913608282011e-03
1.479166666666666519e+00,-2.224116035585338436e-03
1.500000000000000000e+00,-2.703509939451995137e-03
1.520833333333333259e+00,-3.128793879306035475e-03
1.541666666666666519e+00,-3.471017616252430882e-03
1.562500000000000000e+00,-3.712184116917191523e-03
1.583333333333333259e+00,-3.845671059695188188e-03
1.604166666666666519e+00,-3.875548930926037139e-03
1.625000000000000000e+00,-3.814984628450354687e-03
1.645833333333333259e+00,-3.683982914447131440e-03
1.666666666666666519e+00,-3.506750852587142697e-03
1.687500000000000000e+00,-3.308972829083545175e-03
1.708333333333333259e+00,-3.115259198268480190e-03
1.729166666666666519e+00,-2.946985475313301794e-03
1.750000000000000000e+00,-2.820678043624152975e-03
1.770833333333333259e+00,-2.747033840498971924e-03
1.791666666666666519e+00,-2.730592649291166407e-03
1.812500000000000000e+00,-2.770017923724603370e-03
1.833333333333333259e+00,-2.858890632389955722e-03
1.854166666666666519e+00,-2.986883912561293097e-03
1.875000000000000000e+00,-3.141166079109046494e-03
1.895833333333333259e+00,-3.307875754513731059e-03
1.916666666666666519e+00,-3.473524044214255924e-03
1.937500000000000000e+00,-3.626202029460796894e-03
1.958333333333333259e+00,-3.756503822912232726e-03
1.979166666666666519e+00,-3.858112078122623301e-03
2.000000000000000000e+00,-3.928030228570467131e-03
2.020833333333333037e+00,-3.966480299793552489e-03
2.041666666666666519e+00,-3.976514002422680549e-03
2.062500000000000000e+00,-3.963405950224506424e-03
2.083333333333333037e+00,-3.933910180142108359e-03
2.104166666666666519e+00,-3.895464543862414697e-03
2.125000000000000000e+00,-3.855422700259611424e-03
2.145833333333333037e+00,-3.820381756686912211e-03
2.166666666666666519e+00,-3.795656951582244976e-03
2.187500000000000000e+00,-3.784935255464041970e-03
2.208333333333333037e+00,-3.790119529311235247e-03
2.229166666666666519e+00,-3.811355878338647252e-03
2.250000000000000000e+00,-3.847220696780985494e-03
2.270833333333333037e+00,-3.895031785288126380e-03
2.291666666666666519e+00,-3.951240498772747023e-03
2.312500000000000000e+00,-4.011859300296974351e-03
2.333333333333333037e+00,-4.072881040506255018e-03
2.354166666666666519e+00,-4.130652053247037270e-03
2.375000000000000000e+00,-4.182169782351728010e-03
2.395833333333333037e+00,-4.225286005176971671e-03
2.416666666666666519e+00,-4.258807637785945455e-03
2.437500000000000000e+00,-4.282497517034952739e-03
2.458333333333333037e+00,-4.296986549616892831e-03
2.479166666666666519e+00,-4.303615525813368758e-03
2.500000000000000000e+00,-4.304229315325147631e-03
2.520833333333333037e+00,-4.300947970028980161e-03
2.541666666666666519e+00,-4.295938586008823945e-03
2.562500000000000000e+00,-4.291208971461745597e-03
2.583333333333333037e+00,-4.288439732987469125e-03
2.604166666666666519e+00,-4.288865928064688679e-03
2.625000000000000000e+00,-4.293213560902264456e-03
2.645833333333333037e+00,-4.301690513038919014e-03
2.666666666666666519e+00,-4.314026504478289323e-03
2.687500000000000000e+00,-4.329552759687552849e-03
2.708333333333333037e+00,-4.347309445354321719e-03
2.729166666666666519e+00,-4.366167744119801158e-03
2.750000000000000000e+00,-4.384953580699768247e-03
2.770833333333333037e+00,-4.402561354215054137e-03
2.791666666666666519e+00,-4.418048292995314583e-03
2.812500000000000000e+00,-4.430702919903960202e-03
2.833333333333333037e+00,-4.440084261308478719e-03
2.854166666666666519e+00,-4.446031528421133701e-03
2.875000000000000000e+00,-4.448646764853806702e-03
2.895833333333333037e+00,-4.448255170775291395e-03
2.916666666666666519e+00,-4.445349339828172028e-03
2.937500000000000000e+00,-4.440524418002279872e-03
2.958333333333333037e+00,-4.434411228825908824e-03
2.979166666666666519e+00,-4.427613788273145057e-03
3.000000000000000000e+00,-4.420656488452542540e-03
3.020833333333333037e+00,-4.413944727638213078e-03
3.041666666666666519e+00,-4.407741085525804930e-03
3.062500000000000000e+00,-4.402157462621559408e-03
3.083333333333333037e+00,-4.397162077051625095e-03
3.104166666666666519e+00,-4.392598964211687218e-03
3.125000000000000000e+00,-4.388216738261715988e-03
3.145833333333333037e+00,-4.383702889927898472e-03
3.166666666666666519e+00,-4.378719811015344826e-03
3.187500000000000000e+00,-4.372939014176450978e-03
3.208333333333333037e+00,-4.366070589493800669e-03
3.229166666666666519e+00,-4.357885720289684378e-03
3.250000000000000000e+00,-4.348230973096368912e-03
3.270833333333333037e+00,-4.337033985517727008e-03
3.291666666666666519e+00,-4.324301014731815607e-03
3.312500000000000000e+00,-4.310107509211166810e-03
3.333333333333333037e+00,-4.294583377859435835e-03
3.354166666666666519e+00,-4.277894928711445388e-03
3.375000000000000000e+00,-4.260225530570815877e-03
3.395833333333333037e+00,-4.241756932892908061e-03
3.416666666666666519e+00,-4.222652895738150669e-03
3.437500000000000000e+00,-4.203046377941256628e-03
3.458333333333333037e+00,-4.183031058989643280e-03
3.479166666666666519e+00,-4.162657480100084850e-03
3.500000000000000000e+00,-4.141933630029966118e-03
3.520833333333333037e+00,-4.120829410145909755e-03
3.541666666666666519e+00,-4.099284119694866779e-03
3.562500000000000000e+00,-4.077215921777933849e-03
3.583333333333333037e+00,-4.054532187006659738e-03
3.604166666666666519e+00,-4.031139657618240668e-03
3.625000000000000000e+00,-4.006953513053412852e-03
3.645833333333333037e+00,-3.981904625339559300e-03
3.666666666666666519e+00,-3.955944541838049555e-03
3.687500000000000000e+00,-3.929047996258802633e-03
3.708333333333333037e+00,-3.901213000195108416e-03
3.729166666666666519e+00,-3.872458785069213261e-03
3.750000000000000000e+00,-3.842822032013124001e-03
3.770833333333333037e+00,-3.812351935042410100e-03
3.791666666666666519e+00,-3.781104688000358482e-03
3.812500000000000000e+00,-3.749137970988414281e-03
3.833333333333333037e+00,-3.716505945755579909e-03
3.854166666666666519e+00,-3.683255163878740301e-03
3.875000000000000000e+00,-3.649421660703186521e-03
3.895833333333333037e+00,-3.615029367024097384e-03
3.916666666666666519e+00,-3.580089833516431064e-03
3.937500000000000000e+00,-3.544603142227681358e-03
3.958333333333333037e+00,-3.508559784210385502e-03
3.979166666666666519e+00,-3.471943218574052858e-03
4.000000000000000000e+00,-3.434732798018938493e-03
4.020833333333333037e+00,-3.396906748358588524e-03
4.041666666666666075e+00,-3.358444920518427468e-03
4.062500000000000000e+00,-3.319331086894611316e-03
4.083333333333333037e+00,-3.279554622340710712e-03
4.104166666666666075e+00,-3.239111485296805593e-03
4.125000000000000000e+00,-3.198004488886546648e-03
4.145833333333333037e+00,-3.156242918617047089e-03
4.166666666666666075e+00,-3.113841607107939446e-03
4.187500000000000000e+00,-3.070819613695707773e-03
4.208333333333333037e+00,-3.027198676257766841e-03
4.229166666666666075e+00,-2.983001604333040957e-03
4.250000000000000000e+00,-2.938250768584727002e-03
4.270833333333333037e+00,-2.892966814896535954e-03
4.291666666666666075e+00,-2.847167695842395263e-03
4.312500000000000000e+00,-2.800868072332166059e-03
4.333333333333333037e+00,-2.754079097965142497e-03
4.354166666666666075e+00,-2.706808561822870995e-03
4.375000000000000000e+00,-2.659061335139309423e-03
4.395833333333333037e+00,-2.610840045521548025e-03
4.416666666666666075e+00,-2.562145890183248342e-03
4.437500000000000000e+00,-2.512979496992293060e-03
4.458333333333333037e+00,-2.463341748237465878e-03
4.479166666666666075e+00,-2.413234495237573385e-03
4.500000000000000000e+00,-2.362661110315369961e-03
4.520833333333333037e+00,-2.311626843764638672e-03
4.541666666666666075e+00,-2.260138975197042988e-03
4.562500000000000000e+00,-2.208206768857912117e-03
4.583333333333333037e+00,-2.155841259461638293e-03
4.604166666666666075e+00,-2.103054907711107702e-03
4.625000000000000000e+00,-2.049861172159883616e-03
4.645833333333333037e+00,-1.996274046407828240e-03
4.666666666666666075e+00,-1.942307608194873692e-03
4.687500000000000000e+00,-1.887975620502066465e-03
4.708333333333333037e+00,-1.833291215331017687e-03
4.729166666666666075e+00,-1.778266679682435902e-03
4.750000000000000000e+00,-1.722913351545285465e-03
4.770833333333333037e+00,-1.667241622697712700e-03
4.791666666666666075e+00,-1.611261035620023541e-03
4.812500000000000000e+00,-1.554980454540069723e-03
4.833333333333333037e+00,-1.498408286171010184e-03
4.854166666666666075e+00,-1.441552723889072407e-03
4.875000000000000000e+00,-1.384421989934395136e-03
4.895833333333333037e+00,-1.327024553331085377e-03
4.916666666666666075e+00,-1.269369306047596346e-03
4.937500000000000000e+00,-1.211465685762816435e-03
4.958333333333333037e+00,-1.153323739832984307e-03
4.979166666666666075e+00,-1.094954131117570340e-03
5.000000000000000000e+00,-1.036368091602790642e-03
5.020833333333333037e+00,-9.775773338504822885e-04
5.041666666666666075e+00,-9.185939330725589880e-04
5.062500000000000000e+00,-8.594301937992904206e-04
5.083333333333333037e+00,-8.000985149391598439e-04
5.104166666666666075e+00,-7.406112655842095327e-04
5.125000000000000000e+00,-6.809806814325608526e-04
5.145833333333333037e+00,-6.212187887406628306e-04
5.166666666666666075e+00,-5.613373592583820182e-04
5.187500000000000000e+00,-5.013478963844936187e-04
5.208333333333333037e+00,-4.412616498775390195e-04
5.229166666666666075e+00,-3.810896540611813377e-04
5.250000000000000000e+00,-3.208427828740451071e-04
5.270833333333333037e+00,-2.605318143354407034e-04
5.291666666666666075e+00,-2.001674969201033827e-04
5.312500000000000000e+00,-1.397606110358495801e-04
5.333333333333333037e+00,-7.932202000741905845e-05
5.354166666666666075e+00,-1.886270655812594121e-05
5.375000000000000000e+00,4.160620745172205481e-05
5.395833333333333037e+00,1.020734584485927243e-04
5.416666666666666075e+00,1.625276545881432222e-04
5.437500000000000000e+00,2.229573026852615936e-04
5.458333333333333037e+00,2.833508451818289586e-04
5.479166666666666075e+00,3.436967031806292816e-04
5.500000000000000000e+00,4.039833214874860579e-04
5.520833333333333037e+00,4.641992118538801337e-04
5.541666666666666075e+00,5.243329912134886417e-04
5.562500000000000000e+00,5.843734125584448824e-04
5.583333333333333037e+00,6.443093869907823290e-04
5.604166666666666075e+00,7.041299964858499516e-04
5.625000000000000000e+00,7.638244977405672653e-04
5.645833333333333037e+00,8.233823182543092978e-04
5.666666666666666075e+00,8.827930463534694461e-04
5.687500000000000000e+00,9.420464171648046392e-04
5.708333333333333037e+00,1.001132296633386320e-03
5.729166666666666075e+00,1.060040665583100727e-03
5.750000000000000000e+00,1.118761605528997838e-03
5.770833333333333037e+00,1.177285287549317827e-03
5.791666666666666075e+00,1.235601965013932713e-03
5.812500000000000000e+00,1.293701970450977790e-03
5.833333333333333037e+00,1.351575716404332383e-03
5.854166666666666075e+00,1.409213699686717725e-03
5.875000000000000000e+00,1.466606508139872700e-03
5.895833333333333037e+00,1.523744828858808464e-03
5.916666666666666075e+00,1.580619456722359706e-03
5.937500000000000000e+00,1.637221302183952676e-03
5.958333333333333037e+00,1.693541397372932966e-03
5.979166666666666075e+00,1.749570899856181527e-03
6.000000000000000000e+00,1.805301093606465068e-03
6.020833333333333037e+00,1.860723387018439756e-03
6.041666666666666075e+00,1.915829308130723163e-03
6.062500000000000000e+00,1.970610497418742724e-03
6.083333333333333037e+00,2.025058698678069979e-03
6.104166666666666075e+00,2.079165748646430445e-03
6.125000000000000000e+00,2.132923566117536640e-03
6.145833333333333037e+00,2.186324141194767590e-03
6.166666666666666075e+00,2.239359525273890150e-03
6.187500000000000000e+00,2.292021822307838130e-03
6.208333333333333037e+00,2.344303181656431923e-03
6.229166666666666075e+00,2.396195792721544926e-03
6.250000000000000000e+00,2.447691881382746404e-03
6.270833333333333037e+00,2.498783708148030747e-03
6.291666666666666075e+00,2.549463567778076367e-03
6.312500000000000000e+00,2.599723790100635923e-03
6.333333333333333037e+00,2.649556741666420079e-03
6.354166666666666075e+00,2.698954827879601615e-03
6.375000000000000000e+00,2.747910495308966694e-03
6.395833333333333037e+00,2.796416233885407054e-03
6.416666666666666075e+00,2.844464578803357346e-03
6.437500000000000000e+00,2.892048111978837155e-03
6.458333333333333037e+00,2.939159463012347429e-03
6.479166666666666075e+00,2.985791309705790320e-03
6.500000000000000000e+00,3.031936378213057059e-03
6.520833333333333037e+00,3.077587442932405715e-03
6.541666666666666075e+00,3.122737326298336002e-03
6.562500000000000000e+00,3.167378898651151964e-03
6.583333333333333037e+00,3.211505078289461634e-03
6.604166666666666075e+00,3.255108831854827689e-03
6.625000000000000000e+00,3.298183175142660462e-03
6.645833333333333037e+00,3.340721174351385381e-03
6.666666666666666075e+00,3.382715947793824007e-03
6.687500000000000000e+00,3.424160668036274613e-03
6.708333333333333037e+00,3.465048564386022378e-03
6.729166666666666075e+00,3.505372925657251892e-03
6.750000000000000000e+00,3.545127103096123999e-03
6.770833333333333037e+00,3.584304513368719025e-03
6.791666666666666075e+00,3.622898641508512374e-03
6.812500000000000000e+00,3.660903043733204631e-03
6.833333333333333037e+00,3.698311350081029403e-03
6.854166666666666075e+00,3.735117266816120885e-03
6.875000000000000000e+00,3.771314578588910726e-03
6.895833333333333037e+00,3.806897150327906432e-03
6.916666666666666075e+00,3.841858928927216477e-03
6.937500000000000000e+00,3.876193944752845399e-03
6.958333333333333037e+00,3.909896313011640423e-03
6.979166666666666075e+00,3.942960235025647076e-03
7.000000000000000000e+00,3.975379999478237392e-03
7.020833333333333037e+00,4.007149983668523152e-03
7.041666666666666075e+00,4.038264654821578648e-03
7.062500000000000000e+00,4.068718571434842834e-03
7.083333333333333037e+00,4.098506384722214180e-03
7.104166666666666075e+00,4.127622840150509120e-03
7.125000000000000000e+00,4.156062779004938978e-03
7.145833333333333037e+00,4.183821140020201057e-03
7.166666666666666075e+00,4.210892961033260717e-03
7.187500000000000000e+00,4.237273380636071007e-03
7.208333333333333037e+00,4.262957639777062435e-03
7.229166666666666075e+00,4.287941083319458946e-03
7.250000000000000000e+00,4.312219161526631428e-03
7.270833333333333037e+00,4.335787431448467899e-03
7.291666666666666075e+00,4.358641558227828450e-03
7.312500000000000000e+00,4.380777316323046511e-03
7.333333333333333037e+00,4.402190590612253818e-03
7.354166666666666075e+00,4.422877377437191282e-03
7.375000000000000000e+00,4.442833785596934926e-03
7.395833333333333037e+00,4.462056037284188592e-03
7.416666666666666075e+00,4.480540469000218740e-03
7.437500000000000000e+00,4.498283532424200704e-03
7.458333333333333037e+00,4.515281795302798773e-03
7.479166666666666075e+00,4.531531942346980063e-03
7.500000000000000000e+00,4.547030776121844392e-03
7.520833333333333037e+00,4.561775217946321265e-03
7.541666666666666075e+00,4.575762308802390488e-03
7.562500000000000000e+00,4.588989210250599832e-03
7.583333333333333037e+00,4.601453205337630720e-03
7.604166666666666075e+00,4.613151699494402735e-03
7.625000000000000000e+00,4.624082221410114046e-03
7.645833333333333037e+00,4.634242423883862261e-03
7.666666666666666075e+00,4.643630084638930566e-03
7.687500000000000000e+00,4.652243107110256778e-03
7.708333333333333037e+00,4.660079521174469164e-03
7.729166666666666075e+00,4.667137483855925834e-03
7.750000000000000000e+00,4.673415279983553910e-03
7.770833333333333037e+00,4.678911322810853576e-03
7.791666666666666075e+00,4.683624154606719735e-03
7.812500000000000000e+00,4.687552447212251817e-03
7.833333333333333037e+00,4.690695002572508113e-03
7.854166666666666075e+00,4.693050753249709828e-03
7.875000000000000000e+00,4.694618762915115859e-03
7.895833333333333037e+00,4.695398226823488744e-03
7.916666666666666075e+00,4.695388472285864055e-03
7.937500000000000000e+00,4.694588959114200793e-03
7.958333333333333037e+00,4.692999280055021490e-03
7.979166666666666075e+00,4.690619161220052104e-03
8.000000000000000000e+00,4.687448462486622225e-03
8.020833333333332149e+00,4.683487177884153654e-03
8.041666666666666075e+00,4.678735435959759451e-03
8.062500000000000000e+00,4.673193500114303234e-03
8.083333333333332149e+00,4.666861768925778531e-03
8.104166666666666075e+00,4.659740776441856011e-03
8.125000000000000000e+00,4.651831192424005917e-03
8.145833333333332149e+00,4.643133822568128871e-03
8.166666666666666075e+00,4.633649608726669866e-03
8.187500000000000000e+00,4.623379629079528430e-03
8.208333333333332149e+00,4.612325098261701312e-03
8.229166666666666075e+00,4.600487367481042450e-03
8.250000000000000000e+00,4.587867924604818737e-03
8.270833333333332149e+00,4.574468394236908680e-03
8.291666666666666075e+00,4.560290537749891321e-03
8.312500000000000000e+00,4.545336253292581868e-03
8.333333333333332149e+00,4.529607575782579332e-03
8.354166666666666075e+00,4.513106676893391400e-03
8.375000000000000000e+00,4.495835864991692965e-03
8.395833333333332149e+00,4.477797585054621443e-03
8.416666666666666075e+00,4.458994418573114515e-03
8.437500000000000000e+00,4.439429083434774659e-03
8.458333333333332149e+00,4.419104433762102713e-03
8.479166666666666075e+00,4.398023459744694608e-03
8.500000000000000000e+00,4.376189287437111386e-03
8.520833333333332149e+00,4.353605178521402497e-03
8.541666666666666075e+00,4.330274530049291193e-03
8.562500000000000000e+00,4.306200874164417547e-03
8.583333333333332149e+00,4.281387877785716722e-03
8.604166666666666075e+00,4.255839342256553803e-03
8.625000000000000000e+00,4.229559202983575183e-03
8.645833333333332149e+00,4.202551529040900180e-03
8.666666666666666075e+00,4.174820522744773776e-03
8.687500000000000000e+00,4.146370519187918269e-03
8.708333333333332149e+00,4.117205985771844878e-03
8.729166666666666075e+00,4.087331521712124494e-03
8.750000000000000000e+00,4.056751857500172365e-03
8.770833333333332149e+00,4.025471854342030364e-03
8.791666666666666075e+00,3.993496503575749701e-03
8.812500000000000000e+00,3.960830926073702352e-03
8.833333333333332149e+00,3.927480371608629839e-03
8.854166666666666075e+00,3.893450218193109102e-03
8.875000000000000000e+00,3.858745971388188867e-03
8.895833333333332149e+00,3.823373263597287797e-03
8.916666666666666075e+00,3.787337853333239135e-03
8.937500000000000000e+00,3.750645624458523453e-03
8.958333333333332149e+00,3.713302585397315614e-03
8.979166666666666075e+00,3.675314868320095352e-03
9.000000000000000000e+00,3.636688728297948758e-03
9.020833333333332149e+00,3.597430542448543100e-03
9.041666666666666075e+00,3.557546809053790948e-03
9.062500000000000000e+00,3.517044146645748048e-03
9.083333333333332149e+00,3.475929293059329406e-03
9.104166666666666075e+00,3.434209104477781160e-03
9.125000000000000000e+00,3.391890554459708884e-03
9.145833333333332149e+00,3.348980732928760751e-03
9.166666666666666075e+00,3.305486845146865527e-03
9.187500000000000000e+00,3.261416210675355254e-03
9.208333333333332149e+00,3.216776262294329669e-03
9.229166666666666075e+00,3.171574544914984584e-03
9.250000000000000000e+00,3.125818714491773731e-03
9.270833333333332149e+00,3.079516536884152611e-03
9.291666666666666075e+00,3.032675886700877954e-03
9.312500000000000000e+00,2.985304746155006961e-03
9.333333333333332149e+00,2.937411203880885280e-03
9.354166666666666075e+00,2.889003453737062910e-03
9.375000000000000000e+00,2.840089793594222090e-03
9.395833333333332149e+00,2.790678624116818551e-03
9.416666666666666075e+00,2.740778447525030193e-03
9.437500000000000000e+00,2.690397866337970734e-03
9.458333333333332149e+00,2.639545582119526279e-03
9.479166666666666075e+00,2.588230394205415230e-03
9.500000000000000000e+00,2.536461198422212959e-03
9.520833333333332149e+00,2.484246985797425311e-03
9.541666666666666075e+00,2.431596841269562104e-03
9.562500000000000000e+00,2.378519942394047293e-03
9.583333333333332149e+00,2.325025558038054663e-03
9.604166666666666075e+00,2.271123047071554879e-03
9.625000000000000000e+00,2.216821857061984646e-03
9.645833333333332149e+00,2.162131522983404275e-03
9.666666666666666075e+00,2.107061665921325377e-03
9.687500000000000000e+00,2.051621991759178254e-03
9.708333333333332149e+00,1.995822289897919433e-03
9.729166666666666075e+00,1.939672431982675249e-03
9.750000000000000000e+00,1.883182370636629632e-03
9.770833333333332149e+00,1.826362138191456319e-03
9.791666666666666075e+00,1.769221845439275520e-03
9.812500000000000000e+00,1.711771680413712304e-03
9.833333333333332149e+00,1.654021907180322493e-03
9.854166666666666075e+00,1.595982864630723919e-03
9.875000000000000000e+00,1.537664965309076814e-03
9.895833333333332149e+00,1.479078694251845238e-03
9.916666666666666075e+00,1.420234607850623387e-03
9.937500000000000000e+00,1.361143332746519996e-03
9.958333333333332149e+00,1.301815564732702879e-03
9.979166666666666075e+00,1.242262067666602410e-03
1.000000000000000000e+01,1.182493672409468122e-03
1.002083333333333215e+01,1.122521275805560270e-03
1.004166666666666607e+01,1.062355839638776112e-03
1.006250000000000000e+01,1.002008389601224958e-03
1.008333333333333215e+01,9.414900142655502346e-04
1.010416666666666607e+01,8.808118640677431443e-04
1.012500000000000000e+01,8.199851502562333083e-04
1.014583333333333215e+01,7.590211438089633500e-04
1.016666666666666607e+01,6.979311743094129827e-04
1.018750000000000000e+01,6.367266287655437562e-04
1.020833333333333215e+01,5.754189503453105425e-04
1.022916666666666607e+01,5.140196370029270767e-04
1.025000000000000000e+01,4.525402399812306076e-04
1.027083333333333215e+01,3.909923621258637461e-04
1.029166666666666607e+01,3.293876560110237106e-04
1.031250000000000000e+01,2.677378218279014011e-04
1.033333333333333215e+01,2.060546049664074841e-04
1.035416666666666607e+01,1.443497932413911888e-04
1.037500000000000000e+01,8.263521374390903063e-05
1.039583333333333215e+01,2.092272922345206343e-05
1.041666666666666607e+01,-4.077576606981159202e-05
1.043750000000000000e+01,-1.024483511400248181e-04
1.045833333333333215e+01,-1.640830836673462523e-04
1.047916666666666607e+01,-2.256680061686056060e-04
1.050000000000000000e+01,-2.871911529763876425e-04
1.052083333333333215e+01,-3.486405581007018251e-04
1.054166666666666607e+01,-4.100042640365619828e-04
1.056250000000000000e+01,-4.712703315563199213e-04
1.058333333333333215e+01,-5.324268505335488788e-04
1.060416666666666607e+01,-5.934619518107586700e-04
1.062500000000000000e+01,-6.543638200982027087e-04
1.064583333333333215e+01,-7.151207078803373252e-04
1.066666666666666607e+01,-7.757209502438355830e-04
1.068750000000000000e+01,-8.361529804954692668e-04
1.070833333333333215e+01,-8.964053464672327998e-04
1.072916666666666607e+01,-9.564667272721899538e-04
1.075000000000000000e+01,-1.016325950273566647e-03
1.077083333333333215e+01,-1.075972007943057362e-03
1.079166666666666607e+01,-1.135394074328277547e-03
1.081250000000000000e+01,-1.194581520737050817e-03
1.083333333333333215e+01,-1.253523930220115656e-03
1.085416666666666607e+01,-1.312211110467892405e-03
1.087500000000000000e+01,-1.370633104703228300e-03
1.089583333333333215e+01,-1.428780200195503558e-03
1.091666666666666607e+01,-1.486642934031640051e-03
1.093750000000000000e+01,-1.544212095882721569e-03
1.095833333333333215e+01,-1.601478727510097233e-03
1.097916666666666607e+01,-1.658434118951640501e-03
1.100000000000000000e+01,-1.715069801343491185e-03
1.102083333333333215e+01,-1.771377536504845085e-03
1.104166666666666607e+01,-1.827349303499994915e-03
1.106250000000000000e+01,-1.882977282512979245e-03
1.108333333333333215e+01,-1.938253836521325324e-03
1.110416666666666607e+01,-1.993171491254872030e-03
1.112500000000000000e+01,-2.047722914033905939e-03
1.114583333333333215e+01,-2.101900892155825207e-03
1.116666666666666607e+01,-2.155698311409826040e-03
1.118750000000000000e+01,-2.209108135351939284e-03
1.120833333333333215e+01,-2.262123385903092032e-03
1.122916666666666607e+01,-2.314737125719293354e-03
1.125000000000000000e+01,-2.366942442718386608e-03
1.127083333333333215e+01,-2.418732437032278249e-03
1.129166666666666607e+01,-2.470100210516121275e-03
1.131250000000000000e+01,-2.521038858853213993e-03
1.133333333333333215e+01,-2.571541466164353751e-03
1.135416666666666607e+01,-2.621601101945536527e-03
1.137500000000000000e+01,-2.671210820107475237e-03
1.139583333333333215e+01,-2.720363659782412680e-03
1.141666666666666607e+01,-2.769052647598302386e-03
1.143750000000000000e+01,-2.817270801052484952e-03
1.145833333333333215e+01,-2.865011132671985150e-03
1.147916666666666607e+01,-2.912266654677406197e-03
1.150000000000000000e+01,-2.959030383894376004e-03
1.152083333333333215e+01,-3.005295346683811708e-03
1.154166666666666607e+01,-3.051054583766352191e-03
1.156250000000000000e+01,-3.096301154863312366e-03
1.158333333333333215e+01,-3.141028143071267209e-03
1.160416666666666607e+01,-3.185228658984046168e-03
1.162500000000000000e+01,-3.228895844578999474e-03
1.164583333333333215e+01,-3.272022876909252975e-03
1.166666666666666607e+01,-3.314602971668273446e-03
1.168750000000000000e+01,-3.356629386665130332e-03
1.170833333333333215e+01,-3.398095425268449210e-03
1.172916666666666607e+01,-3.438994439848408469e-03
1.175000000000000000e+01,-3.479319835219193968e-03
1.177083333333333215e+01,-3.519065072124044624e-03
1.179166666666666607e+01,-3.558223670733953736e-03
1.181250000000000000e+01,-3.596789214121307032e-03
1.183333333333333215e+01,-3.634755351687640745e-03
1.185416666666666607e+01,-3.672115802510256266e-03
1.187500000000000000e+01,-3.708864358567390274e-03
1.189583333333333215e+01,-3.744994887813629658e-03
1.191666666666666607e+01,-3.780501337054445465e-03
1.193750000000000000e+01,-3.815377734630004403e-03
1.195833333333333215e+01,-3.849618192883402790e-03
1.197916666666666607e+01,-3.883216910426687263e-03
1.200000000000000000e+01,-3.916168174206868802e-03
1.202083333333333215e+01,-3.948466361385502554e-03
1.204166666666666607e+01,-3.980105941066430786e-03
1.206250000000000000e+01,-4.011081475904350324e-03
1.208333333333333215e+01,-4.041387623618601654e-03
1.210416666666666607e+01,-4.071019138437929896e-03
1.212500000000000000e+01,-4.099970872495681262e-03
1.214583333333333215e+01,-4.128237777202933834e-03
1.216666666666666607e+01,-4.155814904609075877e-03
1.218750000000000000e+01,-4.182697408764986247e-03
1.220833333333333215e+01,-4.208880547094291658e-03
1.222916666666666607e+01,-4.234359681736021841e-03
1.225000000000000000e+01,-4.259130280893551335e-03
1.227083333333333215e+01,-4.283187920172737417e-03
1.229166666666666607e+01,-4.306528283886376651e-03
1.231250000000000000e+01,-4.329147166311012040e-03
1.233333333333333215e+01,-4.351040472917365454e-03
1.235416666666666607e+01,-4.372204221534281565e-03
1.237500000000000000e+01,-4.392634543463169727e-03
1.239583333333333215e+01,-4.412327684536615502e-03
1.241666666666666607e+01,-4.431280006119954484e-03
1.243750000000000000e+01,-4.449487986054288802e-03
1.245833333333333215e+01,-4.466948219561929501e-03
1.247916666666666607e+01,-4.483657420111204772e-03
1.250000000000000000e+01,-4.499612420250782147e-03
1.252083333333333215e+01,-4.514810172413296491e-03
1.254166666666666607e+01,-4.529247749696579256e-03
1.256250000000000000e+01,-4.542922346635551445e-03
1.258333333333333215e+01,-4.555831279963437619e-03
1.260416666666666607e+01,-4.567971989382711706e-03
1.262500000000000000e+01,-4.579342038300779349e-03
1.264583333333333215e+01,-4.589939114554242305e-03
1.266666666666666607e+01,-4.599761031153302981e-03
1.268750000000000000e+01,-4.608805726995682944e-03
1.270833333333333215e+01,-4.617071267555592634e-03
1.272916666666666607e+01,-4.624555845573996918e-03
1.275000000000000000e+01,-4.631257781703479459e-03
1.277083333333333215e+01,-4.637175525141319643e-03
1.279166666666666607e+01,-4.642307654237100289e-03
1.281250000000000000e+01,-4.646652877068668808e-03
1.283333333333333215e+01,-4.650210031980555464e-03
1.285416666666666607e+01,-4.652978088105522332e-03
1.287500000000000000e+01,-4.654956145863029145e-03
1.289583333333333215e+01,-4.656143437418519548e-03
1.291666666666666607e+01,-4.656539327118649346e-03
1.293750000000000000e+01,-4.656143311918028473e-03
1.295833333333333215e+01,-4.654955021770906809e-03
1.297916666666666607e+01,-4.652974220012343239e-03
1.300000000000000000e+01,-4.650200803716327165e-03
1.302083333333333215e+01,-4.646634804029387521e-03
1.304166666666666607e+01,-4.642276386496830935e-03
1.306250000000000000e+01,-4.637125851368719201e-03
1.308333333333333215e+01,-4.631183633881753164e-03
1.310416666666666607e+01,-4.624450304514349935e-03
1.312500000000000000e+01,-4.616926569234158437e-03
1.314583333333333215e+01,-4.608613269727607556e-03
1.316666666666666607e+01,-4.599511383584008878e-03
1.318750000000000000e+01,-4.589622024469240669e-03
1.320833333333333215e+01,-4.578946442274925421e-03
1.322916666666666607e+01,-4.567486023238635784e-03
1.325000000000000000e+01,-4.555242290039188124e-03
1.327083333333333215e+01,-4.542216901866024531e-03
1.329166666666666607e+01,-4.528411654459107982e-03
1.331250000000000000e+01,-4.513828480130353121e-03
1.333333333333333215e+01,-4.498469447751354822e-03
1.335416666666666607e+01,-4.482336762713128725e-03
1.337500000000000000e+01,-4.465432766879377791e-03
1.339583333333333215e+01,-4.447759938501737176e-03
1.341666666666666607e+01,-4.429320892095904572e-03
1.343750000000000000e+01,-4.410118378321538357e-03
1.345833333333333215e+01,-4.390155283827100463e-03
1.347916666666666607e+01,-4.369434631069646358e-03
1.350000000000000000e+01,-4.347959578102515710e-03
1.352083333333333215e+01,-4.325733418345661940e-03
1.354166666666666607e+01,-4.302759580343616663e-03
1.356250000000000000e+01,-4.279041627473098575e-03
1.358333333333333215e+01,-4.254583257634760030e-03
1.360416666666666607e+01,-4.229388302925199405e-03
1.362500000000000000e+01,-4.203460729293569120e-03
1.364583333333333215e+01,-4.176804636141728810e-03
1.366666666666666607e+01,-4.149424255909472947e-03
1.368750000000000000e+01,-4.121323953649079497e-03
1.370833333333333215e+01,-4.092508226567863339e-03
1.372916666666666607e+01,-4.062981703529991440e-03
1.375000000000000000e+01,-4.032749144541748765e-03
1.377083333333333215e+01,-4.001815440212282138e-03
1.379166666666666607e+01,-3.970185611192215969e-03
1.381250000000000000e+01,-3.937864807582749926e-03
1.383333333333333215e+01,-3.904858308322045612e-03
1.385416666666666607e+01,-3.871171520535329758e-03
1.387500000000000000e+01,-3.836809978880709182e-03
1.389583333333333215e+01,-3.801779344862657450e-03
1.391666666666666607e+01,-3.766085406116295720e-03
1.393750000000000000e+01,-3.729734075662322068e-03
1.395833333333333215e+01,-3.692731391156736653e-03
1.397916666666666607e+01,-3.655083514117501986e-03
1.400000000000000000e+01,-3.616796729103699537e-03
1.402083333333333215e+01,-3.577877442891605475e-03
1.404166666666666607e+01,-3.538332183623080218e-03
1.406250000000000000e+01,-3.498167599934348670e-03
1.408333333333333215e+01,-3.457390460066711579e-03
1.410416666666666607e+01,-3.416007650945823704e-03
1.412500000000000000e+01,-3.374026177237365864e-03
1.414583333333333215e+01,-3.331453160398928359e-03
1.416666666666666607e+01,-3.288295837707330693e-03
1.418750000000000000e+01,-3.244561561262002125e-03
1.420833333333333215e+01,-3.200257796961883394e-03
1.422916666666666607e+01,-3.155392123476125077e-03
1.425000000000000000e+01,-3.109972231202087767e-03
1.427083333333333215e+01,-3.064005921202817007e-03
1.429166666666666607e+01,-3.017501104123951339e-03
1.431250000000000000e+01,-2.970465799090438175e-03
1.433333333333333215e+01,-2.922908132610618770e-03
1.435416666666666607e+01,-2.874836337455541346e-03
1.437500000000000000e+01,-2.826258751506008360e-03
1.439583333333333215e+01,-2.777183816629433255e-03
1.441666666666666607e+01,-2.727620077527179165e-03
1.443750000000000000e+01,-2.677576180549839924e-03
1.445833333333333215e+01,-2.627060872534961455e-03
1.447916666666666607e+01,-2.576082999633147463e-03
1.450000000000000000e+01,-2.524651506118635869e-03
1.452083333333333215e+01,-2.472775433188759142e-03
1.454166666666666607e+01,-2.420463917772897045e-03
1.456250000000000000e+01,-2.367726191337640729e-03
1.458333333333333215e+01,-2.314571578685087339e-03
1.460416666666666607e+01,-2.261009496733606960e-03
1.462500000000000000e+01,-2.207049453322923460e-03
1.464583333333333215e+01,-2.152701046013283381e-03
1.466666666666666607e+01,-2.097973960873633636e-03
1.468750000000000000e+01,-2.042877971273920901e-03
1.470833333333333215e+01,-1.987422936687049946e-03
1.472916666666666607e+01,-1.931618801485679437e-03
1.475000000000000000e+01,-1.875475593736811164e-03
1.477083333333333215e+01,-1.819003424001874869e-03
1.479166666666666607e+01,-1.762212484128236611e-03
1.481250000000000000e+01,-1.705113046047077030e-03
1.483333333333333215e+01,-1.647715460555199130e-03
1.485416666666666607e+01,-1.590030156108493409e-03
1.487500000000000000e+01,-1.532067637588674369e-03
1.489583333333333215e+01,-1.473838485043371671e-03
1.491666666666666607e+01,-1.415353352433548761e-03
1.493750000000000000e+01,-1.356622966339121605e-03
1.495833333333333215e+01,-1.297658124632145027e-03
1.497916666666666607e+01,-1.238469695106034218e-03
1.500000000000000000e+01,-1.179068614056158482e-03
1.502083333333333215e+01,-1.119465884795070587e-03
1.504166666666666607e+01,-1.059672576072770434e-03
1.506250000000000000e+01,-9.996998204220702844e-04
1.508333333333333215e+01,-9.395588123917580914e-04
1.510416666666666607e+01,-8.792608066317542104e-04
1.512500000000000000e+01,-8.188171158399620841e-04
1.514583333333333215e+01,-7.582391085137751841e-04
1.516666666666666607e+01,-6.975382065047414093e-04
1.518750000000000000e+01,-6.367258823403304513e-04
1.520833333333333215e+01,-5.758136562712956596e-04
1.522916666666666607e+01,-5.148130930126976201e-04
1.525000000000000000e+01,-4.537357981548167940e-04
1.527083333333333215e+01,-3.925934142059855914e-04
1.529166666666666607e+01,-3.313976162025583649e-04
1.531250000000000000e+01,-2.701601068734460487e-04
1.533333333333333215e+01,-2.088926113294475861e-04
1.535416666666666607e+01,-1.476068712141787032e-04
1.537500000000000000e+01,-8.631463830331698173e-05
1.539583333333333215e+01,-2.502766752722485055e-05
1.541666666666666607e+01,3.624229061914563399e-05
1.543750000000000000e+01,9.748349828551938767e-05
1.545833333333333215e+01,1.586842390781245671e-04
1.547916666666666607e+01,2.198328274715805053e-04
1.550000000000000000e+01,2.809176188128953422e-04
1.552083333333333215e+01,3.419270198513346681e-04
1.554166666666666607e+01,4.028494997375398068e-04
1.556250000000000000e+01,4.636736013973463688e-04
1.558333333333333215e+01,5.243879531950379480e-04
1.560416666666666607e+01,5.849812807494775280e-04
1.562500000000000000e+01,6.454424187398305479e-04
1.564583333333333215e+01,7.057603225510827860e-04
1.566666666666666607e+01,7.659240795516858435e-04
1.568750000000000000e+01,8.259229198236822667e-04
1.570833333333333215e+01,8.857462261280674154e-04
1.572916666666666607e+01,9.453835428895607240e-04
1.575000000000000000e+01,1.004824583985625130e-03
1.577083333333333215e+01,1.064059239138395729e-03
1.579166666666666607e+01,1.123077578754849704e-03
1.581250000000000000e+01,1.181869857060008355e-03
1.583333333333333215e+01,1.240426513402309583e-03
1.585416666666666607e+01,1.298738171652089046e-03
1.587500000000000000e+01,1.356795637679139577e-03
1.589583333333333215e+01,1.414589894974463413e-03
1.591666666666666607e+01,1.472112098464012364e-03
1.593750000000000000e+01,1.529353566670749176e-03
1.595833333333333215e+01,1.586305772392729296e-03
1.597916666666666607e+01,1.642960332161699788e-03
1.600000000000000000e+01,1.699308994756495994e-03
1.602083333333333215e+01,1.755343629028363606e-03
1.604166666666666430e+01,1.811056211373063274e-03
1.606250000000000000e+01,1.866438813163590060e-03
1.608333333333333215e+01,1.921483588400427212e-03
1.610416666666666430e+01,1.976182761931968845e-03
1.612500000000000000e+01,2.030528618414975672e-03
1.614583333333333215e+01,2.084513492251791056e-03
1.616666666666666430e+01,2.138129758659776392e-03
1.618750000000000000e+01,2.191369825943534355e-03
1.620833333333333215e+01,2.244226129098858546e-03
1.622916666666666430e+01,2.296691124693620023e-03
1.625000000000000000e+01,2.348757286996946969e-03
1.627083333333333215e+01,2.400417105313315536e-03
1.629166666666666430e+01,2.451663082403271465e-03
1.631250000000000000e+01,2.502487733867214681e-03
1.633333333333333215e+01,2.552883588364807110e-03
1.635416666666666430e+01,2.602843188539483155e-03
1.637500000000000000e+01,2.652359092507883265e-03
1.639583333333333215e+01,2.701423875789393803e-03
1.641666666666666430e+01,2.750030133565423140e-03
1.643750000000000000e+01,2.798170483183107238e-03
1.645833333333333215e+01,2.845837566807854491e-03
1.647916666666666430e+01,2.893024054212156582e-03
1.650000000000000000e+01,2.939722645605991058e-03
1.652083333333333215e+01,2.985926074506109473e-03
1.654166666666666430e+01,3.031627110619564136e-03
1.656250000000000000e+01,3.076818562742514307e-03
1.658333333333333215e+01,3.121493281672521602e-03
1.660416666666666430e+01,3.165644163102401820e-03
1.662500000000000000e+01,3.209264150532104010e-03
1.664583333333333215e+01,3.252346238168515868e-03
1.666666666666666430e+01,3.294883473826143439e-03
1.668750000000000000e+01,3.336868961791153443e-03
1.670833333333333215e+01,3.378295865677255483e-03
1.672916666666666430e+01,3.419157411231374399e-03
1.675000000000000000e+01,3.459446889065340147e-03
1.677083333333333215e+01,3.499157657333953897e-03
1.679166666666666430e+01,3.538283144325374274e-03
1.681250000000000000e+01,3.576816850955205629e-03
1.683333333333333215e+01,3.614752353160499698e-03
1.685416666666666430e+01,3.652083304172479283e-03
1.687500000000000000e+01,3.688803436691839854e-03
1.689583333333333215e+01,3.724906564957011779e-03
1.691666666666666430e+01,3.760386586701428002e-03
1.693750000000000000e+01,3.795237485035143910e-03
1.695833333333333215e+01,3.829453330230117580e-03
1.697916666666666430e+01,3.863028281418726118e-03
1.700000000000000000e+01,3.895956588251377195e-03
1.702083333333333215e+01,3.928232592482011620e-03
1.704166666666666430e+01,3.959850729516364853e-03
1.706250000000000000e+01,3.990805529916346961e-03
1.708333333333333215e+01,4.021091620869492178e-03
1.710416666666666430e+01,4.050703727626642214e-03
1.712500000000000000e+01,4.079636674911464589e-03
1.714583333333333215e+01,4.107885388300369645e-03
1.716666666666666430e+01,4.135444895568995971e-03
1.718750000000000000e+01,4.162310328012612526e-03
1.720833333333333215e+01,4.188476921727593560e-03
1.722916666666666430e+01,4.213940018862522008e-03
1.725000000000000000e+01,4.238695068831344059e-03
1.727083333333333215e+01,4.262737629481976043e-03
1.729166666666666430e+01,4.286063368231833592e-03
1.731250000000000000e+01,4.308668063178318353e-03
1.733333333333333215e+01,4.330547604162279796e-03
1.735416666666666430e+01,4.351697993800959785e-03
1.737500000000000000e+01,4.372115348481947494e-03
1.739583333333333215e+01,4.391795899340106279e-03
1.741666666666666430e+01,4.410735993202297145e-03
1.743750000000000000e+01,4.428932093518508917e-03
1.745833333333333215e+01,4.446380781268799431e-03
1.747916666666666430e+01,4.463078755828311928e-03
1.750000000000000000e+01,4.479022835834726990e-03
1.752083333333333215e+01,4.494209960048532737e-03
1.754166666666666430e+01,4.508637188180206895e-03
1.756250000000000000e+01,4.522301701697591797e-03
1.758333333333333215e+01,4.535200804618468723e-03
1.760416666666666430e+01,4.547331924290798355e-03
1.762500000000000000e+01,4.558692612150073292e-03
1.764583333333333215e+01,4.569280544444852266e-03
1.766666666666666430e+01,4.579093522965260732e-03
1.768750000000000000e+01,4.588129475731518234e-03
1.770833333333333215e+01,4.596386457654862839e-03
1.772916666666666430e+01,4.603862651193245392e-03
1.775000000000000000e+01,4.610556366976782325e-03
1.777083333333333215e+01,4.616466044404897787e-03
1.779166666666666430e+01,4.621590252227704941e-03
1.781250000000000000e+01,4.625927689109237718e-03
1.783333333333333215e+01,4.629477184149876669e-03
1.785416666666666430e+01,4.632237697415999070e-03
1.787500000000000000e+01,4.634208320431125114e-03
1.789583333333333215e+01,4.635388276641872439e-03
1.791666666666666430e+01,4.635776921879046497e-03
1.793750000000000000e+01,4.635373744788327290e-03
1.795833333333333215e+01,4.634178367241829910e-03
1.797916666666666430e+01,4.632190544736622569e-03
1.800000000000000000e+01,4.629410166756874404e-03
1.802083333333333215e+01,4.625837257123684154e-03
1.804166666666666430e+01,4.621471974322857029e-03
1.806250000000000000e+01,4.616314611814466978e-03
1.808333333333333215e+01,4.610365598315424931e-03
1.810416666666666430e+01,4.603625498050819415e-03
1.812500000000000000e+01,4.596095010995639857e-03
1.814583333333333215e+01,4.587774973084535884e-03
1.816666666666666430e+01,4.578666356398506526e-03
1.818750000000000000e+01,4.568770269323361999e-03
1.820833333333333215e+01,4.558087956696845605e-03
1.822916666666666430e+01,4.546620799916880479e-03
1.825000000000000000e+01,4.534370317040136572e-03
1.827083333333333215e+01,4.521338162848612813e-03
1.829166666666666430e+01,4.507526128873253629e-03
1.831250000000000000e+01,4.492936143422707196e-03
1.833333333333333215e+01,4.477570271581805816e-03
1.835416666666666430e+01,4.461430715175219996e-03
1.837500000000000000e+01,4.444519812706444750e-03
1.839583333333333215e+01,4.426840039280122152e-03
1.841666666666666430e+01,4.408394006495730544e-03
1.843750000000000000e+01,4.389184462314732471e-03
1.845833333333333215e+01,4.369214290909924359e-03
1.847916666666666430e+01,4.348486512478377808e-03
1.850000000000000000e+01,4.327004283028505760e-03
1.852083333333333215e+01,4.304770894159759553e-03
1.854166666666666430e+01,4.281789772795904780e-03
1.856250000000000000e+01,4.258064480896626980e-03
1.858333333333333215e+01,4.233598715152546432e-03
1.860416666666666430e+01,4.208396306647654850e-03
1.862500000000000000e+01,4.182461220501601518e-03
1.864583333333333215e+01,4.155797555465433335e-03
1.866666666666666430e+01,4.128409543512796820e-03
1.868750000000000000e+01,4.100301549411572433e-03
1.870833333333333215e+01,4.071478070251835502e-03
1.872916666666666430e+01,4.041943734940926791e-03
1.875000000000000000e+01,4.011703303697461420e-03
1.877083333333333215e+01,3.980761667508783685e-03
1.879166666666666430e+01,3.949123847555552347e-03
1.881250000000000000e+01,3.916794994627936788e-03
1.883333333333333215e+01,3.883780388500221448e-03
1.885416666666666430e+01,3.850085437283864986e-03
1.887500000000000000e+01,3.815715676763697939e-03
1.889583333333333215e+01,3.780676769708474216e-03
1.891666666666666430e+01,3.744974505148199184e-03
1.893750000000000000e+01,3.708614797628226323e-03
1.895833333333333215e+01,3.671603686447699744e-03
1.897916666666666430e+01,3.633947334879761293e-03
1.900000000000000000e+01,3.595652029339091449e-03
1.902083333333333215e+01,3.556724178558567928e-03
1.904166666666666430e+01,3.517170312729994697e-03
1.906250000000000000e+01,3.476997082616478663e-03
1.908333333333333215e+01,3.436211258659602197e-03
1.910416666666666430e+01,3.394819730043671657e-03
1.912500000000000000e+01,3.352829503749515938e-03
1.914583333333333215e+01,3.310247703594212942e-03
1.916666666666666430e+01,3.267081569256452545e-03
1.918750000000000000e+01,3.223338455252189316e-03
1.920833333333333215e+01,3.179025829902634714e-03
1.922916666666666430e+01,3.134151274312907409e-03
1.925000000000000000e+01,3.088722481314837287e-03
1.927083333333333215e+01,3.042747254366262588e-03
1.929166666666666430e+01,2.996233506465939556e-03
1.931250000000000000e+01,2.949189259050799539e-03
1.933333333333333215e+01,2.901622640870307746e-03
1.935416666666666430e+01,2.853541886845251119e-03
1.937500000000000000e+01,2.804955336916742370e-03
1.939583333333333215e+01,2.755871434887854909e-03
1.941666666666666430e+01,2.706298727239819790e-03
1.943750000000000000e+01,2.656245861950970455e-03
1.945833333333333215e+01,2.605721587306361609e-03
1.947916666666666430e+01,2.554734750684531375e-03
1.950000000000000000e+01,2.503294297348385156e-03
1.952083333333333215e+01,2.451409269233789656e-03
1.954166666666666430e+01,2.399088803728757768e-03
1.956250000000000000e+01,2.346342132425197069e-03
1.958333333333333215e+01,2.293178579893140334e-03
1.960416666666666430e+01,2.239607562450979250e-03
1.962500000000000000e+01,2.185638586918961512e-03
1.964583333333333215e+01,2.131281249384553433e-03
1.966666666666666430e+01,2.076545233955312542e-03
1.968750000000000000e+01,2.021440311505681708e-03
1.970833333333333215e+01,1.965976338441061122e-03
1.972916666666666430e+01,1.910163255455135656e-03
1.975000000000000000e+01,1.854011086285495269e-03
1.977083333333333215e+01,1.797529936455807831e-03
1.979166666666666430e+01,1.740729992030523587e-03
1.981250000000000000e+01,1.683621518360253755e-03
1.983333333333333215e+01,1.626214858822652709e-03
1.985416666666666430e+01,1.568520433565881445e-03
1.987500000000000000e+01,1.510548738230962917e-03
1.989583333333333215e+01,1.452310342651239039e-03
1.991666666666666430e+01,1.393815889543292830e-03
1.993750000000000000e+01,1.335076093193623969e-03
1.995833333333333215e+01,1.276101738090659743e-03
1.997916666666666430e+01,1.216903677516631421e-03
2.000000000000000000e+01,1.157492832118092729e-03
2.002083333333333215e+01,1.097880188403788093e-03
2.004166666666666430e+01,1.038076797176490373e-03
2.006250000000000000e+01,9.780937718779081358e-04
2.008333333333333215e+01,9.179422868537817637e-04
2.010416666666666430e+01,8.576335754930386468e-04
2.012500000000000000e+01,7.971789282342628402e-04
2.014583333333333215e+01,7.365896904218682817e-04
2.016666666666666430e+01,6.758772599930323866e-04
2.018750000000000000e+01,6.150530849376445452e-04
2.020833333333333215e+01,5.541286605428435985e-04
2.022916666666666430e+01,4.931155263815517609e-04
2.025000000000000000e+01,4.320252629915061204e-04
2.027083333333333215e+01,3.708694882342544741e-04
2.029166666666666430e+01,3.096598532963956707e-04
2.031250000000000000e+01,2.484080382909731322e-04
2.033333333333333215e+01,1.871257474178461555e-04
2.035416666666666430e+01,1.258247036652615503e-04
2.037500000000000000e+01,6.451664302160875497e-05
2.039583333333333215e+01,3.213308142319126759e-06
2.041666666666666430e+01,-5.807355852908979710e-05
2.043750000000000000e+01,-1.193322222070164473e-04
2.045833333333333215e+01,-1.805509637830687852e-04
2.047916666666666430e+01,-2.417180884444203315e-04
2.050000000000000000e+01,-3.028219348336497196e-04
2.052083333333333215e+01,-3.638508847685489878e-04
2.054166666666666430e+01,-4.247933734512904236e-04
2.056250000000000000e+01,-4.856379001082905544e-04
2.058333333333333215e+01,-5.463730390046078744e-04
2.060416666666666430e+01,-6.069874506991063123e-04
2.062500000000000000e+01,-6.674698934593242816e-04
2.064583333333333215e+01,-7.278092346760106635e-04
2.066666666666666430e+01,-7.879944621095452684e-04
2.068750000000000000e+01,-8.480146948017519559e-04
2.070833333333333215e+01,-9.078591934916085959e-04
2.072916666666666430e+01,-9.675173703206085829e-04
2.075000000000000000e+01,-1.026978797603494975e-03
2.077083333333333215e+01,-1.086233215504578409e-03
2.079166666666666430e+01,-1.145270538424086881e-03
2.081250000000000000e+01,-1.204080859908404633e-03
2.083333333333333215e+01,-1.262654455982281654e-03
2.085416666666666430e+01,-1.320981786734523600e-03
2.087500000000000000e+01,-1.379053496120941080e-03
2.089583333333333215e+01,-1.436860409970611152e-03
2.091666666666666430e+01,-1.494393532167723193e-03
2.093750000000000000e+01,-1.551644039105598560e-03
2.095833333333333215e+01,-1.608603272546277330e-03
2.097916666666666430e+01,-1.665262731031597054e-03
2.100000000000000000e+01,-1.721614060035819849e-03
2.102083333333333215e+01,-1.777649041153739340e-03
2.104166666666666430e+01,-1.833359580555207757e-03
2.106250000000000000e+01,-1.888737696983111558e-03
2.108333333333333215e+01,-1.943775509620576658e-03
2.110416666666666430e+01,-1.998465226092066560e-03
2.112500000000000000e+01,-2.052799130850588294e-03
2.114583333333333215e+01,-2.106769574212796758e-03
2.116666666666666430e+01,-2.160368962232803169e-03
2.118750000000000000e+01,-2.213589747586258705e-03
2.120833333333333215e+01,-2.266424421581494930e-03
2.122916666666666430e+01,-2.318865507359629818e-03
2.125000000000000000e+01,-2.370905554326896425e-03
2.127083333333333215e+01,-2.422537133786720198e-03
2.129166666666666430e+01,-2.473752835751269474e-03
2.131250000000000000e+01,-2.524545266825065082e-03
2.133333333333333215e+01,-2.574907049066432752e-03
2.135416666666666430e+01,-2.624830819713139252e-03
2.137500000000000000e+01,-2.674309231646646023e-03
2.139583333333333215e+01,-2.723334954469580627e-03
2.141666666666666430e+01,-2.771900676098171257e-03
2.143750000000000000e+01,-2.819999104723469596e-03
2.145833333333333215e+01,-2.867622971064839876e-03
2.147916666666666430e+01,-2.914765030850099969e-03
2.150000000000000000e+01,-2.961418067443669089e-03
2.152083333333333215e+01,-3.007574894581213631e-03
2.154166666666666430e+01,-3.053228359146842319e-03
2.156250000000000000e+01,-3.098371344024825058e-03
2.158333333333333215e+01,-3.142996770976957954e-03
2.160416666666666430e+01,-3.187097603500693710e-03
2.162500000000000000e+01,-3.230666849724575518e-03
2.164583333333333215e+01,-3.273697565311747826e-03
2.166666666666666430e+01,-3.316182856357263731e-03
2.168750000000000000e+01,-3.358115882277523667e-03
2.170833333333333215e+01,-3.399489858678939047e-03
2.172916666666666430e+01,-3.440298060210442155e-03
2.175000000000000000e+01,-3.480533823369907909e-03
2.177083333333333215e+01,-3.520190549262239288e-03
2.179166666666666430e+01,-3.559261706291630412e-03
2.181250000000000000e+01,-3.597740832779972031e-03
2.183333333333333215e+01,-3.635621539482089548e-03
2.185416666666666430e+01,-3.672897512016923272e-03
2.187500000000000000e+01,-3.709562513209196943e-03
2.189583333333333215e+01,-3.745610385307726609e-03
2.191666666666666430e+01,-3.781035052091527571e-03
2.193750000000000000e+01,-3.815830520888449651e-03
2.195833333333333215e+01,-3.849990884515541723e-03
2.197916666666666430e+01,-3.883510323115291207e-03
2.200000000000000000e+01,-3.916383105908888274e-03
2.202083333333333215e+01,-3.948603592896469949e-03
2.204166666666666430e+01,-3.980166236476012642e-03
2.206250000000000000e+01,-4.011065583026170167e-03
2.208333333333333215e+01,-4.041296274454660165e-03
2.210416666666666430e+01,-4.070853049689758529e-03
2.212500000000000000e+01,-4.099730746124997938e-03
2.214583333333333215e+01,-4.127924301053520484e-03
2.216666666666666430e+01,-4.155428753068436676e-03
2.218750000000000000e+01,-4.182239243418074681e-03
2.220833333333333215e+01,-4.208351017326361632e-03
2.222916666666666430e+01,-4.233759425302879853e-03
2.225000000000000000e+01,-4.258459924389598750e-03
2.227083333333333215e+01,-4.282448079381336037e-03
2.229166666666666430e+01,-4.305719564015285383e-03
2.231250000000000000e+01,-4.328270162114455921e-03
2.233333333333333215e+01,-4.350095768702363919e-03
2.235416666666666430e+01,-4.371192391075341688e-03
2.237500000000000000e+01,-4.391556149829632660e-03
2.239583333333333215e+01,-4.411183279882574526e-03
2.241666666666666430e+01,-4.430070131454501292e-03
2.243750000000000000e+01,-4.448213171009927913e-03
2.245833333333333215e+01,-4.465608982180103992e-03
2.247916666666666430e+01,-4.482254266663449754e-03
2.250000000000000000e+01,-4.498145845120423564e-03
2.252083333333333215e+01,-4.513280658024362152e-03
2.254166666666666430e+01,-4.527655766498186324e-03
2.256250000000000000e+01,-4.541268353137867253e-03
2.258333333333333215e+01,-4.554115722823642159e-03
2.260416666666666430e+01,-4.566195303499422098e-03
2.262500000000000000e+01,-4.577504646938825028e-03
2.264583333333333215e+01,-4.588041429492629997e-03
2.266666666666666430e+01,-4.597803452809627600e-03
2.268750000000000000e+01,-4.606788644540140559e-03
2.270833333333333215e+01,-4.614995059018160359e-03
2.272916666666666430e+01,-4.622420877920512677e-03
2.275000000000000000e+01,-4.629064410898305407e-03
2.277083333333333215e+01,-4.634924096191801388e-03
2.279166666666666430e+01,-4.639998501220904403e-03
2.281250000000000000e+01,-4.644286323151620120e-03
2.283333333333333215e+01,-4.647786389428226750e-03
2.285416666666666430e+01,-4.650497658306117915e-03
2.287500000000000000e+01,-4.652419219360187652e-03
2.289583333333333215e+01,-4.653550293952663647e-03
2.291666666666666430e+01,-4.653890235677241548e-03
2.293750000000000000e+01,-4.653438530814030076e-03
2.295833333333333215e+01,-4.652194798744209783e-03
2.297916666666666430e+01,-4.650158792339587760e-03
2.300000000000000000e+01,-4.647330398335466906e-03
2.302083333333333215e+01,-4.643709637670977858e-03
2.304166666666666430e+01,-4.639296665832624497e-03
2.306250000000000000e+01,-4.634091773159825997e-03
2.308333333333333215e+01,-4.628095385129324738e-03
2.310416666666666430e+01,-4.621308062610175044e-03
2.312500000000000000e+01,-4.613730502103233905e-03
2.314583333333333215e+01,-4.605363535956821797e-03
2.316666666666666430e+01,-4.596208132556747761e-03
2.318750000000000000e+01,-4.586265396490433327e-03
2.320833333333333215e+01,-4.575536568692806227e-03
2.322916666666666430e+01,-4.564023026560292545e-03
2.325000000000000000e+01,-4.551726284038590253e-03
2.327083333333333215e+01,-4.538647991690989564e-03
2.329166666666666430e+01,-4.524789936743992685e-03
2.331250000000000000e+01,-4.510154043107828664e-03
2.333333333333333215e+01,-4.494742371366731992e-03
2.335416666666666430e+01,-4.478557118743273224e-03
2.337500000000000000e+01,-4.461600619040342885e-03
2.339583333333333215e+01,-4.443875342570437204e-03
2.341666666666666430e+01,-4.425383896043424969e-03
2.343750000000000000e+01,-4.406129022435111009e-03
2.345833333333333215e+01,-4.386113600826614667e-03
2.347916666666666430e+01,-4.365340646221183007e-03
2.350000000000000000e+01,-4.343813309345100071e-03
2.352083333333333215e+01,-4.321534876407462367e-03
2.354166666666666430e+01,-4.298508768840803018e-03
2.356250000000000000e+01,-4.274738543012593373e-03
2.358333333333333215e+01,-4.250227889916052826e-03
2.360416666666666430e+01,-4.224980634838809701e-03
2.362500000000000000e+01,-4.199000736984349891e-03
2.364583333333333215e+01,-4.172292289093298967e-03
2.366666666666666430e+01,-4.144859517027921214e-03
2.368750000000000000e+01,-4.116706779318961285e-03
2.370833333333333215e+01,-4.087838566701078313e-03
2.372916666666666430e+01,-4.058259501628191934e-03
2.375000000000000000e+01,-4.027974337746029199e-03
2.377083333333333215e+01,-3.996987959339191876e-03
2.379166666666666430e+01,-3.965305380768481547e-03
2.381250000000000000e+01,-3.932931745874543306e-03
2.383333333333333215e+01,-3.899872327359360513e-03
2.385416666666666430e+01,-3.866132526120807933e-03
2.387500000000000000e+01,-3.831717870602754927e-03
2.389583333333333215e+01,-3.796634016081282259e-03
2.391666666666666430e+01,-3.760886743947713939e-03
2.393750000000000000e+01,-3.724481960973496930e-03
2.395833333333333215e+01,-3.687425698519750106e-03
2.397916666666666430e+01,-3.649724111755639488e-03
2.400000000000000000e+01,-3.611383478845819894e-03
2.402083333333333215e+01,-3.572410200092121513e-03
2.404166666666666430e+01,-3.532810797080482290e-03
2.406250000000000000e+01,-3.492591911795739357e-03
2.408333333333333215e+01,-3.451760305708276300e-03
2.410416666666666430e+01,-3.410322858842601557e-03
2.412500000000000000e+01,-3.368286568829856331e-03
2.414583333333333215e+01,-3.325658549932095087e-03
2.416666666666666430e+01,-3.282446032050953533e-03
2.418750000000000000e+01,-3.238656359716166055e-03
2.420833333333333215e+01,-3.194296991050726842e-03
2.422916666666666430e+01,-3.149375496725975720e-03
2.425000000000000000e+01,-3.103899558892286858e-03
2.427083333333333215e+01,-3.057876970099640546e-03
2.429166666666666430e+01,-3.011315632190258995e-03
2.431250000000000000e+01,-2.964223555184747338e-03
2.433333333333333215e+01,-2.916608856156910345e-03
2.435416666666666430e+01,-2.868479758091291298e-03
2.437500000000000000e+01,-2.819844588724390588e-03
2.439583333333333215e+01,-2.770711779372311834e-03
2.441666666666666430e+01,-2.721089863758366367e-03
2.443750000000000000e+01,-2.670987476825689710e-03
2.445833333333333215e+01,-2.620413353536452106e-03
2.447916666666666430e+01,-2.569376327670402915e-03
2.450000000000000000e+01,-2.517885330620292517e-03
2.452083333333333215e+01,-2.465949390166227717e-03
2.454166666666666430e+01,-2.413577629258978341e-03
2.456250000000000000e+01,-2.360779264802784216e-03
2.458333333333333215e+01,-2.307563606436746628e-03
2.460416666666666430e+01,-2.253940055298317424e-03
2.462500000000000000e+01,-2.199918102801776132e-03
2.464583333333333215e+01,-2.145507329427157051e-03
2.466666666666666430e+01,-2.090717403504388505e-03
2.468750000000000000e+01,-2.035558079992560998e-03
2.470833333333333215e+01,-1.980039199273225803e-03
2.472916666666666430e+01,-1.924170685944692760e-03
2.475000000000000000e+01,-1.867962547633356118e-03
2.477083333333333215e+01,-1.811424873808434310e-03
2.479166666666666430e+01,-1.754567834597958731e-03
2.481250000000000000e+01,-1.697401679604720881e-03
2.483333333333333215e+01,-1.639936736740746359e-03
2.485416666666666430e+01,-1.582183411074800095e-03
2.487500000000000000e+01,-1.524152183659907567e-03
2.489583333333333215e+01,-1.465853610375572602e-03
2.491666666666666430e+01,-1.407298320775615674e-03
2.493750000000000000e+01,-1.348497016909699919e-03
2.495833333333333215e+01,-1.289460472143358349e-03
2.497916666666666430e+01,-1.230199529972109129e-03
2.500000000000000000e+01,-1.170725102789982319e-03
2.502083333333333215e+01,-1.111048170647013777e-03
2.504166666666666430e+01,-1.051179779943331449e-03
2.506250000000000000e+01,-9.911310420637475804e-04
2.508333333333333215e+01,-9.309131319568120233e-04
2.510416666666666430e+01,-8.705372866206900762e-04
2.512500000000000000e+01,-8.100148034821674781e-04
2.514583333333333215e+01,-7.493570386175735232e-04
2.516666666666666430e+01,-6.885754048450154485e-04
2.518750000000000000e+01,-6.276813696386301933e-04
2.520833333333333215e+01,-5.666864528033194182e-04
2.522916666666666430e+01,-5.056022239040974808e-04
2.525000000000000000e+01,-4.444402994174950772e-04
2.527083333333333215e+01,-3.832123395450248715e-04
2.529166666666666430e+01,-3.219300446550693584e-04
2.531250000000000000e+01,-2.606051513080187565e-04
2.533333333333333215e+01,-1.992494278114514961e-04
2.535416666666666430e+01,-1.378746692678456398e-04
2.537500000000000000e+01,-7.649269204021424962e-05
2.539583333333333215e+01,-1.511532764295053788e-05
2.541666666666666430e+01,4.624558404191236871e-05
2.543750000000000000e+01,1.075782022358501289e-04
2.545833333333333215e+01,1.688706934613315447e-04
2.547916666666666430e+01,2.301112404614336082e-04
2.550000000000000000e+01,2.912880518651100870e-04
2.552083333333333215e+01,3.523893726098542567e-04
2.554166666666666430e+01,4.134034950631776395e-04
2.556250000000000000e+01,4.743187708047685858e-04
2.558333333333333215e+01,5.351236230003025840e-04
2.560416666666666430e+01,5.958065592601147209e-04
2.562500000000000000e+01,6.563561848665772080e-04
2.564583333333333215e+01,7.167612161926156800e-04
2.566666666666666430e+01,7.770104941347139027e-04
2.568750000000000000e+01,8.370929973773033606e-04
2.570833333333333215e+01,8.969978552004764794e-04
2.572916666666666430e+01,9.567143596149046969e-04
2.575000000000000000e+01,1.016231976528697567e-03
2.577083333333333215e+01,1.075540355712639728e-03
2.579166666666666430e+01,1.134629339278867000e-03
2.581250000000000000e+01,1.193488968410566509e-03
2.583333333333333215e+01,1.252109488144650951e-03
2.585416666666666430e+01,1.310481350030423542e-03
2.587500000000000000e+01,1.368595212516726667e-03
2.589583333333333215e+01,1.426441938996381165e-03
2.591666666666666430e+01,1.484012593512912259e-03
2.593750000000000000e+01,1.541298434200172318e-03
2.595833333333333215e+01,1.598290904580135230e-03
2.597916666666666430e+01,1.654981622915954742e-03
2.600000000000000000e+01,1.711362369917299175e-03
2.602083333333333215e+01,1.767425075100637066e-03
2.604166666666666430e+01,1.823161802193370984e-03
2.606250000000000000e+01,1.878564733954105059e-03
2.608333333333333215e+01,1.933626156804937879e-03
2.610416666666666430e+01,1.988338445689949441e-03
2.612500000000000000e+01,2.042694049536997181e-03
2.614583333333333215e+01,2.096685477625287453e-03
2.616666666666666430e+01,2.150305287142911803e-03
2.618750000000000000e+01,2.203546072173614978e-03
2.620833333333333215e+01,2.256400454257553867e-03
2.622916666666666430e+01,2.308861074574217187e-03
2.625000000000000000e+01,2.360920587821987993e-03
2.627083333333333215e+01,2.412571657702339278e-03
2.629166666666666430e+01,2.463806953912864306e-03
2.631250000000000000e+01,2.514619150556215987e-03
2.633333333333333215e+01,2.565000925744131965e-03
2.635416666666666430e+01,2.614944962235549175e-03
2.637500000000000000e+01,2.664443948919667515e-03
2.639583333333333215e+01,2.713490582963148934e-03
2.641666666666666430e+01,2.762077572427606986e-03
2.643750000000000000e+01,2.810197639228073641e-03
2.645833333333333215e+01,2.857843522315453577e-03
2.647916666666666430e+01,2.905007980959189995e-03
2.650000000000000000e+01,2.951683798071813580e-03
2.652083333333333215e+01,2.997863783539778115e-03
2.654166666666666430e+01,3.043540777511330453e-03
2.656250000000000000e+01,3.088707653647243534e-03
2.658333333333333215e+01,3.133357322340823981e-03
2.660416666666666430e+01,3.177482733880798715e-03
2.662500000000000000e+01,3.221076881607415343e-03
2.664583333333333215e+01,3.264132805058092557e-03
2.666666666666666430e+01,3.306643593104369172e-03
2.668750000000000000e+01,3.348602387072283082e-03
2.670833333333333215e+01,3.390002383848761403e-03
2.672916666666666430e+01,3.430836838964071434e-03
2.675000000000000000e+01,3.471099069633137857e-03
2.677083333333333215e+01,3.510782457740987961e-03
2.679166666666666430e+01,3.549880452744555437e-03
2.681250000000000000e+01,3.588386574471399970e-03
2.683333333333333215e+01,3.626294415800354609e-03
2.685416666666666430e+01,3.663597645224891952e-03
2.687500000000000000e+01,3.700290009285886472e-03
2.689583333333333215e+01,3.736365334846211694e-03
2.691666666666666430e+01,3.771817531242310784e-03
2.693750000000000000e+01,3.806640592310242543e-03
2.695833333333333215e+01,3.840828598282622353e-03
2.697916666666666430e+01,3.874375717592720703e-03
2.700000000000000000e+01,3.907276208583262966e-03
2.702083333333333215e+01,3.939524421133815124e-03
2.704166666666666430e+01,3.971114798233317533e-03
2.706250000000000000e+01,4.002041877510943702e-03
2.708333333333333215e+01,4.032300292719871726e-03
2.710416666666666430e+01,4.061884775191829111e-03
2.712500000000000000e+01,4.090790155264013850e-03
2.714583333333333215e+01,4.119011363678891369e-03
2.716666666666666430e+01,4.146543432972854548e-03
2.718750000000000000e+01,4.173381498835324055e-03
2.720833333333333215e+01,4.199520801424112826e-03
2.722916666666666430e+01,4.224956686663200456e-03
2.725000000000000000e+01,4.249684607495959887e-03
2.727083333333333215e+01,4.273700125103370440e-03
2.729166666666666430e+01,4.296998910084177947e-03
2.731250000000000000e+01,4.319576743593109280e-03
2.733333333333333215e+01,4.341429518426170864e-03
2.735416666666666430e+01,4.362553240064979965e-03
2.737500000000000000e+01,4.382944027699862966e-03
2.739583333333333215e+01,4.402598115213651742e-03
2.741666666666666430e+01,4.421511852125137310e-03
2.743750000000000000e+01,4.439681704500215986e-03
2.745833333333333215e+01,4.457104255856540742e-03
2.747916666666666430e+01,4.473776208033335838e-03
2.750000000000000000e+01,4.489694382049325139e-03
2.752083333333333215e+01,4.504855718946026294e-03
2.754166666666666430e+01,4.519257280600319504e-03
2.756250000000000000e+01,4.532896250546009087e-03
2.758333333333333215e+01,4.545769934771529130e-03
2.760416666666666430e+01,4.557875762479419307e-03
2.762500000000000000e+01,4.569211286857614157e-03
2.764583333333333215e+01,4.579774185828239946e-03
2.766666666666666430e+01,4.589562262756464311e-03
2.768750000000000000e+01,4.598573447156384733e-03
2.770833333333333215e+01,4.606805795369928180e-03
2.772916666666666430e+01,4.614257491216862406e-03
2.775000000000000000e+01,4.620926846624053008e-03
2.777083333333333215e+01,4.626812302234653215e-03
2.779166666666666430e+01,4.631912427983143898e-03
2.781250000000000000e+01,4.636225923656285899e-03
2.783333333333333215e+01,4.639751619439792113e-03
2.785416666666666430e+01,4.642488476416187053e-03
2.787500000000000000e+01,4.644435587058157004e-03
2.789583333333333215e+01,4.645592175697918491e-03
2.791666666666666430e+01,4.645957598979517933e-03
2.793750000000000000e+01,4.645531346301546086e-03
2.795833333333333215e+01,4.644313040212292437e-03
2.797916666666666430e+01,4.642302436796482724e-03
2.800000000000000000e+01,4.639499426051463260e-03
2.802083333333333215e+01,4.635904032243805435e-03
2.804166666666666430e+01,4.631516414228199069e-03
2.806250000000000000e+01,4.626336865758647054e-03
2.808333333333333215e+01,4.620365815764851045e-03
2.810416666666666430e+01,4.613603828617548683e-03
2.812500000000000000e+01,4.606051604370723501e-03
2.814583333333333215e+01,4.597709978970188072e-03
2.816666666666666430e+01,4.588579924446726382e-03
2.818750000000000000e+01,4.578662549071427917e-03
2.820833333333333215e+01,4.567959097502065358e-03
2.822916666666666430e+01,4.556470950904382977e-03
2.825000000000000000e+01,4.544199627031730859e-03
2.827083333333333215e+01,4.531146780298860033e-03
2.829166666666666430e+01,4.517314201816197139e-03
2.831250000000000000e+01,4.502703819412503389e-03
2.833333333333333215e+01,4.487317697622811297e-03
2.835416666666666430e+01,4.471158037661883411e-03
2.837500000000000000e+01,4.454227177364968038e-03
2.839583333333333215e+01,4.436527591100629386e-03
2.841666666666666430e+01,4.418061889666757835e-03
2.843750000000000000e+01,4.398832820168438462e-03
2.845833333333333215e+01,4.378843265862512879e-03
2.847916666666666430e+01,4.358096245965836779e-03
2.850000000000000000e+01,4.336594915447113119e-03
2.852083333333333215e+01,4.314342564804070357e-03
2.854166666666666430e+01,4.291342619810019354e-03
2.856250000000000000e+01,4.267598641221337363e-03
2.858333333333333215e+01,4.243114324466758236e-03
2.860416666666666430e+01,4.217893499319509687e-03
2.862500000000000000e+01,4.191940129524528158e-03
2.864583333333333215e+01,4.165258312419262143e-03
2.866666666666666430e+01,4.137852278520044724e-03
2.868750000000000000e+01,4.109726391083819153e-03
2.870833333333333215e+01,4.080885145631124589e-03
2.872916666666666430e+01,4.051333169455821615e-03
2.875000000000000000e+01,4.021075221123722454e-03
2.877083333333333215e+01,3.990116189925174695e-03
2.879166666666666430e+01,3.958461095297668986e-03
2.881250000000000000e+01,3.926115086232251361e-03
2.883333333333333215e+01,3.893083440665551231e-03
2.885416666666666430e+01,3.859371564835401003e-03
2.887500000000000000e+01,3.824984992606125789e-03
2.889583333333333215e+01,3.789929384783466415e-03
2.891666666666666430e+01,3.754210528396279001e-03
2.893750000000000000e+01,3.717834335956460290e-03
2.895833333333333215e+01,3.680806844690270863e-03
2.897916666666666430e+01,3.643134215747925730e-03
2.900000000000000000e+01,3.604822733397947121e-03
2.902083333333333215e+01,3.565878804198494012e-03
2.904166666666666430e+01,3.526308956125351335e-03
2.906250000000000000e+01,3.486119837698961610e-03
2.908333333333333215e+01,3.445318217090223567e-03
2.910416666666666430e+01,3.403910981176622164e-03
2.912500000000000000e+01,3.361905134609058377e-03
2.914583333333333215e+01,3.319307798853324276e-03
2.916666666666666430e+01,3.276126211198979177e-03
2.918750000000000000e+01,3.232367723754944744e-03
2.920833333333333215e+01,3.188039802423700553e-03
2.922916666666666430e+01,3.143150025862240238e-03
2.925000000000000000e+01,3.097706084422377493e-03
2.927083333333333215e+01,3.051715779074107293e-03
2.929166666666666430e+01,3.005187020316019142e-03
2.931250000000000000e+01,2.958127827070389237e-03
2.933333333333333215e+01,2.910546325552251790e-03
2.935416666666666430e+01,2.862450748130310196e-03
2.937500000000000000e+01,2.813849432193718525e-03
2.939583333333333215e+01,2.764750818986472236e-03
2.941666666666666430e+01,2.715163452420066292e-03
2.943750000000000000e+01,2.665095977898726542e-03
2.945833333333333215e+01,2.614557141134815632e-03
2.947916666666666430e+01,2.563555786943880199e-03
2.950000000000000000e+01,2.512100858025750894e-03
2.952083333333333215e+01,2.460201393750763299e-03
2.954166666666666430e+01,2.407866528951349561e-03
2.956250000000000000e+01,2.355105492685111157e-03
2.958333333333333215e+01,2.301927607002596243e-03
2.960416666666666430e+01,2.248342285720489331e-03
2.962500000000000000e+01,2.194359033184517527e-03
2.964583333333333215e+01,2.139987443027444036e-03
2.966666666666666430e+01,2.085237196927686165e-03
2.968750000000000000e+01,2.030118063378424931e-03
2.970833333333333215e+01,1.974639896446139797e-03
2.972916666666666430e+01,1.918812634525271510e-03
2.975000000000000000e+01,1.862646299096673563e-03
2.977083333333333215e+01,1.806150993490018841e-03
2.979166666666666430e+01,1.749336901635131780e-03
2.981250000000000000e+01,1.692214286820523106e-03
2.983333333333333215e+01,1.634793490437852492e-03
2.985416666666666430e+01,1.577084930722394418e-03
2.987500000000000000e+01,1.519099101482554448e-03
2.989583333333333215e+01,1.460846570821974777e-03
2.991666666666666430e+01,1.402337979836534854e-03
2.993750000000000000e+01,1.343584041285497688e-03
2.995833333333333215e+01,1.284595538248542446e-03
2.997916666666666430e+01,1.225383322731254943e-03
3.000000000000000000e+01,1.165958314223614067e-03
3.002083333333333215e+01,1.106331498208226738e-03
3.004166666666666430e+01,1.046513924607944679e-03
3.006250000000000000e+01,9.865167061296059581e-04
3.008333333333333215e+01,9.263510165305050004e-04
3.010416666666666430e+01,8.660280887632099134e-04
3.012500000000000000e+01,8.055592129901922860e-04
3.014583333333333215e+01,7.449557344367946365e-04
3.016666666666666430e+01,6.842290510500198542e-04
3.018750000000000000e+01,6.233906109757159086e-04
3.020833333333333215e+01,5.624519098089419966e-04
3.022916666666666430e+01,5.014244875423262693e-04
3.025000000000000000e+01,4.403199252326489566e-04
3.027083333333333215e+01,3.791498413530519640e-04
3.029166666666666430e+01,3.179258877531454530e-04
3.031250000000000000e+01,2.566597452308833072e-04
3.033333333333333215e+01,1.953631186605020442e-04
3.035416666666666430e+01,1.340477316467136859e-04
3.037500000000000000e+01,7.272532068063053412e-05
3.039583333333333215e+01,1.140762874005107896e-05
3.041666666666666430e+01,-4.989360163933087566e-05
3.043750000000000000e+01,-1.111666358839524804e-04
3.045833333333333215e+01,-1.723997554948092370e-04
3.047916666666666430e+01,-2.335812667396686138e-04
3.050000000000000000e+01,-2.946995099122468043e-04
3.052083333333333215e+01,-3.557428691331604442e-04
3.054166666666666430e+01,-4.166997826597629295e-04
3.056250000000000000e+01,-4.775587536173936387e-04
3.058333333333333215e+01,-5.383083610917549500e-04
3.060416666666666430e+01,-5.989372714885338178e-04
3.062500000000000000e+01,-6.594342500043925970e-04
3.064583333333333215e+01,-7.197881720939630634e-04
3.066666666666666430e+01,-7.799880347618137755e-04
3.068750000000000000e+01,-8.400229674955794756e-04
3.070833333333333215e+01,-8.998822426697639099e-04
3.072916666666666430e+01,-9.595552852073446770e-04
3.075000000000000000e+01,-1.019031681298673830e-03
3.077083333333333215e+01,-1.078301185968008613e-03
3.079166666666666430e+01,-1.137353729322845841e-03
3.081250000000000000e+01,-1.196179421308077306e-03
3.083333333333333215e+01,-1.254768554831239835e-03
3.085416666666666430e+01,-1.313111607134126446e-03
3.087500000000000000e+01,-1.371199239334985887e-03
3.089583333333333215e+01,-1.429022294162293760e-03
3.091666666666666430e+01,-1.486571791866980741e-03
3.093750000000000000e+01,-1.543838924400839363e-03
3.095833333333333215e+01,-1.600815047997999896e-03
3.097916666666666430e+01,-1.657491674309688467e-03
3.100000000000000000e+01,-1.713860460332158886e-03
3.102083333333333215e+01,-1.769913197381262071e-03
3.104166666666666430e+01,-1.825641799385185893e-03
3.106250000000000000e+01,-1.881038290755948639e-03
3.108333333333333215e+01,-1.936094794158974008e-03
3.110416666666666430e+01,-1.990803518482714418e-03
3.112500000000000000e+01,-2.045156747266699271e-03
3.114583333333333215e+01,-2.099146827782352731e-03
3.116666666666666430e+01,-2.152766161007804713e-03
3.118750000000000000e+01,-2.206007192659939498e-03
3.120833333333333215e+01,-2.258862405366990345e-03
3.122916666666666430e+01,-2.311324312079435228e-03
3.125000000000000000e+01,-2.363385450697336188e-03
3.127083333333333215e+01,-2.415038379924738798e-03
3.129166666666666430e+01,-2.466275676300547226e-03
3.131250000000000000e+01,-2.517089932282889908e-03
3.133333333333333215e+01,-2.567473755309371275e-03
3.135416666666666430e+01,-2.617419767708351053e-03
3.137500000000000000e+01,-2.666920607320655279e-03
3.139583333333333215e+01,-2.715968928725928655e-03
3.141666666666666430e+01,-2.764557404937778573e-03
3.143750000000000000e+01,-2.812678729468290340e-03
3.145833333333333215e+01,-2.860325618662118430e-03
3.147916666666666430e+01,-2.907490814245364263e-03
3.150000000000000000e+01,-2.954167085988695929e-03
3.152083333333333215e+01,-3.000347234468431212e-03
3.154166666666666430e+01,-3.046024093885865702e-03
3.156250000000000000e+01,-3.091190534927110156e-03
3.158333333333333215e+01,-3.135839467636750144e-03
3.160416666666666430e+01,-3.179963844305702669e-03
3.162500000000000000e+01,-3.223556662370521964e-03
3.164583333333333215e+01,-3.266610967307750912e-03
3.166666666666666430e+01,-3.309119855529313314e-03
3.168750000000000000e+01,-3.351076477274200771e-03
3.170833333333333215e+01,-3.392474039483006631e-03
3.172916666666666430e+01,-3.433305808642275747e-03
3.175000000000000000e+01,-3.473565113582433028e-03
3.177083333333333215e+01,-3.513245348217092223e-03
3.179166666666666430e+01,-3.552339974235152464e-03
3.181250000000000000e+01,-3.590842523706297418e-03
3.183333333333333215e+01,-3.628746601576457453e-03
3.185416666666666430e+01,-3.666045888075633585e-03
3.187500000000000000e+01,-3.702734141037916649e-03
3.189583333333333215e+01,-3.738805198100728089e-03
3.191666666666666430e+01,-3.774252978788569801e-03
3.193750000000000000e+01,-3.809071486521750649e-03
3.195833333333333215e+01,-3.843254810516866238e-03
3.197916666666666430e+01,-3.876797127609507565e-03
3.200000000000000000e+01,-3.909692703989997575e-03
3.202083333333332860e+01,-3.941935896877489520e-03
3.204166666666666430e+01,-3.973521156135653709e-03
3.206250000000000000e+01,-4.004443025842442661e-03
3.208333333333332860e+01,-4.034696145817764923e-03
3.210416666666666430e+01,-4.064275253092226869e-03
3.212500000000000000e+01,-4.093175183365549419e-03
3.214583333333332860e+01,-4.121390872426786145e-03
3.216666666666666430e+01,-4.148917357534885608e-03
3.218750000000000000e+01,-4.175749778770734832e-03
3.220833333333332860e+01,-4.201883380357519793e-03
3.222916666666666430e+01,-4.227313511948403713e-03
3.225000000000000000e+01,-4.252035629873737732e-03
3.227083333333332860e+01,-4.276045298369120229e-03
3.229166666666666430e+01,-4.299338190732658604e-03
3.231250000000000000e+01,-4.321910090464703424e-03
3.233333333333332860e+01,-4.343756892388472846e-03
3.235416666666666430e+01,-4.364874603706769829e-03
3.237500000000000000e+01,-4.385259345026641664e-03
3.239583333333332860e+01,-4.404907351368135549e-03
3.241666666666666430e+01,-4.423814973139789108e-03
3.243750000000000000e+01,-4.441978677078836646e-03
3.245833333333332860e+01,-4.459395047169849302e-03
3.247916666666666430e+01,-4.476060785544327958e-03
3.250000000000000000e+01,-4.491972713358813318e-03
3.252083333333332860e+01,-4.507127771649462739e-03
3.254166666666666430e+01,-4.521523022171826389e-03
3.256250000000000000e+01,-4.535155648215424828e-03
3.258333333333332860e+01,-4.548022955412747703e-03
3.260416666666666430e+01,-4.560122372518484596e-03
3.262500000000000000e+01,-4.571451452176588520e-03
3.264583333333332860e+01,-4.582007871655156828e-03
3.266666666666666430e+01,-4.591789433574182400e-03
3.268750000000000000e+01,-4.600794066607965735e-03
3.270833333333332860e+01,-4.609019826154886479e-03
3.272916666666666430e+01,-4.616464895011161348e-03
3.275000000000000000e+01,-4.623127583988235687e-03
3.277083333333332860e+01,-4.629006332516795094e-03
3.279166666666666430e+01,-4.634099709255955213e-03
3.281250000000000000e+01,-4.638406412652777699e-03
3.283333333333332860e+01,-4.641925271466905249e-03
3.285416666666666430e+01,-4.644655245303134714e-03
3.287500000000000000e+01,-4.646595425112271666e-03
3.289583333333332860e+01,-4.647745033662364564e-03
3.291666666666666430e+01,-4.648103425997258953e-03
3.293750000000000000e+01,-4.647670089874560498e-03
3.295833333333332860e+01,-4.646444646175871933e-03
3.297916666666666430e+01,-4.644426849302268380e-03
3.300000000000000000e+01,-4.641616587539540775e-03
3.302083333333332860e+01,-4.638013883420794709e-03
3.304166666666666430e+01,-4.633618894046063683e-03
3.306250000000000000e+01,-4.628431911391093362e-03
3.308333333333332860e+01,-4.622453362591850967e-03
3.310416666666666430e+01,-4.615683810204889923e-03
3.312500000000000000e+01,-4.608123952444821356e-03
3.314583333333332860e+01,-4.599774623401754747e-03
3.316666666666666430e+01,-4.590636793216522349e-03
3.318750000000000000e+01,-4.580711568255471655e-03
3.320833333333332860e+01,-4.570000191261563288e-03
3.322916666666666430e+01,-4.558504041457148159e-03
3.325000000000000000e+01,-4.546224634629825873e-03
3.327083333333332860e+01,-4.533163623215919619e-03
3.329166666666666430e+01,-4.519322796336665976e-03
3.331250000000000000e+01,-4.504704079808217326e-03
3.333333333333332860e+01,-4.489309536141735529e-03
3.335416666666666430e+01,-4.473141364513551210e-03
3.337500000000000000e+01,-4.456201900702609631e-03
3.339583333333332860e+01,-4.438493617012616299e-03
3.341666666666666430e+01,-4.420019122170347481e-03
3.343750000000000000e+01,-4.400781161184398604e-03
3.345833333333332860e+01,-4.380782615189683649e-03
3.347916666666666430e+01,-4.360026501268141064e-03
3.350000000000000000e+01,-4.338515972244647023e-03
3.352083333333332860e+01,-4.316254316452036721e-03
3.354166666666666430e+01,-4.293244957465316980e-03
3.356250000000000000e+01,-4.269491453819891646e-03
3.358333333333332860e+01,-4.244997498697375415e-03
3.360416666666666430e+01,-4.219766919599896027e-03
3.362500000000000000e+01,-4.193803677975414812e-03
3.364583333333332860e+01,-4.167111868823687726e-03
3.366666666666666430e+01,-4.139695720292213554e-03
3.368750000000000000e+01,-4.111559593227280540e-03
3.370833333333332860e+01,-4.082707980712627083e-03
3.372916666666666430e+01,-4.053145507572963879e-03
3.375000000000000000e+01,-4.022876929851641747e-03
3.377083333333332860e+01,-3.991907134264005563e-03
3.379166666666666430e+01,-3.960241137635510389e-03
3.381250000000000000e+01,-3.927884086306052125e-03
3.383333333333332860e+01,-3.894841255503114774e-03
3.385416666666666430e+01,-3.861118048688438886e-03
3.387500000000000000e+01,-3.826719996900193599e-03
3.389583333333332860e+01,-3.791652758067254325e-03
3.391666666666666430e+01,-3.755922116263424315e-03
3.393750000000000000e+01,-3.719533980969566556e-03
3.395833333333332860e+01,-3.682494386318416191e-03
3.397916666666666430e+01,-3.644809490298550614e-03
3.400000000000000000e+01,-3.606485573924886334e-03
3.402083333333332860e+01,-3.567529040412631414e-03
3.404166666666666430e+01,-3.527946414313642975e-03
3.406250000000000000e+01,-3.487744340622767059e-03
3.408333333333332860e+01,-3.446929583884053572e-03
3.410416666666666430e+01,-3.405509027258876720e-03
3.412500000000000000e+01,-3.363489671567201911e-03
3.414583333333332860e+01,-3.320878634331059231e-03
3.416666666666666430e+01,-3.277683148783794298e-03
3.418750000000000000e+01,-3.233910562852007620e-03
3.420833333333332860e+01,-3.189568338128043190e-03
3.422916666666666430e+01,-3.144664048828862968e-03
3.425000000000000000e+01,-3.099205380736394511e-03
3.427083333333332860e+01,-3.053200130106195620e-03
3.429166666666666430e+01,-3.006656202578325554e-03
3.431250000000000000e+01,-2.959581612065609324e-03
3.433333333333332860e+01,-2.911984479618420774e-03
3.435416666666666430e+01,-2.863873032293628995e-03
3.437500000000000000e+01,-2.815255602000438229e-03
3.439583333333332860e+01,-2.766140624332613651e-03
3.441666666666666430e+01,-2.716536637395586262e-03
3.443750000000000000e+01,-2.666452280624564963e-03
3.445833333333332860e+01,-2.615896293583205856e-03
3.447916666666666430e+01,-2.564877514767444078e-03
3.450000000000000000e+01,-2.513404880394878860e-03
3.452083333333332860e+01,-2.461487423194533286e-03
3.454166666666666430e+01,-2.409134271182292175e-03
3.456250000000000000e+01,-2.356354646453576174e-03
3.458333333333332860e+01,-2.303157863947288830e-03
3.460416666666666430e+01,-2.249553330221920611e-03
3.462500000000000000e+01,-2.195550542234733782e-03
3.464583333333332860e+01,-2.141159086117075394e-03
3.466666666666666430e+01,-2.086388635960431670e-03
3.468750000000000000e+01,-2.031248952593031620e-03
3.470833333333332860e+01,-1.975749882360988696e-03
3.472916666666666430e+01,-1.919901355919101382e-03
3.475000000000000000e+01,-1.863713387022153389e-03
3.477083333333332860e+01,-1.807196071328578957e-03
3.479166666666666430e+01,-1.750359585206209823e-03
3.481250000000000000e+01,-1.693214184528571420e-03
3.483333333333332860e+01,-1.635770203479505747e-03
3.485416666666666430e+01,-1.578038053371741412e-03
3.487500000000000000e+01,-1.520028221458344375e-03
3.489583333333332860e+01,-1.461751269728639446e-03
3.491666666666666430e+01,-1.403217833708586548e-03
3.493750000000000000e+01,-1.344438621239299470e-03
3.495833333333332860e+01,-1.285424411252816812e-03
3.497916666666666430e+01,-1.226186052522101888e-03
3.500000000000000000e+01,-1.166734462361873614e-03
3.502083333333332860e+01,-1.107080625295256415e-03
3.504166666666666430e+01,-1.047235591676007327e-03
3.506250000000000000e+01,-9.872104762364275476e-04
3.508333333333332860e+01,-9.270164565637478704e-04
3.510416666666666430e+01,-8.666647714544867265e-04
3.512500000000000000e+01,-8.061667191708449254e-04
3.514583333333332860e+01,-7.455336555570041268e-04
3.516666666666666430e+01,-6.847769919738622146e-04
3.518750000000000000e+01,-6.239081930348028271e-04
3.520833333333332860e+01,-5.629387741459962458e-04
3.522916666666666430e+01,-5.018802987696302509e-04
3.525000000000000000e+01,-4.407443753811357556e-04
3.527083333333332860e+01,-3.795426541070012760e-04
3.529166666666666430e+01,-3.182868229864715959e-04
3.531250000000000000e+01,-2.569886037966789827e-04
3.533333333333332860e+01,-1.956597474457866248e-04
3.535416666666666430e+01,-1.343120288481713942e-04
3.537500000000000000e+01,-7.295724124396774091e-05
3.539583333333332860e+01,-1.160718992467002497e-05
3.541666666666666430e+01,4.972631464324195338e-05
3.543750000000000000e+01,1.110314643655574418e-04
3.545833333333332860e+01,1.722964617501682172e-04
3.547916666666666430e+01,2.335095288210214948e-04
3.550000000000000000e+01,2.946589166993307529e-04
3.552083333333332860e+01,3.557329158943023373e-04
3.554166666666666430e+01,4.167198672145738803e-04
3.556250000000000000e+01,4.776081732486142650e-04
3.558333333333332860e+01,5.383863103734093380e-04
3.560416666666666430e+01,5.990428411511289353e-04
3.562500000000000000e+01,6.595664269876677643e-04
3.564583333333332860e+01,7.199458409234138490e-04
3.566666666666666430e+01,7.801699803522826882e-04
3.568750000000000000e+01,8.402278794887863000e-04
3.570833333333332860e+01,9.001087213376668394e-04
3.572916666666666430e+01,9.598018489416493271e-04
3.575000000000000000e+01,1.019296775666297949e-03
3.577083333333332860e+01,1.078583194256937938e-03
3.579166666666666430e+01,1.137650984469593118e-03
3.581250000000000000e+01,1.196490219020601709e-03
3.583333333333332860e+01,1.255091167676261610e-03
3.585416666666666430e+01,1.313444299339452948e-03
3.587500000000000000e+01,1.371540282027239321e-03
3.589583333333332860e+01,1.429369980660552542e-03
3.591666666666666430e+01,1.486924452720916889e-03
3.593750000000000000e+01,1.544194941812640498e-03
3.595833333333332860e+01,1.601172869296965673e-03
3.597916666666666430e+01,1.657849824169041475e-03
3.600000000000000000e+01,1.714217551454122468e-03
3.602083333333332860e+01,1.770267939412470404e-03
3.604166666666666430e+01,1.825993005901638266e-03
3.606250000000000000e+01,1.881384884235448585e-03
3.608333333333332860e+01,1.936435808907871481e-03
3.610416666666666430e+01,1.991138101557335394e-03
3.612500000000000000e+01,2.045484157475185860e-03
3.614583333333332860e+01,2.099466432964797180e-03
3.616666666666666430e+01,2.153077433790479001e-03
3.618750000000000000e+01,2.206309704922929105e-03
3.620833333333332860e+01,2.259155821725034041e-03
3.622916666666666430e+01,2.311608382608409951e-03
3.625000000000000000e+01,2.363660003219511530e-03
3.627083333333332860e+01,2.415303312096148125e-03
3.629166666666666430e+01,2.466530947712722299e-03
3.631250000000000000e+01,2.517335556792288376e-03
3.633333333333332860e+01,2.567709793746750235e-03
3.635416666666666430e+01,2.617646321087074845e-03
3.637500000000000000e+01,2.667137810601016845e-03
3.639583333333332860e+01,2.716176945176659863e-03
3.641666666666666430e+01,2.764756421118813590e-03
3.643750000000000000e+01,2.812868950791649891e-03
3.645833333333332860e+01,2.860507265503853258e-03
3.647916666666666430e+01,2.907664118535616127e-03
3.650000000000000000e+01,2.954332288239866489e-03
3.652083333333332860e+01,3.000504581184962327e-03
3.654166666666666430e+01,3.046173835284521347e-03
3.656250000000000000e+01,3.091332922926168236e-03
3.658333333333332860e+01,3.135974754076842341e-03
3.660416666666666430e+01,3.180092279359419960e-03
3.662500000000000000e+01,3.223678493139078838e-03
3.664583333333332860e+01,3.266726436595299154e-03
3.666666666666666430e+01,3.309229200777044633e-03
3.668750000000000000e+01,3.351179929661440848e-03
3.670833333333332860e+01,3.392571823184059587e-03
3.672916666666666430e+01,3.433398140232982176e-03
3.675000000000000000e+01,3.473652201620880398e-03
3.677083333333332860e+01,3.513327392989068487e-03
3.679166666666666430e+01,3.552417167627747174e-03
3.681250000000000000e+01,3.590915049203322051e-03
3.683333333333332860e+01,3.628814634380722604e-03
3.685416666666666430e+01,3.666109595331312754e-03
3.687500000000000000e+01,3.702793682113694751e-03
3.689583333333332860e+01,3.738860724928488866e-03
3.691666666666666430e+01,3.774304636244965594e-03
3.693750000000000000e+01,3.809119412814518379e-03
3.695833333333332860e+01,3.843299137575681423e-03
3.697916666666666430e+01,3.876837981458727822e-03
3.700000000000000000e+01,3.909730205109998580e-03
3.702083333333332860e+01,3.941970160530924860e-03
3.704166666666666430e+01,3.973552292674376041e-03
3.706250000000000000e+01,4.004471140986613775e-03
3.708333333333332860e+01,4.034721340907633513e-03
3.710416666666666430e+01,4.064297625338803011e-03
3.712500000000000000e+01,4.093194826064475156e-03
3.714583333333332860e+01,4.121407875177264535e-03
3.716666666666666430e+01,4.148931806458797111e-03
3.718750000000000000e+01,4.175761756731503904e-03
3.720833333333332860e+01,4.201892967178606775e-03
3.722916666666666430e+01,4.227320784633815942e-03
3.725000000000000000e+01,4.252040662839115526e-03
3.727083333333332860e+01,4.276048163655399303e-03
3.729166666666666430e+01,4.299338958244212916e-03
3.731250000000000000e+01,4.321908828193103680e-03
3.733333333333332860e+01,4.343753666614720566e-03
3.735416666666666430e+01,4.364869479205592262e-03
3.737500000000000000e+01,4.385252385264916397e-03
3.739583333333332860e+01,4.404898618677939581e-03
3.741666666666666430e+01,4.423804528871921882e-03
3.743750000000000000e+01,4.441966581751534415e-03
3.745833333333332860e+01,4.459381360596911814e-03
3.747916666666666430e+01,4.476045566944978488e-03
3.750000000000000000e+01,4.491956021454652365e-03
3.752083333333332860e+01,4.507109664753428113e-03
3.754166666666666430e+01,4.521503558271272594e-03
3.756250000000000000e+01,4.535134885052340137e-03
3.758333333333332860e+01,4.548000950542883947e-03
3.760416666666666430e+01,4.560099183377283594e-03
3.762500000000000000e+01,4.571427136134637720e-03
3.764583333333332860e+01,4.581982486092952417e-03
3.766666666666666430e+01,4.591763035944350368e-03
3.768750000000000000e+01,4.600766714485039766e-03
3.770833333333332860e+01,4.608991577303649112e-03
3.772916666666666430e+01,4.616435807433320188e-03
3.775000000000000000e+01,4.623097715983312192e-03
3.777083333333332860e+01,4.628975742740239555e-03
3.779166666666666430e+01,4.634068456752994669e-03
3.781250000000000000e+01,4.638374556901329535e-03
3.783333333333332860e+01,4.641892872426316846e-03
3.785416666666666430e+01,4.644622363441654536e-03
3.787500000000000000e+01,4.646562121440245795e-03
3.789583333333332860e+01,4.647711369753550377e-03
3.791666666666666430e+01,4.648069464005392601e-03
3.793750000000000000e+01,4.647635892555864942e-03
3.795833333333332860e+01,4.646410276908684474e-03
3.797916666666666430e+01,4.644392372092579629e-03
3.800000000000000000e+01,4.641582067033485533e-03
3.802083333333332860e+01,4.637979384917927800e-03
3.804166666666666430e+01,4.633584483514488483e-03
3.806250000000000000e+01,4.628397655468437580e-03
3.808333333333332860e+01,4.622419328601043084e-03
3.810416666666666430e+01,4.615650066164957849e-03
3.812500000000000000e+01,4.608090567080743924e-03
3.814583333333332860e+01,4.599741666154198716e-03
3.816666666666666430e+01,4.590604334255607433e-03
3.818750000000000000e+01,4.580679678487999118e-03
3.820833333333332860e+01,4.569968942341330609e-03
3.822916666666666430e+01,4.558473505794722463e-03
3.825000000000000000e+01,4.546194885402733699e-03
3.827083333333332860e+01,4.533134734370759811e-03
3.829166666666666430e+01,4.519294842597249007e-03
3.831250000000000000e+01,4.504677136688190614e-03
3.833333333333332860e+01,4.489283679945072630e-03
3.835416666666666430e+01,4.473116672339870481e-03
3.837500000000000000e+01,4.456178450453304740e-03
3.839583333333332860e+01,4.438471487396018766e-03
3.841666666666666430e+01,4.419998392704391210e-03
3.843750000000000000e+01,4.400761912208152327e-03
3.845833333333332860e+01,4.380764927869575109e-03
3.847916666666666430e+01,4.360010457604826528e-03
3.850000000000000000e+01,4.338501655080109765e-03
3.852083333333332860e+01,4.316241809474166691e-03
3.854166666666666430e+01,4.293234345227957272e-03
3.856250000000000000e+01,4.269482821750165968e-03
3.858333333333332860e+01,4.244990933103931496e-03
3.860416666666666430e+01,4.219762507685978492e-03
3.862500000000000000e+01,4.193801507862450484e-03
3.864583333333332860e+01,4.167112029560986197e-03
3.866666666666666430e+01,4.139698301865689378e-03
3.868750000000000000e+01,4.111564686588305151e-03
3.870833333333332860e+01,4.082715677791476372e-03
3.872916666666666430e+01,4.053155901289726137e-03
3.875000000000000000e+01,4.022890114146235319e-03
3.877083333333332860e+01,3.991923204120263746e-03
3.879166666666666430e+01,3.960260189099000516e-03
3.881250000000000000e+01,3.927906216504184478e-03
3.883333333333332860e+01,3.894866562671059351e-03
3.885416666666666430e+01,3.861146632207865248e-03
3.887500000000000000e+01,3.826751957326457454e-03
3.889583333333332860e+01,3.791688197145925976e-03
3.891666666666666430e+01,3.755961136973420822e-03
3.893750000000000000e+01,3.719576687566950035e-03
3.895833333333332860e+01,3.682540884363746936e-03
3.897916666666666430e+01,3.644859886689486017e-03
3.900000000000000000e+01,3.606539976947389925e-03
3.902083333333332860e+01,3.567587559786228324e-03
3.904166666666666430e+01,3.528009161232095736e-03
3.906250000000000000e+01,3.487811427807283038e-03
3.908333333333332860e+01,3.447001125630580476e-03
3.910416666666666430e+01,3.405585139483816026e-03
3.912500000000000000e+01,3.363570471880017454e-03
3.914583333333332860e+01,3.320964242081822504e-03
3.916666666666666430e+01,3.277773685115434321e-03
3.918750000000000000e+01,3.234006150768381493e-03
3.920833333333332860e+01,3.189669102566128345e-03
3.922916666666666430e+01,3.144770116726369746e-03
3.925000000000000000e+01,3.099316881088096109e-03
3.927083333333332860e+01,3.053317194042573512e-03
3.929166666666666430e+01,3.006778963440218111e-03
3.931250000000000000e+01,2.959710205477902867e-03
3.933333333333332860e+01,2.912119043578770272e-03
3.935416666666666430e+01,2.864013707235782413e-03
3.937500000000000000e+01,2.815402530882873955e-03
3.939583333333332860e+01,2.766293952727510996e-03
3.941666666666666430e+01,2.716696513569177851e-03
3.943750000000000000e+01,2.666618855610577987e-03
3.945833333333332860e+01,2.616069721277120008e-03
3.947916666666666430e+01,2.565057952014587750e-03
3.950000000000000000e+01,2.513592487069823966e-03
3.952083333333332860e+01,2.461682362274536517e-03
3.954166666666666430e+01,2.409336708838805130e-03
3.956250000000000000e+01,2.356564752118942008e-03
3.958333333333332860e+01,2.303375810388433309e-03
3.960416666666666430e+01,2.249779293603551555e-03
3.962500000000000000e+01,2.195784702177919212e-03
3.964583333333332860e+01,2.141401625758529437e-03
3.966666666666666430e+01,2.086639741984322449e-03
3.968750000000000000e+01,2.031508815252422440e-03
3.970833333333332860e+01,1.976018695493117483e-03
3.972916666666666430e+01,1.920179316947129289e-03
3.975000000000000000e+01,1.864000696931600309e-03
3.977083333333332860e+01,1.807492934617030422e-03
3.979166666666666430e+01,1.750666209811790885e-03
3.981250000000000000e+01,1.693530781729610246e-03
3.983333333333332860e+01,1.636096987761764820e-03
3.985416666666666430e+01,1.578375242251850441e-03
3.987500000000000000e+01,1.520376035268181103e-03
3.989583333333332860e+01,1.462109931353497427e-03
3.991666666666666430e+01,1.403587568259812013e-03
3.993750000000000000e+01,1.344819655687626292e-03
3.995833333333332860e+01,1.285816973986345091e-03
3.997916666666666430e+01,1.226590372817346064e-03
4.000000000000000000e+01,1.167150769786406972e-03
4.002083333333332860e+01,1.107509149017846251e-03
4.004166666666666430e+01,1.047676559682492181e-03
4.006250000000000000e+01,9.876641144482972701e-04
4.008333333333332860e+01,9.274829878231638514e-04
4.010416666666666430e+01,8.671444143982659503e-04
4.012500000000000000e+01,8.066596869816256010e-04
4.014583333333332860e+01,7.460401545664463452e-04
4.016666666666666430e+01,6.852972201189660995e-04
4.018750000000000000e+01,6.244423381834146580e-04
4.020833333333332860e+01,5.634870122383783819e-04
4.022916666666666430e+01,5.024427918153134831e-04
4.025000000000000000e+01,4.413212693068491177e-04
4.027083333333332860e+01,3.801340764327393318e-04
4.029166666666666430e+01,3.188928803477680818e-04
4.031250000000000000e+01,2.576093793484751648e-04
4.033333333333332860e+01,1.962952981123394780e-04
4.035416666666666430e+01,1.349623824596357657e-04
4.037500000000000000e+01,7.362239360740596705e-05
4.039583333333332860e+01,1.228710183844017312e-05
4.041666666666666430e+01,-4.903172041036130135e-05
4.043750000000000000e+01,-1.103223060563568447e-04
4.045833333333332860e+01,-1.715729015141082003e-04
4.047916666666666430e+01,-2.327717754675717732e-04
4.050000000000000000e+01,-2.939072282709953576e-04
4.052083333333332860e+01,-3.549676019518333003e-04
4.054166666666666430e+01,-4.159412907513149182e-04
4.056250000000000000e+01,-4.768167521899679961e-04
4.058333333333332860e+01,-5.375825185424815134e-04
4.060416666666666430e+01,-5.982272086383078058e-04
4.062500000000000000e+01,-6.587395398543194336e-04
4.064583333333332860e+01,-7.191083401603404202e-04
4.066666666666666430e+01,-7.793225600253722574e-04
4.068750000000000000e+01,-8.393712840283479304e-04
4.070833333333332860e+01,-8.992437419590437742e-04
4.072916666666666430e+01,-9.589293191842873654e-04
4.075000000000000000e+01,-1.018417566068754998e-03
4.077083333333332860e+01,-1.077698206223207111e-03
4.079166666666666430e+01,-1.136761143377615357e-03
4.081250000000000000e+01,-1.195596466712439687e-03
4.083333333333332860e+01,-1.254194454442220108e-03
4.085416666666666430e+01,-1.312545575532370057e-03
4.087500000000000000e+01,-1.370640489500252190e-03
4.089583333333332860e+01,-1.428470044235255476e-03
4.091666666666666430e+01,-1.486025271848781526e-03
4.093750000000000000e+01,-1.543297382645025806e-03
4.095833333333332860e+01,-1.600277757343782081e-03
4.097916666666666430e+01,-1.656957937741079800e-03
4.100000000000000000e+01,-1.713329616000583422e-03
4.102083333333332860e+01,-1.769384622918895866e-03
4.104166666666666430e+01,-1.825114915400202764e-03
4.106250000000000000e+01,-1.880512563466704701e-03
4.108333333333332860e+01,-1.935569737182368799e-03
4.110416666666666430e+01,-1.990278693742963956e-03
4.112500000000000000e+01,-2.044631765043339322e-03
4.114583333333332860e+01,-2.098621345995727028e-03
4.116666666666666430e+01,-2.152239883823514610e-03
4.118750000000000000e+01,-2.205479868496312834e-03
4.120833333333332860e+01,-2.258333824415564850e-03
4.122916666666666430e+01,-2.310794303442914588e-03
4.125000000000000000e+01,-2.362853879290444103e-03
4.127083333333332860e+01,-2.414505143237599682e-03
4.129166666666666430e+01,-2.465740701108734556e-03
4.131250000000000000e+01,-2.516553171400107147e-03
4.133333333333332860e+01,-2.566935184465282682e-03
4.135416666666666430e+01,-2.616879382595527215e-03
4.137500000000000000e+01,-2.666378420853432463e-03
4.139583333333332860e+01,-2.715424968522714422e-03
4.141666666666666430e+01,-2.764011711055613940e-03
4.143750000000000000e+01,-2.812131352369309778e-03
4.145833333333332860e+01,-2.859776617416404099e-03
4.147916666666666430e+01,-2.906940254927770084e-03
4.150000000000000000e+01,-2.953615040260440527e-03
4.152083333333332860e+01,-2.999793778340170691e-03
4.154166666666666430e+01,-3.045469306610787408e-03
4.156250000000000000e+01,-3.090634498020633503e-03
4.158333333333332860e+01,-3.135282263994565444e-03
4.160416666666666430e+01,-3.179405557420605932e-03
4.162500000000000000e+01,-3.222997375631350692e-03
4.164583333333332860e+01,-3.266050763373468113e-03
4.166666666666666430e+01,-3.308558815794976349e-03
4.168750000000000000e+01,-3.350514681397132044e-03
4.170833333333332860e+01,-3.391911564979616101e-03
4.172916666666666430e+01,-3.432742730570023659e-03
4.175000000000000000e+01,-3.473001504282827168e-03
4.177083333333332860e+01,-3.512681277144033554e-03
4.179166666666666430e+01,-3.551775507838195178e-03
4.181250000000000000e+01,-3.590277725367407857e-03
4.183333333333332860e+01,-3.628181531609681043e-03
4.185416666666666430e+01,-3.665480603774640134e-03
4.187500000000000000e+01,-3.702168696752355936e-03
4.189583333333332860e+01,-3.738239645348057083e-03
4.191666666666666430e+01,-3.773687366387029618e-03
4.193750000000000000e+01,-3.808505860719055280e-03
4.195833333333332860e+01,-3.842689215137792824e-03
4.197916666666666430e+01,-3.876231604197241665e-03
4.200000000000000000e+01,-3.909127291950850736e-03
4.202083333333332860e+01,-3.941370633602760132e-03
4.204166666666666430e+01,-3.972956077123904195e-03
4.206250000000000000e+01,-4.003878164816093710e-03
4.208333333333332860e+01,-4.034131534823785781e-03
4.210416666666666430e+01,-4.063710922605053011e-03
4.212500000000000000e+01,-4.092611162374741596e-03
4.214583333333332860e+01,-4.120827188524939233e-03
4.216666666666666430e+01,-4.148354037017985829e-03
4.218750000000000000e+01,-4.175186846723612233e-03
4.220833333333332860e+01,-4.201320860744629793e-03
4.222916666666666430e+01,-4.226751427708667908e-03
4.225000000000000000e+01,-4.251474003024086068e-03
4.227083333333332860e+01,-4.275484150083719292e-03
4.229166666666666430e+01,-4.298777541442769246e-03
4.231250000000000000e+01,-4.321349959966157284e-03
4.233333333333332860e+01,-4.343197299930413868e-03
4.235416666666666430e+01,-4.364315568074317309e-03
4.237500000000000000e+01,-4.384700884624823103e-03
4.239583333333332860e+01,-4.404349484301989248e-03
4.241666666666666430e+01,-4.423257717283766988e-03
4.243750000000000000e+01,-4.441422050146477674e-03
4.245833333333332860e+01,-4.458839066772399273e-03
4.247916666666666430e+01,-4.475505469234922901e-03
4.250000000000000000e+01,-4.491418078680128878e-03
4.252083333333332860e+01,-4.506573836180749471e-03
4.254166666666666430e+01,-4.520969803564610368e-03
4.256250000000000000e+01,-4.534603164230936040e-03
4.258333333333332860e+01,-4.547471223949408475e-03
4.260416666666666430e+01,-4.559571411643342786e-03
4.262500000000000000e+01,-4.570901280151702661e-03
4.264583333333332860e+01,-4.581458506973078160e-03
4.266666666666666430e+01,-4.591240894986681892e-03
4.268750000000000000e+01,-4.600246373149577753e-03
4.270833333333332860e+01,-4.608472997176002103e-03
4.272916666666666430e+01,-4.615918950193906301e-03
4.275000000000000000e+01,-4.622582543376232977e-03
4.277083333333332860e+01,-4.628462216548742333e-03
4.279166666666666430e+01,-4.633556538778484113e-03
4.281250000000000000e+01,-4.637864208936251335e-03
4.283333333333332860e+01,-4.641384056230335627e-03
4.285416666666666430e+01,-4.644115040731682659e-03
4.287500000000000000e+01,-4.646056253871338852e-03
4.289583333333332860e+01,-4.647206918908264664e-03
4.291666666666666430e+01,-4.647566391390179491e-03
4.293750000000000000e+01,-4.647134159581805049e-03
4.295833333333332860e+01,-4.645909844884740444e-03
4.297916666666666430e+01,-4.643893202228118432e-03
4.300000000000000000e+01,-4.641084120434632934e-03
4.302083333333332860e+01,-4.637482622575942251e-03
4.304166666666666430e+01,-4.633088866293745556e-03
4.306250000000000000e+01,-4.627903144115274453e-03
4.308333333333332860e+01,-4.621925883738109420e-03
4.310416666666666430e+01,-4.615157648277502800e-03
4.312500000000000000e+01,-4.607599136511214208e-03
4.314583333333332860e+01,-4.599251183104512836e-03
4.316666666666666430e+01,-4.590114758781061594e-03
4.318750000000000000e+01,-4.580190970490959773e-03
4.320833333333332860e+01,-4.569481061563740454e-03
4.322916666666666430e+01,-4.557986411818027578e-03
4.325000000000000000e+01,-4.545708537641919567e-03
4.327083333333332860e+01,-4.532649092069553076e-03
4.329166666666666430e+01,-4.518809864828127881e-03
4.331250000000000000e+01,-4.504192782349793200e-03
4.333333333333332860e+01,-4.488799907761551605e-03
4.335416666666666430e+01,-4.472633440851171704e-03
4.337500000000000000e+01,-4.455695718022754936e-03
4.339583333333332860e+01,-4.437989212208691414e-03
4.341666666666666430e+01,-4.419516532758051286e-03
4.343750000000000000e+01,-4.400280425310008903e-03
4.345833333333332860e+01,-4.380283771638550372e-03
4.347916666666666430e+01,-4.359529589471160260e-03
4.350000000000000000e+01,-4.338021032279718026e-03
4.352083333333332860e+01,-4.315761389042958862e-03
4.354166666666666430e+01,-4.292754083992947334e-03
4.356250000000000000e+01,-4.269002676330554968e-03
4.358333333333332860e+01,-4.244510859914396583e-03
4.360416666666666430e+01,-4.219282462919270171e-03
4.362500000000000000e+01,-4.193321447477006692e-03
4.364583333333332860e+01,-4.166631909289633673e-03
4.366666666666666430e+01,-4.139218077208670077e-03
4.368750000000000000e+01,-4.111084312793604478e-03
4.370833333333332860e+01,-4.082235109853261934e-03
4.372916666666666430e+01,-4.052675093948659990e-03
4.375000000000000000e+01,-4.022409021871072021e-03
4.377083333333332860e+01,-3.991441781097379571e-03
4.379166666666666430e+01,-3.959778389225815376e-03
4.381250000000000000e+01,-3.927423993380918521e-03
4.383333333333332860e+01,-3.894383869590803404e-03
4.385416666666666430e+01,-3.860663422143195689e-03
4.387500000000000000e+01,-3.826268182917758054e-03
4.389583333333332860e+01,-3.791203810686274989e-03
4.391666666666666430e+01,-3.755476090391771105e-03
4.393750000000000000e+01,-3.719090932417970508e-03
4.395833333333332860e+01,-3.682054371812418236e-03
4.397916666666666430e+01,-3.644372567495446358e-03
4.400000000000000000e+01,-3.606051801447407446e-03
4.402083333333332860e+01,-3.567098477870386808e-03
4.404166666666666430e+01,-3.527519122327515966e-03
4.406250000000000000e+01,-3.487320380858430213e-03
4.408333333333332860e+01,-3.446509019078114466e-03
4.410416666666666430e+01,-3.405091921252226261e-03
4.412500000000000000e+01,-3.363076089337321828e-03
4.414583333333332860e+01,-3.320468642021248695e-03
4.416666666666666430e+01,-3.277276813742180384e-03
4.418750000000000000e+01,-3.233507953665601398e-03
4.420833333333332860e+01,-3.189169524666454758e-03
4.422916666666666430e+01,-3.144269102280064510e-03
4.425000000000000000e+01,-3.098814373652850063e-03
4.427083333333332860e+01,-3.052813136446744235e-03
4.429166666666666430e+01,-3.006273297745942763e-03
4.431250000000000000e+01,-2.959202872955118968e-03
4.433333333333332860e+01,-2.911609984669868978e-03
4.435416666666666430e+01,-2.863502861540911937e-03
4.437500000000000000e+01,-2.814889837115516769e-03
4.439583333333332860e+01,-2.765779348676389304e-03
4.441666666666666430e+01,-2.716179936077353640e-03
4.443750000000000000e+01,-2.666100240552388145e-03
4.445833333333332860e+01,-2.615549003512046555e-03
4.447916666666666430e+01,-2.564535065354908716e-03
4.450000000000000000e+01,-2.513067364254550906e-03
4.452083333333332860e+01,-2.461154934951012563e-03
4.454166666666666430e+01,-2.408806907527108465e-03
4.456250000000000000e+01,-2.356032506189736919e-03
4.458333333333332860e+01,-2.302841048035200733e-03
4.460416666666666430e+01,-2.249241941832971770e-03
4.462500000000000000e+01,-2.195244686793759725e-03
4.464583333333332860e+01,-2.140858871340245440e-03
4.466666666666666430e+01,-2.086094171890678917e-03
4.468750000000000000e+01,-2.030960351628613436e-03
4.470833333333332860e+01,-1.975467259272348231e-03
4.472916666666666430e+01,-1.919624827864480077e-03
4.475000000000000000e+01,-1.863443073551421247e-03
4.477083333333332860e+01,-1.806932094375449105e-03
4.479166666666666430e+01,-1.750102069061384991e-03
4.481250000000000000e+01,-1.692963255799109779e-03
4.483333333333332860e+01,-1.635525991038319638e-03
4.485416666666666430e+01,-1.577800688283781394e-03
4.487500000000000000e+01,-1.519797836871561447e-03
4.489583333333332860e+01,-1.461528000749626188e-03
4.491666666666666430e+01,-1.403001817246701810e-03
4.493750000000000000e+01,-1.344229995822607271e-03
4.495833333333332860e+01,-1.285223316807262983e-03
4.497916666666666430e+01,-1.225992630091321534e-03
4.500000000000000000e+01,-1.166548853793858420e-03
4.502083333333332860e+01,-1.106902972892467862e-03
4.504166666666666430e+01,-1.047066037778834890e-03
4.506250000000000000e+01,-9.870491627434058168e-04
4.508333333333332860e+01,-9.268635243779577149e-04
4.510416666666666430e+01,-8.665203598822446285e-04
4.512500000000000000e+01,-8.060309652439118233e-04
4.514583333333332860e+01,-7.454066932578717886e-04
4.516666666666666430e+01,-6.846589513762740831e-04
4.518750000000000000e+01,-6.237991993764957499e-04
4.520833333333332860e+01,-5.628389467972338966e-04
4.522916666666666430e+01,-5.017897500999013438e-04
4.525000000000000000e+01,-4.406632095353829603e-04
4.527083333333332860e+01,-3.794709656874256654e-04
4.529166666666666430e+01,-3.182246956347917211e-04
4.531250000000000000e+01,-2.569361087017829615e-04
4.533333333333332860e+01,-1.956169417513808906e-04
4.535416666666666430e+01,-1.342789539864469583e-04
4.537500000000000000e+01,-7.293392120756581054e-05
4.539583333333332860e+01,-1.159362951329290237e-05
4.541666666666666430e+01,4.973013162780370866e-05
4.543750000000000000e+01,1.110255769184442798e-04
4.545833333333332860e+01,1.722809334218367017e-04
4.547916666666666430e+01,2.334844494172177987e-04
4.550000000000000000e+01,2.946244038953826916e-04
4.552083333333332860e+01,3.556891167042358637e-04
4.554166666666666430e+01,4.166669592643862385e-04
4.556250000000000000e+01,4.775463658364259567e-04
4.558333333333332860e+01,5.383158452310216058e-04
4.560416666666666430e+01,5.989639928739715069e-04
4.562500000000000000e+01,6.594795031129863094e-04
4.564583333333332860e+01,7.198511815767610900e-04
4.566666666666666430e+01,7.800679574289232088e-04
4.568750000000000000e+01,8.401188953421623307e-04
4.570833333333332860e+01,8.999932069818361580e-04
4.572916666666666430e+01,9.596802617262700785e-04
4.575000000000000000e+01,1.019169596429947422e-03
4.577083333333332860e+01,1.078450924008225731e-03
4.579166666666666430e+01,1.137514140606685209e-03
4.581250000000000000e+01,1.196349331155976969e-03
4.583333333333332860e+01,1.254946773139767324e-03
4.585416666666666430e+01,1.313296938435098982e-03
4.587500000000000000e+01,1.371390493135074551e-03
4.589583333333332860e+01,1.429218295320430765e-03
4.591666666666666430e+01,1.486771390788829694e-03
4.593750000000000000e+01,1.544041006812144068e-03
4.595833333333332860e+01,1.601018544058627202e-03
4.597916666666666430e+01,1.657695566889841321e-03
4.600000000000000000e+01,1.714063792252751295e-03
4.602083333333332860e+01,1.770115077460249209e-03
4.604166666666666430e+01,1.825841407171860387e-03
4.606250000000000000e+01,1.881234879920937186e-03
4.608333333333332860e+01,1.936287694515370639e-03
4.610416666666666430e+01,1.990992136642430466e-03
4.612500000000000000e+01,2.045340566006179084e-03
4.614583333333332860e+01,2.099325404253879479e-03
4.616666666666666430e+01,2.152939123913094610e-03
4.618750000000000000e+01,2.206174238561758871e-03
4.620833333333332860e+01,2.259023294321857445e-03
4.622916666666666430e+01,2.311478862763727271e-03
4.625000000000000000e+01,2.363533535217565706e-03
4.627083333333332860e+01,2.415179918488941091e-03
4.629166666666666430e+01,2.466410631881674198e-03
4.631250000000000000e+01,2.517218305431750958e-03
4.633333333333332860e+01,2.567595579224160596e-03
4.635416666666666430e+01,2.617535103604726188e-03
4.637500000000000000e+01,2.667029540178264546e-03
4.639583333333332860e+01,2.716071563435784597e-03
4.641666666666666430e+01,2.764653862856306099e-03
4.643750000000000000e+01,2.812769145365351386e-03
4.645833333333332860e+01,2.860410138028124383e-03
4.647916666666666430e+01,2.907569590923836378e-03
4.650000000000000000e+01,2.954240280114997508e-03
4.652083333333332860e+01,3.000415010657300763e-03
4.654166666666666430e+01,3.046086619640231419e-03
4.656250000000000000e+01,3.091247979232547571e-03
4.658333333333332860e+01,3.135891999719100931e-03
4.660416666666666430e+01,3.180011632518880971e-03
4.662500000000000000e+01,3.223599873206847710e-03
4.664583333333332860e+01,3.266649764545340173e-03
4.666666666666666430e+01,3.309154399494834697e-03
4.668750000000000000e+01,3.351106924206634363e-03
4.670833333333332860e+01,3.392500541015225357e-03
4.672916666666666430e+01,3.433328511384628468e-03
4.675000000000000000e+01,3.473584158825732127e-03
4.677083333333332860e+01,3.513260871750217840e-03
4.679166666666666430e+01,3.552352106236264517e-03
4.681250000000000000e+01,3.590851388734675464e-03
4.683333333333332860e+01,3.628752318650937947e-03
4.685416666666666430e+01,3.666048570805463536e-03
4.687500000000000000e+01,3.702733897799320717e-03
4.689583333333332860e+01,3.738802132263935318e-03
4.691666666666666430e+01,3.774247188979520939e-03
4.693750000000000000e+01,3.809063066864362690e-03
4.695833333333332860e+01,3.843243850895614044e-03
4.697916666666666430e+01,3.876783713917558716e-03
4.700000000000000000e+01,3.909676918368354404e-03
4.702083333333332860e+01,3.941917817945617131e-03
4.704166666666666430e+01,3.973500859195795709e-03
4.706250000000000000e+01,4.004420583064806360e-03
4.708333333333332860e+01,4.034671626418982748e-03
4.710416666666666430e+01,4.064248723507718486e-03
4.712500000000000000e+01,4.093146707396570771e-03
4.714583333333332860e+01,4.121360511392557768e-03
4.716666666666666430e+01,4.148885170418413482e-03
4.718750000000000000e+01,4.175715822373561592e-03
4.720833333333332860e+01,4.201847709459034796e-03
4.722916666666666430e+01,4.227276179448270776e-03
4.725000000000000000e+01,4.251996686949539861e-03
4.727083333333332860e+01,4.276004794625656857e-03
4.729166666666666430e+01,4.299296174358757661e-03
4.731250000000000000e+01,4.321866608395154297e-03
4.733333333333332860e+01,4.343711990442249149e-03
4.735416666666666430e+01,4.364828326721380269e-03
4.737500000000000000e+01,4.385211736991835585e-03
4.739583333333332860e+01,4.404858455547763785e-03
4.741666666666666430e+01,4.423764832178510298e-03
4.743750000000000000e+01,4.441927333106970854e-03
4.745833333333332860e+01,4.459342541887768852e-03
4.747916666666666430e+01,4.476007160291495951e-03
4.750000000000000000e+01,4.491918009191669253e-03
4.752083333333332860e+01,4.507072029410617159e-03
4.754166666666666430e+01,4.521466282533588565e-03
4.756250000000000000e+01,4.535097951734071847e-03
4.758333333333332860e+01,4.547964342579733504e-03
4.760416666666666430e+01,4.560062883806257489e-03
4.762500000000000000e+01,4.571391128075332627e-03
4.764583333333332860e+01,4.581946752718037141e-03
4.766666666666666430e+01,4.591727560466898894e-03
4.768750000000000000e+01,4.600731480147852298e-03
4.770833333333332860e+01,4.608956567347772051e-03
4.772916666666666430e+01,4.616401005082256676e-03
4.775000000000000000e+01,4.623063104430813128e-03
4.777083333333332860e+01,4.628941305134685880e-03
4.779166666666666430e+01,4.634034176181540260e-03
4.781250000000000000e+01,4.638340416372321515e-03
4.783333333333332860e+01,4.641858854857016346e-03
4.785416666666666430e+01,4.644588451650985550e-03
4.787500000000000000e+01,4.646528298135404848e-03
4.789583333333332860e+01,4.647677617529535551e-03
4.791666666666666430e+01,4.648035765337311769e-03
4.793750000000000000e+01,4.647602229785174205e-03
4.795833333333332860e+01,4.646376632239061256e-03
4.797916666666666430e+01,4.644358727592760687e-03
4.800000000000000000e+01,4.641548404635790701e-03
4.802083333333332860e+01,4.637945686402793199e-03
4.804166666666666430e+01,4.633550730508270363e-03
4.806250000000000000e+01,4.628363829454130302e-03
4.808333333333332860e+01,4.622385410908888201e-03
4.810416666666666430e+01,4.615616037959860418e-03
4.812500000000000000e+01,4.608056409356839356e-03
4.814583333333332860e+01,4.599707359736918827e-03
4.816666666666666430e+01,4.590569859803814157e-03
4.818750000000000000e+01,4.580645016491507321e-03
4.820833333333332860e+01,4.569934073103854022e-03
4.822916666666666430e+01,4.558438409430595056e-03
4.825000000000000000e+01,4.546159541847068220e-03
4.827083333333332860e+01,4.533099123370725597e-03
4.829166666666666430e+01,4.519258943705004722e-03
4.831250000000000000e+01,4.504640929261134047e-03
4.833333333333332860e+01,4.489247143144081686e-03
4.835416666666666430e+01,4.473079785124650654e-03
4.837500000000000000e+01,4.456141191584647721e-03
4.839583333333332860e+01,4.438433835429703156e-03
4.841666666666666430e+01,4.419960325988903094e-03
4.843750000000000000e+01,4.400723408884123222e-03
4.845833333333332860e+01,4.380725965865576998e-03
4.847916666666666430e+01,4.359971014634145270e-03
4.850000000000000000e+01,4.338461708635624192e-03
4.852083333333332860e+01,4.316201336830513546e-03
4.854166666666666430e+01,4.293193323431414299e-03
4.856250000000000000e+01,4.269441227618131496e-03
4.858333333333332860e+01,4.244948743220386400e-03
4.860416666666666430e+01,4.219719698395969776e-03
4.862500000000000000e+01,4.193758055260204953e-03
4.864583333333332860e+01,4.167067909491325994e-03
4.866666666666666430e+01,4.139653489922803797e-03
4.868750000000000000e+01,4.111519158102740212e-03
4.870833333333332860e+01,4.082669407820246898e-03
4.872916666666666430e+01,4.053108864621457474e-03
4.875000000000000000e+01,4.022842285283406705e-03
4.877083333333332860e+01,3.991874557276044178e-03
4.879166666666666430e+01,3.960210698188651457e-03
4.881250000000000000e+01,3.927855855138190355e-03
4.883333333333332860e+01,3.894815304146925783e-03
4.885416666666666430e+01,3.861094449496463299e-03
4.887500000000000000e+01,3.826698823066840283e-03
4.889583333333332860e+01,3.791634083631881258e-03
4.891666666666666430e+01,3.755906016144394677e-03
4.893750000000000000e+01,3.719520530995432117e-03
4.895833333333332860e+01,3.682483663242738792e-03
4.897916666666666430e+01,3.644801571820802111e-03
4.900000000000000000e+01,3.606480538726503093e-03
4.902083333333332860e+01,3.567526968189030367e-03
4.904166666666666430e+01,3.527947385803573144e-03
4.906250000000000000e+01,3.487748437645363242e-03
4.908333333333332860e+01,3.446936889359319967e-03
4.910416666666666430e+01,3.405519625247571680e-03
4.912500000000000000e+01,3.363503647326335222e-03
4.914583333333332860e+01,3.320896074337914561e-03
4.916666666666666430e+01,3.277704140770651420e-03
4.918750000000000000e+01,3.233935195858891887e-03
4.920833333333332860e+01,3.189596702546024232e-03
4.922916666666666430e+01,3.144696236452096394e-03
4.925000000000000000e+01,3.099241484798551105e-03
4.927083333333332860e+01,3.053240245334085112e-03
4.929166666666666430e+01,3.006700425244687724e-03
4.931250000000000000e+01,2.959630040040239773e-03
4.933333333333332860e+01,2.912037212423210231e-03
4.935416666666666430e+01,2.863930171160766758e-03
4.937500000000000000e+01,2.815317249924786935e-03
4.939583333333332860e+01,2.766206886126873488e-03
4.941666666666666430e+01,2.716607619755950775e-03
4.943750000000000000e+01,2.666528092185219134e-03
4.945833333333332860e+01,2.615977044978359811e-03
4.947916666666666430e+01,2.564963318683124993e-03
4.950000000000000000e+01,2.513495851633254508e-03
4.952083333333332860e+01,2.461583678736445346e-03
4.954166666666666430e+01,2.409235930237341172e-03
4.956250000000000000e+01,2.356461830509623545e-03
4.958333333333332860e+01,2.303270696821999031e-03
4.960416666666666430e+01,2.249671938115260783e-03
4.962500000000000000e+01,2.195675053772355723e-03
4.964583333333332860e+01,2.141289632385287578e-03
4.966666666666666430e+01,2.086525350534801371e-03
4.968750000000000000e+01,2.031391971556953391e-03
4.970833333333332860e+01,1.975899344314718808e-03
4.972916666666666430e+01,1.920057401988251033e-03
4.975000000000000000e+01,1.863876160847988128e-03
4.977083333333332860e+01,1.807365719033462992e-03
4.979166666666666430e+01,1.750536255338608349e-03
4.981250000000000000e+01,1.693398028010675849e-03
4.983333333333332860e+01,1.635961373520219975e-03
4.985416666666666430e+01,1.578236705347277335e-03
4.987500000000000000e+01,1.520234512756762912e-03
4.989583333333332860e+01,1.461965359579861512e-03
4.991666666666666430e+01,1.403439882972312702e-03
4.993750000000000000e+01,1.344668792150630066e-03
4.995833333333332860e+01,1.285662867116496577e-03
4.997916666666666430e+01,1.226432957353931763e-03
5.000000000000000000e+01,1.166989980487781464e-03
5.002083333333332860e+01,1.107344920876968120e-03
5.004166666666666430e+01,1.047508828164483985e-03
5.006250000000000000e+01,9.874928157736773127e-04
5.008333333333332860e+01,9.273080592820115431e-04
5.010416666666666430e+01,8.669657947071029991e-04
5.012500000000000000e+01,8.064773166641947544e-04
5.014583333333332860e+01,7.458539763801619316e-04
5.016666666666666430e+01,6.851071795416080468e-04
5.018750000000000000e+01,6.242483839197648932e-04
5.020833333333332860e+01,5.632890967923881442e-04
5.022916666666666430e+01,5.022408721052362690e-04
5.025000000000000000e+01,4.411153073163864846e-04
5.027083333333332860e+01,3.799240399145614733e-04
5.029166666666666430e+01,3.186787435731641693e-04
5.031250000000000000e+01,2.573911238886450459e-04
5.033333333333332860e+01,1.960729136765565483e-04
5.035416666666666430e+01,1.347358677457749510e-04
5.037500000000000000e+01,7.339175717149815092e-05
5.039583333333332860e+01,1.205236298483514101e-05
5.041666666666666430e+01,-4.927053073645881742e-05
5.043750000000000000e+01,-1.105651443930044664e-04
5.045833333333332860e+01,-1.718197110305158537e-04
5.047916666666666430e+01,-2.330224851694873145e-04
5.050000000000000000e+01,-2.941617522658340755e-04
5.052083333333332860e+01,-3.552258387913287407e-04
5.054166666666666430e+01,-4.162031229068968718e-04
5.056250000000000000e+01,-4.770820456514168750e-04
5.058333333333332860e+01,-5.378511225757887093e-04
5.060416666666666430e+01,-5.984989557266395810e-04
5.062500000000000000e+01,-6.590142458482717291e-04
5.064583333333332860e+01,-7.193858046451867549e-04
5.066666666666666430e+01,-7.796025669424416771e-04
5.068750000000000000e+01,-8.396536025409989668e-04
5.070833333333332860e+01,-8.995281275817196276e-04
5.072916666666666430e+01,-9.592155151711551087e-04
5.075000000000000000e+01,-1.018705305055683796e-03
5.077083333333332860e+01,-1.077987212105308013e-03
5.079166666666666430e+01,-1.137051133408020775e-03
5.081250000000000000e+01,-1.195887153779981449e-03
5.083333333333332860e+01,-1.254485549482958762e-03
5.085416666666666430e+01,-1.312836790059654368e-03
5.087500000000000000e+01,-1.370931538160799490e-03
5.089583333333332860e+01,-1.428760647349827662e-03
5.091666666666666430e+01,-1.486315157885165217e-03
5.093750000000000000e+01,-1.543586290578977116e-03
5.095833333333332860e+01,-1.600565438827916687e-03
5.097916666666666430e+01,-1.657244159027793096e-03
5.100000000000000000e+01,-1.713614159596643649e-03
5.102083333333332860e+01,-1.769667288918877479e-03
5.104166666666666430e+01,-1.825395522494804856e-03
5.106250000000000000e+01,-1.880790949613381224e-03
5.108333333333332860e+01,-1.935845759903756513e-03
5.110416666666666430e+01,-1.990552230090120167e-03
5.112500000000000000e+01,-2.044902711262008843e-03
5.114583333333332860e+01,-2.098889616906546296e-03
5.116666666666666430e+01,-2.152505411941799118e-03
5.118750000000000000e+01,-2.205742602953086884e-03
5.120833333333332860e+01,-2.258593729734623134e-03
5.122916666666666430e+01,-2.311051358213092599e-03
5.125000000000000000e+01,-2.363108074771441691e-03
5.127083333333332860e+01,-2.414756481955521172e-03
5.129166666666666430e+01,-2.465989195462411909e-03
5.131250000000000000e+01,-2.516798842333536901e-03
5.133333333333332860e+01,-2.567178060209299173e-03
5.135416666666666430e+01,-2.617119497503692105e-03
5.137500000000000000e+01,-2.666615814352790714e-03
5.139583333333332860e+01,-2.715659684169632881e-03
5.141666666666666430e+01,-2.764243795691623262e-03
5.143750000000000000e+01,-2.812360855394352432e-03
5.145833333333332860e+01,-2.860003590150844710e-03
5.147916666666666430e+01,-2.907164750053883862e-03
5.150000000000000000e+01,-2.953837111355370193e-03
5.152083333333332860e+01,-3.000013479457969146e-03
5.154166666666666430e+01,-3.045686691922289135e-03
5.156250000000000000e+01,-3.090849621494959343e-03
5.158333333333332860e+01,-3.135495179129338394e-03
5.160416666666666430e+01,-3.179616316994690606e-03
5.162500000000000000e+01,-3.223206031490191692e-03
5.164583333333332860e+01,-3.266257366256478112e-03
5.166666666666666430e+01,-3.308763415171458999e-03
5.168750000000000000e+01,-3.350717325338217756e-03
5.170833333333332860e+01,-3.392112300061173036e-03
5.172916666666666430e+01,-3.432941601786893004e-03
5.175000000000000000e+01,-3.473198555008771837e-03
5.177083333333332860e+01,-3.512876549110297009e-03
5.179166666666666430e+01,-3.551969041129796056e-03
5.181250000000000000e+01,-3.590469558439710052e-03
5.183333333333332860e+01,-3.628371701324739629e-03
5.185416666666666430e+01,-3.665669145462152612e-03
5.187500000000000000e+01,-3.702355644278274016e-03
5.189583333333332860e+01,-3.738425031175787727e-03
5.191666666666666430e+01,-3.773871221647753793e-03
5.193750000000000000e+01,-3.808688215304445457e-03
5.195833333333332860e+01,-3.842870097764128356e-03
5.197916666666666430e+01,-3.876411042478808411e-03
5.200000000000000000e+01,-3.909305312466429538e-03
5.202083333333332860e+01,-3.941547261967465188e-03
5.204166666666666430e+01,-3.973131338039580240e-03
5.206250000000000000e+01,-4.004052082123149559e-03
5.208333333333332860e+01,-4.034304131549010242e-03
5.210416666666666430e+01,-4.063882221004996853e-03
5.212500000000000000e+01,-4.092781183986968219e-03
5.214583333333332860e+01,-4.120995954203059142e-03
5.216666666666666430e+01,-4.148521566965567009e-03
5.218750000000000000e+01,-4.175353160541933617e-03
5.220833333333332860e+01,-4.201485977471358657e-03
5.222916666666666430e+01,-4.226915365857286666e-03
5.225000000000000000e+01,-4.251636780620945966e-03
5.227083333333332860e+01,-4.275645784718416775e-03
5.229166666666666430e+01,-4.298938050308405423e-03
5.231250000000000000e+01,-4.321509359887544532e-03
5.233333333333332860e+01,-4.343355607400588292e-03
5.235416666666666430e+01,-4.364472799295901484e-03
5.237500000000000000e+01,-4.384857055550014926e-03
5.239583333333332860e+01,-4.404504610655772534e-03
5.241666666666666430e+01,-4.423411814587850655e-03
5.243750000000000000e+01,-4.441575133743359827e-03
5.245833333333332860e+01,-4.458991151853594626e-03
5.247916666666666430e+01,-4.475656570858084493e-03
5.250000000000000000e+01,-4.491568211780955222e-03
5.252083333333332860e+01,-4.506723015593551429e-03
5.254166666666666430e+01,-4.521118044034769939e-03
5.256250000000000000e+01,-4.534750480419829505e-03
5.258333333333332860e+01,-4.547617630451070148e-03
5.260416666666666430e+01,-4.559716923002356953e-03
5.262500000000000000e+01,-4.571045910869261236e-03
5.264583333333332860e+01,-4.581602271506116791e-03
5.266666666666666430e+01,-4.591383807768738279e-03
5.268750000000000000e+01,-4.600388448601845301e-03
5.270833333333332860e+01,-4.608614249714865566e-03
5.272916666666666430e+01,-4.616059394238768848e-03
5.275000000000000000e+01,-4.622722193357676340e-03
5.277083333333332860e+01,-4.628601086919106877e-03
5.279166666666666430e+01,-4.633694644018210122e-03
5.281250000000000000e+01,-4.638001563559213287e-03
5.283333333333332860e+01,-4.641520674797445893e-03
5.285416666666666430e+01,-4.644250937848981575e-03
5.287500000000000000e+01,-4.646191444186840991e-03
5.289583333333332860e+01,-4.647341417128234009e-03
5.291666666666666430e+01,-4.647700212282873840e-03
5.293750000000000000e+01,-4.647267317974463664e-03
5.295833333333332860e+01,-4.646042355659055559e-03
5.297916666666666430e+01,-4.644025080330647925e-03
5.300000000000000000e+01,-4.641215380878693786e-03
5.302083333333332860e+01,-4.637613280439293814e-03
5.304166666666666430e+01,-4.633218936721293993e-03
5.306250000000000000e+01,-4.628032642318122974e-03
5.308333333333332860e+01,-4.622054824996550682e-03
5.310416666666666430e+01,-4.615286047945863987e-03
5.312500000000000000e+01,-4.607727010021806999e-03
5.314583333333332860e+01,-4.599378545953176217e-03
5.316666666666666430e+01,-4.590241626537039377e-03
5.318750000000000000e+01,-4.580317358805253286e-03
5.320833333333332860e+01,-4.569606986160084511e-03
5.322916666666666430e+01,-4.558111888493535796e-03
5.325000000000000000e+01,-4.545833582279668050e-03
5.327083333333332860e+01,-4.532773720632887055e-03
5.329166666666666430e+01,-4.518934093356758580e-03
5.331250000000000000e+01,-4.504316626957195757e-03
5.333333333333332860e+01,-4.488923384642261316e-03
5.335416666666666430e+01,-4.472756566286019420e-03
5.337500000000000000e+01,-4.455818508368666886e-03
5.339583333333332860e+01,-4.438111683903622762e-03
5.341666666666666430e+01,-4.419638702320330403e-03
5.343750000000000000e+01,-4.400402309341147622e-03
5.345833333333332860e+01,-4.380405386818018998e-03
5.347916666666666430e+01,-4.359650952560592541e-03
5.350000000000000000e+01,-4.338142160122786251e-03
5.352083333333332860e+01,-4.315882298564374664e-03
5.354166666666666430e+01,-4.292874792200397638e-03
5.356250000000000000e+01,-4.269123200321946199e-03
5.358333333333332860e+01,-4.244631216872213342e-03
5.360416666666666430e+01,-4.219402670110346254e-03
5.362500000000000000e+01,-4.193441522256022291e-03
5.364583333333332860e+01,-4.166751869100072947e-03
5.366666666666666430e+01,-4.139337939585922832e-03
5.368750000000000000e+01,-4.111204095371877310e-03
5.370833333333332860e+01,-4.082354830356814401e-03
5.372916666666666430e+01,-4.052794770193823837e-03
5.375000000000000000e+01,-4.022528671773079045e-03
5.377083333333332860e+01,-3.991561422678896465e-03
5.379166666666666430e+01,-3.959898040611531389e-03
5.381250000000000000e+01,-3.927543672800626329e-03
5.383333333333332860e+01,-3.894503595380960359e-03
5.385416666666666430e+01,-3.860783212750587556e-03
5.387500000000000000e+01,-3.826388056905868917e-03
5.389583333333332860e+01,-3.791323786737119117e-03
5.391666666666666430e+01,-3.755596187311388556e-03
5.393750000000000000e+01,-3.719211169138217365e-03
5.395833333333332860e+01,-3.682174767395338111e-03
5.397916666666666430e+01,-3.644493141135518588e-03
5.400000000000000000e+01,-3.606172572478541505e-03
5.402083333333332860e+01,-3.567219465771626075e-03
5.404166666666666430e+01,-3.527640346730656629e-03
5.406250000000000000e+01,-3.487441861550061306e-03
5.408333333333332860e+01,-3.446630776004905305e-03
5.410416666666666430e+01,-3.405213974525214682e-03
5.412500000000000000e+01,-3.363198459244945426e-03
5.414583333333332860e+01,-3.320591349035256767e-03
5.416666666666666430e+01,-3.277399878517384124e-03
5.418750000000000000e+01,-3.233631397052988410e-03
5.420833333333332860e+01,-3.189293367720308359e-03
5.422916666666666430e+01,-3.144393366268039003e-03
5.425000000000000000e+01,-3.098939080051807404e-03
5.427083333333332860e+01,-3.052938306961114345e-03
5.429166666666666430e+01,-3.006398954320130268e-03
5.431250000000000000e+01,-2.959329037778873905e-03
5.433333333333332860e+01,-2.911736680182241965e-03
5.435416666666666430e+01,-2.863630110437914711e-03
5.437500000000000000e+01,-2.815017662368066165e-03
5.439583333333332860e+01,-2.765907773537176761e-03
5.441666666666666430e+01,-2.716308984086091005e-03
5.443750000000000000e+01,-2.666229935541677976e-03
5.445833333333332860e+01,-2.615679369626949802e-03
5.447916666666666430e+01,-2.564666127055026390e-03
5.450000000000000000e+01,-2.513199146325723055e-03
5.452083333333332860e+01,-2.461287462509190171e-03
5.454166666666666430e+01,-2.408940206026263797e-03
5.456250000000000000e+01,-2.356166601431480823e-03
5.458333333333332860e+01,-2.302975966174278244e-03
5.460416666666666430e+01,-2.249377709385588786e-03
5.462500000000000000e+01,-2.195381330639331607e-03
5.464583333333332860e+01,-2.140996418718607575e-03
5.466666666666666430e+01,-2.086232650407832123e-03
5.468750000000000000e+01,-2.031099789258972166e-03
5.470833333333332860e+01,-1.975607684351371462e-03
5.472916666666666430e+01,-1.919766269078804211e-03
5.475000000000000000e+01,-1.863585559937402936e-03
5.477083333333332860e+01,-1.807075655307716078e-03
5.479166666666666430e+01,-1.750246734229396472e-03
5.481250000000000000e+01,-1.693109055192834611e-03
5.483333333333332860e+01,-1.635672954924963229e-03
5.485416666666666430e+01,-1.577948847169899360e-03
5.487500000000000000e+01,-1.519947221475248522e-03
5.489583333333332860e+01,-1.461678641950722723e-03
5.491666666666666430e+01,-1.403153746034252469e-03
5.493750000000000000e+01,-1.344383243241320525e-03
5.495833333333332860e+01,-1.285377913891064261e-03
5.497916666666666430e+01,-1.226148607775631727e-03
5.500000000000000000e+01,-1.166706242832118989e-03
5.502083333333332860e+01,-1.107061803754014195e-03
5.504166666666666430e+01,-1.047226340529908151e-03
5.506250000000000000e+01,-9.872109669150502809e-04
5.508333333333332860e+01,-9.270268588342928107e-04
5.510416666666666430e+01,-8.666852526545143487e-04
5.512500000000000000e+01,-8.061974433458407585e-04
5.514583333333332860e+01,-7.455747824918618205e-04
5.516666666666666430e+01,-6.848286761247379673e-04
5.518750000000000000e+01,-6.239705823667535123e-04
5.520833333333332860e+01,-5.630120088448015148e-04
5.522916666666666430e+01,-5.019645098347930157e-04
5.525000000000000000e+01,-4.408396831123012616e-04
5.527083333333332860e+01,-3.796491664731782567e-04
5.529166666666666430e+01,-3.184046338782636765e-04
5.531250000000000000e+01,-2.571177911882133182e-04
5.533333333333332860e+01,-1.958003714413181218e-04
5.535416666666666430e+01,-1.344641296415483023e-04
5.537500000000000000e+01,-7.312083701481453257e-05
5.539583333333332860e+01,-1.178227469489367962e-05
5.541666666666666430e+01,4.953977318741809022e-05
5.543750000000000000e+01,1.108335270376126225e-04
5.545833333333332860e+01,1.720872199819645232e-04
5.547916666666666430e+01,2.332891066962605731e-04
5.550000000000000000e+01,2.944274728731849367e-04
5.552083333333332860e+01,3.554906453052536497e-04
5.554166666666666430e+01,4.164670025531141961e-04
5.556250000000000000e+01,4.773449861585343790e-04
5.558333333333332860e+01,5.381131122866311678e-04
5.560416666666666430e+01,5.987599836997925529e-04
5.562500000000000000e+01,6.592743019511737579e-04
5.564583333333332860e+01,7.196448796537996406e-04
5.566666666666666430e+01,7.798606526392137805e-04
5.568750000000000000e+01,8.399106918123705467e-04
5.570833333333332860e+01,8.997842145015144677e-04
5.572916666666666430e+01,9.594705950770193725e-04
5.575000000000000000e+01,1.018959374614325508e-03
5.577083333333332860e+01,1.078240269357794157e-03
5.579166666666666430e+01,1.137303177807413856e-03
5.581250000000000000e+01,1.196138186201664566e-03
5.583333333333332860e+01,1.254735572225301743e-03
5.585416666666666430e+01,1.313085806819366819e-03
5.587500000000000000e+01,1.371179553993337463e-03
5.589583333333332860e+01,1.429007668606194215e-03
5.591666666666666430e+01,1.486561192141050425e-03
5.593750000000000000e+01,1.543831346532631432e-03
5.595833333333332860e+01,1.600809526187116361e-03
5.597916666666666430e+01,1.657487288382317181e-03
5.600000000000000000e+01,1.713856342301534053e-03
5.602083333333332860e+01,1.769908536951053657e-03
5.604166666666666430e+01,1.825635848311385478e-03
5.606250000000000000e+01,1.881030366016500643e-03
5.608333333333332860e+01,1.936084279907754335e-03
5.610416666666666430e+01,1.990789866795308893e-03
5.612500000000000000e+01,2.045139477735768985e-03
5.614583333333332860e+01,2.099125526078618464e-03
5.616666666666666430e+01,2.152740476521225466e-03
5.618750000000000000e+01,2.205976835345027642e-03
5.620833333333332860e+01,2.258827141975158770e-03
5.622916666666666430e+01,2.311283961926799413e-03
5.625000000000000000e+01,2.363339881138876164e-03
5.627083333333332860e+01,2.414987501686075011e-03
5.629166666666666430e+01,2.466219438787567442e-03
5.631250000000000000e+01,2.517028319006825443e-03
5.633333333333332860e+01,2.567406779514086468e-03
5.635416666666666430e+01,2.617347468264752397e-03
5.637500000000000000e+01,2.666843044950961694e-03
5.639583333333332860e+01,2.715886182570043106e-03
5.641666666666666430e+01,2.764469569470462407e-03
5.643750000000000000e+01,2.812585911749029832e-03
5.645833333333332860e+01,2.860227935928882914e-03
5.647916666666666430e+01,2.907388391781146053e-03
5.650000000000000000e+01,2.954060055257126671e-03
5.652083333333332860e+01,3.000235731472844503e-03
5.654166666666666430e+01,3.045908257730448043e-03
5.656250000000000000e+01,3.091070506543294738e-03
5.658333333333332860e+01,3.135715388635176848e-03
5.660416666666666430e+01,3.179835855968066172e-03
5.662500000000000000e+01,3.223424904762031695e-03
5.664583333333332860e+01,3.266475578481059516e-03
5.666666666666666430e+01,3.308980970839647817e-03
5.668750000000000000e+01,3.350934228806237702e-03
5.670833333333332860e+01,3.392328555561596737e-03
5.672916666666666430e+01,3.433157213441423439e-03
5.675000000000000000e+01,3.473413526844104648e-03
5.677083333333332860e+01,3.513090885062408741e-03
5.679166666666666430e+01,3.552182745054102697e-03
5.681250000000000000e+01,3.590682634129593875e-03
5.683333333333332860e+01,3.628584152524830242e-03
5.685416666666666430e+01,3.665880975870117187e-03
5.687500000000000000e+01,3.702566857544650758e-03
5.689583333333332860e+01,3.738635630911604779e-03
5.691666666666666430e+01,3.774081211439225814e-03
5.693750000000000000e+01,3.808897598707228216e-03
5.695833333333332860e+01,3.843078878312519708e-03
5.697916666666666430e+01,3.876619223681543325e-03
5.700000000000000000e+01,3.909512897806971532e-03
5.702083333333332860e+01,3.941754254907670063e-03
5.704166666666666430e+01,3.973337742029854625e-03
5.706250000000000000e+01,4.004257900590023345e-03
5.708333333333332860e+01,4.034509367893887588e-03
5.710416666666666430e+01,4.064086878614855958e-03
5.712500000000000000e+01,4.092985266234007435e-03
5.714583333333332860e+01,4.121199464442261429e-03
5.716666666666666430e+01,4.148724508530120259e-03
5.718750000000000000e+01,4.175555536745603757e-03
5.720833333333332860e+01,4.201687791613693823e-03
5.722916666666666430e+01,4.227116621225116000e-03
5.725000000000000000e+01,4.251837480484736698e-03
5.727083333333332860e+01,4.275845932324426335e-03
5.729166666666666430e+01,4.299137648879097773e-03
5.731250000000000000e+01,4.321708412629084173e-03
5.733333333333332860e+01,4.343554117505983581e-03
5.735416666666666430e+01,4.364670769938655548e-03
5.737500000000000000e+01,4.385054489873405070e-03
5.739583333333332860e+01,4.404701511775702127e-03
5.741666666666666430e+01,4.423608185602175003e-03
5.743750000000000000e+01,4.441770977724433800e-03
5.745833333333332860e+01,4.459186471837468801e-03
5.747916666666666430e+01,4.475851369855048806e-03
5.750000000000000000e+01,4.491762492774456494e-03
5.752083333333332860e+01,4.506916781534500011e-03
5.754166666666666430e+01,4.521311297835440418e-03
5.756250000000000000e+01,4.534943224958471603e-03
5.758333333333332860e+01,4.547809868575104081e-03
5.760416666666666430e+01,4.559908657526562381e-03
5.762500000000000000e+01,4.571237144566097504e-03
5.764583333333332860e+01,4.581793007111541194e-03
5.766666666666666430e+01,4.591574047976169221e-03
5.768750000000000000e+01,4.600578196066570230e-03
5.770833333333332860e+01,4.608803507052318393e-03
5.772916666666666430e+01,4.616248164021881026e-03
5.775000000000000000e+01,4.622910478115986946e-03
5.777083333333332860e+01,4.628788889136592477e-03
5.779166666666666430e+01,4.633881966136732533e-03
5.781250000000000000e+01,4.638188407971314403e-03
5.783333333333332860e+01,4.641707043843623301e-03
5.785416666666666430e+01,4.644436833826341357e-03
5.787500000000000000e+01,4.646376869344724485e-03
5.789583333333332860e+01,4.647526373666039864e-03
5.791666666666666430e+01,4.647884702340739083e-03
5.793750000000000000e+01,4.647451343642906157e-03
5.795833333333332860e+01,4.646225918981125927e-03
5.797916666666666430e+01,4.644208183290377163e-03
5.800000000000000000e+01,4.641398025402524406e-03
5.802083333333332860e+01,4.637795468398822445e-03
5.804166666666666430e+01,4.633400669934532520e-03
5.806250000000000000e+01,4.628213922544067993e-03
5.808333333333332860e+01,4.622235653929461507e-03
5.810416666666666430e+01,4.615466427226167997e-03
5.812500000000000000e+01,4.607906941228652464e-03
5.814583333333332860e+01,4.599558030600373049e-03
5.816666666666666430e+01,4.590420666078627587e-03
5.818750000000000000e+01,4.580495954630423722e-03
5.820833333333332860e+01,4.569785139595921447e-03
5.822916666666666430e+01,4.558289600806630232e-03
5.825000000000000000e+01,4.546010854661129696e-03
5.827083333333332860e+01,4.532950554205213839e-03
5.829166666666666430e+01,4.519110489181039220e-03
5.831250000000000000e+01,4.504492586031610957e-03
5.833333333333332860e+01,4.489098907887179024e-03
5.835416666666666430e+01,4.472931654549240632e-03
5.837500000000000000e+01,4.455993162429838783e-03
5.839583333333332860e+01,4.438285904468222687e-03
5.841666666666666430e+01,4.419812490017688278e-03
5.843750000000000000e+01,4.400575664726194547e-03
5.845833333333332860e+01,4.380578310372890138e-03
5.847916666666666430e+01,4.359823444687341287e-03
5.850000000000000000e+01,4.338314221144674854e-03
5.852083333333332860e+01,4.316053928728642852e-03
5.854166666666666430e+01,4.293045991673766215e-03
5.856250000000000000e+01,4.269293969183872439e-03
5.858333333333332860e+01,4.244801555122093562e-03
5.860416666666666430e+01,4.219572577663976976e-03
5.862500000000000000e+01,4.193610998945496160e-03
5.864583333333332860e+01,4.166920914667159026e-03
5.866666666666666430e+01,4.139506553682253953e-03
5.868750000000000000e+01,4.111372277560552957e-03
5.870833333333332860e+01,4.082522580109507193e-03
5.872916666666666430e+01,4.052962086887511306e-03
5.875000000000000000e+01,4.022695554693582476e-03
5.877083333333332860e+01,3.991727871010035400e-03
5.879166666666666430e+01,3.960064053440535969e-03
5.881250000000000000e+01,3.927709249115202139e-03
5.883333333333332860e+01,3.894668734064271609e-03
5.885416666666666430e+01,3.860947912583317931e-03
5.887500000000000000e+01,3.826552316560080658e-03
5.889583333333332860e+01,3.791487604777876719e-03
5.891666666666666430e+01,3.755759562191887668e-03
5.893750000000000000e+01,3.719374099197619854e-03
5.895833333333332860e+01,3.682337250855066690e-03
5.897916666666666430e+01,3.644655176099548255e-03
5.900000000000000000e+01,3.606334156931317869e-03
5.902083333333332860e+01,3.567380597572611389e-03
5.904166666666666430e+01,3.527801023606461084e-03
5.906250000000000000e+01,3.487602081101312534e-03
5.908333333333332860e+01,3.446790535702709546e-03
5.910416666666666430e+01,3.405373271699457804e-03
5.912500000000000000e+01,3.363357291082877398e-03
5.914583333333332860e+01,3.320749712583115354e-03
5.916666666666666430e+01,3.277557770673317217e-03
5.918750000000000000e+01,3.233788814562640890e-03
5.920833333333332860e+01,3.189450307174573895e-03
5.922916666666666430e+01,3.144549824094691748e-03
5.925000000000000000e+01,3.099095052517708559e-03
5.927083333333332860e+01,3.053093790164135291e-03
5.929166666666666430e+01,3.006553944184447991e-03
5.931250000000000000e+01,2.959483530047185562e-03
5.933333333333332860e+01,2.911890670416555915e-03
5.935416666666666430e+01,2.863783594017385581e-03
5.937500000000000000e+01,2.815170634475089306e-03
5.939583333333332860e+01,2.766060229151559580e-03
5.941666666666666430e+01,2.716460917983137824e-03
5.943750000000000000e+01,2.666381342289525502e-03
5.945833333333332860e+01,2.615830243580363756e-03
5.947916666666666430e+01,2.564816462344868264e-03
5.950000000000000000e+01,2.513348936858658678e-03
5.952083333333332860e+01,2.461436701954908268e-03
5.954166666666666430e+01,2.409088887818974789e-03
5.956250000000000000e+01,2.356314718760466054e-03
5.958333333333332860e+01,2.303123511981933214e-03
5.960416666666666430e+01,2.249524676355224573e-03
5.962500000000000000e+01,2.195527711190595199e-03
5.964583333333332860e+01,2.141142205011978272e-03
5.966666666666666430e+01,2.086377834332131531e-03
5.968750000000000000e+01,2.031244362421705252e-03
5.970833333333332860e+01,1.975751638082515194e-03
5.972916666666666430e+01,1.919909594431057354e-03
5.975000000000000000e+01,1.863728247682022721e-03
5.977083333333332860e+01,1.807217695923318823e-03
5.979166666666666430e+01,1.750388117907619723e-03
5.981250000000000000e+01,1.693249771843166607e-03
5.983333333333332860e+01,1.635812994170579571e-03
5.985416666666666430e+01,1.578088198353866378e-03
5.987500000000000000e+01,1.520085873667934018e-03
5.989583333333332860e+01,1.461816583954916871e-03
5.991666666666666430e+01,1.403290966392245487e-03
5.993750000000000000e+01,1.344519730252929923e-03
5.995833333333332860e+01,1.285513655621503548e-03
5.997916666666666430e+01,1.226283592082780260e-03
