0.000000000000000000e+00,0.000000000000000000e+00
2.083333333333333218e-02,0.000000000000000000e+00
4.166666666666666435e-02,-2.076149913752809955e-05
6.250000000000000000e-02,-2.344189072827794137e-04
8.333333333333332871e-02,-8.650228405351263229e-04
1.041666666666666574e-01,-1.978486811445669125e-03
1.250000000000000000e-01,-3.504461557182050012e-03
1.458333333333333148e-01,-5.388751533732292522e-03
1.666666666666666574e-01,-7.613279219064879658e-03
1.875000000000000000e-01,-1.010912602511197106e-02
2.083333333333333148e-01,-1.274294283137363676e-02
2.291666666666666574e-01,-1.538998025680161225e-02
2.500000000000000000e-01,-1.797190346504456276e-02
2.708333333333333148e-01,-2.042739384282792059e-02
2.916666666666666297e-01,-2.269155448919643256e-02
3.125000000000000000e-01,-2.471894101964033572e-02
3.333333333333333148e-01,-2.650460018979762869e-02
3.541666666666666297e-01,-2.807150409484976405e-02
3.750000000000000000e-01,-2.945026403252693284e-02
3.958333333333333148e-01,-3.067799211466564965e-02
4.166666666666666297e-01,-3.180436982657677131e-02
4.375000000000000000e-01,-3.288540460434312418e-02
4.583333333333333148e-01,-3.397033733790569970e-02
4.791666666666666297e-01,-3.509664632775612303e-02
5.000000000000000000e-01,-3.629262309901412631e-02
5.208333333333332593e-01,-3.757758055880707632e-02
5.416666666666666297e-01,-3.895838454231776576e-02
5.625000000000000000e-01,-4.042875333508815644e-02
5.833333333333332593e-01,-4.197312708324343888e-02
6.041666666666666297e-01,-4.357069143223451374e-02
6.250000000000000000e-01,-4.519711974715239639e-02
6.458333333333332593e-01,-4.682615979026108488e-02
6.666666666666666297e-01,-4.843268200755171393e-02
6.875000000000000000e-01,-4.999567331762604094e-02
7.083333333333332593e-01,-5.149953179549032756e-02
7.291666666666666297e-01,-5.293422567473361068e-02
7.500000000000000000e-01,-5.429546508518175857e-02
7.708333333333332593e-01,-5.558473401120382629e-02
7.916666666666666297e-01,-5.680848153323252159e-02
8.125000000000000000e-01,-5.797661954157694308e-02
8.333333333333332593e-01,-5.910103615152368511e-02
8.541666666666666297e-01,-6.019437119425589261e-02
8.750000000000000000e-01,-6.126882680308658874e-02
8.958333333333332593e-01,-6.233498939778328585e-02
9.166666666666666297e-01,-6.340095684770807871e-02
9.375000000000000000e-01,-6.447193411617742342e-02
9.583333333333332593e-01,-6.555017010103718345e-02
9.791666666666666297e-01,-6.663509645543905235e-02
1.000000000000000000e+00,-6.772368262491472446e-02
1.020833333333333259e+00,-6.881102462722651913e-02
1.041666666666666519e+00,-6.989106066646318116e-02
1.062500000000000000e+00,-7.095727355721918872e-02
1.083333333333333259e+00,-7.200332121686260634e-02
1.104166666666666519e+00,-7.302358564014629905e-02
1.125000000000000000e+00,-7.401360360880668288e-02
1.145833333333333259e+00,-7.497032794060405625e-02
1.166666666666666519e+00,-7.589220949993305543e-02
1.187500000000000000e+00,-7.677913202869862674e-02
1.208333333333333259e+00,-7.763223269807321969e-02
1.229166666666666519e+00,-7.845362984883150204e-02
1.250000000000000000e+00,-7.924608800425218813e-02
1.270833333333333259e+00,-8.001266481703810107e-02
1.291666666666666519e+00,-8.075638092882134189e-02
1.312500000000000000e+00,-8.147993781066836805e-02
1.333333333333333259e+00,-8.218549919451825780e-02
1.354166666666666519e+00,-8.287454926111685605e-02
1.375000000000000000e+00,-8.354783410662453003e-02
1.395833333333333259e+00,-8.420538109723391118e-02
1.416666666666666519e+00,-8.484658209474084389e-02
1.437500000000000000e+00,-8.547032429813797294e-02
1.458333333333333259e+00,-8.607515186343055180e-02
1.479166666666666519e+00,-8.665943979069289094e-02
1.500000000000000000e+00,-8.722156144083176299e-02
1.520833333333333259e+00,-8.776003445434424344e-02
1.541666666666666519e+00,-8.827363481447110527e-02
1.562500000000000000e+00,-8.876147296948515286e-02
1.583333333333333259e+00,-8.922302953513536194e-02
1.604166666666666519e+00,-8.965815212152113134e-02
1.625000000000000000e+00,-9.006701871177615060e-02
1.645833333333333259e+00,-9.045007554977887998e-02
1.666666666666666519e+00,-9.080795854255675759e-02
1.687500000000000000e+00,-9.114140742315111898e-02
1.708333333333333259e+00,-9.145118158206161363e-02
1.729166666666666519e+00,-9.173798529770726962e-02
1.750000000000000000e+00,-9.200240812916650468e-02
1.770833333333333259e+00,-9.224488398267965961e-02
1.791666666666666519e+00,-9.246567022576837602e-02
1.812500000000000000e+00,-9.266484626060435270e-02
1.833333333333333259e+00,-9.284232921540749861e-02
1.854166666666666519e+00,-9.299790306622546243e-02
1.875000000000000000e+00,-9.313125673081568134e-02
1.895833333333333259e+00,-9.324202645476388496e-02
1.916666666666666519e+00,-9.332983801743784114e-02
1.937500000000000000e+00,-9.339434485150371890e-02
1.958333333333333259e+00,-9.343525904410486527e-02
1.979166666666666519e+00,-9.345237325535114825e-02
2.000000000000000000e+00,-9.344557269459799476e-02
2.020833333333333037e+00,-9.341483731998223572e-02
2.041666666666666519e+00,-9.336023530676162974e-02
2.062500000000000000e+00,-9.328190951213671811e-02
2.083333333333333037e+00,-9.318005909872208170e-02
2.104166666666666519e+00,-9.305491864817327929e-02
2.125000000000000000e+00,-9.290673702542030787e-02
2.145833333333333037e+00,-9.273575798727694275e-02
2.166666666666666519e+00,-9.254220411377166167e-02
2.187500000000000000e+00,-9.232626512864491874e-02
2.208333333333333037e+00,-9.208809112816775111e-02
2.229166666666666519e+00,-9.182779071409342964e-02
2.250000000000000000e+00,-9.154543357266378689e-02
2.270833333333333037e+00,-9.124105668773037359e-02
2.291666666666666519e+00,-9.091467314179879633e-02
2.312500000000000000e+00,-9.056628235229116641e-02
2.333333333333333037e+00,-9.019588060562944154e-02
2.354166666666666519e+00,-8.980347087070329748e-02
2.375000000000000000e+00,-8.938907107090716953e-02
2.395833333333333037e+00,-8.895272024235358066e-02
2.416666666666666519e+00,-8.849448227599610028e-02
2.437500000000000000e+00,-8.801444720499947139e-02
2.458333333333333037e+00,-8.751273023170209886e-02
2.479166666666666519e+00,-8.698946887335815004e-02
2.500000000000000000e+00,-8.644481873185003162e-02
2.520833333333333037e+00,-8.587894845553538381e-02
2.541666666666666519e+00,-8.529203446337225991e-02
2.562500000000000000e+00,-8.468425595010437013e-02
2.583333333333333037e+00,-8.405579059836681965e-02
2.604166666666666519e+00,-8.340681130310258207e-02
2.625000000000000000e+00,-8.273748408030512369e-02
2.645833333333333037e+00,-8.204796719983814546e-02
2.666666666666666519e+00,-8.133841146313820769e-02
2.687500000000000000e+00,-8.060896145035413574e-02
2.708333333333333037e+00,-7.985975749391512057e-02
2.729166666666666519e+00,-7.909093809920302032e-02
2.750000000000000000e+00,-7.830264252730934071e-02
2.770833333333333037e+00,-7.749501327639651826e-02
2.791666666666666519e+00,-7.666819824144797957e-02
2.812500000000000000e+00,-7.582235239034651464e-02
2.833333333333333037e+00,-7.495763885995218589e-02
2.854166666666666519e+00,-7.407422944208544302e-02
2.875000000000000000e+00,-7.317230448984186897e-02
2.895833333333333037e+00,-7.225205232457351801e-02
2.916666666666666519e+00,-7.131366825989318703e-02
2.937500000000000000e+00,-7.035735337963541780e-02
2.958333333333333037e+00,-6.938331321191869294e-02
2.979166666666666519e+00,-6.839175643278436190e-02
3.000000000000000000e+00,-6.738289371292968677e-02
3.020833333333333037e+00,-6.635693679311052695e-02
3.041666666666666519e+00,-6.531409784149123932e-02
3.062500000000000000e+00,-6.425458911312351140e-02
3.083333333333333037e+00,-6.317862290102049805e-02
3.104166666666666519e+00,-6.208641174250592587e-02
3.125000000000000000e+00,-6.097816882542206329e-02
3.145833333333333037e+00,-5.985410852729135950e-02
3.166666666666666519e+00,-5.871444701673186883e-02
3.187500000000000000e+00,-5.755940284969003617e-02
3.208333333333333037e+00,-5.638919750216534604e-02
3.229166666666666519e+00,-5.520405579446140826e-02
3.250000000000000000e+00,-5.400420617781934163e-02
3.270833333333333037e+00,-5.278988087078526764e-02
3.291666666666666519e+00,-5.156131584821403713e-02
3.312500000000000000e+00,-5.031875069909387543e-02
3.333333333333333037e+00,-4.906242837944792962e-02
3.354166666666666519e+00,-4.779259489290559049e-02
3.375000000000000000e+00,-4.650949893403108493e-02
3.395833333333333037e+00,-4.521339152841056391e-02
3.416666666666666519e+00,-4.390452569939339716e-02
3.437500000000000000e+00,-4.258315618502856587e-02
3.458333333333333037e+00,-4.124953922101219639e-02
3.479166666666666519e+00,-3.990393239726145597e-02
3.500000000000000000e+00,-3.854659458787688953e-02
3.520833333333333037e+00,-3.717778594743369192e-02
3.541666666666666519e+00,-3.579776796125565957e-02
3.562500000000000000e+00,-3.440680353386536827e-02
3.583333333333333037e+00,-3.300515709825872085e-02
3.604166666666666519e+00,-3.159309472891846937e-02
3.625000000000000000e+00,-3.017088424330132204e-02
3.645833333333333037e+00,-2.873879527953947244e-02
3.666666666666666519e+00,-2.729709934185622217e-02
3.687500000000000000e+00,-2.584606980926218087e-02
3.708333333333333037e+00,-2.438598190705518892e-02
3.729166666666666519e+00,-2.291711264414024452e-02
3.750000000000000000e+00,-2.143974072195058839e-02
3.770833333333333037e+00,-1.995414642262391750e-02
3.791666666666666519e+00,-1.846061148500950655e-02
3.812500000000000000e+00,-1.695941897708959020e-02
3.833333333333333037e+00,-1.545085317260773417e-02
3.854166666666666519e+00,-1.393519943828504248e-02
3.875000000000000000e+00,-1.241274413618250437e-02
3.895833333333333037e+00,-1.088377454375679884e-02
3.916666666666666519e+00,-9.348578792168563134e-03
3.937500000000000000e+00,-7.807445821618407521e-03
3.958333333333333037e+00,-6.260665351046100502e-03
3.979166666666666519e+00,-4.708527858522246028e-03
4.000000000000000000e+00,-3.151324568126926198e-03
4.020833333333333037e+00,-1.589347439035311213e-03
4.041666666666666075e+00,-2.288915286407111632e-05
4.062500000000000000e+00,1.547756904008955759e-03
4.083333333333333037e+00,3.122296665559203335e-03
4.104166666666666075e+00,4.700435420079401155e-03
4.125000000000000000e+00,6.281877853412012012e-03
4.145833333333333037e+00,7.866328100960367359e-03
4.166666666666666075e+00,9.453489807241904214e-03
4.187500000000000000e+00,1.104306619120957664e-02
4.208333333333333037e+00,1.263476011526373267e-02
4.229166666666666075e+00,1.422827415580397992e-02
4.250000000000000000e+00,1.582331067330613322e-02
4.270833333333333037e+00,1.741957188021390698e-02
4.291666666666666075e+00,1.901675990535858091e-02
4.312500000000000000e+00,2.061457685410768639e-02
4.333333333333333037e+00,2.221272486394246237e-02
4.354166666666666075e+00,2.381090615562531793e-02
4.375000000000000000e+00,2.540882308050505800e-02
4.395833333333333037e+00,2.700617816479264008e-02
4.416666666666666075e+00,2.860267415181080158e-02
4.437500000000000000e+00,3.019801404327500383e-02
4.458333333333333037e+00,3.179190114061155453e-02
4.479166666666666075e+00,3.338403908717954560e-02
4.500000000000000000e+00,3.497413191206056454e-02
4.520833333333333037e+00,3.656188407584092664e-02
4.541666666666666075e+00,3.814700051856295682e-02
4.562500000000000000e+00,3.972918670978743683e-02
4.583333333333333037e+00,4.130814870051074256e-02
4.604166666666666075e+00,4.288359317652966352e-02
4.625000000000000000e+00,4.445522751275263890e-02
4.645833333333333037e+00,4.602275982792036063e-02
4.666666666666666075e+00,4.758589903921624231e-02
4.687500000000000000e+00,4.914435491631025110e-02
4.708333333333333037e+00,5.069783813447633486e-02
4.729166666666666075e+00,5.224606032654034032e-02
4.750000000000000000e+00,5.378873413353927463e-02
4.770833333333333037e+00,5.532557325409070276e-02
4.791666666666666075e+00,5.685629249257356105e-02
4.812500000000000000e+00,5.838060780630055513e-02
4.833333333333333037e+00,5.989823635191405399e-02
4.854166666666666075e+00,6.140889653125971431e-02
4.875000000000000000e+00,6.291230803698716345e-02
4.895833333333333037e+00,6.440819189809944556e-02
4.916666666666666075e+00,6.589627052562695153e-02
4.937500000000000000e+00,6.737626775854478611e-02
4.958333333333333037e+00,6.884790890999108182e-02
4.979166666666666075e+00,7.031092081378415015e-02
5.000000000000000000e+00,7.176503187118446481e-02
5.020833333333333037e+00,7.320997209780512327e-02
5.041666666666666075e+00,7.464547317054788522e-02
5.062500000000000000e+00,7.607126847442745310e-02
5.083333333333333037e+00,7.748709314914734025e-02
5.104166666666666075e+00,7.889268413530299562e-02
5.125000000000000000e+00,8.028778022010919779e-02
5.145833333333333037e+00,8.167212208257669526e-02
5.166666666666666075e+00,8.304545233809315641e-02
5.187500000000000000e+00,8.440751558239373287e-02
5.208333333333333037e+00,8.575805843493318481e-02
5.229166666666666075e+00,8.709682958169309708e-02
5.250000000000000000e+00,8.842357981747316076e-02
5.270833333333333037e+00,8.973806208772254489e-02
5.291666666666666075e+00,9.104003152996938131e-02
5.312500000000000000e+00,9.232924551490030718e-02
5.333333333333333037e+00,9.360546368713262844e-02
5.354166666666666075e+00,9.486844800570817804e-02
5.375000000000000000e+00,9.611796278432298279e-02
5.395833333333333037e+00,9.735377473129183667e-02
5.416666666666666075e+00,9.857565298923355590e-02
5.437500000000000000e+00,9.978336917445124188e-02
5.458333333333333037e+00,1.009766974159743980e-01
5.479166666666666075e+00,1.021554143942247361e-01
5.500000000000000000e+00,1.033192993792671627e-01
5.520833333333333037e+00,1.044681342686092779e-01
5.541666666666666075e+00,1.056017036245176510e-01
5.562500000000000000e+00,1.067197947108254608e-01
5.583333333333333037e+00,1.078221975292137508e-01
5.604166666666666075e+00,1.089087048549559067e-01
5.625000000000000000e+00,1.099791122721221481e-01
5.645833333333333037e+00,1.110332182082464925e-01
5.666666666666666075e+00,1.120708239684633650e-01
5.687500000000000000e+00,1.130917337691230012e-01
5.708333333333333037e+00,1.140957547708962572e-01
5.729166666666666075e+00,1.150826971113783348e-01
5.750000000000000000e+00,1.160523739371988605e-01
5.770833333333333037e+00,1.170046014356431047e-01
5.791666666666666075e+00,1.179391988657850082e-01
5.812500000000000000e+00,1.188559885891298240e-01
5.833333333333333037e+00,1.197547960997599886e-01
5.854166666666666075e+00,1.206354500539752739e-01
5.875000000000000000e+00,1.214977822994162265e-01
5.895833333333333037e+00,1.223416279036586424e-01
5.916666666666666075e+00,1.231668251822660154e-01
5.937500000000000000e+00,1.239732157262874862e-01
5.958333333333333037e+00,1.247606444291902567e-01
5.979166666666666075e+00,1.255289595132161595e-01
6.000000000000000000e+00,1.262780125551550003e-01
6.020833333333333037e+00,1.270076585115282042e-01
6.041666666666666075e+00,1.277177557431788679e-01
6.062500000000000000e+00,1.284081660392658586e-01
6.083333333333333037e+00,1.290787546406602371e-01
6.104166666666666075e+00,1.297293902627444373e-01
6.125000000000000000e+00,1.303599451176134238e-01
6.145833333333333037e+00,1.309702949356786605e-01
6.166666666666666075e+00,1.315603189866738076e-01
6.187500000000000000e+00,1.321299001000624807e-01
6.208333333333333037e+00,1.326789246848451564e-01
6.229166666666666075e+00,1.332072827487636169e-01
6.250000000000000000e+00,1.337148679168997656e-01
6.270833333333333037e+00,1.342015774496642944e-01
6.291666666666666075e+00,1.346673122601714234e-01
6.312500000000000000e+00,1.351119769309946650e-01
6.333333333333333037e+00,1.355354797302989467e-01
6.354166666666666075e+00,1.359377326273442377e-01
6.375000000000000000e+00,1.363186513073564032e-01
6.395833333333333037e+00,1.366781551857615684e-01
6.416666666666666075e+00,1.370161674217799108e-01
6.437500000000000000e+00,1.373326149313766065e-01
6.458333333333333037e+00,1.376274283995675973e-01
6.479166666666666075e+00,1.379005422920779045e-01
6.500000000000000000e+00,1.381518948663514323e-01
6.520833333333333037e+00,1.383814281819114866e-01
6.541666666666666075e+00,1.385890881100705352e-01
6.562500000000000000e+00,1.387748243429891004e-01
6.583333333333333037e+00,1.389385904020827844e-01
6.604166666666666075e+00,1.390803436457768161e-01
6.625000000000000000e+00,1.392000452766074814e-01
6.645833333333333037e+00,1.392976603476690500e-01
6.666666666666666075e+00,1.393731577684055034e-01
6.687500000000000000e+00,1.394265103097462044e-01
6.708333333333333037e+00,1.394576946085837044e-01
6.729166666666666075e+00,1.394666911715928270e-01
6.750000000000000000e+00,1.394534843783900024e-01
6.770833333333333037e+00,1.394180624840314631e-01
6.791666666666666075e+00,1.393604176208496637e-01
6.812500000000000000e+00,1.392805457996274532e-01
6.833333333333333037e+00,1.391784469101085553e-01
6.854166666666666075e+00,1.390541247208451625e-01
6.875000000000000000e+00,1.389075868783819778e-01
6.895833333333333037e+00,1.387388449057769813e-01
6.916666666666666075e+00,1.385479142004593933e-01
6.937500000000000000e+00,1.383348140314250296e-01
6.958333333333333037e+00,1.380995675357700736e-01
6.979166666666666075e+00,1.378422017145640721e-01
7.000000000000000000e+00,1.375627474280626539e-01
7.020833333333333037e+00,1.372612393902615802e-01
7.041666666666666075e+00,1.369377161627923223e-01
7.062500000000000000e+00,1.365922201481613585e-01
7.083333333333333037e+00,1.362247975823331625e-01
7.104166666666666075e+00,1.358354985266592152e-01
7.125000000000000000e+00,1.354243768591532615e-01
7.145833333333333037e+00,1.349914902651151716e-01
7.166666666666666075e+00,1.345369002271042391e-01
7.187500000000000000e+00,1.340606720142634156e-01
7.208333333333333037e+00,1.335628746709968395e-01
7.229166666666666075e+00,1.330435810050014100e-01
7.250000000000000000e+00,1.325028675746554030e-01
7.270833333333333037e+00,1.319408146757655442e-01
7.291666666666666075e+00,1.313575063276747334e-01
7.312500000000000000e+00,1.307530302587332771e-01
7.333333333333333037e+00,1.301274778911356012e-01
7.354166666666666075e+00,1.294809443251251357e-01
7.375000000000000000e+00,1.288135283225703698e-01
7.395833333333333037e+00,1.281253322899145730e-01
7.416666666666666075e+00,1.274164622605025166e-01
7.437500000000000000e+00,1.266870278762866897e-01
7.458333333333333037e+00,1.259371423689167324e-01
7.479166666666666075e+00,1.251669225402150532e-01
7.500000000000000000e+00,1.243764887420418241e-01
7.520833333333333037e+00,1.235659648555532258e-01
7.541666666666666075e+00,1.227354782698559105e-01
7.562500000000000000e+00,1.218851598600618202e-01
7.583333333333333037e+00,1.210151439647467603e-01
7.604166666666666075e+00,1.201255683628166954e-01
7.625000000000000000e+00,1.192165742497857672e-01
7.645833333333333037e+00,1.182883062134698071e-01
7.666666666666666075e+00,1.173409122090998957e-01
7.687500000000000000e+00,1.163745435338598838e-01
7.708333333333333037e+00,1.153893548008526476e-01
7.729166666666666075e+00,1.143855039124992007e-01
7.750000000000000000e+00,1.133631520333754777e-01
7.770833333333333037e+00,1.123224635624915924e-01
7.791666666666666075e+00,1.112636061050182035e-01
7.812500000000000000e+00,1.101867504434651812e-01
7.833333333333333037e+00,1.090920705083175124e-01
7.854166666666666075e+00,1.079797433481335528e-01
7.875000000000000000e+00,1.068499490991110384e-01
7.895833333333333037e+00,1.057028709541263378e-01
7.916666666666666075e+00,1.045386951312521212e-01
7.937500000000000000e+00,1.033576108417593453e-01
7.958333333333333037e+00,1.021598102576092154e-01
7.979166666666666075e+00,1.009454884784409118e-01
8.000000000000000000e+00,9.971484349806115921e-02
8.020833333333332149e+00,9.846807617044142646e-02
8.041666666666666075e+00,9.720539017522945857e-02
8.062500000000000000e+00,9.592699198278087369e-02
8.083333333333332149e+00,9.463309081871777717e-02
8.104166666666666075e+00,9.332389862802062397e-02
8.125000000000000000e+00,9.199963003866039324e-02
8.145833333333332149e+00,9.066050232477744497e-02
8.166666666666666075e+00,8.930673536941438617e-02
8.187500000000000000e+00,8.793855162681014914e-02
8.208333333333332149e+00,8.655617608426222076e-02
8.229166666666666075e+00,8.515983622356457228e-02
8.250000000000000000e+00,8.374976198202878364e-02
8.270833333333332149e+00,8.232618571309624489e-02
8.291666666666666075e+00,8.088934214654883159e-02
8.312500000000000000e+00,7.943946834832633919e-02
8.333333333333332149e+00,7.797680367995848960e-02
8.354166666666666075e+00,7.650158975761996161e-02
8.375000000000000000e+00,7.501407041081631366e-02
8.395833333333332149e+00,7.351449164070958386e-02
8.416666666666666075e+00,7.200310157809157452e-02
8.437500000000000000e+00,7.048015044101370308e-02
8.458333333333332149e+00,6.894589049208144083e-02
8.479166666666666075e+00,6.740057599542208233e-02
8.500000000000000000e+00,6.584446317333404741e-02
8.520833333333332149e+00,6.427781016262595903e-02
8.541666666666666075e+00,6.270087697065319932e-02
8.562500000000000000e+00,6.111392543105990255e-02
8.583333333333332149e+00,5.951721915923335188e-02
8.604166666666666075e+00,5.791102350747742017e-02
8.625000000000000000e+00,5.629560551991107803e-02
8.645833333333332149e+00,5.467123388709698578e-02
8.666666666666666075e+00,5.303817890040437438e-02
8.687500000000000000e+00,5.139671240610899083e-02
8.708333333333332149e+00,4.974710775923164158e-02
8.729166666666666075e+00,4.808963977711525062e-02
8.750000000000000000e+00,4.642458469273855887e-02
8.770833333333332149e+00,4.475222010776271075e-02
8.791666666666666075e+00,4.307282494530485090e-02
8.812500000000000000e+00,4.138667940243070248e-02
8.833333333333332149e+00,3.969406490235580925e-02
8.854166666666666075e+00,3.799526404634331195e-02
8.875000000000000000e+00,3.629056056528418006e-02
8.895833333333332149e+00,3.458023927094409228e-02
8.916666666666666075e+00,3.286458600686034681e-02
8.937500000000000000e+00,3.114388759887192284e-02
8.958333333333332149e+00,2.941843180526650808e-02
8.979166666666666075e+00,2.768850726653002484e-02
9.000000000000000000e+00,2.595440345468708054e-02
9.020833333333332149e+00,2.421641062222542468e-02
9.041666666666666075e+00,2.247481975060346138e-02
9.062500000000000000e+00,2.072992249834724673e-02
9.083333333333332149e+00,1.898201114875206624e-02
9.104166666666666075e+00,1.723137855721354819e-02
9.125000000000000000e+00,1.547831809822411420e-02
9.145833333333332149e+00,1.372312361208127135e-02
9.166666666666666075e+00,1.196608935136461369e-02
9.187500000000000000e+00,1.020750992724800410e-02
9.208333333333332149e+00,8.447680255721132583e-03
9.229166666666666075e+00,6.686895503799943595e-03
9.250000000000000000e+00,4.925451035807867049e-03
9.270833333333332149e+00,3.163642359808721376e-03
9.291666666666666075e+00,1.401765074267915297e-03
9.312500000000000000e+00,-3.598851849895778020e-04
9.333333333333332149e+00,-2.121012797467063983e-03
9.354166666666666075e+00,-3.881322210286126603e-03
9.375000000000000000e+00,-5.640517990050588661e-03
9.395833333333332149e+00,-7.398304874272498659e-03
9.416666666666666075e+00,-9.154387822364483743e-03
9.437500000000000000e+00,-1.090847206621786171e-02
9.458333333333332149e+00,-1.266026316039858650e-02
9.479166666666666075e+00,-1.440946703200328069e-02
9.500000000000000000e+00,-1.615579003022427768e-02
9.520833333333332149e+00,-1.789893897567560940e-02
9.541666666666666075e+00,-1.963862120953136989e-02
9.562500000000000000e+00,-2.137454464252424441e-02
9.583333333333332149e+00,-2.310641780384546304e-02
9.604166666666666075e+00,-2.483394988997892835e-02
9.625000000000000000e+00,-2.655685081349240528e-02
9.645833333333332149e+00,-2.827483125179849899e-02
9.666666666666666075e+00,-2.998760269588846353e-02
9.687500000000000000e+00,-3.169487749903256157e-02
9.708333333333332149e+00,-3.339636892543343394e-02
9.729166666666666075e+00,-3.509179119881346981e-02
9.750000000000000000e+00,-3.678085955091341813e-02
9.770833333333332149e+00,-3.846329026987758970e-02
9.791666666666666075e+00,-4.013880074850154078e-02
9.812500000000000000e+00,-4.180710953231910748e-02
9.833333333333332149e+00,-4.346793636750876516e-02
9.854166666666666075e+00,-4.512100224860231268e-02
9.875000000000000000e+00,-4.676602946598242688e-02
9.895833333333332149e+00,-4.840274165315908150e-02
9.916666666666666075e+00,-5.003086383381780827e-02
9.937500000000000000e+00,-5.165012246863501938e-02
9.958333333333332149e+00,-5.326024550185745610e-02
9.979166666666666075e+00,-5.486096240764298110e-02
1.000000000000000000e+01,-5.645200423616049401e-02
1.002083333333333215e+01,-5.803310365944566035e-02
1.004166666666666607e+01,-5.960399501700812397e-02
1.006250000000000000e+01,-6.116441436118440211e-02
1.008333333333333215e+01,-6.271409950222892049e-02
1.010416666666666607e+01,-6.425279005313426495e-02
1.012500000000000000e+01,-6.578022747417036631e-02
1.014583333333333215e+01,-6.729615511713113452e-02
1.016666666666666607e+01,-6.880031826927682226e-02
1.018750000000000000e+01,-7.029246419695982240e-02
1.020833333333333215e+01,-7.177234218892185325e-02
1.022916666666666607e+01,-7.323970359925152662e-02
1.025000000000000000e+01,-7.469430188999091891e-02
1.027083333333333215e+01,-7.613589267338198574e-02
1.029166666666666607e+01,-7.756423375374374429e-02
1.031250000000000000e+01,-7.897908516897253484e-02
1.033333333333333215e+01,-8.038020923165829779e-02
1.035416666666666607e+01,-8.176737056981088492e-02
1.037500000000000000e+01,-8.314033616719061770e-02
1.039583333333333215e+01,-8.449887540323743063e-02
1.041666666666666607e+01,-8.584276009259378393e-02
1.043750000000000000e+01,-8.717176452421565580e-02
1.045833333333333215e+01,-8.848566550006609077e-02
1.047916666666666607e+01,-8.978424237338564207e-02
1.050000000000000000e+01,-9.106727708653337972e-02
1.052083333333333215e+01,-9.233455420839195571e-02
1.054166666666666607e+01,-9.358586097132988446e-02
1.056250000000000000e+01,-9.482098730771397477e-02
1.058333333333333215e+01,-9.603972588596501603e-02
1.060416666666666607e+01,-9.724187214614909980e-02
1.062500000000000000e+01,-9.842722433509779045e-02
1.064583333333333215e+01,-9.959558354105002564e-02
1.066666666666666607e+01,-1.007467537278091130e-01
1.068750000000000000e+01,-1.018805417684082726e-01
1.070833333333333215e+01,-1.029967574782787304e-01
1.072916666666666607e+01,-1.040952136479143114e-01
1.075000000000000000e+01,-1.051757260750272593e-01
1.077083333333333215e+01,-1.062381135961897594e-01
1.079166666666666607e+01,-1.072821981179563622e-01
1.081250000000000000e+01,-1.083078046474619527e-01
1.083333333333333215e+01,-1.093147613224910164e-01
1.085416666666666607e+01,-1.103028994410129998e-01
1.087500000000000000e+01,-1.112720534901794067e-01
1.089583333333333215e+01,-1.122220611747776070e-01
1.091666666666666607e+01,-1.131527634451368891e-01
1.093750000000000000e+01,-1.140640045244819822e-01
1.095833333333333215e+01,-1.149556319357292328e-01
1.097916666666666607e+01,-1.158274965277208690e-01
1.100000000000000000e+01,-1.166794525008924971e-01
1.102083333333333215e+01,-1.175113574323694010e-01
1.104166666666666607e+01,-1.183230723004870255e-01
1.106250000000000000e+01,-1.191144615087311037e-01
1.108333333333333215e+01,-1.198853929090934467e-01
1.110416666666666607e+01,-1.206357378248389539e-01
1.112500000000000000e+01,-1.213653710726799451e-01
1.114583333333333215e+01,-1.220741709843541217e-01
1.116666666666666607e+01,-1.227620194276021481e-01
1.118750000000000000e+01,-1.234288018265416731e-01
1.120833333333333215e+01,-1.240744071814341432e-01
1.122916666666666607e+01,-1.246987280878411875e-01
1.125000000000000000e+01,-1.253016607551675210e-01
1.127083333333333215e+01,-1.258831050245871330e-01
1.129166666666666607e+01,-1.264429643863498043e-01
1.131250000000000000e+01,-1.269811459964651779e-01
1.133333333333333215e+01,-1.274975606927615801e-01
1.135416666666666607e+01,-1.279921230103165386e-01
1.137500000000000000e+01,-1.284647511962569433e-01
1.139583333333333215e+01,-1.289153672239256310e-01
1.141666666666666607e+01,-1.293438968064123396e-01
1.143750000000000000e+01,-1.297502694094466169e-01
1.145833333333333215e+01,-1.301344182636501312e-01
1.147916666666666607e+01,-1.304962803761468004e-01
1.150000000000000000e+01,-1.308357965415277713e-01
1.152083333333333215e+01,-1.311529113521701928e-01
1.154166666666666607e+01,-1.314475732079076753e-01
1.156250000000000000e+01,-1.317197343250504360e-01
1.158333333333333215e+01,-1.319693507447541048e-01
1.160416666666666607e+01,-1.321963823407352745e-01
1.162500000000000000e+01,-1.324007928263327138e-01
1.164583333333333215e+01,-1.325825497609130210e-01
1.166666666666666607e+01,-1.327416245556196916e-01
1.168750000000000000e+01,-1.328779924784643518e-01
1.170833333333333215e+01,-1.329916326587593789e-01
1.172916666666666607e+01,-1.330825280908915220e-01
1.175000000000000000e+01,-1.331506656374354391e-01
1.177083333333333215e+01,-1.331960360316065406e-01
1.179166666666666607e+01,-1.332186338790530000e-01
1.181250000000000000e+01,-1.332184576589864333e-01
1.183333333333333215e+01,-1.331955097246511066e-01
1.185416666666666607e+01,-1.331497963031312293e-01
1.187500000000000000e+01,-1.330813274944968594e-01
1.189583333333333215e+01,-1.329901172702880607e-01
1.191666666666666607e+01,-1.328761834713375611e-01
1.193750000000000000e+01,-1.327395478049324951e-01
1.195833333333333215e+01,-1.325802358413155912e-01
1.197916666666666607e+01,-1.323982770095259720e-01
1.200000000000000000e+01,-1.321937045925808685e-01
1.202083333333333215e+01,-1.319665557219985574e-01
1.204166666666666607e+01,-1.317168713716637962e-01
1.206250000000000000e+01,-1.314446963510360888e-01
1.208333333333333215e+01,-1.311500792977028651e-01
1.210416666666666607e+01,-1.308330726692780166e-01
1.212500000000000000e+01,-1.304937327346476494e-01
1.214583333333333215e+01,-1.301321195645642192e-01
1.216666666666666607e+01,-1.297482970215906029e-01
1.218750000000000000e+01,-1.293423327493961050e-01
1.220833333333333215e+01,-1.289142981614058991e-01
1.222916666666666607e+01,-1.284642684288058445e-01
1.225000000000000000e+01,-1.279923224679048177e-01
1.227083333333333215e+01,-1.274985429268566117e-01
1.229166666666666607e+01,-1.269830161717435402e-01
1.231250000000000000e+01,-1.264458322720241890e-01
1.233333333333333215e+01,-1.258870849853477303e-01
1.235416666666666607e+01,-1.253068717417376576e-01
1.237500000000000000e+01,-1.247052936271469681e-01
1.239583333333333215e+01,-1.240824553663881225e-01
1.241666666666666607e+01,-1.234384653054404618e-01
1.243750000000000000e+01,-1.227734353931382028e-01
1.245833333333333215e+01,-1.220874811622420092e-01
1.247916666666666607e+01,-1.213807217098974017e-01
1.250000000000000000e+01,-1.206532796774833216e-01
1.252083333333333215e+01,-1.199052812298543741e-01
1.254166666666666607e+01,-1.191368560339801513e-01
1.256250000000000000e+01,-1.183481372369854234e-01
1.258333333333333215e+01,-1.175392614435949584e-01
1.260416666666666607e+01,-1.167103686929866907e-01
1.262500000000000000e+01,-1.158616024350573592e-01
1.264583333333333215e+01,-1.149931095061047098e-01
1.266666666666666607e+01,-1.141050401039303691e-01
1.268750000000000000e+01,-1.131975477623676507e-01
1.270833333333333215e+01,-1.122707893252388317e-01
1.272916666666666607e+01,-1.113249249197463403e-01
1.275000000000000000e+01,-1.103601179293024620e-01
1.277083333333333215e+01,-1.093765349658022967e-01
1.279166666666666607e+01,-1.083743458413446714e-01
1.281250000000000000e+01,-1.073537235394061984e-01
1.283333333333333215e+01,-1.063148441854733089e-01
1.285416666666666607e+01,-1.052578870171374942e-01
1.287500000000000000e+01,-1.041830343536588321e-01
1.289583333333333215e+01,-1.030904715650034081e-01
1.291666666666666607e+01,-1.019803870403599849e-01
1.293750000000000000e+01,-1.008529721561413628e-01
1.295833333333333215e+01,-9.970842124347621682e-02
1.297916666666666607e+01,-9.854693155519705927e-02
1.300000000000000000e+01,-9.736870323233048907e-02
1.302083333333333215e+01,-9.617393927009514065e-02
1.304166666666666607e+01,-9.496284548341402121e-02
1.306250000000000000e+01,-9.373563047194694020e-02
1.308333333333333215e+01,-9.249250558464947036e-02
1.310416666666666607e+01,-9.123368488386479624e-02
1.312500000000000000e+01,-8.995938510895482021e-02
1.314583333333333215e+01,-8.866982563947720108e-02
1.316666666666666607e+01,-8.736522845791477865e-02
1.318750000000000000e+01,-8.604581811196411467e-02
1.320833333333333215e+01,-8.471182167639017269e-02
1.322916666666666607e+01,-8.336346871445340923e-02
1.325000000000000000e+01,-8.200099123891693709e-02
1.327083333333333215e+01,-8.062462367264014440e-02
1.329166666666666607e+01,-7.923460280876598594e-02
1.331250000000000000e+01,-7.783116777050902435e-02
1.333333333333333215e+01,-7.641455997055134064e-02
1.335416666666666607e+01,-7.498502307005318335e-02
1.337500000000000000e+01,-7.354280293728564233e-02
1.339583333333333215e+01,-7.208814760589224435e-02
1.341666666666666607e+01,-7.062130723278652045e-02
1.343750000000000000e+01,-6.914253405569251165e-02
1.345833333333333215e+01,-6.765208235033495776e-02
1.347916666666666607e+01,-6.615020838728587205e-02
1.350000000000000000e+01,-6.463717038847406615e-02
1.352083333333333215e+01,-6.311322848336393954e-02
1.354166666666666607e+01,-6.157864466480972993e-02
1.356250000000000000e+01,-6.003368274459079668e-02
1.358333333333333215e+01,-5.847860830863387677e-02
1.360416666666666607e+01,-5.691368867192717063e-02
1.362500000000000000e+01,-5.533919283313125381e-02
1.364583333333333215e+01,-5.375539142889105421e-02
1.366666666666666607e+01,-5.216255668785302335e-02
1.368750000000000000e+01,-5.056096238439081875e-02
1.370833333333333215e+01,-4.895088379204261958e-02
1.372916666666666607e+01,-4.733259763666236575e-02
1.375000000000000000e+01,-4.570638204928723775e-02
1.377083333333333215e+01,-4.407251651872275827e-02
1.379166666666666607e+01,-4.243128184384673679e-02
1.381250000000000000e+01,-4.078296008563289665e-02
1.383333333333333215e+01,-3.912783451889503827e-02
1.385416666666666607e+01,-3.746618958375203673e-02
1.387500000000000000e+01,-3.579831083681469378e-02
1.389583333333333215e+01,-3.412448490209519375e-02
1.391666666666666607e+01,-3.244499942164067591e-02
1.393750000000000000e+01,-3.076014300589327219e-02
1.395833333333333215e+01,-2.907020518378016644e-02
1.397916666666666607e+01,-2.737547635253801889e-02
1.400000000000000000e+01,-2.567624772727828547e-02
1.402083333333333215e+01,-2.397281129030170641e-02
1.404166666666666607e+01,-2.226545974017245938e-02
1.406250000000000000e+01,-2.055448644056483143e-02
1.408333333333333215e+01,-1.884018536889791109e-02
1.410416666666666607e+01,-1.712285106477625177e-02
1.412500000000000000e+01,-1.540277857825738880e-02
1.414583333333333215e+01,-1.368026341796944184e-02
1.416666666666666607e+01,-1.195560149910439990e-02
1.418750000000000000e+01,-1.022908909131461756e-02
1.420833333333333215e+01,-8.501022766541568507e-03
1.422916666666666607e+01,-6.771699346806984987e-03
1.425000000000000000e+01,-5.041415851996817327e-03
1.427083333333333215e+01,-3.310469447668125138e-03
1.429166666666666607e+01,-1.579157392908128862e-03
1.431250000000000000e+01,1.522230117270925731e-04
1.433333333333333215e+01,1.883374476169110160e-03
1.435416666666666607e+01,3.613999772666482129e-03
1.437500000000000000e+01,5.343801787467700008e-03
1.439583333333333215e+01,7.072483572342278674e-03
1.441666666666666607e+01,8.799748395928142300e-03
1.443750000000000000e+01,1.052529979489701464e-02
1.445833333333333215e+01,1.224884162493298546e-02
1.447916666666666607e+01,1.397007811152271330e-02
1.450000000000000000e+01,1.568871390055829110e-02
1.452083333333333215e+01,1.740445410875586865e-02
1.454166666666666607e+01,1.911700437389455068e-02
1.456250000000000000e+01,2.082607090488120330e-02
1.458333333333333215e+01,2.253136053164698366e-02
1.460416666666666607e+01,2.423258075488105706e-02
1.462500000000000000e+01,2.592943979560604489e-02
1.464583333333333215e+01,2.762164664459892602e-02
1.466666666666666607e+01,2.930891111165957394e-02
1.468750000000000000e+01,3.099094387472731485e-02
1.470833333333333215e+01,3.266745652884450735e-02
1.472916666666666607e+01,3.433816163496444807e-02
1.475000000000000000e+01,3.600277276859946418e-02
1.477083333333333215e+01,3.766100456830386717e-02
1.479166666666666607e+01,3.931257278398535282e-02
1.481250000000000000e+01,4.095719432503753393e-02
1.483333333333333215e+01,4.259458730828591388e-02
1.485416666666666607e+01,4.422447110573920342e-02
1.487500000000000000e+01,4.584656639213777890e-02
1.489583333333333215e+01,4.746059519229104545e-02
1.491666666666666607e+01,4.906628092819546177e-02
1.493750000000000000e+01,5.066334846592523977e-02
1.495833333333333215e+01,5.225152416228798224e-02
1.497916666666666607e+01,5.383053591123751480e-02
1.500000000000000000e+01,5.540011319003627227e-02
1.502083333333333215e+01,5.695998710515976643e-02
1.504166666666666607e+01,5.850989043793567573e-02
1.506250000000000000e+01,6.004955768990986181e-02
1.508333333333333215e+01,6.157872512793170772e-02
1.510416666666666607e+01,6.309713082895102021e-02
1.512500000000000000e+01,6.460451472451859967e-02
1.514583333333333215e+01,6.610061864498227580e-02
1.516666666666666607e+01,6.758518636337046415e-02
1.518750000000000000e+01,6.905796363895491674e-02
1.520833333333333215e+01,7.051869826048449974e-02
1.522916666666666607e+01,7.196714008908167148e-02
1.525000000000000000e+01,7.340304110079350075e-02
1.527083333333333215e+01,7.482615542878920389e-02
1.529166666666666607e+01,7.623623940519630438e-02
1.531250000000000000e+01,7.763305160256751825e-02
1.533333333333333215e+01,7.901635287497069116e-02
1.535416666666666607e+01,8.038590639869448717e-02
1.537500000000000000e+01,8.174147771256247419e-02
1.539583333333333215e+01,8.308283475784861150e-02
1.541666666666666607e+01,8.440974791778693698e-02
1.543750000000000000e+01,8.572199005666868155e-02
1.545833333333333215e+01,8.701933655852019112e-02
1.547916666666666607e+01,8.830156536535486989e-02
1.550000000000000000e+01,8.956845701499266399e-02
1.552083333333333215e+01,9.081979467844025766e-02
1.554166666666666607e+01,9.205536419682579241e-02
1.556250000000000000e+01,9.327495411788161439e-02
1.558333333333333215e+01,9.447835573196852743e-02
1.560416666666666607e+01,9.566536310763525119e-02
1.562500000000000000e+01,9.683577312670693660e-02
1.564583333333333215e+01,9.798938551889628534e-02
1.566666666666666607e+01,9.912600289593151426e-02
1.568750000000000000e+01,1.002454307851947390e-01
1.570833333333333215e+01,1.013474776628650736e-01
1.572916666666666607e+01,1.024319549865606721e-01
1.575000000000000000e+01,1.034986772274738703e-01
1.577083333333333215e+01,1.045474619019938767e-01
1.579166666666666607e+01,1.055781296028116406e-01
1.581250000000000000e+01,1.065905040295012235e-01
1.583333333333333215e+01,1.075844120185730779e-01
1.585416666666666607e+01,1.085596835729932402e-01
1.587500000000000000e+01,1.095161518911639820e-01
1.589583333333333215e+01,1.104536533953607846e-01
1.591666666666666607e+01,1.113720277596207675e-01
1.593750000000000000e+01,1.122711179370779466e-01
1.595833333333333215e+01,1.131507701867403154e-01
1.597916666666666607e+01,1.140108340997044861e-01
1.600000000000000000e+01,1.148511626248031464e-01
1.602083333333333215e+01,1.156716120936812642e-01
1.604166666666666430e+01,1.164720422452961562e-01
1.606250000000000000e+01,1.172523162498377847e-01
1.608333333333333215e+01,1.180123007320647011e-01
1.610416666666666430e+01,1.187518657940518363e-01
1.612500000000000000e+01,1.194708850373462361e-01
1.614583333333333215e+01,1.201692355845266069e-01
1.616666666666666430e+01,1.208467981001634939e-01
1.618750000000000000e+01,1.215034568111759139e-01
1.620833333333333215e+01,1.221390995265814183e-01
1.622916666666666430e+01,1.227536176566358522e-01
1.625000000000000000e+01,1.233469062313596182e-01
1.627083333333333215e+01,1.239188639184474333e-01
1.629166666666666430e+01,1.244693930405584154e-01
1.631250000000000000e+01,1.249983995919833335e-01
1.633333333333333215e+01,1.255057932546865263e-01
1.635416666666666430e+01,1.259914874137194885e-01
1.637500000000000000e+01,1.264553991720034631e-01
1.639583333333333215e+01,1.268974493644787760e-01
1.641666666666666430e+01,1.273175625716180537e-01
1.643750000000000000e+01,1.277156671323014525e-01
1.645833333333333215e+01,1.280916951560514272e-01
1.647916666666666430e+01,1.284455825346245972e-01
1.650000000000000000e+01,1.287772689529594894e-01
1.652083333333333215e+01,1.290866978994775205e-01
1.654166666666666430e+01,1.293738166757360253e-01
1.656250000000000000e+01,1.296385764054308054e-01
1.658333333333333215e+01,1.298809320427478098e-01
1.660416666666666430e+01,1.301008423800614766e-01
1.662500000000000000e+01,1.302982700549787376e-01
1.664583333333333215e+01,1.304731815567277409e-01
1.666666666666666430e+01,1.306255472318897659e-01
1.668750000000000000e+01,1.307553412894733036e-01
1.670833333333333215e+01,1.308625418053298850e-01
1.672916666666666430e+01,1.309471307259104378e-01
1.675000000000000000e+01,1.310090938713615039e-01
1.677083333333333215e+01,1.310484209379610687e-01
1.679166666666666430e+01,1.310651054998932807e-01
1.681250000000000000e+01,1.310591450103616995e-01
1.683333333333333215e+01,1.310305408020411844e-01
1.685416666666666430e+01,1.309792980868678403e-01
1.687500000000000000e+01,1.309054259551674648e-01
1.689583333333333215e+01,1.308089373741223305e-01
1.691666666666666430e+01,1.306898491855763844e-01
1.693750000000000000e+01,1.305481821031798106e-01
1.695833333333333215e+01,1.303839607088726760e-01
1.697916666666666430e+01,1.301972134487086596e-01
1.700000000000000000e+01,1.299879726280195047e-01
1.702083333333333215e+01,1.297562744059208018e-01
1.704166666666666430e+01,1.295021587891601322e-01
1.706250000000000000e+01,1.292256696253084314e-01
1.708333333333333215e+01,1.289268545952961809e-01
1.710416666666666430e+01,1.286057652052948197e-01
1.712500000000000000e+01,1.282624567779457880e-01
1.714583333333333215e+01,1.278969884429373982e-01
1.716666666666666430e+01,1.275094231269325029e-01
1.718750000000000000e+01,1.270998275428473490e-01
1.720833333333333215e+01,1.266682721784843646e-01
1.722916666666666430e+01,1.262148312845204623e-01
1.725000000000000000e+01,1.257395828618524669e-01
1.727083333333333215e+01,1.252426086483026113e-01
1.729166666666666430e+01,1.247239941046856676e-01
1.731250000000000000e+01,1.241838284002404202e-01
1.733333333333333215e+01,1.236222043974277846e-01
1.735416666666666430e+01,1.230392186360981938e-01
1.737500000000000000e+01,1.224349713170309467e-01
1.739583333333333215e+01,1.218095662848484445e-01
1.741666666666666430e+01,1.211631110103077447e-01
1.743750000000000000e+01,1.204957165719732215e-01
1.745833333333333215e+01,1.198074976372727057e-01
1.747916666666666430e+01,1.190985724429407949e-01
1.750000000000000000e+01,1.183690627748525542e-01
1.752083333333333215e+01,1.176190939472509661e-01
1.754166666666666430e+01,1.168487947813718481e-01
1.756250000000000000e+01,1.160582975834697772e-01
1.758333333333333215e+01,1.152477381222489494e-01
1.760416666666666430e+01,1.144172556057025530e-01
1.762500000000000000e+01,1.135669926573652094e-01
1.764583333333333215e+01,1.126970952919819219e-01
1.766666666666666430e+01,1.118077128905981682e-01
1.768750000000000000e+01,1.108989981750753834e-01
1.770833333333333215e+01,1.099711071820362596e-01
1.772916666666666430e+01,1.090241992362441931e-01
1.775000000000000000e+01,1.080584369234218467e-01
1.777083333333333215e+01,1.070739860625131989e-01
1.779166666666666430e+01,1.060710156773942564e-01
1.781250000000000000e+01,1.050496979680373560e-01
1.783333333333333215e+01,1.040102082811337342e-01
1.785416666666666430e+01,1.029527250801800797e-01
1.787500000000000000e+01,1.018774299150338597e-01
1.789583333333333215e+01,1.007845073909430511e-01
1.791666666666666430e+01,9.967414513705578905e-02
1.793750000000000000e+01,9.854653377441528750e-02
1.795833333333333215e+01,9.740186688344577848e-02
1.797916666666666430e+01,9.624034097093547846e-02
1.800000000000000000e+01,9.506215543652213329e-02
1.802083333333333215e+01,9.386751253868710898e-02
1.804166666666666430e+01,9.265661736026442608e-02
1.806250000000000000e+01,9.142967777347059399e-02
1.808333333333333215e+01,9.018690440446153200e-02
1.810416666666666430e+01,8.892851059742287734e-02
1.812500000000000000e+01,8.765471237820018913e-02
1.814583333333333215e+01,8.636572841747540419e-02
1.816666666666666430e+01,8.506177999349610885e-02
1.818750000000000000e+01,8.374309095436428818e-02
1.820833333333333215e+01,8.240988767989125552e-02
1.822916666666666430e+01,8.106239904302504906e-02
1.825000000000000000e+01,7.970085637085763675e-02
1.827083333333333215e+01,7.832549340521834103e-02
1.829166666666666430e+01,7.693654626286015874e-02
1.831250000000000000e+01,7.553425339524591497e-02
1.833333333333333215e+01,7.411885554794103714e-02
1.835416666666666430e+01,7.269059571961938859e-02
1.837500000000000000e+01,7.124971912068894797e-02
1.839583333333333215e+01,6.979647313154400956e-02
1.841666666666666430e+01,6.833110726044987204e-02
1.843750000000000000e+01,6.685387310106702397e-02
1.845833333333333215e+01,6.536502428962012723e-02
1.847916666666666430e+01,6.386481646171847382e-02
1.850000000000000000e+01,6.235350720883319625e-02
1.852083333333333215e+01,6.083135603443688699e-02
1.854166666666666430e+01,5.929862430981066440e-02
1.856250000000000000e+01,5.775557522952375761e-02
1.858333333333333215e+01,5.620247376659003036e-02
1.860416666666666430e+01,5.463958662730567656e-02
1.862500000000000000e+01,5.306718220577189699e-02
1.864583333333333215e+01,5.148553053810615843e-02
1.866666666666666430e+01,4.989490325634492879e-02
1.868750000000000000e+01,4.829557354204088576e-02
1.870833333333333215e+01,4.668781607955691665e-02
1.872916666666666430e+01,4.507190700905906039e-02
1.875000000000000000e+01,4.344812387921045960e-02
1.877083333333333215e+01,4.181674559956823078e-02
1.879166666666666430e+01,4.017805239268516793e-02
1.881250000000000000e+01,3.853232574591814591e-02
1.883333333333333215e+01,3.687984836294574270e-02
1.885416666666666430e+01,3.522090411499786966e-02
1.887500000000000000e+01,3.355577799180078230e-02
1.889583333333333215e+01,3.188475605224202342e-02
1.891666666666666430e+01,3.020812537476050622e-02
1.893750000000000000e+01,2.852617400746885329e-02
1.895833333333333215e+01,2.683919091801608217e-02
1.897916666666666430e+01,2.514746594320075787e-02
1.900000000000000000e+01,2.345128973834643971e-02
1.902083333333333215e+01,2.175095372645337657e-02
1.904166666666666430e+01,2.004675004714242051e-02
1.906250000000000000e+01,1.833897150540900189e-02
1.908333333333333215e+01,1.662791152020725444e-02
1.910416666666666430e+01,1.491386407288593577e-02
1.912500000000000000e+01,1.319712365549947919e-02
1.914583333333333215e+01,1.147798521901876624e-02
1.916666666666666430e+01,9.756744121467103223e-03
1.918750000000000000e+01,8.033696076007245529e-03
1.920833333333333215e+01,6.309137099005399617e-03
1.922916666666666430e+01,4.583363458097524344e-03
1.925000000000000000e+01,2.856671620282216512e-03
1.927083333333333215e+01,1.129358200062939100e-03
1.929166666666666430e+01,-5.982800923394412940e-04
1.931250000000000000e+01,-2.325946502685202234e-03
1.933333333333333215e+01,-4.053344284309375045e-03
1.935416666666666430e+01,-5.780176749597090713e-03
1.937500000000000000e+01,-7.506147321329846751e-03
1.939583333333333215e+01,-9.230959583894762788e-03
1.941666666666666430e+01,-1.095431733435133642e-02
1.943750000000000000e+01,-1.267592463335251267e-02
1.945833333333333215e+01,-1.439548585591854390e-02
1.947916666666666430e+01,-1.611270574206370709e-02
1.950000000000000000e+01,-1.782728944727715939e-02
1.952083333333333215e+01,-1.953894259285971630e-02
1.954166666666666430e+01,-2.124737131611841717e-02
1.956250000000000000e+01,-2.295228232042086439e-02
1.958333333333333215e+01,-2.465338292511062845e-02
1.960416666666666430e+01,-2.635038111528428470e-02
1.962500000000000000e+01,-2.804298559142974837e-02
1.964583333333333215e+01,-2.973090581892463488e-02
1.966666666666666430e+01,-3.141385207739207791e-02
1.968750000000000000e+01,-3.309153550991060511e-02
1.970833333333333215e+01,-3.476366817207350579e-02
1.972916666666666430e+01,-3.642996308089239965e-02
1.975000000000000000e+01,-3.809013426353892451e-02
1.977083333333333215e+01,-3.974389680591780549e-02
1.979166666666666430e+01,-4.139096690106437715e-02
1.981250000000000000e+01,-4.303106189735896731e-02
1.983333333333333215e+01,-4.466390034655063485e-02
1.985416666666666430e+01,-4.628920205158267714e-02
1.987500000000000000e+01,-4.790668811421213563e-02
1.989583333333333215e+01,-4.951608098241550016e-02
1.991666666666666430e+01,-5.111710449757306957e-02
1.993750000000000000e+01,-5.270948394142434962e-02
1.995833333333333215e+01,-5.429294608278674439e-02
1.997916666666666430e+01,-5.586721922403004720e-02
2.000000000000000000e+01,-5.743203324729894560e-02
2.002083333333333215e+01,-5.898711966047580357e-02
2.004166666666666430e+01,-6.053221164287606731e-02
2.006250000000000000e+01,-6.206704409066832878e-02
2.008333333333333215e+01,-6.359135366201103257e-02
2.010416666666666430e+01,-6.510487882189795739e-02
2.012500000000000000e+01,-6.660735988670418717e-02
2.014583333333333215e+01,-6.809853906842466831e-02
2.016666666666666430e+01,-6.957816051859713746e-02
2.018750000000000000e+01,-7.104597037190125974e-02
2.020833333333333215e+01,-7.250171678942622655e-02
2.022916666666666430e+01,-7.394515000159841700e-02
2.025000000000000000e+01,-7.537602235076169832e-02
2.027083333333333215e+01,-7.679408833340249652e-02
2.029166666666666430e+01,-7.819910464201183797e-02
2.031250000000000000e+01,-7.959083020657718721e-02
2.033333333333333215e+01,-8.096902623569650348e-02
2.035416666666666430e+01,-8.233345625730731365e-02
2.037500000000000000e+01,-8.368388615902389027e-02
2.039583333333333215e+01,-8.502008422807509624e-02
2.041666666666666430e+01,-8.634182119083635976e-02
2.043750000000000000e+01,-8.764887025194879888e-02
2.045833333333333215e+01,-8.894100713301851535e-02
2.047916666666666430e+01,-9.021801011088964595e-02
2.050000000000000000e+01,-9.147966005548434365e-02
2.052083333333333215e+01,-9.272574046720308272e-02
2.054166666666666430e+01,-9.395603751387868185e-02
2.056250000000000000e+01,-9.517034006727781437e-02
2.058333333333333215e+01,-9.636843973914345496e-02
2.060416666666666430e+01,-9.755013091677192105e-02
2.062500000000000000e+01,-9.871521079811819421e-02
2.064583333333333215e+01,-9.986347942642366526e-02
2.066666666666666430e+01,-1.009947397243599193e-01
2.068750000000000000e+01,-1.021087975276828985e-01
2.070833333333333215e+01,-1.032054616183913781e-01
2.072916666666666430e+01,-1.042845437573840239e-01
2.075000000000000000e+01,-1.053458587166096055e-01
2.077083333333333215e+01,-1.063892243107045082e-01
2.079166666666666430e+01,-1.074144614281124649e-01
2.081250000000000000e+01,-1.084213940616807897e-01
2.083333333333333215e+01,-1.094098493387281046e-01
2.085416666666666430e+01,-1.103796575505784361e-01
2.087500000000000000e+01,-1.113306521815564248e-01
2.089583333333333215e+01,-1.122626699374388720e-01
2.091666666666666430e+01,-1.131755507733576832e-01
2.093750000000000000e+01,-1.140691379211492829e-01
2.095833333333333215e+01,-1.149432779161460444e-01
2.097916666666666430e+01,-1.157978206234050178e-01
2.100000000000000000e+01,-1.166326192633692915e-01
2.102083333333333215e+01,-1.174475304369579642e-01
2.104166666666666430e+01,-1.182424141500798692e-01
2.106250000000000000e+01,-1.190171338375673321e-01
2.108333333333333215e+01,-1.197715563865255628e-01
2.110416666666666430e+01,-1.205055521590936846e-01
2.112500000000000000e+01,-1.212189950146136119e-01
2.114583333333333215e+01,-1.219117623312029747e-01
2.116666666666666430e+01,-1.225837350267280496e-01
2.118750000000000000e+01,-1.232347975791736328e-01
2.120833333333333215e+01,-1.238648380464059534e-01
2.122916666666666430e+01,-1.244737480853254363e-01
2.125000000000000000e+01,-1.250614229704058999e-01
2.127083333333333215e+01,-1.256277616116171780e-01
2.129166666666666430e+01,-1.261726665717281259e-01
2.131250000000000000e+01,-1.266960440829865420e-01
2.133333333333333215e+01,-1.271978040631738804e-01
2.135416666666666430e+01,-1.276778601310316064e-01
2.137500000000000000e+01,-1.281361296210563883e-01
2.139583333333333215e+01,-1.285725335976619643e-01
2.141666666666666430e+01,-1.289869968687049617e-01
2.143750000000000000e+01,-1.293794479983724488e-01
2.145833333333333215e+01,-1.297498193194288885e-01
2.147916666666666430e+01,-1.300980469448207444e-01
2.150000000000000000e+01,-1.304240707786359643e-01
2.152083333333333215e+01,-1.307278345264174246e-01
2.154166666666666430e+01,-1.310092857048277548e-01
2.156250000000000000e+01,-1.312683756506641264e-01
2.158333333333333215e+01,-1.315050595292218127e-01
2.160416666666666430e+01,-1.317192963420041885e-01
2.162500000000000000e+01,-1.319110489337789183e-01
2.164583333333333215e+01,-1.320802839989782818e-01
2.166666666666666430e+01,-1.322269720874426069e-01
2.168750000000000000e+01,-1.323510876095063127e-01
2.170833333333333215e+01,-1.324526088404251734e-01
2.172916666666666430e+01,-1.325315179241439989e-01
2.175000000000000000e+01,-1.325878008764046212e-01
2.177083333333333215e+01,-1.326214475871928256e-01
2.179166666666666430e+01,-1.326324518225243942e-01
2.181250000000000000e+01,-1.326208112255696236e-01
2.183333333333333215e+01,-1.325865273171162317e-01
2.185416666666666430e+01,-1.325296054953703784e-01
2.187500000000000000e+01,-1.324500550350960204e-01
2.189583333333333215e+01,-1.323478890860923518e-01
2.191666666666666430e+01,-1.322231246710100505e-01
2.193750000000000000e+01,-1.320757826825061654e-01
2.195833333333333215e+01,-1.319058878797385037e-01
2.197916666666666430e+01,-1.317134688841996859e-01
2.200000000000000000e+01,-1.314985581748918664e-01
2.202083333333333215e+01,-1.312611920828427314e-01
2.204166666666666430e+01,-1.310014107849638010e-01
2.206250000000000000e+01,-1.307192582972517836e-01
2.208333333333333215e+01,-1.304147824673344558e-01
2.210416666666666430e+01,-1.300880349663619540e-01
2.212500000000000000e+01,-1.297390712802451440e-01
2.214583333333333215e+01,-1.293679507002422902e-01
2.216666666666666430e+01,-1.289747363128956048e-01
2.218750000000000000e+01,-1.285594949893197059e-01
2.220833333333333215e+01,-1.281222973738430637e-01
2.222916666666666430e+01,-1.276632178720051580e-01
2.225000000000000000e+01,-1.271823346379106767e-01
2.227083333333333215e+01,-1.266797295609433383e-01
2.229166666666666430e+01,-1.261554882518415022e-01
2.231250000000000000e+01,-1.256097000281374554e-01
2.233333333333333215e+01,-1.250424578989636770e-01
2.235416666666666430e+01,-1.244538585492276500e-01
2.237500000000000000e+01,-1.238440023231588971e-01
2.239583333333333215e+01,-1.232129932072302259e-01
2.241666666666666430e+01,-1.225609388124564297e-01
2.243750000000000000e+01,-1.218879503560735406e-01
2.245833333333333215e+01,-1.211941426426015322e-01
2.247916666666666430e+01,-1.204796340442937791e-01
2.250000000000000000e+01,-1.197445464809766547e-01
2.252083333333333215e+01,-1.189890053992826158e-01
2.254166666666666430e+01,-1.182131397512803939e-01
2.256250000000000000e+01,-1.174170819725059989e-01
2.258333333333333215e+01,-1.166009679593981024e-01
2.260416666666666430e+01,-1.157649370461418803e-01
2.262500000000000000e+01,-1.149091319809252554e-01
2.264583333333333215e+01,-1.140336989016114827e-01
2.266666666666666430e+01,-1.131387873108325726e-01
2.268750000000000000e+01,-1.122245500505073268e-01
2.270833333333333215e+01,-1.112911432757892477e-01
2.272916666666666430e+01,-1.103387264284478864e-01
2.275000000000000000e+01,-1.093674622096889315e-01
2.277083333333333215e+01,-1.083775165524175077e-01
2.279166666666666430e+01,-1.073690585929495678e-01
2.281250000000000000e+01,-1.063422606421762923e-01
2.283333333333333215e+01,-1.052972981561866861e-01
2.285416666666666430e+01,-1.042343497063533131e-01
2.287500000000000000e+01,-1.031535969488867333e-01
2.289583333333333215e+01,-1.020552245938637498e-01
2.291666666666666430e+01,-1.009394203737350587e-01
2.293750000000000000e+01,-9.980637501131799094e-02
2.295833333333333215e+01,-9.865628218727998111e-02
2.297916666666666430e+01,-9.748933850711846705e-02
2.300000000000000000e+01,-9.630574346764335381e-02
2.302083333333333215e+01,-9.510569942296780155e-02
2.304166666666666430e+01,-9.388941155001391536e-02
2.306250000000000000e+01,-9.265708781353899914e-02
2.308333333333333215e+01,-9.140893893068925691e-02
2.310416666666666430e+01,-9.014517833508695066e-02
2.312500000000000000e+01,-8.886602214045798143e-02
2.314583333333333215e+01,-8.757168910380630500e-02
2.316666666666666430e+01,-8.626240058814180212e-02
2.318750000000000000e+01,-8.493838052476887501e-02
2.320833333333333215e+01,-8.359985537514223741e-02
2.322916666666666430e+01,-8.224705409229737807e-02
2.325000000000000000e+01,-8.088020808186235922e-02
2.327083333333333215e+01,-7.949955116265837451e-02
2.329166666666666430e+01,-7.810531952689631074e-02
2.331250000000000000e+01,-7.669775169997636310e-02
2.333333333333333215e+01,-7.527708849989829532e-02
2.335416666666666430e+01,-7.384357299628936666e-02
2.337500000000000000e+01,-7.239745046905750325e-02
2.339583333333333215e+01,-7.093896836667683281e-02
2.341666666666666430e+01,-6.946837626411281330e-02
2.343750000000000000e+01,-6.798592582039424126e-02
2.345833333333333215e+01,-6.649187073583896768e-02
2.347916666666666430e+01,-6.498646670894034361e-02
2.350000000000000000e+01,-6.346997139292086254e-02
2.352083333333333215e+01,-6.194264435195959151e-02
2.354166666666666430e+01,-6.040474701709959426e-02
2.356250000000000000e+01,-5.885654264184060624e-02
2.358333333333333215e+01,-5.729829625742272753e-02
2.360416666666666430e+01,-5.573027462780577590e-02
2.362500000000000000e+01,-5.415274620434869929e-02
2.364583333333333215e+01,-5.256598108019261417e-02
2.366666666666666430e+01,-5.097025094435053000e-02
2.368750000000000000e+01,-4.936582903550604945e-02
2.370833333333333215e+01,-4.775299009552282786e-02
2.372916666666666430e+01,-4.613201032266527057e-02
2.375000000000000000e+01,-4.450316732453076657e-02
2.377083333333333215e+01,-4.286674007069276454e-02
2.379166666666666430e+01,-4.122300884505324808e-02
2.381250000000000000e+01,-3.957225519790271567e-02
2.383333333333333215e+01,-3.791476189768550747e-02
2.385416666666666430e+01,-3.625081288246789074e-02
2.387500000000000000e+01,-3.458069321110623928e-02
2.389583333333333215e+01,-3.290468901411334329e-02
2.391666666666666430e+01,-3.122308744422148952e-02
2.393750000000000000e+01,-2.953617662664165602e-02
2.395833333333333215e+01,-2.784424560902036203e-02
2.397916666666666430e+01,-2.614758431109726750e-02
2.400000000000000000e+01,-2.444648347406929226e-02
2.402083333333333215e+01,-2.274123460966986573e-02
2.404166666666666430e+01,-2.103212994897532551e-02
2.406250000000000000e+01,-1.931946239095428883e-02
2.408333333333333215e+01,-1.760352545077940520e-02
2.410416666666666430e+01,-1.588461320792516895e-02
2.412500000000000000e+01,-1.416302025407913633e-02
2.414583333333333215e+01,-1.243904164089776505e-02
2.416666666666666430e+01,-1.071297282764111305e-02
2.418750000000000000e+01,-8.985109628723121980e-03
2.420833333333333215e+01,-7.255748161216104934e-03
2.422916666666666430e+01,-5.525184792348794040e-03
2.425000000000000000e+01,-3.793716087036946589e-03
2.427083333333333215e+01,-2.061638755484074791e-03
2.429166666666666430e+01,-3.292496008875574220e-04
2.431250000000000000e+01,1.403154532718198753e-03
2.433333333333333215e+01,3.135276812454326247e-03
2.435416666666666430e+01,4.866820468403545985e-03
2.437500000000000000e+01,6.597488845212915592e-03
2.439583333333333215e+01,8.326985453482127139e-03
2.441666666666666430e+01,1.005501402093190999e-02
2.443750000000000000e+01,1.178127854335215587e-02
2.445833333333333215e+01,1.350548333533377852e-02
2.447916666666666430e+01,1.522733308079219673e-02
2.450000000000000000e+01,1.694653288329317845e-02
2.452083333333333215e+01,1.866278831619328643e-02
2.454166666666666430e+01,2.037580547260785940e-02
2.456250000000000000e+01,2.208529101521932228e-02
2.458333333333333215e+01,2.379095222593729728e-02
2.460416666666666430e+01,2.549249705542018171e-02
2.462500000000000000e+01,2.718963417246529624e-02
2.464583333333333215e+01,2.888207301327228721e-02
2.466666666666666430e+01,3.056952383058131675e-02
2.468750000000000000e+01,3.225169774268517309e-02
2.470833333333333215e+01,3.392830678231141539e-02
2.472916666666666430e+01,3.559906394536913044e-02
2.475000000000000000e+01,3.726368323955261963e-02
2.477083333333333215e+01,3.892187973279322838e-02
2.479166666666666430e+01,4.057336960154982880e-02
2.481250000000000000e+01,4.221787017892784932e-02
2.483333333333333215e+01,4.385510000261694241e-02
2.485416666666666430e+01,4.548477886263736086e-02
2.487500000000000000e+01,4.710662784888574456e-02
2.489583333333333215e+01,4.872036939847128323e-02
2.491666666666666430e+01,5.032572734283412286e-02
2.493750000000000000e+01,5.192242695463791802e-02
2.495833333333333215e+01,5.351019499442913330e-02
2.497916666666666430e+01,5.508875975705570388e-02
2.500000000000000000e+01,5.665785111783797762e-02
2.502083333333333215e+01,5.821720057848479152e-02
2.504166666666666430e+01,5.976654131274716786e-02
2.506250000000000000e+01,6.130560821180205955e-02
2.508333333333333215e+01,6.283413792935843567e-02
2.510416666666666430e+01,6.435186892647738743e-02
2.512500000000000000e+01,6.585854151609793483e-02
2.514583333333333215e+01,6.735389790725981873e-02
2.516666666666666430e+01,6.883768224901468114e-02
2.518750000000000000e+01,7.030964067401654360e-02
2.520833333333333215e+01,7.176952134178304910e-02
2.522916666666666430e+01,7.321707448161850207e-02
2.525000000000000000e+01,7.465205243519042189e-02
2.527083333333333215e+01,7.607420969875113015e-02
2.529166666666666430e+01,7.748330296499647551e-02
2.531250000000000000e+01,7.887909116455382730e-02
2.533333333333333215e+01,8.026133550709184383e-02
2.535416666666666430e+01,8.162979952204500733e-02
2.537500000000000000e+01,8.298424909894526469e-02
2.539583333333333215e+01,8.432445252735470964e-02
2.541666666666666430e+01,8.565018053639200657e-02
2.543750000000000000e+01,8.696120633384607501e-02
2.545833333333333215e+01,8.825730564487055396e-02
2.547916666666666430e+01,8.953825675025227360e-02
2.550000000000000000e+01,9.080384052424740615e-02
2.552083333333333215e+01,9.205384047197856523e-02
2.554166666666666430e+01,9.328804276638642812e-02
2.556250000000000000e+01,9.450623628472938631e-02
2.558333333333333215e+01,9.570821264462459066e-02
2.560416666666666430e+01,9.689376623962396573e-02
2.562500000000000000e+01,9.806269427431893448e-02
2.564583333333333215e+01,9.921479679896746950e-02
2.566666666666666430e+01,1.003498767436373368e-01
2.568750000000000000e+01,1.014677399518592454e-01
2.570833333333333215e+01,1.025681952137842967e-01
2.572916666666666430e+01,1.036510542988397510e-01
2.575000000000000000e+01,1.047161319878774366e-01
2.577083333333333215e+01,1.057632461048093331e-01
2.579166666666666430e+01,1.067922175477248603e-01
2.581250000000000000e+01,1.078028703194846283e-01
2.583333333333333215e+01,1.087950315577854848e-01
2.585416666666666430e+01,1.097685315646917265e-01
2.587500000000000000e+01,1.107232038356274623e-01
2.589583333333333215e+01,1.116588850878253020e-01
2.591666666666666430e+01,1.125754152882264963e-01
2.593750000000000000e+01,1.134726376808277704e-01
2.595833333333333215e+01,1.143503988134699917e-01
2.597916666666666430e+01,1.152085485640644280e-01
2.600000000000000000e+01,1.160469401662517913e-01
2.602083333333333215e+01,1.168654302344896284e-01
2.604166666666666430e+01,1.176638787885638526e-01
2.606250000000000000e+01,1.184421492775201284e-01
2.608333333333333215e+01,1.192001086030108209e-01
2.610416666666666430e+01,1.199376271420536932e-01
2.612500000000000000e+01,1.206545787691981758e-01
2.614583333333333215e+01,1.213508408780955838e-01
2.616666666666666430e+01,1.220262944024694957e-01
2.618750000000000000e+01,1.226808238364827941e-01
2.620833333333333215e+01,1.233143172544975963e-01
2.622916666666666430e+01,1.239266663302251575e-01
2.625000000000000000e+01,1.245177663552619607e-01
2.627083333333333215e+01,1.250875162570093957e-01
2.629166666666666430e+01,1.256358186159734769e-01
2.631250000000000000e+01,1.261625796824420720e-01
2.633333333333333215e+01,1.266677093925362152e-01
2.635416666666666430e+01,1.271511213836335197e-01
2.637500000000000000e+01,1.276127330091605672e-01
2.639583333333333215e+01,1.280524653527516377e-01
2.641666666666666430e+01,1.284702432417715035e-01
2.643750000000000000e+01,1.288659952602004000e-01
2.645833333333333215e+01,1.292396537608777873e-01
2.647916666666666430e+01,1.295911548771041810e-01
2.650000000000000000e+01,1.299204385335979428e-01
2.652083333333333215e+01,1.302274484568056445e-01
2.654166666666666430e+01,1.305121321845642279e-01
2.656250000000000000e+01,1.307744410751129627e-01
2.658333333333333215e+01,1.310143303154539807e-01
2.660416666666666430e+01,1.312317589290596109e-01
2.662500000000000000e+01,1.314266897829256819e-01
2.664583333333333215e+01,1.315990895939688210e-01
2.666666666666666430e+01,1.317489289347675563e-01
2.668750000000000000e+01,1.318761822386450844e-01
2.670833333333333215e+01,1.319808278040938698e-01
2.672916666666666430e+01,1.320628477985409110e-01
2.675000000000000000e+01,1.321222282614525623e-01
2.677083333333333215e+01,1.321589591067790781e-01
2.679166666666666430e+01,1.321730341247379925e-01
2.681250000000000000e+01,1.321644509829361935e-01
2.683333333333333215e+01,1.321332112268300829e-01
2.685416666666666430e+01,1.320793202795242927e-01
2.687500000000000000e+01,1.320027874409086255e-01
2.689583333333333215e+01,1.319036258861331912e-01
2.691666666666666430e+01,1.317818526634221832e-01
2.693750000000000000e+01,1.316374886912267117e-01
2.695833333333333215e+01,1.314705587547168042e-01
2.697916666666666430e+01,1.312810915016135171e-01
2.700000000000000000e+01,1.310691194373614643e-01
2.702083333333333215e+01,1.308346789196428162e-01
2.704166666666666430e+01,1.305778101522337975e-01
2.706250000000000000e+01,1.302985571782039054e-01
2.708333333333333215e+01,1.299969678724601507e-01
2.710416666666666430e+01,1.296730939336367128e-01
2.712500000000000000e+01,1.293269908753313935e-01
2.714583333333333215e+01,1.289587180166910929e-01
2.716666666666666430e+01,1.285683384723466105e-01
2.718750000000000000e+01,1.281559191416998811e-01
2.720833333333333215e+01,1.277215306975640896e-01
2.722916666666666430e+01,1.272652475741597455e-01
2.725000000000000000e+01,1.267871479544678270e-01
2.727083333333333215e+01,1.262873137569428539e-01
2.729166666666666430e+01,1.257658306215873878e-01
2.731250000000000000e+01,1.252227878953909579e-01
2.733333333333333215e+01,1.246582786171354928e-01
2.735416666666666430e+01,1.240723995015701325e-01
2.737500000000000000e+01,1.234652509229577089e-01
2.739583333333333215e+01,1.228369368979960463e-01
2.741666666666666430e+01,1.221875650681167186e-01
2.743750000000000000e+01,1.215172466811644536e-01
2.745833333333333215e+01,1.208260965724603647e-01
2.747916666666666430e+01,1.201142331452519779e-01
2.750000000000000000e+01,1.193817783505535246e-01
2.752083333333333215e+01,1.186288576663800387e-01
2.754166666666666430e+01,1.178556000763787692e-01
2.756250000000000000e+01,1.170621380478614471e-01
2.758333333333333215e+01,1.162486075092413751e-01
2.760416666666666430e+01,1.154151478268790748e-01
2.762500000000000000e+01,1.145619017813405416e-01
2.764583333333333215e+01,1.136890155430722166e-01
2.766666666666666430e+01,1.127966386474967830e-01
2.768750000000000000e+01,1.118849239695342557e-01
2.770833333333333215e+01,1.109540276975526096e-01
2.772916666666666430e+01,1.100041093067526954e-01
2.775000000000000000e+01,1.090353315319918109e-01
2.777083333333333215e+01,1.080478603400508025e-01
2.779166666666666430e+01,1.070418649013495233e-01
2.781250000000000000e+01,1.060175175611156734e-01
2.783333333333333215e+01,1.049749938100118796e-01
2.785416666666666430e+01,1.039144722542263838e-01
2.787500000000000000e+01,1.028361345850323794e-01
2.789583333333333215e+01,1.017401655478216427e-01
2.791666666666666430e+01,1.006267529106176090e-01
2.793750000000000000e+01,9.949608743207374872e-02
2.795833333333333215e+01,9.834836282896262938e-02
2.797916666666666430e+01,9.718377574316185152e-02
2.800000000000000000e+01,9.600252570814217512e-02
2.802083333333333215e+01,9.480481511496421931e-02
2.804166666666666430e+01,9.359084917778973112e-02
2.806250000000000000e+01,9.236083589891347367e-02
2.808333333333333215e+01,9.111498603332189583e-02
2.810416666666666430e+01,8.985351305278528600e-02
2.812500000000000000e+01,8.857663310948933610e-02
2.814583333333333215e+01,8.728456499921302680e-02
2.816666666666666430e+01,8.597753012405924544e-02
2.818750000000000000e+01,8.465575245474457611e-02
2.820833333333333215e+01,8.331945849245538105e-02
2.822916666666666430e+01,8.196887723027647399e-02
2.825000000000000000e+01,8.060424011419956014e-02
2.827083333333333215e+01,7.922578100371807652e-02
2.829166666666666430e+01,7.783373613201532981e-02
2.831250000000000000e+01,7.642834406575270412e-02
2.833333333333333215e+01,7.500984566446486368e-02
2.835416666666666430e+01,7.357848403956887551e-02
2.837500000000000000e+01,7.213450451299394106e-02
2.839583333333333215e+01,7.067815457543820401e-02
2.841666666666666430e+01,6.920968384425973952e-02
2.843750000000000000e+01,6.772934402100788676e-02
2.845833333333333215e+01,6.623738884860130849e-02
2.847916666666666430e+01,6.473407406815913367e-02
2.850000000000000000e+01,6.321965737549094244e-02
2.852083333333333215e+01,6.169439837725163023e-02
2.854166666666666430e+01,6.015855854676627201e-02
2.856250000000000000e+01,5.861240117953051693e-02
2.858333333333333215e+01,5.705619134839110679e-02
2.860416666666666430e+01,5.549019585841111907e-02
2.862500000000000000e+01,5.391468320142414616e-02
2.864583333333333215e+01,5.232992351028091516e-02
2.866666666666666430e+01,5.073618851279187297e-02
2.868750000000000000e+01,4.913375148536859582e-02
2.870833333333333215e+01,4.752288720636665964e-02
2.872916666666666430e+01,4.590387190913197690e-02
2.875000000000000000e+01,4.427698323475266762e-02
2.877083333333333215e+01,4.264250018451818530e-02
2.879166666666666430e+01,4.100070307208716208e-02
2.881250000000000000e+01,3.935187347536564517e-02
2.883333333333333215e+01,3.769629418809723742e-02
2.885416666666666430e+01,3.603424917116727216e-02
2.887500000000000000e+01,3.436602350362354119e-02
2.889583333333333215e+01,3.269190333341665672e-02
2.891666666666666430e+01,3.101217582786436333e-02
2.893750000000000000e+01,2.932712912384491735e-02
2.895833333333333215e+01,2.763705227772646211e-02
2.897916666666666430e+01,2.594223521504070498e-02
2.900000000000000000e+01,2.424296867991106164e-02
2.902083333333333215e+01,2.253954418424755288e-02
2.904166666666666430e+01,2.083225395672287303e-02
2.906250000000000000e+01,1.912139089154626589e-02
2.908333333333333215e+01,1.740724849705387392e-02
2.910416666666666430e+01,1.569012084413652294e-02
2.912500000000000000e+01,1.397030251452773507e-02
2.914583333333333215e+01,1.224808854897653336e-02
2.916666666666666430e+01,1.052377439533088571e-02
2.918750000000000000e+01,8.797655856558396839e-03
2.920833333333333215e+01,7.070029038731518237e-03
2.922916666666666430e+01,5.341190299004215485e-03
2.925000000000000000e+01,3.611436193606511452e-03
2.927083333333333215e+01,1.881063425882061480e-03
2.929166666666666430e+01,1.503687943921937166e-04
2.931250000000000000e+01,-1.580350858892329551e-03
2.933333333333333215e+01,-3.310798700293111907e-03
2.935416666666666430e+01,-5.040677956003463377e-03
2.937500000000000000e+01,-6.769691963532383644e-03
2.939583333333333215e+01,-8.497544223003182864e-03
2.941666666666666430e+01,-1.022393844829961110e-02
2.943750000000000000e+01,-1.194857861805506682e-02
2.945833333333333215e+01,-1.367116902648276427e-02
2.947916666666666430e+01,-1.539141433404662973e-02
2.950000000000000000e+01,-1.710901961797435533e-02
2.952083333333333215e+01,-1.882369042261496789e-02
2.954166666666666430e+01,-2.053513280964385304e-02
2.956250000000000000e+01,-2.224305340811809015e-02
2.958333333333333215e+01,-2.394715946438487689e-02
2.960416666666666430e+01,-2.564715889184497957e-02
2.962500000000000000e+01,-2.734276032057231590e-02
2.964583333333333215e+01,-2.903367314678968400e-02
2.966666666666666430e+01,-3.071960758219926049e-02
2.968750000000000000e+01,-3.240027470316560881e-02
2.970833333333333215e+01,-3.407538649974743705e-02
2.972916666666666430e+01,-3.574465592457346658e-02
2.975000000000000000e+01,-3.740779694155690199e-02
2.977083333333333215e+01,-3.906452457444199028e-02
2.979166666666666430e+01,-4.071455495517584816e-02
2.981250000000000000e+01,-4.235760537209810189e-02
2.983333333333333215e+01,-4.399339431794096339e-02
2.985416666666666430e+01,-4.562164153763163116e-02
2.987500000000000000e+01,-4.724206807588944568e-02
2.989583333333333215e+01,-4.885439632460995135e-02
2.991666666666666430e+01,-5.045835007002803102e-02
2.993750000000000000e+01,-5.205365453965263983e-02
2.995833333333333215e+01,-5.364003644896512407e-02
2.997916666666666430e+01,-5.521722404787398480e-02
3.000000000000000000e+01,-5.678494716691812050e-02
3.002083333333333215e+01,-5.834293726321103379e-02
3.004166666666666430e+01,-5.989092746611830720e-02
3.006250000000000000e+01,-6.142865262266045817e-02
3.008333333333333215e+01,-6.295584934263338817e-02
3.010416666666666430e+01,-6.447225604343848060e-02
3.012500000000000000e+01,-6.597761299461421536e-02
3.014583333333333215e+01,-6.747166236206110501e-02
3.016666666666666430e+01,-6.895414825195199382e-02
3.018750000000000000e+01,-7.042481675431964960e-02
3.020833333333333215e+01,-7.188341598631314833e-02
3.022916666666666430e+01,-7.332969613511547413e-02
3.025000000000000000e+01,-7.476340950051410528e-02
3.027083333333333215e+01,-7.618431053711681444e-02
3.029166666666666430e+01,-7.759215589620511999e-02
3.031250000000000000e+01,-7.898670446721763050e-02
3.033333333333333215e+01,-8.036771741885598286e-02
3.035416666666666430e+01,-8.173495823980612973e-02
3.037500000000000000e+01,-8.308819277906757950e-02
3.039583333333333215e+01,-8.442718928588395511e-02
3.041666666666666430e+01,-8.575171844926746112e-02
3.043750000000000000e+01,-8.706155343711070860e-02
3.045833333333333215e+01,-8.835646993487912548e-02
3.047916666666666430e+01,-8.963624618387711074e-02
3.050000000000000000e+01,-9.090066301908129864e-02
3.052083333333333215e+01,-9.214950390653441070e-02
3.054166666666666430e+01,-9.338255498029314483e-02
3.056250000000000000e+01,-9.459960507892364867e-02
3.058333333333333215e+01,-9.580044578153809609e-02
3.060416666666666430e+01,-9.698487144336616350e-02
3.062500000000000000e+01,-9.815267923085499446e-02
3.064583333333333215e+01,-9.930366915629160185e-02
3.066666666666666430e+01,-1.004376441119416707e-01
3.068750000000000000e+01,-1.015544099036985587e-01
3.070833333333333215e+01,-1.026537752842369838e-01
3.072916666666666430e+01,-1.037355519856652947e-01
3.075000000000000000e+01,-1.047995547516708537e-01
3.077083333333333215e+01,-1.058456013691528863e-01
3.079166666666666430e+01,-1.068735126993375778e-01
3.081250000000000000e+01,-1.078831127083696440e-01
3.083333333333333215e+01,-1.088742284973755331e-01
3.085416666666666430e+01,-1.098466903319929300e-01
3.087500000000000000e+01,-1.108003316713615100e-01
3.089583333333333215e+01,-1.117349891965699615e-01
3.091666666666666430e+01,-1.126505028385546003e-01
3.093750000000000000e+01,-1.135467158054443704e-01
3.095833333333333215e+01,-1.144234746093480554e-01
3.097916666666666430e+01,-1.152806290925786625e-01
3.100000000000000000e+01,-1.161180324533107322e-01
3.102083333333333215e+01,-1.169355412706660213e-01
3.104166666666666430e+01,-1.177330155292233144e-01
3.106250000000000000e+01,-1.185103186429481009e-01
3.108333333333333215e+01,-1.192673174785379431e-01
3.110416666666666430e+01,-1.200038823781797159e-01
3.112500000000000000e+01,-1.207198871817143776e-01
3.114583333333333215e+01,-1.214152092482061462e-01
3.116666666666666430e+01,-1.220897294769116154e-01
3.118750000000000000e+01,-1.227433323276457822e-01
3.120833333333333215e+01,-1.233759058405411030e-01
3.122916666666666430e+01,-1.239873416551965923e-01
3.125000000000000000e+01,-1.245775350292131489e-01
3.127083333333333215e+01,-1.251463848561126246e-01
3.129166666666666430e+01,-1.256937936826368896e-01
3.131250000000000000e+01,-1.262196677254242005e-01
3.133333333333333215e+01,-1.267239168870604171e-01
3.135416666666666430e+01,-1.272064547715013594e-01
3.137500000000000000e+01,-1.276671986988647534e-01
3.139583333333333215e+01,-1.281060697195882947e-01
3.141666666666666430e+01,-1.285229926279520818e-01
3.143750000000000000e+01,-1.289178959749624764e-01
3.145833333333333215e+01,-1.292907120805958099e-01
3.147916666666666430e+01,-1.296413770453992975e-01
3.150000000000000000e+01,-1.299698307614473858e-01
3.152083333333333215e+01,-1.302760169226514220e-01
3.154166666666666430e+01,-1.305598830344213701e-01
3.156250000000000000e+01,-1.308213804226772969e-01
3.158333333333333215e+01,-1.310604642422093513e-01
3.160416666666666430e+01,-1.312770934843847936e-01
3.162500000000000000e+01,-1.314712309842007154e-01
3.164583333333333215e+01,-1.316428434266810332e-01
3.166666666666666430e+01,-1.317919013526169247e-01
3.168750000000000000e+01,-1.319183791636495129e-01
3.170833333333333215e+01,-1.320222551266940492e-01
3.172916666666666430e+01,-1.321035113777043746e-01
3.175000000000000000e+01,-1.321621339247778248e-01
3.177083333333333215e+01,-1.321981126505991366e-01
3.179166666666666430e+01,-1.322114413142233824e-01
3.181250000000000000e+01,-1.322021175521974623e-01
3.183333333333333215e+01,-1.321701428790199306e-01
3.185416666666666430e+01,-1.321155226869391852e-01
3.187500000000000000e+01,-1.320382662450897970e-01
3.189583333333333215e+01,-1.319383866979671471e-01
3.191666666666666430e+01,-1.318159010632407591e-01
3.193750000000000000e+01,-1.316708302289063270e-01
3.195833333333333215e+01,-1.315031989497773279e-01
3.197916666666666430e+01,-1.313130358433162448e-01
3.200000000000000000e+01,-1.311003733848067343e-01
3.202083333333332860e+01,-1.308652479018667936e-01
3.204166666666666430e+01,-1.306076995683043418e-01
3.206250000000000000e+01,-1.303277723973161328e-01
3.208333333333332860e+01,-1.300255142340310255e-01
3.210416666666666430e+01,-1.297009767473986941e-01
3.212500000000000000e+01,-1.293542154214254447e-01
3.214583333333332860e+01,-1.289852895457586357e-01
3.216666666666666430e+01,-1.285942622056207019e-01
3.218750000000000000e+01,-1.281812002710951415e-01
3.220833333333332860e+01,-1.277461743857659093e-01
3.222916666666666430e+01,-1.272892589547120756e-01
3.225000000000000000e+01,-1.268105321318601375e-01
3.227083333333332860e+01,-1.263100758066953710e-01
3.229166666666666430e+01,-1.257879755903354990e-01
3.231250000000000000e+01,-1.252443208009680897e-01
3.233333333333332860e+01,-1.246792044486545181e-01
3.235416666666666430e+01,-1.240927232195032648e-01
3.237500000000000000e+01,-1.234849774592148702e-01
3.239583333333332860e+01,-1.228560711560015145e-01
3.241666666666666430e+01,-1.222061119228840254e-01
3.243750000000000000e+01,-1.215352109793694929e-01
3.245833333333332860e+01,-1.208434831325124609e-01
3.247916666666666430e+01,-1.201310467573629553e-01
3.250000000000000000e+01,-1.193980237768046682e-01
3.252083333333332860e+01,-1.186445396407867781e-01
3.254166666666666430e+01,-1.178707233049531011e-01
3.256250000000000000e+01,-1.170767072086717348e-01
3.258333333333332860e+01,-1.162626272524697191e-01
3.260416666666666430e+01,-1.154286227748758248e-01
3.262500000000000000e+01,-1.145748365286761716e-01
3.264583333333332860e+01,-1.137014146565861472e-01
3.266666666666666430e+01,-1.128085066663431363e-01
3.268750000000000000e+01,-1.118962654052244321e-01
3.270833333333332860e+01,-1.109648470339945625e-01
3.272916666666666430e+01,-1.100144110002866521e-01
3.275000000000000000e+01,-1.090451200114224833e-01
3.277083333333332860e+01,-1.080571400066759058e-01
3.279166666666666430e+01,-1.070506401289844506e-01
3.281250000000000000e+01,-1.060257926961142572e-01
3.283333333333332860e+01,-1.049827731712830448e-01
3.285416666666666430e+01,-1.039217601332467350e-01
3.287500000000000000e+01,-1.028429352458546248e-01
3.289583333333332860e+01,-1.017464832270786323e-01
3.291666666666666430e+01,-1.006325918175221545e-01
3.293750000000000000e+01,-9.950145174841408535e-02
3.295833333333332860e+01,-9.835325670909363105e-02
3.297916666666666430e+01,-9.718820331399183332e-02
3.300000000000000000e+01,-9.600649106911561537e-02
3.302083333333332860e+01,-9.480832233804049880e-02
3.304166666666666430e+01,-9.359390230741798655e-02
3.306250000000000000e+01,-9.236343895200377352e-02
3.308333333333332860e+01,-9.111714299921343241e-02
3.310416666666666430e+01,-8.985522789321152837e-02
3.312500000000000000e+01,-8.857790975854100413e-02
3.314583333333332860e+01,-8.728540736329937211e-02
3.316666666666666430e+01,-8.597794208186849974e-02
3.318750000000000000e+01,-8.465573785720441335e-02
3.320833333333332860e+01,-8.331902116269442049e-02
3.322916666666666430e+01,-8.196802096358817014e-02
3.325000000000000000e+01,-8.060296867800990916e-02
3.327083333333332860e+01,-7.922409813755870722e-02
3.329166666666666430e+01,-7.783164554750392206e-02
3.331250000000000000e+01,-7.642584944658298296e-02
3.333333333333332860e+01,-7.500695066640855613e-02
3.335416666666666430e+01,-7.357519229049230836e-02
3.337500000000000000e+01,-7.213081961289231903e-02
3.339583333333332860e+01,-7.067408009649132905e-02
3.341666666666666430e+01,-6.920522333091248812e-02
3.343750000000000000e+01,-6.772450099007974733e-02
3.345833333333332860e+01,-6.623216678942953073e-02
3.347916666666666430e+01,-6.472847644278023616e-02
3.350000000000000000e+01,-6.321368761886592136e-02
3.352083333333332860e+01,-6.168805989754015673e-02
3.354166666666666430e+01,-6.015185472565591496e-02
3.356250000000000000e+01,-5.860533537262683362e-02
3.358333333333332860e+01,-5.704876688567490917e-02
3.360416666666666430e+01,-5.548241604476905620e-02
3.362500000000000000e+01,-5.390655131725866772e-02
3.364583333333332860e+01,-5.232144281220574983e-02
3.366666666666666430e+01,-5.072736223441839248e-02
3.368750000000000000e+01,-4.912458283818798427e-02
3.370833333333332860e+01,-4.751337938073189188e-02
3.372916666666666430e+01,-4.589402807534282563e-02
3.375000000000000000e+01,-4.426680654424525185e-02
3.377083333333332860e+01,-4.263199377115889366e-02
3.379166666666666430e+01,-4.098987005356904273e-02
3.381250000000000000e+01,-3.934071695470284236e-02
3.383333333333332860e+01,-3.768481725521077158e-02
3.385416666666666430e+01,-3.602245490455250471e-02
3.387500000000000000e+01,-3.435391497208647310e-02
3.389583333333332860e+01,-3.267948359786342072e-02
3.391666666666666430e+01,-3.099944794312485541e-02
3.393750000000000000e+01,-2.931409614050851931e-02
3.395833333333332860e+01,-2.762371724396480918e-02
3.397916666666666430e+01,-2.592860117838991299e-02
3.400000000000000000e+01,-2.422903868898389906e-02
3.402083333333332860e+01,-2.252532129034456182e-02
3.404166666666666430e+01,-2.081774121531066585e-02
3.406250000000000000e+01,-1.910659136357162335e-02
3.408333333333332860e+01,-1.739216525006373124e-02
3.410416666666666430e+01,-1.567475695317628592e-02
3.412500000000000000e+01,-1.395466106279387615e-02
3.414583333333332860e+01,-1.223217262820397618e-02
3.416666666666666430e+01,-1.050758710590120500e-02
3.418750000000000000e+01,-8.781200307321457635e-03
3.420833333333332860e+01,-7.053308346539816261e-03
3.422916666666666430e+01,-5.324207587966560927e-03
3.425000000000000000e+01,-3.594194594074888883e-03
3.427083333333332860e+01,-1.863566073192421185e-03
3.429166666666666430e+01,-1.326188273862889135e-04
3.431250000000000000e+01,1.598350299531603414e-03
3.433333333333332860e+01,3.329044473856249131e-03
3.435416666666666430e+01,5.059166923679421501e-03
3.437500000000000000e+01,6.788420990403395451e-03
3.439583333333332860e+01,8.516510180068733935e-03
3.441666666666666430e+01,1.024313821449078857e-02
3.443750000000000000e+01,1.196800908220342109e-02
3.445833333333332860e+01,1.369082708921198592e-02
3.447916666666666430e+01,1.541129690956047869e-02
3.450000000000000000e+01,1.712912363571976807e-02
3.452083333333332860e+01,1.884401282880515324e-02
3.454166666666666430e+01,2.055567056863188621e-02
3.456250000000000000e+01,2.226380350361719870e-02
3.458333333333332860e+01,2.396811890053636082e-02
3.460416666666666430e+01,2.566832469413889498e-02
3.462500000000000000e+01,2.736412953662925585e-02
3.464583333333332860e+01,2.905524284701434951e-02
3.466666666666666430e+01,3.074137486031814498e-02
3.468750000000000000e+01,3.242223667666145615e-02
3.470833333333332860e+01,3.409754031020314352e-02
3.472916666666666430e+01,3.576699873793733747e-02
3.475000000000000000e+01,3.743032594834011517e-02
3.477083333333332860e+01,3.908723698985771405e-02
3.479166666666666430e+01,4.073744801922794811e-02
3.481250000000000000e+01,4.238067634962593144e-02
3.483333333333332860e+01,4.401664049862534511e-02
3.485416666666666430e+01,4.564506023596623385e-02
3.487500000000000000e+01,4.726565663112067273e-02
3.489583333333332860e+01,4.887815210064801880e-02
3.491666666666666430e+01,5.048227045533158763e-02
3.493750000000000000e+01,5.207773694708885820e-02
3.495833333333332860e+01,5.366427831564780232e-02
3.497916666666666430e+01,5.524162283498174758e-02
3.500000000000000000e+01,5.680950035949523802e-02
3.502083333333332860e+01,5.836764236995362065e-02
3.504166666666666430e+01,5.991578201914857238e-02
3.506250000000000000e+01,6.145365417729187901e-02
3.508333333333332860e+01,6.298099547712963930e-02
3.510416666666666430e+01,6.449754435876853265e-02
3.512500000000000000e+01,6.600304111420600417e-02
3.514583333333332860e+01,6.749722793155589484e-02
3.516666666666666430e+01,6.897984893896079439e-02
3.518750000000000000e+01,7.045065024818318589e-02
3.520833333333332860e+01,7.190937999786604917e-02
3.522916666666666430e+01,7.335578839645510996e-02
3.525000000000000000e+01,7.478962776477424135e-02
3.527083333333332860e+01,7.621065257824617689e-02
3.529166666666666430e+01,7.761861950875038885e-02
3.531250000000000000e+01,7.901328746611056830e-02
3.533333333333332860e+01,8.039441763920425477e-02
3.535416666666666430e+01,8.176177353668746817e-02
3.537500000000000000e+01,8.311512102732698803e-02
3.539583333333332860e+01,8.445422837993375731e-02
3.541666666666666430e+01,8.577886630289011105e-02
3.543750000000000000e+01,8.708880798326426587e-02
3.545833333333332860e+01,8.838382912550553361e-02
3.547916666666666430e+01,8.966370798971345923e-02
3.550000000000000000e+01,9.092822542947431863e-02
3.552083333333332860e+01,9.217716492925835670e-02
3.554166666666666430e+01,9.341031264137127088e-02
3.556250000000000000e+01,9.462745742245352865e-02
3.558333333333332860e+01,9.582839086952082974e-02
3.560416666666666430e+01,9.701290735553942668e-02
3.562500000000000000e+01,9.818080406453018327e-02
3.564583333333332860e+01,9.933188102619470994e-02
3.566666666666666430e+01,1.004659411500578303e-01
3.568750000000000000e+01,1.015827902591201898e-01
3.570833333333332860e+01,1.026822371230150244e-01
3.572916666666666430e+01,1.037640934906636225e-01
3.575000000000000000e+01,1.048281741224234287e-01
3.577083333333332860e+01,1.058742968217235153e-01
3.579166666666666430e+01,1.069022824661819138e-01
3.581250000000000000e+01,1.079119550381994752e-01
3.583333333333332860e+01,1.089031416550251957e-01
3.585416666666666430e+01,1.098756725982876631e-01
3.587500000000000000e+01,1.108293813429876845e-01
3.589583333333332860e+01,1.117641045859471965e-01
3.591666666666666430e+01,1.126796822737097803e-01
3.593750000000000000e+01,1.135759576298875917e-01
3.595833333333332860e+01,1.144527771819504047e-01
3.597916666666666430e+01,1.153099907874517854e-01
3.600000000000000000e+01,1.161474516596883028e-01
3.602083333333332860e+01,1.169650163927870717e-01
3.604166666666666430e+01,1.177625449862173268e-01
3.606250000000000000e+01,1.185399008687218064e-01
3.608333333333332860e+01,1.192969509216638135e-01
3.610416666666666430e+01,1.200335655017860242e-01
3.612500000000000000e+01,1.207496184633769232e-01
3.614583333333332860e+01,1.214449871798412711e-01
3.616666666666666430e+01,1.221195525646705665e-01
3.618750000000000000e+01,1.227731990918103921e-01
3.620833333333332860e+01,1.234058148154207196e-01
3.622916666666666430e+01,1.240172913890260770e-01
3.625000000000000000e+01,1.246075240840520959e-01
3.627083333333332860e+01,1.251764118077454413e-01
3.629166666666666430e+01,1.257238571204740418e-01
3.631250000000000000e+01,1.262497662524044439e-01
3.633333333333332860e+01,1.267540491195540131e-01
3.635416666666666430e+01,1.272366193392142075e-01
3.637500000000000000e+01,1.276973942447435506e-01
3.639583333333332860e+01,1.281362948997266660e-01
3.641666666666666430e+01,1.285532461114975156e-01
3.643750000000000000e+01,1.289481764440243983e-01
3.645833333333332860e+01,1.293210182301544886e-01
3.647916666666666430e+01,1.296717075832156119e-01
3.650000000000000000e+01,1.300001844079734237e-01
3.652083333333332860e+01,1.303063924109421623e-01
3.654166666666666430e+01,1.305902791100470306e-01
3.656250000000000000e+01,1.308517958436365425e-01
3.658333333333332860e+01,1.310908977788433072e-01
3.660416666666666430e+01,1.313075439192917804e-01
3.662500000000000000e+01,1.315016971121518163e-01
3.664583333333332860e+01,1.316733240545364947e-01
3.666666666666666430e+01,1.318223952992430559e-01
3.668750000000000000e+01,1.319488852598364736e-01
3.670833333333332860e+01,1.320527722150743599e-01
3.672916666666666430e+01,1.321340383126721474e-01
3.675000000000000000e+01,1.321926695724085776e-01
3.677083333333332860e+01,1.322286558885703567e-01
3.679166666666666430e+01,1.322419910317358671e-01
3.681250000000000000e+01,1.322326726498974647e-01
3.683333333333332860e+01,1.322007022689219990e-01
3.685416666666666430e+01,1.321460852923495299e-01
3.687500000000000000e+01,1.320688310005306010e-01
3.689583333333332860e+01,1.319689525491015702e-01
3.691666666666666430e+01,1.318464669667986644e-01
3.693750000000000000e+01,1.317013951526107285e-01
3.695833333333332860e+01,1.315337618722716984e-01
3.697916666666666430e+01,1.313435957540925181e-01
3.700000000000000000e+01,1.311309292841340290e-01
3.702083333333332860e+01,1.308957988007210527e-01
3.704166666666666430e+01,1.306382444882986660e-01
3.706250000000000000e+01,1.303583103706320023e-01
3.708333333333332860e+01,1.300560443033501046e-01
3.710416666666666430e+01,1.297314979658357459e-01
3.712500000000000000e+01,1.293847268524620231e-01
3.714583333333332860e+01,1.290157902631774434e-01
3.716666666666666430e+01,1.286247512934411696e-01
3.718750000000000000e+01,1.282116768235096460e-01
3.720833333333332860e+01,1.277766375070771010e-01
3.722916666666666430e+01,1.273197077592709836e-01
3.725000000000000000e+01,1.268409657440054406e-01
3.727083333333332860e+01,1.263404933606937786e-01
3.729166666666666430e+01,1.258183762303228537e-01
3.731250000000000000e+01,1.252747036808917191e-01
3.733333333333332860e+01,1.247095687322167940e-01
3.735416666666666430e+01,1.241230680801062719e-01
3.737500000000000000e+01,1.235153020799062279e-01
3.739583333333332860e+01,1.228863747294213910e-01
3.741666666666666430e+01,1.222363936512134430e-01
3.743750000000000000e+01,1.215654700742800354e-01
3.745833333333332860e+01,1.208737188151172426e-01
3.747916666666666430e+01,1.201612582581690347e-01
3.750000000000000000e+01,1.194282103356669039e-01
3.752083333333332860e+01,1.186747005068632399e-01
3.754166666666666430e+01,1.179008577366619376e-01
3.756250000000000000e+01,1.171068144736498590e-01
3.758333333333332860e+01,1.162927066275329935e-01
3.760416666666666430e+01,1.154586735459811331e-01
3.762500000000000000e+01,1.146048579908850729e-01
3.764583333333332860e+01,1.137314061140305699e-01
3.766666666666666430e+01,1.128384674321930015e-01
3.768750000000000000e+01,1.119261948016571362e-01
3.770833333333332860e+01,1.109947443921666804e-01
3.772916666666666430e+01,1.100442756603077082e-01
3.775000000000000000e+01,1.090749513223308181e-01
3.777083333333332860e+01,1.080869373264169292e-01
3.779166666666666430e+01,1.070804028243910744e-01
3.781250000000000000e+01,1.060555201428897698e-01
3.783333333333332860e+01,1.050124647539864287e-01
3.785416666666666430e+01,1.039514152452803847e-01
3.787500000000000000e+01,1.028725532894546046e-01
3.789583333333332860e+01,1.017760636133074603e-01
3.791666666666666430e+01,1.006621339662641806e-01
3.793750000000000000e+01,9.953095508837338234e-02
3.795833333333332860e+01,9.838272067779443852e-02
3.797916666666666430e+01,9.721762735778158304e-02
3.800000000000000000e+01,9.603587464317044076e-02
3.802083333333332860e+01,9.483766490637313140e-02
3.804166666666666430e+01,9.362320334288791457e-02
3.806250000000000000e+01,9.239269793632963468e-02
3.808333333333332860e+01,9.114635942298728033e-02
3.810416666666666430e+01,8.988440125591491692e-02
3.812500000000000000e+01,8.860703956856261221e-02
3.814583333333332860e+01,8.731449313795375256e-02
3.816666666666666430e+01,8.600698334741541107e-02
3.818750000000000000e+01,8.468473414886854012e-02
3.820833333333332860e+01,8.334797202468463562e-02
3.822916666666666430e+01,8.199692594911597854e-02
3.825000000000000000e+01,8.063182734930597617e-02
3.827083333333332860e+01,7.925291006588675025e-02
3.829166666666666430e+01,7.786041031317088301e-02
3.831250000000000000e+01,7.645456663894439897e-02
3.833333333333332860e+01,7.503561988386776849e-02
3.835416666666666430e+01,7.360381314049195545e-02
3.837500000000000000e+01,7.215939171189655887e-02
3.839583333333332860e+01,7.070260306995669597e-02
3.841666666666666430e+01,6.923369681324571812e-02
3.843750000000000000e+01,6.775292462458003262e-02
3.845833333333332860e+01,6.626054022821292744e-02
3.847916666666666430e+01,6.475679934668340798e-02
3.850000000000000000e+01,6.324195965732644364e-02
3.852083333333332860e+01,6.171628074845036255e-02
3.854166666666666430e+01,6.018002407518711905e-02
3.856250000000000000e+01,5.863345291502051332e-02
3.858333333333332860e+01,5.707683232299747694e-02
3.860416666666666430e+01,5.551042908662680991e-02
3.862500000000000000e+01,5.393451168046946298e-02
3.864583333333332860e+01,5.234935022042404296e-02
3.866666666666666430e+01,5.075521641771068432e-02
3.868750000000000000e+01,4.915238353255582671e-02
3.870833333333332860e+01,4.754112632758013962e-02
3.872916666666666430e+01,4.592172102089145391e-02
3.875000000000000000e+01,4.429444523888380336e-02
3.877083333333332860e+01,4.265957796874360330e-02
3.879166666666666430e+01,4.101739951066360468e-02
3.881250000000000000e+01,3.936819142976543534e-02
3.883333333333332860e+01,3.771223650773098540e-02
3.885416666666666430e+01,3.604981869414353862e-02
3.887500000000000000e+01,3.438122305753991970e-02
3.889583333333332860e+01,3.270673573617549623e-02
3.891666666666666430e+01,3.102664388850473118e-02
3.893750000000000000e+01,2.934123564338135884e-02
3.895833333333332860e+01,2.765080004998365926e-02
3.897916666666666430e+01,2.595562702747211334e-02
3.900000000000000000e+01,2.425600731438882357e-02
3.902083333333332860e+01,2.255223241781023277e-02
3.904166666666666430e+01,2.084459456226738644e-02
3.906250000000000000e+01,1.913338663845033649e-02
3.908333333333332860e+01,1.741890215171607373e-02
3.910416666666666430e+01,1.570143517042188810e-02
3.912500000000000000e+01,1.398128027410836492e-02
3.914583333333332860e+01,1.225873250155847319e-02
3.916666666666666430e+01,1.053408729876082611e-02
3.918750000000000000e+01,8.807640466806586702e-03
3.920833333333332860e+01,7.079688109749901655e-03
3.922916666666666430e+01,5.350526582461919388e-03
3.925000000000000000e+01,3.620452438507875109e-03
3.927083333333332860e+01,1.889762378075280627e-03
3.929166666666666430e+01,1.587531959792993065e-04
3.931250000000000000e+01,-1.572278270231042708e-03
3.933333333333332860e+01,-3.303035192045221478e-03
3.935416666666666430e+01,-5.033220801624930206e-03
3.937500000000000000e+01,-6.762538443285559531e-03
3.939583333333332860e+01,-8.490691624815249750e-03
3.941666666666666430e+01,-1.021738406862487090e-02
3.943750000000000000e+01,-1.194231976272565852e-02
3.945833333333332860e+01,-1.366520301153396899e-02
3.947916666666666430e+01,-1.538573848650487408e-02
3.950000000000000000e+01,-1.710363127659809621e-02
3.952083333333332860e+01,-1.881858693858104448e-02
3.954166666666666430e+01,-2.053031154717430834e-02
3.956250000000000000e+01,-2.223851174504471243e-02
3.958333333333332860e+01,-2.394289479265068396e-02
3.960416666666666430e+01,-2.564316861794379426e-02
3.962500000000000000e+01,-2.733904186592895844e-02
3.964583333333332860e+01,-2.903022394808441042e-02
3.966666666666666430e+01,-3.071642509164093301e-02
3.968750000000000000e+01,-3.239735638871828194e-02
3.970833333333332860e+01,-3.407272984531541787e-02
3.972916666666666430e+01,-3.574225843014955384e-02
3.975000000000000000e+01,-3.740565612333821705e-02
3.977083333333332860e+01,-3.906263796491746265e-02
3.979166666666666430e+01,-4.071292010318870030e-02
3.981250000000000000e+01,-4.235621984288647640e-02
3.983333333333332860e+01,-4.399225569315887846e-02
3.985416666666666430e+01,-4.562074741535230432e-02
3.987500000000000000e+01,-4.724141607059272746e-02
3.989583333333332860e+01,-4.885398406715510400e-02
3.991666666666666430e+01,-5.045817520761317759e-02
3.993750000000000000e+01,-5.205371473576178576e-02
3.995833333333332860e+01,-5.364032938330414585e-02
3.997916666666666430e+01,-5.521774741629646016e-02
4.000000000000000000e+01,-5.678569868134229759e-02
4.002083333333332860e+01,-5.834391465152902884e-02
4.004166666666666430e+01,-5.989212847209888363e-02
4.006250000000000000e+01,-6.143007500584656000e-02
4.008333333333332860e+01,-6.295749087823569734e-02
4.010416666666666430e+01,-6.447411452222605310e-02
4.012500000000000000e+01,-6.597968622280336870e-02
4.014583333333332860e+01,-6.747394816120338978e-02
4.016666666666666430e+01,-6.895664445882207505e-02
4.018750000000000000e+01,-7.042752122080354893e-02
4.020833333333332860e+01,-7.188632657929755476e-02
4.022916666666666430e+01,-7.333281073637813730e-02
4.025000000000000000e+01,-7.476672600661575518e-02
4.027083333333332860e+01,-7.618782685929451071e-02
4.029166666666666430e+01,-7.759586996026694716e-02
4.031250000000000000e+01,-7.899061421343879508e-02
4.033333333333332860e+01,-8.037182080187613153e-02
4.035416666666666430e+01,-8.173925322852786113e-02
4.037500000000000000e+01,-8.309267735655596898e-02
4.039583333333332860e+01,-8.443186144926709269e-02
4.041666666666666430e+01,-8.575657620963790528e-02
4.043750000000000000e+01,-8.706659481942799483e-02
4.045833333333332860e+01,-8.836169297787327404e-02
4.047916666666666430e+01,-8.964164893995321681e-02
4.050000000000000000e+01,-9.090624355422534386e-02
4.052083333333332860e+01,-9.215526030022037907e-02
4.054166666666666430e+01,-9.338848532539148484e-02
4.056250000000000000e+01,-9.460570748161120647e-02
4.058333333333332860e+01,-9.580671836120957519e-02
4.060416666666666430e+01,-9.699131233254705553e-02
4.062500000000000000e+01,-9.815928657511609201e-02
4.064583333333332860e+01,-9.931044111416514886e-02
4.066666666666666430e+01,-1.004445788548388452e-01
4.068750000000000000e+01,-1.015615056158284263e-01
4.070833333333332860e+01,-1.026610301625267563e-01
4.072916666666666430e+01,-1.037429642396818508e-01
4.075000000000000000e+01,-1.048071226035433984e-01
4.077083333333332860e+01,-1.058533230534968450e-01
4.079166666666666430e+01,-1.068813864631791566e-01
4.081250000000000000e+01,-1.078911368110715974e-01
4.083333333333332860e+01,-1.088824012105636813e-01
4.085416666666666430e+01,-1.098550099394835500e-01
4.087500000000000000e+01,-1.108087964690894628e-01
4.089583333333332860e+01,-1.117435974925177766e-01
4.091666666666666430e+01,-1.126592529526821429e-01
4.093750000000000000e+01,-1.135556060696193692e-01
4.095833333333332860e+01,-1.144325033672774078e-01
4.097916666666666430e+01,-1.152897946997405026e-01
4.100000000000000000e+01,-1.161273332768872901e-01
4.102083333333332860e+01,-1.169449756894771902e-01
4.104166666666666430e+01,-1.177425819336609947e-01
4.106250000000000000e+01,-1.185200154349111829e-01
4.108333333333332860e+01,-1.192771430713680803e-01
4.110416666666666430e+01,-1.200138351965977235e-01
4.112500000000000000e+01,-1.207299656617573796e-01
4.114583333333332860e+01,-1.214254118371650981e-01
4.116666666666666430e+01,-1.221000546332695752e-01
4.118750000000000000e+01,-1.227537785210166404e-01
4.120833333333332860e+01,-1.233864715516089505e-01
4.122916666666666430e+01,-1.239980253756553796e-01
4.125000000000000000e+01,-1.245883352617070117e-01
4.127083333333332860e+01,-1.251573001141764729e-01
4.129166666666666430e+01,-1.257048224906375244e-01
4.131250000000000000e+01,-1.262308086185019163e-01
4.133333333333332860e+01,-1.267351684110708809e-01
4.135416666666666430e+01,-1.272178154829580743e-01
4.137500000000000000e+01,-1.276786671648816873e-01
4.139583333333332860e+01,-1.281176445178231482e-01
4.141666666666666430e+01,-1.285346723465498053e-01
4.143750000000000000e+01,-1.289296792124993152e-01
4.145833333333332860e+01,-1.293025974460236538e-01
4.147916666666666430e+01,-1.296533631579903367e-01
4.150000000000000000e+01,-1.299819162507392378e-01
4.152083333333332860e+01,-1.302882004283927309e-01
4.154166666666666430e+01,-1.305721632065175997e-01
4.156250000000000000e+01,-1.308337559211368573e-01
4.158333333333332860e+01,-1.310729337370902525e-01
4.160416666666666430e+01,-1.312896556557414662e-01
4.162500000000000000e+01,-1.314838845220311914e-01
4.164583333333332860e+01,-1.316555870308746545e-01
4.166666666666666430e+01,-1.318047337329019408e-01
4.168750000000000000e+01,-1.319312990395415386e-01
4.170833333333332860e+01,-1.320352612274443560e-01
4.172916666666666430e+01,-1.321166024422489593e-01
4.175000000000000000e+01,-1.321753087016863670e-01
4.177083333333332860e+01,-1.322113698980244556e-01
4.179166666666666430e+01,-1.322247797998513108e-01
4.181250000000000000e+01,-1.322155360531968860e-01
4.183333333333332860e+01,-1.321836401819933560e-01
4.185416666666666430e+01,-1.321290975878733620e-01
4.187500000000000000e+01,-1.320519175493069797e-01
4.189583333333332860e+01,-1.319521132200765778e-01
4.191666666666666430e+01,-1.318297016270903177e-01
4.193750000000000000e+01,-1.316847036675348470e-01
4.195833333333332860e+01,-1.315171441053670232e-01
4.197916666666666430e+01,-1.313270515671456640e-01
4.200000000000000000e+01,-1.311144585372039373e-01
4.202083333333332860e+01,-1.308794013521630828e-01
4.204166666666666430e+01,-1.306219201947882158e-01
4.206250000000000000e+01,-1.303420590871877394e-01
4.208333333333332860e+01,-1.300398658833568644e-01
4.210416666666666430e+01,-1.297153922610669585e-01
4.212500000000000000e+01,-1.293686937131016679e-01
4.214583333333332860e+01,-1.289998295378416426e-01
4.216666666666666430e+01,-1.286088628291991998e-01
4.218750000000000000e+01,-1.281958604659047540e-01
4.220833333333332860e+01,-1.277608931001465997e-01
4.222916666666666430e+01,-1.273040351455661523e-01
4.225000000000000000e+01,-1.268253647646105653e-01
4.227083333333332860e+01,-1.263249638552450260e-01
4.229166666666666430e+01,-1.258029180370265343e-01
4.231250000000000000e+01,-1.252593166365421062e-01
4.233333333333332860e+01,-1.246942526722132488e-01
4.235416666666666430e+01,-1.241078228384699944e-01
4.237500000000000000e+01,-1.235001274892962714e-01
4.239583333333332860e+01,-1.228712706211502331e-01
4.241666666666666430e+01,-1.222213598552620017e-01
4.243750000000000000e+01,-1.215505064193120183e-01
4.245833333333332860e+01,-1.208588251284928861e-01
4.247916666666666430e+01,-1.201464343659582046e-01
4.250000000000000000e+01,-1.194134560626614466e-01
4.252083333333332860e+01,-1.186600156765888342e-01
4.254166666666666430e+01,-1.178862421713891689e-01
4.256250000000000000e+01,-1.170922679944045308e-01
4.258333333333332860e+01,-1.162782290541056612e-01
4.260416666666666430e+01,-1.154442646969359026e-01
4.262500000000000000e+01,-1.145905176835677747e-01
4.264583333333332860e+01,-1.137171341645759060e-01
4.266666666666666430e+01,-1.128242636555309014e-01
4.268750000000000000e+01,-1.119120590115183222e-01
4.270833333333332860e+01,-1.109806764010872887e-01
4.272916666666666430e+01,-1.100302752796330774e-01
4.275000000000000000e+01,-1.090610183622183066e-01
4.277083333333332860e+01,-1.080730715958377053e-01
4.279166666666666430e+01,-1.070666041311311018e-01
4.281250000000000000e+01,-1.060417882935497103e-01
4.283333333333332860e+01,-1.049987995539806152e-01
4.285416666666666430e+01,-1.039378164988346009e-01
4.287500000000000000e+01,-1.028590207996030459e-01
4.289583333333332860e+01,-1.017625971818886393e-01
4.291666666666666430e+01,-1.006487333939156958e-01
4.293750000000000000e+01,-9.951762017452575604e-02
4.295833333333332860e+01,-9.836945122066398373e-02
4.297916666666666430e+01,-9.720442315436225722e-02
4.300000000000000000e+01,-9.602273548922481139e-02
4.302083333333332860e+01,-9.482459059642231458e-02
4.304166666666666430e+01,-9.361019367020076420e-02
4.306250000000000000e+01,-9.237975269291127944e-02
4.308333333333332860e+01,-9.113347839956689733e-02
4.310416666666666430e+01,-8.987158424193301964e-02
4.312500000000000000e+01,-8.859428635215782499e-02
4.314583333333332860e+01,-8.730180350594944627e-02
4.316666666666666430e+01,-8.599435708530626943e-02
4.318750000000000000e+01,-8.467217104080730639e-02
4.320833333333332860e+01,-8.333547185346938668e-02
4.322916666666666430e+01,-8.198448849617807899e-02
4.325000000000000000e+01,-8.061945239469918423e-02
4.327083333333332860e+01,-7.924059738827783639e-02
4.329166666666666430e+01,-7.784815968983230250e-02
4.331250000000000000e+01,-7.644237784574932359e-02
4.333333333333332860e+01,-7.502349269528836573e-02
4.335416666666666430e+01,-7.359174732960123422e-02
4.337500000000000000e+01,-7.214738705037483657e-02
4.339583333333332860e+01,-7.069065932810326969e-02
4.341666666666666430e+01,-6.922181375999666986e-02
4.343750000000000000e+01,-6.774110202753308441e-02
4.345833333333332860e+01,-6.624877785366044269e-02
4.347916666666666430e+01,-6.474509695965464939e-02
4.350000000000000000e+01,-6.323031702164011447e-02
4.352083333333332860e+01,-6.170469762677904119e-02
4.354166666666666430e+01,-6.016850022913441953e-02
4.356250000000000000e+01,-5.862198810521265790e-02
4.358333333333332860e+01,-5.706542630919040487e-02
4.360416666666666430e+01,-5.549908162783034199e-02
4.362500000000000000e+01,-5.392322253508975705e-02
4.364583333333332860e+01,-5.233811914642558932e-02
4.366666666666666430e+01,-5.074404317279895132e-02
4.368750000000000000e+01,-4.914126787438150706e-02
4.370833333333332860e+01,-4.753006801396590653e-02
4.372916666666666430e+01,-4.591071981008139347e-02
4.375000000000000000e+01,-4.428350088981585636e-02
4.377083333333332860e+01,-4.264869024134472497e-02
4.379166666666666430e+01,-4.100656816616689293e-02
4.381250000000000000e+01,-3.935741623104777043e-02
4.383333333333332860e+01,-3.770151721966939762e-02
4.385416666666666430e+01,-3.603915508398773671e-02
4.387500000000000000e+01,-3.437061489529778802e-02
4.389583333333332860e+01,-3.269618279500737662e-02
4.391666666666666430e+01,-3.101614594512191667e-02
4.393750000000000000e+01,-2.933079247844342166e-02
4.395833333333332860e+01,-2.764041144848861098e-02
4.397916666666666430e+01,-2.594529277913284679e-02
4.400000000000000000e+01,-2.424572721398880401e-02
4.402083333333332860e+01,-2.254200626553136411e-02
4.404166666666666430e+01,-2.083442216398274927e-02
4.406250000000000000e+01,-1.912326780597473075e-02
4.408333333333332860e+01,-1.740883670300770111e-02
4.410416666666666430e+01,-1.569142292972918948e-02
4.412500000000000000e+01,-1.397132107205707914e-02
4.414583333333332860e+01,-1.224882617517500036e-02
4.416666666666666430e+01,-1.052423369142936951e-02
4.418750000000000000e+01,-8.797839428159084582e-03
4.420833333333332860e+01,-7.069939495489581567e-03
4.422916666666666430e+01,-5.340830254122881995e-03
4.425000000000000000e+01,-3.610808263154741560e-03
4.427083333333332860e+01,-1.880170227948580602e-03
4.429166666666666430e+01,-1.492129480937930022e-04
4.431250000000000000e+01,1.581766734526922650e-03
4.433333333333332860e+01,3.312471987539759161e-03
4.435416666666666430e+01,5.042606039733778592e-03
4.437500000000000000e+01,6.771872232552736577e-03
4.439583333333332860e+01,8.499974071414919535e-03
4.441666666666666430e+01,1.022661527685505591e-02
4.443750000000000000e+01,1.195149983548567628e-02
4.445833333333332860e+01,1.367433205077844306e-02
4.447916666666666430e+01,1.539481659366854528e-02
4.450000000000000000e+01,1.711265855298711724e-02
4.452083333333332860e+01,1.882756348572782457e-02
4.454166666666666430e+01,2.053923746715426157e-02
4.456250000000000000e+01,2.224738714075465487e-02
4.458333333333332860e+01,2.395171976804969655e-02
4.460416666666666430e+01,2.565194327825838158e-02
4.462500000000000000e+01,2.734776631782494596e-02
4.464583333333332860e+01,2.903889829980846327e-02
4.466666666666666430e+01,3.072504945313498520e-02
4.468750000000000000e+01,3.240593087171019654e-02
4.470833333333332860e+01,3.408125456338893106e-02
4.472916666666666430e+01,3.575073349879661494e-02
4.475000000000000000e+01,3.741408165999618451e-02
4.477083333333332860e+01,3.907101408899352896e-02
4.479166666666666430e+01,4.072124693607347135e-02
4.481250000000000000e+01,4.236449750795804464e-02
4.483333333333332860e+01,4.400048431577861102e-02
4.485416666666666430e+01,4.562892712285348401e-02
4.487500000000000000e+01,4.724954699226252552e-02
4.489583333333332860e+01,4.886206633421056461e-02
4.491666666666666430e+01,5.046620895317172756e-02
4.493750000000000000e+01,5.206170009480681066e-02
4.495833333333332860e+01,5.364826649264605590e-02
4.497916666666666430e+01,5.522563641452987726e-02
4.500000000000000000e+01,5.679353970879976593e-02
4.502083333333332860e+01,5.835170785023210960e-02
4.504166666666666430e+01,5.989987398570711941e-02
4.506250000000000000e+01,6.143777297960503064e-02
4.508333333333332860e+01,6.296514145892173620e-02
4.510416666666666430e+01,6.448171785809583834e-02
4.512500000000000000e+01,6.598724246353858403e-02
4.514583333333332860e+01,6.748145745785881500e-02
4.516666666666666430e+01,6.896410696377412719e-02
4.518750000000000000e+01,7.043493708770018347e-02
4.520833333333332860e+01,7.189369596300961007e-02
4.522916666666666430e+01,7.334013379295212243e-02
4.525000000000000000e+01,7.477400289322813642e-02
4.527083333333332860e+01,7.619505773420739980e-02
4.529166666666666430e+01,7.760305498278530223e-02
4.531250000000000000e+01,7.899775354386873172e-02
4.533333333333332860e+01,8.037891460148434419e-02
4.535416666666666430e+01,8.174630165950205751e-02
4.537500000000000000e+01,8.309968058196623431e-02
4.539583333333332860e+01,8.443881963302801719e-02
4.541666666666666430e+01,8.576348951647171093e-02
4.543750000000000000e+01,8.707346341482841146e-02
4.545833333333332860e+01,8.836851702807022035e-02
4.547916666666666430e+01,8.964842861187832801e-02
4.550000000000000000e+01,9.091297901547849836e-02
4.552083333333332860e+01,9.216195171903708572e-02
4.554166666666666430e+01,9.339513287061138036e-02
4.556250000000000000e+01,9.461231132264744104e-02
4.558333333333332860e+01,9.581327866801933602e-02
4.560416666666666430e+01,9.699782927560313128e-02
4.562500000000000000e+01,9.816576032537947805e-02
4.564583333333332860e+01,9.931687184305852678e-02
4.566666666666666430e+01,1.004509667342211449e-01
4.568750000000000000e+01,1.015678508179702344e-01
4.570833333333332860e+01,1.026673328600865437e-01
4.572916666666666430e+01,1.037492246056830464e-01
4.575000000000000000e+01,1.048133408113521015e-01
4.577083333333332860e+01,1.058594992768001480e-01
4.579166666666666430e+01,1.068875208759641898e-01
4.581250000000000000e+01,1.078972295876050591e-01
4.583333333333332860e+01,1.088884525253719232e-01
4.585416666666666430e+01,1.098610199673331761e-01
4.587500000000000000e+01,1.108147653849683584e-01
4.589583333333332860e+01,1.117495254716166786e-01
4.591666666666666430e+01,1.126651401703766681e-01
4.593750000000000000e+01,1.135614527014525421e-01
4.595833333333332860e+01,1.144383095889426882e-01
4.597916666666666430e+01,1.152955606870652294e-01
4.600000000000000000e+01,1.161330592058165551e-01
4.602083333333332860e+01,1.169506617360582673e-01
4.604166666666666430e+01,1.177482282740281300e-01
4.606250000000000000e+01,1.185256222452709257e-01
4.608333333333332860e+01,1.192827105279849614e-01
4.610416666666666430e+01,1.200193634757802941e-01
4.612500000000000000e+01,1.207354549398446525e-01
4.614583333333332860e+01,1.214308622905133500e-01
4.616666666666666430e+01,1.221054664382395100e-01
4.618750000000000000e+01,1.227591518539608295e-01
4.620833333333332860e+01,1.233918065888595095e-01
4.622916666666666430e+01,1.240033222935120055e-01
4.625000000000000000e+01,1.245935942364252563e-01
4.627083333333332860e+01,1.251625213219563215e-01
4.629166666666666430e+01,1.257100061076120989e-01
4.631250000000000000e+01,1.262359548207266369e-01
4.633333333333332860e+01,1.267402773745125721e-01
4.635416666666666430e+01,1.272228873834844731e-01
4.637500000000000000e+01,1.276837021782513404e-01
4.639583333333332860e+01,1.281226428196753087e-01
4.641666666666666430e+01,1.285396341123945796e-01
4.643750000000000000e+01,1.289346046177080596e-01
4.645833333333332860e+01,1.293074866658196764e-01
4.647916666666666430e+01,1.296582163674396271e-01
4.650000000000000000e+01,1.299867336247415850e-01
4.652083333333332860e+01,1.302929821416729250e-01
4.654166666666666430e+01,1.305769094336168279e-01
4.656250000000000000e+01,1.308384668364044878e-01
4.658333333333332860e+01,1.310776095146754527e-01
4.660416666666666430e+01,1.312942964695853476e-01
4.662500000000000000e+01,1.314884905458588438e-01
4.664583333333332860e+01,1.316601584381874301e-01
4.666666666666666430e+01,1.318092706969701544e-01
4.668750000000000000e+01,1.319358017333968625e-01
4.670833333333332860e+01,1.320397298238727424e-01
4.672916666666666430e+01,1.321210371137835626e-01
4.675000000000000000e+01,1.321797096206005773e-01
4.677083333333332860e+01,1.322157372363252925e-01
4.679166666666666430e+01,1.322291137292726793e-01
4.681250000000000000e+01,1.322198367451931644e-01
4.683333333333332860e+01,1.321879078077330683e-01
4.685416666666666430e+01,1.321333323182331543e-01
4.687500000000000000e+01,1.320561195548655142e-01
4.689583333333332860e+01,1.319562826711086490e-01
4.691666666666666430e+01,1.318338386935612172e-01
4.693750000000000000e+01,1.316888085190947300e-01
4.695833333333332860e+01,1.315212169113455232e-01
4.697916666666666430e+01,1.313310924965465920e-01
4.700000000000000000e+01,1.311184677587002023e-01
4.702083333333332860e+01,1.308833790340916681e-01
4.704166666666666430e+01,1.306258665051454049e-01
4.706250000000000000e+01,1.303459741936242866e-01
4.708333333333332860e+01,1.300437499531735819e-01
4.710416666666666430e+01,1.297192454612101364e-01
4.712500000000000000e+01,1.293725162101589665e-01
4.714583333333332860e+01,1.290036214980379015e-01
4.716666666666666430e+01,1.286126244183925793e-01
4.718750000000000000e+01,1.281995918495827669e-01
4.720833333333332860e+01,1.277645944434225300e-01
4.722916666666666430e+01,1.273077066131754476e-01
4.725000000000000000e+01,1.268290065209076722e-01
4.727083333333332860e+01,1.263285760642000044e-01
4.729166666666666430e+01,1.258065008622221703e-01
4.731250000000000000e+01,1.252628702411709982e-01
4.733333333333332860e+01,1.246977772190751149e-01
4.735416666666666430e+01,1.241113184899690774e-01
4.737500000000000000e+01,1.235035944074390907e-01
4.739583333333332860e+01,1.228747089675434334e-01
4.741666666666666430e+01,1.222247697911103270e-01
4.743750000000000000e+01,1.215538881054164799e-01
4.745833333333332860e+01,1.208621787252491392e-01
4.747916666666666430e+01,1.201497600333551741e-01
4.750000000000000000e+01,1.194167539602801753e-01
4.752083333333332860e+01,1.186632859636014142e-01
4.754166666666666430e+01,1.178894850065578676e-01
4.756250000000000000e+01,1.170954835360811935e-01
4.758333333333332860e+01,1.162814174602314621e-01
4.760416666666666430e+01,1.154474261250411499e-01
4.762500000000000000e+01,1.145936522907719246e-01
4.764583333333332860e+01,1.137202421075878683e-01
4.766666666666666430e+01,1.128273450906496361e-01
4.768750000000000000e+01,1.119151140946336165e-01
4.770833333333332860e+01,1.109837052876808117e-01
4.772916666666666430e+01,1.100332781247796016e-01
4.775000000000000000e+01,1.090639953205872897e-01
4.777083333333332860e+01,1.080760228216950947e-01
4.779166666666666430e+01,1.070695297783413880e-01
4.781250000000000000e+01,1.060446885155782309e-01
4.783333333333332860e+01,1.050016745038961086e-01
4.785416666666666430e+01,1.039406663293121480e-01
4.787500000000000000e+01,1.028618456629271233e-01
4.789583333333332860e+01,1.017653972299565196e-01
4.791666666666666430e+01,1.006515087782411111e-01
4.793750000000000000e+01,9.952037104624274211e-02
4.795833333333332860e+01,9.837217773053102965e-02
4.797916666666666430e+01,9.720712545276666283e-02
4.800000000000000000e+01,9.602541372618728088e-02
4.802083333333332860e+01,9.482724492160167495e-02
4.804166666666666430e+01,9.361282423289901677e-02
4.806250000000000000e+01,9.238235964207855422e-02
4.808333333333332860e+01,9.113606188380671269e-02
4.810416666666666430e+01,8.987414440950751426e-02
4.812500000000000000e+01,8.859682335099307304e-02
4.814583333333332860e+01,8.730431748364068933e-02
4.816666666666666430e+01,8.599684818912307904e-02
4.818750000000000000e+01,8.467463941769863556e-02
4.820833333333332860e+01,8.333791765006826058e-02
4.822916666666666430e+01,8.198691185880599419e-02
4.825000000000000000e+01,8.062185346937002228e-02
4.827083333333332860e+01,7.924297632070124997e-02
4.829166666666666430e+01,7.785051662541635220e-02
4.831250000000000000e+01,7.644471292960222653e-02
4.833333333333332860e+01,7.502580607221909226e-02
4.835416666666666430e+01,7.359403914411909164e-02
4.837500000000000000e+01,7.214965744668737357e-02
4.839583333333332860e+01,7.069290845011264035e-02
4.841666666666666430e+01,6.922404175129395765e-02
4.843750000000000000e+01,6.774330903139044735e-02
4.845833333333332860e+01,6.625096401302076055e-02
4.847916666666666430e+01,6.474726241711832586e-02
4.850000000000000000e+01,6.323246191944881245e-02
4.852083333333332860e+01,6.170682210679574731e-02
4.854166666666666430e+01,6.017060443281981030e-02
4.856250000000000000e+01,5.862407217359718453e-02
4.858333333333332860e+01,5.706749038284189557e-02
4.860416666666666430e+01,5.550112584681658051e-02
4.862500000000000000e+01,5.392524703893586402e-02
4.864583333333332860e+01,5.234012407406588713e-02
4.866666666666666430e+01,5.074602866252295175e-02
4.868750000000000000e+01,4.914323406377394537e-02
4.870833333333332860e+01,4.753201503984046811e-02
4.872916666666666430e+01,4.591264780840843135e-02
4.875000000000000000e+01,4.428540999564387765e-02
4.877083333333332860e+01,4.265058058871590285e-02
4.879166666666666430e+01,4.100843988802704149e-02
4.881250000000000000e+01,3.935926945915112912e-02
4.883333333333332860e+01,3.770335208447904429e-02
4.885416666666666430e+01,3.604097171457244092e-02
4.887500000000000000e+01,3.437241341922626231e-02
4.889583333333332860e+01,3.269796333824136897e-02
4.891666666666666430e+01,3.101790863190956662e-02
4.893750000000000000e+01,2.933253743121447266e-02
4.895833333333332860e+01,2.764213878775331409e-02
4.897916666666666430e+01,2.594700262338654403e-02
4.900000000000000000e+01,2.424741967962419989e-02
4.902083333333332860e+01,2.254368146676051163e-02
4.904166666666666430e+01,2.083608021277078351e-02
4.906250000000000000e+01,1.912490881198743511e-02
4.908333333333332860e+01,1.741046077357459587e-02
4.910416666666666430e+01,1.569303016982370735e-02
4.912500000000000000e+01,1.397291158429499712e-02
4.914583333333332860e+01,1.225040005983203673e-02
4.916666666666666430e+01,1.052579104647841622e-02
4.918750000000000000e+01,8.799380349326970871e-03
4.920833333333332860e+01,7.071464076332743473e-03
4.922916666666666430e+01,5.342338586120998385e-03
4.925000000000000000e+01,3.612300435820776749e-03
4.927083333333332860e+01,1.881646328953243824e-03
4.929166666666666430e+01,1.506730634019805639e-04
4.931250000000000000e+01,-1.580322520510283853e-03
4.933333333333332860e+01,-3.311043591817303990e-03
4.935416666666666430e+01,-5.041193380559649134e-03
4.937500000000000000e+01,-6.770475229275898371e-03
4.939583333333332860e+01,-8.498592644324653653e-03
4.941666666666666430e+01,-1.022524934703110226e-02
4.943750000000000000e+01,-1.195014932465534099e-02
4.945833333333332860e+01,-1.367299688118263704e-02
4.947916666666666430e+01,-1.539349668793820770e-02
4.950000000000000000e+01,-1.711135383403101715e-02
4.952083333333332860e+01,-1.882627387663236840e-02
4.954166666666666430e+01,-2.053796289109553752e-02
4.956250000000000000e+01,-2.224612752092256646e-02
4.958333333333332860e+01,-2.395047502758365296e-02
4.960416666666666430e+01,-2.565071334019371208e-02
4.962500000000000000e+01,-2.734655110504923339e-02
4.964583333333332860e+01,-2.903769773502681145e-02
4.966666666666666430e+01,-3.072386345884305439e-02
4.968750000000000000e+01,-3.240475937017391062e-02
4.970833333333332860e+01,-3.408009747662994054e-02
4.972916666666666430e+01,-3.574959074858256869e-02
4.975000000000000000e+01,-3.741295316783512653e-02
4.977083333333332860e+01,-3.906989977613158083e-02
4.979166666666666430e+01,-4.072014672349531794e-02
4.981250000000000000e+01,-4.236341131638988317e-02
4.983333333333332860e+01,-4.399941206569321639e-02
4.985416666666666430e+01,-4.562786873447700897e-02
4.987500000000000000e+01,-4.724850238558304244e-02
4.989583333333332860e+01,-4.886103542898810603e-02
4.991666666666666430e+01,-5.046519166894954805e-02
4.993750000000000000e+01,-5.206069635092395315e-02
4.995833333333332860e+01,-5.364727620825097965e-02
4.997916666666666430e+01,-5.522465950859496708e-02
5.000000000000000000e+01,-5.679257610013662555e-02
5.002083333333332860e+01,-5.835075745750741699e-02
5.004166666666666430e+01,-5.989893672745880832e-02
5.006250000000000000e+01,-6.143684877425870106e-02
5.008333333333332860e+01,-6.296423022480705789e-02
5.010416666666666430e+01,-6.448081951346275320e-02
5.012500000000000000e+01,-6.598635692657338347e-02
5.014583333333332860e+01,-6.748058464669962064e-02
5.016666666666666430e+01,-6.896324679652601763e-02
5.018750000000000000e+01,-7.043408948244968271e-02
5.020833333333332860e+01,-7.189286083783869019e-02
5.022916666666666430e+01,-7.333931106595169280e-02
5.025000000000000000e+01,-7.477319248251092232e-02
5.027083333333332860e+01,-7.619425955792037686e-02
5.029166666666666430e+01,-7.760226895912153422e-02
5.031250000000000000e+01,-7.899697959107888912e-02
5.033333333333332860e+01,-8.037815263788788966e-02
5.035416666666666430e+01,-8.174555160349790406e-02
5.037500000000000000e+01,-8.309894235204325075e-02
5.039583333333332860e+01,-8.443809314777522834e-02
5.041666666666666430e+01,-8.576277469458815084e-02
5.043750000000000000e+01,-8.707276017513267130e-02
5.045833333333332860e+01,-8.836782528950976046e-02
5.047916666666666430e+01,-8.964774829353854002e-02
5.050000000000000000e+01,-9.091231003659133725e-02
5.052083333333332860e+01,-9.216129399898946584e-02
5.054166666666666430e+01,-9.339448632895319680e-02
5.056250000000000000e+01,-9.461167587909932730e-02
5.058333333333332860e+01,-9.581265424248007478e-02
5.060416666666666430e+01,-9.699721578815664880e-02
5.062500000000000000e+01,-9.816515769630158872e-02
5.064583333333332860e+01,-9.931627999282335861e-02
5.066666666666666430e+01,-1.004503855835071902e-01
5.068750000000000000e+01,-1.015672802876662895e-01
5.070833333333332860e+01,-1.026667728712973154e-01
5.072916666666666430e+01,-1.037486750797344259e-01
5.075000000000000000e+01,-1.048128016697963821e-01
5.077083333333332860e+01,-1.058589704414209381e-01
5.079166666666666430e+01,-1.068870022687811866e-01
5.081250000000000000e+01,-1.078967211308786978e-01
5.083333333333332860e+01,-1.088879541416077762e-01
5.085416666666666430e+01,-1.098605315792862552e-01
5.087500000000000000e+01,-1.108142869156473198e-01
5.089583333333332860e+01,-1.117490568442877225e-01
5.091666666666666430e+01,-1.126646813085674659e-01
5.093750000000000000e+01,-1.135610035289559699e-01
5.095833333333332860e+01,-1.144378700298203100e-01
5.097916666666666430e+01,-1.152951306656507802e-01
5.100000000000000000e+01,-1.161326386467192301e-01
5.102083333333332860e+01,-1.169502505641658308e-01
5.104166666666666430e+01,-1.177478264145099540e-01
5.106250000000000000e+01,-1.185252296235808911e-01
5.108333333333332860e+01,-1.192823270698642052e-01
5.110416666666666430e+01,-1.200189891072598464e-01
5.112500000000000000e+01,-1.207350895872480179e-01
5.114583333333332860e+01,-1.214305058804589499e-01
5.116666666666666430e+01,-1.221051188976430002e-01
5.118750000000000000e+01,-1.227588131100373486e-01
5.120833333333332860e+01,-1.233914765691259130e-01
5.122916666666666430e+01,-1.240030009257889199e-01
5.125000000000000000e+01,-1.245932814488391049e-01
5.127083333333332860e+01,-1.251622170429412539e-01
5.129166666666666430e+01,-1.257097102659119892e-01
5.131250000000000000e+01,-1.262356673453966793e-01
5.133333333333332860e+01,-1.267399981949211829e-01
5.135416666666666430e+01,-1.272226164293149553e-01
5.137500000000000000e+01,-1.276834393795034384e-01
5.139583333333332860e+01,-1.281223881066666515e-01
5.141666666666666430e+01,-1.285393874157623462e-01
5.143750000000000000e+01,-1.289343658684102834e-01
5.145833333333332860e+01,-1.293072557951365498e-01
5.147916666666666430e+01,-1.296579933069749724e-01
5.150000000000000000e+01,-1.299865183064239926e-01
5.152083333333332860e+01,-1.302927744977568913e-01
5.154166666666666430e+01,-1.305767093966840320e-01
5.156250000000000000e+01,-1.308382743393647352e-01
5.158333333333332860e+01,-1.310774244907677855e-01
5.160416666666666430e+01,-1.312941188523789604e-01
5.162500000000000000e+01,-1.314883202692541109e-01
5.164583333333332860e+01,-1.316599954364167935e-01
5.166666666666666430e+01,-1.318091149045989008e-01
5.168750000000000000e+01,-1.319356530853239839e-01
5.170833333333332860e+01,-1.320395882553317690e-01
5.172916666666666430e+01,-1.321209025603431453e-01
5.175000000000000000e+01,-1.321795820181654868e-01
5.177083333333332860e+01,-1.322156165211368084e-01
5.179166666666666430e+01,-1.322289998379092557e-01
5.181250000000000000e+01,-1.322197296145712353e-01
5.183333333333332860e+01,-1.321878073751074356e-01
5.185416666666666430e+01,-1.321332385211975435e-01
5.187500000000000000e+01,-1.320560323313530182e-01
5.189583333333332860e+01,-1.319562019593922275e-01
5.191666666666666430e+01,-1.318337644322541968e-01
5.193750000000000000e+01,-1.316887406471511091e-01
5.195833333333332860e+01,-1.315211553680603607e-01
5.197916666666666430e+01,-1.313310372215564237e-01
5.200000000000000000e+01,-1.311184186919832906e-01
5.202083333333332860e+01,-1.308833361159682240e-01
5.204166666666666430e+01,-1.306258296762779492e-01
5.206250000000000000e+01,-1.303459433950179269e-01
5.208333333333332860e+01,-1.300437251261760685e-01
5.210416666666666430e+01,-1.297192265475122230e-01
5.212500000000000000e+01,-1.293725031517944102e-01
5.214583333333332860e+01,-1.290036142373837680e-01
5.216666666666666430e+01,-1.286126228981691877e-01
5.218750000000000000e+01,-1.281995960128539391e-01
5.220833333333332860e+01,-1.277646042335956189e-01
5.222916666666666430e+01,-1.273077219740014754e-01
5.225000000000000000e+01,-1.268290273964812198e-01
5.227083333333332860e+01,-1.263286023989594609e-01
5.229166666666666430e+01,-1.258065326009495388e-01
5.231250000000000000e+01,-1.252629073289920347e-01
5.233333333333332860e+01,-1.246978196014593560e-01
5.235416666666666430e+01,-1.241113661127297291e-01
5.237500000000000000e+01,-1.235036472167330285e-01
5.239583333333332860e+01,-1.228747669098711748e-01
5.241666666666666430e+01,-1.222248328133159478e-01
5.243750000000000000e+01,-1.215539561546876562e-01
5.245833333333332860e+01,-1.208622517491169945e-01
5.247916666666666430e+01,-1.201498379796942378e-01
5.250000000000000000e+01,-1.194168367773083550e-01
5.252083333333332860e+01,-1.186633735998798983e-01
5.254166666666666430e+01,-1.178895774109910838e-01
5.256250000000000000e+01,-1.170955806579167813e-01
5.258333333333332860e+01,-1.162815192490601612e-01
5.260416666666666430e+01,-1.154475325307968564e-01
5.262500000000000000e+01,-1.145937632637315934e-01
5.264583333333332860e+01,-1.137203575983715548e-01
5.266666666666666430e+01,-1.128274650502204546e-01
5.268750000000000000e+01,-1.119152384742978373e-01
5.270833333333332860e+01,-1.109838340390877920e-01
5.272916666666666430e+01,-1.100334111999219378e-01
5.275000000000000000e+01,-1.090641326718008869e-01
5.277083333333332860e+01,-1.080761644016593193e-01
5.279166666666666430e+01,-1.070696755400792205e-01
5.281250000000000000e+01,-1.060448384124565019e-01
5.283333333333332860e+01,-1.050018284896256787e-01
5.285416666666666430e+01,-1.039408243579483249e-01
5.287500000000000000e+01,-1.028620076888699386e-01
5.289583333333332860e+01,-1.017655632079511180e-01
5.291666666666666430e+01,-1.006516786633783189e-01
5.293750000000000000e+01,-9.952054479395956721e-02
5.295833333333332860e+01,-9.837235529661128575e-02
5.297916666666666430e+01,-9.720730679334160795e-02
5.300000000000000000e+01,-9.602559879773640839e-02
5.302083333333332860e+01,-9.482743368095362946e-02
5.304166666666666430e+01,-9.361301663723251010e-02
5.306250000000000000e+01,-9.238255564892346172e-02
5.308333333333332860e+01,-9.113626145104521126e-02
5.310416666666666430e+01,-8.987434749537535905e-02
5.312500000000000000e+01,-8.859702991408099915e-02
5.314583333333332860e+01,-8.730452748289593834e-02
5.316666666666666430e+01,-8.599706158385103660e-02
5.318750000000000000e+01,-8.467485616756459388e-02
5.320833333333332860e+01,-8.333813771509933355e-02
5.322916666666666430e+01,-8.198713519939315741e-02
5.325000000000000000e+01,-8.062208004627029190e-02
5.327083333333332860e+01,-7.924320609503997248e-02
5.329166666666666430e+01,-7.785074955868959146e-02
5.331250000000000000e+01,-7.644494898367942826e-02
5.333333333333332860e+01,-7.502604520934574861e-02
5.335416666666666430e+01,-7.359428132691951674e-02
5.337500000000000000e+01,-7.214990263816756233e-02
5.339583333333332860e+01,-7.069315661366327996e-02
5.341666666666666430e+01,-6.922429285069343907e-02
5.343750000000000000e+01,-6.774356303080796005e-02
5.345833333333332860e+01,-6.625122087701930396e-02
5.347916666666666430e+01,-6.474752211065772090e-02
5.350000000000000000e+01,-6.323272440788865745e-02
5.352083333333332860e+01,-6.170708735589821442e-02
5.354166666666666430e+01,-6.017087240875220594e-02
5.356250000000000000e+01,-5.862434284293430858e-02
5.358333333333332860e+01,-5.706776371256801900e-02
5.360416666666666430e+01,-5.550140180432699966e-02
5.362500000000000000e+01,-5.392552559203800389e-02
5.364583333333332860e+01,-5.234040519097967609e-02
5.366666666666666430e+01,-5.074631231188046071e-02
5.368750000000000000e+01,-4.914352021461822900e-02
5.370833333333332860e+01,-4.753230366162353171e-02
5.372916666666666430e+01,-4.591293887098791410e-02
5.375000000000000000e+01,-4.428570346927858392e-02
5.377083333333332860e+01,-4.265087644406005685e-02
5.379166666666666430e+01,-4.100873809612299442e-02
5.381250000000000000e+01,-3.935956999142050522e-02
5.383333333333332860e+01,-3.770365491271217284e-02
5.385416666666666430e+01,-3.604127681091600505e-02
5.387500000000000000e+01,-3.437272075616921996e-02
5.389583333333332860e+01,-3.269827288859897957e-02
5.391666666666666430e+01,-3.101822036880556507e-02
5.393750000000000000e+01,-2.933285132806142878e-02
5.395833333333332860e+01,-2.764245481823128514e-02
5.397916666666666430e+01,-2.594732076142013816e-02
5.400000000000000000e+01,-2.424773989935823104e-02
5.402083333333332860e+01,-2.254400374253451994e-02
5.404166666666666430e+01,-2.083640451909267097e-02
5.406250000000000000e+01,-1.912523512350652183e-02
5.408333333333332860e+01,-1.741078906505445084e-02
5.410416666666666430e+01,-1.569336041611517005e-02
5.412500000000000000e+01,-1.397324376030978192e-02
5.414583333333332860e+01,-1.225073414051739383e-02
5.416666666666666430e+01,-1.052612700679318378e-02
5.418750000000000000e+01,-8.799718164219471131e-03
5.420833333333332860e+01,-7.071803720720894193e-03
5.422916666666666430e+01,-5.342680034874900535e-03
5.425000000000000000e+01,-3.612643663748070413e-03
5.427083333333332860e+01,-1.881991310787400548e-03
5.429166666666666430e+01,-1.510197737936711318e-04
5.431250000000000000e+01,1.579974106998673642e-03
5.433333333333332860e+01,3.310693500714096890e-03
5.435416666666666430e+01,5.040841637483464352e-03
5.437500000000000000e+01,6.770121859932488537e-03
5.439583333333332860e+01,8.498237674501203653e-03
5.441666666666666430e+01,1.022489280258837875e-02
5.443750000000000000e+01,1.194979123151807508e-02
5.445833333333332860e+01,1.367263726532840298e-02
5.447916666666666430e+01,1.539313557538516536e-02
5.450000000000000000e+01,1.711099125082495356e-02
5.452083333333332860e+01,1.882590984883335955e-02
5.454166666666666430e+01,2.053759744476447296e-02
5.456250000000000000e+01,2.224576068210775553e-02
5.458333333333332860e+01,2.395010682230780744e-02
5.460416666666666430e+01,2.565034379444151857e-02
5.462500000000000000e+01,2.734618024475553993e-02
5.464583333333332860e+01,2.903732558606548358e-02
5.466666666666666430e+01,3.072349004701659808e-02
5.468750000000000000e+01,3.240438472120386881e-02
5.470833333333332860e+01,3.407972161614807732e-02
5.472916666666666430e+01,3.574921370212263971e-02
5.475000000000000000e+01,3.741257496082533995e-02
5.477083333333332860e+01,3.906952043388765838e-02
5.479166666666666430e+01,4.071976627121415976e-02
5.481250000000000000e+01,4.236302977914366968e-02
5.483333333333332860e+01,4.399902946842396134e-02
5.485416666666666430e+01,4.562748510199158419e-02
5.487500000000000000e+01,4.724811774254852881e-02
5.489583333333332860e+01,4.886064979992753993e-02
5.491666666666666430e+01,5.046480507823811884e-02
5.493750000000000000e+01,5.206030882278546434e-02
5.495833333333332860e+01,5.364688776675467091e-02
5.497916666666666430e+01,5.522427017765263457e-02
5.500000000000000000e+01,5.679218590350015167e-02
5.502083333333332860e+01,5.835036641876654995e-02
5.504166666666666430e+01,5.989854487003919842e-02
5.506250000000000000e+01,6.143645612142023538e-02
5.508333333333332860e+01,6.296383679964248636e-02
5.510416666666666430e+01,6.448042533889648820e-02
5.512500000000000000e+01,6.598596202536052835e-02
5.514583333333332860e+01,6.748018904142512320e-02
5.516666666666666430e+01,6.896285050960403173e-02
5.518750000000000000e+01,7.043369253612305481e-02
5.520833333333332860e+01,7.189246325417845973e-02
5.522916666666666430e+01,7.333891286685680078e-02
5.525000000000000000e+01,7.477279368970787821e-02
5.527083333333332860e+01,7.619386019296300883e-02
5.529166666666666430e+01,7.760186904339087810e-02
5.531250000000000000e+01,7.899657914578299411e-02
5.533333333333332860e+01,8.037775168406180448e-02
5.535416666666666430e+01,8.174515016200360751e-02
5.537500000000000000e+01,8.309854044356969338e-02
5.539583333333332860e+01,8.443769079283834633e-02
5.541666666666666430e+01,8.576237191353096312e-02
5.543750000000000000e+01,8.707235698812543223e-02
5.545833333333332860e+01,8.836742171655009859e-02
5.547916666666666430e+01,8.964734435445165239e-02
5.550000000000000000e+01,9.091190575103026694e-02
5.552083333333332860e+01,9.216088938643540729e-02
5.554166666666666430e+01,9.339408140871571784e-02
5.556250000000000000e+01,9.461127067031675775e-02
5.558333333333332860e+01,9.581224876411978397e-02
5.560416666666666430e+01,9.699681005901542030e-02
5.562500000000000000e+01,9.816475173500596729e-02
5.564583333333332860e+01,9.931587381783006652e-02
5.566666666666666430e+01,1.004499792131035435e-01
5.568750000000000000e+01,1.015668737399704480e-01
5.570833333333332860e+01,1.026663661642586711e-01
5.572916666666666430e+01,1.037482682311340471e-01
5.575000000000000000e+01,1.048123946972473880e-01
5.577083333333332860e+01,1.058585633623688599e-01
5.579166666666666430e+01,1.068865951005043696e-01
5.581250000000000000e+01,1.078963138904886071e-01
5.583333333333332860e+01,1.088875468460495238e-01
5.585416666666666430e+01,1.098601242453389193e-01
5.587500000000000000e+01,1.108138795599242638e-01
5.589583333333332860e+01,1.117486494832371363e-01
5.591666666666666430e+01,1.126642739584726993e-01
5.593750000000000000e+01,1.135605962059359486e-01
5.595833333333332860e+01,1.144374627498299379e-01
5.597916666666666430e+01,1.152947234444813562e-01
5.600000000000000000e+01,1.161322314999989197e-01
5.602083333333332860e+01,1.169498435073600684e-01
5.604166666666666430e+01,1.177474194629219012e-01
5.606250000000000000e+01,1.185248227923517694e-01
5.608333333333332860e+01,1.192819203739737821e-01
5.610416666666666430e+01,1.200185825615268514e-01
5.612500000000000000e+01,1.207346832063305730e-01
5.614583333333332860e+01,1.214300996788549997e-01
5.616666666666666430e+01,1.221047128896906864e-01
5.618750000000000000e+01,1.227584073099154960e-01
5.620833333333332860e+01,1.233910709908543901e-01
5.622916666666666430e+01,1.240025955832291249e-01
5.625000000000000000e+01,1.245928763556943542e-01
5.627083333333332860e+01,1.251618122127572119e-01
5.629166666666666430e+01,1.257093057120770574e-01
5.631250000000000000e+01,1.262352630811425236e-01
5.633333333333332860e+01,1.267395942333230385e-01
5.635416666666666430e+01,1.272222127832921545e-01
5.637500000000000000e+01,1.276830360618197713e-01
5.639583333333332860e+01,1.281219851299309209e-01
5.641666666666666430e+01,1.285389847924286455e-01
5.643750000000000000e+01,1.289339636107785514e-01
5.645833333333332860e+01,1.293068539153529595e-01
5.647916666666666430e+01,1.296575918170323471e-01
5.650000000000000000e+01,1.299861172181621671e-01
5.652083333333332860e+01,1.302923738228632944e-01
5.654166666666666430e+01,1.305763091466940196e-01
5.656250000000000000e+01,1.308378745256620068e-01
5.658333333333332860e+01,1.310770251245849116e-01
5.660416666666666430e+01,1.312937199447977432e-01
5.662500000000000000e+01,1.314879218312060005e-01
5.664583333333332860e+01,1.316595974786832768e-01
5.666666666666666430e+01,1.318087174378120285e-01
5.668750000000000000e+01,1.319352561199667595e-01
5.670833333333332860e+01,1.320391918017384814e-01
5.672916666666666430e+01,1.321205066286998686e-01
5.675000000000000000e+01,1.321791866185103859e-01
5.677083333333332860e+01,1.322152216633606936e-01
5.679166666666666430e+01,1.322286055317559994e-01
5.681250000000000000e+01,1.322193358696378551e-01
5.683333333333332860e+01,1.321874142008448161e-01
5.685416666666666430e+01,1.321328459269107136e-01
5.687500000000000000e+01,1.320556403262014844e-01
5.689583333333332860e+01,1.319558105523904179e-01
5.691666666666666430e+01,1.318333736322717664e-01
5.693750000000000000e+01,1.316883504629133284e-01
5.695833333333332860e+01,1.315207658081484765e-01
5.697916666666666430e+01,1.313306482944080200e-01
5.700000000000000000e+01,1.311180304058924828e-01
5.702083333333332860e+01,1.308829484790861031e-01
5.704166666666666430e+01,1.306254426966127480e-01
5.706250000000000000e+01,1.303455570804354369e-01
5.708333333333332860e+01,1.300433394843998613e-01
5.710416666666666430e+01,1.297188415861238175e-01
5.712500000000000000e+01,1.293721188782336884e-01
5.714583333333332860e+01,1.290032306589490030e-01
5.716666666666666430e+01,1.286122400220173212e-01
5.718750000000000000e+01,1.281992138460007757e-01
5.720833333333332860e+01,1.277642227829159094e-01
5.722916666666666430e+01,1.273073412462291387e-01
5.725000000000000000e+01,1.268286473982094542e-01
5.727083333333332860e+01,1.263282231366406605e-01
5.729166666666666430e+01,1.258061540808954604e-01
5.731250000000000000e+01,1.252625295573737696e-01
5.733333333333332860e+01,1.246974425843072748e-01
5.735416666666666430e+01,1.241109898559334124e-01
5.737500000000000000e+01,1.235032717260412249e-01
5.739583333333332860e+01,1.228743921908915654e-01
5.741666666666666430e+01,1.222244588715150904e-01
5.743750000000000000e+01,1.215535829953905966e-01
5.745833333333332860e+01,1.208618793775071004e-01
5.747916666666666430e+01,1.201494664008127822e-01
5.750000000000000000e+01,1.194164659960541275e-01
5.752083333333332860e+01,1.186630036210088029e-01
5.754166666666666430e+01,1.178892082391155560e-01
5.756250000000000000e+01,1.170952122975052606e-01
5.758333333333332860e+01,1.162811517044363835e-01
5.760416666666666430e+01,1.154471658061391043e-01
5.762500000000000000e+01,1.145933973630719194e-01
5.764583333333332860e+01,1.137199925255948513e-01
5.766666666666666430e+01,1.128271008090635519e-01
5.768750000000000000e+01,1.119148750683483379e-01
5.770833333333332860e+01,1.109834714717829879e-01
5.772916666666666430e+01,1.100330494745474785e-01
5.775000000000000000e+01,1.090637717914894333e-01
5.777083333333332860e+01,1.080758043693890308e-01
5.779166666666666430e+01,1.070693163586722008e-01
5.781250000000000000e+01,1.060444800845770641e-01
5.783333333333332860e+01,1.050014710177785277e-01
5.785416666666666430e+01,1.039404677444765029e-01
5.787500000000000000e+01,1.028616519359527720e-01
5.789583333333332860e+01,1.017652083176020100e-01
5.791666666666666430e+01,1.006513246374422521e-01
5.793750000000000000e+01,9.952019163411070235e-02
5.795833333333332860e+01,9.837200300435020028e-02
5.797916666666666430e+01,9.720695536999253428e-02
5.800000000000000000e+01,9.602524824444419460e-02
5.802083333333332860e+01,9.482708399868071403e-02
5.804166666666666430e+01,9.361266782675557729e-02
5.806250000000000000e+01,9.238220771083004157e-02
5.808333333333332860e+01,9.113591438573015457e-02
5.810416666666666430e+01,8.987400130303717372e-02
5.812500000000000000e+01,8.859668459471804758e-02
5.814583333333332860e+01,8.730418303630246846e-02
5.816666666666666430e+01,8.599671800961319890e-02
5.818750000000000000e+01,8.467451346505634746e-02
5.820833333333332860e+01,8.333779588347839384e-02
5.822916666666666430e+01,8.198679423759670792e-02
5.825000000000000000e+01,8.062173995301086249e-02
5.827083333333332860e+01,7.924286686880140096e-02
5.829166666666666430e+01,7.785041119772305451e-02
5.831250000000000000e+01,7.644461148599947242e-02
5.833333333333332860e+01,7.502570857272673754e-02
5.835416666666666430e+01,7.359394554889227280e-02
5.837500000000000000e+01,7.214956771601646612e-02
5.839583333333332860e+01,7.069282254442366131e-02
5.841666666666666430e+01,6.922395963114964801e-02
5.843750000000000000e+01,6.774323065749204842e-02
5.845833333333332860e+01,6.625088934621053971e-02
5.847916666666666430e+01,6.474719141838307379e-02
5.850000000000000000e+01,6.323239454992435338e-02
5.852083333333332860e+01,6.170675832777248321e-02
5.854166666666666430e+01,6.017054420574949325e-02
5.856250000000000000e+01,5.862401546010110459e-02
5.858333333333332860e+01,5.706743714472043566e-02
5.860416666666666430e+01,5.550107604606042966e-02
5.862500000000000000e+01,5.392520063773888900e-02
5.864583333333332860e+01,5.234008103483970414e-02
5.866666666666666430e+01,5.074598894791339937e-02
5.868750000000000000e+01,4.914319763667947955e-02
5.870833333333332860e+01,4.753198186343261800e-02
5.872916666666666430e+01,4.591261784615414260e-02
5.875000000000000000e+01,4.428538321132986788e-02
5.877083333333332860e+01,4.265055694647491152e-02
5.879166666666666430e+01,4.100841935236589075e-02
5.881250000000000000e+01,3.935925199498054028e-02
5.883333333333332860e+01,3.770333765714481422e-02
5.885416666666666430e+01,3.604096028988779815e-02
5.887500000000000000e+01,3.437240496350513208e-02
5.889583333333332860e+01,3.269795781833201992e-02
5.891666666666666430e+01,3.101790601522828872e-02
5.893750000000000000e+01,2.933253768577871040e-02
5.895833333333332860e+01,2.764214188221367913e-02
5.897916666666666430e+01,2.594700852705711033e-02
5.900000000000000000e+01,2.424742836251044323e-02
5.902083333333332860e+01,2.254369289958420980e-02
5.904166666666666430e+01,2.083609436699125281e-02
5.906250000000000000e+01,1.912492565981845777e-02
5.908333333333332860e+01,1.741048028799650760e-02
5.910416666666666430e+01,1.569305232459005869e-02
5.912500000000000000e+01,1.397293635393347978e-02
5.914583333333332860e+01,1.225042741963936442e-02
5.916666666666666430e+01,1.052582097250899518e-02
5.918750000000000000e+01,8.799412818375334025e-03
5.920833333333332860e+01,7.071499065909997266e-03
5.922916666666666430e+01,5.342376074425551034e-03
5.925000000000000000e+01,3.612340401703807279e-03
5.927083333333332860e+01,1.881688751879520300e-03
5.929166666666666430e+01,1.507179234067958522e-04
5.931250000000000000e+01,-1.580275242867236214e-03
5.933333333333332860e+01,-3.310993915500228934e-03
5.935416666666666430e+01,-5.041141324106217410e-03
5.937500000000000000e+01,-6.770420810847125638e-03
5.939583333333332860e+01,-8.498535881754223226e-03
5.941666666666666430e+01,-1.022519025787330810e-02
5.943750000000000000e+01,-1.195008792623088005e-02
5.945833333333332860e+01,-1.367293319062169374e-02
5.947916666666666430e+01,-1.539343072222031268e-02
5.950000000000000000e+01,-1.711128561002141571e-02
5.952083333333332860e+01,-1.882620341111463161e-02
5.954166666666666430e+01,-2.053789020080028921e-02
5.956250000000000000e+01,-2.224605262255240426e-02
5.958333333333332860e+01,-2.395039793783447502e-02
5.960416666666666430e+01,-2.565063407577264018e-02
5.962500000000000000e+01,-2.734646968268935122e-02
5.964583333333332860e+01,-2.903761417149908902e-02
5.966666666666666430e+01,-3.072377777096578499e-02
5.968750000000000000e+01,-3.240467157482002786e-02
5.970833333333332860e+01,-3.408000759073245844e-02
5.972916666666666430e+01,-3.574949878913848827e-02
5.975000000000000000e+01,-3.741285915190796507e-02
5.977083333333332860e+01,-3.906980372085287756e-02
5.979166666666666430e+01,-4.072004864606520308e-02
5.981250000000000000e+01,-4.236331123407684890e-02
5.983333333333332860e+01,-4.399930999583318708e-02
5.985416666666666430e+01,-4.562776469447183542e-02
5.987500000000000000e+01,-4.724839639289841325e-02
5.989583333333332860e+01,-4.886092750115098721e-02
5.991666666666666430e+01,-5.046508182354524086e-02
5.993750000000000000e+01,-5.206058460559265938e-02
5.995833333333332860e+01,-5.364716258068404076e-02
5.997916666666666430e+01,-5.522454401653079104e-02
