0.000000000000000000e+00,0.000000000000000000e+00
2.083333333333333218e-02,0.000000000000000000e+00
4.166666666666666435e-02,-7.764896182861846596e-06
6.250000000000000000e-02,-8.976048370711832631e-05
8.333333333333332871e-02,-3.414864795921071874e-04
1.041666666666666574e-01,-8.068911214510367377e-04
1.250000000000000000e-01,-1.468007774628442242e-03
1.458333333333333148e-01,-2.291299567408274559e-03
1.666666666666666574e-01,-3.252228686022267442e-03
1.875000000000000000e-01,-4.323769117296244642e-03
2.083333333333333148e-01,-5.464594677844273468e-03
2.291666666666666574e-01,-6.624941611682230551e-03
2.500000000000000000e-01,-7.758570287634942997e-03
2.708333333333333148e-01,-8.827977529036979895e-03
2.916666666666666297e-01,-9.804123026988237691e-03
3.125000000000000000e-01,-1.066708681937740023e-02
3.333333333333333148e-01,-1.140852474555050823e-02
3.541666666666666297e-01,-1.203265681741606634e-02
3.750000000000000000e-01,-1.255433827495141402e-02
3.958333333333333148e-01,-1.299564154506761479e-02
4.166666666666666297e-01,-1.338259103116219012e-02
4.375000000000000000e-01,-1.374241545184447591e-02
4.583333333333333148e-01,-1.410102677407452758e-02
4.791666666666666297e-01,-1.448066994013099545e-02
5.000000000000000000e-01,-1.489805473931244892e-02
5.208333333333332593e-01,-1.536330819052065394e-02
5.416666666666666297e-01,-1.587981581266481243e-02
5.625000000000000000e-01,-1.644474849324446819e-02
5.833333333333332593e-01,-1.705003097419436134e-02
6.041666666666666297e-01,-1.768363740903698689e-02
6.250000000000000000e-01,-1.833115426891783820e-02
6.458333333333332593e-01,-1.897745270345749594e-02
6.666666666666666297e-01,-1.960823170423275572e-02
6.875000000000000000e-01,-2.021126053869672437e-02
7.083333333333332593e-01,-2.077727246610858169e-02
7.291666666666666297e-01,-2.130050465940133003e-02
7.500000000000000000e-01,-2.177886046382463206e-02
7.708333333333332593e-01,-2.221368986148924973e-02
7.916666666666666297e-01,-2.260925251493366497e-02
8.125000000000000000e-01,-2.297197229174867059e-02
8.333333333333332593e-01,-2.330958337088128232e-02
8.541666666666666297e-01,-2.363024799070145149e-02
8.750000000000000000e-01,-2.394172585041285176e-02
8.958333333333332593e-01,-2.425067547882477775e-02
9.166666666666666297e-01,-2.456214521648202725e-02
9.375000000000000000e-01,-2.487927705430977368e-02
9.583333333333332593e-01,-2.520322218107114848e-02
9.791666666666666297e-01,-2.553325326130327297e-02
1.000000000000000000e+00,-2.586704380193833794e-02
1.020833333333333259e+00,-2.620106891238465144e-02
1.041666666666666519e+00,-2.653107324709045797e-02
1.062500000000000000e+00,-2.685255370512308268e-02
1.083333333333333259e+00,-2.716121092435286669e-02
1.104166666666666519e+00,-2.745333089066471360e-02
1.125000000000000000e+00,-2.772606763055586107e-02
1.145833333333333259e+00,-2.797761103127395857e-02
1.166666666666666519e+00,-2.820723755670202781e-02
1.187500000000000000e+00,-2.841525290660906061e-02
1.208333333333333259e+00,-2.860284417285101355e-02
1.229166666666666519e+00,-2.877186552211771428e-02
1.250000000000000000e+00,-2.892458541353737020e-02
1.270833333333333259e+00,-2.906342391347114737e-02
1.291666666666666519e+00,-2.919070605232249732e-02
1.312500000000000000e+00,-2.930845253834705316e-02
1.333333333333333259e+00,-2.941822332514420352e-02
1.354166666666666519e+00,-2.952102286876385345e-02
1.375000000000000000e+00,-2.961726897158091509e-02
1.395833333333333259e+00,-2.970682078462400649e-02
1.416666666666666519e+00,-2.978905650115015041e-02
1.437500000000000000e+00,-2.986298773857800140e-02
1.458333333333333259e+00,-2.992739561704529580e-02
1.479166666666666519e+00,-2.998097316592017794e-02
1.500000000000000000e+00,-3.002245986359616814e-02
1.520833333333333259e+00,-3.005075652880288828e-02
1.541666666666666519e+00,-3.006501199766044297e-02
1.562500000000000000e+00,-3.006467664675158483e-02
1.583333333333333259e+00,-3.004952151339362193e-02
1.604166666666666519e+00,-3.001962516944140305e-02
1.625000000000000000e+00,-2.997533330632284193e-02
1.645833333333333259e+00,-2.991719798297021171e-02
1.666666666666666519e+00,-2.984590459851920244e-02
1.687500000000000000e+00,-2.976219488484603201e-02
1.708333333333333259e+00,-2.966679363851055032e-02
1.729166666666666519e+00,-2.956034566676565487e-02
1.750000000000000000e+00,-2.944336770871598674e-02
1.770833333333333259e+00,-2.931621813304770979e-02
1.791666666666666519e+00,-2.917908521842534769e-02
1.812500000000000000e+00,-2.903199297879758764e-02
1.833333333333333259e+00,-2.887482196081639363e-02
1.854166666666666519e+00,-2.870734132703332137e-02
1.875000000000000000e+00,-2.852924790267243049e-02
1.895833333333333259e+00,-2.834020770772201214e-02
1.916666666666666519e+00,-2.813989577855680740e-02
1.937500000000000000e+00,-2.792803072853768456e-02
1.958333333333333259e+00,-2.770440140284525371e-02
1.979166666666666519e+00,-2.746888403270499393e-02
2.000000000000000000e+00,-2.722144937202679651e-02
2.020833333333333037e+00,-2.696216030118115878e-02
2.041666666666666519e+00,-2.669116122321697065e-02
2.062500000000000000e+00,-2.640866119656431338e-02
2.083333333333333037e+00,-2.611491311226031911e-02
2.104166666666666519e+00,-2.581019132840286015e-02
2.125000000000000000e+00,-2.549477004038130934e-02
2.145833333333333037e+00,-2.516890433271989566e-02
2.166666666666666519e+00,-2.483281538119946202e-02
2.187500000000000000e+00,-2.448668071390039391e-02
2.208333333333333037e+00,-2.413062985932744667e-02
2.229166666666666519e+00,-2.376474516580455443e-02
2.250000000000000000e+00,-2.338906711566739877e-02
2.270833333333333037e+00,-2.300360311401725838e-02
2.291666666666666519e+00,-2.260833852371707184e-02
2.312500000000000000e+00,-2.220324864974350040e-02
2.333333333333333037e+00,-2.178831043717108229e-02
2.354166666666666519e+00,-2.136351281711938374e-02
2.375000000000000000e+00,-2.092886488534226319e-02
2.395833333333333037e+00,-2.048440139597191081e-02
2.416666666666666519e+00,-2.003018536476930747e-02
2.437500000000000000e+00,-1.956630787116520748e-02
2.458333333333333037e+00,-1.909288540068989140e-02
2.479166666666666519e+00,-1.861005526037465621e-02
2.500000000000000000e+00,-1.811796971857491945e-02
2.520833333333333037e+00,-1.761678956463813214e-02
2.541666666666666519e+00,-1.710667775749850558e-02
2.562500000000000000e+00,-1.658779374627465664e-02
2.583333333333333037e+00,-1.606028891527882044e-02
2.604166666666666519e+00,-1.552430344795870457e-02
2.625000000000000000e+00,-1.497996473714915608e-02
2.645833333333333037e+00,-1.442738730935526521e-02
2.666666666666666519e+00,-1.386667409271431957e-02
2.687500000000000000e+00,-1.329791875221768803e-02
2.708333333333333037e+00,-1.272120874792749892e-02
2.729166666666666519e+00,-1.213662874420522175e-02
2.750000000000000000e+00,-1.154426400830723884e-02
2.770833333333333037e+00,-1.094420347969802913e-02
2.791666666666666519e+00,-1.033654225925637223e-02
2.812500000000000000e+00,-9.721383350962935904e-03
2.833333333333333037e+00,-9.098838578035374491e-03
2.854166666666666519e+00,-8.469028681758760529e-03
2.875000000000000000e+00,-7.832082686730128251e-03
2.895833333333333037e+00,-7.188136675092181294e-03
2.916666666666666519e+00,-6.537332151001772583e-03
2.937500000000000000e+00,-5.879814193796803826e-03
2.958333333333333037e+00,-5.215729594979375341e-03
2.979166666666666519e+00,-4.545225152932331689e-03
3.000000000000000000e+00,-3.868446264294031749e-03
3.020833333333333037e+00,-3.185535907011383724e-03
3.041666666666666519e+00,-2.496634062417748667e-03
3.062500000000000000e+00,-1.801877577136282681e-03
3.083333333333333037e+00,-1.101400424410014069e-03
3.104166666666666519e+00,-3.953342918346859267e-04
3.125000000000000000e+00,3.161905995314440144e-04
3.145833333333333037e+00,1.033044550268089664e-03
3.166666666666666519e+00,1.755097416959186312e-03
3.187500000000000000e+00,2.482217720598896629e-03
3.208333333333333037e+00,3.214271905877328760e-03
3.229166666666666519e+00,3.951123805167159470e-03
3.250000000000000000e+00,4.692634335671332958e-03
3.270833333333333037e+00,5.438661433129985019e-03
3.291666666666666519e+00,6.189060203026700187e-03
3.312500000000000000e+00,6.943683252172459103e-03
3.333333333333333037e+00,7.702381151053523320e-03
3.354166666666666519e+00,8.465002970922575962e-03
3.375000000000000000e+00,9.231396839178498612e-03
3.395833333333333037e+00,1.000141046146273138e-02
3.416666666666666519e+00,1.077489156802312331e-02
3.437500000000000000e+00,1.155168825391358380e-02
3.458333333333333037e+00,1.233164919605086139e-02
3.479166666666666519e+00,1.311462374361644333e-02
3.500000000000000000e+00,1.390046189051426413e-02
3.520833333333333037e+00,1.468901414857932963e-02
3.541666666666666519e+00,1.548013134730902643e-02
3.562500000000000000e+00,1.627366438973760002e-02
3.583333333333333037e+00,1.706946399471334988e-02
3.604166666666666519e+00,1.786738045358266663e-02
3.625000000000000000e+00,1.866726342468334396e-02
3.645833333333333037e+00,1.946896178280444617e-02
3.666666666666666519e+00,2.027232353365519824e-02
3.687500000000000000e+00,2.107719579616515113e-02
3.708333333333333037e+00,2.188342484879716651e-02
3.729166666666666519e+00,2.269085623054425266e-02
3.750000000000000000e+00,2.349933488328221146e-02
3.770833333333333037e+00,2.430870531985820232e-02
3.791666666666666519e+00,2.511881180172431324e-02
3.812500000000000000e+00,2.592949851092760799e-02
3.833333333333333037e+00,2.674060970356665831e-02
3.854166666666666519e+00,2.755198983505350446e-02
3.875000000000000000e+00,2.836348365127054280e-02
3.895833333333333037e+00,2.917493624357402407e-02
3.916666666666666519e+00,2.998619306919708336e-02
3.937500000000000000e+00,3.079709994164109288e-02
3.958333333333333037e+00,3.160750299789844009e-02
3.979166666666666519e+00,3.241724865070380601e-02
4.000000000000000000e+00,3.322618353444471706e-02
4.020833333333333037e+00,3.403415445294179914e-02
4.041666666666666075e+00,3.484100833617474052e-02
4.062500000000000000e+00,3.564659221136944750e-02
4.083333333333333037e+00,3.645075319189182428e-02
4.104166666666666075e+00,3.725333848533275705e-02
4.125000000000000000e+00,3.805419542021987178e-02
4.145833333333333037e+00,3.885317148912231788e-02
4.166666666666666075e+00,3.965011440464730891e-02
4.187500000000000000e+00,4.044487216403279406e-02
4.208333333333333037e+00,4.123729311773768891e-02
4.229166666666666075e+00,4.202722603759002917e-02
4.250000000000000000e+00,4.281452018060580983e-02
4.270833333333333037e+00,4.359902534543964869e-02
4.291666666666666075e+00,4.438059191945959575e-02
4.312500000000000000e+00,4.515907091553489350e-02
4.333333333333333037e+00,4.593431399867836662e-02
4.354166666666666075e+00,4.670617350360103948e-02
4.375000000000000000e+00,4.747450244494749727e-02
4.395833333333333037e+00,4.823915452244350449e-02
4.416666666666666075e+00,4.899998412338874010e-02
4.437500000000000000e+00,4.975684632487969994e-02
4.458333333333333037e+00,5.050959689788335483e-02
4.479166666666666075e+00,5.125809231485191353e-02
4.500000000000000000e+00,5.200218976203156013e-02
4.520833333333333037e+00,5.274174715703645877e-02
4.541666666666666075e+00,5.347662317169171037e-02
4.562500000000000000e+00,5.420667725964755518e-02
4.583333333333333037e+00,5.493176968786966929e-02
4.604166666666666075e+00,5.565176157084205516e-02
4.625000000000000000e+00,5.636651490618987265e-02
4.645833333333333037e+00,5.707589261043442136e-02
4.666666666666666075e+00,5.777975855371623309e-02
4.687500000000000000e+00,5.847797759253886563e-02
4.708333333333333037e+00,5.917041559986499499e-02
4.729166666666666075e+00,5.985693949220385196e-02
4.750000000000000000e+00,6.053741725363475518e-02
4.770833333333333037e+00,6.121171795698496232e-02
4.791666666666666075e+00,6.187971178260238264e-02
4.812500000000000000e+00,6.254127003531792517e-02
4.833333333333333037e+00,6.319626516027365692e-02
4.854166666666666075e+00,6.384457075830173023e-02
4.875000000000000000e+00,6.448606160148301347e-02
4.895833333333333037e+00,6.512061364940661956e-02
4.916666666666666075e+00,6.574810406650764827e-02
4.937500000000000000e+00,6.636841124069771392e-02
4.958333333333333037e+00,6.698141480334049436e-02
4.979166666666666075e+00,6.758699565047367186e-02
5.000000000000000000e+00,6.818503596505685882e-02
5.020833333333333037e+00,6.877541923993556183e-02
5.041666666666666075e+00,6.935803030116179102e-02
5.062500000000000000e+00,6.993275533130108301e-02
5.083333333333333037e+00,7.049948189237952023e-02
5.104166666666666075e+00,7.105809894817825823e-02
5.125000000000000000e+00,7.160849688565638915e-02
5.145833333333333037e+00,7.215056753536855383e-02
5.166666666666666075e+00,7.268420419083110318e-02
5.187500000000000000e+00,7.320930162687173948e-02
5.208333333333333037e+00,7.372575611706609633e-02
5.229166666666666075e+00,7.423346545041492606e-02
5.250000000000000000e+00,7.473232894744571975e-02
5.270833333333333037e+00,7.522224747593195260e-02
5.291666666666666075e+00,7.570312346641326628e-02
5.312500000000000000e+00,7.617486092767329631e-02
5.333333333333333037e+00,7.663736546229460433e-02
5.354166666666666075e+00,7.709054428236480905e-02
5.375000000000000000e+00,7.753430622536132411e-02
5.395833333333333037e+00,7.796856177019761969e-02
5.416666666666666075e+00,7.839322305337594055e-02
5.437500000000000000e+00,7.880820388516207586e-02
5.458333333333333037e+00,7.921341976567983223e-02
5.479166666666666075e+00,7.960878790081510337e-02
5.500000000000000000e+00,7.999422721782305234e-02
5.520833333333333037e+00,8.036965838054359323e-02
5.541666666666666075e+00,8.073500380414952438e-02
5.562500000000000000e+00,8.109018766937438338e-02
5.583333333333333037e+00,8.143513593619217117e-02
5.604166666666666075e+00,8.176977635694412938e-02
5.625000000000000000e+00,8.209403848892968258e-02
5.645833333333333037e+00,8.240785370649365837e-02
5.666666666666666075e+00,8.271115521265379189e-02
5.687500000000000000e+00,8.300387805031705923e-02
5.708333333333333037e+00,8.328595911313291245e-02
5.729166666666666075e+00,8.355733715602625677e-02
5.750000000000000000e+00,8.381795280544397653e-02
5.770833333333333037e+00,8.406774856933726947e-02
5.791666666666666075e+00,8.430666884688992058e-02
5.812500000000000000e+00,8.453465993799033629e-02
5.833333333333333037e+00,8.475167005243462726e-02
5.854166666666666075e+00,8.495764931883988125e-02
5.875000000000000000e+00,8.515254979324110574e-02
5.895833333333333037e+00,8.533632546734362667e-02
5.916666666666666075e+00,8.550893227640271599e-02
5.937500000000000000e+00,8.567032810670643928e-02
5.958333333333333037e+00,8.582047280264247513e-02
5.979166666666666075e+00,8.595932817333683251e-02
6.000000000000000000e+00,8.608685799885990031e-02
6.020833333333333037e+00,8.620302803600206343e-02
6.041666666666666075e+00,8.630780602362816967e-02
6.062500000000000000e+00,8.640116168762497495e-02
6.083333333333333037e+00,8.648306674545920558e-02
6.104166666666666075e+00,8.655349491036627707e-02
6.125000000000000000e+00,8.661242189518905676e-02
6.145833333333333037e+00,8.665982541588498900e-02
6.166666666666666075e+00,8.669568519471730628e-02
6.187500000000000000e+00,8.671998296314187282e-02
6.208333333333333037e+00,8.673270246439764020e-02
6.229166666666666075e+00,8.673382945580419834e-02
6.250000000000000000e+00,8.672335171076604732e-02
6.270833333333333037e+00,8.670125902048020361e-02
6.291666666666666075e+00,8.666754319534057671e-02
6.312500000000000000e+00,8.662219806603189964e-02
6.333333333333333037e+00,8.656521948430472013e-02
6.354166666666666075e+00,8.649660532342325070e-02
6.375000000000000000e+00,8.641635547827912489e-02
6.395833333333333037e+00,8.632447186516517545e-02
6.416666666666666075e+00,8.622095842120576503e-02
6.437500000000000000e+00,8.610582110344139339e-02
6.458333333333333037e+00,8.597906788756780327e-02
6.479166666666666075e+00,8.584070876633105585e-02
6.500000000000000000e+00,8.569075574758136526e-02
6.520833333333333037e+00,8.552922285198941155e-02
6.541666666666666075e+00,8.535612611042894815e-02
6.562500000000000000e+00,8.517148356102942353e-02
6.583333333333333037e+00,8.497531524590230811e-02
6.604166666666666075e+00,8.476764320754337501e-02
6.625000000000000000e+00,8.454849148491291877e-02
6.645833333333333037e+00,8.431788610919448146e-02
6.666666666666666075e+00,8.407585509923171108e-02
6.687500000000000000e+00,8.382242845664279740e-02
6.708333333333333037e+00,8.355763816061027860e-02
6.729166666666666075e+00,8.328151816234480309e-02
6.750000000000000000e+00,8.299410437922048744e-02
6.770833333333333037e+00,8.269543468857974700e-02
6.791666666666666075e+00,8.238554892120660000e-02
6.812500000000000000e+00,8.206448885446682162e-02
6.833333333333333037e+00,8.173229820511478116e-02
6.854166666666666075e+00,8.138902262176725411e-02
6.875000000000000000e+00,8.103470967704480554e-02
6.895833333333333037e+00,8.066940885938252148e-02
6.916666666666666075e+00,8.029317156451164228e-02
6.937500000000000000e+00,7.990605108661497091e-02
6.958333333333333037e+00,7.950810260915787409e-02
6.979166666666666075e+00,7.909938319539809581e-02
7.000000000000000000e+00,7.867995177857657618e-02
7.020833333333333037e+00,7.824986915179187041e-02
7.041666666666666075e+00,7.780919795756024993e-02
7.062500000000000000e+00,7.735800267706370581e-02
7.083333333333333037e+00,7.689634961908758948e-02
7.104166666666666075e+00,7.642430690864925047e-02
7.125000000000000000e+00,7.594194447531937842e-02
7.145833333333333037e+00,7.544933404123724263e-02
7.166666666666666075e+00,7.494654910882103671e-02
7.187500000000000000e+00,7.443366494817502121e-02
7.208333333333333037e+00,7.391075858419451916e-02
7.229166666666666075e+00,7.337790878337045741e-02
7.250000000000000000e+00,7.283519604029566052e-02
7.270833333333333037e+00,7.228270256387445136e-02
7.291666666666666075e+00,7.172051226323800099e-02
7.312500000000000000e+00,7.114871073336809237e-02
7.333333333333333037e+00,7.056738524043137950e-02
7.354166666666666075e+00,6.997662470682750047e-02
7.375000000000000000e+00,6.937651969595375057e-02
7.395833333333333037e+00,6.876716239668898001e-02
7.416666666666666075e+00,6.814864660760011628e-02
7.437500000000000000e+00,6.752106772087398956e-02
7.458333333333333037e+00,6.688452270597765315e-02
7.479166666666666075e+00,6.623911009304984943e-02
7.500000000000000000e+00,6.558492995602688280e-02
7.520833333333333037e+00,6.492208389550527259e-02
7.541666666666666075e+00,6.425067502134451658e-02
7.562500000000000000e+00,6.357080793501240779e-02
7.583333333333333037e+00,6.288258871167587416e-02
7.604166666666666075e+00,6.218612488204029731e-02
7.625000000000000000e+00,6.148152541393998166e-02
7.645833333333333037e+00,6.076890069368307695e-02
7.666666666666666075e+00,6.004836250715364643e-02
7.687500000000000000e+00,5.932002402067435010e-02
7.708333333333333037e+00,5.858399976163274070e-02
7.729166666666666075e+00,5.784040559887460714e-02
7.750000000000000000e+00,5.708935872286775848e-02
7.770833333333333037e+00,5.633097762563950284e-02
7.791666666666666075e+00,5.556538208049167232e-02
7.812500000000000000e+00,5.479269312149656623e-02
7.833333333333333037e+00,5.401303302277734447e-02
7.854166666666666075e+00,5.322652527757661123e-02
7.875000000000000000e+00,5.243329457711678326e-02
7.895833333333333037e+00,5.163346678925600369e-02
7.916666666666666075e+00,5.082716893694310539e-02
7.937500000000000000e+00,5.001452917647529473e-02
7.958333333333333037e+00,4.919567677556244828e-02
7.979166666666666075e+00,4.837074209120151985e-02
8.000000000000000000e+00,4.753985654736487404e-02
8.020833333333332149e+00,4.670315261250621020e-02
8.041666666666666075e+00,4.586076377688796946e-02
8.062500000000000000e+00,4.501282452973399267e-02
8.083333333333332149e+00,4.415947033621123868e-02
8.104166666666666075e+00,4.330083761424444178e-02
8.125000000000000000e+00,4.243706371116772597e-02
8.145833333333332149e+00,4.156828688021708268e-02
8.166666666666666075e+00,4.069464625686779191e-02
8.187500000000000000e+00,3.981628183502073509e-02
8.208333333333332149e+00,3.893333444304170748e-02
8.229166666666666075e+00,3.804594571965793509e-02
8.250000000000000000e+00,3.715425808971573735e-02
8.270833333333332149e+00,3.625841473980374874e-02
8.291666666666666075e+00,3.535855959374561985e-02
8.312500000000000000e+00,3.445483728796657624e-02
8.333333333333332149e+00,3.354739314673785971e-02
8.354166666666666075e+00,3.263637315730349292e-02
8.375000000000000000e+00,3.172192394489339873e-02
8.395833333333332149e+00,3.080419274762722856e-02
8.416666666666666075e+00,2.988332739131306995e-02
8.437500000000000000e+00,2.895947626414548809e-02
8.458333333333332149e+00,2.803278829130698147e-02
8.479166666666666075e+00,2.710341290947729936e-02
8.500000000000000000e+00,2.617150004125487137e-02
8.520833333333332149e+00,2.523720006949475847e-02
8.541666666666666075e+00,2.430066381156747654e-02
8.562500000000000000e+00,2.336204249354304971e-02
8.583333333333332149e+00,2.242148772430470685e-02
8.604166666666666075e+00,2.147915146959661695e-02
8.625000000000000000e+00,2.053518602601016665e-02
8.645833333333332149e+00,1.958974399491311691e-02
8.666666666666666075e+00,1.864297825632618005e-02
8.687500000000000000e+00,1.769504194275142023e-02
8.708333333333332149e+00,1.674608841295696995e-02
8.729166666666666075e+00,1.579627122572258013e-02
8.750000000000000000e+00,1.484574411355043741e-02
8.770833333333332149e+00,1.389466095634569499e-02
8.791666666666666075e+00,1.294317575507133826e-02
8.812500000000000000e+00,1.199144260538176354e-02
8.833333333333332149e+00,1.103961567123964288e-02
8.854166666666666075e+00,1.008784915852052773e-02
8.875000000000000000e+00,9.136297288609726217e-03
8.895833333333332149e+00,8.185114271995943408e-03
8.916666666666666075e+00,7.234454281866241690e-03
8.937500000000000000e+00,6.284471427706798605e-03
8.958333333333332149e+00,5.335319728913969807e-03
8.979166666666666075e+00,4.387153088420163959e-03
9.000000000000000000e+00,3.440125266339092314e-03
9.020833333333332149e+00,2.494389853634904584e-03
9.041666666666666075e+00,1.550100245819685790e-03
9.062500000000000000e+00,6.074096166838432575e-04
9.083333333333332149e+00,-3.335291079361024365e-04
9.104166666666666075e+00,-1.272563276347817669e-03
9.125000000000000000e+00,-2.209540537147028100e-03
9.145833333333332149e+00,-3.144308865310496172e-03
9.166666666666666075e+00,-4.076716588233598310e-03
9.187500000000000000e+00,-5.006612411708044087e-03
9.208333333333332149e+00,-5.933845445835251621e-03
9.229166666666666075e+00,-6.858265230870888921e-03
9.250000000000000000e+00,-7.779721762996165239e-03
9.270833333333332149e+00,-8.698065520011424162e-03
9.291666666666666075e+00,-9.613147486947580186e-03
9.312500000000000000e+00,-1.052481918159101255e-02
9.333333333333332149e+00,-1.143293267991746069e-02
9.354166666666666075e+00,-1.233734064143055843e-02
9.375000000000000000e+00,-1.323789633440057741e-02
9.395833333333332149e+00,-1.413445366099908181e-02
9.416666666666666075e+00,-1.502686718232508489e-02
9.437500000000000000e+00,-1.591499214331836345e-02
9.458333333333332149e+00,-1.679868449755561946e-02
9.479166666666666075e+00,-1.767780093192514168e-02
9.500000000000000000e+00,-1.855219889117575363e-02
9.520833333333332149e+00,-1.942173660233575613e-02
9.541666666666666075e+00,-2.028627309899752942e-02
9.562500000000000000e+00,-2.114566824546365228e-02
9.583333333333332149e+00,-2.199978276075033670e-02
9.604166666666666075e+00,-2.284847824244399736e-02
9.625000000000000000e+00,-2.369161719040673367e-02
9.645833333333332149e+00,-2.452906303032662341e-02
9.666666666666666075e+00,-2.536068013710883820e-02
9.687500000000000000e+00,-2.618633385810340691e-02
9.708333333333332149e+00,-2.700589053616563387e-02
9.729166666666666075e+00,-2.781921753254520263e-02
9.750000000000000000e+00,-2.862618324959994437e-02
9.770833333333332149e+00,-2.942665715333052379e-02
9.791666666666666075e+00,-3.022050979573203539e-02
9.812500000000000000e+00,-3.100761283695877349e-02
9.833333333333332149e+00,-3.178783906729841513e-02
9.854166666666666075e+00,-3.256106242895193820e-02
9.875000000000000000e+00,-3.332715803761576723e-02
9.895833333333332149e+00,-3.408600220386243107e-02
9.916666666666666075e+00,-3.483747245431643297e-02
9.937500000000000000e+00,-3.558144755262183240e-02
9.958333333333332149e+00,-3.631780752019850983e-02
9.979166666666666075e+00,-3.704643365678378375e-02
1.000000000000000000e+01,-3.776720856075647947e-02
1.002083333333333215e+01,-3.848001614924048686e-02
1.004166666666666607e+01,-3.918474167798518398e-02
1.006250000000000000e+01,-3.988127176102014559e-02
1.008333333333333215e+01,-4.056949439008176311e-02
1.010416666666666607e+01,-4.124929895380960443e-02
1.012500000000000000e+01,-4.192057625671059828e-02
1.014583333333333215e+01,-4.258321853788933631e-02
1.016666666666666607e+01,-4.323711948954301471e-02
1.018750000000000000e+01,-4.388217427521986375e-02
1.020833333333333215e+01,-4.451827954784008667e-02
1.022916666666666607e+01,-4.514533346747894027e-02
1.025000000000000000e+01,-4.576323571891140890e-02
1.027083333333333215e+01,-4.637188752891870103e-02
1.029166666666666607e+01,-4.697119168335681105e-02
1.031250000000000000e+01,-4.756105254398797916e-02
1.033333333333333215e+01,-4.814137606507579853e-02
1.035416666666666607e+01,-4.871206980974542716e-02
1.037500000000000000e+01,-4.927304296611019485e-02
1.039583333333333215e+01,-4.982420636316620133e-02
1.041666666666666607e+01,-5.036547248645673741e-02
1.043750000000000000e+01,-5.089675549350799327e-02
1.045833333333333215e+01,-5.141797122903764977e-02
1.047916666666666607e+01,-5.192903723993744225e-02
1.050000000000000000e+01,-5.242987279003037682e-02
1.052083333333333215e+01,-5.292039887460252973e-02
1.054166666666666607e+01,-5.340053823470850003e-02
1.056250000000000000e+01,-5.387021537124820486e-02
1.058333333333333215e+01,-5.432935655881141607e-02
1.060416666666666607e+01,-5.477788985928462584e-02
1.062500000000000000e+01,-5.521574513521290001e-02
1.064583333333333215e+01,-5.564285406290718494e-02
1.066666666666666607e+01,-5.605915014528498747e-02
1.068750000000000000e+01,-5.646456872443007813e-02
1.070833333333333215e+01,-5.685904699385416899e-02
1.072916666666666607e+01,-5.724252401044125499e-02
1.075000000000000000e+01,-5.761494070605278212e-02
1.077083333333333215e+01,-5.797623989877018214e-02
1.079166666666666607e+01,-5.832636630375005043e-02
1.081250000000000000e+01,-5.866526654366617521e-02
1.083333333333333215e+01,-5.899288915871296612e-02
1.085416666666666607e+01,-5.930918461614580889e-02
1.087500000000000000e+01,-5.961410531933575285e-02
1.089583333333333215e+01,-5.990760561631898462e-02
1.091666666666666607e+01,-6.018964180782544054e-02
1.093750000000000000e+01,-6.046017215477571261e-02
1.095833333333333215e+01,-6.071915688524090471e-02
1.097916666666666607e+01,-6.096655820086619576e-02
1.100000000000000000e+01,-6.120234028276493737e-02
1.102083333333333215e+01,-6.142646929689623420e-02
1.104166666666666607e+01,-6.163891339894467941e-02
1.106250000000000000e+01,-6.183964273872574746e-02
1.108333333333333215e+01,-6.202862946414424566e-02
1.110416666666666607e+01,-6.220584772473607832e-02
1.112500000000000000e+01,-6.237127367482458301e-02
1.114583333333333215e+01,-6.252488547632262250e-02
1.116666666666666607e+01,-6.266666330121009598e-02
1.118750000000000000e+01,-6.279658933371366769e-02
1.120833333333333215e+01,-6.291464777221167370e-02
1.122916666666666607e+01,-6.302082483088218556e-02
1.125000000000000000e+01,-6.311510874110756730e-02
1.127083333333333215e+01,-6.319748975264304069e-02
1.129166666666666607e+01,-6.326796013455200651e-02
1.131250000000000000e+01,-6.332651417590627607e-02
1.133333333333333215e+01,-6.337314818624505131e-02
1.135416666666666607e+01,-6.340786049578388262e-02
1.137500000000000000e+01,-6.343065145536241900e-02
1.139583333333333215e+01,-6.344152343611877964e-02
1.141666666666666607e+01,-6.344048082887823736e-02
1.143750000000000000e+01,-6.342753004324408472e-02
1.145833333333333215e+01,-6.340267950638027450e-02
1.147916666666666607e+01,-6.336593966147661960e-02
1.150000000000000000e+01,-6.331732296588980791e-02
1.152083333333333215e+01,-6.325684388895480570e-02
1.154166666666666607e+01,-6.318451890946348570e-02
1.156250000000000000e+01,-6.310036651280909181e-02
1.158333333333333215e+01,-6.300440718779615201e-02
1.160416666666666607e+01,-6.289666342311669989e-02
1.162500000000000000e+01,-6.277715970349402597e-02
1.164583333333333215e+01,-6.264592250549565200e-02
1.166666666666666607e+01,-6.250298029301679104e-02
1.168750000000000000e+01,-6.234836351243593089e-02
1.170833333333333215e+01,-6.218210458744275609e-02
1.172916666666666607e+01,-6.200423791353924796e-02
1.175000000000000000e+01,-6.181479985221327578e-02
1.177083333333333215e+01,-6.161382872478438771e-02
1.179166666666666607e+01,-6.140136480592089940e-02
1.181250000000000000e+01,-6.117745031682720463e-02
1.183333333333333215e+01,-6.094212941810044082e-02
1.185416666666666607e+01,-6.069544820225578757e-02
1.187500000000000000e+01,-6.043745468591992659e-02
1.189583333333333215e+01,-6.016819880169287094e-02
1.191666666666666607e+01,-5.988773238967829565e-02
1.193750000000000000e+01,-5.959610918868378515e-02
1.195833333333333215e+01,-5.929338482709201053e-02
1.197916666666666607e+01,-5.897961681340502943e-02
1.200000000000000000e+01,-5.865486452646359594e-02
1.202083333333333215e+01,-5.831918920534406858e-02
1.204166666666666607e+01,-5.797265393893542840e-02
1.206250000000000000e+01,-5.761532365519887039e-02
1.208333333333333215e+01,-5.724726511011271612e-02
1.210416666666666607e+01,-5.686854687630504834e-02
1.212500000000000000e+01,-5.647923933137646152e-02
1.214583333333333215e+01,-5.607941464591516961e-02
1.216666666666666607e+01,-5.566914677120653188e-02
1.218750000000000000e+01,-5.524851142663901593e-02
1.220833333333333215e+01,-5.481758608680852712e-02
1.222916666666666607e+01,-5.437644996832303318e-02
1.225000000000000000e+01,-5.392518401630925357e-02
1.227083333333333215e+01,-5.346387089062342585e-02
1.229166666666666607e+01,-5.299259495176822377e-02
1.231250000000000000e+01,-5.251144224651785319e-02
1.233333333333333215e+01,-5.202050049325377540e-02
1.235416666666666607e+01,-5.151985906701335438e-02
1.237500000000000000e+01,-5.100960898425412754e-02
1.239583333333333215e+01,-5.048984288733622539e-02
1.241666666666666607e+01,-4.996065502872605590e-02
1.243750000000000000e+01,-4.942214125492384175e-02
1.245833333333333215e+01,-4.887439899011829930e-02
1.247916666666666607e+01,-4.831752721957129071e-02
1.250000000000000000e+01,-4.775162647273566152e-02
1.252083333333333215e+01,-4.717679880610918530e-02
1.254166666666666607e+01,-4.659314778582784866e-02
1.256250000000000000e+01,-4.600077847000142578e-02
1.258333333333333215e+01,-4.539979739079449267e-02
1.260416666666666607e+01,-4.479031253625588571e-02
1.262500000000000000e+01,-4.417243333189965759e-02
1.264583333333333215e+01,-4.354627062204064619e-02
1.266666666666666607e+01,-4.291193665088782749e-02
1.268750000000000000e+01,-4.226954504339833218e-02
1.270833333333333215e+01,-4.161921078589563699e-02
1.272916666666666607e+01,-4.096105020645492145e-02
1.275000000000000000e+01,-4.029518095505899011e-02
1.277083333333333215e+01,-3.962172198352816033e-02
1.279166666666666607e+01,-3.894079352522740456e-02
1.281250000000000000e+01,-3.825251707455439021e-02
1.283333333333333215e+01,-3.755701536621174758e-02
1.285416666666666607e+01,-3.685441235426738932e-02
1.287500000000000000e+01,-3.614483319100633002e-02
1.289583333333333215e+01,-3.542840420557778064e-02
1.291666666666666607e+01,-3.470525288244105666e-02
1.293750000000000000e+01,-3.397550783961427595e-02
1.295833333333333215e+01,-3.323929880672939208e-02
1.297916666666666607e+01,-3.249675660289742807e-02
1.300000000000000000e+01,-3.174801311438758822e-02
1.302083333333333215e+01,-3.099320127212421699e-02
1.304166666666666607e+01,-3.023245502900527570e-02
1.306250000000000000e+01,-2.946590933704629559e-02
1.308333333333333215e+01,-2.869370012435363410e-02
1.310416666666666607e+01,-2.791596427193086122e-02
1.312500000000000000e+01,-2.713283959032232462e-02
1.314583333333333215e+01,-2.634446479609778291e-02
1.316666666666666607e+01,-2.555097948818214545e-02
1.318750000000000000e+01,-2.475252412403419408e-02
1.320833333333333215e+01,-2.394923999567851597e-02
1.322916666666666607e+01,-2.314126920559465492e-02
1.325000000000000000e+01,-2.232875464246758188e-02
1.327083333333333215e+01,-2.151183995680357869e-02
1.329166666666666607e+01,-2.069066953641586493e-02
1.331250000000000000e+01,-1.986538848178396113e-02
1.333333333333333215e+01,-1.903614258129112183e-02
1.335416666666666607e+01,-1.820307828634400160e-02
1.337500000000000000e+01,-1.736634268637887377e-02
1.339583333333333215e+01,-1.652608348375861694e-02
1.341666666666666607e+01,-1.568244896856469880e-02
1.343750000000000000e+01,-1.483558799328859104e-02
1.345833333333333215e+01,-1.398564994742679257e-02
1.347916666666666607e+01,-1.313278473198386392e-02
1.350000000000000000e+01,-1.227714273388778345e-02
1.352083333333333215e+01,-1.141887480032193793e-02
1.354166666666666607e+01,-1.055813221297819543e-02
1.356250000000000000e+01,-9.695066662235376359e-03
1.358333333333333215e+01,-8.829830221267574025e-03
1.360416666666666607e+01,-7.962575320086670225e-03
1.362500000000000000e+01,-7.093454719523541348e-03
1.364583333333333215e+01,-6.222621485152317854e-03
1.366666666666666607e+01,-5.350228961162205657e-03
1.368750000000000000e+01,-4.476430744181299909e-03
1.370833333333333215e+01,-3.601380657056858520e-03
1.372916666666666607e+01,-2.725232722596547009e-03
1.375000000000000000e+01,-1.848141137275102503e-03
1.377083333333333215e+01,-9.702602449109058161e-04
1.379166666666666607e+01,-9.174451031699204105e-05
1.381250000000000000e+01,7.872515070689833612e-04
1.383333333333333215e+01,1.666573179571373365e-03
1.385416666666666607e+01,2.546065837675207978e-03
1.387500000000000000e+01,3.425574796432362141e-03
1.389583333333333215e+01,4.304945381870779915e-03
1.391666666666666607e+01,5.184022957402219071e-03
1.393750000000000000e+01,6.062652950223946374e-03
1.395833333333333215e+01,6.940680877709857338e-03
1.397916666666666607e+01,7.817952373786584558e-03
1.400000000000000000e+01,8.694313215290039656e-03
1.402083333333333215e+01,9.569609348297838242e-03
1.404166666666666607e+01,1.044368691443313055e-02
1.406250000000000000e+01,1.131639227713528845e-02
1.408333333333333215e+01,1.218757204789296285e-02
1.410416666666666607e+01,1.305707311243502547e-02
1.412500000000000000e+01,1.392474265687488819e-02
1.414583333333333215e+01,1.479042819380367059e-02
1.416666666666666607e+01,1.565397758832773670e-02
1.418750000000000000e+01,1.651523908404615645e-02
1.420833333333333215e+01,1.737406132896361644e-02
1.422916666666666607e+01,1.823029340133430071e-02
1.425000000000000000e+01,1.908378483543227838e-02
1.427083333333333215e+01,1.993438564724396220e-02
1.429166666666666607e+01,2.078194636007827528e-02
1.431250000000000000e+01,2.162631803009006440e-02
1.433333333333333215e+01,2.246735227171232571e-02
1.435416666666666607e+01,2.330490128299293404e-02
1.437500000000000000e+01,2.413881787083148323e-02
1.439583333333333215e+01,2.496895547611188357e-02
1.441666666666666607e+01,2.579516819872635161e-02
1.443750000000000000e+01,2.661731082248661867e-02
1.445833333333333215e+01,2.743523883991792756e-02
1.447916666666666607e+01,2.824880847693163680e-02
1.450000000000000000e+01,2.905787671737216499e-02
1.452083333333333215e+01,2.986230132743413271e-02
1.454166666666666607e+01,3.066194087994541032e-02
1.456250000000000000e+01,3.145665477851208869e-02
1.458333333333333215e+01,3.224630328152111591e-02
1.460416666666666607e+01,3.303074752599666902e-02
1.462500000000000000e+01,3.380984955130612868e-02
1.464583333333333215e+01,3.458347232271163224e-02
1.466666666666666607e+01,3.535147975476354149e-02
1.468750000000000000e+01,3.611373673453162347e-02
1.470833333333333215e+01,3.687010914467029471e-02
1.472916666666666607e+01,3.762046388631409138e-02
1.475000000000000000e+01,3.836466890179980604e-02
1.477083333333333215e+01,3.910259319721153676e-02
1.479166666666666607e+01,3.983410686474513074e-02
1.481250000000000000e+01,4.055908110488865015e-02
1.483333333333333215e+01,4.127738824841536286e-02
1.485416666666666607e+01,4.198890177818613567e-02
1.487500000000000000e+01,4.269349635075801036e-02
1.489583333333333215e+01,4.339104781779593717e-02
1.491666666666666607e+01,4.408143324728476531e-02
1.493750000000000000e+01,4.476453094453866632e-02
1.495833333333333215e+01,4.544022047300540906e-02
1.497916666666666607e+01,4.610838267486303682e-02
1.500000000000000000e+01,4.676889969140651804e-02
1.502083333333333215e+01,4.742165498322228195e-02
1.504166666666666607e+01,4.806653335014872408e-02
1.506250000000000000e+01,4.870342095102068308e-02
1.508333333333333215e+01,4.933220532319650825e-02
1.510416666666666607e+01,4.995277540186599669e-02
1.512500000000000000e+01,5.056502153913825653e-02
1.514583333333333215e+01,5.116883552290808768e-02
1.516666666666666607e+01,5.176411059550015126e-02
1.518750000000000000e+01,5.235074147208999829e-02
1.520833333333333215e+01,5.292862435890135359e-02
1.522916666666666607e+01,5.349765697117900981e-02
1.525000000000000000e+01,5.405773855093671393e-02
1.527083333333333215e+01,5.460876988447953967e-02
1.529166666666666607e+01,5.515065331970002427e-02
1.531250000000000000e+01,5.568329278314723685e-02
1.533333333333333215e+01,5.620659379686776536e-02
1.535416666666666607e+01,5.672046349501724122e-02
1.537500000000000000e+01,5.722481064024054903e-02
1.539583333333333215e+01,5.771954563981824410e-02
1.541666666666666607e+01,5.820458056157637450e-02
1.543750000000000000e+01,5.867982914955572477e-02
1.545833333333333215e+01,5.914520683943564477e-02
1.547916666666666607e+01,5.960063077370691964e-02
1.550000000000000000e+01,6.004601981658656829e-02
1.552083333333333215e+01,6.048129456866669501e-02
1.554166666666666607e+01,6.090637738128786699e-02
1.556250000000000000e+01,6.132119237062665790e-02
1.558333333333333215e+01,6.172566543148538115e-02
1.560416666666666607e+01,6.211972425077121746e-02
1.562500000000000000e+01,6.250329832065072699e-02
1.564583333333333215e+01,6.287631895136516769e-02
1.566666666666666607e+01,6.323871928369136086e-02
1.568750000000000000e+01,6.359043430103274164e-02
1.570833333333333215e+01,6.393140084112540478e-02
1.572916666666666607e+01,6.426155760734461597e-02
1.575000000000000000e+01,6.458084517959822302e-02
1.577083333333333215e+01,6.488920602479486544e-02
1.579166666666666607e+01,6.518658450687707384e-02
1.581250000000000000e+01,6.547292689641139030e-02
1.583333333333333215e+01,6.574818137973012511e-02
1.585416666666666607e+01,6.601229806762298757e-02
1.587500000000000000e+01,6.626522900357886825e-02
1.589583333333333215e+01,6.650692817158181114e-02
1.591666666666666607e+01,6.673735150346760125e-02
1.593750000000000000e+01,6.695645688585045996e-02
1.595833333333333215e+01,6.716420416663142212e-02
1.597916666666666607e+01,6.736055516110162067e-02
1.600000000000000000e+01,6.754547365765536937e-02
1.602083333333333215e+01,6.771892542312829555e-02
1.604166666666666430e+01,6.788087820777594095e-02
1.606250000000000000e+01,6.803130174990784651e-02
1.608333333333333215e+01,6.817016778019074907e-02
1.610416666666666430e+01,6.829745002563351874e-02
1.612500000000000000e+01,6.841312421326414817e-02
1.614583333333333215e+01,6.851716807350692606e-02
1.616666666666666430e+01,6.860956134326619271e-02
1.618750000000000000e+01,6.869028576872036884e-02
1.620833333333333215e+01,6.875932510782810370e-02
1.622916666666666430e+01,6.881666513254625084e-02
1.625000000000000000e+01,6.886229363075808962e-02
1.627083333333333215e+01,6.889620040790860045e-02
1.629166666666666430e+01,6.891837728834293575e-02
1.631250000000000000e+01,6.892881811634364586e-02
1.633333333333333215e+01,6.892751875686177476e-02
1.635416666666666430e+01,6.891447709593728765e-02
1.637500000000000000e+01,6.888969304080440337e-02
1.639583333333333215e+01,6.885316851967782092e-02
1.641666666666666430e+01,6.880490748121668998e-02
1.643750000000000000e+01,6.874491589366334143e-02
1.645833333333333215e+01,6.867320174365462715e-02
1.647916666666666430e+01,6.858977503470455039e-02
1.650000000000000000e+01,6.849464778535653553e-02
1.652083333333333215e+01,6.838783402700489289e-02
1.654166666666666430e+01,6.826934980138478493e-02
1.656250000000000000e+01,6.813921315773037446e-02
1.658333333333333215e+01,6.799744414960082195e-02
1.660416666666666430e+01,6.784406483137386812e-02
1.662500000000000000e+01,6.767909925440672436e-02
1.664583333333333215e+01,6.750257346286403504e-02
1.666666666666666430e+01,6.731451548921245365e-02
1.668750000000000000e+01,6.711495534938163865e-02
1.670833333333333215e+01,6.690392503759128029e-02
1.672916666666666430e+01,6.668145852084403358e-02
1.675000000000000000e+01,6.644759173308430189e-02
1.677083333333333215e+01,6.620236256902264915e-02
1.679166666666666430e+01,6.594581087762670102e-02
1.681250000000000000e+01,6.567797845527839629e-02
1.683333333333333215e+01,6.539890903859858773e-02
1.685416666666666430e+01,6.510864829693993605e-02
1.687500000000000000e+01,6.480724382454902677e-02
1.689583333333333215e+01,6.449474513239911166e-02
1.691666666666666430e+01,6.417120363969490426e-02
1.693750000000000000e+01,6.383667266505099747e-02
1.695833333333333215e+01,6.349120741734542994e-02
1.697916666666666430e+01,6.313486498625044130e-02
1.700000000000000000e+01,6.276770433244166503e-02
1.702083333333333215e+01,6.238978627748806294e-02
1.704166666666666430e+01,6.200117349342403050e-02
1.706250000000000000e+01,6.160193049200570620e-02
1.708333333333333215e+01,6.119212361365312935e-02
1.710416666666666430e+01,6.077182101608021025e-02
1.712500000000000000e+01,6.034109266261424021e-02
1.714583333333333215e+01,5.990001031020684985e-02
1.716666666666666430e+01,5.944864749713851815e-02
1.718750000000000000e+01,5.898707953041837371e-02
1.720833333333333215e+01,5.851538347288152975e-02
1.722916666666666430e+01,5.803363812998602045e-02
1.725000000000000000e+01,5.754192403631157998e-02
1.727083333333333215e+01,5.704032344176254016e-02
1.729166666666666430e+01,5.652892029747728919e-02
1.731250000000000000e+01,5.600780024144666469e-02
1.733333333333333215e+01,5.547705058384382049e-02
1.735416666666666430e+01,5.493676029206823186e-02
1.737500000000000000e+01,5.438701997550635103e-02
1.739583333333333215e+01,5.382792187001174400e-02
1.741666666666666430e+01,5.325955982210729689e-02
1.743750000000000000e+01,5.268202927291230908e-02
1.745833333333333215e+01,5.209542724179732492e-02
1.747916666666666430e+01,5.149985230976945189e-02
1.750000000000000000e+01,5.089540460259103088e-02
1.752083333333333215e+01,5.028218577363457314e-02
1.754166666666666430e+01,4.966029898647691954e-02
1.756250000000000000e+01,4.902984889723548123e-02
1.758333333333333215e+01,4.839094163664967030e-02
1.760416666666666430e+01,4.774368479191046927e-02
1.762500000000000000e+01,4.708818738824127603e-02
1.764583333333333215e+01,4.642455987023313274e-02
1.766666666666666430e+01,4.575291408293757217e-02
1.768750000000000000e+01,4.507336325272022493e-02
1.770833333333333215e+01,4.438602196787846260e-02
1.772916666666666430e+01,4.369100615902649781e-02
1.775000000000000000e+01,4.298843307925121621e-02
1.777083333333333215e+01,4.227842128404214750e-02
1.779166666666666430e+01,4.156109061099905883e-02
1.781250000000000000e+01,4.083656215932062600e-02
1.783333333333333215e+01,4.010495826907768679e-02
1.785416666666666430e+01,3.936640250027462901e-02
1.787500000000000000e+01,3.862101961170256309e-02
1.789583333333333215e+01,3.786893553958783909e-02
1.791666666666666430e+01,3.711027737603952992e-02
1.793750000000000000e+01,3.634517334729953086e-02
1.795833333333333215e+01,3.557375279179910560e-02
1.797916666666666430e+01,3.479614613802550771e-02
1.800000000000000000e+01,3.401248488220248722e-02
1.802083333333333215e+01,3.322290156578839443e-02
1.804166666666666430e+01,3.242752975279583616e-02
1.806250000000000000e+01,3.162650400693663849e-02
1.808333333333333215e+01,3.081995986859610570e-02
1.810416666666666430e+01,3.000803383164033986e-02
1.812500000000000000e+01,2.919086332006073925e-02
1.814583333333333215e+01,2.836858666445954760e-02
1.816666666666666430e+01,2.754134307838045428e-02
1.818750000000000000e+01,2.670927263448839156e-02
1.820833333333333215e+01,2.587251624060244240e-02
1.822916666666666430e+01,2.503121561558602909e-02
1.825000000000000000e+01,2.418551326509849747e-02
1.827083333333333215e+01,2.333555245721219418e-02
1.829166666666666430e+01,2.248147719789918286e-02
1.831250000000000000e+01,2.162343220639180788e-02
1.833333333333333215e+01,2.076156289042128955e-02
1.835416666666666430e+01,1.989601532133859416e-02
1.837500000000000000e+01,1.902693620912172465e-02
1.839583333333333215e+01,1.815447287727379316e-02
1.841666666666666430e+01,1.727877323761611850e-02
1.843750000000000000e+01,1.639998576498057428e-02
1.845833333333333215e+01,1.551825947180558371e-02
1.847916666666666430e+01,1.463374388264004379e-02
1.850000000000000000e+01,1.374658900855950903e-02
1.852083333333333215e+01,1.285694532149902342e-02
1.854166666666666430e+01,1.196496372850695301e-02
1.856250000000000000e+01,1.107079554592420301e-02
1.858333333333333215e+01,1.017459247349324601e-02
1.860416666666666430e+01,9.276506568401357566e-03
1.862500000000000000e+01,8.376690219262494450e-03
1.864583333333333215e+01,7.475296120042215081e-03
1.866666666666666430e+01,6.572477243930148830e-03
1.868750000000000000e+01,5.668386817164424753e-03
1.870833333333333215e+01,4.763178292812558778e-03
1.872916666666666430e+01,3.857005324513273613e-03
1.875000000000000000e+01,2.950021740183720025e-03
1.877083333333333215e+01,2.042381515696552099e-03
1.879166666666666430e+01,1.134238748531422262e-03
1.881250000000000000e+01,2.257476314053728566e-04
1.883333333333333215e+01,-6.829375741133945172e-04
1.885416666666666430e+01,-1.591662564003855970e-03
1.887500000000000000e+01,-2.500273018198072295e-03
1.889583333333333215e+01,-3.408614626990143746e-03
1.891666666666666430e+01,-4.316533117443746570e-03
1.893750000000000000e+01,-5.223874279793697638e-03
1.895833333333333215e+01,-6.130483993837040381e-03
1.897916666666666430e+01,-7.036208255309108449e-03
1.900000000000000000e+01,-7.940893202240038168e-03
1.902083333333333215e+01,-8.844385141287275029e-03
1.904166666666666430e+01,-9.746530574039544842e-03
1.906250000000000000e+01,-1.064717622328772810e-02
1.908333333333333215e+01,-1.154616905925812988e-02
1.910416666666666430e+01,-1.244335632580372691e-02
1.912500000000000000e+01,-1.333858556654881657e-02
1.914583333333333215e+01,-1.423170465098259375e-02
1.916666666666666430e+01,-1.512256180049717860e-02
1.918750000000000000e+01,-1.601100561436563999e-02
1.920833333333333215e+01,-1.689688509565550820e-02
1.922916666666666430e+01,-1.778004967707333753e-02
1.925000000000000000e+01,-1.866034924673587794e-02
1.927083333333333215e+01,-1.953763417386342530e-02
1.929166666666666430e+01,-2.041175533439091097e-02
1.931250000000000000e+01,-2.128256413649234208e-02
1.933333333333333215e+01,-2.214991254601416520e-02
1.935416666666666430e+01,-2.301365311181322038e-02
1.937500000000000000e+01,-2.387363899099486861e-02
1.939583333333333215e+01,-2.472972397404701178e-02
1.941666666666666430e+01,-2.558176250986562983e-02
1.943750000000000000e+01,-2.642960973066757480e-02
1.945833333333333215e+01,-2.727312147678623983e-02
1.947916666666666430e+01,-2.811215432134601261e-02
1.950000000000000000e+01,-2.894656559481111752e-02
1.952083333333333215e+01,-2.977621340940474898e-02
1.954166666666666430e+01,-3.060095668339424604e-02
1.956250000000000000e+01,-3.142065516523825236e-02
1.958333333333333215e+01,-3.223516945759167390e-02
1.960416666666666430e+01,-3.304436104116437178e-02
1.962500000000000000e+01,-3.384809229842954126e-02
1.964583333333333215e+01,-3.464622653717791545e-02
1.966666666666666430e+01,-3.543862801391366169e-02
1.968750000000000000e+01,-3.622516195708820608e-02
1.970833333333333215e+01,-3.700569459016803814e-02
1.972916666666666430e+01,-3.778009315453281780e-02
1.975000000000000000e+01,-3.854822593220008642e-02
1.977083333333333215e+01,-3.930996226837270985e-02
1.979166666666666430e+01,-4.006517259380571599e-02
1.981250000000000000e+01,-4.081372844698892555e-02
1.983333333333333215e+01,-4.155550249614196889e-02
1.985416666666666430e+01,-4.229036856101833775e-02
1.987500000000000000e+01,-4.301820163451525181e-02
1.989583333333333215e+01,-4.373887790408630127e-02
1.991666666666666430e+01,-4.445227477295379814e-02
1.993750000000000000e+01,-4.515827088111792204e-02
1.995833333333333215e+01,-4.585674612615987800e-02
1.997916666666666430e+01,-4.654758168383669320e-02
2.000000000000000000e+01,-4.723066002846487005e-02
2.002083333333333215e+01,-4.790586495309075155e-02
2.004166666666666430e+01,-4.857308158944547566e-02
2.006250000000000000e+01,-4.923219642768241616e-02
2.008333333333333215e+01,-4.988309733589534750e-02
2.010416666666666430e+01,-5.052567357941566140e-02
2.012500000000000000e+01,-5.115981583988716414e-02
2.014583333333333215e+01,-5.178541623411718475e-02
2.016666666666666430e+01,-5.240236833270273814e-02
2.018750000000000000e+01,-5.301056717843077859e-02
2.020833333333333215e+01,-5.360990930445171110e-02
2.022916666666666430e+01,-5.420029275222518900e-02
2.025000000000000000e+01,-5.478161708923771217e-02
2.027083333333333215e+01,-5.535378342649120709e-02
2.029166666666666430e+01,-5.591669443576181842e-02
2.031250000000000000e+01,-5.647025436662821141e-02
2.033333333333333215e+01,-5.701436906326843440e-02
2.035416666666666430e+01,-5.754894598102415493e-02
2.037500000000000000e+01,-5.807389420273080527e-02
2.039583333333333215e+01,-5.858912445481163217e-02
2.041666666666666430e+01,-5.909454912313339553e-02
2.043750000000000000e+01,-5.959008226862055196e-02
2.045833333333333215e+01,-6.007563964262421091e-02
2.047916666666666430e+01,-6.055113870204124893e-02
2.050000000000000000e+01,-6.101649862417791309e-02
2.052083333333333215e+01,-6.147164032135136319e-02
2.054166666666666430e+01,-6.191648645522151995e-02
2.056250000000000000e+01,-6.235096145084419172e-02
2.058333333333333215e+01,-6.277499151043562653e-02
2.060416666666666430e+01,-6.318850462683722746e-02
2.062500000000000000e+01,-6.359143059666819142e-02
2.064583333333333215e+01,-6.398370103315317858e-02
2.066666666666666430e+01,-6.436524937861083651e-02
2.068750000000000000e+01,-6.473601091658916229e-02
2.070833333333333215e+01,-6.509592278363279805e-02
2.072916666666666430e+01,-6.544492398066803496e-02
2.075000000000000000e+01,-6.578295538399170361e-02
2.077083333333333215e+01,-6.610995975585073903e-02
2.079166666666666430e+01,-6.642588175460079070e-02
2.081250000000000000e+01,-6.673066794443394123e-02
2.083333333333333215e+01,-6.702426680466787301e-02
2.085416666666666430e+01,-6.730662873859069584e-02
2.087500000000000000e+01,-6.757770608185871553e-02
2.089583333333333215e+01,-6.783745311044724058e-02
2.091666666666666430e+01,-6.808582604815678618e-02
2.093750000000000000e+01,-6.832278307368076786e-02
2.095833333333333215e+01,-6.854828432724204001e-02
2.097916666666666430e+01,-6.876229191680904851e-02
2.100000000000000000e+01,-6.896476992390347671e-02
2.102083333333333215e+01,-6.915568440901284641e-02
2.104166666666666430e+01,-6.933500341662250654e-02
2.106250000000000000e+01,-6.950269697988131767e-02
2.108333333333333215e+01,-6.965873712491567338e-02
2.110416666666666430e+01,-6.980309787480504236e-02
2.112500000000000000e+01,-6.993575525323147968e-02
2.114583333333333215e+01,-7.005668728781366816e-02
2.116666666666666430e+01,-7.016587401313442718e-02
2.118750000000000000e+01,-7.026329747346833632e-02
2.120833333333333215e+01,-7.034894172521437283e-02
2.122916666666666430e+01,-7.042279283903606080e-02
2.125000000000000000e+01,-7.048483890171020061e-02
2.127083333333333215e+01,-7.053507001768351270e-02
2.129166666666666430e+01,-7.057347831033509988e-02
2.131250000000000000e+01,-7.060005792294156424e-02
2.133333333333333215e+01,-7.061480501934130904e-02
2.135416666666666430e+01,-7.061771778429376534e-02
2.137500000000000000e+01,-7.060879642352943519e-02
2.139583333333333215e+01,-7.058804316348665786e-02
2.141666666666666430e+01,-7.055546225073135169e-02
2.143750000000000000e+01,-7.051105995105654001e-02
2.145833333333333215e+01,-7.045484454825866327e-02
2.147916666666666430e+01,-7.038682634258851267e-02
2.150000000000000000e+01,-7.030701764887523075e-02
2.152083333333333215e+01,-7.021543279432163054e-02
2.154166666666666430e+01,-7.011208811597013923e-02
2.156250000000000000e+01,-6.999700195783879753e-02
2.158333333333333215e+01,-6.987019466772649567e-02
2.160416666666666430e+01,-6.973168859368751582e-02
2.162500000000000000e+01,-6.958150808017472821e-02
2.164583333333333215e+01,-6.941967946385142751e-02
2.166666666666666430e+01,-6.924623106907146219e-02
2.168750000000000000e+01,-6.906119320302751829e-02
2.170833333333333215e+01,-6.886459815056708567e-02
2.172916666666666430e+01,-6.865648016867628711e-02
2.175000000000000000e+01,-6.843687548063098758e-02
2.177083333333333215e+01,-6.820582226981558582e-02
2.179166666666666430e+01,-6.796336067320936369e-02
2.181250000000000000e+01,-6.770953277454073993e-02
2.183333333333333215e+01,-6.744438259711001138e-02
2.185416666666666430e+01,-6.716795609628117836e-02
2.187500000000000000e+01,-6.688030115164372846e-02
2.189583333333333215e+01,-6.658146755884548906e-02
2.191666666666666430e+01,-6.627150702109778357e-02
2.193750000000000000e+01,-6.595047314035441810e-02
2.195833333333333215e+01,-6.561842140816595559e-02
2.197916666666666430e+01,-6.527540919621083182e-02
2.200000000000000000e+01,-6.492149574650520061e-02
2.202083333333333215e+01,-6.455674216129324294e-02
2.204166666666666430e+01,-6.418121139261970254e-02
2.206250000000000000e+01,-6.379496823158650742e-02
2.208333333333333215e+01,-6.339807929729535108e-02
2.210416666666666430e+01,-6.299061302547821761e-02
2.212500000000000000e+01,-6.257263965681753026e-02
2.214583333333333215e+01,-6.214423122495791457e-02
2.216666666666666430e+01,-6.170546154421167190e-02
2.218750000000000000e+01,-6.125640619695978117e-02
2.220833333333333215e+01,-6.079714252075061470e-02
2.222916666666666430e+01,-6.032774959509835944e-02
2.225000000000000000e+01,-5.984830822798342664e-02
2.227083333333333215e+01,-5.935890094205707040e-02
2.229166666666666430e+01,-5.885961196055260192e-02
2.231250000000000000e+01,-5.835052719290553108e-02
2.233333333333333215e+01,-5.783173422008518194e-02
2.235416666666666430e+01,-5.730332227964036323e-02
2.237500000000000000e+01,-5.676538225046159902e-02
2.239583333333333215e+01,-5.621800663726270186e-02
2.241666666666666430e+01,-5.566128955478441553e-02
2.243750000000000000e+01,-5.509532671172284041e-02
2.245833333333333215e+01,-5.452021539438542397e-02
2.247916666666666430e+01,-5.393605445007742388e-02
2.250000000000000000e+01,-5.334294427022168161e-02
2.252083333333333215e+01,-5.274098677321467643e-02
2.254166666666666430e+01,-5.213028538702171172e-02
2.256250000000000000e+01,-5.151094503151419646e-02
2.258333333333333215e+01,-5.088307210055210278e-02
2.260416666666666430e+01,-5.024677444381467351e-02
2.262500000000000000e+01,-4.960216134838231483e-02
2.264583333333333215e+01,-4.894934352007297707e-02
2.266666666666666430e+01,-4.828843306453606266e-02
2.268750000000000000e+01,-4.761954346810715055e-02
2.270833333333333215e+01,-4.694278957842678429e-02
2.272916666666666430e+01,-4.625828758482666142e-02
2.275000000000000000e+01,-4.556615499848650636e-02
2.277083333333333215e+01,-4.486651063236511694e-02
2.279166666666666430e+01,-4.415947458090892230e-02
2.281250000000000000e+01,-4.344516819954163944e-02
2.283333333333333215e+01,-4.272371408393844244e-02
2.285416666666666430e+01,-4.199523604908832197e-02
2.287500000000000000e+01,-4.125985910814806978e-02
2.289583333333333215e+01,-4.051770945109160055e-02
2.291666666666666430e+01,-3.976891442315824698e-02
2.293750000000000000e+01,-3.901360250310368510e-02
2.295833333333333215e+01,-3.825190328125727124e-02
2.297916666666666430e+01,-3.748394743738938523e-02
2.300000000000000000e+01,-3.670986671839267940e-02
2.302083333333333215e+01,-3.592979391578098036e-02
2.304166666666666430e+01,-3.514386284300968083e-02
2.306250000000000000e+01,-3.435220831262149332e-02
2.308333333333333215e+01,-3.355496611322138917e-02
2.310416666666666430e+01,-3.275227298628471256e-02
2.312500000000000000e+01,-3.194426660280239028e-02
2.314583333333333215e+01,-3.113108553976720941e-02
2.316666666666666430e+01,-3.031286925650516009e-02
2.318750000000000000e+01,-2.948975807085589887e-02
2.320833333333333215e+01,-2.866189313520635037e-02
2.322916666666666430e+01,-2.782941641238158639e-02
2.325000000000000000e+01,-2.699247065139704152e-02
2.327083333333333215e+01,-2.615119936307623918e-02
2.329166666666666430e+01,-2.530574679553814280e-02
2.331250000000000000e+01,-2.445625790955834392e-02
2.333333333333333215e+01,-2.360287835380824387e-02
2.335416666666666430e+01,-2.274575443997646843e-02
2.337500000000000000e+01,-2.188503311777678650e-02
2.339583333333333215e+01,-2.102086194984676901e-02
2.341666666666666430e+01,-2.015338908654138589e-02
2.343750000000000000e+01,-1.928276324062594763e-02
2.345833333333333215e+01,-1.840913366187259259e-02
2.347916666666666430e+01,-1.753265011156477510e-02
2.350000000000000000e+01,-1.665346283691397297e-02
2.352083333333333215e+01,-1.577172254539301391e-02
2.354166666666666430e+01,-1.488758037899042333e-02
2.356250000000000000e+01,-1.400118788839016179e-02
2.358333333333333215e+01,-1.311269700708111823e-02
2.360416666666666430e+01,-1.222226002540079473e-02
2.362500000000000000e+01,-1.133002956451763417e-02
2.364583333333333215e+01,-1.043615855035643324e-02
2.366666666666666430e+01,-9.540800187471229835e-03
2.368750000000000000e+01,-8.644107932870142078e-03
2.370833333333333215e+01,-7.746235469796655324e-03
2.372916666666666430e+01,-6.847336681471851046e-03
2.375000000000000000e+01,-5.947565624802001946e-03
2.377083333333333215e+01,-5.047076504056017578e-03
2.379166666666666430e+01,-4.146023644517275036e-03
2.381250000000000000e+01,-3.244561466114374501e-03
2.383333333333333215e+01,-2.342844457035266146e-03
2.385416666666666430e+01,-1.441027147329231820e-03
2.387500000000000000e+01,-5.392640825012723262e-04
2.389583333333333215e+01,3.622902028965657348e-04
2.391666666666666430e+01,1.263481211672383940e-03
2.393750000000000000e+01,2.164154510395692888e-03
2.395833333333333215e+01,3.064155755788228273e-03
2.397916666666666430e+01,3.963330721099729559e-03
2.400000000000000000e+01,4.861525322464191855e-03
2.402083333333333215e+01,5.758585645232077929e-03
2.404166666666666430e+01,6.654357970273985790e-03
2.406250000000000000e+01,7.548688800251262404e-03
2.408333333333333215e+01,8.441424885848997778e-03
2.410416666666666430e+01,9.332413251966922493e-03
2.412500000000000000e+01,1.022150122386376175e-02
2.414583333333333215e+01,1.110853645325048968e-02
2.416666666666666430e+01,1.199336694432802039e-02
2.418750000000000000e+01,1.287584107976481353e-02
2.420833333333333215e+01,1.375580764660996706e-02
2.422916666666666430e+01,1.463311586213731676e-02
2.425000000000000000e+01,1.550761539961613769e-02
2.427083333333333215e+01,1.637915641400388561e-02
2.429166666666666430e+01,1.724758956755665165e-02
2.431250000000000000e+01,1.811276605535289130e-02
2.433333333333333215e+01,1.897453763072596070e-02
2.435416666666666430e+01,1.983275663060117197e-02
2.437500000000000000e+01,2.068727600073289388e-02
2.439583333333333215e+01,2.153794932083736430e-02
2.441666666666666430e+01,2.238463082961689860e-02
2.443750000000000000e+01,2.322717544967116063e-02
2.445833333333333215e+01,2.406543881229118720e-02
2.447916666666666430e+01,2.489927728213184310e-02
2.450000000000000000e+01,2.572854798175850180e-02
2.452083333333333215e+01,2.655310881606372589e-02
2.454166666666666430e+01,2.737281849654966959e-02
2.456250000000000000e+01,2.818753656547207456e-02
2.458333333333333215e+01,2.899712341984170966e-02
2.460416666666666430e+01,2.980144033527915362e-02
2.462500000000000000e+01,3.060034948971877486e-02
2.464583333333333215e+01,3.139371398695792181e-02
2.466666666666666430e+01,3.218139788004727858e-02
2.468750000000000000e+01,3.296326619451860063e-02
2.470833333333333215e+01,3.373918495144561519e-02
2.472916666666666430e+01,3.450902119033456145e-02
2.475000000000000000e+01,3.527264299184037361e-02
2.477083333333333215e+01,3.602991950030481894e-02
2.479166666666666430e+01,3.678072094611307269e-02
2.481250000000000000e+01,3.752491866786494129e-02
2.483333333333333215e+01,3.826238513435736843e-02
2.485416666666666430e+01,3.899299396637481707e-02
2.487500000000000000e+01,3.971661995828415503e-02
2.489583333333333215e+01,4.043313909943095641e-02
2.491666666666666430e+01,4.114242859533399910e-02
2.493750000000000000e+01,4.184436688867518989e-02
2.495833333333333215e+01,4.253883368008188476e-02
2.497916666666666430e+01,4.322570994869916888e-02
2.500000000000000000e+01,4.390487797254939706e-02
2.502083333333333215e+01,4.457622134867681579e-02
2.504166666666666430e+01,4.523962501307505352e-02
2.506250000000000000e+01,4.589497526039548747e-02
2.508333333333333215e+01,4.654215976343483580e-02
2.510416666666666430e+01,4.718106759240032338e-02
2.512500000000000000e+01,4.781158923395123495e-02
2.514583333333333215e+01,4.843361661001557850e-02
2.516666666666666430e+01,4.904704309638120707e-02
2.518750000000000000e+01,4.965176354106049655e-02
2.520833333333333215e+01,5.024767428242827433e-02
2.522916666666666430e+01,5.083467316713274203e-02
2.525000000000000000e+01,5.141265956777910789e-02
2.527083333333333215e+01,5.198153440038615070e-02
2.529166666666666430e+01,5.254120014161563906e-02
2.531250000000000000e+01,5.309156084577483503e-02
2.533333333333333215e+01,5.363252216159206109e-02
2.535416666666666430e+01,5.416399134876526134e-02
2.537500000000000000e+01,5.468587729428316113e-02
2.539583333333333215e+01,5.519809052851831072e-02
2.541666666666666430e+01,5.570054324109097177e-02
2.543750000000000000e+01,5.619314929650169599e-02
2.545833333333333215e+01,5.667582424953022252e-02
2.547916666666666430e+01,5.714848536039679461e-02
2.550000000000000000e+01,5.761105160968137823e-02
2.552083333333333215e+01,5.806344371299467649e-02
2.554166666666666430e+01,5.850558413539342500e-02
2.556250000000000000e+01,5.893739710553120431e-02
2.558333333333333215e+01,5.935880862953393788e-02
2.560416666666666430e+01,5.976974650458821703e-02
2.562500000000000000e+01,6.017014033222858188e-02
2.564583333333333215e+01,6.055992153130845129e-02
2.566666666666666430e+01,6.093902335063824255e-02
2.568750000000000000e+01,6.130738088127326429e-02
2.570833333333333215e+01,6.166493106843308480e-02
2.572916666666666430e+01,6.201161272303398753e-02
2.575000000000000000e+01,6.234736653281625768e-02
2.577083333333333215e+01,6.267213507304919551e-02
2.579166666666666430e+01,6.298586281679789678e-02
2.581250000000000000e+01,6.328849614473792962e-02
2.583333333333333215e+01,6.357998335450663896e-02
2.585416666666666430e+01,6.386027466958296706e-02
2.587500000000000000e+01,6.412932224769128664e-02
2.589583333333333215e+01,6.438708018872806027e-02
2.591666666666666430e+01,6.463350454221483687e-02
2.593750000000000000e+01,6.486855331428413585e-02
2.595833333333333215e+01,6.509218647420901560e-02
2.597916666666666430e+01,6.530436596048998232e-02
2.600000000000000000e+01,6.550505568651598942e-02
2.602083333333333215e+01,6.569422154581774920e-02
2.604166666666666430e+01,6.587183141693303545e-02
2.606250000000000000e+01,6.603785516790428023e-02
2.608333333333333215e+01,6.619226466042790746e-02
2.610416666666666430e+01,6.633503375367384713e-02
2.612500000000000000e+01,6.646613830779163345e-02
2.614583333333333215e+01,6.658555618711738122e-02
2.616666666666666430e+01,6.669326726309258990e-02
2.618750000000000000e+01,6.678925341690318540e-02
2.620833333333333215e+01,6.687349854184387876e-02
2.622916666666666430e+01,6.694598854540997901e-02
2.625000000000000000e+01,6.700671135111635479e-02
2.627083333333333215e+01,6.705565690004068602e-02
2.629166666666666430e+01,6.709281715208671726e-02
2.631250000000000000e+01,6.711818608696164257e-02
2.633333333333333215e+01,6.713175970486125188e-02
2.635416666666666430e+01,6.713353602685594168e-02
2.637500000000000000e+01,6.712351509497112290e-02
2.639583333333333215e+01,6.710169897195591981e-02
2.641666666666666430e+01,6.706809174073462276e-02
2.643750000000000000e+01,6.702269950353684225e-02
2.645833333333333215e+01,6.696553038070218733e-02
2.647916666666666430e+01,6.689659450915744210e-02
2.650000000000000000e+01,6.681590404056411692e-02
2.652083333333333215e+01,6.672347313913550015e-02
2.654166666666666430e+01,6.661931797912241937e-02
2.656250000000000000e+01,6.650345674196755930e-02
2.658333333333333215e+01,6.637590961312861415e-02
2.660416666666666430e+01,6.623669877856984411e-02
2.662500000000000000e+01,6.608584842092253553e-02
2.664583333333333215e+01,6.592338471531396238e-02
2.666666666666666430e+01,6.574933582486480743e-02
2.668750000000000000e+01,6.556373189585473771e-02
2.670833333333333215e+01,6.536660505255563469e-02
2.672916666666666430e+01,6.515798939173206294e-02
2.675000000000000000e+01,6.493792097680857467e-02
2.677083333333333215e+01,6.470643783170357266e-02
2.679166666666666430e+01,6.446357993432962064e-02
2.681250000000000000e+01,6.420938920976025643e-02
2.683333333333333215e+01,6.394390952306359954e-02
2.685416666666666430e+01,6.366718667180355784e-02
2.687500000000000000e+01,6.337926837820935522e-02
2.689583333333333215e+01,6.308020428101475396e-02
2.691666666666666430e+01,6.277004592696819318e-02
2.693750000000000000e+01,6.244884676201566814e-02
2.695833333333333215e+01,6.211666212215786326e-02
2.697916666666666430e+01,6.177354922398373138e-02
2.700000000000000000e+01,6.141956715488213620e-02
2.702083333333333215e+01,6.105477686293375034e-02
2.704166666666666430e+01,6.067924114648506201e-02
2.706250000000000000e+01,6.029302464340639822e-02
2.708333333333333215e+01,5.989619382003606024e-02
2.710416666666666430e+01,5.948881695981230594e-02
2.712500000000000000e+01,5.907096415159505953e-02
2.714583333333333215e+01,5.864270727767923602e-02
2.716666666666666430e+01,5.820412000150169962e-02
2.718750000000000000e+01,5.775527775504361860e-02
2.720833333333333215e+01,5.729625772593031213e-02
2.722916666666666430e+01,5.682713884423054584e-02
2.725000000000000000e+01,5.634800176895755214e-02
2.727083333333333215e+01,5.585892887427394010e-02
2.729166666666666430e+01,5.536000423540284737e-02
2.731250000000000000e+01,5.485131361424773477e-02
2.733333333333333215e+01,5.433294444472339113e-02
2.735416666666666430e+01,5.380498581780073647e-02
2.737500000000000000e+01,5.326752846626806731e-02
2.739583333333333215e+01,5.272066474921153351e-02
2.741666666666666430e+01,5.216448863621754584e-02
2.743750000000000000e+01,5.159909569129992463e-02
2.745833333333333215e+01,5.102458305655476617e-02
2.747916666666666430e+01,5.044104943554569842e-02
2.750000000000000000e+01,4.984859507642262072e-02
2.752083333333333215e+01,4.924732175477658513e-02
2.754166666666666430e+01,4.863733275623407376e-02
2.756250000000000000e+01,4.801873285879337122e-02
2.758333333333333215e+01,4.739162831490611322e-02
2.760416666666666430e+01,4.675612683330701569e-02
2.762500000000000000e+01,4.611233756059494177e-02
2.764583333333333215e+01,4.546037106256829025e-02
2.766666666666666430e+01,4.480033930531795994e-02
2.768750000000000000e+01,4.413235563608104706e-02
2.770833333333333215e+01,4.345653476385853697e-02
2.772916666666666430e+01,4.277299273980034872e-02
2.775000000000000000e+01,4.208184693736108373e-02
2.777083333333333215e+01,4.138321603222974709e-02
2.779166666666666430e+01,4.067721998203714662e-02
2.781250000000000000e+01,3.996398000584424487e-02
2.783333333333333215e+01,3.924361856341510718e-02
2.785416666666666430e+01,3.851625933427794274e-02
2.787500000000000000e+01,3.778202719657781927e-02
2.789583333333333215e+01,3.704104820572484691e-02
2.791666666666666430e+01,3.629344957284124512e-02
2.793750000000000000e+01,3.553935964301119937e-02
2.795833333333333215e+01,3.477890787333692141e-02
2.797916666666666430e+01,3.401222481080501403e-02
2.800000000000000000e+01,3.323944206996662376e-02
2.802083333333333215e+01,3.246069231043532954e-02
2.804166666666666430e+01,3.167610921420643821e-02
2.806250000000000000e+01,3.088582746280174249e-02
2.808333333333333215e+01,3.008998271424340870e-02
2.810416666666666430e+01,2.928871157986109516e-02
2.812500000000000000e+01,2.848215160093613141e-02
2.814583333333333215e+01,2.767044122518676208e-02
2.816666666666666430e+01,2.685371978309845226e-02
2.818750000000000000e+01,2.603212746410334469e-02
2.820833333333333215e+01,2.520580529261284841e-02
2.822916666666666430e+01,2.437489510390747696e-02
2.825000000000000000e+01,2.353953951988807525e-02
2.827083333333333215e+01,2.269988192469254637e-02
2.829166666666666430e+01,2.185606644018224867e-02
2.831250000000000000e+01,2.100823790130218818e-02
2.833333333333333215e+01,2.015654183131930163e-02
2.835416666666666430e+01,1.930112441694293093e-02
2.837500000000000000e+01,1.844213248333187102e-02
2.839583333333333215e+01,1.757971346899209544e-02
2.841666666666666430e+01,1.671401540056954502e-02
2.843750000000000000e+01,1.584518686754224012e-02
2.845833333333333215e+01,1.497337699681593540e-02
2.847916666666666430e+01,1.409873542722778726e-02
2.850000000000000000e+01,1.322141228396226525e-02
2.852083333333333215e+01,1.234155815288372551e-02
2.854166666666666430e+01,1.145932405479001444e-02
2.856250000000000000e+01,1.057486141959143415e-02
2.858333333333333215e+01,9.688322060419488069e-03
2.860416666666666430e+01,8.799858147669870068e-03
2.862500000000000000e+01,7.909622182984091254e-03
2.864583333333333215e+01,7.017766973174184401e-03
2.866666666666666430e+01,6.124445604094912177e-03
2.868750000000000000e+01,5.229811414467991186e-03
2.870833333333333215e+01,4.334017969662710273e-03
2.872916666666666430e+01,3.437219035437525782e-03
2.875000000000000000e+01,2.539568551647072934e-03
2.877083333333333215e+01,1.641220605919060460e-03
2.879166666666666430e+01,7.423294073055228736e-04
2.881250000000000000e+01,-1.569507400869839589e-04
2.883333333333333215e+01,-1.056465463483796186e-03
2.885416666666666430e+01,-1.956060347840626445e-03
2.887500000000000000e+01,-2.855580962249663120e-03
2.889583333333333215e+01,-3.754872886348699541e-03
2.891666666666666430e+01,-4.653781736728824711e-03
2.893750000000000000e+01,-5.552153193336141143e-03
2.895833333333333215e+01,-6.449833025862981330e-03
2.897916666666666430e+01,-7.346667120124113215e-03
2.900000000000000000e+01,-8.242501504413399238e-03
2.902083333333333215e+01,-9.137182375836430323e-03
2.904166666666666430e+01,-1.003055612661458117e-02
2.906250000000000000e+01,-1.092246937035598955e-02
2.908333333333333215e+01,-1.181276896828898672e-02
2.910416666666666430e+01,-1.270130205545341034e-02
2.912500000000000000e+01,-1.358791606684535760e-02
2.914583333333333215e+01,-1.447245876351081935e-02
2.916666666666666430e+01,-1.535477825858381877e-02
2.918750000000000000e+01,-1.623472304326445750e-02
2.920833333333333215e+01,-1.711214201273252022e-02
2.922916666666666430e+01,-1.798688449199206674e-02
2.925000000000000000e+01,-1.885880026164265394e-02
2.927083333333333215e+01,-1.972773958357270166e-02
2.929166666666666430e+01,-2.059355322657061005e-02
2.931250000000000000e+01,-2.145609249184920672e-02
2.933333333333333215e+01,-2.231520923847910703e-02
2.935416666666666430e+01,-2.317075590872662988e-02
2.937500000000000000e+01,-2.402258555329192524e-02
2.939583333333333215e+01,-2.487055185644296285e-02
2.941666666666666430e+01,-2.571450916104100690e-02
2.943750000000000000e+01,-2.655431249345331299e-02
2.945833333333333215e+01,-2.738981758834876934e-02
2.947916666666666430e+01,-2.822088091337223228e-02
2.950000000000000000e+01,-2.904735969369328166e-02
2.952083333333333215e+01,-2.986911193642523971e-02
2.954166666666666430e+01,-3.068599645491023112e-02
2.956250000000000000e+01,-3.149787289286614528e-02
2.958333333333333215e+01,-3.230460174839145521e-02
2.960416666666666430e+01,-3.310604439782371261e-02
2.962500000000000000e+01,-3.390206311944778811e-02
2.964583333333333215e+01,-3.469252111704981129e-02
2.966666666666666430e+01,-3.547728254331287967e-02
2.968750000000000000e+01,-3.625621252305055719e-02
2.970833333333333215e+01,-3.702917717627454003e-02
2.972916666666666430e+01,-3.779604364109245135e-02
2.975000000000000000e+01,-3.855668009643221233e-02
2.977083333333333215e+01,-3.931095578458925627e-02
2.979166666666666430e+01,-4.005874103359304689e-02
2.981250000000000000e+01,-4.079990727938940381e-02
2.983333333333333215e+01,-4.153432708783517946e-02
2.985416666666666430e+01,-4.226187417650203310e-02
2.987500000000000000e+01,-4.298242343628604079e-02
2.989583333333333215e+01,-4.369585095281999093e-02
2.991666666666666430e+01,-4.440203402768543722e-02
2.993750000000000000e+01,-4.510085119942163628e-02
2.995833333333333215e+01,-4.579218226432860139e-02
2.997916666666666430e+01,-4.647590829706160082e-02
3.000000000000000000e+01,-4.715191167101480396e-02
3.002083333333333215e+01,-4.782007607849164676e-02
3.004166666666666430e+01,-4.848028655065979992e-02
3.006250000000000000e+01,-4.913242947728881788e-02
3.008333333333333215e+01,-4.977639262626865763e-02
3.010416666666666430e+01,-5.041206516290730466e-02
3.012500000000000000e+01,-5.103933766900628499e-02
3.014583333333333215e+01,-5.165810216171254354e-02
3.016666666666666430e+01,-5.226825211214574524e-02
3.018750000000000000e+01,-5.286968246379979836e-02
3.020833333333333215e+01,-5.346228965071790629e-02
3.022916666666666430e+01,-5.404597161544039130e-02
3.025000000000000000e+01,-5.462062782672442302e-02
3.027083333333333215e+01,-5.518615929703515888e-02
3.029166666666666430e+01,-5.574246859980749175e-02
3.031250000000000000e+01,-5.628945988647777315e-02
3.033333333333333215e+01,-5.682703890328428403e-02
3.035416666666666430e+01,-5.735511300783562028e-02
3.037500000000000000e+01,-5.787359118544525838e-02
3.039583333333333215e+01,-5.838238406523046237e-02
3.041666666666666430e+01,-5.888140393597306871e-02
3.043750000000000000e+01,-5.937056476173901975e-02
3.045833333333333215e+01,-5.984978219725283627e-02
3.047916666666666430e+01,-6.031897360302224120e-02
3.050000000000000000e+01,-6.077805806020727952e-02
3.052083333333333215e+01,-6.122695638522716866e-02
3.054166666666666430e+01,-6.166559114409696229e-02
3.056250000000000000e+01,-6.209388666648504862e-02
3.058333333333333215e+01,-6.251176905948124807e-02
3.060416666666666430e+01,-6.291916622106412393e-02
3.062500000000000000e+01,-6.331600785325498804e-02
3.064583333333333215e+01,-6.370222547494561183e-02
3.066666666666666430e+01,-6.407775243438507129e-02
3.068750000000000000e+01,-6.444252392131170903e-02
3.070833333333333215e+01,-6.479647697871505907e-02
3.072916666666666430e+01,-6.513955051421371767e-02
3.075000000000000000e+01,-6.547168531103460254e-02
3.077083333333333215e+01,-6.579282403858116579e-02
3.079166666666666430e+01,-6.610291126257852867e-02
3.081250000000000000e+01,-6.640189345478617056e-02
3.083333333333333215e+01,-6.668971900227026184e-02
3.085416666666666430e+01,-6.696633821623054761e-02
3.087500000000000000e+01,-6.723170334037928408e-02
3.089583333333333215e+01,-6.748576855887269965e-02
3.091666666666666430e+01,-6.772849000379822793e-02
3.093750000000000000e+01,-6.795982576222320271e-02
3.095833333333333215e+01,-6.817973588281382724e-02
3.097916666666666430e+01,-6.838818238203499267e-02
3.100000000000000000e+01,-6.858512924994346338e-02
3.102083333333333215e+01,-6.877054245558825163e-02
3.104166666666666430e+01,-6.894438995203279463e-02
3.106250000000000000e+01,-6.910664168101357530e-02
3.108333333333333215e+01,-6.925726957724955002e-02
3.110416666666666430e+01,-6.939624757241605324e-02
3.112500000000000000e+01,-6.952355159879516910e-02
3.114583333333333215e+01,-6.963915959261293698e-02
3.116666666666666430e+01,-6.974305149707223095e-02
3.118750000000000000e+01,-6.983520926508750282e-02
3.120833333333333215e+01,-6.991561686172596823e-02
3.122916666666666430e+01,-6.998426026635738706e-02
3.125000000000000000e+01,-7.004112747451320120e-02
3.127083333333333215e+01,-7.008620849945383646e-02
3.129166666666666430e+01,-7.011949537344186467e-02
3.131250000000000000e+01,-7.014098214871766768e-02
3.133333333333333215e+01,-7.015066489817384232e-02
3.135416666666666430e+01,-7.014854171572400265e-02
3.137500000000000000e+01,-7.013461271636170502e-02
3.139583333333333215e+01,-7.010888003590531881e-02
3.141666666666666430e+01,-7.007134783042526238e-02
3.143750000000000000e+01,-7.002202227535013479e-02
3.145833333333333215e+01,-6.996091156424920354e-02
3.147916666666666430e+01,-6.988802590728886155e-02
3.150000000000000000e+01,-6.980337752936155438e-02
3.152083333333333215e+01,-6.970698066788573455e-02
3.154166666666666430e+01,-6.959885157027592695e-02
3.156250000000000000e+01,-6.947900849108266941e-02
3.158333333333333215e+01,-6.934747168880135704e-02
3.160416666666666430e+01,-6.920426342235007355e-02
3.162500000000000000e+01,-6.904940794721599329e-02
3.164583333333333215e+01,-6.888293151127002079e-02
3.166666666666666430e+01,-6.870486235024964028e-02
3.168750000000000000e+01,-6.851523068290950313e-02
3.170833333333333215e+01,-6.831406870583971169e-02
3.172916666666666430e+01,-6.810141058795136926e-02
3.175000000000000000e+01,-6.787729246462945176e-02
3.177083333333333215e+01,-6.764175243155301498e-02
3.179166666666666430e+01,-6.739483053818257074e-02
3.181250000000000000e+01,-6.713656878091545099e-02
3.183333333333333215e+01,-6.686701109590921510e-02
3.185416666666666430e+01,-6.658620335157404424e-02
3.187500000000000000e+01,-6.629419334073481662e-02
3.189583333333333215e+01,-6.599103077246450122e-02
3.191666666666666430e+01,-6.567676726358946671e-02
3.193750000000000000e+01,-6.535145632986853748e-02
3.195833333333333215e+01,-6.501515337684736495e-02
3.197916666666666430e+01,-6.466791569038972398e-02
3.200000000000000000e+01,-6.430980242688739967e-02
3.202083333333332860e+01,-6.394087460315049654e-02
3.204166666666666430e+01,-6.356119508598001566e-02
3.206250000000000000e+01,-6.317082858142461510e-02
3.208333333333332860e+01,-6.276984162372317710e-02
3.210416666666666430e+01,-6.235830256393531945e-02
3.212500000000000000e+01,-6.193628155826150228e-02
3.214583333333332860e+01,-6.150385055605483986e-02
3.216666666666666430e+01,-6.106108328752648390e-02
3.218750000000000000e+01,-6.060805525114652814e-02
3.220833333333332860e+01,-6.014484370074260622e-02
3.222916666666666430e+01,-5.967152763229818108e-02
3.225000000000000000e+01,-5.918818777045276730e-02
3.227083333333332860e+01,-5.869490655470634838e-02
3.229166666666666430e+01,-5.819176812533041060e-02
3.231250000000000000e+01,-5.767885830898782096e-02
3.233333333333332860e+01,-5.715626460406422055e-02
3.235416666666666430e+01,-5.662407616571345920e-02
3.237500000000000000e+01,-5.608238379061963874e-02
3.239583333333332860e+01,-5.553127990147842946e-02
3.241666666666666430e+01,-5.497085853120047688e-02
3.243750000000000000e+01,-5.440121530683962592e-02
3.245833333333332860e+01,-5.382244743324871017e-02
3.247916666666666430e+01,-5.323465367646585539e-02
3.250000000000000000e+01,-5.263793434683402411e-02
3.252083333333332860e+01,-5.203239128185690315e-02
3.254166666666666430e+01,-5.141812782879388866e-02
3.256250000000000000e+01,-5.079524882699722188e-02
3.258333333333332860e+01,-5.016386058999428715e-02
3.260416666666666430e+01,-4.952407088731803492e-02
3.262500000000000000e+01,-4.887598892608880502e-02
3.264583333333332860e+01,-4.821972533235043684e-02
3.266666666666666430e+01,-4.755539213216398997e-02
3.268750000000000000e+01,-4.688310273246230203e-02
3.270833333333332860e+01,-4.620297190166858942e-02
3.272916666666666430e+01,-4.551511575008240079e-02
3.275000000000000000e+01,-4.481965171003632342e-02
3.277083333333332860e+01,-4.411669851582677992e-02
3.279166666666666430e+01,-4.340637618342247511e-02
3.281250000000000000e+01,-4.268880598995381664e-02
3.283333333333332860e+01,-4.196411045298688997e-02
3.285416666666666430e+01,-4.123241330958565820e-02
3.287500000000000000e+01,-4.049383949516572462e-02
3.289583333333332860e+01,-3.974851512214351568e-02
3.291666666666666430e+01,-3.899656745838439575e-02
3.293750000000000000e+01,-3.823812490545345361e-02
3.295833333333332860e+01,-3.747331697667262429e-02
3.297916666666666430e+01,-3.670227427498787970e-02
3.300000000000000000e+01,-3.592512847065033182e-02
3.302083333333332860e+01,-3.514201227871499578e-02
3.304166666666666430e+01,-3.435305943636097342e-02
3.306250000000000000e+01,-3.355840468003704752e-02
3.308333333333332860e+01,-3.275818372243644722e-02
3.310416666666666430e+01,-3.195253322930490664e-02
3.312500000000000000e+01,-3.114159079608557618e-02
3.314583333333332860e+01,-3.032549492440520661e-02
3.316666666666666430e+01,-2.950438499840534259e-02
3.318750000000000000e+01,-2.867840126092260911e-02
3.320833333333332860e+01,-2.784768478952217782e-02
3.322916666666666430e+01,-2.701237747238850045e-02
3.325000000000000000e+01,-2.617262198407736135e-02
3.327083333333332860e+01,-2.532856176113348207e-02
3.329166666666666430e+01,-2.448034097757770255e-02
3.331250000000000000e+01,-2.362810452026804786e-02
3.333333333333332860e+01,-2.277199796413877098e-02
3.335416666666666430e+01,-2.191216754732164609e-02
3.337500000000000000e+01,-2.104876014615375546e-02
3.339583333333332860e+01,-2.018192325007601637e-02
3.341666666666666430e+01,-1.931180493642665683e-02
3.343750000000000000e+01,-1.843855384513402515e-02
3.345833333333332860e+01,-1.756231915331298715e-02
3.347916666666666430e+01,-1.668325054976927541e-02
3.350000000000000000e+01,-1.580149820941609967e-02
3.352083333333332860e+01,-1.491721276760739519e-02
3.354166666666666430e+01,-1.403054529439202135e-02
3.356250000000000000e+01,-1.314164726869338981e-02
3.358333333333332860e+01,-1.225067055241890225e-02
3.360416666666666430e+01,-1.135776736450355706e-02
3.362500000000000000e+01,-1.046309025489216941e-02
3.364583333333332860e+01,-9.566792078464659427e-03
3.366666666666666430e+01,-8.669025968908906574e-03
3.368750000000000000e+01,-7.769945312545527109e-03
3.370833333333332860e+01,-6.869703722109103856e-03
3.372916666666666430e+01,-5.968455010490304920e-03
3.375000000000000000e+01,-5.066353164443420688e-03
3.377083333333332860e+01,-4.163552318263786904e-03
3.379166666666666430e+01,-3.260206727439591071e-03
3.381250000000000000e+01,-2.356470742282571178e-03
3.383333333333332860e+01,-1.452498781542077349e-03
3.385416666666666430e+01,-5.484453060070260859e-04
3.387500000000000000e+01,3.555352078997044271e-04
3.389583333333332860e+01,1.259288294529945255e-03
3.391666666666666430e+01,2.162659525417482027e-03
3.393750000000000000e+01,3.065494535679332260e-03
3.395833333333332860e+01,3.967639050406544625e-03
3.397916666666666430e+01,4.868938911039968898e-03
3.400000000000000000e+01,5.769240101726484139e-03
3.402083333333332860e+01,6.668388775651223725e-03
3.404166666666666430e+01,7.566231281341249428e-03
3.406250000000000000e+01,8.462614188936111795e-03
3.408333333333332860e+01,9.357384316420814738e-03
3.410416666666666430e+01,1.025038875581670353e-02
3.412500000000000000e+01,1.114147489932579629e-02
3.414583333333332860e+01,1.203049046542400101e-02
3.416666666666666430e+01,1.291728352489877017e-02
3.418750000000000000e+01,1.380170252682670282e-02
3.420833333333332860e+01,1.468359632448661481e-02
3.422916666666666430e+01,1.556281420120363829e-02
3.425000000000000000e+01,1.643920589611987809e-02
3.427083333333332860e+01,1.731262162988720515e-02
3.429166666666666430e+01,1.818291213027768000e-02
3.431250000000000000e+01,1.904992865770733720e-02
3.433333333333332860e+01,1.991352303066879631e-02
3.435416666666666430e+01,2.077354765106834839e-02
3.437500000000000000e+01,2.162985552946318155e-02
3.439583333333332860e+01,2.248230031019432529e-02
3.441666666666666430e+01,2.333073629641102889e-02
3.443750000000000000e+01,2.417501847498225789e-02
3.445833333333332860e+01,2.501500254129096490e-02
3.447916666666666430e+01,2.585054492390688463e-02
3.450000000000000000e+01,2.668150280913362399e-02
3.452083333333332860e+01,2.750773416542576580e-02
3.454166666666666430e+01,2.832909776767185070e-02
3.456250000000000000e+01,2.914545322133903910e-02
3.458333333333332860e+01,2.995666098647530029e-02
3.460416666666666430e+01,3.076258240156506604e-02
3.462500000000000000e+01,3.156307970723423034e-02
3.464583333333332860e+01,3.235801606980055062e-02
3.466666666666666430e+01,3.314725560466535298e-02
3.468750000000000000e+01,3.393066339954277366e-02
3.470833333333332860e+01,3.470810553752244620e-02
3.472916666666666430e+01,3.547944911996207817e-02
3.475000000000000000e+01,3.624456228920584777e-02
3.477083333333332860e+01,3.700331425112510925e-02
3.479166666666666430e+01,3.775557529747781971e-02
3.481250000000000000e+01,3.850121682808295420e-02
3.483333333333332860e+01,3.924011137280665473e-02
3.485416666666666430e+01,3.997213261335651885e-02
3.487500000000000000e+01,4.069715540488100941e-02
3.489583333333332860e+01,4.141505579737064791e-02
3.491666666666666430e+01,4.212571105685788964e-02
3.493750000000000000e+01,4.282899968641303012e-02
3.495833333333332860e+01,4.352480144693311737e-02
3.497916666666666430e+01,4.421299737772130950e-02
3.500000000000000000e+01,4.489346981685424925e-02
3.502083333333332860e+01,4.556610242133514455e-02
3.504166666666666430e+01,4.623078018703032088e-02
3.506250000000000000e+01,4.688738946838746230e-02
3.508333333333332860e+01,4.753581799793365342e-02
3.510416666666666430e+01,4.817595490555175858e-02
3.512500000000000000e+01,4.880769073753378484e-02
3.514583333333332860e+01,4.943091747540999392e-02
3.516666666666666430e+01,5.004552855455299265e-02
3.518750000000000000e+01,5.065141888255585839e-02
3.520833333333332860e+01,5.124848485738386222e-02
3.522916666666666430e+01,5.183662438529935274e-02
3.525000000000000000e+01,5.241573689855938412e-02
3.527083333333332860e+01,5.298572337288611628e-02
3.529166666666666430e+01,5.354648634470966784e-02
3.531250000000000000e+01,5.409792992818324847e-02
3.533333333333332860e+01,5.463995983197027229e-02
3.535416666666666430e+01,5.517248337580310524e-02
3.537500000000000000e+01,5.569540950681248909e-02
3.539583333333332860e+01,5.620864881562673970e-02
3.541666666666666430e+01,5.671211355223886030e-02
3.543750000000000000e+01,5.720571764163923795e-02
3.545833333333332860e+01,5.768937669921089112e-02
3.547916666666666430e+01,5.816300804588310502e-02
3.550000000000000000e+01,5.862653072303830593e-02
3.552083333333332860e+01,5.907986550716583241e-02
3.554166666666666430e+01,5.952293492425479032e-02
3.556250000000000000e+01,5.995566326391706807e-02
3.558333333333332860e+01,6.037797659322975685e-02
3.560416666666666430e+01,6.078980277028504797e-02
3.562500000000000000e+01,6.119107145743403475e-02
3.564583333333332860e+01,6.158171413421005547e-02
3.566666666666666430e+01,6.196166410991550688e-02
3.568750000000000000e+01,6.233085653585562769e-02
3.570833333333332860e+01,6.268922841720235561e-02
3.572916666666666430e+01,6.303671862447098040e-02
3.575000000000000000e+01,6.337326790459302250e-02
3.577083333333332860e+01,6.369881889156962795e-02
3.579166666666666430e+01,6.401331611669115740e-02
3.581250000000000000e+01,6.431670601831065981e-02
3.583333333333332860e+01,6.460893695116141922e-02
3.585416666666666430e+01,6.488995919521176048e-02
3.587500000000000000e+01,6.515972496405340875e-02
3.589583333333332860e+01,6.541818841282304176e-02
3.591666666666666430e+01,6.566530564566068484e-02
3.593750000000000000e+01,6.590103472271142959e-02
3.595833333333332860e+01,6.612533566668078733e-02
3.597916666666666430e+01,6.633817046895629232e-02
3.600000000000000000e+01,6.653950309531073137e-02
3.602083333333332860e+01,6.672929949120381954e-02
3.604166666666666430e+01,6.690752758670012734e-02
3.606250000000000000e+01,6.707415730102163354e-02
3.608333333333332860e+01,6.722916054675251440e-02
3.610416666666666430e+01,6.737251123371250372e-02
3.612500000000000000e+01,6.750418527251415834e-02
3.614583333333332860e+01,6.762416057781610312e-02
3.616666666666666430e+01,6.773241707128305200e-02
3.618750000000000000e+01,6.782893668425948874e-02
3.620833333333332860e+01,6.791370336016210041e-02
3.622916666666666430e+01,6.798670305659305912e-02
3.625000000000000000e+01,6.804792374717397174e-02
3.627083333333332860e+01,6.809735542309831857e-02
3.629166666666666430e+01,6.813499009439881460e-02
3.631250000000000000e+01,6.816082179092460003e-02
3.633333333333332860e+01,6.817484656302273682e-02
3.635416666666666430e+01,6.817706248191840457e-02
3.637500000000000000e+01,6.816746963978781437e-02
3.639583333333332860e+01,6.814607014951863662e-02
3.641666666666666430e+01,6.811286814415300206e-02
3.643750000000000000e+01,6.806786977600928767e-02
3.645833333333332860e+01,6.801108321547928715e-02
3.647916666666666430e+01,6.794251864949839292e-02
3.650000000000000000e+01,6.786218827968706901e-02
3.652083333333332860e+01,6.777010632016218505e-02
3.654166666666666430e+01,6.766628899501800354e-02
3.656250000000000000e+01,6.755075453547591813e-02
3.658333333333332860e+01,6.742352317670322059e-02
3.660416666666666430e+01,6.728461715430038292e-02
3.662500000000000000e+01,6.713406070045717378e-02
3.664583333333332860e+01,6.697188003977708193e-02
3.666666666666666430e+01,6.679810338477008835e-02
3.668750000000000000e+01,6.661276093101324569e-02
3.670833333333332860e+01,6.641588485197899572e-02
3.672916666666666430e+01,6.620750929353058645e-02
3.675000000000000000e+01,6.598767036808449171e-02
3.677083333333332860e+01,6.575640614843950016e-02
3.679166666666666430e+01,6.551375666127261244e-02
3.681250000000000000e+01,6.525976388030171882e-02
3.683333333333332860e+01,6.499447171911572341e-02
3.685416666666666430e+01,6.471792602367265612e-02
3.687500000000000000e+01,6.443017456446653579e-02
3.689583333333332860e+01,6.413126702836459414e-02
3.691666666666666430e+01,6.382125501011570723e-02
3.693750000000000000e+01,6.350019200353207438e-02
3.695833333333332860e+01,6.316813339234537972e-02
3.697916666666666430e+01,6.282513644073960124e-02
3.700000000000000000e+01,6.247126028356216748e-02
3.702083333333332860e+01,6.210656591621531442e-02
3.704166666666666430e+01,6.173111618422967573e-02
3.706250000000000000e+01,6.134497577252193135e-02
3.708333333333332860e+01,6.094821119433837392e-02
3.710416666666666430e+01,6.054089077988637768e-02
3.712500000000000000e+01,6.012308466465556694e-02
3.714583333333332860e+01,5.969486477743059932e-02
3.716666666666666430e+01,5.925630482799752741e-02
3.718750000000000000e+01,5.880748029454555686e-02
3.720833333333332860e+01,5.834846841076639368e-02
3.722916666666666430e+01,5.787934815265313726e-02
3.725000000000000000e+01,5.740020022500095381e-02
3.727083333333332860e+01,5.691110704761175032e-02
3.729166666666666430e+01,5.641215274120516682e-02
3.731250000000000000e+01,5.590342311303838491e-02
3.733333333333332860e+01,5.538500564223720890e-02
3.735416666666666430e+01,5.485698946484102168e-02
3.737500000000000000e+01,5.431946535856429364e-02
3.739583333333332860e+01,5.377252572727729552e-02
3.741666666666666430e+01,5.321626458520879732e-02
3.743750000000000000e+01,5.265077754087361256e-02
3.745833333333332860e+01,5.207616178072772828e-02
3.747916666666666430e+01,5.149251605255392161e-02
3.750000000000000000e+01,5.089994064858070766e-02
3.752083333333332860e+01,5.029853738833759552e-02
3.754166666666666430e+01,4.968840960124951134e-02
3.756250000000000000e+01,4.906966210897342057e-02
3.758333333333332860e+01,4.844240120748005002e-02
3.760416666666666430e+01,4.780673464888392926e-02
3.762500000000000000e+01,4.716277162302454085e-02
3.764583333333332860e+01,4.651062273880198633e-02
3.766666666666666430e+01,4.585040000527015880e-02
3.768750000000000000e+01,4.518221681249069699e-02
3.770833333333332860e+01,4.450618791215095460e-02
3.772916666666666430e+01,4.382242939794928072e-02
3.775000000000000000e+01,4.313105868575108082e-02
3.777083333333332860e+01,4.243219449351891964e-02
3.779166666666666430e+01,4.172595682102021170e-02
3.781250000000000000e+01,4.101246692931589943e-02
3.783333333333332860e+01,4.029184732003378983e-02
3.785416666666666430e+01,3.956422171442989383e-02
3.787500000000000000e+01,3.882971503224157822e-02
3.789583333333332860e+01,3.808845337033600620e-02
3.791666666666666430e+01,3.734056398115757902e-02
3.793750000000000000e+01,3.658617525097801471e-02
3.795833333333332860e+01,3.582541667795286627e-02
3.797916666666666430e+01,3.505841884998806002e-02
3.800000000000000000e+01,3.428531342242041591e-02
3.802083333333332860e+01,3.350623309551576529e-02
3.804166666666666430e+01,3.272131159178858634e-02
3.806250000000000000e+01,3.193068363314695290e-02
3.808333333333332860e+01,3.113448491786679345e-02
3.810416666666666430e+01,3.033285209739924534e-02
3.812500000000000000e+01,2.952592275301511859e-02
3.814583333333332860e+01,2.871383537229036872e-02
3.816666666666666430e+01,2.789672932543675599e-02
3.818750000000000000e+01,2.707474484148155239e-02
3.820833333333332860e+01,2.624802298430045297e-02
3.822916666666666430e+01,2.541670562850764648e-02
3.825000000000000000e+01,2.458093543520733365e-02
3.827083333333332860e+01,2.374085582761073857e-02
3.829166666666666430e+01,2.289661096652279362e-02
3.831250000000000000e+01,2.204834572570259221e-02
3.833333333333332860e+01,2.119620566710191112e-02
3.835416666666666430e+01,2.034033701598598684e-02
3.837500000000000000e+01,1.948088663594078895e-02
3.839583333333332860e+01,1.861800200377100936e-02
3.841666666666666430e+01,1.775183118429306955e-02
3.843750000000000000e+01,1.688252280502743410e-02
3.845833333333332860e+01,1.601022603079453946e-02
3.847916666666666430e+01,1.513509053821868178e-02
3.850000000000000000e+01,1.425726649014415204e-02
3.852083333333332860e+01,1.337690450996801249e-02
3.854166666666666430e+01,1.249415565589389633e-02
3.856250000000000000e+01,1.160917139511117788e-02
3.858333333333332860e+01,1.072210357790394017e-02
3.860416666666666430e+01,9.833104411694193123e-03
3.862500000000000000e+01,8.942326435023646020e-03
3.864583333333332860e+01,8.049922491478603628e-03
3.866666666666666430e+01,7.156045703562376528e-03
3.868750000000000000e+01,6.260849446519689034e-03
3.870833333333332860e+01,5.364487322117501324e-03
3.872916666666666430e+01,4.467113132386746517e-03
3.875000000000000000e+01,3.568880853329502948e-03
3.877083333333332860e+01,2.669944608596046872e-03
3.879166666666666430e+01,1.770458643136288944e-03
3.881250000000000000e+01,8.705772968301123387e-04
3.883333333333332860e+01,-2.954502189890795882e-05
3.885416666666666430e+01,-9.297538624818617141e-04
3.887500000000000000e+01,-1.829894758610452546e-03
3.889583333333332860e+01,-2.729813254645999370e-03
3.891666666666666430e+01,-3.629354932027000716e-03
3.893750000000000000e+01,-4.528365435670718593e-03
3.895833333333332860e+01,-5.426690500364286969e-03
3.897916666666666430e+01,-6.324175977140793214e-03
3.900000000000000000e+01,-7.220667859635846071e-03
3.902083333333332860e+01,-8.116012310420058287e-03
3.904166666666666430e+01,-9.010055687302996955e-03
3.906250000000000000e+01,-9.902644569604088232e-03
3.908333333333332860e+01,-1.079362578438589418e-02
3.910416666666666430e+01,-1.168284643264531387e-02
3.912500000000000000e+01,-1.257015391545819594e-02
3.914583333333332860e+01,-1.345539596007288598e-02
3.916666666666666430e+01,-1.433842064594821955e-02
3.918750000000000000e+01,-1.521907643073143815e-02
3.920833333333332860e+01,-1.609721217617162553e-02
3.922916666666666430e+01,-1.697267717396414369e-02
3.925000000000000000e+01,-1.784532117152169695e-02
3.927083333333332860e+01,-1.871499439766751566e-02
3.929166666666666430e+01,-1.958154758824623767e-02
3.931250000000000000e+01,-2.044483201164812303e-02
3.933333333333332860e+01,-2.130469949424213666e-02
3.935416666666666430e+01,-2.216100244571361094e-02
3.937500000000000000e+01,-2.301359388430202629e-02
3.939583333333332860e+01,-2.386232746193461471e-02
3.941666666666666430e+01,-2.470705748925140430e-02
3.943750000000000000e+01,-2.554763896051746863e-02
3.945833333333332860e+01,-2.638392757841802674e-02
3.947916666666666430e+01,-2.721577977873217147e-02
3.950000000000000000e+01,-2.804305275488095522e-02
3.952083333333332860e+01,-2.886560448234561788e-02
3.954166666666666430e+01,-2.968329374295179332e-02
3.956250000000000000e+01,-3.049598014901552454e-02
3.958333333333332860e+01,-3.130352416734694804e-02
3.960416666666666430e+01,-3.210578714310764054e-02
3.962500000000000000e+01,-3.290263132351742975e-02
3.964583333333332860e+01,-3.369391988140682526e-02
3.966666666666666430e+01,-3.447951693861098926e-02
3.968750000000000000e+01,-3.525928758920145178e-02
3.970833333333332860e+01,-3.603309792255152827e-02
3.972916666666666430e+01,-3.680081504623183147e-02
3.975000000000000000e+01,-3.756230710873206813e-02
3.977083333333332860e+01,-3.831744332200532482e-02
3.979166666666666430e+01,-3.906609398383144305e-02
3.981250000000000000e+01,-3.980813049999587516e-02
3.983333333333332860e+01,-4.054342540628050329e-02
3.985416666666666430e+01,-4.127185239026320146e-02
3.987500000000000000e+01,-4.199328631292282427e-02
3.989583333333332860e+01,-4.270760323004653414e-02
3.991666666666666430e+01,-4.341468041343637951e-02
3.993750000000000000e+01,-4.411439637191234137e-02
3.995833333333332860e+01,-4.480663087210890599e-02
3.997916666666666430e+01,-4.549126495906278406e-02
4.000000000000000000e+01,-4.616818097658912518e-02
4.002083333333332860e+01,-4.683726258744395216e-02
4.004166666666666430e+01,-4.749839479327076786e-02
4.006250000000000000e+01,-4.815146395432927384e-02
4.008333333333332860e+01,-4.879635780900448694e-02
4.010416666666666430e+01,-4.943296549309459526e-02
4.012500000000000000e+01,-5.006117755887622839e-02
4.014583333333332860e+01,-5.068088599394581645e-02
4.016666666666666430e+01,-5.129198423983602484e-02
4.018750000000000000e+01,-5.189436721040644601e-02
4.020833333333332860e+01,-5.248793131000765305e-02
4.022916666666666430e+01,-5.307257445141817798e-02
4.025000000000000000e+01,-5.364819607355378328e-02
4.027083333333332860e+01,-5.421469715894860347e-02
4.029166666666666430e+01,-5.477198025100772638e-02
4.031250000000000000e+01,-5.531994947103058280e-02
4.033333333333332860e+01,-5.585851053500470037e-02
4.035416666666666430e+01,-5.638757077016870456e-02
4.037500000000000000e+01,-5.690703913134362996e-02
4.039583333333332860e+01,-5.741682621703084882e-02
4.041666666666666430e+01,-5.791684428527454215e-02
4.043750000000000000e+01,-5.840700726928588910e-02
4.045833333333332860e+01,-5.888723079282555395e-02
4.047916666666666430e+01,-5.935743218533998805e-02
4.050000000000000000e+01,-5.981753049684615520e-02
4.052083333333332860e+01,-6.026744651255798446e-02
4.054166666666666430e+01,-6.070710276724686910e-02
4.056250000000000000e+01,-6.113642355932712852e-02
4.058333333333332860e+01,-6.155533496465615678e-02
4.060416666666666430e+01,-6.196376485003753792e-02
4.062500000000000000e+01,-6.236164288641437431e-02
4.064583333333332860e+01,-6.274890056173883235e-02
4.066666666666666430e+01,-6.312547119350334079e-02
4.068750000000000000e+01,-6.349128994091776668e-02
4.070833333333332860e+01,-6.384629381671706738e-02
4.072916666666666430e+01,-6.419042169858377167e-02
4.075000000000000000e+01,-6.452361434017012121e-02
4.077083333333332860e+01,-6.484581438170558543e-02
4.079166666666666430e+01,-6.515696636017728749e-02
4.081250000000000000e+01,-6.545701671907207253e-02
4.083333333333332860e+01,-6.574591381767178055e-02
4.085416666666666430e+01,-6.602360793989583976e-02
4.087500000000000000e+01,-6.629005130268786350e-02
4.089583333333332860e+01,-6.654519806394662562e-02
4.091666666666666430e+01,-6.678900433000423131e-02
4.093750000000000000e+01,-6.702142816265800607e-02
4.095833333333332860e+01,-6.724242958576515106e-02
4.097916666666666430e+01,-6.745197059141143370e-02
4.100000000000000000e+01,-6.765001514566790219e-02
4.102083333333332860e+01,-6.783652919395037617e-02
4.104166666666666430e+01,-6.801148066599783937e-02
4.106250000000000000e+01,-6.817483948048592979e-02
4.108333333333332860e+01,-6.832657754929115368e-02
4.110416666666666430e+01,-6.846666878142090851e-02
4.112500000000000000e+01,-6.859508908662244331e-02
4.114583333333332860e+01,-6.871181637868237213e-02
4.116666666666666430e+01,-6.881683057842598317e-02
4.118750000000000000e+01,-6.891011361642333799e-02
4.120833333333332860e+01,-6.899164943540682382e-02
4.122916666666666430e+01,-6.906142399240250418e-02
4.125000000000000000e+01,-6.911942526057560099e-02
4.127083333333332860e+01,-6.916564323078866483e-02
4.129166666666666430e+01,-6.920006991286967168e-02
4.131250000000000000e+01,-6.922269933658603547e-02
4.133333333333332860e+01,-6.923352755231980404e-02
4.135416666666666430e+01,-6.923255263143957006e-02
4.137500000000000000e+01,-6.921977466636371201e-02
4.139583333333332860e+01,-6.919519577031066349e-02
4.141666666666666430e+01,-6.915882007673188059e-02
4.143750000000000000e+01,-6.911065373842388559e-02
4.145833333333332860e+01,-6.905070492631638912e-02
4.147916666666666430e+01,-6.897898382793421490e-02
4.150000000000000000e+01,-6.889550264553129244e-02
4.152083333333332860e+01,-6.880027559389534364e-02
4.154166666666666430e+01,-6.869331889782243072e-02
4.156250000000000000e+01,-6.857465078926103241e-02
4.158333333333332860e+01,-6.844429150412510710e-02
4.160416666666666430e+01,-6.830226327877590708e-02
4.162500000000000000e+01,-6.814859034617259947e-02
4.164583333333332860e+01,-6.798329893169111071e-02
4.166666666666666430e+01,-6.780641724861112551e-02
4.168750000000000000e+01,-6.761797549327114298e-02
4.170833333333332860e+01,-6.741800583989102091e-02
4.172916666666666430e+01,-6.720654243506184178e-02
4.175000000000000000e+01,-6.698362139190303099e-02
4.177083333333332860e+01,-6.674928078388643604e-02
4.179166666666666430e+01,-6.650356063832765785e-02
4.181250000000000000e+01,-6.624650292954462061e-02
4.183333333333332860e+01,-6.597815157168410161e-02
4.185416666666666430e+01,-6.569855241121677625e-02
4.187500000000000000e+01,-6.540775321910170803e-02
4.189583333333332860e+01,-6.510580368262150475e-02
4.191666666666666430e+01,-6.479275539688927887e-02
4.193750000000000000e+01,-6.446866185602903587e-02
4.195833333333332860e+01,-6.413357844403105856e-02
4.197916666666666430e+01,-6.378756242528406395e-02
4.200000000000000000e+01,-6.343067293478578395e-02
4.202083333333332860e+01,-6.306297096803395452e-02
4.204166666666666430e+01,-6.268451937059944801e-02
4.206250000000000000e+01,-6.229538282738356081e-02
4.208333333333332860e+01,-6.189562785156108721e-02
4.210416666666666430e+01,-6.148532277321141354e-02
4.212500000000000000e+01,-6.106453772763920790e-02
4.214583333333332860e+01,-6.063334464338665519e-02
4.216666666666666430e+01,-6.019181722993942329e-02
4.218750000000000000e+01,-5.974003096512799094e-02
4.220833333333332860e+01,-5.927806308222668963e-02
4.222916666666666430e+01,-5.880599255675231229e-02
4.225000000000000000e+01,-5.832390009296458538e-02
4.227083333333332860e+01,-5.783186811007087064e-02
4.229166666666666430e+01,-5.732998072813721979e-02
4.231250000000000000e+01,-5.681832375370832189e-02
4.233333333333332860e+01,-5.629698466513887584e-02
4.235416666666666430e+01,-5.576605259763881689e-02
4.237500000000000000e+01,-5.522561832803528359e-02
4.239583333333332860e+01,-5.467577425925369827e-02
4.241666666666666430e+01,-5.411661440452092409e-02
4.243750000000000000e+01,-5.354823437129328095e-02
4.245833333333332860e+01,-5.297073134491209895e-02
4.247916666666666430e+01,-5.238420407198970258e-02
4.250000000000000000e+01,-5.178875284352885133e-02
4.252083333333332860e+01,-5.118447947777825940e-02
4.254166666666666430e+01,-5.057148730282745586e-02
4.256250000000000000e+01,-4.994988113894367060e-02
4.258333333333332860e+01,-4.931976728065395887e-02
4.260416666666666430e+01,-4.868125347857543000e-02
4.262500000000000000e+01,-4.803444892099684171e-02
4.264583333333332860e+01,-4.737946421521452983e-02
4.266666666666666430e+01,-4.671641136862593469e-02
4.268750000000000000e+01,-4.604540376958385361e-02
4.270833333333332860e+01,-4.536655616801481966e-02
4.272916666666666430e+01,-4.467998465580483303e-02
4.275000000000000000e+01,-4.398580664695572739e-02
4.277083333333332860e+01,-4.328414085751575158e-02
4.279166666666666430e+01,-4.257510728528765553e-02
4.281250000000000000e+01,-4.185882718931783347e-02
4.283333333333332860e+01,-4.113542306917002123e-02
4.285416666666666430e+01,-4.040501864398712145e-02
4.287500000000000000e+01,-3.966773883134475792e-02
4.289583333333332860e+01,-3.892370972590009082e-02
4.291666666666666430e+01,-3.817305857783966083e-02
4.293750000000000000e+01,-3.741591377112987726e-02
4.295833333333332860e+01,-3.665240480157389014e-02
4.297916666666666430e+01,-3.588266225467850318e-02
4.300000000000000000e+01,-3.510681778333499259e-02
4.302083333333332860e+01,-3.432500408531761332e-02
4.304166666666666430e+01,-3.353735488060353986e-02
4.306250000000000000e+01,-3.274400488851819668e-02
4.308333333333332860e+01,-3.194508980470978782e-02
4.310416666666666430e+01,-3.114074627795703626e-02
4.312500000000000000e+01,-3.033111188681392179e-02
4.314583333333332860e+01,-2.951632511609558404e-02
4.316666666666666430e+01,-2.869652533320923848e-02
4.318750000000000000e+01,-2.787185276433423037e-02
4.320833333333332860e+01,-2.704244847045523051e-02
4.322916666666666430e+01,-2.620845432325272228e-02
4.325000000000000000e+01,-2.537001298085482179e-02
4.327083333333332860e+01,-2.452726786345458057e-02
4.329166666666666430e+01,-2.368036312879698638e-02
4.331250000000000000e+01,-2.282944364753974539e-02
4.333333333333332860e+01,-2.197465497849211344e-02
4.335416666666666430e+01,-2.111614334373593596e-02
4.337500000000000000e+01,-2.025405560363321630e-02
4.339583333333332860e+01,-1.938853923172443108e-02
4.341666666666666430e+01,-1.851974228952178031e-02
4.343750000000000000e+01,-1.764781340120177150e-02
4.345833333333332860e+01,-1.677290172820141909e-02
4.347916666666666430e+01,-1.589515694372242022e-02
4.350000000000000000e+01,-1.501472920714753100e-02
4.352083333333332860e+01,-1.413176913837359272e-02
4.354166666666666430e+01,-1.324642779206555362e-02
4.356250000000000000e+01,-1.235885663183594434e-02
4.358333333333332860e+01,-1.146920750435410918e-02
4.360416666666666430e+01,-1.057763261338958739e-02
4.362500000000000000e+01,-9.684284493794183962e-03
4.364583333333332860e+01,-8.789315985427103434e-03
4.366666666666666430e+01,-7.892880207027577061e-03
4.368750000000000000e+01,-6.995130530039491909e-03
4.370833333333332860e+01,-6.096220552392462785e-03
4.372916666666666430e+01,-5.196304072243781817e-03
4.375000000000000000e+01,-4.295535061685784584e-03
4.377083333333332860e+01,-3.394067640423139177e-03
4.379166666666666430e+01,-2.492056049424502123e-03
4.381250000000000000e+01,-1.589654624553041252e-03
4.383333333333332860e+01,-6.870177701803766674e-04
4.385416666666666430e+01,2.157000672115816624e-04
4.387500000000000000e+01,1.118344425436383887e-03
4.389583333333332860e+01,2.020760853011879365e-03
4.391666666666666430e+01,2.922794935567573325e-03
4.393750000000000000e+01,3.824292322246011528e-03
4.395833333333332860e+01,4.725098752093696841e-03
4.397916666666666430e+01,5.625060080436993307e-03
4.400000000000000000e+01,6.524022305238488979e-03
4.402083333333332860e+01,7.421831593429320702e-03
4.404166666666666430e+01,8.318334307212953138e-03
4.406250000000000000e+01,9.213377030335874462e-03
4.408333333333332860e+01,1.010680659432065809e-02
4.410416666666666430e+01,1.099847010465699639e-02
4.412500000000000000e+01,1.188821496694612845e-02
4.414583333333332860e+01,1.277588891299419327e-02
4.416666666666666430e+01,1.366134002685001278e-02
4.418750000000000000e+01,1.454441677078280315e-02
4.420833333333332860e+01,1.542496801119539081e-02
4.422916666666666430e+01,1.630284304446844718e-02
4.425000000000000000e+01,1.717789162273131165e-02
4.427083333333332860e+01,1.804996397955492549e-02
4.429166666666666430e+01,1.891891085556247909e-02
4.431250000000000000e+01,1.978458352395333353e-02
4.433333333333332860e+01,2.064683381593587427e-02
4.435416666666666430e+01,2.150551414606480943e-02
4.437500000000000000e+01,2.236047753747866934e-02
4.439583333333332860e+01,2.321157764703300069e-02
4.441666666666666430e+01,2.405866879032508149e-02
4.443750000000000000e+01,2.490160596660574710e-02
4.445833333333332860e+01,2.574024488357406007e-02
4.447916666666666430e+01,2.657444198205054925e-02
4.450000000000000000e+01,2.740405446052475782e-02
4.452083333333332860e+01,2.822894029957290218e-02
4.454166666666666430e+01,2.904895828614145054e-02
4.456250000000000000e+01,2.986396803769245101e-02
4.458333333333332860e+01,3.067383002620647017e-02
4.460416666666666430e+01,3.147840560203910010e-02
4.462500000000000000e+01,3.227755701762691221e-02
4.464583333333332860e+01,3.307114745103886116e-02
4.466666666666666430e+01,3.385904102936918708e-02
4.468750000000000000e+01,3.464110285196791983e-02
4.470833333333332860e+01,3.541719901350501992e-02
4.472916666666666430e+01,3.618719662686455119e-02
4.475000000000000000e+01,3.695096384586481209e-02
4.477083333333332860e+01,3.770836988780099097e-02
4.479166666666666430e+01,3.845928505580671619e-02
4.481250000000000000e+01,3.920358076103088590e-02
4.483333333333332860e+01,3.994112954462637061e-02
4.485416666666666430e+01,4.067180509954717443e-02
4.487500000000000000e+01,4.139548229215089109e-02
4.489583333333332860e+01,4.211203718360327641e-02
4.491666666666666430e+01,4.282134705108196077e-02
4.493750000000000000e+01,4.352329040877620653e-02
4.495833333333332860e+01,4.421774702868017798e-02
4.497916666666666430e+01,4.490459796117699659e-02
4.500000000000000000e+01,4.558372555541112536e-02
4.502083333333332860e+01,4.625501347944677155e-02
4.504166666666666430e+01,4.691834674021017060e-02
4.506250000000000000e+01,4.757361170321389859e-02
4.508333333333332860e+01,4.822069611206126344e-02
4.510416666666666430e+01,4.885948910772940079e-02
4.512500000000000000e+01,4.948988124762954827e-02
4.514583333333332860e+01,5.011176452444341539e-02
4.516666666666666430e+01,5.072503238473461545e-02
4.518750000000000000e+01,5.132957974733424328e-02
4.520833333333332860e+01,5.192530302150011323e-02
4.522916666666666430e+01,5.251210012484902601e-02
4.525000000000000000e+01,5.308987050106164785e-02
4.527083333333332860e+01,5.365851513735966222e-02
4.529166666666666430e+01,5.421793658175491637e-02
4.531250000000000000e+01,5.476803896007013950e-02
4.533333333333332860e+01,5.530872799273070517e-02
4.535416666666666430e+01,5.583991101132685514e-02
4.537500000000000000e+01,5.636149697494530209e-02
4.539583333333332860e+01,5.687339648626880961e-02
4.541666666666666430e+01,5.737552180744188296e-02
4.543750000000000000e+01,5.786778687569987811e-02
4.545833333333332860e+01,5.835010731875825418e-02
4.547916666666666430e+01,5.882240046995755589e-02
4.550000000000000000e+01,5.928458538315890813e-02
4.552083333333332860e+01,5.973658284738340291e-02
4.554166666666666430e+01,6.017831540118760009e-02
4.556250000000000000e+01,6.060970734676606603e-02
4.558333333333332860e+01,6.103068476377047913e-02
4.560416666666666430e+01,6.144117552283342304e-02
4.562500000000000000e+01,6.184110929878381541e-02
4.564583333333332860e+01,6.223041758353967112e-02
4.566666666666666430e+01,6.260903369866291368e-02
4.568750000000000000e+01,6.297689280756045560e-02
4.570833333333332860e+01,6.333393192731520682e-02
4.572916666666666430e+01,6.368008994013062141e-02
4.575000000000000000e+01,6.401530760437322554e-02
4.577083333333332860e+01,6.433952756519822902e-02
4.579166666666666430e+01,6.465269436474462006e-02
4.581250000000000000e+01,6.495475445188876595e-02
4.583333333333332860e+01,6.524565619154690244e-02
4.585416666666666430e+01,6.552534987352050255e-02
4.587500000000000000e+01,6.579378772088130545e-02
4.589583333333332860e+01,6.605092389789593565e-02
4.591666666666666430e+01,6.629671451749326316e-02
4.593750000000000000e+01,6.653111764828142927e-02
4.595833333333332860e+01,6.675409332112362815e-02
4.597916666666666430e+01,6.696560353528521747e-02
4.600000000000000000e+01,6.716561226416614683e-02
4.602083333333332860e+01,6.735408546063473278e-02
4.604166666666666430e+01,6.753099106197962831e-02
4.606250000000000000e+01,6.769629899449683408e-02
4.608333333333332860e+01,6.784998117772847448e-02
4.610416666666666430e+01,6.799201152836878426e-02
4.612500000000000000e+01,6.812236596385143339e-02
4.614583333333332860e+01,6.824102240562987531e-02
4.616666666666666430e+01,6.834796078216068271e-02
4.618750000000000000e+01,6.844316303159656001e-02
4.620833333333332860e+01,6.852661310419408403e-02
4.622916666666666430e+01,6.859829696443829616e-02
4.625000000000000000e+01,6.865820259288404892e-02
4.627083333333332860e+01,6.870631998771271898e-02
4.629166666666666430e+01,6.874264116600049823e-02
4.631250000000000000e+01,6.876716016469462678e-02
4.633333333333332860e+01,6.877987304129187796e-02
4.635416666666666430e+01,6.878077787421442435e-02
4.637500000000000000e+01,6.876987476287781120e-02
4.639583333333332860e+01,6.874716582744586080e-02
4.641666666666666430e+01,6.871265520826826123e-02
4.643750000000000000e+01,6.866634906499710644e-02
4.645833333333332860e+01,6.860825557537909847e-02
4.647916666666666430e+01,6.853838493372134411e-02
4.650000000000000000e+01,6.845674934902870601e-02
4.652083333333332860e+01,6.836336304281155629e-02
4.654166666666666430e+01,6.825824224656326655e-02
4.656250000000000000e+01,6.814140519890701797e-02
4.658333333333332860e+01,6.801287214241134860e-02
4.660416666666666430e+01,6.787266532007470154e-02
4.662500000000000000e+01,6.772080897147826628e-02
4.664583333333332860e+01,6.755732932860757101e-02
4.666666666666666430e+01,6.738225461134202121e-02
4.668750000000000000e+01,6.719561502261235664e-02
4.670833333333332860e+01,6.699744274322580462e-02
4.672916666666666430e+01,6.678777192635838855e-02
4.675000000000000000e+01,6.656663869171422498e-02
4.677083333333332860e+01,6.633408111935189255e-02
4.679166666666666430e+01,6.609013924317749811e-02
4.681250000000000000e+01,6.583485504410518940e-02
4.683333333333332860e+01,6.556827244288507273e-02
4.685416666666666430e+01,6.529043729259953466e-02
4.687500000000000000e+01,6.500139737082875901e-02
4.689583333333332860e+01,6.470120237148667408e-02
4.691666666666666430e+01,6.438990389632845424e-02
4.693750000000000000e+01,6.406755544613157438e-02
4.695833333333332860e+01,6.373421241155133310e-02
4.697916666666666430e+01,6.338993206365334254e-02
4.700000000000000000e+01,6.303477354412433120e-02
4.702083333333332860e+01,6.266879785516321633e-02
4.704166666666666430e+01,6.229206784905441663e-02
4.706250000000000000e+01,6.190464821742530654e-02
4.708333333333332860e+01,6.150660548018947738e-02
4.710416666666666430e+01,6.109800797417792168e-02
4.712500000000000000e+01,6.067892584145991031e-02
4.714583333333332860e+01,6.024943101735547035e-02
4.716666666666666430e+01,5.980959721814138597e-02
4.718750000000000000e+01,5.935949992845276219e-02
4.720833333333332860e+01,5.889921638838212237e-02
4.722916666666666430e+01,5.842882558027810008e-02
4.725000000000000000e+01,5.794840821524598062e-02
4.727083333333332860e+01,5.745804671935229868e-02
4.729166666666666430e+01,5.695782521953582367e-02
4.731250000000000000e+01,5.644782952922747926e-02
4.733333333333332860e+01,5.592814713368149393e-02
4.735416666666666430e+01,5.539886717502048169e-02
4.737500000000000000e+01,5.486008043699718700e-02
4.739583333333332860e+01,5.431187932947538488e-02
4.741666666666666430e+01,5.375435787263281584e-02
4.743750000000000000e+01,5.318761168088898678e-02
4.745833333333332860e+01,5.261173794656048841e-02
4.747916666666666430e+01,5.202683542324679222e-02
4.750000000000000000e+01,5.143300440894946896e-02
4.752083333333332860e+01,5.083034672892759731e-02
4.754166666666666430e+01,5.021896571829240208e-02
4.756250000000000000e+01,4.959896620434396664e-02
4.758333333333332860e+01,4.897045448865320477e-02
4.760416666666666430e+01,4.833353832889199231e-02
4.762500000000000000e+01,4.768832692041451160e-02
4.764583333333332860e+01,4.703493087759305635e-02
4.766666666666666430e+01,4.637346221491140535e-02
4.768750000000000000e+01,4.570403432781892233e-02
4.770833333333332860e+01,4.502676197334873343e-02
4.772916666666666430e+01,4.434176125050320189e-02
4.775000000000000000e+01,4.364914958041022502e-02
4.777083333333332860e+01,4.294904568625354524e-02
4.779166666666666430e+01,4.224156957298065562e-02
4.781250000000000000e+01,4.152684250679173489e-02
4.783333333333332860e+01,4.080498699441313659e-02
4.785416666666666430e+01,4.007612676215905473e-02
4.787500000000000000e+01,3.934038673478484210e-02
4.789583333333332860e+01,3.859789301413570073e-02
4.791666666666666430e+01,3.784877285759427612e-02
4.793750000000000000e+01,3.709315465633102743e-02
4.795833333333332860e+01,3.633116791336083590e-02
4.797916666666666430e+01,3.556294322140987618e-02
4.800000000000000000e+01,3.478861224059622004e-02
4.802083333333332860e+01,3.400830767592815523e-02
4.804166666666666430e+01,3.322216325462402225e-02
4.806250000000000000e+01,3.243031370325736434e-02
4.808333333333332860e+01,3.163289472473129749e-02
4.810416666666666430e+01,3.083004297508608674e-02
4.812500000000000000e+01,3.002189604014376262e-02
4.814583333333332860e+01,2.920859241199385767e-02
4.816666666666666430e+01,2.839027146532417320e-02
4.818750000000000000e+01,2.756707343360068410e-02
4.820833333333332860e+01,2.673913938510057847e-02
4.822916666666666430e+01,2.590661119880258156e-02
4.825000000000000000e+01,2.506963154013863368e-02
4.827083333333332860e+01,2.422834383661109578e-02
4.829166666666666430e+01,2.338289225327954204e-02
4.831250000000000000e+01,2.253342166812142069e-02
4.833333333333332860e+01,2.168007764727076375e-02
4.835416666666666430e+01,2.082300642013909173e-02
4.837500000000000000e+01,1.996235485442287086e-02
4.839583333333332860e+01,1.909827043100162727e-02
4.841666666666666430e+01,1.823090121873111730e-02
4.843750000000000000e+01,1.736039584913580749e-02
4.845833333333332860e+01,1.648690349100494917e-02
4.847916666666666430e+01,1.561057382489658245e-02
4.850000000000000000e+01,1.473155701755382227e-02
4.852083333333332860e+01,1.385000369623777712e-02
4.854166666666666430e+01,1.296606492298151003e-02
4.856250000000000000e+01,1.207989216876931803e-02
4.858333333333332860e+01,1.119163728764581943e-02
4.860416666666666430e+01,1.030145249075930906e-02
4.862500000000000000e+01,9.409490320343700739e-03
4.864583333333332860e+01,8.515903623643534398e-03
4.866666666666666430e+01,7.620845526786507868e-03
4.868750000000000000e+01,6.724469408607977594e-03
4.870833333333332860e+01,5.826928874431927356e-03
4.872916666666666430e+01,4.928377729812854526e-03
4.875000000000000000e+01,4.028969954243028645e-03
4.877083333333332860e+01,3.128859674829642581e-03
4.879166666666666430e+01,2.228201139946381706e-03
4.881250000000000000e+01,1.327148692863877166e-03
4.883333333333332860e+01,4.258567453635335996e-04
4.885416666666666430e+01,-4.755202486607345820e-04
4.887500000000000000e+01,-1.376827819608354448e-03
4.889583333333332860e+01,-2.277911508580984703e-03
4.891666666666666430e+01,-3.178616893789975618e-03
4.893750000000000000e+01,-4.078789616957873877e-03
4.895833333333332860e+01,-4.978275409709417322e-03
4.897916666666666430e+01,-5.876920119947505808e-03
4.900000000000000000e+01,-6.774569738209675063e-03
4.902083333333332860e+01,-7.671070424000517307e-03
4.904166666666666430e+01,-8.566268532095511895e-03
4.906250000000000000e+01,-9.460010638811819014e-03
4.908333333333332860e+01,-1.035214356824146892e-02
4.910416666666666430e+01,-1.124251441844248064e-02
4.912500000000000000e+01,-1.213097058758337739e-02
4.914583333333332860e+01,-1.301735980003660038e-02
4.916666666666666430e+01,-1.390153013241637869e-02
4.918750000000000000e+01,-1.478333003955658274e-02
4.920833333333332860e+01,-1.566260838042405484e-02
4.922916666666666430e+01,-1.653921444396289769e-02
4.925000000000000000e+01,-1.741299797486538931e-02
4.927083333333332860e+01,-1.828380919926506781e-02
4.929166666666666430e+01,-1.915149885034747937e-02
4.931250000000000000e+01,-2.001591819387422630e-02
4.933333333333332860e+01,-2.087691905361589370e-02
4.935416666666666430e+01,-2.173435383668952114e-02
4.937500000000000000e+01,-2.258807555879622717e-02
4.939583333333332860e+01,-2.343793786935458728e-02
4.941666666666666430e+01,-2.428379507652545302e-02
4.943750000000000000e+01,-2.512550217212395146e-02
4.945833333333332860e+01,-2.596291485641432500e-02
4.947916666666666430e+01,-2.679588956278336140e-02
4.950000000000000000e+01,-2.762428348228814640e-02
4.952083333333332860e+01,-2.844795458807394817e-02
4.954166666666666430e+01,-2.926676165965799714e-02
4.956250000000000000e+01,-3.008056430707510900e-02
4.958333333333332860e+01,-3.088922299488087650e-02
4.960416666666666430e+01,-3.169259906600846444e-02
4.962500000000000000e+01,-3.249055476547485499e-02
4.964583333333332860e+01,-3.328295326393262282e-02
4.966666666666666430e+01,-3.406965868106320849e-02
4.968750000000000000e+01,-3.485053610880782526e-02
4.970833333333332860e+01,-3.562545163443207874e-02
4.972916666666666430e+01,-3.639427236342048649e-02
4.975000000000000000e+01,-3.715686644219719226e-02
4.977083333333332860e+01,-3.791310308066924567e-02
4.979166666666666430e+01,-3.866285257458863117e-02
4.981250000000000000e+01,-3.940598632772981252e-02
4.983333333333332860e+01,-4.014237687387904596e-02
4.985416666666666430e+01,-4.087189789863236722e-02
4.987500000000000000e+01,-4.159442426099880380e-02
4.989583333333332860e+01,-4.230983201480585654e-02
4.991666666666666430e+01,-4.301799842990399608e-02
4.993750000000000000e+01,-4.371880201316744735e-02
4.995833333333332860e+01,-4.441212252928856269e-02
4.997916666666666430e+01,-4.509784102136284167e-02
5.000000000000000000e+01,-4.577583983126256445e-02
5.002083333333332860e+01,-4.644600261979629774e-02
5.004166666666666430e+01,-4.710821438665253186e-02
5.006250000000000000e+01,-4.776236149012520055e-02
5.008333333333332860e+01,-4.840833166661943215e-02
5.010416666666666430e+01,-4.904601404993600561e-02
5.012500000000000000e+01,-4.967529919033301239e-02
5.014583333333332860e+01,-5.029607907336362815e-02
5.016666666666666430e+01,-5.090824713848886296e-02
5.018750000000000000e+01,-5.151169829746450601e-02
5.020833333333332860e+01,-5.210632895250159879e-02
5.022916666666666430e+01,-5.269203701419988839e-02
5.025000000000000000e+01,-5.326872191925372674e-02
5.027083333333332860e+01,-5.383628464793015905e-02
5.029166666666666430e+01,-5.439462774131876427e-02
5.031250000000000000e+01,-5.494365531835277566e-02
5.033333333333332860e+01,-5.548327309260102369e-02
5.035416666666666430e+01,-5.601338838882998633e-02
5.037500000000000000e+01,-5.653391015933482977e-02
5.039583333333332860e+01,-5.704474900003798921e-02
5.041666666666666430e+01,-5.754581716635336769e-02
5.043750000000000000e+01,-5.803702858881340521e-02
5.045833333333332860e+01,-5.851829888845579142e-02
5.047916666666666430e+01,-5.898954539196527708e-02
5.050000000000000000e+01,-5.945068714656538689e-02
5.052083333333332860e+01,-5.990164493465339329e-02
5.054166666666666430e+01,-6.034234128817081433e-02
5.056250000000000000e+01,-6.077270050270044272e-02
5.058333333333332860e+01,-6.119264865127935216e-02
5.060416666666666430e+01,-6.160211359791616104e-02
5.062500000000000000e+01,-6.200102501079966799e-02
5.064583333333332860e+01,-6.238931437518452361e-02
5.066666666666666430e+01,-6.276691500593897799e-02
5.068750000000000000e+01,-6.313376205973902922e-02
5.070833333333332860e+01,-6.348979254689260388e-02
5.072916666666666430e+01,-6.383494534277803223e-02
5.075000000000000000e+01,-6.416916119888102510e-02
5.077083333333332860e+01,-6.449238275341549753e-02
5.079166666666666430e+01,-6.480455454151536065e-02
5.081250000000000000e+01,-6.510562300498543009e-02
5.083333333333332860e+01,-6.539553650160292997e-02
5.085416666666666430e+01,-6.567424531396313936e-02
5.087500000000000000e+01,-6.594170165786611415e-02
5.089583333333332860e+01,-6.619785969024437333e-02
5.091666666666666430e+01,-6.644267551663475546e-02
5.093750000000000000e+01,-6.667610719820088461e-02
5.095833333333332860e+01,-6.689811475831582144e-02
5.097916666666666430e+01,-6.710866018871643190e-02
5.100000000000000000e+01,-6.730770745524394805e-02
5.102083333333332860e+01,-6.749522250318598648e-02
5.104166666666666430e+01,-6.767117326223694163e-02
5.106250000000000000e+01,-6.783552965109317101e-02
5.108333333333332860e+01,-6.798826358169951511e-02
5.110416666666666430e+01,-6.812934896316240330e-02
5.112500000000000000e+01,-6.825876170534342369e-02
5.114583333333332860e+01,-6.837647972214513925e-02
5.116666666666666430e+01,-6.848248293449862856e-02
5.118750000000000000e+01,-6.857675327305998159e-02
5.120833333333332860e+01,-6.865927468062033023e-02
5.122916666666666430e+01,-6.873003311423182826e-02
5.125000000000000000e+01,-6.878901654704970559e-02
5.127083333333332860e+01,-6.883621496988868993e-02
5.129166666666666430e+01,-6.887162039249081213e-02
5.131250000000000000e+01,-6.889522684450029300e-02
5.133333333333332860e+01,-6.890703037614069604e-02
5.135416666666666430e+01,-6.890702905858918370e-02
5.137500000000000000e+01,-6.889522298404270051e-02
5.139583333333332860e+01,-6.887161426547119825e-02
5.141666666666666430e+01,-6.883620703605365654e-02
5.143750000000000000e+01,-6.878900744829302694e-02
5.145833333333332860e+01,-6.873002367280717229e-02
5.147916666666666430e+01,-6.865926589679326175e-02
5.150000000000000000e+01,-6.857674632216406718e-02
5.152083333333332860e+01,-6.848247916335471752e-02
5.154166666666666430e+01,-6.837648064479930066e-02
5.156250000000000000e+01,-6.825876899807672982e-02
5.158333333333332860e+01,-6.812936445872549984e-02
5.160416666666666430e+01,-6.798828926272730555e-02
5.162500000000000000e+01,-6.783556764265932792e-02
5.164583333333332860e+01,-6.767122582351485505e-02
5.166666666666666430e+01,-6.749529201819211288e-02
5.168750000000000000e+01,-6.730779642265091733e-02
5.170833333333332860e+01,-6.710877121073702267e-02
5.172916666666666430e+01,-6.689825052867370836e-02
5.175000000000000000e+01,-6.667627048922047939e-02
5.177083333333332860e+01,-6.644286916549874134e-02
5.179166666666666430e+01,-6.619808658448438077e-02
5.181250000000000000e+01,-6.594196472016770894e-02
5.183333333333332860e+01,-6.567454748638101858e-02
5.185416666666666430e+01,-6.539588072929460039e-02
5.187500000000000000e+01,-6.510601221958202400e-02
5.189583333333332860e+01,-6.480499164425579384e-02
5.191666666666666430e+01,-6.449287059817489232e-02
5.193750000000000000e+01,-6.416970257522551513e-02
5.195833333333332860e+01,-6.383554295917677479e-02
5.197916666666666430e+01,-6.349044901421298237e-02
5.200000000000000000e+01,-6.313447987514449189e-02
5.202083333333332860e+01,-6.276769653729885601e-02
5.204166666666666430e+01,-6.239016184609402077e-02
5.206250000000000000e+01,-6.200194048629574517e-02
5.208333333333332860e+01,-6.160309897096089005e-02
5.210416666666666430e+01,-6.119370563006858166e-02
5.212500000000000000e+01,-6.077383059884105404e-02
5.214583333333332860e+01,-6.034354580575611304e-02
5.216666666666666430e+01,-5.990292496025310942e-02
5.218750000000000000e+01,-5.945204354013451653e-02
5.220833333333332860e+01,-5.899097877866495143e-02
5.222916666666666430e+01,-5.851980965136996393e-02
5.225000000000000000e+01,-5.803861686253652952e-02
5.227083333333332860e+01,-5.754748283141771642e-02
5.229166666666666430e+01,-5.704649167814374033e-02
5.231250000000000000e+01,-5.653572920934187701e-02
5.233333333333332860e+01,-5.601528290346773770e-02
5.235416666666666430e+01,-5.548524189585044009e-02
5.237500000000000000e+01,-5.494569696345437404e-02
5.239583333333332860e+01,-5.439674050936022659e-02
5.241666666666666430e+01,-5.383846654696802098e-02
5.243750000000000000e+01,-5.327097068392493140e-02
5.245833333333332860e+01,-5.269435010578073925e-02
5.247916666666666430e+01,-5.210870355937371329e-02
5.250000000000000000e+01,-5.151413133594985594e-02
5.252083333333332860e+01,-5.091073525401842992e-02
5.254166666666666430e+01,-5.029861864194659637e-02
5.256250000000000000e+01,-4.967788632029625923e-02
5.258333333333332860e+01,-4.904864458390605086e-02
5.260416666666666430e+01,-4.841100118372151234e-02
5.262500000000000000e+01,-4.776506530837655584e-02
5.264583333333332860e+01,-4.711094756552929030e-02
5.266666666666666430e+01,-4.644875996295547149e-02
5.268750000000000000e+01,-4.577861588940261572e-02
5.270833333333332860e+01,-4.510063009520828142e-02
5.272916666666666430e+01,-4.441491867268564098e-02
5.275000000000000000e+01,-4.372159903627978461e-02
5.277083333333332860e+01,-4.302078990249813550e-02
5.279166666666666430e+01,-4.231261126961841784e-02
5.281250000000000000e+01,-4.159718439717766114e-02
5.283333333333332860e+01,-4.087463178524577273e-02
5.285416666666666430e+01,-4.014507715348721723e-02
5.287500000000000000e+01,-3.940864542001443899e-02
5.289583333333332860e+01,-3.866546268003658721e-02
5.291666666666666430e+01,-3.791565618430722123e-02
5.293750000000000000e+01,-3.715935431737470845e-02
5.295833333333332860e+01,-3.639668657563889520e-02
5.297916666666666430e+01,-3.562778354521798502e-02
5.300000000000000000e+01,-3.485277687962926030e-02
5.302083333333332860e+01,-3.407179927728743590e-02
5.304166666666666430e+01,-3.328498445882450973e-02
5.306250000000000000e+01,-3.249246714423498217e-02
5.308333333333332860e+01,-3.169438302985034400e-02
5.310416666666666430e+01,-3.089086876514662849e-02
5.312500000000000000e+01,-3.008206192938909368e-02
5.314583333333332860e+01,-2.926810100811796933e-02
5.316666666666666430e+01,-2.844912536947933820e-02
5.318750000000000000e+01,-2.762527524040507554e-02
5.320833333333332860e+01,-2.679669168264591297e-02
5.322916666666666430e+01,-2.596351656866183882e-02
5.325000000000000000e+01,-2.512589255737381413e-02
5.327083333333332860e+01,-2.428396306978098870e-02
5.329166666666666430e+01,-2.343787226444758731e-02
5.331250000000000000e+01,-2.258776501286358790e-02
5.333333333333332860e+01,-2.173378687468347642e-02
5.335416666666666430e+01,-2.087608407284721745e-02
5.337500000000000000e+01,-2.001480346858770798e-02
5.339583333333332860e+01,-1.915009253632898867e-02
5.341666666666666430e+01,-1.828209933847941768e-02
5.343750000000000000e+01,-1.741097250012420619e-02
5.345833333333332860e+01,-1.653686118362153457e-02
5.347916666666666430e+01,-1.565991506310656506e-02
5.350000000000000000e+01,-1.478028429890778338e-02
5.352083333333332860e+01,-1.389811951187997982e-02
5.354166666666666430e+01,-1.301357175765819989e-02
5.356250000000000000e+01,-1.212679250083709484e-02
5.358333333333332860e+01,-1.123793358908006280e-02
5.360416666666666430e+01,-1.034714722716259354e-02
5.362500000000000000e+01,-9.454585950954257773e-03
5.364583333333332860e+01,-8.560402601343766391e-03
5.366666666666666430e+01,-7.664750298111536880e-03
5.368750000000000000e+01,-6.767782413754240035e-03
5.370833333333332860e+01,-5.869652547265773006e-03
5.372916666666666430e+01,-4.970514497879168977e-03
5.375000000000000000e+01,-4.070522238773921671e-03
5.377083333333332860e+01,-3.169829890753188967e-03
5.379166666666666430e+01,-2.268591695895357321e-03
5.381250000000000000e+01,-1.366961991184525169e-03
5.383333333333332860e+01,-4.650951821243805772e-04
5.385416666666666430e+01,4.368542836600307149e-04
5.387500000000000000e+01,1.338731942828117133e-03
5.389583333333332860e+01,2.240383342732619500e-03
5.391666666666666430e+01,3.141654067827040660e-03
5.393750000000000000e+01,4.042389766067102513e-03
5.395833333333332860e+01,4.942436175301695607e-03
5.397916666666666430e+01,5.841639149648859310e-03
5.400000000000000000e+01,6.739844685852203199e-03
5.402083333333332860e+01,7.636898949613281709e-03
5.404166666666666430e+01,8.532648301895415233e-03
5.406250000000000000e+01,9.426939325194451727e-03
5.408333333333332860e+01,1.031961884977190998e-02
5.410416666666666430e+01,1.121053397984603933e-02
5.412500000000000000e+01,1.209953211973632814e-02
5.414583333333332860e+01,1.298646099995690896e-02
5.416666666666666430e+01,1.387116870325440406e-02
5.418750000000000000e+01,1.475350369058570262e-02
5.420833333333332860e+01,1.563331482703124789e-02
5.422916666666666430e+01,1.651045140763933439e-02
5.425000000000000000e+01,1.738476318319701411e-02
5.427083333333332860e+01,1.825610038592307208e-02
5.429166666666666430e+01,1.912431375507875342e-02
5.431250000000000000e+01,1.998925456249181498e-02
5.433333333333332860e+01,2.085077463798942418e-02
5.435416666666666430e+01,2.170872639473557519e-02
5.437500000000000000e+01,2.256296285446865099e-02
5.439583333333332860e+01,2.341333767263476667e-02
5.441666666666666430e+01,2.425970516341258501e-02
5.443750000000000000e+01,2.510192032462527437e-02
5.445833333333332860e+01,2.593983886253531032e-02
5.447916666666666430e+01,2.677331721651785013e-02
5.450000000000000000e+01,2.760221258360845420e-02
5.452083333333332860e+01,2.842638294292092194e-02
5.454166666666666430e+01,2.924568707993107849e-02
5.456250000000000000e+01,3.005998461062229024e-02
5.458333333333332860e+01,3.086913600548867390e-02
5.460416666666666430e+01,3.167300261339182216e-02
5.462500000000000000e+01,3.247144668526703859e-02
5.464583333333332860e+01,3.326433139767502600e-02
5.466666666666666430e+01,3.405152087619520151e-02
5.468750000000000000e+01,3.483288021865649231e-02
5.470833333333332860e+01,3.560827551820191367e-02
5.472916666666666430e+01,3.637757388618312326e-02
5.475000000000000000e+01,3.714064347488110762e-02
5.477083333333332860e+01,3.789735350004934389e-02
5.479166666666666430e+01,3.864757426327587730e-02
5.481250000000000000e+01,3.939117717416080328e-02
5.483333333333332860e+01,4.012803477230557359e-02
5.485416666666666430e+01,4.085802074911099729e-02
5.487500000000000000e+01,4.158100996938043220e-02
5.489583333333332860e+01,4.229687849272522476e-02
5.491666666666666430e+01,4.300550359476927598e-02
5.493750000000000000e+01,4.370676378814983970e-02
5.495833333333332860e+01,4.440053884331181949e-02
5.497916666666666430e+01,4.508670980909298964e-02
5.500000000000000000e+01,4.576515903309754524e-02
5.502083333333332860e+01,4.643577018185571920e-02
5.504166666666666430e+01,4.709842826076748173e-02
5.506250000000000000e+01,4.775301963382817816e-02
5.508333333333332860e+01,4.839943204313439801e-02
5.510416666666666430e+01,4.903755462816856286e-02
5.512500000000000000e+01,4.966727794486074793e-02
5.514583333333332860e+01,5.028849398442662710e-02
5.516666666666666430e+01,5.090109619198042445e-02
5.518750000000000000e+01,5.150497948492209488e-02
5.520833333333332860e+01,5.210004027109810254e-02
5.522916666666666430e+01,5.268617646673510319e-02
5.525000000000000000e+01,5.326328751414623197e-02
5.527083333333332860e+01,5.383127439920947638e-02
5.529166666666666430e+01,5.439003966861792605e-02
5.531250000000000000e+01,5.493948744690128894e-02
5.533333333333332860e+01,5.547952345321829210e-02
5.535416666666666430e+01,5.601005501791916225e-02
5.537500000000000000e+01,5.653099109887713830e-02
5.539583333333332860e+01,5.704224229758747544e-02
5.541666666666666430e+01,5.754372087503221295e-02
5.543750000000000000e+01,5.803534076730769431e-02
5.545833333333332860e+01,5.851701760101171018e-02
5.547916666666666430e+01,5.898866870838580939e-02
5.550000000000000000e+01,5.945021314220737957e-02
5.552083333333332860e+01,5.990157169042494012e-02
5.554166666666666430e+01,6.034266689052899396e-02
5.556250000000000000e+01,6.077342304364925091e-02
5.558333333333332860e+01,6.119376622836775886e-02
5.560416666666666430e+01,6.160362431423625773e-02
5.562500000000000000e+01,6.200292697498459987e-02
5.564583333333332860e+01,6.239160570140628997e-02
5.566666666666666430e+01,6.276959381390592729e-02
5.568750000000000000e+01,6.313682647469275044e-02
5.570833333333332860e+01,6.349324069960436689e-02
5.572916666666666430e+01,6.383877536954445098e-02
5.575000000000000000e+01,6.417337124151881178e-02
5.577083333333332860e+01,6.449697095925542578e-02
5.579166666666666430e+01,6.480951906339500745e-02
5.581250000000000000e+01,6.511096200124093236e-02
5.583333333333332860e+01,6.540124813605960319e-02
5.585416666666666430e+01,6.568032775592506922e-02
5.587500000000000000e+01,6.594815308210454086e-02
5.589583333333332860e+01,6.620467827698506280e-02
5.591666666666666430e+01,6.644985945154446849e-02
5.593750000000000000e+01,6.668365467237304112e-02
5.595833333333332860e+01,6.690602396825538756e-02
5.597916666666666430e+01,6.711692933632433522e-02
5.600000000000000000e+01,6.731633474780104875e-02
5.602083333333332860e+01,6.750420615333704855e-02
5.604166666666666430e+01,6.768051148797434025e-02
5.606250000000000000e+01,6.784522067574091930e-02
5.608333333333332860e+01,6.799830563389745730e-02
5.610416666666666430e+01,6.813974027685087975e-02
5.612500000000000000e+01,6.826950051974835232e-02
5.614583333333332860e+01,6.838756428176379076e-02
5.616666666666666430e+01,6.849391148908591520e-02
5.618750000000000000e+01,6.858852407761552306e-02
5.620833333333332860e+01,6.867138599537607468e-02
5.622916666666666430e+01,6.874248320464033946e-02
5.625000000000000000e+01,6.880180368377303290e-02
5.627083333333332860e+01,6.884933742878779350e-02
5.629166666666666430e+01,6.888507645461547368e-02
5.631250000000000000e+01,6.890901479607935975e-02
5.633333333333332860e+01,6.892114850857279651e-02
5.635416666666666430e+01,6.892147566843359607e-02
5.637500000000000000e+01,6.890999637301048475e-02
5.639583333333332860e+01,6.888671274041655024e-02
5.641666666666666430e+01,6.885162890896533161e-02
5.643750000000000000e+01,6.880475103628584665e-02
5.645833333333332860e+01,6.874608729811364227e-02
5.647916666666666430e+01,6.867564788675524501e-02
5.650000000000000000e+01,6.859344500922449905e-02
5.652083333333332860e+01,6.849949288504927902e-02
5.654166666666666430e+01,6.839380774374816119e-02
5.656250000000000000e+01,6.827640782197630376e-02
5.658333333333332860e+01,6.814731336034023090e-02
5.660416666666666430e+01,6.800654659988154827e-02
5.662500000000000000e+01,6.785413177822904873e-02
5.664583333333332860e+01,6.769009512541947216e-02
5.666666666666666430e+01,6.751446485938622510e-02
5.668750000000000000e+01,6.732727118111611619e-02
5.670833333333332860e+01,6.712854626947364900e-02
5.672916666666666430e+01,6.691832427569259500e-02
5.675000000000000000e+01,6.669664131753458292e-02
5.677083333333332860e+01,6.646353547311475984e-02
5.679166666666666430e+01,6.621904677439433007e-02
5.681250000000000000e+01,6.596321720034040159e-02
5.683333333333332860e+01,6.569609066975358458e-02
5.685416666666666430e+01,6.541771303376382740e-02
5.687500000000000000e+01,6.512813206799566990e-02
5.689583333333332860e+01,6.482739746440388529e-02
5.691666666666666430e+01,6.451556082278094018e-02
5.693750000000000000e+01,6.419267564193766040e-02
5.695833333333332860e+01,6.385879731055885133e-02
5.697916666666666430e+01,6.351398309773566286e-02
5.700000000000000000e+01,6.315829214317632279e-02
5.702083333333332860e+01,6.279178544709718146e-02
5.704166666666666430e+01,6.241452585979601064e-02
5.706250000000000000e+01,6.202657807090932590e-02
5.708333333333332860e+01,6.162800859835566858e-02
5.710416666666666430e+01,6.121888577696677630e-02
5.712500000000000000e+01,6.079927974680828656e-02
5.714583333333332860e+01,6.036926244119224932e-02
5.716666666666666430e+01,5.992890757438308624e-02
5.718750000000000000e+01,5.947829062899911284e-02
5.720833333333332860e+01,5.901748884311153187e-02
5.722916666666666430e+01,5.854658119704318764e-02
5.725000000000000000e+01,5.806564839986904508e-02
5.727083333333332860e+01,5.757477287562085683e-02
5.729166666666666430e+01,5.707403874919814851e-02
5.731250000000000000e+01,5.656353183198809670e-02
5.733333333333332860e+01,5.604333960719682511e-02
5.735416666666666430e+01,5.551355121489455480e-02
5.737500000000000000e+01,5.497425743677732124e-02
5.739583333333332860e+01,5.442555068064797164e-02
5.741666666666666430e+01,5.386752496461924555e-02
5.743750000000000000e+01,5.330027590104154112e-02
5.745833333333332860e+01,5.272390068015835735e-02
5.747916666666666430e+01,5.213849805349216049e-02
5.750000000000000000e+01,5.154416831696365109e-02
5.752083333333332860e+01,5.094101329374720738e-02
5.754166666666666430e+01,5.032913631686555811e-02
5.756250000000000000e+01,4.970864221152664075e-02
5.758333333333332860e+01,4.907963727720555946e-02
5.760416666666666430e+01,4.844222926947475832e-02
5.762500000000000000e+01,4.779652738158543523e-02
5.764583333333332860e+01,4.714264222580338143e-02
5.766666666666666430e+01,4.648068581450241765e-02
5.768750000000000000e+01,4.581077154101857035e-02
5.770833333333332860e+01,4.513301416026823526e-02
5.772916666666666430e+01,4.444752976913382558e-02
5.775000000000000000e+01,4.375443578662002730e-02
5.777083333333332860e+01,4.305385093378420736e-02
5.779166666666666430e+01,4.234589521344436780e-02
5.781250000000000000e+01,4.163068988966817097e-02
5.783333333333332860e+01,4.090835746704649806e-02
5.785416666666666430e+01,4.017902166975512862e-02
5.787500000000000000e+01,3.944280742040815607e-02
5.789583333333332860e+01,3.869984081870670584e-02
5.791666666666666430e+01,3.795024911988664068e-02
5.793750000000000000e+01,3.719416071296891696e-02
5.795833333333332860e+01,3.643170509881634572e-02
5.797916666666666430e+01,3.566301286800038078e-02
5.800000000000000000e+01,3.488821567848186117e-02
5.802083333333332860e+01,3.410744623310937168e-02
5.804166666666666430e+01,3.332083825693911427e-02
5.806250000000000000e+01,3.252852647438009281e-02
5.808333333333332860e+01,3.173064658616858019e-02
5.810416666666666430e+01,3.092733524617567037e-02
5.812500000000000000e+01,3.011873003805203702e-02
5.814583333333332860e+01,2.930496945171362153e-02
5.816666666666666430e+01,2.848619285967248643e-02
5.818750000000000000e+01,2.766254049321677233e-02
5.820833333333332860e+01,2.683415341844380686e-02
5.822916666666666430e+01,2.600117351215042866e-02
5.825000000000000000e+01,2.516374343758473464e-02
5.827083333333332860e+01,2.432200662006333419e-02
5.829166666666666430e+01,2.347610722245818682e-02
5.831250000000000000e+01,2.262619012055729767e-02
5.833333333333332860e+01,2.177240087830346893e-02
5.835416666666666430e+01,2.091488572291527043e-02
5.837500000000000000e+01,2.005379151989449688e-02
5.839583333333332860e+01,1.918926574792435141e-02
5.841666666666666430e+01,1.832145647366265062e-02
5.843750000000000000e+01,1.745051232643433578e-02
5.845833333333332860e+01,1.657658247282759248e-02
5.847916666666666430e+01,1.569981659119789458e-02
5.850000000000000000e+01,1.482036484608432493e-02
5.852083333333332860e+01,1.393837786254252531e-02
5.854166666666666430e+01,1.305400670039868864e-02
5.856250000000000000e+01,1.216740282842888703e-02
5.858333333333332860e+01,1.127871809846821283e-02
5.860416666666666430e+01,1.038810471945412171e-02
5.862500000000000000e+01,9.495715231408442814e-03
5.864583333333332860e+01,8.601702479362415346e-03
5.866666666666666430e+01,7.706219587229241191e-03
5.868750000000000000e+01,6.809419931628635063e-03
5.870833333333332860e+01,5.911457115667809702e-03
5.872916666666666430e+01,5.012484942683407239e-03
5.875000000000000000e+01,4.112657389948784666e-03
5.877083333333332860e+01,3.212128582351188831e-03
5.879166666666666430e+01,2.311052766043366399e-03
5.881250000000000000e+01,1.409584282074048548e-03
5.883333333333332860e+01,5.078775400018031502e-04
5.885416666666666430e+01,-3.939130085031993054e-04
5.887500000000000000e+01,-1.295632896064994677e-03
5.889583333333332860e+01,-2.197127666010711099e-03
5.891666666666666430e+01,-3.098242898777995354e-03
5.893750000000000000e+01,-3.998824238316460965e-03
5.895833333333332860e+01,-4.898717418478676540e-03
5.897916666666666430e+01,-5.797768289396131210e-03
5.900000000000000000e+01,-6.695822843835641698e-03
5.902083333333332860e+01,-7.592727243531755162e-03
5.904166666666666430e+01,-8.488327845490570289e-03
5.906250000000000000e+01,-9.382471228260485033e-03
5.908333333333332860e+01,-1.027500421816536155e-02
5.910416666666666430e+01,-1.116577391549562238e-02
5.912500000000000000e+01,-1.205462772065270423e-02
5.914583333333332860e+01,-1.294141336024248745e-02
5.916666666666666430e+01,-1.382597891311313117e-02
5.918750000000000000e+01,-1.470817283633288342e-02
5.920833333333332860e+01,-1.558784399110335443e-02
5.922916666666666430e+01,-1.646484166860381904e-02
5.925000000000000000e+01,-1.733901561576210379e-02
5.927083333333332860e+01,-1.821021606094758161e-02
5.929166666666666430e+01,-1.907829373958191271e-02
5.931250000000000000e+01,-1.994309991966305984e-02
5.933333333333332860e+01,-2.080448642719818705e-02
5.935416666666666430e+01,-2.166230567154107944e-02
5.937500000000000000e+01,-2.251641067062972595e-02
5.939583333333332860e+01,-2.336665507611962803e-02
5.941666666666666430e+01,-2.421289319840859780e-02
5.943750000000000000e+01,-2.505498003154870909e-02
5.945833333333332860e+01,-2.589277127804108167e-02
5.947916666666666430e+01,-2.672612337350924530e-02
5.950000000000000000e+01,-2.755489351124681963e-02
5.952083333333332860e+01,-2.837893966663532913e-02
5.954166666666666430e+01,-2.919812062142794137e-02
5.956250000000000000e+01,-3.001229598789496508e-02
5.958333333333332860e+01,-3.082132623282698297e-02
5.960416666666666430e+01,-3.162507270139155308e-02
5.962500000000000000e+01,-3.242339764083933956e-02
5.964583333333332860e+01,-3.321616422405583580e-02
5.966666666666666430e+01,-3.400323657295445390e-02
5.968750000000000000e+01,-3.478447978170732396e-02
5.970833333333332860e+01,-3.555975993980974720e-02
5.972916666666666430e+01,-3.632894415497461837e-02
5.975000000000000000e+01,-3.709190057585299433e-02
5.977083333333332860e+01,-3.784849841457710307e-02
5.979166666666666430e+01,-3.859860796912229636e-02
5.981250000000000000e+01,-3.934210064548428892e-02
5.983333333333332860e+01,-4.007884897966833976e-02
5.985416666666666430e+01,-4.080872665948696160e-02
5.987500000000000000e+01,-4.153160854616291114e-02
5.989583333333332860e+01,-4.224737069573431675e-02
5.991666666666666430e+01,-4.295589038025899448e-02
5.993750000000000000e+01,-4.365704610881490644e-02
5.995833333333332860e+01,-4.435071764829413843e-02
5.997916666666666430e+01,-4.503678604398765606e-02
