0.000000000000000000e+00,0.000000000000000000e+00
2.083333333333333218e-02,0.000000000000000000e+00
4.166666666666666435e-02,1.565376082830034440e-04
6.250000000000000000e-02,6.673465370670571446e-04
8.333333333333332871e-02,1.422879033206414555e-03
1.041666666666666574e-01,2.187419470022101877e-03
1.250000000000000000e-01,2.852276464691355651e-03
1.458333333333333148e-01,3.428185454186063585e-03
1.666666666666666574e-01,3.909714798499347270e-03
1.875000000000000000e-01,4.238661327003827133e-03
2.083333333333333148e-01,4.369848600947789756e-03
2.291666666666666574e-01,4.313900371403724468e-03
2.500000000000000000e-01,4.113520464671609200e-03
2.708333333333333148e-01,3.808066778363216470e-03
2.916666666666666297e-01,3.429662505006604665e-03
3.125000000000000000e-01,3.016136348880088438e-03
3.333333333333333148e-01,2.612267911107386299e-03
3.541666666666666297e-01,2.258299258217947528e-03
3.750000000000000000e-01,1.981290217982380978e-03
3.958333333333333148e-01,1.795675930769656059e-03
4.166666666666666297e-01,1.706834175782368217e-03
4.375000000000000000e-01,1.711915170878947545e-03
4.583333333333333148e-01,1.799169907489625315e-03
4.791666666666666297e-01,1.949275471404243645e-03
5.000000000000000000e-01,2.138770831472528756e-03
5.208333333333332593e-01,2.343480176167150528e-03
5.416666666666666297e-01,2.540775514282560439e-03
5.625000000000000000e-01,2.711110899271927839e-03
5.833333333333332593e-01,2.839449861067044889e-03
6.041666666666666297e-01,2.916430753564012643e-03
6.250000000000000000e-01,2.938769670875377316e-03
6.458333333333332593e-01,2.908790612419841909e-03
6.666666666666666297e-01,2.833460828637556026e-03
6.875000000000000000e-01,2.723229709117247314e-03
7.083333333333332593e-01,2.590682565769573519e-03
7.291666666666666297e-01,2.449110142480222067e-03
7.500000000000000000e-01,2.311131125303216276e-03
7.708333333333332593e-01,2.187543646449993055e-03
7.916666666666666297e-01,2.086511403222433402e-03
8.125000000000000000e-01,2.013094281063701387e-03
8.333333333333332593e-01,1.969107733823049090e-03
8.541666666666666297e-01,1.953303051493537716e-03
8.750000000000000000e-01,1.961833687555745043e-03
8.958333333333332593e-01,1.988924711701598683e-03
9.166666666666666297e-01,2.027646077561178102e-03
9.375000000000000000e-01,2.070704651942312235e-03
9.583333333333332593e-01,2.111179097467736927e-03
9.791666666666666297e-01,2.143140836445877381e-03
1.000000000000000000e+00,2.162112966842054222e-03
1.020833333333333259e+00,2.165335546677958981e-03
1.041666666666666519e+00,2.151835642026645335e-03
1.062500000000000000e+00,2.122319503588118370e-03
1.083333333333333259e+00,2.078914753722428937e-03
1.104166666666666519e+00,2.024805475494843333e-03
1.125000000000000000e+00,1.963808929851360019e-03
1.145833333333333259e+00,1.899940299232370138e-03
1.166666666666666519e+00,1.837006976705441970e-03
1.187500000000000000e+00,1.778267653374125462e-03
1.208333333333333259e+00,1.726182468133957097e-03
1.229166666666666519e+00,1.682268404212189546e-03
1.250000000000000000e+00,1.647061423331808855e-03
1.270833333333333259e+00,1.620176376436361547e-03
1.291666666666666519e+00,1.600448083531428277e-03
1.312500000000000000e+00,1.586131342711219385e-03
1.333333333333333259e+00,1.575134084857366746e-03
1.354166666666666519e+00,1.565257318936198001e-03
1.375000000000000000e+00,1.554418027732241536e-03
1.395833333333333259e+00,1.540835766233123990e-03
1.416666666666666519e+00,1.523169319655283795e-03
1.437500000000000000e+00,1.500595915231450490e-03
1.458333333333333259e+00,1.472831813058270633e-03
1.479166666666666519e+00,1.440098964994194911e-03
1.500000000000000000e+00,1.403047102160173048e-03
1.520833333333333259e+00,1.362643747169506574e-03
1.541666666666666519e+00,1.320046257024914439e-03
1.562500000000000000e+00,1.276470158014836927e-03
1.583333333333333259e+00,1.233066809096545081e-03
1.604166666666666519e+00,1.190821050491083647e-03
1.625000000000000000e+00,1.150476355441548909e-03
1.645833333333333259e+00,1.112491528050725932e-03
1.666666666666666519e+00,1.077029531186624164e-03
1.687500000000000000e+00,1.043975888284254250e-03
1.708333333333333259e+00,1.012981552377765094e-03
1.729166666666666519e+00,9.835233699131910434e-04
1.750000000000000000e+00,9.549743655292615169e-04
1.770833333333333259e+00,9.266760150802793401e-04
1.791666666666666519e+00,8.980053668042025771e-04
1.812500000000000000e+00,8.684311695644287080e-04
1.833333333333333259e+00,8.375548815526732103e-04
1.854166666666666519e+00,8.051343478689393764e-04
1.875000000000000000e+00,7.710898432273818838e-04
1.895833333333333259e+00,7.354938964536278422e-04
1.916666666666666519e+00,6.985477050579977625e-04
1.937500000000000000e+00,6.605479135438950891e-04
1.958333333333333259e+00,6.218480237374583285e-04
1.979166666666666519e+00,5.828187354837006647e-04
2.000000000000000000e+00,5.438111319217129756e-04
2.020833333333333037e+00,5.051259088760686302e-04
2.041666666666666519e+00,4.669909077743183068e-04
2.062500000000000000e+00,4.295481615713872656e-04
2.083333333333333037e+00,3.928506163122299100e-04
2.104166666666666519e+00,3.568677470460515080e-04
2.125000000000000000e+00,3.214985244727706372e-04
2.145833333333333037e+00,2.865896601035169489e-04
2.166666666666666519e+00,2.519567871987245656e-04
2.187500000000000000e+00,2.174062190881153375e-04
2.208333333333333037e+00,1.827551380414847856e-04
2.229166666666666519e+00,1.478484610066405612e-04
2.250000000000000000e+00,1.125711449049730746e-04
2.270833333333333037e+00,7.685527046438551566e-05
2.291666666666666519e+00,4.068181776245857826e-05
2.312500000000000000e+00,4.077564438950934770e-06
2.333333333333333037e+00,-3.289204487783658435e-05
2.354166666666666519e+00,-7.013291994843294118e-05
2.375000000000000000e+00,-1.075339514801632555e-04
2.395833333333333037e+00,-1.449789491934836121e-04
2.416666666666666519e+00,-1.823577143267097783e-04
2.437500000000000000e+00,-2.195752855965682157e-04
2.458333333333333037e+00,-2.565586810138915930e-04
2.479166666666666519e+00,-2.932607742690288228e-04
2.500000000000000000e+00,-3.296612593245787652e-04
2.520833333333333037e+00,-3.657649406121091197e-04
2.541666666666666519e+00,-4.015978152056178647e-04
2.562500000000000000e+00,-4.372015717685644783e-04
2.583333333333333037e+00,-4.726272118210007758e-04
2.604166666666666519e+00,-5.079285028668473851e-04
2.625000000000000000e+00,-5.431559088988490054e-04
2.645833333333333037e+00,-5.783515248850374041e-04
2.666666666666666519e+00,-6.135453862977703100e-04
2.687500000000000000e+00,-6.487533512674289495e-04
2.708333333333333037e+00,-6.839765800505124898e-04
2.729166666666666519e+00,-7.192024809897047200e-04
2.750000000000000000e+00,-7.544068666210322063e-04
2.770833333333333037e+00,-7.895569769170330144e-04
2.791666666666666519e+00,-8.246149824631507537e-04
2.812500000000000000e+00,-8.595415782617629253e-04
2.833333333333333037e+00,-8.942993143153878284e-04
2.854166666666666519e+00,-9.288553742951847136e-04
2.875000000000000000e+00,-9.631835991007460605e-04
2.895833333333333037e+00,-9.972656473538558507e-04
2.916666666666666519e+00,-1.031091279561653596e-03
2.937500000000000000e+00,-1.064657838162029035e-03
2.958333333333333037e+00,-1.097969064235377722e-03
2.979166666666666519e+00,-1.131033439369955821e-03
3.000000000000000000e+00,-1.163862265139710200e-03
3.020833333333333037e+00,-1.196467693781046388e-03
3.041666666666666519e+00,-1.228860904170495224e-03
3.062500000000000000e+00,-1.261050581285344183e-03
3.083333333333333037e+00,-1.293041810493365546e-03
3.104166666666666519e+00,-1.324835445710043427e-03
3.125000000000000000e+00,-1.356427958389824426e-03
3.145833333333333037e+00,-1.387811727637098006e-03
3.166666666666666519e+00,-1.418975693966921092e-03
3.187500000000000000e+00,-1.449906273198345828e-03
3.208333333333333037e+00,-1.480588413818818101e-03
3.229166666666666519e+00,-1.511006680606108215e-03
3.250000000000000000e+00,-1.541146258060703414e-03
3.270833333333333037e+00,-1.570993786851126485e-03
3.291666666666666519e+00,-1.600537972341452763e-03
3.312500000000000000e+00,-1.629769932895051669e-03
3.333333333333333037e+00,-1.658683284228676825e-03
3.354166666666666519e+00,-1.687273981733190386e-03
3.375000000000000000e+00,-1.715539963390237026e-03
3.395833333333333037e+00,-1.743480650162614661e-03
3.416666666666666519e+00,-1.771096367878087149e-03
3.437500000000000000e+00,-1.798387755022709750e-03
3.458333333333333037e+00,-1.825355214781222398e-03
3.479166666666666519e+00,-1.851998458928321009e-03
3.500000000000000000e+00,-1.878316176982022670e-03
3.520833333333333037e+00,-1.904305848279969071e-03
3.541666666666666519e+00,-1.929963698856395314e-03
3.562500000000000000e+00,-1.955284791080733747e-03
3.583333333333333037e+00,-1.980263222567949215e-03
3.604166666666666519e+00,-2.004892403106296479e-03
3.625000000000000000e+00,-2.029165374313735264e-03
3.645833333333333037e+00,-2.053075136750397156e-03
3.666666666666666519e+00,-2.076614952371735358e-03
3.687500000000000000e+00,-2.099778596236978254e-03
3.708333333333333037e+00,-2.122560539138001936e-03
3.729166666666666519e+00,-2.144956051508405560e-03
3.750000000000000000e+00,-2.166961227574741838e-03
3.770833333333333037e+00,-2.188572936428922859e-03
3.791666666666666519e+00,-2.209788712944421238e-03
3.812500000000000000e+00,-2.230606605797596977e-03
3.833333333333333037e+00,-2.251025001877295009e-03
3.854166666666666519e+00,-2.271042446552118226e-03
3.875000000000000000e+00,-2.290657477405287808e-03
3.895833333333333037e+00,-2.309868485746082323e-03
3.916666666666666519e+00,-2.328673616002686214e-03
3.937500000000000000e+00,-2.347070708220576514e-03
3.958333333333333037e+00,-2.365057284224556054e-03
3.979166666666666519e+00,-2.382630573762628285e-03
4.000000000000000000e+00,-2.399787573513990652e-03
4.020833333333333037e+00,-2.416525129496142205e-03
4.041666666666666075e+00,-2.432840032226181275e-03
4.062500000000000000e+00,-2.448729113964325573e-03
4.083333333333333037e+00,-2.464189338397506941e-03
4.104166666666666075e+00,-2.479217874875886286e-03
4.125000000000000000e+00,-2.493812151728686238e-03
4.145833333333333037e+00,-2.507969885812091730e-03
4.166666666666666075e+00,-2.521689087993631180e-03
4.187500000000000000e+00,-2.534968046610984894e-03
4.208333333333333037e+00,-2.547805292913440673e-03
4.229166666666666075e+00,-2.560199553690419016e-03
4.250000000000000000e+00,-2.572149696951602470e-03
4.270833333333333037e+00,-2.583654676543448766e-03
4.291666666666666075e+00,-2.594713481016558843e-03
4.312500000000000000e+00,-2.605325091101641337e-03
4.333333333333333037e+00,-2.615488448793767788e-03
4.354166666666666075e+00,-2.625202439640795214e-03
4.375000000000000000e+00,-2.634465888345224535e-03
4.395833333333333037e+00,-2.643277566553602943e-03
4.416666666666666075e+00,-2.651636210686640627e-03
4.437500000000000000e+00,-2.659540546919389719e-03
4.458333333333333037e+00,-2.666989320018449926e-03
4.479166666666666075e+00,-2.673981322910496273e-03
4.500000000000000000e+00,-2.680515423972202032e-03
4.520833333333333037e+00,-2.686590589685388612e-03
4.541666666666666075e+00,-2.692205900989259795e-03
4.562500000000000000e+00,-2.697360562520025561e-03
4.583333333333333037e+00,-2.702053904588169828e-03
4.604166666666666075e+00,-2.706285378590972054e-03
4.625000000000000000e+00,-2.710054546972353630e-03
4.645833333333333037e+00,-2.713361069422260546e-03
4.666666666666666075e+00,-2.716204687015175492e-03
4.687500000000000000e+00,-2.718585206069256202e-03
4.708333333333333037e+00,-2.720502483358847815e-03
4.729166666666666075e+00,-2.721956413946721286e-03
4.750000000000000000e+00,-2.722946922584932889e-03
4.770833333333333037e+00,-2.723473959082855361e-03
4.791666666666666075e+00,-2.723537497722285962e-03
4.812500000000000000e+00,-2.723137540349503463e-03
4.833333333333333037e+00,-2.722274122472148963e-03
4.854166666666666075e+00,-2.720947321468034953e-03
4.875000000000000000e+00,-2.719157265948674365e-03
4.895833333333333037e+00,-2.716904145276603268e-03
4.916666666666666075e+00,-2.714188218345400978e-03
4.937500000000000000e+00,-2.711009820915695132e-03
4.958333333333333037e+00,-2.707369370999085888e-03
4.979166666666666075e+00,-2.703267372038254020e-03
5.000000000000000000e+00,-2.698704413880674644e-03
5.020833333333333037e+00,-2.693681171682547372e-03
5.041666666666666075e+00,-2.688198403199169948e-03
5.062500000000000000e+00,-2.682256944851665707e-03
5.083333333333333037e+00,-2.675857707207381867e-03
5.104166666666666075e+00,-2.669001670308245814e-03
5.125000000000000000e+00,-2.661689879418398848e-03
5.145833333333333037e+00,-2.653923441536387186e-03
5.166666666666666075e+00,-2.645703522957007243e-03
5.187500000000000000e+00,-2.637031348046310706e-03
5.208333333333333037e+00,-2.627908199166959381e-03
5.229166666666666075e+00,-2.618335417732957447e-03
5.250000000000000000e+00,-2.608314406129592228e-03
5.270833333333333037e+00,-2.597846630240406313e-03
5.291666666666666075e+00,-2.586933622301179798e-03
5.312500000000000000e+00,-2.575576983768757423e-03
5.333333333333333037e+00,-2.563778387943726252e-03
5.354166666666666075e+00,-2.551539582139152659e-03
5.375000000000000000e+00,-2.538862389212167073e-03
5.395833333333333037e+00,-2.525748708427865818e-03
5.416666666666666075e+00,-2.512200515626212324e-03
5.437500000000000000e+00,-2.498219862762031829e-03
5.458333333333333037e+00,-2.483808876923309251e-03
5.479166666666666075e+00,-2.468969758984770977e-03
5.500000000000000000e+00,-2.453704782055671652e-03
5.520833333333333037e+00,-2.438016289891368604e-03
5.541666666666666075e+00,-2.421906695412041465e-03
5.562500000000000000e+00,-2.405378479440878608e-03
5.583333333333333037e+00,-2.388434189757755993e-03
5.604166666666666075e+00,-2.371076440494238914e-03
5.625000000000000000e+00,-2.353307911902543289e-03
5.645833333333333037e+00,-2.335131350407044365e-03
5.666666666666666075e+00,-2.316549568945247464e-03
5.687500000000000000e+00,-2.297565447448799043e-03
5.708333333333333037e+00,-2.278181933439886800e-03
5.729166666666666075e+00,-2.258402042606076719e-03
5.750000000000000000e+00,-2.238228859285477067e-03
5.770833333333333037e+00,-2.217665536801128028e-03
5.791666666666666075e+00,-2.196715297609121501e-03
5.812500000000000000e+00,-2.175381433215071124e-03
5.833333333333333037e+00,-2.153667303885064849e-03
5.854166666666666075e+00,-2.131576338138745346e-03
5.875000000000000000e+00,-2.109112032091454720e-03
5.895833333333333037e+00,-2.086277948689159445e-03
5.916666666666666075e+00,-2.063077716834820635e-03
5.937500000000000000e+00,-2.039515030534476848e-03
5.958333333333333037e+00,-2.015593648040273772e-03
5.979166666666666075e+00,-1.991317391080047947e-03
6.000000000000000000e+00,-1.966690144139375887e-03
6.020833333333333037e+00,-1.941715853876020128e-03
6.041666666666666075e+00,-1.916398528604775333e-03
6.062500000000000000e+00,-1.890742237890784706e-03
6.083333333333333037e+00,-1.864751112183852481e-03
6.104166666666666075e+00,-1.838429342520936892e-03
6.125000000000000000e+00,-1.811781180243455733e-03
6.145833333333333037e+00,-1.784810936683017563e-03
6.166666666666666075e+00,-1.757522982831983410e-03
6.187500000000000000e+00,-1.729921748947362828e-03
6.208333333333333037e+00,-1.702011724089199209e-03
6.229166666666666075e+00,-1.673797455587655580e-03
6.250000000000000000e+00,-1.645283548430079767e-03
6.270833333333333037e+00,-1.616474664583836002e-03
6.291666666666666075e+00,-1.587375522265743700e-03
6.312500000000000000e+00,-1.557990895129718811e-03
6.333333333333333037e+00,-1.528325611497660533e-03
6.354166666666666075e+00,-1.498384553502705649e-03
6.375000000000000000e+00,-1.468172656273336249e-03
6.395833333333333037e+00,-1.437694907120562905e-03
6.416666666666666075e+00,-1.406956344737095429e-03
6.437500000000000000e+00,-1.375962058421499948e-03
6.458333333333333037e+00,-1.344717187315342755e-03
6.479166666666666075e+00,-1.313226919672885176e-03
6.500000000000000000e+00,-1.281496492143576350e-03
6.520833333333333037e+00,-1.249531189044100158e-03
6.541666666666666075e+00,-1.217336341628772432e-03
6.562500000000000000e+00,-1.184917327360452939e-03
6.583333333333333037e+00,-1.152279569163351626e-03
6.604166666666666075e+00,-1.119428534643875832e-03
6.625000000000000000e+00,-1.086369735284282252e-03
6.645833333333333037e+00,-1.053108725601073232e-03
6.666666666666666075e+00,-1.019651102276237066e-03
6.687500000000000000e+00,-9.860025032738378974e-04
6.708333333333333037e+00,-9.521686069219534310e-04
6.729166666666666075e+00,-9.181551309693041212e-04
6.750000000000000000e+00,-8.839678316243849586e-04
6.770833333333333037e+00,-8.496125025969800083e-04
6.791666666666666075e+00,-8.150949741299203227e-04
6.812500000000000000e+00,-7.804211120218521903e-04
6.833333333333333037e+00,-7.455968166426964541e-04
6.854166666666666075e+00,-7.106280219679319632e-04
6.875000000000000000e+00,-6.755206946078832391e-04
6.895833333333333037e+00,-6.402808328116197040e-04
6.916666666666666075e+00,-6.049144655147731210e-04
6.937500000000000000e+00,-5.694276513520820336e-04
6.958333333333333037e+00,-5.338264776558329042e-04
6.979166666666666075e+00,-4.981170594794266616e-04
7.000000000000000000e+00,-4.623055385743715553e-04
7.020833333333333037e+00,-4.263980823857483758e-04
7.041666666666666075e+00,-3.904008830218119773e-04
7.062500000000000000e+00,-3.543201562010089237e-04
7.083333333333333037e+00,-3.181621401923577031e-04
7.104166666666666075e+00,-2.819330947618964626e-04
7.125000000000000000e+00,-2.456393000844677701e-04
7.145833333333333037e+00,-2.092870556521527576e-04
7.166666666666666075e+00,-1.728826791724860624e-04
7.187500000000000000e+00,-1.364325054804106999e-04
7.208333333333333037e+00,-9.994288543492107482e-05
7.229166666666666075e+00,-6.342018478786286707e-05
7.250000000000000000e+00,-2.687078308099293851e-05
7.270833333333333037e+00,9.698927446687249753e-06
7.291666666666666075e+00,4.628254299535901204e-05
7.312500000000000000e+00,8.287364931060428434e-05
7.333333333333333037e+00,1.194658227849316806e-04
7.354166666666666075e+00,1.560526315920758426e-04
7.375000000000000000e+00,1.926276367972720694e-04
7.395833333333333037e+00,2.291843934771154530e-04
7.416666666666666075e+00,2.657164518250382007e-04
7.437500000000000000e+00,3.022173582859897676e-04
7.458333333333333037e+00,3.386806566851800868e-04
7.479166666666666075e+00,3.750998893317955378e-04
7.500000000000000000e+00,4.114685981664450445e-04
7.520833333333333037e+00,4.477803258727478387e-04
7.541666666666666075e+00,4.840286169984551025e-04
7.562500000000000000e+00,5.202070190929369365e-04
7.583333333333333037e+00,5.563090838066253249e-04
7.604166666666666075e+00,5.923283680150977096e-04
7.625000000000000000e+00,6.282584349237483028e-04
7.645833333333333037e+00,6.640928551735297792e-04
7.666666666666666075e+00,6.998252079284992362e-04
7.687500000000000000e+00,7.354490819665213510e-04
7.708333333333333037e+00,7.709580767646328180e-04
7.729166666666666075e+00,8.063458035519407855e-04
7.750000000000000000e+00,8.416058863553278280e-04
7.770833333333333037e+00,8.767319630720719122e-04
7.791666666666666075e+00,9.117176864923381670e-04
7.812500000000000000e+00,9.465567253171366284e-04
7.833333333333333037e+00,9.812427651477977769e-04
7.854166666666666075e+00,1.015769509501526823e-03
7.875000000000000000e+00,1.050130680789223636e-03
7.895833333333333037e+00,1.084320021254709093e-03
7.916666666666666075e+00,1.118331293932120149e-03
7.937500000000000000e+00,1.152158283570986919e-03
7.958333333333333037e+00,1.185794797534483764e-03
7.979166666666666075e+00,1.219234666695701279e-03
8.000000000000000000e+00,1.252471746290280234e-03
8.020833333333332149e+00,1.285499916764794998e-03
8.041666666666666075e+00,1.318313084597082805e-03
8.062500000000000000e+00,1.350905183098122719e-03
8.083333333333332149e+00,1.383270173165187730e-03
8.104166666666666075e+00,1.415402044053827059e-03
8.125000000000000000e+00,1.447294814084191562e-03
8.145833333333332149e+00,1.478942531369188251e-03
8.166666666666666075e+00,1.510339274464230722e-03
8.187500000000000000e+00,1.541479153041052817e-03
8.208333333333332149e+00,1.572356308540573313e-03
8.229166666666666075e+00,1.602964914793301131e-03
8.250000000000000000e+00,1.633299178638102740e-03
8.270833333333332149e+00,1.663353340524132990e-03
8.291666666666666075e+00,1.693121675130381410e-03
8.312500000000000000e+00,1.722598491977142716e-03
8.333333333333332149e+00,1.751778136059580762e-03
8.354166666666666075e+00,1.780654988510104071e-03
8.375000000000000000e+00,1.809223467289984479e-03
8.395833333333332149e+00,1.837478027944602172e-03
8.416666666666666075e+00,1.865413164417735513e-03
8.437500000000000000e+00,1.893023409980503077e-03
8.458333333333332149e+00,1.920303338251567321e-03
8.479166666666666075e+00,1.947247564379034866e-03
8.500000000000000000e+00,1.973850746398834750e-03
8.520833333333332149e+00,2.000107586790728521e-03
8.541666666666666075e+00,2.026012834287178183e-03
8.562500000000000000e+00,2.051561286016508143e-03
8.583333333333332149e+00,2.076747789955960769e-03
8.604166666666666075e+00,2.101567247787419854e-03
8.625000000000000000e+00,2.126014618251252566e-03
8.645833333333332149e+00,2.150084921011004898e-03
8.666666666666666075e+00,2.173773241105253756e-03
8.687500000000000000e+00,2.197074734053118018e-03
8.708333333333332149e+00,2.219984631714391234e-03
8.729166666666666075e+00,2.242498248942863173e-03
8.750000000000000000e+00,2.264610991088908225e-03
8.770833333333332149e+00,2.286318362378117388e-03
8.791666666666666075e+00,2.307615975288236296e-03
8.812500000000000000e+00,2.328499560840128178e-03
8.833333333333332149e+00,2.348964979840845006e-03
8.854166666666666075e+00,2.369008235039744316e-03
8.875000000000000000e+00,2.388625484095754491e-03
8.895833333333332149e+00,2.407813053235118971e-03
8.916666666666666075e+00,2.426567451419091477e-03
8.937500000000000000e+00,2.444885384765352332e-03
8.958333333333332149e+00,2.462763770942365260e-03
8.979166666666666075e+00,2.480199753125951131e-03
9.000000000000000000e+00,2.497190713150346762e-03
9.020833333333332149e+00,2.513734283320952743e-03
9.041666666666666075e+00,2.529828356362203660e-03
9.062500000000000000e+00,2.545471092997333030e-03
9.083333333333332149e+00,2.560660926578699377e-03
9.104166666666666075e+00,2.575396564246591920e-03
9.125000000000000000e+00,2.589676984190080519e-03
9.145833333333332149e+00,2.603501428614835283e-03
9.166666666666666075e+00,2.616869392216676637e-03
9.187500000000000000e+00,2.629780606095872240e-03
9.208333333333332149e+00,2.642235017225008468e-03
9.229166666666666075e+00,2.654232763793695684e-03
9.250000000000000000e+00,2.665774147031268766e-03
9.270833333333332149e+00,2.676859600184590578e-03
9.291666666666666075e+00,2.687489655618063248e-03
9.312500000000000000e+00,2.697664911067842487e-03
9.333333333333332149e+00,2.707385996196574104e-03
9.354166666666666075e+00,2.716653540606253203e-03
9.375000000000000000e+00,2.725468144474868688e-03
9.395833333333332149e+00,2.733830352716986722e-03
9.416666666666666075e+00,2.741740633565899719e-03
9.437500000000000000e+00,2.749199362161916689e-03
9.458333333333332149e+00,2.756206809507022373e-03
9.479166666666666075e+00,2.762763136818402639e-03
9.500000000000000000e+00,2.768868395090904287e-03
9.520833333333332149e+00,2.774522529433495928e-03
9.541666666666666075e+00,2.779725387511968512e-03
9.562500000000000000e+00,2.784476731288542881e-03
9.583333333333332149e+00,2.788776251159335272e-03
9.604166666666666075e+00,2.792623581544987667e-03
9.625000000000000000e+00,2.796018317062053202e-03
9.645833333333332149e+00,2.798960028450328541e-03
9.666666666666666075e+00,2.801448277593327884e-03
9.687500000000000000e+00,2.803482631117605161e-03
9.708333333333332149e+00,2.805062672249305795e-03
9.729166666666666075e+00,2.806188010729412409e-03
9.750000000000000000e+00,2.806858290849941102e-03
9.770833333333332149e+00,2.807073197707945708e-03
9.791666666666666075e+00,2.806832461937820884e-03
9.812500000000000000e+00,2.806135863206265981e-03
9.833333333333332149e+00,2.804983232854417214e-03
9.854166666666666075e+00,2.803374455964704332e-03
9.875000000000000000e+00,2.801309473188051333e-03
9.895833333333332149e+00,2.798788282543915752e-03
9.916666666666666075e+00,2.795810941371308731e-03
9.937500000000000000e+00,2.792377568507985880e-03
9.958333333333332149e+00,2.788488346728820125e-03
9.979166666666666075e+00,2.784143525426657252e-03
1.000000000000000000e+01,2.779343423381612846e-03
1.002083333333333215e+01,2.774088431532731065e-03
1.004166666666666607e+01,2.768379015640186260e-03
1.006250000000000000e+01,2.762215718661490717e-03
1.008333333333333215e+01,2.755599162776341954e-03
1.010416666666666607e+01,2.748530050939828207e-03
1.012500000000000000e+01,2.741009167952186860e-03
1.014583333333333215e+01,2.733037381022517150e-03
1.016666666666666607e+01,2.724615639876378989e-03
1.018750000000000000e+01,2.715744976444793048e-03
1.020833333333333215e+01,2.706426504246012624e-03
1.022916666666666607e+01,2.696661417542189128e-03
1.025000000000000000e+01,2.686450990379937297e-03
1.027083333333333215e+01,2.675796575609049825e-03
1.029166666666666607e+01,2.664699603966931129e-03
1.031250000000000000e+01,2.653161583275623348e-03
1.033333333333333215e+01,2.641184097826079682e-03
1.035416666666666607e+01,2.628768807924680359e-03
1.037500000000000000e+01,2.615917449634439645e-03
1.039583333333333215e+01,2.602631834660116845e-03
1.041666666666666607e+01,2.588913850357482758e-03
1.043750000000000000e+01,2.574765459806175900e-03
1.045833333333333215e+01,2.560188701917003387e-03
1.047916666666666607e+01,2.545185691512557007e-03
1.050000000000000000e+01,2.529758619332168022e-03
1.052083333333333215e+01,2.513909751949672602e-03
1.054166666666666607e+01,2.497641431574849739e-03
1.056250000000000000e+01,2.480956075740444605e-03
1.058333333333333215e+01,2.463856176867989817e-03
1.060416666666666607e+01,2.446344301742800053e-03
1.062500000000000000e+01,2.428423090891575816e-03
1.064583333333333215e+01,2.410095257923172956e-03
1.066666666666666607e+01,2.391363588846843764e-03
1.068750000000000000e+01,2.372230941389955050e-03
1.070833333333333215e+01,2.352700244346762112e-03
1.072916666666666607e+01,2.332774496955832087e-03
1.075000000000000000e+01,2.312456768353437359e-03
1.077083333333333215e+01,2.291750197055311689e-03
1.079166666666666607e+01,2.270657990520666067e-03
1.081250000000000000e+01,2.249183424736294831e-03
1.083333333333333215e+01,2.227329843859919990e-03
1.085416666666666607e+01,2.205100659873398313e-03
1.087500000000000000e+01,2.182499352214214029e-03
1.089583333333333215e+01,2.159529467416067966e-03
1.091666666666666607e+01,2.136194618735874282e-03
1.093750000000000000e+01,2.112498485715111774e-03
1.095833333333333215e+01,2.088444813746575830e-03
1.097916666666666607e+01,2.064037413534515128e-03
1.100000000000000000e+01,2.039280160565548790e-03
1.102083333333333215e+01,2.014176994521754780e-03
1.104166666666666607e+01,1.988731918661104311e-03
1.106250000000000000e+01,1.962948999198139543e-03
1.108333333333333215e+01,1.936832364617283725e-03
1.110416666666666607e+01,1.910386205044859158e-03
1.112500000000000000e+01,1.883614771576527748e-03
1.114583333333333215e+01,1.856522375624807724e-03
1.116666666666666607e+01,1.829113388258510678e-03
1.118750000000000000e+01,1.801392239595807788e-03
1.120833333333333215e+01,1.773363418150998442e-03
1.122916666666666607e+01,1.745031470210924420e-03
1.125000000000000000e+01,1.716400999219137207e-03
1.127083333333333215e+01,1.687476665150182365e-03
1.129166666666666607e+01,1.658263183873434372e-03
1.131250000000000000e+01,1.628765326502617161e-03
1.133333333333333215e+01,1.598987918743382652e-03
1.135416666666666607e+01,1.568935840209853333e-03
1.137500000000000000e+01,1.538614023712662690e-03
1.139583333333333215e+01,1.508027454547868421e-03
1.141666666666666607e+01,1.477181169749225897e-03
1.143750000000000000e+01,1.446080257320988280e-03
1.145833333333333215e+01,1.414729855459326844e-03
1.147916666666666607e+01,1.383135151759230363e-03
1.150000000000000000e+01,1.351301382404856109e-03
1.152083333333333215e+01,1.319233831351104662e-03
1.154166666666666607e+01,1.286937829495276436e-03
1.156250000000000000e+01,1.254418753840570461e-03
1.158333333333333215e+01,1.221682026666985436e-03
1.160416666666666607e+01,1.188733114689471439e-03
1.162500000000000000e+01,1.155577528206347881e-03
1.164583333333333215e+01,1.122220820232298260e-03
1.166666666666666607e+01,1.088668585666218314e-03
1.168750000000000000e+01,1.054926460392016912e-03
1.170833333333333215e+01,1.021000120429312128e-03
1.172916666666666607e+01,9.868952810250556599e-04
1.175000000000000000e+01,9.526176957509100134e-04
1.177083333333333215e+01,9.181731556045533236e-04
1.179166666666666607e+01,8.835674880843159438e-04
1.181250000000000000e+01,8.488065562281143671e-04
1.183333333333333215e+01,8.138962576797400010e-04
1.185416666666666607e+01,7.788425237269146683e-04
1.187500000000000000e+01,7.436513183299093199e-04
1.189583333333333215e+01,7.083286371164472040e-04
1.191666666666666607e+01,6.728805064043884157e-04
1.193750000000000000e+01,6.373129822003788768e-04
1.195833333333333215e+01,6.016321491808416730e-04
1.197916666666666607e+01,5.658441196835785033e-04
1.200000000000000000e+01,5.299550326738983403e-04
1.202083333333333215e+01,4.939710527341918548e-04
1.204166666666666607e+01,4.578983690051174633e-04
1.206250000000000000e+01,4.217431941588730381e-04
1.208333333333333215e+01,3.855117633523969206e-04
1.210416666666666607e+01,3.492103331741271480e-04
1.212500000000000000e+01,3.128451805669403779e-04
1.214583333333333215e+01,2.764226017857433250e-04
1.216666666666666607e+01,2.399489113203292048e-04
1.218750000000000000e+01,2.034304408048785966e-04
1.220833333333333215e+01,1.668735379365246703e-04
1.222916666666666607e+01,1.302845653883638274e-04
1.225000000000000000e+01,9.366989970882160519e-05
1.227083333333333215e+01,5.703593022407471515e-05
1.229166666666666607e+01,2.038905792252839079e-05
1.231250000000000000e+01,-1.626430564862259761e-05
1.233333333333333215e+01,-5.291773950843409131e-05
1.235416666666666607e+01,-8.956481434372768951e-05
1.237500000000000000e+01,-1.261990936416856760e-04
1.239583333333333215e+01,-1.628141348110889448e-04
1.241666666666666607e+01,-1.994034902988140422e-04
1.243750000000000000e+01,-2.359607087231713608e-04
1.245833333333333215e+01,-2.724793359947207116e-04
1.247916666666666607e+01,-3.089529164358458630e-04
1.250000000000000000e+01,-3.453749939188714853e-04
1.252083333333333215e+01,-3.817391129796200971e-04
1.254166666666666607e+01,-4.180388199442481570e-04
1.256250000000000000e+01,-4.542676640609573792e-04
1.258333333333333215e+01,-4.904191986114792273e-04
1.260416666666666607e+01,-5.264869820337170951e-04
1.262500000000000000e+01,-5.624645790501568232e-04
1.264583333333333215e+01,-5.983455617720838393e-04
1.266666666666666607e+01,-6.341235108140446004e-04
1.268750000000000000e+01,-6.697920164224768769e-04
1.270833333333333215e+01,-7.053446795596214668e-04
1.272916666666666607e+01,-7.407751130198945988e-04
1.275000000000000000e+01,-7.760769425272724849e-04
1.277083333333333215e+01,-8.112438078298744035e-04
1.279166666666666607e+01,-8.462693637850230181e-04
1.281250000000000000e+01,-8.811472814521075902e-04
1.283333333333333215e+01,-9.158712491592135114e-04
1.285416666666666607e+01,-9.504349735927803983e-04
1.287500000000000000e+01,-9.848321808440801007e-04
1.289583333333333215e+01,-1.019056617496229451e-03
1.291666666666666607e+01,-1.053102051673969128e-03
1.293750000000000000e+01,-1.086962274084539480e-03
1.295833333333333215e+01,-1.120631099082336057e-03
1.297916666666666607e+01,-1.154102365707485077e-03
1.300000000000000000e+01,-1.187369938730222212e-03
1.302083333333333215e+01,-1.220427709692478669e-03
1.304166666666666607e+01,-1.253269597949134215e-03
1.306250000000000000e+01,-1.285889551713112391e-03
1.308333333333333215e+01,-1.318281549092302583e-03
1.310416666666666607e+01,-1.350439599145783704e-03
1.312500000000000000e+01,-1.382357742936996719e-03
1.314583333333333215e+01,-1.414030054606787989e-03
1.316666666666666607e+01,-1.445450642455132747e-03
1.318750000000000000e+01,-1.476613650026375926e-03
1.320833333333333215e+01,-1.507513257235703480e-03
1.322916666666666607e+01,-1.538143681532977034e-03
1.325000000000000000e+01,-1.568499179056902443e-03
1.327083333333333215e+01,-1.598574045858726497e-03
1.329166666666666607e+01,-1.628362619172215621e-03
1.331250000000000000e+01,-1.657859278733253951e-03
1.333333333333333215e+01,-1.687058448138320900e-03
1.335416666666666607e+01,-1.715954596318585226e-03
1.337500000000000000e+01,-1.744542239065119231e-03
1.339583333333333215e+01,-1.772815940650535396e-03
1.341666666666666607e+01,-1.800770315569452445e-03
1.343750000000000000e+01,-1.828400030391728404e-03
1.345833333333333215e+01,-1.855699805756500951e-03
1.347916666666666607e+01,-1.882664418498464437e-03
1.350000000000000000e+01,-1.909288703965330777e-03
1.352083333333333215e+01,-1.935567558493089682e-03
1.354166666666666607e+01,-1.961495942095266547e-03
1.356250000000000000e+01,-1.987068881361406854e-03
1.358333333333333215e+01,-2.012281472576015525e-03
1.360416666666666607e+01,-2.037128885107387585e-03
1.362500000000000000e+01,-2.061606365032605821e-03
1.364583333333333215e+01,-2.085709239042310512e-03
1.366666666666666607e+01,-2.109432918627171354e-03
1.368750000000000000e+01,-2.132772904542888301e-03
1.370833333333333215e+01,-2.155724791566156727e-03
1.372916666666666607e+01,-2.178284273519716374e-03
1.375000000000000000e+01,-2.200447148579109859e-03
1.377083333333333215e+01,-2.222209324807690022e-03
1.379166666666666607e+01,-2.243566825906204328e-03
1.381250000000000000e+01,-2.264515797145162743e-03
1.383333333333333215e+01,-2.285052511423879031e-03
1.385416666666666607e+01,-2.305173375361028055e-03
1.387500000000000000e+01,-2.324874935375851638e-03
1.389583333333333215e+01,-2.344153883669591355e-03
1.391666666666666607e+01,-2.363007063973492604e-03
1.393750000000000000e+01,-2.381431476967171747e-03
1.395833333333333215e+01,-2.399424285239957783e-03
1.397916666666666607e+01,-2.416982817637855670e-03
1.400000000000000000e+01,-2.434104572927627951e-03
1.402083333333333215e+01,-2.450787222526202604e-03
1.404166666666666607e+01,-2.467028612242413467e-03
1.406250000000000000e+01,-2.482826762880846212e-03
1.408333333333333215e+01,-2.498179869570991279e-03
1.410416666666666607e+01,-2.513086299754603396e-03
1.412500000000000000e+01,-2.527544589735291475e-03
1.414583333333333215e+01,-2.541553439773762760e-03
1.416666666666666607e+01,-2.555111707729876974e-03
1.418750000000000000e+01,-2.568218401269905474e-03
1.420833333333333215e+01,-2.580872668751643586e-03
1.422916666666666607e+01,-2.593073788909027507e-03
1.425000000000000000e+01,-2.604821159498409925e-03
1.427083333333333215e+01,-2.616114285115888477e-03
1.429166666666666607e+01,-2.626952764435815969e-03
1.431250000000000000e+01,-2.637336277166224541e-03
1.433333333333333215e+01,-2.647264570960380838e-03
1.435416666666666607e+01,-2.656737448606388743e-03
1.437500000000000000e+01,-2.665754755746109570e-03
1.439583333333333215e+01,-2.674316369445362256e-03
1.441666666666666607e+01,-2.682422187802992620e-03
1.443750000000000000e+01,-2.690072120805133641e-03
1.445833333333333215e+01,-2.697266082578844183e-03
1.447916666666666607e+01,-2.704003985190564507e-03
1.450000000000000000e+01,-2.710285733938412427e-03
1.452083333333333215e+01,-2.716111224216556565e-03
1.454166666666666607e+01,-2.721480339861211736e-03
1.456250000000000000e+01,-2.726392952906271042e-03
1.458333333333333215e+01,-2.730848924543272799e-03
1.460416666666666607e+01,-2.734848107189419026e-03
1.462500000000000000e+01,-2.738390347456022122e-03
1.464583333333333215e+01,-2.741475489827864629e-03
1.466666666666666607e+01,-2.744103380855218797e-03
1.468750000000000000e+01,-2.746273873696186175e-03
1.470833333333333215e+01,-2.747986832853956812e-03
1.472916666666666607e+01,-2.749242138958304330e-03
1.475000000000000000e+01,-2.750039693490854281e-03
1.477083333333333215e+01,-2.750379423347720440e-03
1.479166666666666607e+01,-2.750261285214771010e-03
1.481250000000000000e+01,-2.749685269688416974e-03
1.483333333333333215e+01,-2.748651405152952813e-03
1.485416666666666607e+01,-2.747159761390048117e-03
1.487500000000000000e+01,-2.745210452928630897e-03
1.489583333333333215e+01,-2.742803642159748374e-03
1.491666666666666607e+01,-2.739939542264723405e-03
1.493750000000000000e+01,-2.736618419932109175e-03
1.495833333333333215e+01,-2.732840597895914037e-03
1.497916666666666607e+01,-2.728606457298094531e-03
1.500000000000000000e+01,-2.723916439913514308e-03
1.502083333333333215e+01,-2.718771050204205845e-03
1.504166666666666607e+01,-2.713170857239395346e-03
1.506250000000000000e+01,-2.707116496422821983e-03
1.508333333333333215e+01,-2.700608671076576862e-03
1.510416666666666607e+01,-2.693648153861017119e-03
1.512500000000000000e+01,-2.686235788017340975e-03
1.514583333333333215e+01,-2.678372488434046725e-03
1.516666666666666607e+01,-2.670059242561585201e-03
1.518750000000000000e+01,-2.661297111155557817e-03
1.520833333333333215e+01,-2.652087228877078769e-03
1.522916666666666607e+01,-2.642430804760253528e-03
1.525000000000000000e+01,-2.632329122565840382e-03
1.527083333333333215e+01,-2.621783541023957331e-03
1.529166666666666607e+01,-2.610795493977941840e-03
1.531250000000000000e+01,-2.599366490511237620e-03
1.533333333333333215e+01,-2.587498114960534723e-03
1.535416666666666607e+01,-2.575192026913781986e-03
1.537500000000000000e+01,-2.562449961184168779e-03
1.539583333333333215e+01,-2.549273727751281450e-03
1.541666666666666607e+01,-2.535665211676493055e-03
1.543750000000000000e+01,-2.521626373004067206e-03
1.545833333333333215e+01,-2.507159246648023310e-03
1.547916666666666607e+01,-2.492265942248566516e-03
1.550000000000000000e+01,-2.476948644017368164e-03
1.552083333333333215e+01,-2.461209610546526323e-03
1.554166666666666607e+01,-2.445051174598950484e-03
1.556250000000000000e+01,-2.428475742876773803e-03
1.558333333333333215e+01,-2.411485795735547871e-03
1.560416666666666607e+01,-2.394083886880601052e-03
1.562500000000000000e+01,-2.376272643059172338e-03
1.564583333333333215e+01,-2.358054763692667317e-03
1.566666666666666607e+01,-2.339433020499737462e-03
1.568750000000000000e+01,-2.320410257096468861e-03
1.570833333333333215e+01,-2.300989388605622753e-03
1.572916666666666607e+01,-2.281173401217074809e-03
1.575000000000000000e+01,-2.260965351748459983e-03
1.577083333333333215e+01,-2.240368367211309497e-03
1.579166666666666607e+01,-2.219385644370870832e-03
1.581250000000000000e+01,-2.198020449289486439e-03
1.583333333333333215e+01,-2.176276116863129842e-03
1.585416666666666607e+01,-2.154156050373642710e-03
1.587500000000000000e+01,-2.131663721011662488e-03
1.589583333333333215e+01,-2.108802667413871030e-03
1.591666666666666607e+01,-2.085576495174827800e-03
1.593750000000000000e+01,-2.061988876352875092e-03
1.595833333333333215e+01,-2.038043548958705115e-03
1.597916666666666607e+01,-2.013744316452909921e-03
1.600000000000000000e+01,-1.989095047209168618e-03
1.602083333333333215e+01,-1.964099673977527400e-03
1.604166666666666430e+01,-1.938762193317705501e-03
1.606250000000000000e+01,-1.913086665034959650e-03
1.608333333333333215e+01,-1.887077211588839790e-03
1.610416666666666430e+01,-1.860738017507886435e-03
1.612500000000000000e+01,-1.834073328787345523e-03
1.614583333333333215e+01,-1.807087452263700421e-03
1.616666666666666430e+01,-1.779784754991647292e-03
1.618750000000000000e+01,-1.752169663606513743e-03
1.620833333333333215e+01,-1.724246663681403479e-03
1.622916666666666430e+01,-1.696020299083155717e-03
1.625000000000000000e+01,-1.667495171295138622e-03
1.627083333333333215e+01,-1.638675938767405419e-03
1.629166666666666430e+01,-1.609567316215824257e-03
1.631250000000000000e+01,-1.580174073943376974e-03
1.633333333333333215e+01,-1.550501037141933545e-03
1.635416666666666430e+01,-1.520553085174428717e-03
1.637500000000000000e+01,-1.490335150866620812e-03
1.639583333333333215e+01,-1.459852219757219131e-03
1.641666666666666430e+01,-1.429109329357951957e-03
1.643750000000000000e+01,-1.398111568406003530e-03
1.645833333333333215e+01,-1.366864076085991643e-03
1.647916666666666430e+01,-1.335372041250664377e-03
1.650000000000000000e+01,-1.303640701630358204e-03
1.652083333333333215e+01,-1.271675343038762215e-03
1.654166666666666430e+01,-1.239481298544514807e-03
1.656250000000000000e+01,-1.207063947646925097e-03
1.658333333333333215e+01,-1.174428715450441443e-03
1.660416666666666430e+01,-1.141581071826911192e-03
1.662500000000000000e+01,-1.108526530548565887e-03
1.664583333333333215e+01,-1.075270648417778804e-03
1.666666666666666430e+01,-1.041819024401730888e-03
1.668750000000000000e+01,-1.008177298750049296e-03
1.670833333333333215e+01,-9.743511521097211227e-04
1.672916666666666430e+01,-9.403463046000126377e-04
1.675000000000000000e+01,-9.061685149165350306e-04
1.677083333333333215e+01,-8.718235794004610718e-04
1.679166666666666430e+01,-8.373173311161847838e-04
1.681250000000000000e+01,-8.026556388956627118e-04
1.683333333333333215e+01,-7.678444064067510826e-04
1.685416666666666430e+01,-7.328895711749873216e-04
1.687500000000000000e+01,-6.977971036181304610e-04
1.689583333333333215e+01,-6.625730060644751621e-04
1.691666666666666430e+01,-6.272233117864933196e-04
1.693750000000000000e+01,-5.917540839725553628e-04
1.695833333333333215e+01,-5.561714147443698681e-04
1.697916666666666430e+01,-5.204814241330790736e-04
1.700000000000000000e+01,-4.846902590768662118e-04
1.702083333333333215e+01,-4.488040923702445585e-04
1.704166666666666430e+01,-4.128291216408483009e-04
1.706250000000000000e+01,-3.767715683113282018e-04
1.708333333333333215e+01,-3.406376765595736894e-04
1.710416666666666430e+01,-3.044337122366068274e-04
1.712500000000000000e+01,-2.681659618263524010e-04
1.714583333333333215e+01,-2.318407313805583329e-04
1.716666666666666430e+01,-1.954643454447433780e-04
1.718750000000000000e+01,-1.590431459795998970e-04
1.720833333333333215e+01,-1.225834912720097012e-04
1.722916666666666430e+01,-8.609175485822775020e-05
1.725000000000000000e+01,-4.957432442864106667e-05
1.727083333333333215e+01,-1.303760072953806996e-05
1.729166666666666430e+01,2.351200352616041007e-05
1.731250000000000000e+01,6.006806477276542024e-05
1.733333333333333215e+01,9.662414969866587298e-05
1.735416666666666430e+01,1.331738163456657560e-04
1.737500000000000000e+01,1.697106152230913568e-04
1.739583333333333215e+01,2.062280904352206776e-04
1.741666666666666430e+01,2.427197807704471744e-04
1.743750000000000000e+01,2.791792208293453746e-04
1.745833333333333215e+01,3.155999421542820659e-04
1.747916666666666430e+01,3.519754743262215060e-04
1.750000000000000000e+01,3.882993460859414706e-04
1.752083333333333215e+01,4.245650864648698353e-04
1.754166666666666430e+01,4.607662258908006795e-04
1.756250000000000000e+01,4.968962972956461437e-04
1.758333333333333215e+01,5.329488372409044205e-04
1.760416666666666430e+01,5.689173870243546772e-04
1.762500000000000000e+01,6.047954937954307456e-04
1.764583333333333215e+01,6.405767116617724953e-04
1.766666666666666430e+01,6.762546027788560654e-04
1.768750000000000000e+01,7.118227384800859770e-04
1.770833333333333215e+01,7.472747003584294823e-04
1.772916666666666430e+01,7.826040813764403121e-04
1.775000000000000000e+01,8.178044869360112526e-04
1.777083333333333215e+01,8.528695359892185263e-04
1.779166666666666430e+01,8.877928621216134514e-04
1.781250000000000000e+01,9.225681146413010304e-04
1.783333333333333215e+01,9.571889596469544421e-04
1.785416666666666430e+01,9.916490811096129957e-04
1.787500000000000000e+01,1.025942181969485660e-03
1.789583333333333215e+01,1.060061985184492742e-03
1.791666666666666430e+01,1.094002234807657861e-03
1.793750000000000000e+01,1.127756697076517977e-03
1.795833333333333215e+01,1.161319161493828576e-03
1.797916666666666430e+01,1.194683441883045115e-03
1.800000000000000000e+01,1.227843377477435540e-03
1.802083333333333215e+01,1.260792834023146281e-03
1.804166666666666430e+01,1.293525704852321705e-03
1.806250000000000000e+01,1.326035912018388692e-03
1.808333333333333215e+01,1.358317407399042614e-03
1.810416666666666430e+01,1.390364173843356864e-03
1.812500000000000000e+01,1.422170226309270097e-03
1.814583333333333215e+01,1.453729613081492433e-03
1.816666666666666430e+01,1.485036416968611023e-03
1.818750000000000000e+01,1.516084756543626365e-03
1.820833333333333215e+01,1.546868787442329946e-03
1.822916666666666430e+01,1.577382703712496698e-03
1.825000000000000000e+01,1.607620739190627037e-03
1.827083333333333215e+01,1.637577168958489430e-03
1.829166666666666430e+01,1.667246310879678386e-03
1.831250000000000000e+01,1.696622527211137871e-03
1.833333333333333215e+01,1.725700226295096961e-03
1.835416666666666430e+01,1.754473864372002243e-03
1.837500000000000000e+01,1.782937947490488909e-03
1.839583333333333215e+01,1.811087033560970913e-03
1.841666666666666430e+01,1.838915734530743732e-03
1.843750000000000000e+01,1.866418718733537209e-03
1.845833333333333215e+01,1.893590713384536890e-03
1.847916666666666430e+01,1.920426507258406971e-03
1.850000000000000000e+01,1.946920953577825197e-03
1.852083333333333215e+01,1.973068973080584557e-03
1.854166666666666430e+01,1.998865557312335447e-03
1.856250000000000000e+01,2.024305772159917284e-03
1.858333333333333215e+01,2.049384761598281850e-03
1.860416666666666430e+01,2.074097751672521976e-03
1.862500000000000000e+01,2.098440054734211982e-03
1.864583333333333215e+01,2.122407073908197470e-03
1.866666666666666430e+01,2.145994307785125538e-03
1.868750000000000000e+01,2.169197355318053504e-03
1.870833333333333215e+01,2.192011920930801456e-03
1.872916666666666430e+01,2.214433819770797278e-03
1.875000000000000000e+01,2.236458983101604226e-03
1.877083333333333215e+01,2.258083463777149635e-03
1.879166666666666430e+01,2.279303441719011947e-03
1.881250000000000000e+01,2.300115229378816867e-03
1.883333333333333215e+01,2.320515277049256791e-03
1.885416666666666430e+01,2.340500178016146227e-03
1.887500000000000000e+01,2.360066673373093036e-03
1.889583333333333215e+01,2.379211656440734235e-03
1.891666666666666430e+01,2.397932176681248813e-03
1.893750000000000000e+01,2.416225443012085059e-03
1.895833333333333215e+01,2.434088826352960935e-03
1.897916666666666430e+01,2.451519861347110918e-03
1.900000000000000000e+01,2.468516247128220691e-03
1.902083333333333215e+01,2.485075847088558370e-03
1.904166666666666430e+01,2.501196687483730769e-03
1.906250000000000000e+01,2.516876954903754949e-03
1.908333333333333215e+01,2.532114992543089624e-03
1.910416666666666430e+01,2.546909295264946152e-03
1.912500000000000000e+01,2.561258503480591271e-03
1.914583333333333215e+01,2.575161395933121215e-03
1.916666666666666430e+01,2.588616881436914957e-03
1.918750000000000000e+01,2.601623989720647841e-03
1.920833333333333215e+01,2.614181861528158853e-03
1.922916666666666430e+01,2.626289738159835307e-03
1.925000000000000000e+01,2.637946950616315653e-03
1.927083333333333215e+01,2.649152908622306405e-03
1.929166666666666430e+01,2.659907089703946945e-03
1.931250000000000000e+01,2.670209028579412485e-03
1.933333333333333215e+01,2.680058307020295825e-03
1.935416666666666430e+01,2.689454544430440810e-03
1.937500000000000000e+01,2.698397389300680183e-03
1.939583333333333215e+01,2.706886511661934537e-03
1.941666666666666430e+01,2.714921596651428699e-03
1.943750000000000000e+01,2.722502339251628867e-03
1.945833333333333215e+01,2.729628440253765737e-03
1.947916666666666430e+01,2.736299603411524069e-03
1.950000000000000000e+01,2.742515533740892686e-03
1.952083333333333215e+01,2.748275936907576371e-03
1.954166666666666430e+01,2.753580519595055613e-03
1.956250000000000000e+01,2.758428990721284359e-03
1.958333333333333215e+01,2.762821063398058878e-03
1.960416666666666430e+01,2.766756457472453572e-03
1.962500000000000000e+01,2.770234902537344231e-03
1.964583333333333215e+01,2.773256141279148955e-03
1.966666666666666430e+01,2.775819933028755068e-03
1.968750000000000000e+01,2.777926057453026284e-03
1.970833333333333215e+01,2.779574318237286283e-03
1.972916666666666430e+01,2.780764546783415659e-03
1.975000000000000000e+01,2.781496605787045148e-03
1.977083333333333215e+01,2.781770392692756600e-03
1.979166666666666430e+01,2.781585843011945454e-03
1.981250000000000000e+01,2.780942933485560774e-03
1.983333333333333215e+01,2.779841685076351460e-03
1.985416666666666430e+01,2.778282165802650229e-03
1.987500000000000000e+01,2.776264493415377642e-03
1.989583333333333215e+01,2.773788837917825958e-03
1.991666666666666430e+01,2.770855423950135000e-03
1.993750000000000000e+01,2.767464533014189071e-03
1.995833333333333215e+01,2.763616505569509857e-03
1.997916666666666430e+01,2.759311742989156279e-03
2.000000000000000000e+01,2.754550709347859672e-03
2.002083333333333215e+01,2.749333933100107669e-03
2.004166666666666430e+01,2.743662008585013787e-03
2.006250000000000000e+01,2.737535597393116020e-03
2.008333333333333215e+01,2.730955429592583049e-03
2.010416666666666430e+01,2.723922304796216626e-03
2.012500000000000000e+01,2.716437093092265598e-03
2.014583333333333215e+01,2.708500735862064829e-03
2.016666666666666430e+01,2.700114246435783658e-03
2.018750000000000000e+01,2.691278710669074876e-03
2.020833333333333215e+01,2.681995287392453537e-03
2.022916666666666430e+01,2.672265208790505775e-03
2.025000000000000000e+01,2.662089780691278412e-03
2.027083333333333215e+01,2.651470382790076068e-03
2.029166666666666430e+01,2.640408468812758050e-03
2.031250000000000000e+01,2.628905566636544500e-03
2.033333333333333215e+01,2.616963278381078100e-03
2.035416666666666430e+01,2.604583280448958052e-03
2.037500000000000000e+01,2.591767323528250660e-03
2.039583333333333215e+01,2.578517232594171142e-03
2.041666666666666430e+01,2.564834906849125084e-03
2.043750000000000000e+01,2.550722319668011738e-03
2.045833333333333215e+01,2.536181518501498013e-03
2.047916666666666430e+01,2.521214624724979134e-03
2.050000000000000000e+01,2.505823833503650986e-03
2.052083333333333215e+01,2.490011413608467228e-03
2.054166666666666430e+01,2.473779707193640622e-03
2.056250000000000000e+01,2.457131129562837440e-03
2.058333333333333215e+01,2.440068168900432800e-03
2.060416666666666430e+01,2.422593385995845758e-03
2.062500000000000000e+01,2.404709413917713139e-03
2.064583333333333215e+01,2.386418957683434251e-03
2.066666666666666430e+01,2.367724793922900382e-03
2.068750000000000000e+01,2.348629770518905271e-03
2.070833333333333215e+01,2.329136806229076435e-03
2.072916666666666430e+01,2.309248890309324384e-03
2.075000000000000000e+01,2.288969082106169593e-03
2.077083333333333215e+01,2.268300510675890901e-03
2.079166666666666430e+01,2.247246374367439879e-03
2.081250000000000000e+01,2.225809940398779715e-03
2.083333333333333215e+01,2.203994544436492335e-03
2.085416666666666430e+01,2.181803590143908088e-03
2.087500000000000000e+01,2.159240548755096689e-03
2.089583333333333215e+01,2.136308958602105637e-03
2.091666666666666430e+01,2.113012424633596131e-03
2.093750000000000000e+01,2.089354617959654666e-03
2.095833333333333215e+01,2.065339275324573273e-03
2.097916666666666430e+01,2.040970198607443883e-03
2.100000000000000000e+01,2.016251254307981512e-03
2.102083333333333215e+01,1.991186373006837915e-03
2.104166666666666430e+01,1.965779548805651495e-03
2.106250000000000000e+01,1.940034838785998977e-03
2.108333333333333215e+01,1.913956362426310178e-03
2.110416666666666430e+01,1.887548301025384050e-03
2.112500000000000000e+01,1.860814897105196033e-03
2.114583333333333215e+01,1.833760453810333530e-03
2.116666666666666430e+01,1.806389334305303533e-03
2.118750000000000000e+01,1.778705961138942956e-03
2.120833333333333215e+01,1.750714815611443403e-03
2.122916666666666430e+01,1.722420437151997007e-03
2.125000000000000000e+01,1.693827422643079351e-03
2.127083333333333215e+01,1.664940425763294148e-03
2.129166666666666430e+01,1.635764156317443419e-03
2.131250000000000000e+01,1.606303379553356741e-03
2.133333333333333215e+01,1.576562915455673392e-03
2.135416666666666430e+01,1.546547638045101892e-03
2.137500000000000000e+01,1.516262474659357817e-03
2.139583333333333215e+01,1.485712405203997452e-03
2.141666666666666430e+01,1.454902461433006493e-03
2.143750000000000000e+01,1.423837726181361417e-03
2.145833333333333215e+01,1.392523332590809822e-03
2.147916666666666430e+01,1.360964463350212679e-03
2.150000000000000000e+01,1.329166349885224641e-03
2.152083333333333215e+01,1.297134271571564199e-03
2.154166666666666430e+01,1.264873554922543372e-03
2.156250000000000000e+01,1.232389572767838334e-03
2.158333333333333215e+01,1.199687743410452184e-03
2.160416666666666430e+01,1.166773529792472551e-03
2.162500000000000000e+01,1.133652438653423231e-03
2.164583333333333215e+01,1.100330019644589399e-03
2.166666666666666430e+01,1.066811864466021744e-03
2.168750000000000000e+01,1.033103605984945226e-03
2.170833333333333215e+01,9.992109173464179539e-04
2.172916666666666430e+01,9.651395110568973795e-04
2.175000000000000000e+01,9.308951380679176104e-04
2.177083333333333215e+01,8.964835868656400707e-04
2.179166666666666430e+01,8.619106825377355514e-04
2.181250000000000000e+01,8.271822858122422368e-04
2.183333333333333215e+01,7.923042921135172627e-04
2.185416666666666430e+01,7.572826306040922372e-04
2.187500000000000000e+01,7.221232631975307978e-04
2.189583333333333215e+01,6.868321835952678539e-04
2.191666666666666430e+01,6.514154162866982786e-04
2.193750000000000000e+01,6.158790155440678265e-04
2.195833333333333215e+01,5.802290644266216210e-04
2.197916666666666430e+01,5.444716737558660249e-04
2.200000000000000000e+01,5.086129811024664958e-04
2.202083333333333215e+01,4.726591497533474745e-04
2.204166666666666430e+01,4.366163676566772061e-04
2.206250000000000000e+01,4.004908464035128522e-04
2.208333333333333215e+01,3.642888201591792247e-04
2.210416666666666430e+01,3.280165446031055440e-04
2.212500000000000000e+01,2.916802958762761697e-04
2.214583333333333215e+01,2.552863694962150595e-04
2.216666666666666430e+01,2.188410792922881225e-04
2.218750000000000000e+01,1.823507563129867263e-04
2.220833333333333215e+01,1.458217477409398026e-04
2.222916666666666430e+01,1.092604158113923515e-04
2.225000000000000000e+01,7.267313669561201043e-05
2.227083333333333215e+01,3.606629941331673448e-05
2.229166666666666430e+01,-5.536952760408500742e-07
2.231250000000000000e+01,-3.718043597652965804e-05
2.233333333333333215e+01,-7.380750177922971869e-05
2.235416666666666430e+01,-1.104284633655094351e-04
2.237500000000000000e+01,-1.470368841304186636e-04
2.239583333333333215e+01,-1.836263212874093495e-04
2.241666666666666430e+01,-2.201903270061351058e-04
2.243750000000000000e+01,-2.567224495276852845e-04
2.245833333333333215e+01,-2.932162342687503467e-04
2.247916666666666430e+01,-3.296652249525137382e-04
2.250000000000000000e+01,-3.660629647414793638e-04
2.252083333333333215e+01,-4.024029973371139914e-04
2.254166666666666430e+01,-4.386788681126817463e-04
2.256250000000000000e+01,-4.748841252111099423e-04
2.258333333333333215e+01,-5.110123206646595721e-04
2.260416666666666430e+01,-5.470570115091497434e-04
2.262500000000000000e+01,-5.830117608967324812e-04
2.264583333333333215e+01,-6.188701391854366024e-04
2.266666666666666430e+01,-6.546257250321378847e-04
2.268750000000000000e+01,-6.902721065000960894e-04
2.270833333333333215e+01,-7.258028821386235422e-04
2.272916666666666430e+01,-7.612116620651428623e-04
2.275000000000000000e+01,-7.964920690401565027e-04
2.277083333333333215e+01,-8.316377395312384187e-04
2.279166666666666430e+01,-8.666423247785035033e-04
2.281250000000000000e+01,-9.014994918448975426e-04
2.283333333333333215e+01,-9.362029246609952522e-04
2.285416666666666430e+01,-9.707463250534940826e-04
2.287500000000000000e+01,-1.005123413779160152e-03
2.289583333333333215e+01,-1.039327931546777479e-03
2.291666666666666430e+01,-1.073353640024294394e-03
2.293750000000000000e+01,-1.107194322830815612e-03
2.295833333333333215e+01,-1.140843786539491849e-03
2.297916666666666430e+01,-1.174295861660496973e-03
2.300000000000000000e+01,-1.207544403606994462e-03
2.302083333333333215e+01,-1.240583293686194468e-03
2.304166666666666430e+01,-1.273406440044062317e-03
2.306250000000000000e+01,-1.306007778634302088e-03
2.308333333333333215e+01,-1.338381274165870161e-03
2.310416666666666430e+01,-1.370520921074888307e-03
2.312500000000000000e+01,-1.402420744475058999e-03
2.314583333333333215e+01,-1.434074801107147008e-03
2.316666666666666430e+01,-1.465477180323025144e-03
2.318750000000000000e+01,-1.496622005067599522e-03
2.320833333333333215e+01,-1.527503432871019995e-03
2.322916666666666430e+01,-1.558115656868367099e-03
2.325000000000000000e+01,-1.588452906853465331e-03
2.327083333333333215e+01,-1.618509450356201296e-03
2.329166666666666430e+01,-1.648279593773603960e-03
2.331250000000000000e+01,-1.677757683555513397e-03
2.333333333333333215e+01,-1.706938107449408821e-03
2.335416666666666430e+01,-1.735815295809479920e-03
2.337500000000000000e+01,-1.764383723017308361e-03
2.339583333333333215e+01,-1.792637909002796348e-03
2.341666666666666430e+01,-1.820572420856688377e-03
2.343750000000000000e+01,-1.848181874619586997e-03
2.345833333333333215e+01,-1.875460937216460707e-03
2.347916666666666430e+01,-1.902404328544933564e-03
2.350000000000000000e+01,-1.929006823788545011e-03
2.352083333333333215e+01,-1.955263255950934545e-03
2.354166666666666430e+01,-1.981168518642583472e-03
2.356250000000000000e+01,-2.006717569127168446e-03
2.358333333333333215e+01,-2.031905431659238818e-03
2.360416666666666430e+01,-2.056727201172512190e-03
2.362500000000000000e+01,-2.081178047293439932e-03
2.364583333333333215e+01,-2.105253218736448297e-03
2.366666666666666430e+01,-2.128948048071387881e-03
2.368750000000000000e+01,-2.152257956888723942e-03
2.370833333333333215e+01,-2.175178461393722975e-03
2.372916666666666430e+01,-2.197705178378972935e-03
2.375000000000000000e+01,-2.219833831637750034e-03
2.377083333333333215e+01,-2.241560258687289985e-03
2.379166666666666430e+01,-2.262880417882954034e-03
2.381250000000000000e+01,-2.283790395820353876e-03
2.383333333333333215e+01,-2.304286414949566469e-03
2.385416666666666430e+01,-2.324364841320355167e-03
2.387500000000000000e+01,-2.344022192367583961e-03
2.389583333333333215e+01,-2.363255144603227699e-03
2.391666666666666430e+01,-2.382060541052794227e-03
2.393750000000000000e+01,-2.400435398282398190e-03
2.395833333333333215e+01,-2.418376912831705482e-03
2.397916666666666430e+01,-2.435882466854407888e-03
2.400000000000000000e+01,-2.452949632741961965e-03
2.402083333333333215e+01,-2.469576176542901628e-03
2.404166666666666430e+01,-2.485760059964873831e-03
2.406250000000000000e+01,-2.501499440767817554e-03
2.408333333333333215e+01,-2.516792671394952555e-03
2.410416666666666430e+01,-2.531638295685533033e-03
2.412500000000000000e+01,-2.546035043607015880e-03
2.414583333333333215e+01,-2.559981823951298051e-03
2.416666666666666430e+01,-2.573477715050415376e-03
2.418750000000000000e+01,-2.586521953577133534e-03
2.420833333333333215e+01,-2.599113921619781910e-03
2.422916666666666430e+01,-2.611253132235489063e-03
2.425000000000000000e+01,-2.622939213785533026e-03
2.427083333333333215e+01,-2.634171893457395563e-03
2.429166666666666430e+01,-2.644950980276430854e-03
2.431250000000000000e+01,-2.655276348071577888e-03
2.433333333333333215e+01,-2.665147918872591386e-03
2.435416666666666430e+01,-2.674565647085879513e-03
2.437500000000000000e+01,-2.683529504883305772e-03
2.439583333333333215e+01,-2.692039469150149088e-03
2.441666666666666430e+01,-2.700095510248094657e-03
2.443750000000000000e+01,-2.707697582853830099e-03
2.445833333333333215e+01,-2.714845618932638233e-03
2.447916666666666430e+01,-2.721539522949340331e-03
2.450000000000000000e+01,-2.727779169221353130e-03
2.452083333333333215e+01,-2.733564401311000449e-03
2.454166666666666430e+01,-2.738895033243627340e-03
2.456250000000000000e+01,-2.743770852385889712e-03
2.458333333333333215e+01,-2.748191623590990566e-03
2.460416666666666430e+01,-2.752157094375842512e-03
2.462500000000000000e+01,-2.755667000855221115e-03
2.464583333333333215e+01,-2.758721074094883010e-03
2.466666666666666430e+01,-2.761319046638633420e-03
2.468750000000000000e+01,-2.763460659044987989e-03
2.470833333333333215e+01,-2.765145666165830067e-03
2.472916666666666430e+01,-2.766373843118460386e-03
2.475000000000000000e+01,-2.767144990841647906e-03
2.477083333333333215e+01,-2.767458941159872676e-03
2.479166666666666430e+01,-2.767315561413440268e-03
2.481250000000000000e+01,-2.766714758625389917e-03
2.483333333333333215e+01,-2.765656483298640708e-03
2.485416666666666430e+01,-2.764140732839218129e-03
2.487500000000000000e+01,-2.762167554672866933e-03
2.489583333333333215e+01,-2.759737049176434146e-03
2.491666666666666430e+01,-2.756849372355723530e-03
2.493750000000000000e+01,-2.753504738408352626e-03
2.495833333333333215e+01,-2.749703422118601401e-03
2.497916666666666430e+01,-2.745445761119121291e-03
2.500000000000000000e+01,-2.740732158013007690e-03
2.502083333333333215e+01,-2.735563082359223491e-03
2.504166666666666430e+01,-2.729939072475213134e-03
2.506250000000000000e+01,-2.723860737078760696e-03
2.508333333333333215e+01,-2.717328756722562841e-03
2.510416666666666430e+01,-2.710343885008509660e-03
2.512500000000000000e+01,-2.702906949606216289e-03
2.514583333333333215e+01,-2.695018853072377908e-03
2.516666666666666430e+01,-2.686680573456746383e-03
2.518750000000000000e+01,-2.677893164738397603e-03
2.520833333333333215e+01,-2.668657757085597833e-03
2.522916666666666430e+01,-2.658975557009406968e-03
2.525000000000000000e+01,-2.648847847415396715e-03
2.527083333333333215e+01,-2.638275987549563648e-03
2.529166666666666430e+01,-2.627261412913532886e-03
2.531250000000000000e+01,-2.615805635151118025e-03
2.533333333333333215e+01,-2.603910241916655623e-03
2.535416666666666430e+01,-2.591576896727919299e-03
2.537500000000000000e+01,-2.578807338853520998e-03
2.539583333333333215e+01,-2.565603383177931292e-03
2.541666666666666430e+01,-2.551966920081165466e-03
2.543750000000000000e+01,-2.537899915301986692e-03
2.545833333333333215e+01,-2.523404409816504875e-03
2.547916666666666430e+01,-2.508482519678363522e-03
2.550000000000000000e+01,-2.493136435835242859e-03
2.552083333333333215e+01,-2.477368423915689635e-03
2.554166666666666430e+01,-2.461180823982205262e-03
2.556250000000000000e+01,-2.444576050241493645e-03
2.558333333333333215e+01,-2.427556590735251065e-03
2.560416666666666430e+01,-2.410125006965969409e-03
2.562500000000000000e+01,-2.392283933505399540e-03
2.564583333333333215e+01,-2.374036077583083996e-03
2.566666666666666430e+01,-2.355384218665060314e-03
2.568750000000000000e+01,-2.336331208001900511e-03
2.570833333333333215e+01,-2.316879968169082218e-03
2.572916666666666430e+01,-2.297033492598741285e-03
2.575000000000000000e+01,-2.276794845152514332e-03
2.577083333333333215e+01,-2.256167159657399609e-03
2.579166666666666430e+01,-2.235153639466220567e-03
2.581250000000000000e+01,-2.213757556980515753e-03
2.583333333333333215e+01,-2.191982253234906874e-03
2.585416666666666430e+01,-2.169831137453170911e-03
2.587500000000000000e+01,-2.147307686575697545e-03
2.589583333333333215e+01,-2.124415444812908886e-03
2.591666666666666430e+01,-2.101158023178994853e-03
2.593750000000000000e+01,-2.077539098985550000e-03
2.595833333333333215e+01,-2.053562415360076724e-03
2.597916666666666430e+01,-2.029231780729915443e-03
2.600000000000000000e+01,-2.004551068278551031e-03
2.602083333333333215e+01,-1.979524215411357022e-03
2.604166666666666430e+01,-1.954155223175473716e-03
2.606250000000000000e+01,-1.928448155690233633e-03
2.608333333333333215e+01,-1.902407139551417787e-03
2.610416666666666430e+01,-1.876036363237375271e-03
2.612500000000000000e+01,-1.849340076498185489e-03
2.614583333333333215e+01,-1.822322589729149546e-03
2.616666666666666430e+01,-1.794988273345836599e-03
2.618750000000000000e+01,-1.767341557159241884e-03
2.620833333333333215e+01,-1.739386929740131772e-03
2.622916666666666430e+01,-1.711128937759392402e-03
2.625000000000000000e+01,-1.682572185342971890e-03
2.627083333333333215e+01,-1.653721333410852453e-03
2.629166666666666430e+01,-1.624581099013069603e-03
2.631250000000000000e+01,-1.595156254633746731e-03
2.633333333333333215e+01,-1.565451627496635854e-03
2.635416666666666430e+01,-1.535472098876436518e-03
2.637500000000000000e+01,-1.505222603382137293e-03
2.639583333333333215e+01,-1.474708128206539274e-03
2.641666666666666430e+01,-1.443933712393575229e-03
2.643750000000000000e+01,-1.412904446088590312e-03
2.645833333333333215e+01,-1.381625469755503200e-03
2.647916666666666430e+01,-1.350101973411374327e-03
2.650000000000000000e+01,-1.318339195826505588e-03
2.652083333333333215e+01,-1.286342423725693636e-03
2.654166666666666430e+01,-1.254116990958009008e-03
2.656250000000000000e+01,-1.221668277689514585e-03
2.658333333333333215e+01,-1.189001709573328991e-03
2.660416666666666430e+01,-1.156122756891827304e-03
2.662500000000000000e+01,-1.123036933717697127e-03
2.664583333333333215e+01,-1.089749797044796582e-03
2.666666666666666430e+01,-1.056266945920048819e-03
2.668750000000000000e+01,-1.022594020559723779e-03
2.670833333333333215e+01,-9.887367014653339944e-04
2.672916666666666430e+01,-9.547007085189350949e-04
2.675000000000000000e+01,-9.204918000729410106e-04
2.677083333333333215e+01,-8.861157720391492267e-04
2.679166666666666430e+01,-8.515784569424648476e-04
2.681250000000000000e+01,-8.168857229881542042e-04
2.683333333333333215e+01,-7.820434731108230402e-04
2.685416666666666430e+01,-7.470576440170473460e-04
2.687500000000000000e+01,-7.119342052090060421e-04
2.689583333333333215e+01,-6.766791580105457459e-04
2.691666666666666430e+01,-6.412985345778494332e-04
2.693750000000000000e+01,-6.057983968971688334e-04
2.695833333333333215e+01,-5.701848357885833628e-04
2.697916666666666430e+01,-5.344639698844234205e-04
2.700000000000000000e+01,-4.986419446224939125e-04
2.702083333333333215e+01,-4.627249312047194778e-04
2.704166666666666430e+01,-4.267191255642599902e-04
2.706250000000000000e+01,-3.906307473307017632e-04
2.708333333333333215e+01,-3.544660387862805066e-04
2.710416666666666430e+01,-3.182312637920387054e-04
2.712500000000000000e+01,-2.819327067483698261e-04
2.714583333333333215e+01,-2.455766715212983741e-04
2.716666666666666430e+01,-2.091694803617161864e-04
2.718750000000000000e+01,-1.727174728338915540e-04
2.720833333333333215e+01,-1.362270047395828263e-04
2.722916666666666430e+01,-9.970444702347583215e-05
2.725000000000000000e+01,-6.315618467253452403e-05
2.727083333333333215e+01,-2.658861562112146672e-05
2.729166666666666430e+01,9.991850336266155800e-06
2.731250000000000000e+01,4.657879266634551890e-05
2.733333333333333215e+01,8.316578119472055927e-05
2.735416666666666430e+01,1.197463772244642728e-04
2.737500000000000000e+01,1.563141346454850365e-04
2.739583333333333215e+01,1.928626010587512708e-04
2.741666666666666430e+01,2.293853188831317873e-04
2.743750000000000000e+01,2.658758264716416645e-04
2.745833333333333215e+01,3.023276592379434981e-04
2.747916666666666430e+01,3.387343507712469413e-04
2.750000000000000000e+01,3.750894339756415011e-04
2.752083333333333215e+01,4.113864421521891781e-04
2.754166666666666430e+01,4.476189101460235388e-04
2.756250000000000000e+01,4.837803754563061343e-04
2.758333333333333215e+01,5.198643793590331007e-04
2.760416666666666430e+01,5.558644680141003368e-04
2.762500000000000000e+01,5.917741935644261955e-04
2.764583333333333215e+01,6.275871152738839512e-04
2.766666666666666430e+01,6.632968006252804418e-04
2.768750000000000000e+01,6.988968264208428489e-04
2.770833333333333215e+01,7.343807798883745554e-04
2.772916666666666430e+01,7.697422597707001936e-04
2.775000000000000000e+01,8.049748774189569023e-04
2.777083333333333215e+01,8.400722579075081513e-04
2.779166666666666430e+01,8.750280411055344747e-04
2.781250000000000000e+01,9.098358827482112311e-04
2.783333333333333215e+01,9.444894555340457767e-04
2.785416666666666430e+01,9.789824501929974502e-04
2.787500000000000000e+01,1.013308576570272953e-03
2.789583333333333215e+01,1.047461564672166412e-03
2.791666666666666430e+01,1.081435165761694033e-03
2.793750000000000000e+01,1.115223153410953684e-03
2.795833333333333215e+01,1.148819324567224584e-03
2.797916666666666430e+01,1.182217500617163556e-03
2.800000000000000000e+01,1.215411528460685377e-03
2.802083333333333215e+01,1.248395281585827805e-03
2.804166666666666430e+01,1.281162661130062341e-03
2.806250000000000000e+01,1.313707596974708711e-03
2.808333333333333215e+01,1.346024048840921677e-03
2.810416666666666430e+01,1.378106007394130049e-03
2.812500000000000000e+01,1.409947495359471911e-03
2.814583333333333215e+01,1.441542568677417740e-03
2.816666666666666430e+01,1.472885317666004128e-03
2.818750000000000000e+01,1.503969868207772134e-03
2.820833333333333215e+01,1.534790382990468618e-03
2.822916666666666430e+01,1.565341062783055055e-03
2.825000000000000000e+01,1.595616147752520943e-03
2.827083333333333215e+01,1.625609918827747259e-03
2.829166666666666430e+01,1.655316699145463520e-03
2.831250000000000000e+01,1.684730855558830113e-03
2.833333333333333215e+01,1.713846800240427081e-03
2.835416666666666430e+01,1.742658992356016599e-03
2.837500000000000000e+01,1.771161939850294641e-03
2.839583333333333215e+01,1.799350201364549075e-03
2.841666666666666430e+01,1.827218388272733003e-03
2.843750000000000000e+01,1.854761166856610686e-03
2.845833333333333215e+01,1.881973260628352776e-03
2.847916666666666430e+01,1.908849452864876898e-03
2.850000000000000000e+01,1.935384589289409650e-03
2.852083333333333215e+01,1.961573580945299988e-03
2.854166666666666430e+01,1.987411407312103008e-03
2.856250000000000000e+01,2.012893119636956132e-03
2.858333333333333215e+01,2.038013844496991845e-03
2.860416666666666430e+01,2.062768787593237570e-03
2.862500000000000000e+01,2.087153237820405741e-03
2.864583333333333215e+01,2.111162571560955010e-03
2.866666666666666430e+01,2.134792257251610578e-03
2.868750000000000000e+01,2.158037860173544174e-03
2.870833333333333215e+01,2.180895047473471737e-03
2.872916666666666430e+01,2.203359593380660800e-03
2.875000000000000000e+01,2.225427384636052483e-03
2.877083333333333215e+01,2.247094426016296286e-03
2.879166666666666430e+01,2.268356845959328648e-03
2.881250000000000000e+01,2.289210902220320011e-03
2.883333333333333215e+01,2.309652987504315011e-03
2.885416666666666430e+01,2.329679634953194921e-03
2.887500000000000000e+01,2.349287523419838104e-03
2.889583333333333215e+01,2.368473482461388828e-03
2.891666666666666430e+01,2.387234496865618758e-03
2.893750000000000000e+01,2.405567710680616301e-03
2.895833333333333215e+01,2.423470430562110756e-03
2.897916666666666430e+01,2.440940128357227141e-03
2.900000000000000000e+01,2.457974442773451940e-03
2.902083333333333215e+01,2.474571180081904746e-03
2.904166666666666430e+01,2.490728313702345129e-03
2.906250000000000000e+01,2.506443982602680337e-03
2.908333333333333215e+01,2.521716488460510122e-03
2.910416666666666430e+01,2.536544291566827924e-03
2.912500000000000000e+01,2.550926005462746376e-03
2.914583333333333215e+01,2.564860390303264071e-03
2.916666666666666430e+01,2.578346345095742804e-03
2.918750000000000000e+01,2.591382898817682322e-03
2.920833333333333215e+01,2.603969200631389789e-03
2.922916666666666430e+01,2.616104509338714173e-03
2.925000000000000000e+01,2.627788182247276991e-03
2.927083333333333215e+01,2.639019663696682508e-03
2.929166666666666430e+01,2.649798473480296287e-03
2.931250000000000000e+01,2.660124195390483996e-03
2.933333333333333215e+01,2.669996466130115844e-03
2.935416666666666430e+01,2.679414964815423489e-03
2.937500000000000000e+01,2.688379403276930368e-03
2.939583333333333215e+01,2.696889517330083776e-03
2.941666666666666430e+01,2.704945059168443414e-03
2.943750000000000000e+01,2.712545790994810684e-03
2.945833333333333215e+01,2.719691479906592105e-03
2.947916666666666430e+01,2.726381894095610426e-03
2.950000000000000000e+01,2.732616800338058191e-03
2.952083333333333215e+01,2.738395962689767552e-03
2.954166666666666430e+01,2.743719142317517946e-03
2.956250000000000000e+01,2.748586098342268268e-03
2.958333333333333215e+01,2.752996589551268657e-03
2.960416666666666430e+01,2.756950376838116900e-03
2.962500000000000000e+01,2.760447226237691416e-03
2.964583333333333215e+01,2.763486912368422026e-03
2.966666666666666430e+01,2.766069222198748890e-03
2.968750000000000000e+01,2.768193958958929581e-03
2.970833333333333215e+01,2.769860946143187959e-03
2.972916666666666430e+01,2.771070031489946978e-03
2.975000000000000000e+01,2.771821090879398024e-03
2.977083333333333215e+01,2.772114032102952243e-03
2.979166666666666430e+01,2.771948798448028387e-03
2.981250000000000000e+01,2.771325372152927662e-03
2.983333333333333215e+01,2.770243777617455161e-03
2.985416666666666430e+01,2.768704084465628372e-03
2.987500000000000000e+01,2.766706410430904827e-03
2.989583333333333215e+01,2.764250924045708654e-03
2.991666666666666430e+01,2.761337847186712269e-03
2.993750000000000000e+01,2.757967457464394548e-03
2.995833333333333215e+01,2.754140090458189957e-03
2.997916666666666430e+01,2.749856141801948397e-03
3.000000000000000000e+01,2.745116069127589205e-03
3.002083333333333215e+01,2.739920393857328117e-03
3.004166666666666430e+01,2.734269702845136801e-03
3.006250000000000000e+01,2.728164649859020699e-03
3.008333333333333215e+01,2.721605956921058223e-03
3.010416666666666430e+01,2.714594415488711440e-03
3.012500000000000000e+01,2.707130887464412588e-03
3.014583333333333215e+01,2.699216306097794622e-03
3.016666666666666430e+01,2.690851676729676817e-03
3.018750000000000000e+01,2.682038077402003947e-03
3.020833333333333215e+01,2.672776659363877271e-03
3.022916666666666430e+01,2.663068647455029466e-03
3.025000000000000000e+01,2.652915340447736456e-03
3.027083333333333215e+01,2.642318111260684096e-03
3.029166666666666430e+01,2.631278407115095024e-03
3.031250000000000000e+01,2.619797749681280260e-03
3.033333333333333215e+01,2.607877735132577406e-03
3.035416666666666430e+01,2.595520034189945612e-03
3.037500000000000000e+01,2.582726392128039273e-03
3.039583333333333215e+01,2.569498628748533627e-03
3.041666666666666430e+01,2.555838638330203746e-03
3.043750000000000000e+01,2.541748389565673914e-03
3.045833333333333215e+01,2.527229925449442534e-03
3.047916666666666430e+01,2.512285363166298201e-03
3.050000000000000000e+01,2.496916893921053565e-03
3.052083333333333215e+01,2.481126782752792002e-03
3.054166666666666430e+01,2.464917368335960753e-03
3.056250000000000000e+01,2.448291062742779731e-03
3.058333333333333215e+01,2.431250351156391109e-03
3.060416666666666430e+01,2.413797791599239361e-03
3.062500000000000000e+01,2.395936014597195834e-03
3.064583333333333215e+01,2.377667722857880299e-03
3.066666666666666430e+01,2.358995690905410589e-03
3.068750000000000000e+01,2.339922764723742152e-03
3.070833333333333215e+01,2.320451861353085930e-03
3.072916666666666430e+01,2.300585968504110200e-03
3.075000000000000000e+01,2.280328144161272632e-03
3.077083333333333215e+01,2.259681516167262507e-03
3.079166666666666430e+01,2.238649281800045212e-03
3.081250000000000000e+01,2.217234707340909154e-03
3.083333333333333215e+01,2.195441127649222154e-03
3.085416666666666430e+01,2.173271945718347007e-03
3.087500000000000000e+01,2.150730632219589183e-03
3.089583333333333215e+01,2.127820725035467313e-03
3.091666666666666430e+01,2.104545828781726174e-03
3.093750000000000000e+01,2.080909614332629182e-03
3.095833333333333215e+01,2.056915818323725061e-03
3.097916666666666430e+01,2.032568242618634606e-03
3.100000000000000000e+01,2.007870753794758524e-03
3.102083333333333215e+01,1.982827282614225365e-03
3.104166666666666430e+01,1.957441823457546810e-03
3.106250000000000000e+01,1.931718433773334112e-03
3.108333333333333215e+01,1.905661233495177737e-03
3.110416666666666430e+01,1.879274404446108337e-03
3.112500000000000000e+01,1.852562189769548688e-03
3.114583333333333215e+01,1.825528893305174930e-03
3.116666666666666430e+01,1.798178878967006487e-03
3.118750000000000000e+01,1.770516570124601148e-03
3.120833333333333215e+01,1.742546448972469211e-03
3.122916666666666430e+01,1.714273055876532233e-03
3.125000000000000000e+01,1.685700988726164789e-03
3.127083333333333215e+01,1.656834902257106308e-03
3.129166666666666430e+01,1.627679507383330160e-03
3.131250000000000000e+01,1.598239570520697305e-03
3.133333333333333215e+01,1.568519912868000365e-03
3.135416666666666430e+01,1.538525409711674315e-03
3.137500000000000000e+01,1.508260989693202807e-03
3.139583333333333215e+01,1.477731634092129421e-03
3.141666666666666430e+01,1.446942376078540378e-03
3.143750000000000000e+01,1.415898299935284361e-03
3.145833333333333215e+01,1.384604540317051300e-03
3.147916666666666430e+01,1.353066281460967805e-03
3.150000000000000000e+01,1.321288756394283035e-03
3.152083333333333215e+01,1.289277246132474342e-03
3.154166666666666430e+01,1.257037078870513113e-03
3.156250000000000000e+01,1.224573629163185160e-03
3.158333333333333215e+01,1.191892317080833980e-03
3.160416666666666430e+01,1.158998607372158703e-03
3.162500000000000000e+01,1.125898008625246310e-03
3.164583333333333215e+01,1.092596072380897215e-03
3.166666666666666430e+01,1.059098392258247222e-03
3.168750000000000000e+01,1.025410603093383863e-03
3.170833333333333215e+01,9.915383800394247677e-04
3.172916666666666430e+01,9.574874376400138850e-04
3.175000000000000000e+01,9.232635289385552951e-04
3.177083333333333215e+01,8.888724445458827134e-04
3.179166666666666430e+01,8.543200117078511525e-04
3.181250000000000000e+01,8.196120933671774324e-04
3.183333333333333215e+01,7.847545871933104969e-04
3.185416666666666430e+01,7.497534246419733069e-04
3.187500000000000000e+01,7.146145699682133860e-04
3.189583333333333215e+01,6.793440192496885601e-04
3.191666666666666430e+01,6.439477993994039513e-04
3.193750000000000000e+01,6.084319671661546618e-04
3.195833333333333215e+01,5.728026081185375908e-04
3.197916666666666430e+01,5.370658356519639491e-04
3.200000000000000000e+01,5.012277899470315382e-04
3.202083333333332860e+01,4.652946369474715398e-04
3.204166666666666430e+01,4.292725673208074304e-04
3.206250000000000000e+01,3.931677954208354108e-04
3.208333333333332860e+01,3.569865582284925654e-04
3.210416666666666430e+01,3.207351142911749921e-04
3.212500000000000000e+01,2.844197426770914312e-04
3.214583333333332860e+01,2.480467418967648640e-04
3.216666666666666430e+01,2.116224288105285768e-04
3.218750000000000000e+01,1.751531375741951406e-04
3.220833333333332860e+01,1.386452185361333744e-04
3.222916666666666430e+01,1.021050371585905753e-04
3.225000000000000000e+01,6.553897291050877019e-05
3.227083333333332860e+01,2.895341816808927589e-05
3.229166666666666430e+01,-7.645222869793277625e-06
3.231250000000000000e+01,-4.425053531381577466e-05
3.233333333333332860e+01,-8.085609467474022874e-05
3.235416666666666430e+01,-1.174554679868063095e-04
3.237500000000000000e+01,-1.540422149159638367e-04
3.239583333333332860e+01,-1.906098888683345721e-04
3.241666666666666430e+01,-2.271520381275738754e-04
3.243750000000000000e+01,-2.636622069696373488e-04
3.245833333333332860e+01,-3.001339367582473144e-04
3.247916666666666430e+01,-3.365607670857717094e-04
3.250000000000000000e+01,-3.729362368843217100e-04
3.252083333333332860e+01,-4.092538855495278516e-04
3.254166666666666430e+01,-4.455072540491658074e-04
3.256250000000000000e+01,-4.816898860393500599e-04
3.258333333333332860e+01,-5.177953289740273119e-04
3.260416666666666430e+01,-5.538171352206459463e-04
3.262500000000000000e+01,-5.897488631647365915e-04
3.264583333333332860e+01,-6.255840783106241454e-04
3.266666666666666430e+01,-6.613163543749948524e-04
3.268750000000000000e+01,-6.969392743912232197e-04
3.270833333333332860e+01,-7.324464317930482436e-04
3.272916666666666430e+01,-7.678314315081381011e-04
3.275000000000000000e+01,-8.030878910154448744e-04
3.277083333333332860e+01,-8.382094414310656619e-04
3.279166666666666430e+01,-8.731897285753939357e-04
3.281250000000000000e+01,-9.080224140283599645e-04
3.283333333333332860e+01,-9.427011761958669234e-04
3.285416666666666430e+01,-9.772197113276474834e-04
3.287500000000000000e+01,-1.011571734569993329e-03
3.289583333333332860e+01,-1.045750981010150739e-03
3.291666666666666430e+01,-1.079751206691161904e-03
3.293750000000000000e+01,-1.113566189628729898e-03
3.295833333333332860e+01,-1.147189730826912507e-03
3.297916666666666430e+01,-1.180615655285540333e-03
3.300000000000000000e+01,-1.213837813007969920e-03
3.302083333333332860e+01,-1.246850080008012453e-03
3.304166666666666430e+01,-1.279646359288485850e-03
3.306250000000000000e+01,-1.312220581859478361e-03
3.308333333333332860e+01,-1.344566707738862254e-03
3.310416666666666430e+01,-1.376678726942076950e-03
3.312500000000000000e+01,-1.408550660514861939e-03
3.314583333333332860e+01,-1.440176561542232028e-03
3.316666666666666430e+01,-1.471550516201001069e-03
3.318750000000000000e+01,-1.502666644799743271e-03
3.320833333333332860e+01,-1.533519102871144010e-03
3.322916666666666430e+01,-1.564102082286343478e-03
3.325000000000000000e+01,-1.594409812398487648e-03
3.327083333333332860e+01,-1.624436561236666451e-03
3.329166666666666430e+01,-1.654176636758749718e-03
3.331250000000000000e+01,-1.683624388153913192e-03
3.333333333333332860e+01,-1.712774207230665377e-03
3.335416666666666430e+01,-1.741620529887926870e-03
3.337500000000000000e+01,-1.770157837684760383e-03
3.339583333333332860e+01,-1.798380659521662140e-03
3.341666666666666430e+01,-1.826283573446593322e-03
3.343750000000000000e+01,-1.853861208618092470e-03
3.345833333333332860e+01,-1.881108247423074692e-03
3.347916666666666430e+01,-1.908019427778192157e-03
3.350000000000000000e+01,-1.934589545632585351e-03
3.352083333333332860e+01,-1.960813457697639824e-03
3.354166666666666430e+01,-1.986686084422786130e-03
3.356250000000000000e+01,-2.012202413219962415e-03
3.358333333333332860e+01,-2.037357501974002786e-03
3.360416666666666430e+01,-2.062146482892686719e-03
3.362500000000000000e+01,-2.086564566609450284e-03
3.364583333333332860e+01,-2.110607046669832083e-03
3.366666666666666430e+01,-2.134269304337960051e-03
3.368750000000000000e+01,-2.157546813759208225e-03
3.370833333333332860e+01,-2.180435147451087463e-03
3.372916666666666430e+01,-2.202929982135655527e-03
3.375000000000000000e+01,-2.225027104883746300e-03
3.377083333333332860e+01,-2.246722419523396099e-03
3.379166666666666430e+01,-2.268011953301244700e-03
3.381250000000000000e+01,-2.288891863730102127e-03
3.383333333333332860e+01,-2.309358445515341269e-03
3.385416666666666430e+01,-2.329408137502661860e-03
3.387500000000000000e+01,-2.349037529539208490e-03
3.389583333333332860e+01,-2.368243369110011997e-03
3.391666666666666430e+01,-2.387022567644501644e-03
3.393750000000000000e+01,-2.405372206290269394e-03
3.395833333333332860e+01,-2.423289541027942844e-03
3.397916666666666430e+01,-2.440772006952592488e-03
3.400000000000000000e+01,-2.457817221538737169e-03
3.402083333333332860e+01,-2.474422986727266727e-03
3.404166666666666430e+01,-2.490587289686997316e-03
3.406250000000000000e+01,-2.506308302070457683e-03
3.408333333333332860e+01,-2.521584377709036682e-03
3.410416666666666430e+01,-2.536414048607580490e-03
3.412500000000000000e+01,-2.550796019236611575e-03
3.414583333333332860e+01,-2.564729159107246442e-03
3.416666666666666430e+01,-2.578212493711062783e-03
3.418750000000000000e+01,-2.591245193898028976e-03
3.420833333333332860e+01,-2.603826563887753822e-03
3.422916666666666430e+01,-2.615956028131131983e-03
3.425000000000000000e+01,-2.627633117298125084e-03
3.427083333333332860e+01,-2.638857453675681319e-03
3.429166666666666430e+01,-2.649628736301600646e-03
3.431250000000000000e+01,-2.659946726224174818e-03
3.433333333333332860e+01,-2.669811232204208785e-03
3.435416666666666430e+01,-2.679222097212719412e-03
3.437500000000000000e+01,-2.688179186016750356e-03
3.439583333333332860e+01,-2.696682374111485873e-03
3.441666666666666430e+01,-2.704731538258537283e-03
3.443750000000000000e+01,-2.712326548727922622e-03
3.445833333333332860e+01,-2.719467263343083602e-03
3.447916666666666430e+01,-2.726153523359117151e-03
3.450000000000000000e+01,-2.732385151128755279e-03
3.452083333333332860e+01,-2.738161949433192462e-03
3.454166666666666430e+01,-2.743483702320228569e-03
3.456250000000000000e+01,-2.748350177276757175e-03
3.458333333333332860e+01,-2.752761128505505119e-03
3.460416666666666430e+01,-2.756716301050531493e-03
3.462500000000000000e+01,-2.760215435588554700e-03
3.464583333333332860e+01,-2.763258273613128455e-03
3.466666666666666430e+01,-2.765844562814700602e-03
3.468750000000000000e+01,-2.767974062553616235e-03
3.470833333333332860e+01,-2.769646549187285232e-03
3.472916666666666430e+01,-2.770861821211455505e-03
3.475000000000000000e+01,-2.771619704111931426e-03
3.477083333333332860e+01,-2.771920054920281630e-03
3.479166666666666430e+01,-2.771762766404490316e-03
3.481250000000000000e+01,-2.771147770966686606e-03
3.483333333333332860e+01,-2.770075044207398907e-03
3.485416666666666430e+01,-2.768544608222303638e-03
3.487500000000000000e+01,-2.766556534667477269e-03
3.489583333333332860e+01,-2.764110947593661702e-03
3.491666666666666430e+01,-2.761208026092958328e-03
3.493750000000000000e+01,-2.757848006812542961e-03
3.495833333333332860e+01,-2.754031186271895578e-03
3.497916666666666430e+01,-2.749757923065410808e-03
3.500000000000000000e+01,-2.745028639894181097e-03
3.502083333333332860e+01,-2.739843825449299677e-03
3.504166666666666430e+01,-2.734204036137292005e-03
3.506250000000000000e+01,-2.728109897624008372e-03
3.508333333333332860e+01,-2.721562106182750379e-03
3.510416666666666430e+01,-2.714561429878528057e-03
3.512500000000000000e+01,-2.707108709562033866e-03
3.514583333333332860e+01,-2.699204859685281482e-03
3.516666666666666430e+01,-2.690850868939233340e-03
3.518750000000000000e+01,-2.682047800729931483e-03
3.520833333333332860e+01,-2.672796793549443890e-03
3.522916666666666430e+01,-2.663099061209099790e-03
3.525000000000000000e+01,-2.652955892983337692e-03
3.527083333333332860e+01,-2.642368653674692907e-03
3.529166666666666430e+01,-2.631338783624054094e-03
3.531250000000000000e+01,-2.619867798707325654e-03
3.533333333333332860e+01,-2.607957290269434947e-03
3.535416666666666430e+01,-2.595608925064453541e-03
3.537500000000000000e+01,-2.582824445168504547e-03
3.539583333333332860e+01,-2.569605667909966897e-03
3.541666666666666430e+01,-2.555954485766592354e-03
3.543750000000000000e+01,-2.541872866236322831e-03
3.545833333333332860e+01,-2.527362851719278884e-03
3.547916666666666430e+01,-2.512426559365161724e-03
3.550000000000000000e+01,-2.497066180894718952e-03
3.552083333333332860e+01,-2.481283982390442358e-03
3.554166666666666430e+01,-2.465082304047695825e-03
3.556250000000000000e+01,-2.448463559905520066e-03
3.558333333333332860e+01,-2.431430237532967737e-03
3.560416666666666430e+01,-2.413984897699097444e-03
3.562500000000000000e+01,-2.396130174010695398e-03
3.564583333333332860e+01,-2.377868772518535248e-03
3.566666666666666430e+01,-2.359203471321048851e-03
3.568750000000000000e+01,-2.340137120157329779e-03
3.570833333333332860e+01,-2.320672639973799835e-03
3.572916666666666430e+01,-2.300813022486034379e-03
3.575000000000000000e+01,-2.280561329761757790e-03
3.577083333333332860e+01,-2.259920693778259132e-03
3.579166666666666430e+01,-2.238894316001124093e-03
3.581250000000000000e+01,-2.217485466916215703e-03
3.583333333333332860e+01,-2.195697485602845622e-03
3.585416666666666430e+01,-2.173533779301564314e-03
3.587500000000000000e+01,-2.150997822944234004e-03
3.589583333333332860e+01,-2.128093158692497249e-03
3.591666666666666430e+01,-2.104823395466229232e-03
3.593750000000000000e+01,-2.081192208459312250e-03
3.595833333333332860e+01,-2.057203338625359593e-03
3.597916666666666430e+01,-2.032860592178395778e-03
3.600000000000000000e+01,-2.008167840049091858e-03
3.602083333333332860e+01,-1.983129017348496045e-03
3.604166666666666430e+01,-1.957748122805994580e-03
3.606250000000000000e+01,-1.932029218194304242e-03
3.608333333333332860e+01,-1.905976427736468188e-03
3.610416666666666430e+01,-1.879593937546457068e-03
3.612500000000000000e+01,-1.852885994987639017e-03
3.614583333333332860e+01,-1.825856908068550092e-03
3.616666666666666430e+01,-1.798511044835668848e-03
3.618750000000000000e+01,-1.770852832732729186e-03
3.620833333333332860e+01,-1.742886757978606444e-03
3.622916666666666430e+01,-1.714617364897064265e-03
3.625000000000000000e+01,-1.686049255281249059e-03
3.627083333333332860e+01,-1.657187087730590007e-03
3.629166666666666430e+01,-1.628035576974814829e-03
3.631250000000000000e+01,-1.598599493181523641e-03
3.633333333333332860e+01,-1.568883661271825575e-03
3.635416666666666430e+01,-1.538892960212214899e-03
3.637500000000000000e+01,-1.508632322292090353e-03
3.639583333333332860e+01,-1.478106732395567018e-03
3.641666666666666430e+01,-1.447321227251159624e-03
3.643750000000000000e+01,-1.416280894681886532e-03
3.645833333333332860e+01,-1.384990872832028881e-03
3.647916666666666430e+01,-1.353456349393061418e-03
3.650000000000000000e+01,-1.321682560817620446e-03
3.652083333333332860e+01,-1.289674791499335459e-03
3.654166666666666430e+01,-1.257438372970621880e-03
3.656250000000000000e+01,-1.224978683077247157e-03
3.658333333333332860e+01,-1.192301145164351454e-03
3.660416666666666430e+01,-1.159411227203085504e-03
3.662500000000000000e+01,-1.126314440945155393e-03
3.664583333333332860e+01,-1.093016341088458732e-03
3.666666666666666430e+01,-1.059522524381366695e-03
3.668750000000000000e+01,-1.025838628727955386e-03
3.670833333333332860e+01,-9.919703323232750228e-04
3.672916666666666430e+01,-9.579233527452246958e-04
3.675000000000000000e+01,-9.237034460344281444e-04
3.677083333333332860e+01,-8.893164057788099887e-04
3.679166666666666430e+01,-8.547680621784795952e-04
3.681250000000000000e+01,-8.200642811096995515e-04
3.683333333333332860e+01,-7.852109631581097446e-04
3.685416666666666430e+01,-7.502140426808508481e-04
3.687500000000000000e+01,-7.150794868178099971e-04
3.689583333333332860e+01,-6.798132945117426077e-04
3.691666666666666430e+01,-6.444214955304962498e-04
3.693750000000000000e+01,-6.089101494743575293e-04
3.695833333333332860e+01,-5.732853447407683595e-04
3.697916666666666430e+01,-5.375531975341777844e-04
3.700000000000000000e+01,-5.017198508595211576e-04
3.702083333333332860e+01,-4.657914734652512847e-04
3.704166666666666430e+01,-4.297742588158118900e-04
3.706250000000000000e+01,-3.936744240491438880e-04
3.708333333333332860e+01,-3.574982089413007149e-04
3.710416666666666430e+01,-3.212518748393817006e-04
3.712500000000000000e+01,-2.849417036018163851e-04
3.714583333333332860e+01,-2.485739965157338972e-04
3.716666666666666430e+01,-2.121550732540205294e-04
3.718750000000000000e+01,-1.756912707747856049e-04
3.720833333333332860e+01,-1.391889422390217741e-04
3.722916666666666430e+01,-1.026544559204304745e-04
3.725000000000000000e+01,-6.609419412678171478e-05
3.727083333333332860e+01,-2.951455207884184941e-05
3.729166666666666430e+01,7.078063178652937134e-06
3.731250000000000000e+01,4.367723387922396630e-05
3.733333333333332860e+01,8.027653265608487724e-05
3.735416666666666430e+01,1.168695236428334895e-04
3.737500000000000000e+01,1.534497635932806749e-04
3.739583333333332860e+01,1.900108029890951709e-04
3.741666666666666430e+01,2.265461871726995899e-04
3.743750000000000000e+01,2.630494574472004078e-04
3.745833333333332860e+01,2.995141522052742282e-04
3.747916666666666430e+01,3.359338080427713767e-04
3.750000000000000000e+01,3.723019608902330621e-04
3.752083333333332860e+01,4.086121471190931500e-04
3.754166666666666430e+01,4.448579046573131993e-04
3.756250000000000000e+01,4.810327741142937695e-04
3.758333333333332860e+01,5.171302998876451838e-04
3.760416666666666430e+01,5.531440312866483903e-04
3.762500000000000000e+01,5.890675236223751445e-04
3.764583333333332860e+01,6.248943393384661510e-04
3.766666666666666430e+01,6.606180490952530057e-04
3.768750000000000000e+01,6.962322328735251215e-04
3.770833333333332860e+01,7.317304810811915824e-04
3.772916666666666430e+01,7.671063956270452681e-04
3.775000000000000000e+01,8.023535910219405966e-04
3.777083333333332860e+01,8.374656954607662520e-04
3.779166666666666430e+01,8.724363518844621950e-04
3.781250000000000000e+01,9.072592190686949287e-04
3.783333333333332860e+01,9.419279726811516157e-04
3.785416666666666430e+01,9.764363063553445354e-04
3.787500000000000000e+01,1.010777932727207782e-03
3.789583333333332860e+01,1.044946584498573829e-03
3.791666666666666430e+01,1.078936015492828115e-03
3.793750000000000000e+01,1.112740001696508468e-03
3.795833333333332860e+01,1.146352342287724427e-03
3.797916666666666430e+01,1.179766860669871154e-03
3.800000000000000000e+01,1.212977405543912970e-03
3.802083333333332860e+01,1.245977851927351472e-03
3.804166666666666430e+01,1.278762102177553222e-03
3.806250000000000000e+01,1.311324087059429540e-03
3.808333333333332860e+01,1.343657766791172712e-03
3.810416666666666430e+01,1.375757132096150663e-03
3.812500000000000000e+01,1.407616205286705158e-03
3.814583333333332860e+01,1.439229041346446435e-03
3.816666666666666430e+01,1.470589729031001811e-03
3.818750000000000000e+01,1.501692392002689641e-03
3.820833333333332860e+01,1.532531190004177710e-03
3.822916666666666430e+01,1.563100320050857337e-03
3.825000000000000000e+01,1.593394017665027357e-03
3.827083333333332860e+01,1.623406558172554599e-03
3.829166666666666430e+01,1.653132258048665201e-03
3.831250000000000000e+01,1.682565476348672111e-03
3.833333333333332860e+01,1.711700616199245085e-03
3.835416666666666430e+01,1.740532126380954893e-03
3.837500000000000000e+01,1.769054503023523382e-03
3.839583333333332860e+01,1.797262291401661256e-03
3.841666666666666430e+01,1.825150087893459864e-03
3.843750000000000000e+01,1.852712542032099391e-03
3.845833333333332860e+01,1.879944358756892829e-03
3.847916666666666430e+01,1.906840300826331868e-03
3.850000000000000000e+01,1.933395191426582347e-03
3.852083333333332860e+01,1.959603916999873904e-03
3.854166666666666430e+01,1.985461430280356480e-03
3.856250000000000000e+01,2.010962753575829161e-03
3.858333333333332860e+01,2.036102982320183233e-03
3.860416666666666430e+01,2.060877288879062619e-03
3.862500000000000000e+01,2.085280926671911200e-03
3.864583333333332860e+01,2.109309234529850152e-03
3.866666666666666430e+01,2.132957641363560780e-03
3.868750000000000000e+01,2.156221671132100681e-03
3.870833333333332860e+01,2.179096948083371951e-03
3.872916666666666430e+01,2.201579202243987132e-03
3.875000000000000000e+01,2.223664275169585230e-03
3.877083333333332860e+01,2.245348125842761434e-03
3.879166666666666430e+01,2.266626836785360938e-03
3.881250000000000000e+01,2.287496620227288772e-03
3.883333333333332860e+01,2.307953824309092947e-03
3.885416666666666430e+01,2.327994939217538709e-03
3.887500000000000000e+01,2.347616603150304293e-03
3.889583333333332860e+01,2.366815608029588895e-03
3.891666666666666430e+01,2.385588904815570677e-03
3.893750000000000000e+01,2.403933608280315465e-03
3.895833333333332860e+01,2.421847001146163868e-03
3.897916666666666430e+01,2.439326537396137480e-03
3.900000000000000000e+01,2.456369844647276514e-03
3.902083333333332860e+01,2.472974725454539068e-03
3.904166666666666430e+01,2.489139157416955794e-03
3.906250000000000000e+01,2.504861291960043968e-03
3.908333333333332860e+01,2.520139451747440470e-03
3.910416666666666430e+01,2.534972126634043883e-03
3.912500000000000000e+01,2.549357968178427112e-03
3.914583333333332860e+01,2.563295782705302204e-03
3.916666666666666430e+01,2.576784522997415273e-03
3.918750000000000000e+01,2.589823278713697732e-03
3.920833333333332860e+01,2.602411265689298907e-03
3.922916666666666430e+01,2.614547814289645312e-03
3.925000000000000000e+01,2.626232357093222225e-03
3.927083333333332860e+01,2.637464416098601275e-03
3.929166666666666430e+01,2.648243589748021029e-03
3.931250000000000000e+01,2.658569540081722783e-03
3.933333333333332860e+01,2.668441980261424245e-03
3.935416666666666430e+01,2.677860662785064901e-03
3.937500000000000000e+01,2.686825368605468087e-03
3.939583333333332860e+01,2.695335897347324577e-03
3.941666666666666430e+01,2.703392058854376008e-03
3.943750000000000000e+01,2.710993666157587075e-03
3.945833333333332860e+01,2.718140529941367664e-03
3.947916666666666430e+01,2.724832454520940798e-03
3.950000000000000000e+01,2.731069235307127547e-03
3.952083333333332860e+01,2.736850657694066182e-03
3.954166666666666430e+01,2.742176497237353971e-03
3.956250000000000000e+01,2.747046520997305577e-03
3.958333333333332860e+01,2.751460489834860884e-03
3.960416666666666430e+01,2.755418161524114760e-03
3.962500000000000000e+01,2.758919294487248257e-03
3.964583333333332860e+01,2.761963651956444651e-03
3.966666666666666430e+01,2.764551006430956536e-03
3.968750000000000000e+01,2.766681144231008648e-03
3.970833333333332860e+01,2.768353870088928297e-03
3.972916666666666430e+01,2.769569011651794484e-03
3.975000000000000000e+01,2.770326423821917270e-03
3.977083333333332860e+01,2.770625992882189310e-03
3.979166666666666430e+01,2.770467640409267698e-03
3.981250000000000000e+01,2.769851326946209079e-03
3.983333333333332860e+01,2.768777055402327301e-03
3.985416666666666430e+01,2.767244874269525132e-03
3.987500000000000000e+01,2.765254880604512029e-03
3.989583333333332860e+01,2.762807222828450506e-03
3.991666666666666430e+01,2.759902103339843902e-03
3.993750000000000000e+01,2.756539780969894781e-03
3.995833333333332860e+01,2.752720573277663788e-03
3.997916666666666430e+01,2.748444858700801064e-03
4.000000000000000000e+01,2.743713078550370256e-03
4.002083333333332860e+01,2.738525738842999269e-03
4.004166666666666430e+01,2.732883411992545301e-03
4.006250000000000000e+01,2.726786738325807750e-03
4.008333333333332860e+01,2.720236427424747080e-03
4.010416666666666430e+01,2.713233259324215971e-03
4.012500000000000000e+01,2.705778085537465395e-03
4.014583333333332860e+01,2.697871829897295105e-03
4.016666666666666430e+01,2.689515489276932732e-03
4.018750000000000000e+01,2.680710134156381961e-03
4.020833333333332860e+01,2.671456909068303277e-03
4.022916666666666430e+01,2.661757032940934541e-03
4.025000000000000000e+01,2.651611799327695512e-03
4.027083333333332860e+01,2.641022576593815910e-03
4.029166666666666430e+01,2.629990807996850002e-03
4.031250000000000000e+01,2.618518011771469017e-03
4.033333333333332860e+01,2.606605781139342132e-03
4.035416666666666430e+01,2.594255784301091692e-03
4.037500000000000000e+01,2.581469764394526707e-03
4.039583333333332860e+01,2.568249539452656036e-03
4.041666666666666430e+01,2.554597002329483859e-03
4.043750000000000000e+01,2.540514120613329013e-03
4.045833333333332860e+01,2.526002936487420879e-03
4.047916666666666430e+01,2.511065566602954918e-03
4.050000000000000000e+01,2.495704201911073863e-03
4.052083333333332860e+01,2.479921107470517243e-03
4.054166666666666430e+01,2.463718622209392674e-03
4.056250000000000000e+01,2.447099158663774716e-03
4.058333333333332860e+01,2.430065202712289145e-03
4.060416666666666430e+01,2.412619313253495587e-03
4.062500000000000000e+01,2.394764121871898171e-03
4.064583333333332860e+01,2.376502332464560611e-03
4.066666666666666430e+01,2.357836720882722746e-03
4.068750000000000000e+01,2.338770134541410996e-03
4.070833333333332860e+01,2.319305492011481708e-03
4.072916666666666430e+01,2.299445782596869908e-03
4.075000000000000000e+01,2.279194065947329206e-03
4.077083333333332860e+01,2.258553471613092712e-03
4.079166666666666430e+01,2.237527198613698410e-03
4.081250000000000000e+01,2.216118515028107829e-03
4.083333333333332860e+01,2.194330757526946531e-03
4.085416666666666430e+01,2.172167330933768691e-03
4.087500000000000000e+01,2.149631707788153979e-03
4.089583333333332860e+01,2.126727427859786794e-03
4.091666666666666430e+01,2.103458097681891979e-03
4.093750000000000000e+01,2.079827390065106321e-03
4.095833333333332860e+01,2.055839043583144749e-03
4.097916666666666430e+01,2.031496862064280460e-03
4.100000000000000000e+01,2.006804714081872679e-03
4.102083333333332860e+01,1.981766532391816219e-03
4.104166666666666430e+01,1.956386313376573018e-03
4.106250000000000000e+01,1.930668116484171451e-03
4.108333333333332860e+01,1.904616063655009900e-03
4.110416666666666430e+01,1.878234338730303682e-03
4.112500000000000000e+01,1.851527186828691137e-03
4.114583333333332860e+01,1.824498913782046910e-03
4.116666666666666430e+01,1.797153885476970945e-03
4.118750000000000000e+01,1.769496527239538880e-03
4.120833333333332860e+01,1.741531323205030386e-03
4.122916666666666430e+01,1.713262815668087661e-03
4.125000000000000000e+01,1.684695604425213598e-03
4.127083333333332860e+01,1.655834346112860503e-03
4.129166666666666430e+01,1.626683753531028452e-03
4.131250000000000000e+01,1.597248594953602991e-03
4.133333333333332860e+01,1.567533693439928603e-03
4.135416666666666430e+01,1.537543926117379556e-03
4.137500000000000000e+01,1.507284223474130271e-03
4.139583333333332860e+01,1.476759568604810819e-03
4.141666666666666430e+01,1.445974996483765122e-03
4.143750000000000000e+01,1.414935593200932363e-03
4.145833333333332860e+01,1.383646495208502121e-03
4.147916666666666430e+01,1.352112888527163886e-03
4.150000000000000000e+01,1.320340007941797535e-03
4.152083333333332860e+01,1.288333136228941118e-03
4.154166666666666430e+01,1.256097603331348496e-03
4.156250000000000000e+01,1.223638785532755145e-03
4.158333333333332860e+01,1.190962104636918107e-03
4.160416666666666430e+01,1.158073027096718013e-03
4.162500000000000000e+01,1.124977063199864057e-03
4.164583333333332860e+01,1.091679766173806387e-03
4.166666666666666430e+01,1.058186731320605875e-03
4.168750000000000000e+01,1.024503595145993644e-03
4.170833333333332860e+01,9.906360344626725500e-04
4.172916666666666430e+01,9.565897654742685921e-04
4.175000000000000000e+01,9.223705428715958145e-04
4.177083333333332860e+01,8.879841589074260371e-04
4.179166666666666430e+01,8.534364424738849573e-04
4.181250000000000000e+01,8.187332581432564278e-04
4.183333333333332860e+01,7.838805052278634885e-04
4.185416666666666430e+01,7.488841168072765328e-04
4.187500000000000000e+01,7.137500587671754540e-04
4.189583333333332860e+01,6.784843288210911554e-04
4.191666666666666430e+01,6.430929555058439908e-04
4.193750000000000000e+01,6.075819971948286059e-04
4.195833333333332860e+01,5.719575410973866229e-04
4.197916666666666430e+01,5.362257022311633925e-04
4.200000000000000000e+01,5.003926224175864407e-04
4.202083333333332860e+01,4.644644692352235295e-04
4.204166666666666430e+01,4.284474349891583943e-04
4.206250000000000000e+01,3.923477356785655141e-04
4.208333333333332860e+01,3.561716099326086671e-04
4.210416666666666430e+01,3.199253179659536264e-04
4.212500000000000000e+01,2.836151405057702954e-04
4.214583333333332860e+01,2.472473777283931869e-04
4.216666666666666430e+01,2.108283481770698118e-04
4.218750000000000000e+01,1.743643877059014948e-04
4.220833333333332860e+01,1.378618483643280609e-04
4.222916666666666430e+01,1.013270973241918921e-04
4.225000000000000000e+01,6.476651577875170882e-05
4.227083333333332860e+01,2.818649785686250071e-05
4.229166666666666430e+01,-8.406550502064769566e-06
4.231250000000000000e+01,-4.500621263603427774e-05
4.233333333333332860e+01,-8.160606227156638000e-05
4.235416666666666430e+01,-1.181996646416240974e-04
4.237500000000000000e+01,-1.547805775978336896e-04
4.239583333333332860e+01,-1.913423527273481963e-04
4.241666666666666430e+01,-2.278785364592174237e-04
4.243750000000000000e+01,-2.643826711918779732e-04
4.245833333333332860e+01,-3.008482964220548063e-04
4.247916666666666430e+01,-3.372689498398102632e-04
4.250000000000000000e+01,-3.736381684689385366e-04
4.252083333333332860e+01,-4.099494897651284110e-04
4.254166666666666430e+01,-4.461964527512474578e-04
4.256250000000000000e+01,-4.823725991219163125e-04
4.258333333333332860e+01,-5.184714743560255457e-04
4.260416666666666430e+01,-5.544866288265509193e-04
4.262500000000000000e+01,-5.904116189227809688e-04
4.264583333333332860e+01,-6.262400081373345776e-04
4.266666666666666430e+01,-6.619653681746067234e-04
4.268750000000000000e+01,-6.975812800482676310e-04
4.270833333333332860e+01,-7.330813351671618301e-04
4.272916666666666430e+01,-7.684591364327436657e-04
4.275000000000000000e+01,-8.037082993135934248e-04
4.277083333333332860e+01,-8.388224529352241842e-04
4.279166666666666430e+01,-8.737952411424650644e-04
4.281250000000000000e+01,-9.086203235500800229e-04
4.283333333333332860e+01,-9.432913766387019620e-04
4.285416666666666430e+01,-9.778020947858387379e-04
4.287500000000000000e+01,-1.012146191307897484e-03
4.289583333333332860e+01,-1.046317399522655794e-03
4.291666666666666430e+01,-1.080309473776883177e-03
4.293750000000000000e+01,-1.114116190485161780e-03
4.295833333333332860e+01,-1.147731349145988088e-03
4.297916666666666430e+01,-1.181148773382147306e-03
4.300000000000000000e+01,-1.214362311950215739e-03
4.302083333333332860e+01,-1.247365839774872316e-03
4.304166666666666430e+01,-1.280153258972862489e-03
4.306250000000000000e+01,-1.312718499850077606e-03
4.308333333333332860e+01,-1.345055521965796488e-03
4.310416666666666430e+01,-1.377158315161086102e-03
4.312500000000000000e+01,-1.409020900584519913e-03
4.314583333333332860e+01,-1.440637331767706227e-03
4.316666666666666430e+01,-1.472001695711335672e-03
4.318750000000000000e+01,-1.503108113970473211e-03
4.320833333333332860e+01,-1.533950743793094894e-03
4.322916666666666430e+01,-1.564523779268637855e-03
4.325000000000000000e+01,-1.594821452551719795e-03
4.327083333333332860e+01,-1.624838035093030238e-03
4.329166666666666430e+01,-1.654567838962042433e-03
4.331250000000000000e+01,-1.684005218216590117e-03
4.333333333333332860e+01,-1.713144570343483808e-03
4.335416666666666430e+01,-1.741980337820075693e-03
4.337500000000000000e+01,-1.770507009739544181e-03
4.339583333333332860e+01,-1.798719123574863939e-03
4.341666666666666430e+01,-1.826611267064013385e-03
4.343750000000000000e+01,-1.854178080246979797e-03
4.345833333333332860e+01,-1.881414257653152592e-03
4.347916666666666430e+01,-1.908314550674171991e-03
4.350000000000000000e+01,-1.934873770145072430e-03
4.352083333333332860e+01,-1.961086789133145453e-03
4.354166666666666430e+01,-1.986948545957418263e-03
4.356250000000000000e+01,-2.012454047458223007e-03
4.358333333333332860e+01,-2.037598372554070333e-03
4.360416666666666430e+01,-2.062376676070252178e-03
4.362500000000000000e+01,-2.086784192853927654e-03
4.364583333333332860e+01,-2.110816242213648178e-03
4.366666666666666430e+01,-2.134468232675733324e-03
4.368750000000000000e+01,-2.157735667026962779e-03
4.370833333333332860e+01,-2.180614147677267540e-03
4.372916666666666430e+01,-2.203099382317160598e-03
4.375000000000000000e+01,-2.225187189847217806e-03
4.377083333333332860e+01,-2.246873506499153308e-03
4.379166666666666430e+01,-2.268154392198810411e-03
4.381250000000000000e+01,-2.289026037020813927e-03
4.383333333333332860e+01,-2.309484767698414057e-03
4.385416666666666430e+01,-2.329527054107447762e-03
4.387500000000000000e+01,-2.349149515618420385e-03
4.389583333333332860e+01,-2.368348927179715971e-03
4.391666666666666430e+01,-2.387122225025240397e-03
4.393750000000000000e+01,-2.405466511872591823e-03
4.395833333333332860e+01,-2.423379061435876163e-03
4.397916666666666430e+01,-2.440857322120594790e-03
4.400000000000000000e+01,-2.457898919746373274e-03
4.402083333333332860e+01,-2.474501659135696155e-03
4.404166666666666430e+01,-2.490663524441033300e-03
4.406250000000000000e+01,-2.506382678104274696e-03
4.408333333333332860e+01,-2.521657458323170713e-03
4.410416666666666430e+01,-2.536486374998998122e-03
4.412500000000000000e+01,-2.550868104091923421e-03
4.414583333333332860e+01,-2.564801480441837589e-03
4.416666666666666430e+01,-2.578285489123013832e-03
4.418750000000000000e+01,-2.591319255384761430e-03
4.420833333333332860e+01,-2.603902033388362340e-03
4.422916666666666430e+01,-2.616033193935087420e-03
4.425000000000000000e+01,-2.627712211422272848e-03
4.427083333333332860e+01,-2.638938650289640673e-03
4.429166666666666430e+01,-2.649712151284237122e-03
4.431250000000000000e+01,-2.660032417834831513e-03
4.433333333333332860e+01,-2.669899202838998085e-03
4.435416666666666430e+01,-2.679312296180918433e-03
4.437500000000000000e+01,-2.688271513255140969e-03
4.439583333333332860e+01,-2.696776684685869320e-03
4.441666666666666430e+01,-2.704827647483250101e-03
4.443750000000000000e+01,-2.712424237745964580e-03
4.445833333333332860e+01,-2.719566284973324102e-03
4.447916666666666430e+01,-2.726253608044401817e-03
4.450000000000000000e+01,-2.732486012780213202e-03
4.452083333333332860e+01,-2.738263291037234138e-03
4.454166666666666430e+01,-2.743585221161852494e-03
4.456250000000000000e+01,-2.748451569699458894e-03
4.458333333333332860e+01,-2.752862094089970207e-03
4.460416666666666430e+01,-2.756816546221044564e-03
4.462500000000000000e+01,-2.760314676583234574e-03
4.464583333333332860e+01,-2.763356238850117434e-03
4.466666666666666430e+01,-2.765940994718195552e-03
4.468750000000000000e+01,-2.768068718853186443e-03
4.470833333333332860e+01,-2.769739203763475939e-03
4.472916666666666430e+01,-2.770952264572057108e-03
4.475000000000000000e+01,-2.771707743570382774e-03
4.477083333333332860e+01,-2.772005514512668276e-03
4.479166666666666430e+01,-2.771845486650719500e-03
4.481250000000000000e+01,-2.771227608506922173e-03
4.483333333333332860e+01,-2.770151871342762043e-03
4.485416666666666430e+01,-2.768618312405253176e-03
4.487500000000000000e+01,-2.766627017946551165e-03
4.489583333333332860e+01,-2.764178126046127910e-03
4.491666666666666430e+01,-2.761271829240229906e-03
4.493750000000000000e+01,-2.757908376986924204e-03
4.495833333333332860e+01,-2.754088077998007381e-03
4.497916666666666430e+01,-2.749811302373755383e-03
4.500000000000000000e+01,-2.745078483641018915e-03
4.502083333333332860e+01,-2.739890120592689948e-03
4.504166666666666430e+01,-2.734246778991328980e-03
4.506250000000000000e+01,-2.728149093081698624e-03
4.508333333333332860e+01,-2.721597766954818309e-03
4.510416666666666430e+01,-2.714593575715185982e-03
4.512500000000000000e+01,-2.707137366501896625e-03
4.514583333333332860e+01,-2.699230059314058384e-03
4.516666666666666430e+01,-2.690872647692708897e-03
4.518750000000000000e+01,-2.682066199254172500e-03
4.520833333333332860e+01,-2.672811856092881678e-03
4.522916666666666430e+01,-2.663110835090823098e-03
4.525000000000000000e+01,-2.652964428109635259e-03
4.527083333333332860e+01,-2.642374002112260738e-03
4.529166666666666430e+01,-2.631340999240705612e-03
4.531250000000000000e+01,-2.619866936835198168e-03
4.533333333333332860e+01,-2.607953407429665187e-03
4.535416666666666430e+01,-2.595602078717581737e-03
4.537500000000000000e+01,-2.582814693505790671e-03
4.539583333333332860e+01,-2.569593069634707513e-03
4.541666666666666430e+01,-2.555939099899383598e-03
4.543750000000000000e+01,-2.541854751949605522e-03
4.545833333333332860e+01,-2.527342068174055940e-03
4.547916666666666430e+01,-2.512403165533074086e-03
4.550000000000000000e+01,-2.497040235392706913e-03
4.552083333333332860e+01,-2.481255543332922409e-03
4.554166666666666430e+01,-2.465051428898727519e-03
4.556250000000000000e+01,-2.448430305339772267e-03
4.558333333333332860e+01,-2.431394659325008135e-03
4.560416666666666430e+01,-2.413947050601701703e-03
4.562500000000000000e+01,-2.396090111665668924e-03
4.564583333333332860e+01,-2.377826547376752850e-03
4.566666666666666430e+01,-2.359159134578678492e-03
4.568750000000000000e+01,-2.340090721709558834e-03
4.570833333333332860e+01,-2.320624228380084239e-03
4.572916666666666430e+01,-2.300762644950124156e-03
4.575000000000000000e+01,-2.280509032107291660e-03
4.577083333333332860e+01,-2.259866520446854581e-03
4.579166666666666430e+01,-2.238838310045193451e-03
4.581250000000000000e+01,-2.217427670011633961e-03
4.583333333333332860e+01,-2.195637938049059719e-03
4.585416666666666430e+01,-2.173472520003914138e-03
4.587500000000000000e+01,-2.150934889428983768e-03
4.589583333333332860e+01,-2.128028587099288146e-03
4.591666666666666430e+01,-2.104757220549553949e-03
4.593750000000000000e+01,-2.081124463590963095e-03
4.595833333333332860e+01,-2.057134055785331175e-03
4.597916666666666430e+01,-2.032789801946822007e-03
4.600000000000000000e+01,-2.008095571613905620e-03
4.602083333333332860e+01,-1.983055298507445819e-03
4.604166666666666430e+01,-1.957672979966889465e-03
4.606250000000000000e+01,-1.931952676388447006e-03
4.608333333333332860e+01,-1.905898510626432684e-03
4.610416666666666430e+01,-1.879514667429068924e-03
4.612500000000000000e+01,-1.852805392814711434e-03
4.614583333333332860e+01,-1.825774993477816566e-03
4.616666666666666430e+01,-1.798427836160034670e-03
4.618750000000000000e+01,-1.770768347021313633e-03
4.620833333333332860e+01,-1.742801011002530903e-03
4.622916666666666430e+01,-1.714530371187594033e-03
4.625000000000000000e+01,-1.685961028138318642e-03
4.627083333333332860e+01,-1.657097639250215432e-03
4.629166666666666430e+01,-1.627944918052244561e-03
4.631250000000000000e+01,-1.598507633533204075e-03
4.633333333333332860e+01,-1.568790609459642721e-03
4.635416666666666430e+01,-1.538798723637364299e-03
4.637500000000000000e+01,-1.508536907217925774e-03
4.639583333333332860e+01,-1.478010143954683981e-03
4.641666666666666430e+01,-1.447223469467152088e-03
4.643750000000000000e+01,-1.416181970474751205e-03
4.645833333333332860e+01,-1.384890784027972051e-03
4.647916666666666430e+01,-1.353355096738255089e-03
4.650000000000000000e+01,-1.321580143981481836e-03
4.652083333333332860e+01,-1.289571209106211069e-03
4.654166666666666430e+01,-1.257333622605329073e-03
4.656250000000000000e+01,-1.224872761290626355e-03
4.658333333333332860e+01,-1.192194047487524916e-03
4.660416666666666430e+01,-1.159302948167264613e-03
4.662500000000000000e+01,-1.126204974100414270e-03
4.664583333333332860e+01,-1.092905678996053528e-03
4.666666666666666430e+01,-1.059410658625278227e-03
4.668750000000000000e+01,-1.025725549942068564e-03
4.670833333333332860e+01,-9.918560302000774091e-04
4.672916666666666430e+01,-9.578078160330926339e-04
4.675000000000000000e+01,-9.235866625497573569e-04
4.677083333333332860e+01,-8.891983624113033394e-04
4.679166666666666430e+01,-8.546487449045704881e-04
4.681250000000000000e+01,-8.199436749891249841e-04
4.683333333333332860e+01,-7.850890523555268058e-04
4.685416666666666430e+01,-7.500908104461524858e-04
4.687500000000000000e+01,-7.149549155110310932e-04
4.689583333333332860e+01,-6.796873656060903237e-04
4.691666666666666430e+01,-6.442941896109917379e-04
4.693750000000000000e+01,-6.087814462355752628e-04
4.695833333333332860e+01,-5.731552230092911522e-04
4.697916666666666430e+01,-5.374216352647221773e-04
4.700000000000000000e+01,-5.015868251271920954e-04
4.702083333333332860e+01,-4.656569604743142875e-04
4.704166666666666430e+01,-4.296382339094364524e-04
4.706250000000000000e+01,-3.935368617052070750e-04
4.708333333333332860e+01,-3.573590827691609556e-04
4.710416666666666430e+01,-3.211111575914257581e-04
4.712500000000000000e+01,-2.847993671639059091e-04
4.714583333333332860e+01,-2.484300119177271183e-04
4.716666666666666430e+01,-2.120094106458212844e-04
4.718750000000000000e+01,-1.755438994467390225e-04
4.720833333333332860e+01,-1.390398306194605361e-04
4.722916666666666430e+01,-1.025035715710286569e-04
4.725000000000000000e+01,-6.594150372429197140e-05
4.727083333333332860e+01,-2.936002142535675525e-05
4.729166666666666430e+01,7.234469153960863329e-06
4.731250000000000000e+01,4.383555113385439762e-05
4.733333333333332860e+01,8.043679803343352537e-05
4.735416666666666430e+01,1.170317748758639112e-04
4.737500000000000000e+01,1.536140393040194812e-04
4.739583333333332860e+01,1.901771427106877551e-04
4.741666666666666430e+01,2.267146313293451506e-04
4.743750000000000000e+01,2.632200473723528842e-04
4.745833333333332860e+01,2.996869301453849934e-04
4.747916666666666430e+01,3.361088171598693402e-04
4.750000000000000000e+01,3.724792452588918589e-04
4.752083333333332860e+01,4.087917517368064670e-04
4.754166666666666430e+01,4.450398754424421638e-04
4.756250000000000000e+01,4.812171579123905585e-04
4.758333333333332860e+01,5.173171444728022050e-04
4.760416666666666430e+01,5.533333853579366782e-04
4.762500000000000000e+01,5.892594368041201812e-04
4.764583333333332860e+01,6.250888621812621376e-04
4.766666666666666430e+01,6.608152330676312020e-04
4.768750000000000000e+01,6.964321303573108588e-04
4.770833333333332860e+01,7.319331453621660301e-04
4.772916666666666430e+01,7.673118809022580521e-04
4.775000000000000000e+01,8.025619523642326444e-04
4.777083333333332860e+01,8.376769887992658627e-04
4.779166666666666430e+01,8.726506340050393202e-04
4.781250000000000000e+01,9.074765475859567724e-04
4.783333333333332860e+01,9.421484059995224869e-04
4.785416666666666430e+01,9.766599036317995426e-04
4.787500000000000000e+01,1.011004753852628134e-03
4.789583333333332860e+01,1.045176690042036623e-03
4.791666666666666430e+01,1.079169466639652098e-03
4.793750000000000000e+01,1.112976860188419955e-03
4.795833333333332860e+01,1.146592670372331094e-03
4.797916666666666430e+01,1.180010721013788387e-03
4.800000000000000000e+01,1.213224861130045035e-03
4.802083333333332860e+01,1.246228965957186900e-03
4.804166666666666430e+01,1.279016937972040540e-03
4.806250000000000000e+01,1.311582707919890182e-03
4.808333333333332860e+01,1.343920235855356696e-03
4.810416666666666430e+01,1.376023512187867512e-03
4.812500000000000000e+01,1.407886558724694669e-03
4.814583333333332860e+01,1.439503429742978145e-03
4.816666666666666430e+01,1.470868213095450749e-03
4.818750000000000000e+01,1.501975031288674354e-03
4.820833333333332860e+01,1.532818042637588366e-03
4.822916666666666430e+01,1.563391442439833814e-03
4.825000000000000000e+01,1.593689464176858321e-03
4.827083333333332860e+01,1.623706380797603887e-03
4.829166666666666430e+01,1.653436506014611387e-03
4.831250000000000000e+01,1.682874195706707135e-03
4.833333333333332860e+01,1.712013849370107093e-03
4.835416666666666430e+01,1.740849911678073354e-03
4.837500000000000000e+01,1.769376874146746763e-03
4.839583333333332860e+01,1.797589276884853631e-03
4.841666666666666430e+01,1.825481710498455968e-03
4.843750000000000000e+01,1.853048818134159963e-03
4.845833333333332860e+01,1.880285297697772452e-03
4.847916666666666430e+01,1.907185904226568231e-03
4.850000000000000000e+01,1.933745452458807568e-03
4.852083333333332860e+01,1.959958819637634166e-03
4.854166666666666430e+01,1.985820948554148542e-03
4.856250000000000000e+01,2.011326850799686258e-03
4.858333333333332860e+01,2.036471610316747428e-03
4.860416666666666430e+01,2.061250387199567696e-03
4.862500000000000000e+01,2.085658421836449235e-03
4.864583333333332860e+01,2.109691039319558804e-03
4.866666666666666430e+01,2.133343654142888512e-03
4.868750000000000000e+01,2.156611775233796113e-03
4.870833333333332860e+01,2.179491011273493404e-03
4.872916666666666430e+01,2.201977076310434028e-03
4.875000000000000000e+01,2.224065795607560632e-03
4.877083333333332860e+01,2.245753111719497441e-03
4.879166666666666430e+01,2.267035090764128562e-03
4.881250000000000000e+01,2.287907928791200248e-03
4.883333333333332860e+01,2.308367958196873813e-03
4.885416666666666430e+01,2.328411654115533722e-03
4.887500000000000000e+01,2.348035640646305156e-03
4.889583333333332860e+01,2.367236696834321141e-03
4.891666666666666430e+01,2.386011762265839806e-03
4.893750000000000000e+01,2.404357942153871174e-03
4.895833333333332860e+01,2.422272511736935866e-03
4.897916666666666430e+01,2.439752919878719964e-03
4.900000000000000000e+01,2.456796791693294062e-03
4.902083333333332860e+01,2.473401930069247818e-03
4.904166666666666430e+01,2.489566315953378392e-03
4.906250000000000000e+01,2.505288107273483979e-03
4.908333333333332860e+01,2.520565636398346566e-03
4.910416666666666430e+01,2.535397406109218734e-03
4.912500000000000000e+01,2.549782084042594502e-03
4.914583333333332860e+01,2.563718495588263990e-03
4.916666666666666430e+01,2.577205615352391819e-03
4.918750000000000000e+01,2.590242557270832757e-03
4.920833333333332860e+01,2.602828563531283442e-03
4.922916666666666430e+01,2.614962992500320400e-03
4.925000000000000000e+01,2.626645305896045841e-03
4.927083333333332860e+01,2.637875055457369628e-03
4.929166666666666430e+01,2.648651869452372208e-03
4.931250000000000000e+01,2.658975439262187442e-03
4.933333333333332860e+01,2.668845506409250022e-03
4.935416666666666430e+01,2.678261850233672019e-03
4.937500000000000000e+01,2.687224276582724815e-03
4.939583333333332860e+01,2.695732607669081883e-03
4.941666666666666430e+01,2.703786673325026067e-03
4.943750000000000000e+01,2.711386303755162173e-03
4.945833333333332860e+01,2.718531323864728597e-03
4.947916666666666430e+01,2.725221549208957719e-03
4.950000000000000000e+01,2.731456783517806353e-03
4.952083333333332860e+01,2.737236817695208515e-03
4.954166666666666430e+01,2.742561430197347928e-03
4.956250000000000000e+01,2.747430388588402266e-03
4.958333333333332860e+01,2.751843452109649542e-03
4.960416666666666430e+01,2.755800375103028589e-03
4.962500000000000000e+01,2.759300911043953506e-03
4.964583333333332860e+01,2.762344816978209820e-03
4.966666666666666430e+01,2.764931858257449037e-03
4.968750000000000000e+01,2.767061813360310006e-03
4.970833333333332860e+01,2.768734478710564804e-03
4.972916666666666430e+01,2.769949673352955274e-03
4.975000000000000000e+01,2.770707243456688694e-03
4.977083333333332860e+01,2.771007066577002836e-03
4.979166666666666430e+01,2.770849055654502850e-03
4.981250000000000000e+01,2.770233162752636872e-03
4.983333333333332860e+01,2.769159382525114219e-03
4.985416666666666430e+01,2.767627755467375657e-03
4.987500000000000000e+01,2.765638370922223442e-03
4.989583333333332860e+01,2.763191369879498469e-03
4.991666666666666430e+01,2.760286947632846141e-03
4.993750000000000000e+01,2.756925356233233364e-03
4.995833333333332860e+01,2.753106906814481968e-03
4.997916666666666430e+01,2.748831971736291017e-03
5.000000000000000000e+01,2.744100986600212302e-03
5.002083333333332860e+01,2.738914452105255422e-03
5.004166666666666430e+01,2.733272935739726288e-03
5.006250000000000000e+01,2.727177073299971027e-03
5.008333333333332860e+01,2.720627570263262594e-03
5.010416666666666430e+01,2.713625202935665125e-03
5.012500000000000000e+01,2.706170819502192165e-03
5.014583333333332860e+01,2.698265340857560965e-03
5.016666666666666430e+01,2.689909761283430702e-03
5.018750000000000000e+01,2.681105149003986266e-03
5.020833333333332860e+01,2.671852646624104256e-03
5.022916666666666430e+01,2.662153471410667015e-03
5.025000000000000000e+01,2.652008915518100102e-03
5.027083333333332860e+01,2.641420346128072177e-03
5.029166666666666430e+01,2.630389205529204237e-03
5.031250000000000000e+01,2.618917011152793219e-03
5.033333333333332860e+01,2.607005355570058552e-03
5.035416666666666430e+01,2.594655906472223203e-03
5.037500000000000000e+01,2.581870406619508028e-03
5.039583333333332860e+01,2.568650673769060956e-03
5.041666666666666430e+01,2.554998600610623900e-03
5.043750000000000000e+01,2.540916154658452546e-03
5.045833333333332860e+01,2.526405378125145141e-03
5.047916666666666430e+01,2.511468387773622447e-03
5.050000000000000000e+01,2.496107374756552626e-03
5.052083333333332860e+01,2.480324604407633648e-03
5.054166666666666430e+01,2.464122416006029551e-03
5.056250000000000000e+01,2.447503222519473078e-03
5.058333333333332860e+01,2.430469510309707891e-03
5.060416666666666430e+01,2.413023838820878026e-03
5.062500000000000000e+01,2.395168840222298024e-03
5.064583333333332860e+01,2.376907219039737021e-03
5.066666666666666430e+01,2.358241751790367009e-03
5.068750000000000000e+01,2.339175286577616000e-03
5.070833333333332860e+01,2.319710742674558138e-03
5.072916666666666430e+01,2.299851110108832968e-03
5.075000000000000000e+01,2.279599449247761162e-03
5.077083333333332860e+01,2.258958890374831736e-03
5.079166666666666430e+01,2.237932633251628854e-03
5.081250000000000000e+01,2.216523946680475522e-03
5.083333333333332860e+01,2.194736168060674401e-03
5.085416666666666430e+01,2.172572702956601567e-03
5.087500000000000000e+01,2.150037024636306492e-03
5.089583333333332860e+01,2.127132673599705856e-03
5.091666666666666430e+01,2.103863257105589944e-03
5.093750000000000000e+01,2.080232448686035376e-03
5.095833333333332860e+01,2.056243987649330942e-03
5.097916666666666430e+01,2.031901678557131944e-03
5.100000000000000000e+01,2.007209390703025304e-03
5.102083333333332860e+01,1.982171057563631399e-03
5.104166666666666430e+01,1.956790676234167106e-03
5.106250000000000000e+01,1.931072306876355530e-03
5.108333333333332860e+01,1.905020072137464512e-03
5.110416666666666430e+01,1.878638156548475104e-03
5.112500000000000000e+01,1.851930805928242441e-03
5.114583333333332860e+01,1.824902326764977264e-03
5.116666666666666430e+01,1.797557085616844968e-03
5.118750000000000000e+01,1.769899508464242190e-03
5.120833333333332860e+01,1.741934080084792851e-03
5.122916666666666430e+01,1.713665343399592682e-03
5.125000000000000000e+01,1.685097898825197848e-03
5.127083333333332860e+01,1.656236403599542625e-03
5.129166666666666430e+01,1.627085571118686751e-03
5.131250000000000000e+01,1.597650170253874522e-03
5.133333333333332860e+01,1.567935024638547614e-03
5.135416666666666430e+01,1.537945011966523239e-03
5.137500000000000000e+01,1.507685063283957429e-03
5.139583333333332860e+01,1.477160162246169556e-03
5.141666666666666430e+01,1.446375344369922730e-03
5.143750000000000000e+01,1.415335696278941392e-03
5.145833333333332860e+01,1.384046354957319284e-03
5.147916666666666430e+01,1.352512506941908315e-03
5.150000000000000000e+01,1.320739387531230874e-03
5.152083333333332860e+01,1.288732280008752845e-03
5.154166666666666430e+01,1.256496514812477112e-03
5.156250000000000000e+01,1.224037468716419712e-03
5.158333333333332860e+01,1.191360563993704635e-03
5.160416666666666430e+01,1.158471267575745308e-03
5.162500000000000000e+01,1.125375090206966753e-03
5.164583333333332860e+01,1.092077585574512599e-03
5.166666666666666430e+01,1.058584349430440746e-03
5.168750000000000000e+01,1.024901018718874261e-03
5.170833333333332860e+01,9.910332706821267743e-04
5.172916666666666430e+01,9.569868219558205205e-04
5.175000000000000000e+01,9.227674276487622240e-04
5.177083333333332860e+01,8.883808804352642200e-04
5.179166666666666430e+01,8.538330096162799086e-04
5.181250000000000000e+01,8.191296801690467737e-04
5.183333333333332860e+01,7.842767918101290576e-04
5.185416666666666430e+01,7.492802780139797393e-04
5.187500000000000000e+01,7.141461050630986589e-04
5.189583333333332860e+01,6.788802710494405744e-04
5.191666666666666430e+01,6.434888049037378478e-04
5.193750000000000000e+01,6.079777653803240031e-04
5.195833333333332860e+01,5.723532400652189519e-04
5.197916666666666430e+01,5.366213443468706087e-04
5.200000000000000000e+01,5.007882204145419278e-04
5.202083333333332860e+01,4.648600362132787318e-04
5.204166666666666430e+01,4.288429844204470938e-04
5.206250000000000000e+01,3.927432813872402538e-04
5.208333333333332860e+01,3.565671661056776234e-04
5.210416666666666430e+01,3.203208991489617978e-04
5.212500000000000000e+01,2.840107615967912879e-04
5.214583333333332860e+01,2.476430539802211995e-04
5.216666666666666430e+01,2.112240951995412661e-04
5.218750000000000000e+01,1.747602214515029285e-04
5.220833333333332860e+01,1.382577851406489487e-04
5.222916666666666430e+01,1.017231537843043843e-04
5.225000000000000000e+01,6.516270893418964303e-05
5.227083333333332860e+01,2.858284505496274815e-05
5.229166666666666430e+01,-8.010031555519969574e-06
5.231250000000000000e+01,-4.460950388785122299e-05
5.233333333333332860e+01,-8.120914532262391732e-05
5.235416666666666430e+01,-1.178025207482343234e-04
5.237500000000000000e+01,-1.543831876622541604e-04
5.239583333333332860e+01,-1.909446973015218284e-04
5.241666666666666430e+01,-2.274805957424600941e-04
5.243750000000000000e+01,-2.639844250522407855e-04
5.245833333333332860e+01,-3.004497243652881795e-04
5.247916666666666430e+01,-3.368700310252362184e-04
5.250000000000000000e+01,-3.732388816986838644e-04
5.252083333333332860e+01,-4.095498134978614591e-04
5.254166666666666430e+01,-4.457963651022569520e-04
5.256250000000000000e+01,-4.819720778566450670e-04
5.258333333333332860e+01,-5.180704968877585101e-04
5.260416666666666430e+01,-5.540851722234522471e-04
5.262500000000000000e+01,-5.900096599121025650e-04
5.264583333333332860e+01,-6.258375231067066788e-04
5.266666666666666430e+01,-6.615623331713139758e-04
5.268750000000000000e+01,-6.971776707837085228e-04
5.270833333333332860e+01,-7.326771270258332575e-04
5.272916666666666430e+01,-7.680543044781203447e-04
5.275000000000000000e+01,-8.033028182990313874e-04
5.277083333333332860e+01,-8.384162973036313974e-04
5.279166666666666430e+01,-8.733883850322586876e-04
5.281250000000000000e+01,-9.082127408317008195e-04
5.283333333333332860e+01,-9.428830409037808422e-04
5.285416666666666430e+01,-9.773929793707571232e-04
5.287500000000000000e+01,-1.011736269320589110e-03
5.289583333333332860e+01,-1.045906643857689479e-03
5.291666666666666430e+01,-1.079897857139033163e-03
5.293750000000000000e+01,-1.113703685417813394e-03
5.295833333333332860e+01,-1.147317928074178183e-03
5.297916666666666430e+01,-1.180734408635538725e-03
5.300000000000000000e+01,-1.213946975812608053e-03
5.302083333333332860e+01,-1.246949504524872418e-03
5.304166666666666430e+01,-1.279735896932031412e-03
5.306250000000000000e+01,-1.312300083456887419e-03
5.308333333333332860e+01,-1.344636023828276123e-03
5.310416666666666430e+01,-1.376737708125529190e-03
5.312500000000000000e+01,-1.408599157825068948e-03
5.314583333333332860e+01,-1.440214426875789915e-03
5.316666666666666430e+01,-1.471577602783692273e-03
5.318750000000000000e+01,-1.502682807719941472e-03
5.320833333333332860e+01,-1.533524199666422803e-03
5.322916666666666430e+01,-1.564095973590244821e-03
5.325000000000000000e+01,-1.594392362651596718e-03
5.327083333333332860e+01,-1.624407639465461290e-03
5.329166666666666430e+01,-1.654136117424625206e-03
5.331250000000000000e+01,-1.683572152100355464e-03
5.333333333333332860e+01,-1.712710142700678848e-03
5.335416666666666430e+01,-1.741544533620286665e-03
5.337500000000000000e+01,-1.770069816106868048e-03
5.339583333333332860e+01,-1.798280530027616606e-03
5.341666666666666430e+01,-1.826171265770013766e-03
5.343750000000000000e+01,-1.853736666299435907e-03
5.345833333333332860e+01,-1.880971429358178080e-03
5.347916666666666430e+01,-1.907870309854839148e-03
5.350000000000000000e+01,-1.934428122455200466e-03
5.352083333333332860e+01,-1.960639744380155737e-03
5.354166666666666430e+01,-1.986500118428815784e-03
5.356250000000000000e+01,-2.012004256265731688e-03
5.358333333333332860e+01,-2.037147241972103815e-03
5.360416666666666430e+01,-2.061924235854209562e-03
5.362500000000000000e+01,-2.086330478582101855e-03
5.364583333333332860e+01,-2.110361295592821755e-03
5.366666666666666430e+01,-2.134012101826494954e-03
5.368750000000000000e+01,-2.157278406742731830e-03
5.370833333333332860e+01,-2.180155819650099122e-03
5.372916666666666430e+01,-2.202640055305386639e-03
5.375000000000000000e+01,-2.224726939785366935e-03
5.377083333333332860e+01,-2.246412416562560202e-03
5.379166666666666430e+01,-2.267692552759938487e-03
5.381250000000000000e+01,-2.288563545526310725e-03
5.383333333333332860e+01,-2.309021728454731075e-03
5.385416666666666430e+01,-2.329063577953102183e-03
5.387500000000000000e+01,-2.348685719470707933e-03
5.389583333333332860e+01,-2.367884933471653495e-03
5.391666666666666430e+01,-2.386658161002971641e-03
5.393750000000000000e+01,-2.405002508767995883e-03
5.395833333333332860e+01,-2.422915253509069083e-03
5.397916666666666430e+01,-2.440393845593778928e-03
5.400000000000000000e+01,-2.457435911610897881e-03
5.402083333333332860e+01,-2.474039255866347133e-03
5.404166666666666430e+01,-2.490201860646387537e-03
5.406250000000000000e+01,-2.505921885099587736e-03
5.408333333333332860e+01,-2.521197662703003346e-03
5.410416666666666430e+01,-2.536027697193453303e-03
5.412500000000000000e+01,-2.550410656976232881e-03
5.414583333333332860e+01,-2.564345368012044876e-03
5.416666666666666430e+01,-2.577830805291090027e-03
5.418750000000000000e+01,-2.590866082913480164e-03
5.420833333333332860e+01,-2.603450442993042631e-03
5.422916666666666430e+01,-2.615583243603805414e-03
5.425000000000000000e+01,-2.627263945952232251e-03
5.427083333333332860e+01,-2.638492101077698822e-03
5.429166666666666430e+01,-2.649267336354203025e-03
5.431250000000000000e+01,-2.659589342105396492e-03
5.433333333333332860e+01,-2.669457858638230475e-03
5.435416666666666430e+01,-2.678872663992008189e-03
5.437500000000000000e+01,-2.687833562626979443e-03
5.439583333333332860e+01,-2.696340375324819596e-03
5.441666666666666430e+01,-2.704392930470542536e-03
5.443750000000000000e+01,-2.711991056835527138e-03
5.445833333333332860e+01,-2.719134577939752700e-03
5.447916666666666430e+01,-2.725823308029330389e-03
5.450000000000000000e+01,-2.732057049606334640e-03
5.452083333333332860e+01,-2.737835592471816494e-03
5.454166666666666430e+01,-2.743158714080013751e-03
5.456250000000000000e+01,-2.748026181118042206e-03
5.458333333333332860e+01,-2.752437752097006141e-03
5.460416666666666430e+01,-2.756393180758258833e-03
5.462500000000000000e+01,-2.759892220076968702e-03
5.464583333333332860e+01,-2.762934626738316503e-03
5.466666666666666430e+01,-2.765520165828238338e-03
5.468750000000000000e+01,-2.767648615665911204e-03
5.470833333333332860e+01,-2.769319772595736206e-03
5.472916666666666430e+01,-2.770533455659654042e-03
5.475000000000000000e+01,-2.771289511087903900e-03
5.477083333333332860e+01,-2.771587816553689083e-03
5.479166666666666430e+01,-2.771428285157196726e-03
5.481250000000000000e+01,-2.770810869164029230e-03
5.483333333333332860e+01,-2.769735563469324750e-03
5.485416666666666430e+01,-2.768202408815609392e-03
5.487500000000000000e+01,-2.766211494820007208e-03
5.489583333333332860e+01,-2.763762962778189107e-03
5.491666666666666430e+01,-2.760857008299381389e-03
5.493750000000000000e+01,-2.757493883763077226e-03
5.495833333333332860e+01,-2.753673900621118366e-03
5.497916666666666430e+01,-2.749397431571945494e-03
5.500000000000000000e+01,-2.744664912573872330e-03
5.502083333333332860e+01,-2.739476844664815759e-03
5.504166666666666430e+01,-2.733833795669158347e-03
5.506250000000000000e+01,-2.727736401725613415e-03
5.508333333333332860e+01,-2.721185368636778752e-03
5.510416666666666430e+01,-2.714181473033915829e-03
5.512500000000000000e+01,-2.706725563415353971e-03
5.514583333333332860e+01,-2.698818560962178148e-03
5.516666666666666430e+01,-2.690461460245277981e-03
5.518750000000000000e+01,-2.681655329764188848e-03
5.520833333333332860e+01,-2.672401312370991083e-03
5.522916666666666430e+01,-2.662700625568363653e-03
5.525000000000000000e+01,-2.652554561731988725e-03
5.527083333333332860e+01,-2.641964488254672488e-03
5.529166666666666430e+01,-2.630931847617415473e-03
5.531250000000000000e+01,-2.619458157435320712e-03
5.533333333333332860e+01,-2.607545010446176217e-03
5.535416666666666430e+01,-2.595194074493660692e-03
5.537500000000000000e+01,-2.582407092479842466e-03
5.539583333333332860e+01,-2.569185882305564418e-03
5.541666666666666430e+01,-2.555532336785086914e-03
5.543750000000000000e+01,-2.541448423541595430e-03
5.545833333333332860e+01,-2.526936184891581238e-03
5.547916666666666430e+01,-2.511997737699449892e-03
5.550000000000000000e+01,-2.496635273207784608e-03
5.552083333333332860e+01,-2.480851056827588271e-03
5.554166666666666430e+01,-2.464647427902742684e-03
5.556250000000000000e+01,-2.448026799466977276e-03
5.558333333333332860e+01,-2.430991657939444214e-03
5.560416666666666430e+01,-2.413544562799752220e-03
5.562500000000000000e+01,-2.395688146257000418e-03
5.564583333333332860e+01,-2.377425112866039716e-03
5.566666666666666430e+01,-2.358758239164227347e-03
5.568750000000000000e+01,-2.339690373269230367e-03
5.570833333333332860e+01,-2.320224434457886838e-03
5.572916666666666430e+01,-2.300363412767093656e-03
5.575000000000000000e+01,-2.280110368564587826e-03
5.577083333333332860e+01,-2.259468432115690172e-03
5.579166666666666430e+01,-2.238440803165547052e-03
5.581250000000000000e+01,-2.217030750495931936e-03
5.583333333333332860e+01,-2.195241611492560699e-03
5.585416666666666430e+01,-2.173076791692188283e-03
5.587500000000000000e+01,-2.150539764323272564e-03
5.589583333333332860e+01,-2.127634069847287018e-03
5.591666666666666430e+01,-2.104363315494187352e-03
5.593750000000000000e+01,-2.080731174756117723e-03
5.595833333333332860e+01,-2.056741386885025703e-03
5.597916666666666430e+01,-2.032397756394564194e-03
5.600000000000000000e+01,-2.007704152522056962e-03
5.602083333333332860e+01,-1.982664508684684954e-03
5.604166666666666430e+01,-1.957282821925712245e-03
5.606250000000000000e+01,-1.931563152346194761e-03
5.608333333333332860e+01,-1.905509622509374019e-03
5.610416666666666430e+01,-1.879126416884397506e-03
5.612500000000000000e+01,-1.852417781218015274e-03
5.614583333333332860e+01,-1.825388021924654637e-03
5.616666666666666430e+01,-1.798041505480055388e-03
5.618750000000000000e+01,-1.770382657783735499e-03
5.620833333333332860e+01,-1.742415963528033164e-03
5.622916666666666430e+01,-1.714145965552965525e-03
5.625000000000000000e+01,-1.685577264180441797e-03
5.627083333333332860e+01,-1.656714516563184258e-03
5.629166666666666430e+01,-1.627562436009045641e-03
5.631250000000000000e+01,-1.598125791285254921e-03
5.633333333333332860e+01,-1.568409405935064418e-03
5.635416666666666430e+01,-1.538418157551886632e-03
5.637500000000000000e+01,-1.508156977076493795e-03
5.639583333333332860e+01,-1.477630848064769627e-03
5.641666666666666430e+01,-1.446844805931632276e-03
5.643750000000000000e+01,-1.415803937198521463e-03
5.645833333333332860e+01,-1.384513378725819779e-03
5.647916666666666430e+01,-1.352978316937807719e-03
5.650000000000000000e+01,-1.321203987036193841e-03
5.652083333333332860e+01,-1.289195672187165445e-03
5.654166666666666430e+01,-1.256958702704859439e-03
5.656250000000000000e+01,-1.224498455243485349e-03
5.658333333333332860e+01,-1.191820351956557117e-03
5.660416666666666430e+01,-1.158929859655865539e-03
5.662500000000000000e+01,-1.125832488962343926e-03
5.664583333333332860e+01,-1.092533793435242553e-03
5.666666666666666430e+01,-1.059039368696411843e-03
5.668750000000000000e+01,-1.025354851561878543e-03
5.670833333333332860e+01,-9.914859191403799753e-04
5.672916666666666430e+01,-9.574382879341484381e-04
5.675000000000000000e+01,-9.232177129189814927e-04
5.677083333333332860e+01,-8.888299866282419392e-04
5.679166666666666430e+01,-8.542809382218663136e-04
5.681250000000000000e+01,-8.195764325423925568e-04
5.683333333333332860e+01,-7.847223691548399016e-04
5.685416666666666430e+01,-7.497246813908234374e-04
5.687500000000000000e+01,-7.145893353850963888e-04
5.689583333333332860e+01,-6.793223290816691401e-04
5.691666666666666430e+01,-6.439296912584849221e-04
5.693750000000000000e+01,-6.084174805135995987e-04
5.695833333333332860e+01,-5.727917842715883308e-04
5.697916666666666430e+01,-5.370587177708088062e-04
5.700000000000000000e+01,-5.012244230366831414e-04
5.702083333333332860e+01,-4.652950678513801232e-04
5.704166666666666430e+01,-4.292768447229964950e-04
5.706250000000000000e+01,-3.931759698380352412e-04
5.708333333333332860e+01,-3.569986820179475696e-04
5.710416666666666430e+01,-3.207512416590414437e-04
5.712500000000000000e+01,-2.844399296678555480e-04
5.714583333333332860e+01,-2.480710463942822322e-04
5.716666666666666430e+01,-2.116509105545400741e-04
5.718750000000000000e+01,-1.751858581674389499e-04
5.720833333333332860e+01,-1.386822414509282595e-04
5.722916666666666430e+01,-1.021464277312825837e-04
5.725000000000000000e+01,-6.558479835986984587e-05
5.727083333333332860e+01,-2.900374761564757136e-05
5.729166666666666430e+01,7.590318405682300014e-06
5.731250000000000000e+01,4.419098289926595393e-05
5.733333333333332860e+01,8.079181945471077247e-05
5.735416666666666430e+01,1.173863931547009242e-04
5.737500000000000000e+01,1.539682617156360204e-04
5.739583333333332860e+01,1.905309765929853608e-04
5.741666666666666430e+01,2.270680840908440988e-04
5.743750000000000000e+01,2.635731264823754278e-04
5.745833333333332860e+01,3.000396431294758814e-04
5.747916666666666430e+01,3.364611716039174667e-04
5.750000000000000000e+01,3.728312488090667286e-04
5.752083333333332860e+01,4.091434120989772801e-04
5.754166666666666430e+01,4.453912003797875835e-04
5.756250000000000000e+01,4.815681552354526742e-04
5.758333333333332860e+01,5.176678220513007038e-04
5.760416666666666430e+01,5.536837511094046173e-04
5.762500000000000000e+01,5.896094986964781548e-04
5.764583333333332860e+01,6.254386282141733604e-04
5.766666666666666430e+01,6.611647112932246247e-04
5.768750000000000000e+01,6.967813288779623479e-04
5.770833333333332860e+01,7.322820723115930266e-04
5.772916666666666430e+01,7.676605444361801452e-04
5.775000000000000000e+01,8.029103606706688902e-04
5.777083333333332860e+01,8.380251501015836694e-04
5.779166666666666430e+01,8.729985565428540579e-04
5.781250000000000000e+01,9.078242396039341335e-04
5.783333333333332860e+01,9.424958757516616265e-04
5.785416666666666430e+01,9.770071593842664243e-04
5.787500000000000000e+01,1.011351803860057472e-03
5.789583333333332860e+01,1.045523542540069102e-03
5.791666666666666430e+01,1.079516129837581641e-03
5.793750000000000000e+01,1.113323342264119654e-03
5.795833333333332860e+01,1.146938979446899144e-03
5.797916666666666430e+01,1.180356865157548927e-03
5.800000000000000000e+01,1.213570848339841704e-03
5.802083333333332860e+01,1.246574804126883212e-03
5.804166666666666430e+01,1.279362634885103508e-03
5.806250000000000000e+01,1.311928271240594621e-03
5.808333333333332860e+01,1.344265673092459677e-03
5.810416666666666430e+01,1.376368830667250038e-03
5.812500000000000000e+01,1.408231765578438341e-03
5.814583333333332860e+01,1.439848531882123930e-03
5.816666666666666430e+01,1.471213217155761550e-03
5.818750000000000000e+01,1.502319943614041729e-03
5.820833333333332860e+01,1.533162869235627944e-03
5.822916666666666430e+01,1.563736188948386483e-03
5.825000000000000000e+01,1.594034135826658764e-03
5.827083333333332860e+01,1.624050982341144339e-03
5.829166666666666430e+01,1.653781041692082296e-03
5.831250000000000000e+01,1.683218669181218248e-03
5.833333333333332860e+01,1.712358263681986598e-03
5.835416666666666430e+01,1.741194269177084863e-03
5.837500000000000000e+01,1.769721176419038157e-03
5.839583333333332860e+01,1.797933524685763626e-03
5.841666666666666430e+01,1.825825903675803129e-03
5.843750000000000000e+01,1.853392955557040759e-03
5.845833333333332860e+01,1.880629377172896846e-03
5.847916666666666430e+01,1.907529922396644564e-03
5.850000000000000000e+01,1.934089404736504892e-03
5.852083333333332860e+01,1.960302700119493768e-03
5.854166666666666430e+01,1.986164749911887694e-03
5.856250000000000000e+01,2.011670564195279162e-03
5.858333333333332860e+01,2.036815225314381281e-03
5.860416666666666430e+01,2.061593891697504049e-03
5.862500000000000000e+01,2.086001801967497273e-03
5.864583333333332860e+01,2.110034279370972751e-03
5.866666666666666430e+01,2.133686736495288023e-03
5.868750000000000000e+01,2.156954680319051083e-03
5.870833333333332860e+01,2.179833717519366349e-03
5.872916666666666430e+01,2.202319560106194823e-03
5.875000000000000000e+01,2.224408031303762301e-03
5.877083333333332860e+01,2.246095071642795031e-03
5.879166666666666430e+01,2.267376745252525257e-03
5.881250000000000000e+01,2.288249246262683435e-03
5.883333333333332860e+01,2.308708905237073696e-03
5.885416666666666430e+01,2.328752195609482944e-03
5.887500000000000000e+01,2.348375739944709006e-03
5.889583333333332860e+01,2.367576315943437353e-03
5.891666666666666430e+01,2.386350862092068061e-03
5.893750000000000000e+01,2.404696482762810634e-03
5.895833333333332860e+01,2.422610452658765026e-03
5.897916666666666430e+01,2.440090220456791505e-03
5.900000000000000000e+01,2.457133411434287915e-03
5.902083333333332860e+01,2.473737829044936592e-03
5.904166666666666430e+01,2.489901455199411678e-03
5.906250000000000000e+01,2.505622449205760580e-03
5.908333333333332860e+01,2.520899145228503325e-03
5.910416666666666430e+01,2.535730048262926570e-03
5.912500000000000000e+01,2.550113828531636213e-03
5.914583333333332860e+01,2.564049314390129050e-03
5.916666666666666430e+01,2.577535483720939328e-03
5.918750000000000000e+01,2.590571454014891500e-03
5.920833333333332860e+01,2.603156471242851298e-03
5.922916666666666430e+01,2.615289897696165908e-03
5.925000000000000000e+01,2.626971199094756387e-03
5.927083333333332860e+01,2.638199931213884575e-03
5.929166666666666430e+01,2.648975726289440943e-03
5.931250000000000000e+01,2.659298279540404323e-03
5.933333333333332860e+01,2.669167336109495772e-03
5.935416666666666430e+01,2.678582678719679516e-03
5.937500000000000000e+01,2.687544116284250502e-03
5.939583333333332860e+01,2.696051473731219707e-03
5.941666666666666430e+01,2.704104583215231027e-03
5.943750000000000000e+01,2.711703276863962515e-03
5.945833333333332860e+01,2.718847381097309023e-03
5.947916666666666430e+01,2.725536712579772723e-03
5.950000000000000000e+01,2.731771075760487319e-03
5.952083333333332860e+01,2.737550261906764992e-03
5.954166666666666430e+01,2.742874049493821114e-03
5.956250000000000000e+01,2.747742205810368380e-03
5.958333333333332860e+01,2.752154489577817234e-03
5.960416666666666430e+01,2.756110654409039094e-03
5.962500000000000000e+01,2.759610452867093233e-03
5.964583333333332860e+01,2.762653640965155848e-03
5.966666666666666430e+01,2.765239982929755883e-03
5.968750000000000000e+01,2.767369256055831912e-03
5.970833333333332860e+01,2.769041255545767570e-03
5.972916666666666430e+01,2.770255799218167888e-03
5.975000000000000000e+01,2.771012732026935810e-03
5.977083333333332860e+01,2.771311930335268719e-03
5.979166666666666430e+01,2.771153305922125464e-03
5.981250000000000000e+01,2.770536809732452189e-03
5.983333333333332860e+01,2.769462435350046256e-03
5.985416666666666430e+01,2.767930222239276070e-03
5.987500000000000000e+01,2.765940258757611844e-03
5.989583333333332860e+01,2.763492684974876070e-03
5.991666666666666430e+01,2.760587695310553601e-03
5.993750000000000000e+01,2.757225540988121355e-03
5.995833333333332860e+01,2.753406532361254815e-03
5.997916666666666430e+01,2.749131041072260754e-03
