0.000000000000000000e+00,0.000000000000000000e+00
2.083333333333333218e-02,0.000000000000000000e+00
4.166666666666666435e-02,-2.735856445636859063e-03
6.250000000000000000e-02,-2.813963908797676057e-03
8.333333333333332871e-02,1.113970864009427333e-05
1.041666666666666574e-01,1.458564410169688880e-03
1.250000000000000000e-01,-1.287801747162092489e-03
1.458333333333333148e-01,-4.135137790822884275e-03
1.666666666666666574e-01,-2.031656053509847334e-03
1.875000000000000000e-01,2.487288038541531771e-03
2.083333333333333148e-01,3.542779203784306077e-03
2.291666666666666574e-01,9.375310219872511237e-04
2.500000000000000000e-01,-1.146473387915747768e-03
2.708333333333333148e-01,-1.438361763603768521e-03
2.916666666666666297e-01,-2.300162937695963104e-03
3.125000000000000000e-01,-4.713568710800701729e-03
3.333333333333333148e-01,-6.807401212791907609e-03
3.541666666666666297e-01,-7.182420136855354430e-03
3.750000000000000000e-01,-6.688221795198787296e-03
3.958333333333333148e-01,-6.453463191237302464e-03
4.166666666666666297e-01,-6.191933769705123582e-03
4.375000000000000000e-01,-5.183036844776911858e-03
4.583333333333333148e-01,-3.631094096573880044e-03
4.791666666666666297e-01,-2.259305044970993156e-03
5.000000000000000000e-01,-1.275412099574589750e-03
5.208333333333332593e-01,-4.154452222892895865e-04
5.416666666666666297e-01,3.627451187722837127e-04
5.625000000000000000e-01,7.836442720881062847e-04
5.833333333333332593e-01,7.114697690440484421e-04
6.041666666666666297e-01,3.055771799861435210e-04
6.250000000000000000e-01,-2.623878124983101078e-04
6.458333333333332593e-01,-9.767189841675975783e-04
6.666666666666666297e-01,-1.831833496412699517e-03
6.875000000000000000e-01,-2.705956174293054194e-03
7.083333333333332593e-01,-3.450097035662992584e-03
7.291666666666666297e-01,-4.002708108905256128e-03
7.500000000000000000e-01,-4.361569043946976303e-03
7.708333333333332593e-01,-4.508641735278243537e-03
7.916666666666666297e-01,-4.418603979386185113e-03
8.125000000000000000e-01,-4.110406077778454292e-03
8.333333333333332593e-01,-3.646690453410964764e-03
8.541666666666666297e-01,-3.091996429939732321e-03
8.750000000000000000e-01,-2.496931821397244903e-03
8.958333333333332593e-01,-1.914095928808915619e-03
9.166666666666666297e-01,-1.402419644114830284e-03
9.375000000000000000e-01,-1.009141269619715084e-03
9.583333333333332593e-01,-7.574851138816315714e-04
9.791666666666666297e-01,-6.528297900107385291e-04
1.000000000000000000e+00,-6.908192179459336129e-04
1.020833333333333259e+00,-8.556748576377710839e-04
1.041666666666666519e+00,-1.117495868415096811e-03
1.062500000000000000e+00,-1.437579084769296644e-03
1.083333333333333259e+00,-1.776816218512559031e-03
1.104166666666666519e+00,-2.099498359284704841e-03
1.125000000000000000e+00,-2.373900794317812882e-03
1.145833333333333259e+00,-2.574579396653865586e-03
1.166666666666666519e+00,-2.685936470206731069e-03
1.187500000000000000e+00,-2.703399258539303240e-03
1.208333333333333259e+00,-2.631788213745262298e-03
1.229166666666666519e+00,-2.483371453035965355e-03
1.250000000000000000e+00,-2.276562529677047652e-03
1.270833333333333259e+00,-2.034056332206617048e-03
1.291666666666666519e+00,-1.779910561845850225e-03
1.312500000000000000e+00,-1.536691234333774792e-03
1.333333333333333259e+00,-1.323581108458014377e-03
1.354166666666666519e+00,-1.155157177069793912e-03
1.375000000000000000e+00,-1.040394692467434996e-03
1.395833333333333259e+00,-9.821426298164965662e-04
1.416666666666666519e+00,-9.774418805893214136e-04
1.437500000000000000e+00,-1.018521929124636483e-03
1.458333333333333259e+00,-1.094053439462032732e-03
1.479166666666666519e+00,-1.190497019940051993e-03
1.500000000000000000e+00,-1.293581595771037566e-03
1.520833333333333259e+00,-1.389797194441379355e-03
1.541666666666666519e+00,-1.467646658162931458e-03
1.562500000000000000e+00,-1.518512899003855807e-03
1.583333333333333259e+00,-1.537163613666310937e-03
1.604166666666666519e+00,-1.521925900753298483e-03
1.625000000000000000e+00,-1.474510461419770071e-03
1.645833333333333259e+00,-1.399501173498751000e-03
1.666666666666666519e+00,-1.303611581259573986e-03
1.687500000000000000e+00,-1.194831578109024342e-03
1.708333333333333259e+00,-1.081549708844823125e-03
1.729166666666666519e+00,-9.717169693521866998e-04
1.750000000000000000e+00,-8.721291014277055605e-04
1.770833333333333259e+00,-7.878979292436051000e-04
1.791666666666666519e+00,-7.221443456750988726e-04
1.812500000000000000e+00,-6.759099700097054081e-04
1.833333333333333259e+00,-6.482704241958003920e-04
1.854166666666666519e+00,-6.366243385070739563e-04
1.875000000000000000e+00,-6.371152612637665360e-04
1.895833333333333259e+00,-6.451290561599744939e-04
1.916666666666666519e+00,-6.558089757052634576e-04
1.937500000000000000e+00,-6.645394612420285271e-04
1.958333333333333259e+00,-6.673581159568203747e-04
1.979166666666666519e+00,-6.612634044593796584e-04
2.000000000000000000e+00,-6.443982368741552925e-04
2.020833333333333037e+00,-6.161053851355440458e-04
2.041666666666666519e+00,-5.768641199351473830e-04
2.062500000000000000e+00,-5.281266017249063027e-04
2.083333333333333037e+00,-4.720793336812316573e-04
2.104166666666666519e+00,-4.113600419709390315e-04
2.125000000000000000e+00,-3.487619917471239893e-04
2.145833333333333037e+00,-2.869552206725297077e-04
2.166666666666666519e+00,-2.282489386359815356e-04
2.187500000000000000e+00,-1.744129835615912860e-04
2.208333333333333037e+00,-1.265690810426761649e-04
2.229166666666666519e+00,-8.515488311847766996e-05
2.250000000000000000e+00,-4.995631533841378842e-05
2.270833333333333037e+00,-2.019775309238103827e-05
2.291666666666666519e+00,5.324629524200599182e-06
2.312500000000000000e+00,2.808344700179527759e-05
2.333333333333333037e+00,4.965245480627843155e-05
2.354166666666666519e+00,7.154740484850160382e-05
2.375000000000000000e+00,9.508947666919746440e-05
2.395833333333333037e+00,1.213016633892423119e-04
2.416666666666666519e+00,1.508442959059220470e-04
2.437500000000000000e+00,1.839915703023789104e-04
2.458333333333333037e+00,2.206468655550198439e-04
2.479166666666666519e+00,2.603911992694292530e-04
2.500000000000000000e+00,3.025566694162569589e-04
2.520833333333333037e+00,3.463152847452381647e-04
2.541666666666666519e+00,3.907731832920948475e-04
2.562500000000000000e+00,4.350608064796566282e-04
2.583333333333333037e+00,4.784110014554052788e-04
2.604166666666666519e+00,5.202190419408626084e-04
2.625000000000000000e+00,5.600809150001775320e-04
2.645833333333333037e+00,5.978086550584376345e-04
2.666666666666666519e+00,6.334237905230624124e-04
2.687500000000000000e+00,6.671319079884793866e-04
2.708333333333333037e+00,6.992827834761298567e-04
2.729166666666666519e+00,7.303213938435260729e-04
2.750000000000000000e+00,7.607353911966997220e-04
2.770833333333333037e+00,7.910043419777054762e-04
2.791666666666666519e+00,8.215552861576117839e-04
2.812500000000000000e+00,8.527280787348742773e-04
2.833333333333333037e+00,8.847526780231526394e-04
2.854166666666666519e+00,9.177391886604779631e-04
2.875000000000000000e+00,9.516801857391492085e-04
2.895833333333333037e+00,9.864637503430024983e-04
2.916666666666666519e+00,1.021894818337685997e-03
2.937500000000000000e+00,1.057721931907880039e-03
2.958333333333333037e+00,1.093666300688392670e-03
2.979166666666666519e+00,1.129450206111393086e-03
3.000000000000000000e+00,1.164822172277789076e-03
3.020833333333333037e+00,1.199576913964133917e-03
3.041666666666666519e+00,1.233568780474393872e-03
3.062500000000000000e+00,1.266718163345603113e-03
3.083333333333333037e+00,1.299011051308513734e-03
3.104166666666666519e+00,1.330492534607097700e-03
3.125000000000000000e+00,1.361255535562940367e-03
3.145833333333333037e+00,1.391426345406898257e-03
3.166666666666666519e+00,1.421148668984205821e-03
3.187500000000000000e+00,1.450567828437996200e-03
3.208333333333333037e+00,1.479816578016989207e-03
3.229166666666666519e+00,1.509003670244668440e-03
3.250000000000000000e+00,1.538205930260071836e-03
3.270833333333333037e+00,1.567464184166271609e-03
3.291666666666666519e+00,1.596782989982423228e-03
3.312500000000000000e+00,1.626133771748949778e-03
3.333333333333333037e+00,1.655460685575736680e-03
3.354166666666666519e+00,1.684688367621622537e-03
3.375000000000000000e+00,1.713730634109819888e-03
3.395833333333333037e+00,1.742499219226302694e-03
3.416666666666666519e+00,1.770911735808994476e-03
3.437500000000000000e+00,1.798898207189621743e-03
3.458333333333333037e+00,1.826405724498568689e-03
3.479166666666666519e+00,1.853401007649487994e-03
3.500000000000000000e+00,1.879870867919447965e-03
3.520833333333333037e+00,1.905820764816235210e-03
3.541666666666666519e+00,1.931271805114514583e-03
3.562500000000000000e+00,1.956256637339883094e-03
3.583333333333333037e+00,1.980814746389131936e-03
3.604166666666666519e+00,2.004987651665448775e-03
3.625000000000000000e+00,2.028814464473925345e-03
3.645833333333333037e+00,2.052328175644396128e-03
3.666666666666666519e+00,2.075552934938218897e-03
3.687500000000000000e+00,2.098502462358106582e-03
3.708333333333333037e+00,2.121179610878394257e-03
3.729166666666666519e+00,2.143576991270574206e-03
3.750000000000000000e+00,2.165678481402704900e-03
3.770833333333333037e+00,2.187461380700834058e-03
3.791666666666666519e+00,2.208898937707798500e-03
3.812500000000000000e+00,2.229962974897797736e-03
3.833333333333333037e+00,2.250626357177023130e-03
3.854166666666666519e+00,2.270865093610236699e-03
3.875000000000000000e+00,2.290659919552176602e-03
3.895833333333333037e+00,2.309997271779790778e-03
3.916666666666666519e+00,2.328869635198164804e-03
3.937500000000000000e+00,2.347275300099233887e-03
3.958333333333333037e+00,2.365217619048049988e-03
3.979166666666666519e+00,2.382703888570291036e-03
4.000000000000000000e+00,2.399744001225030156e-03
4.020833333333333037e+00,2.416349018315126253e-03
4.041666666666666075e+00,2.432529803794182804e-03
4.062500000000000000e+00,2.448295838281406601e-03
4.083333333333333037e+00,2.463654302030833521e-03
4.104166666666666075e+00,2.478609480707657815e-03
4.125000000000000000e+00,2.493162511971383413e-03
4.145833333333333037e+00,2.507311457463916923e-03
4.166666666666666075e+00,2.521051656502330644e-03
4.187500000000000000e+00,2.534376296700248648e-03
4.208333333333333037e+00,2.547277124269331939e-03
4.229166666666666075e+00,2.559745212623366385e-03
4.250000000000000000e+00,2.571771711775001391e-03
4.270833333333333037e+00,2.583348511657790423e-03
4.291666666666666075e+00,2.594468767956851704e-03
4.312500000000000000e+00,2.605127257737793398e-03
4.333333333333333037e+00,2.615320551376378554e-03
4.354166666666666075e+00,2.625047005853088991e-03
4.375000000000000000e+00,2.634306600248019579e-03
4.395833333333333037e+00,2.643100646507228185e-03
4.416666666666666075e+00,2.651431416261584330e-03
4.437500000000000000e+00,2.659301727460435839e-03
4.458333333333333037e+00,2.666714533342460624e-03
4.479166666666666075e+00,2.673672551234837491e-03
4.500000000000000000e+00,2.680177960735038133e-03
4.520833333333333037e+00,2.686232191015314446e-03
4.541666666666666075e+00,2.691835806642784313e-03
4.562500000000000000e+00,2.696988491135406205e-03
4.583333333333333037e+00,2.701689118663725721e-03
4.604166666666666075e+00,2.705935897190560151e-03
4.625000000000000000e+00,2.709726561848354708e-03
4.645833333333333037e+00,2.713058595075071647e-03
4.666666666666666075e+00,2.715929450273405973e-03
4.687500000000000000e+00,2.718336758121972334e-03
4.708333333333333037e+00,2.720278498595420178e-03
4.729166666666666075e+00,2.721753126944235872e-03
4.750000000000000000e+00,2.722759647328097318e-03
4.770833333333333037e+00,2.723297633337828320e-03
4.791666666666666075e+00,2.723367199702692726e-03
4.812500000000000000e+00,2.722968933332640430e-03
4.833333333333333037e+00,2.722103794757853301e-03
4.854166666666666075e+00,2.720773002317037736e-03
4.875000000000000000e+00,2.718977911808649443e-03
4.895833333333333037e+00,2.716719903108129764e-03
4.916666666666666075e+00,2.714000283441802847e-03
4.937500000000000000e+00,2.710820214217021795e-03
4.958333333333333037e+00,2.707180665519958590e-03
4.979166666666666075e+00,2.703082399317922359e-03
5.000000000000000000e+00,2.698525979584866143e-03
5.020833333333333037e+00,2.693511805489969425e-03
5.041666666666666075e+00,2.688040161923847208e-03
5.062500000000000000e+00,2.682111280825634058e-03
5.083333333333333037e+00,2.675725406534992194e-03
5.104166666666666075e+00,2.668882858698381957e-03
5.125000000000000000e+00,2.661584087351666524e-03
5.145833333333333037e+00,2.653829716044025632e-03
5.166666666666666075e+00,2.645620570453441865e-03
5.187500000000000000e+00,2.636957691544376120e-03
5.208333333333333037e+00,2.627842333916025064e-03
5.229166666666666075e+00,2.618275951142313984e-03
5.250000000000000000e+00,2.608260170962307077e-03
5.270833333333333037e+00,2.597796763801533178e-03
5.291666666666666075e+00,2.586887608201495631e-03
5.312500000000000000e+00,2.575534656740094148e-03
5.333333333333333037e+00,2.563739905481051892e-03
5.354166666666666075e+00,2.551505369344853232e-03
5.375000000000000000e+00,2.538833064974701723e-03
5.395833333333333037e+00,2.525725001782096971e-03
5.416666666666666075e+00,2.512183181125362402e-03
5.437500000000000000e+00,2.498209602722041914e-03
5.458333333333333037e+00,2.483806276848438133e-03
5.479166666666666075e+00,2.468975240584328490e-03
5.500000000000000000e+00,2.453718576196343808e-03
5.520833333333333037e+00,2.438038429666265251e-03
5.541666666666666075e+00,2.421937027695538446e-03
5.562500000000000000e+00,2.405416691756953867e-03
5.583333333333333037e+00,2.388479848257559889e-03
5.604166666666666075e+00,2.371129034382325577e-03
5.625000000000000000e+00,2.353366899479038092e-03
5.645833333333333037e+00,2.335196202345459719e-03
5.666666666666666075e+00,2.316619805197170888e-03
5.687500000000000000e+00,2.297640665154672759e-03
5.708333333333333037e+00,2.278261824334630245e-03
5.729166666666666075e+00,2.258486399526468420e-03
5.750000000000000000e+00,2.238317572466399022e-03
5.770833333333333037e+00,2.217758581457627502e-03
5.791666666666666075e+00,2.196812714984179744e-03
5.812500000000000000e+00,2.175483307553088223e-03
5.833333333333333037e+00,2.153773737930837848e-03
5.854166666666666075e+00,2.131687429584316635e-03
5.875000000000000000e+00,2.109227853038776312e-03
5.895833333333333037e+00,2.086398529657557989e-03
5.916666666666666075e+00,2.063203036294332555e-03
5.937500000000000000e+00,2.039645010284999067e-03
5.958333333333333037e+00,2.015728154249521193e-03
5.979166666666666075e+00,1.991456240210194139e-03
6.000000000000000000e+00,1.966833112728742870e-03
6.020833333333333037e+00,1.941862690815022736e-03
6.041666666666666075e+00,1.916548968570341892e-03
6.062500000000000000e+00,1.890896014570533348e-03
6.083333333333333037e+00,1.864907970133756164e-03
6.104166666666666075e+00,1.838589046737707519e-03
6.125000000000000000e+00,1.811943522892751988e-03
6.145833333333333037e+00,1.784975740675419711e-03
6.166666666666666075e+00,1.757690102309871416e-03
6.187500000000000000e+00,1.730091067009152358e-03
6.208333333333333037e+00,1.702183148309026209e-03
6.229166666666666075e+00,1.673970911973107593e-03
6.250000000000000000e+00,1.645458974594680166e-03
6.270833333333333037e+00,1.616652002822609006e-03
6.291666666666666075e+00,1.587554713235860048e-03
6.312500000000000000e+00,1.558171872666253835e-03
6.333333333333333037e+00,1.528508298842944568e-03
6.354166666666666075e+00,1.498568861226266553e-03
6.375000000000000000e+00,1.468358481885767087e-03
6.395833333333333037e+00,1.437882136202411247e-03
6.416666666666666075e+00,1.407144853315576765e-03
6.437500000000000000e+00,1.376151716293837765e-03
6.458333333333333037e+00,1.344907861906290700e-03
6.479166666666666075e+00,1.313418480010348317e-03
6.500000000000000000e+00,1.281688812571273300e-03
6.520833333333333037e+00,1.249724152409786414e-03
6.541666666666666075e+00,1.217529841727070386e-03
6.562500000000000000e+00,1.185111270483443779e-03
6.583333333333333037e+00,1.152473874724256999e-03
6.604166666666666075e+00,1.119623134930665094e-03
6.625000000000000000e+00,1.086564574497091975e-03
6.645833333333333037e+00,1.053303758329513342e-03
6.666666666666666075e+00,1.019846291623255742e-03
6.687500000000000000e+00,9.861978188399269252e-04
6.708333333333333037e+00,9.523640228637448918e-04
6.729166666666666075e+00,9.183506242859473334e-04
6.750000000000000000e+00,8.841633808454187711e-04
6.770833333333333037e+00,8.498080868936028470e-04
6.791666666666666075e+00,8.152905729159643259e-04
6.812500000000000000e+00,7.806167050062502461e-04
6.833333333333333037e+00,7.457923843052436655e-04
6.854166666666666075e+00,7.108235463440229409e-04
6.875000000000000000e+00,6.757161602774214683e-04
6.895833333333333037e+00,6.404762279683491252e-04
6.916666666666666075e+00,6.051097830134807105e-04
6.937500000000000000e+00,5.696228896608457413e-04
6.958333333333333037e+00,5.340216415930052613e-04
6.979166666666666075e+00,4.983121606844477308e-04
7.000000000000000000e+00,4.625005957537317407e-04
7.020833333333333037e+00,4.265931212583387784e-04
7.041666666666666075e+00,3.905959360388975253e-04
7.062500000000000000e+00,3.545152620622574907e-04
7.083333333333333037e+00,3.183573432343272057e-04
7.104166666666666075e+00,2.821284442473626715e-04
7.125000000000000000e+00,2.458348495106775738e-04
7.145833333333333037e+00,2.094828620577904516e-04
7.166666666666666075e+00,1.730788025692501380e-04
7.187500000000000000e+00,1.366290083808901481e-04
7.208333333333333037e+00,1.001398324947635663e-04
7.229166666666666075e+00,6.361764261122178734e-05
7.250000000000000000e+00,2.706882016730966669e-05
7.270833333333333037e+00,-9.500240726259564605e-06
7.291666666666666075e+00,-4.608313427893443337e-05
7.312500000000000000e+00,-8.267344410760674102e-05
7.333333333333333037e+00,-1.192647443436381603e-04
7.354166666666666075e+00,-1.558506007716421173e-04
7.375000000000000000e+00,-1.924245719863840241e-04
7.395833333333333037e+00,-2.289802105927989974e-04
7.416666666666666075e+00,-2.655110643775260011e-04
7.437500000000000000e+00,-3.020106775348344063e-04
7.458333333333333037e+00,-3.384725918545507012e-04
7.479166666666666075e+00,-3.748903479112524980e-04
7.500000000000000000e+00,-4.112574862346603331e-04
7.520833333333333037e+00,-4.475675484768628374e-04
7.541666666666666075e+00,-4.838140785384460914e-04
7.562500000000000000e+00,-5.199906236970702408e-04
7.583333333333333037e+00,-5.560907356902700669e-04
7.604166666666666075e+00,-5.921079718163834707e-04
7.625000000000000000e+00,-6.280358960076920733e-04
7.645833333333333037e+00,-6.638680798743451690e-04
7.666666666666666075e+00,-6.995981037474589262e-04
7.687500000000000000e+00,-7.352195577632867924e-04
7.708333333333333037e+00,-7.707260429153486902e-04
7.729166666666666075e+00,-8.061111720605519844e-04
7.750000000000000000e+00,-8.413685709734471238e-04
7.770833333333333037e+00,-8.764918794129562688e-04
7.791666666666666075e+00,-9.114747521530957826e-04
7.812500000000000000e+00,-9.463108600218831474e-04
7.833333333333333037e+00,-9.809938908929597638e-04
7.854166666666666075e+00,-1.015517550719745917e-03
7.875000000000000000e+00,-1.049875564526464447e-03
7.895833333333333037e+00,-1.084061677398267566e-03
7.916666666666666075e+00,-1.118069655408647023e-03
7.937500000000000000e+00,-1.151893286569649491e-03
7.958333333333333037e+00,-1.185526381742274841e-03
7.979166666666666075e+00,-1.218962775494316416e-03
8.000000000000000000e+00,-1.252196326971390626e-03
8.020833333333332149e+00,-1.285220920744345246e-03
8.041666666666666075e+00,-1.318030467591768239e-03
8.062500000000000000e+00,-1.350618905265735248e-03
8.083333333333332149e+00,-1.382980199273823154e-03
8.104166666666666075e+00,-1.415108343599374638e-03
8.125000000000000000e+00,-1.446997361419559208e-03
8.145833333333332149e+00,-1.478641305782808953e-03
8.166666666666666075e+00,-1.510034260278554944e-03
8.187500000000000000e+00,-1.541170339705718543e-03
8.208333333333332149e+00,-1.572043690703162164e-03
8.229166666666666075e+00,-1.602648492369785705e-03
8.250000000000000000e+00,-1.632978956906010800e-03
8.270833333333332149e+00,-1.663029330187661397e-03
8.291666666666666075e+00,-1.692793892399575405e-03
8.312500000000000000e+00,-1.722266958656658905e-03
8.333333333333332149e+00,-1.751442879653750855e-03
8.354166666666666075e+00,-1.780316042286651931e-03
8.375000000000000000e+00,-1.808880870373652397e-03
8.395833333333332149e+00,-1.837131825412446602e-03
8.416666666666666075e+00,-1.865063407414353693e-03
8.437500000000000000e+00,-1.892670155793840878e-03
8.458333333333332149e+00,-1.919946650414824062e-03
8.479166666666666075e+00,-1.946887512777697917e-03
8.500000000000000000e+00,-1.973487407374324709e-03
8.520833333333332149e+00,-1.999741043254613191e-03
8.541666666666666075e+00,-2.025643175856364341e-03
8.562500000000000000e+00,-2.051188609135654040e-03
8.583333333333332149e+00,-2.076372198053450316e-03
8.604166666666666075e+00,-2.101188851438377195e-03
8.625000000000000000e+00,-2.125633535358128524e-03
8.645833333333332149e+00,-2.149701277011885174e-03
8.666666666666666075e+00,-2.173387169187950690e-03
8.687500000000000000e+00,-2.196686375386360662e-03
8.708333333333332149e+00,-2.219594135714278871e-03
8.729166666666666075e+00,-2.242105773533750387e-03
8.750000000000000000e+00,-2.264216702950580442e-03
8.770833333333332149e+00,-2.285922437215042510e-03
8.791666666666666075e+00,-2.307218598063758442e-03
8.812500000000000000e+00,-2.328100925963982187e-03
8.833333333333332149e+00,-2.348565291317688229e-03
8.854166666666666075e+00,-2.368607706529763952e-03
8.875000000000000000e+00,-2.388224338870313743e-03
8.895833333333332149e+00,-2.407411523983883552e-03
8.916666666666666075e+00,-2.426165779902036274e-03
8.937500000000000000e+00,-2.444483821251010238e-03
8.958333333333332149e+00,-2.462362573409833128e-03
8.979166666666666075e+00,-2.479799186220081868e-03
9.000000000000000000e+00,-2.496791046802517965e-03
9.020833333333332149e+00,-2.513335791073121727e-03
9.041666666666666075e+00,-2.529431313393312990e-03
9.062500000000000000e+00,-2.545075773819700099e-03
9.083333333333332149e+00,-2.560267602440433662e-03
9.104166666666666075e+00,-2.575005500326465590e-03
9.125000000000000000e+00,-2.589288436618186404e-03
9.145833333333332149e+00,-2.603115641440367431e-03
9.166666666666666075e+00,-2.616486594433698777e-03
9.187500000000000000e+00,-2.629401008861598481e-03
9.208333333333332149e+00,-2.641858811423861662e-03
9.229166666666666075e+00,-2.653860118152619706e-03
9.250000000000000000e+00,-2.665405206847549103e-03
9.270833333333332149e+00,-2.676494486881680988e-03
9.291666666666666075e+00,-2.687128467180274934e-03
9.312500000000000000e+00,-2.697307723431844727e-03
9.333333333333332149e+00,-2.707032865621888246e-03
9.354166666666666075e+00,-2.716304506939590680e-03
9.375000000000000000e+00,-2.725123235174704665e-03
9.395833333333332149e+00,-2.733489587500720353e-03
9.416666666666666075e+00,-2.741404029422390542e-03
9.437500000000000000e+00,-2.748866938473584851e-03
9.458333333333332149e+00,-2.755878592951478950e-03
9.479166666666666075e+00,-2.762439165771293607e-03
9.500000000000000000e+00,-2.768548723284661346e-03
9.520833333333332149e+00,-2.774207228627749433e-03
9.541666666666666075e+00,-2.779414549015514491e-03
9.562500000000000000e+00,-2.784170466231714134e-03
9.583333333333332149e+00,-2.788474689556693850e-03
9.604166666666666075e+00,-2.792326870221298590e-03
9.625000000000000000e+00,-2.795726616600838644e-03
9.645833333333332149e+00,-2.798673509431655500e-03
9.666666666666666075e+00,-2.801167116358469975e-03
9.687500000000000000e+00,-2.803207005441614441e-03
9.708333333333332149e+00,-2.804792757141034727e-03
9.729166666666666075e+00,-2.805923974693671358e-03
9.750000000000000000e+00,-2.806600292803593678e-03
9.770833333333332149e+00,-2.806821384769034918e-03
9.791666666666666075e+00,-2.806586968090752331e-03
9.812500000000000000e+00,-2.805896808940386462e-03
9.833333333333332149e+00,-2.804750725613909621e-03
9.854166666666666075e+00,-2.803148591362564918e-03
9.875000000000000000e+00,-2.801090336725365476e-03
9.895833333333332149e+00,-2.798575951660464602e-03
9.916666666666666075e+00,-2.795605487576213397e-03
9.937500000000000000e+00,-2.792179059402215020e-03
9.958333333333332149e+00,-2.788296847707300193e-03
9.979166666666666075e+00,-2.783959100907975465e-03
1.000000000000000000e+01,-2.779166137499643630e-03
1.002083333333333215e+01,-2.773918348274157994e-03
1.004166666666666607e+01,-2.768216198392199363e-03
1.006250000000000000e+01,-2.762060229307234435e-03
1.008333333333333215e+01,-2.755451060440286797e-03
1.010416666666666607e+01,-2.748389390484208290e-03
1.012500000000000000e+01,-2.740875998403577082e-03
1.014583333333333215e+01,-2.732911744115493809e-03
1.016666666666666607e+01,-2.724497568760605656e-03
1.018750000000000000e+01,-2.715634494736119450e-03
1.020833333333333215e+01,-2.706323625427025769e-03
1.022916666666666607e+01,-2.696566144761510572e-03
1.025000000000000000e+01,-2.686363316668034882e-03
1.027083333333333215e+01,-2.675716484424895888e-03
1.029166666666666607e+01,-2.664627069990916849e-03
1.031250000000000000e+01,-2.653096573419463575e-03
1.033333333333333215e+01,-2.641126572292375966e-03
1.035416666666666607e+01,-2.628718721253519089e-03
1.037500000000000000e+01,-2.615874751656255270e-03
1.039583333333333215e+01,-2.602596471264072894e-03
1.041666666666666607e+01,-2.588885764027783285e-03
1.043750000000000000e+01,-2.574744589929851401e-03
1.045833333333333215e+01,-2.560174984855066119e-03
1.047916666666666607e+01,-2.545179060454938642e-03
1.050000000000000000e+01,-2.529759003984203072e-03
1.052083333333333215e+01,-2.513917078116335944e-03
1.054166666666666607e+01,-2.497655620688085665e-03
1.056250000000000000e+01,-2.480977044420386302e-03
1.058333333333333215e+01,-2.463883836541458979e-03
1.060416666666666607e+01,-2.446378558377519056e-03
1.062500000000000000e+01,-2.428463844881647345e-03
1.064583333333333215e+01,-2.410142404126492353e-03
1.066666666666666607e+01,-2.391417016786012532e-03
1.068750000000000000e+01,-2.372290535604004279e-03
1.070833333333333215e+01,-2.352765884831164219e-03
1.072916666666666607e+01,-2.332846059692850454e-03
1.075000000000000000e+01,-2.312534125887333314e-03
1.077083333333333215e+01,-2.291833219070042119e-03
1.079166666666666607e+01,-2.270746544365672033e-03
1.081250000000000000e+01,-2.249277375910188875e-03
1.083333333333333215e+01,-2.227429056395576531e-03
1.085416666666666607e+01,-2.205204996621590915e-03
1.087500000000000000e+01,-2.182608675071812197e-03
1.089583333333333215e+01,-2.159643637443826175e-03
1.091666666666666607e+01,-2.136313496221147867e-03
1.093750000000000000e+01,-2.112621930188421371e-03
1.095833333333333215e+01,-2.088572683949246108e-03
1.097916666666666607e+01,-2.064169567430567190e-03
1.100000000000000000e+01,-2.039416455346750381e-03
1.102083333333333215e+01,-2.014317286674453984e-03
1.104166666666666607e+01,-1.988876064064087033e-03
1.106250000000000000e+01,-1.963096853256177630e-03
1.108333333333333215e+01,-1.936983782503146892e-03
1.110416666666666607e+01,-1.910541041951068896e-03
1.112500000000000000e+01,-1.883772883028467975e-03
1.114583333333333215e+01,-1.856683617795541752e-03
1.116666666666666607e+01,-1.829277618321419486e-03
1.118750000000000000e+01,-1.801559316047252491e-03
1.120833333333333215e+01,-1.773533201150959268e-03
1.122916666666666607e+01,-1.745203821868550071e-03
1.125000000000000000e+01,-1.716575783854785682e-03
1.127083333333333215e+01,-1.687653749542441465e-03
1.129166666666666607e+01,-1.658442437430464452e-03
1.131250000000000000e+01,-1.628946621397656027e-03
1.133333333333333215e+01,-1.599171130059582821e-03
1.135416666666666607e+01,-1.569120846050652733e-03
1.137500000000000000e+01,-1.538800705273709116e-03
1.139583333333333215e+01,-1.508215696198067545e-03
1.141666666666666607e+01,-1.477370859108313771e-03
1.143750000000000000e+01,-1.446271285373547551e-03
1.145833333333333215e+01,-1.414922116625598816e-03
1.147916666666666607e+01,-1.383328544031462532e-03
1.150000000000000000e+01,-1.351495807465429456e-03
1.152083333333333215e+01,-1.319429194707554117e-03
1.154166666666666607e+01,-1.287134040630016386e-03
1.156250000000000000e+01,-1.254615726362090207e-03
1.158333333333333215e+01,-1.221879678456423137e-03
1.160416666666666607e+01,-1.188931368043761325e-03
1.162500000000000000e+01,-1.155776309949636338e-03
1.164583333333333215e+01,-1.122420061850002175e-03
1.166666666666666607e+01,-1.088868223378165138e-03
1.168750000000000000e+01,-1.055126435257301102e-03
1.170833333333333215e+01,-1.021200378372348746e-03
1.172916666666666607e+01,-9.870957728741927128e-04
1.175000000000000000e+01,-9.528183772673263444e-04
1.177083333333333215e+01,-9.183739874945185538e-04
1.179166666666666607e+01,-8.837684359793982532e-04
1.181250000000000000e+01,-8.490075906610257709e-04
1.183333333333333215e+01,-8.140973540794279499e-04
1.185416666666666607e+01,-7.790436623883647410e-04
1.187500000000000000e+01,-7.438524843785718991e-04
1.189583333333333215e+01,-7.085298204813732237e-04
1.191666666666666607e+01,-6.730817017848116481e-04
1.193750000000000000e+01,-6.375141890254070300e-04
1.195833333333333215e+01,-6.018333715847270409e-04
1.197916666666666607e+01,-5.660453664470737950e-04
1.200000000000000000e+01,-5.301563171926816772e-04
1.202083333333333215e+01,-4.941723929390032461e-04
1.204166666666666607e+01,-4.580997873134149898e-04
1.206250000000000000e+01,-4.219447173900201615e-04
1.208333333333333215e+01,-3.857134226451870078e-04
1.210416666666666607e+01,-3.494121638853912686e-04
1.212500000000000000e+01,-3.130472221590629013e-04
1.214583333333333215e+01,-2.766248976997973097e-04
1.216666666666666607e+01,-2.401515088496254387e-04
1.218750000000000000e+01,-2.036333909674901466e-04
1.220833333333333215e+01,-1.670768953161856619e-04
1.222916666666666607e+01,-1.304883879682122456e-04
1.225000000000000000e+01,-9.387424872304441469e-05
1.227083333333333215e+01,-5.724087000162254992e-05
1.229166666666666607e+01,-2.059465571233500133e-05
1.231250000000000000e+01,1.605797985741859132e-05
1.233333333333333215e+01,5.271061315489247528e-05
1.235416666666666607e+01,8.935681246479196651e-05
1.237500000000000000e+01,1.259901390630913424e-04
1.239583333333333215e+01,1.626041483273916327e-04
1.241666666666666607e+01,1.991923908660652083e-04
1.243750000000000000e+01,2.357484136360718258e-04
1.245833333333333215e+01,2.722657610810936516e-04
1.247916666666666607e+01,3.087379762654225159e-04
1.250000000000000000e+01,3.451586020028864286e-04
1.252083333333333215e+01,3.815211819622710515e-04
1.254166666666666607e+01,4.178192618286162346e-04
1.256250000000000000e+01,4.540463904086071314e-04
1.258333333333333215e+01,4.901961207554660993e-04
1.260416666666666607e+01,5.262620113002004643e-04
1.262500000000000000e+01,5.622376269763672448e-04
1.264583333333333215e+01,5.981165403107318018e-04
1.266666666666666607e+01,6.338923325632107430e-04
1.268750000000000000e+01,6.695585948290985225e-04
1.270833333333333215e+01,7.051089291477109994e-04
1.272916666666666607e+01,7.405369495965429720e-04
1.275000000000000000e+01,7.758362833789871765e-04
1.277083333333333215e+01,8.110005719475050709e-04
1.279166666666666607e+01,8.460234720777827901e-04
1.281250000000000000e+01,8.808986569268914329e-04
1.283333333333333215e+01,9.156198171245125876e-04
1.285416666666666607e+01,9.501806618690563202e-04
1.287500000000000000e+01,9.845749199687181714e-04
1.289583333333333215e+01,1.018796340880090846e-03
1.291666666666666607e+01,1.052838695795973523e-03
1.293750000000000000e+01,1.086695778696378798e-03
1.295833333333333215e+01,1.120361407379919785e-03
1.297916666666666607e+01,1.153829424504385515e-03
1.300000000000000000e+01,1.187093698622377139e-03
1.302083333333333215e+01,1.220148125231288556e-03
1.304166666666666607e+01,1.252986627811763067e-03
1.306250000000000000e+01,1.285603158843103997e-03
1.308333333333333215e+01,1.317991700866239955e-03
1.310416666666666607e+01,1.350146267514734091e-03
1.312500000000000000e+01,1.382060904574156524e-03
1.314583333333333215e+01,1.413729691026569153e-03
1.316666666666666607e+01,1.445146740152738812e-03
1.318750000000000000e+01,1.476306200615033846e-03
1.320833333333333215e+01,1.507202257554666200e-03
1.322916666666666607e+01,1.537829133753095294e-03
1.325000000000000000e+01,1.568181090799802228e-03
1.327083333333333215e+01,1.598252430309921035e-03
1.329166666666666607e+01,1.628037495173167374e-03
1.331250000000000000e+01,1.657530670868450360e-03
1.333333333333333215e+01,1.686726386844151918e-03
1.335416666666666607e+01,1.715619117957222807e-03
1.337500000000000000e+01,1.744203386013188370e-03
1.339583333333333215e+01,1.772473761394672675e-03
1.341666666666666607e+01,1.800424864766332666e-03
1.343750000000000000e+01,1.828051368945788442e-03
1.345833333333333215e+01,1.855348000895242801e-03
1.347916666666666607e+01,1.882309543856738702e-03
1.350000000000000000e+01,1.908930839632257039e-03
1.352083333333333215e+01,1.935206791079330810e-03
1.354166666666666607e+01,1.961132364803231439e-03
1.356250000000000000e+01,1.986702594029202910e-03
1.358333333333333215e+01,2.011912581740670208e-03
1.360416666666666607e+01,2.036757504036022706e-03
1.362500000000000000e+01,2.061232613760002972e-03
1.364583333333333215e+01,2.085333244402920623e-03
1.366666666666666607e+01,2.109054814273714391e-03
1.368750000000000000e+01,2.132392830932932151e-03
1.370833333333333215e+01,2.155342895949511825e-03
1.372916666666666607e+01,2.177900709895513442e-03
1.375000000000000000e+01,2.200062077620015908e-03
1.377083333333333215e+01,2.221822913757668955e-03
1.379166666666666607e+01,2.243179248441075965e-03
1.381250000000000000e+01,2.264127233199032460e-03
1.383333333333333215e+01,2.284663146933661997e-03
1.385416666666666607e+01,2.304783401978210619e-03
1.387500000000000000e+01,2.324484550119891840e-03
1.389583333333333215e+01,2.343763288496306281e-03
1.391666666666666607e+01,2.362616465276537892e-03
1.393750000000000000e+01,2.381041084991097467e-03
1.395833333333333215e+01,2.399034313435003622e-03
1.397916666666666607e+01,2.416593481940934509e-03
1.400000000000000000e+01,2.433716090918578486e-03
1.402083333333333215e+01,2.450399812547027299e-03
1.404166666666666607e+01,2.466642492461069980e-03
1.406250000000000000e+01,2.482442150323357563e-03
1.408333333333333215e+01,2.497796979060519333e-03
1.410416666666666607e+01,2.512705342889309020e-03
1.412500000000000000e+01,2.527165773872888134e-03
1.414583333333333215e+01,2.541176967066694544e-03
1.416666666666666607e+01,2.554737774200868412e-03
1.418750000000000000e+01,2.567847196021132757e-03
1.420833333333333215e+01,2.580504373304901705e-03
1.422916666666666607e+01,2.592708576693098215e-03
1.425000000000000000e+01,2.604459195516191719e-03
1.427083333333333215e+01,2.615755725832103178e-03
1.429166666666666607e+01,2.626597757895745774e-03
1.431250000000000000e+01,2.636984963292008429e-03
1.433333333333333215e+01,2.646917082081822175e-03
1.435416666666666607e+01,2.656393910184470710e-03
1.437500000000000000e+01,2.665415287279347852e-03
1.439583333333333215e+01,2.673981085491199811e-03
1.441666666666666607e+01,2.682091199079781035e-03
1.443750000000000000e+01,2.689745535359079013e-03
1.445833333333333215e+01,2.696944006932472122e-03
1.447916666666666607e+01,2.703686525402323494e-03
1.450000000000000000e+01,2.709972996561298055e-03
1.452083333333333215e+01,2.715803317105908079e-03
1.454166666666666607e+01,2.721177372790270846e-03
1.456250000000000000e+01,2.726095037912174696e-03
1.458333333333333215e+01,2.730556176104341048e-03
1.460416666666666607e+01,2.734560642150342044e-03
1.462500000000000000e+01,2.738108284718281885e-03
1.464583333333333215e+01,2.741198949859907988e-03
1.466666666666666607e+01,2.743832485053683285e-03
1.468750000000000000e+01,2.746008743632569454e-03
1.470833333333333215e+01,2.747727589451549358e-03
1.472916666666666607e+01,2.748988901633853902e-03
1.475000000000000000e+01,2.749792579338591024e-03
1.477083333333333215e+01,2.750138546389928589e-03
1.479166666666666607e+01,2.750026755722503706e-03
1.481250000000000000e+01,2.749457193637880326e-03
1.483333333333333215e+01,2.748429883801900304e-03
1.485416666666666607e+01,2.746944890958329978e-03
1.487500000000000000e+01,2.745002324431388297e-03
1.489583333333333215e+01,2.742602341329414186e-03
1.491666666666666607e+01,2.739745149533109447e-03
1.493750000000000000e+01,2.736431010480007593e-03
1.495833333333333215e+01,2.732660241726516878e-03
1.497916666666666607e+01,2.728433219320810805e-03
1.500000000000000000e+01,2.723750379987578338e-03
1.502083333333333215e+01,2.718612223163594833e-03
1.504166666666666607e+01,2.713019312857028586e-03
1.506250000000000000e+01,2.706972279331567189e-03
1.508333333333333215e+01,2.700471820659867614e-03
1.510416666666666607e+01,2.693518704078030901e-03
1.512500000000000000e+01,2.686113767204072796e-03
1.514583333333333215e+01,2.678257919108586842e-03
1.516666666666666607e+01,2.669952141237056948e-03
1.518750000000000000e+01,2.661197488153539854e-03
1.520833333333333215e+01,2.651995088187345320e-03
1.522916666666666607e+01,2.642346143953658733e-03
1.525000000000000000e+01,2.632251932739755607e-03
1.527083333333333215e+01,2.621713806813510007e-03
1.529166666666666607e+01,2.610733193631946912e-03
1.531250000000000000e+01,2.599311595964952717e-03
1.533333333333333215e+01,2.587450592011696863e-03
1.535416666666666607e+01,2.575151835393401072e-03
1.537500000000000000e+01,2.562417055139596875e-03
1.539583333333333215e+01,2.549248055634767678e-03
1.541666666666666607e+01,2.535646716558929287e-03
1.543750000000000000e+01,2.521614992739195683e-03
1.545833333333333215e+01,2.507154914043185044e-03
1.547916666666666607e+01,2.492268585212674501e-03
1.550000000000000000e+01,2.476958185686317475e-03
1.552083333333333215e+01,2.461225969390871873e-03
1.554166666666666607e+01,2.445074264532969954e-03
1.556250000000000000e+01,2.428505473337445267e-03
1.558333333333333215e+01,2.411522071766566792e-03
1.560416666666666607e+01,2.394126609245322921e-03
1.562500000000000000e+01,2.376321708353968179e-03
1.564583333333333215e+01,2.358110064459362828e-03
1.566666666666666607e+01,2.339494445373239712e-03
1.568750000000000000e+01,2.320477690980020640e-03
1.570833333333333215e+01,2.301062712851656596e-03
1.572916666666666607e+01,2.281252493833697131e-03
1.575000000000000000e+01,2.261050087620661286e-03
1.577083333333333215e+01,2.240458618329540640e-03
1.579166666666666607e+01,2.219481280075547101e-03
1.581250000000000000e+01,2.198121336528157700e-03
1.583333333333333215e+01,2.176382120413051634e-03
1.585416666666666607e+01,2.154267033087328958e-03
1.587500000000000000e+01,2.131779544053814032e-03
1.589583333333333215e+01,2.108923190478474534e-03
1.591666666666666607e+01,2.085701576703961196e-03
1.593750000000000000e+01,2.062118373735321707e-03
1.595833333333333215e+01,2.038177318745598883e-03
1.597916666666666607e+01,2.013882214550234175e-03
1.600000000000000000e+01,1.989236929064451369e-03
1.602083333333333215e+01,1.964245394774735351e-03
1.604166666666666430e+01,1.938911608176380761e-03
1.606250000000000000e+01,1.913239629197459064e-03
1.608333333333333215e+01,1.887233580634811161e-03
1.610416666666666430e+01,1.860897647553883807e-03
1.612500000000000000e+01,1.834236076693077609e-03
1.614583333333333215e+01,1.807253175852865891e-03
1.616666666666666430e+01,1.779953313260507946e-03
1.618750000000000000e+01,1.752340916924152942e-03
1.620833333333333215e+01,1.724420474028947117e-03
1.622916666666666430e+01,1.696196530261510991e-03
1.625000000000000000e+01,1.667673689135640422e-03
1.627083333333333215e+01,1.638856611299450462e-03
1.629166666666666430e+01,1.609750013877038694e-03
1.631250000000000000e+01,1.580358669783647405e-03
1.633333333333333215e+01,1.550687406991382898e-03
1.635416666666666430e+01,1.520741107797247407e-03
1.637500000000000000e+01,1.490524708119996249e-03
1.639583333333333215e+01,1.460043196760960017e-03
1.641666666666666430e+01,1.429301614640310662e-03
1.643750000000000000e+01,1.398305054026684029e-03
1.645833333333333215e+01,1.367058657779051702e-03
1.647916666666666430e+01,1.335567618556861725e-03
1.650000000000000000e+01,1.303837178019817819e-03
1.652083333333333215e+01,1.271872626017798427e-03
1.654166666666666430e+01,1.239679299771471142e-03
1.656250000000000000e+01,1.207262583062375686e-03
1.658333333333333215e+01,1.174627905363431063e-03
1.660416666666666430e+01,1.141780741001754539e-03
1.662500000000000000e+01,1.108726608297235048e-03
1.664583333333333215e+01,1.075471068692923681e-03
1.666666666666666430e+01,1.042019725865174105e-03
1.668750000000000000e+01,1.008378224826607080e-03
1.670833333333333215e+01,9.745522510472378512e-04
1.672916666666666430e+01,9.405475295264852879e-04
1.675000000000000000e+01,9.063698238545268848e-04
1.677083333333333215e+01,8.720249352986474481e-04
1.679166666666666430e+01,8.375187018705832322e-04
1.681250000000000000e+01,8.028569973683224916e-04
1.683333333333333215e+01,7.680457304039114757e-04
1.685416666666666430e+01,7.330908434363291775e-04
1.687500000000000000e+01,6.979983118039801175e-04
1.689583333333333215e+01,6.627741427473613292e-04
1.691666666666666430e+01,6.274243743837031994e-04
1.693750000000000000e+01,5.919550747251201006e-04
1.695833333333333215e+01,5.563723406596028133e-04
1.697916666666666430e+01,5.206822969256640283e-04
1.700000000000000000e+01,4.848910951032310524e-04
1.702083333333333215e+01,4.490049125625953947e-04
1.704166666666666430e+01,4.130299514197257509e-04
1.706250000000000000e+01,3.769724375000130462e-04
1.708333333333333215e+01,3.408386192681937907e-04
1.710416666666666430e+01,3.046347667835896640e-04
1.712500000000000000e+01,2.683671706262829464e-04
1.714583333333333215e+01,2.320421408084681419e-04
1.716666666666666430e+01,1.956660057132653574e-04
1.718750000000000000e+01,1.592451110092576105e-04
1.720833333333333215e+01,1.227858185358520382e-04
1.722916666666666430e+01,8.629450525396244512e-05
1.725000000000000000e+01,4.977756211626917552e-05
1.727083333333333215e+01,1.324139297110332954e-05
1.729166666666666430e+01,-2.330758654011948853e-05
1.731250000000000000e+01,-5.986295008582724224e-05
1.733333333333333215e+01,-9.641826176568386040e-05
1.735416666666666430e+01,-1.329670772161400873e-04
1.737500000000000000e+01,-1.695029447278411272e-04
1.739583333333333215e+01,-2.060194063626289243e-04
1.741666666666666430e+01,-2.425099990756158488e-04
1.743750000000000000e+01,-2.789682558284407236e-04
1.745833333333333215e+01,-3.153877067108699266e-04
1.747916666666666430e+01,-3.517618800709516294e-04
1.750000000000000000e+01,-3.880843036206682323e-04
1.752083333333333215e+01,-4.243485055530497917e-04
1.754166666666666430e+01,-4.605480156748290249e-04
1.756250000000000000e+01,-4.966763665222789304e-04
1.758333333333333215e+01,-5.327270944627476119e-04
1.760416666666666430e+01,-5.686937408150278097e-04
1.762500000000000000e+01,-6.045698529660612853e-04
1.764583333333333215e+01,-6.403489854769157854e-04
1.766666666666666430e+01,-6.760247011839451122e-04
1.768750000000000000e+01,-7.115905722865266620e-04
1.770833333333333215e+01,-7.470401814872700127e-04
1.772916666666666430e+01,-7.823671230569345008e-04
1.775000000000000000e+01,-8.175650039304000827e-04
1.777083333333333215e+01,-8.526274447962314297e-04
1.779166666666666430e+01,-8.875480811810712448e-04
1.781250000000000000e+01,-9.223205645443094316e-04
1.783333333333333215e+01,-9.569385633556916912e-04
1.785416666666666430e+01,-9.913957641337880957e-04
1.787500000000000000e+01,-1.025685872564774913e-03
1.789583333333333215e+01,-1.059802614566290532e-03
1.791666666666666430e+01,-1.093739737342548602e-03
1.793750000000000000e+01,-1.127491010466875627e-03
1.795833333333333215e+01,-1.161050226936519115e-03
1.797916666666666430e+01,-1.194411204272908091e-03
1.800000000000000000e+01,-1.227567785588383996e-03
1.802083333333333215e+01,-1.260513840669340562e-03
1.804166666666666430e+01,-1.293243267059216665e-03
1.806250000000000000e+01,-1.325749991176858019e-03
1.808333333333333215e+01,-1.358027969424160670e-03
1.810416666666666430e+01,-1.390071189331743744e-03
1.812500000000000000e+01,-1.421873670699819398e-03
1.814583333333333215e+01,-1.453429466783793264e-03
1.816666666666666430e+01,-1.484732665483562246e-03
1.818750000000000000e+01,-1.515777390628663150e-03
1.820833333333333215e+01,-1.546557803238564691e-03
1.822916666666666430e+01,-1.577068102853508309e-03
1.825000000000000000e+01,-1.607302528922367616e-03
1.827083333333333215e+01,-1.637255362259959013e-03
1.829166666666666430e+01,-1.666920926581665465e-03
1.831250000000000000e+01,-1.696293590105122078e-03
1.833333333333333215e+01,-1.725367767227882791e-03
1.835416666666666430e+01,-1.754137920326455250e-03
1.837500000000000000e+01,-1.782598561712204566e-03
1.839583333333333215e+01,-1.810744255644750793e-03
1.841666666666666430e+01,-1.838569620497785932e-03
1.843750000000000000e+01,-1.866069331117035197e-03
1.845833333333333215e+01,-1.893238121306036392e-03
1.847916666666666430e+01,-1.920070786501307724e-03
1.850000000000000000e+01,-1.946562186650924522e-03
1.852083333333333215e+01,-1.972707249293401653e-03
1.854166666666666430e+01,-1.998500972810984821e-03
1.856250000000000000e+01,-2.023938429968373271e-03
1.858333333333333215e+01,-2.049014771648955714e-03
1.860416666666666430e+01,-2.073725230830505972e-03
1.862500000000000000e+01,-2.098065126786936071e-03
1.864583333333333215e+01,-2.122029869560919466e-03
1.866666666666666430e+01,-2.145614964606962997e-03
1.868750000000000000e+01,-2.168816017664762941e-03
1.870833333333333215e+01,-2.191628739860004577e-03
1.872916666666666430e+01,-2.214048952916783820e-03
1.875000000000000000e+01,-2.236072594487565485e-03
1.877083333333333215e+01,-2.257695723589056395e-03
1.879166666666666430e+01,-2.278914526053626814e-03
1.881250000000000000e+01,-2.299725319914089437e-03
1.883333333333333215e+01,-2.320124560685165628e-03
1.885416666666666430e+01,-2.340108846417083589e-03
1.887500000000000000e+01,-2.359674922464710060e-03
1.889583333333333215e+01,-2.378819685850704687e-03
1.891666666666666430e+01,-2.397540189123990861e-03
1.893750000000000000e+01,-2.415833643577987820e-03
1.895833333333333215e+01,-2.433697421766914653e-03
1.897916666666666430e+01,-2.451129059190149118e-03
1.900000000000000000e+01,-2.468126255007922504e-03
1.902083333333333215e+01,-2.484686871771806492e-03
1.904166666666666430e+01,-2.500808934049929180e-03
1.906250000000000000e+01,-2.516490625892746618e-03
1.908333333333333215e+01,-2.531730287140893793e-03
1.910416666666666430e+01,-2.546526408528019484e-03
1.912500000000000000e+01,-2.560877625654684343e-03
1.914583333333333215e+01,-2.574782711856195803e-03
1.916666666666666430e+01,-2.588240570064468185e-03
1.918750000000000000e+01,-2.601250223785747141e-03
1.920833333333333215e+01,-2.613810807354317346e-03
1.922916666666666430e+01,-2.625921555635347873e-03
1.925000000000000000e+01,-2.637581793324419565e-03
1.927083333333333215e+01,-2.648790924131309930e-03
1.929166666666666430e+01,-2.659548420026186435e-03
1.931250000000000000e+01,-2.669853810724447888e-03
1.933333333333333215e+01,-2.679706673699548420e-03
1.935416666666666430e+01,-2.689106624820020511e-03
1.937500000000000000e+01,-2.698053309857983192e-03
1.939583333333333215e+01,-2.706546396939747343e-03
1.941666666666666430e+01,-2.714585570096633357e-03
1.943750000000000000e+01,-2.722170523935562355e-03
1.945833333333333215e+01,-2.729300959505778692e-03
1.947916666666666430e+01,-2.735976581339105533e-03
1.950000000000000000e+01,-2.742197095594836338e-03
1.952083333333333215e+01,-2.747962209275552677e-03
1.954166666666666430e+01,-2.753271630441798436e-03
1.956250000000000000e+01,-2.758125069290411676e-03
1.958333333333333215e+01,-2.762522239941333623e-03
1.960416666666666430e+01,-2.766462862847826523e-03
1.962500000000000000e+01,-2.769946667721764726e-03
1.964583333333333215e+01,-2.772973396806227824e-03
1.966666666666666430e+01,-2.775542808387340774e-03
1.968750000000000000e+01,-2.777654680440594555e-03
1.970833333333333215e+01,-2.779308814374884667e-03
1.972916666666666430e+01,-2.780505038751290327e-03
1.975000000000000000e+01,-2.781243212942600702e-03
1.977083333333333215e+01,-2.781523230613384013e-03
1.979166666666666430e+01,-2.781345023144090548e-03
1.981250000000000000e+01,-2.780708562897167904e-03
1.983333333333333215e+01,-2.779613866245153088e-03
1.985416666666666430e+01,-2.778060996485447708e-03
1.987500000000000000e+01,-2.776050066546303149e-03
1.989583333333333215e+01,-2.773581241556558833e-03
1.991666666666666430e+01,-2.770654741246695967e-03
1.993750000000000000e+01,-2.767270842178222185e-03
1.995833333333333215e+01,-2.763429879815323433e-03
1.997916666666666430e+01,-2.759132250457937453e-03
2.000000000000000000e+01,-2.754378413045205712e-03
2.002083333333333215e+01,-2.749168890762187720e-03
2.004166666666666430e+01,-2.743504272555606464e-03
2.006250000000000000e+01,-2.737385214465452941e-03
2.008333333333333215e+01,-2.730812440855244234e-03
2.010416666666666430e+01,-2.723786745467120934e-03
2.012500000000000000e+01,-2.716308992390363639e-03
2.014583333333333215e+01,-2.708380116854873683e-03
2.016666666666666430e+01,-2.700001125950484034e-03
2.018750000000000000e+01,-2.691173099221936919e-03
2.020833333333333215e+01,-2.681897189172751175e-03
2.022916666666666430e+01,-2.672174621643876383e-03
2.025000000000000000e+01,-2.662006696168018813e-03
2.027083333333333215e+01,-2.651394786215160743e-03
2.029166666666666430e+01,-2.640340339394444541e-03
2.031250000000000000e+01,-2.628844877568422850e-03
2.033333333333333215e+01,-2.616909996963201392e-03
2.035416666666666430e+01,-2.604537368239392189e-03
2.037500000000000000e+01,-2.591728736482561309e-03
2.039583333333333215e+01,-2.578485921166075862e-03
2.041666666666666430e+01,-2.564810816142353185e-03
2.043750000000000000e+01,-2.550705389551906691e-03
2.045833333333333215e+01,-2.536171683695479396e-03
2.047916666666666430e+01,-2.521211814914835030e-03
2.050000000000000000e+01,-2.505827973448314112e-03
2.052083333333333215e+01,-2.490022423231363739e-03
2.054166666666666430e+01,-2.473797501689781533e-03
2.056250000000000000e+01,-2.457155619497961106e-03
2.058333333333333215e+01,-2.440099260347030653e-03
2.060416666666666430e+01,-2.422630980653544749e-03
2.062500000000000000e+01,-2.404753409266378091e-03
2.064583333333333215e+01,-2.386469247160499969e-03
2.066666666666666430e+01,-2.367781267085702305e-03
2.068750000000000000e+01,-2.348692313229959212e-03
2.070833333333333215e+01,-2.329205300886191387e-03
2.072916666666666430e+01,-2.309323216034484851e-03
2.075000000000000000e+01,-2.289049114962405946e-03
2.077083333333333215e+01,-2.268386123893473445e-03
2.079166666666666430e+01,-2.247337438570674861e-03
2.081250000000000000e+01,-2.225906323816105158e-03
2.083333333333333215e+01,-2.204096113105019714e-03
2.085416666666666430e+01,-2.181910208141642823e-03
2.087500000000000000e+01,-2.159352078420177269e-03
2.089583333333333215e+01,-2.136425260715790926e-03
2.091666666666666430e+01,-2.113133358632700905e-03
2.093750000000000000e+01,-2.089480042130424479e-03
2.095833333333333215e+01,-2.065469047018613728e-03
2.097916666666666430e+01,-2.041104174442632830e-03
2.100000000000000000e+01,-2.016389290367763196e-03
2.102083333333333215e+01,-1.991328325038133670e-03
2.104166666666666430e+01,-1.965925272439267638e-03
2.106250000000000000e+01,-1.940184189749521613e-03
2.108333333333333215e+01,-1.914109196743818712e-03
2.110416666666666430e+01,-1.887704475238875627e-03
2.112500000000000000e+01,-1.860974268498386116e-03
2.114583333333333215e+01,-1.833922880620525052e-03
2.116666666666666430e+01,-1.806554675934113948e-03
2.118750000000000000e+01,-1.778874078362131838e-03
2.120833333333333215e+01,-1.750885570798168915e-03
2.122916666666666430e+01,-1.722593694450439122e-03
2.125000000000000000e+01,-1.694003048184932088e-03
2.127083333333333215e+01,-1.665118287863057546e-03
2.129166666666666430e+01,-1.635944125653331343e-03
2.131250000000000000e+01,-1.606485329338460961e-03
2.133333333333333215e+01,-1.576746721628581507e-03
2.135416666666666430e+01,-1.546733179406140123e-03
2.137500000000000000e+01,-1.516449633054096349e-03
2.139583333333333215e+01,-1.485901065679017105e-03
2.141666666666666430e+01,-1.455092512378886776e-03
2.143750000000000000e+01,-1.424029059481715176e-03
2.145833333333333215e+01,-1.392715843755815315e-03
2.147916666666666430e+01,-1.361158051638620796e-03
2.150000000000000000e+01,-1.329360918458162956e-03
2.152083333333333215e+01,-1.297329727618822242e-03
2.154166666666666430e+01,-1.265069809749482920e-03
2.156250000000000000e+01,-1.232586541909660733e-03
2.158333333333333215e+01,-1.199885346759194636e-03
2.160416666666666430e+01,-1.166971691685448871e-03
2.162500000000000000e+01,-1.133851087937601601e-03
2.164583333333333215e+01,-1.100529089772123593e-03
2.166666666666666430e+01,-1.067011293564128606e-03
2.168750000000000000e+01,-1.033303336926055371e-03
2.170833333333333215e+01,-9.994108977753179014e-04
2.172916666666666430e+01,-9.653396934503129679e-04
2.175000000000000000e+01,-9.310954797749434629e-04
2.177083333333333215e+01,-8.966840501316600221e-04
2.179166666666666430e+01,-8.621112345018237073e-04
2.181250000000000000e+01,-8.273828985303271696e-04
2.183333333333333215e+01,-7.925049425672911181e-04
2.185416666666666430e+01,-7.574833006761006468e-04
2.187500000000000000e+01,-7.223239396682587608e-04
2.189583333333333215e+01,-6.870328581059815263e-04
2.191666666666666430e+01,-6.516160853144081430e-04
2.193750000000000000e+01,-6.160796803642533881e-04
2.195833333333333215e+01,-5.804297310570258241e-04
2.197916666666666430e+01,-5.446723529024065759e-04
2.200000000000000000e+01,-5.088136881006805968e-04
2.202083333333333215e+01,-4.728599044757527108e-04
2.204166666666666430e+01,-4.368171944525216731e-04
2.206250000000000000e+01,-4.006917740070815750e-04
2.208333333333333215e+01,-3.644898815923294788e-04
2.210416666666666430e+01,-3.282177770553710628e-04
2.212500000000000000e+01,-2.918817406073063504e-04
2.214583333333333215e+01,-2.554880717211434598e-04
2.216666666666666430e+01,-2.190430880367204747e-04
2.218750000000000000e+01,-1.825531242916250186e-04
2.220833333333333215e+01,-1.460245312190498919e-04
2.222916666666666430e+01,-1.094636744511467654e-04
2.225000000000000000e+01,-7.287693339813025627e-05
2.227083333333333215e+01,-3.627070017276716034e-05
2.229166666666666430e+01,3.486215405988258592e-07
2.231250000000000000e+01,3.697461759782027878e-05
2.233333333333333215e+01,7.360086451997625043e-05
2.235416666666666430e+01,1.102209305729018698e-04
2.237500000000000000e+01,1.468283769389611072e-04
2.239583333333333215e+01,1.834167588125343936e-04
2.241666666666666430e+01,2.199796265374017964e-04
2.243750000000000000e+01,2.565105266937001507e-04
2.245833333333333215e+01,2.930030032675556731e-04
2.247916666666666430e+01,3.294505987451741124e-04
2.250000000000000000e+01,3.658468552544842244e-04
2.252083333333333215e+01,4.021853156753243670e-04
2.254166666666666430e+01,4.384595247464057629e-04
2.256250000000000000e+01,4.746630302082763698e-04
2.258333333333333215e+01,5.107893839067376629e-04
2.260416666666666430e+01,5.468321429005694413e-04
2.262500000000000000e+01,5.827848705628086183e-04
2.264583333333333215e+01,6.186411376858802361e-04
2.266666666666666430e+01,6.543945236007142011e-04
2.268750000000000000e+01,6.900386172466316508e-04
2.270833333333333215e+01,7.255670182588111168e-04
2.272916666666666430e+01,7.609733380422983298e-04
2.275000000000000000e+01,7.962512008619610599e-04
2.277083333333333215e+01,8.313942449088740534e-04
2.279166666666666430e+01,8.663961233530774984e-04
2.281250000000000000e+01,9.012505053699617318e-04
2.283333333333333215e+01,9.359510772038920129e-04
2.285416666666666430e+01,9.704915432224107139e-04
2.287500000000000000e+01,1.004865626908639552e-03
2.289583333333333215e+01,1.039067071866321777e-03
2.291666666666666430e+01,1.073089642859455066e-03
2.293750000000000000e+01,1.106927126791842604e-03
2.295833333333333215e+01,1.140573333696382570e-03
2.297916666666666430e+01,1.174022097711805920e-03
2.300000000000000000e+01,1.207267278068095175e-03
2.302083333333333215e+01,1.240302760030384316e-03
2.304166666666666430e+01,1.273122455873325429e-03
2.306250000000000000e+01,1.305720305837118449e-03
2.308333333333333215e+01,1.338090279064778560e-03
2.310416666666666430e+01,1.370226374575642852e-03
2.312500000000000000e+01,1.402122622199886886e-03
2.314583333333333215e+01,1.433773083535038210e-03
2.316666666666666430e+01,1.465171852914531241e-03
2.318750000000000000e+01,1.496313058386826824e-03
2.320833333333333215e+01,1.527190862714510608e-03
2.322916666666666430e+01,1.557799464373272593e-03
2.325000000000000000e+01,1.588133098615334901e-03
2.327083333333333215e+01,1.618186038532124296e-03
2.329166666666666430e+01,1.647952596179866162e-03
2.331250000000000000e+01,1.677427123778355185e-03
2.333333333333333215e+01,1.706604014941438515e-03
2.335416666666666430e+01,1.735477705978366939e-03
2.337500000000000000e+01,1.764042677317817671e-03
2.339583333333333215e+01,1.792293455032245532e-03
2.341666666666666430e+01,1.820224612458648094e-03
2.343750000000000000e+01,1.847830771958429647e-03
2.345833333333333215e+01,1.875106606847318572e-03
2.347916666666666430e+01,1.902046843547207031e-03
2.350000000000000000e+01,1.928646263838787846e-03
2.352083333333333215e+01,1.954899707413118495e-03
2.354166666666666430e+01,1.980802074648576206e-03
2.356250000000000000e+01,2.006348329676119115e-03
2.358333333333333215e+01,2.031533503719521686e-03
2.360416666666666430e+01,2.056352698758917921e-03
2.362500000000000000e+01,2.080801091543519037e-03
2.364583333333333215e+01,2.104873938000842524e-03
2.366666666666666430e+01,2.128566577964417349e-03
2.368750000000000000e+01,2.151874440360486158e-03
2.370833333333333215e+01,2.174793048755777145e-03
2.372916666666666430e+01,2.197318027311502206e-03
2.375000000000000000e+01,2.219445107167831912e-03
2.377083333333333215e+01,2.241170133135629051e-03
2.379166666666666430e+01,2.262489070753896138e-03
2.381250000000000000e+01,2.283398013641724754e-03
2.383333333333333215e+01,2.303893191044698724e-03
2.385416666666666430e+01,2.323970975490389276e-03
2.387500000000000000e+01,2.343627890502778324e-03
2.389583333333333215e+01,2.362860618198994647e-03
2.391666666666666430e+01,2.381666006604601579e-03
2.393750000000000000e+01,2.400041076577154667e-03
2.395833333333333215e+01,2.417983028117832566e-03
2.397916666666666430e+01,2.435489245893220599e-03
2.400000000000000000e+01,2.452557303759258806e-03
2.402083333333333215e+01,2.469184968046139045e-03
2.404166666666666430e+01,2.485370199483728781e-03
2.406250000000000000e+01,2.501111153551498212e-03
2.408333333333333215e+01,2.516406179025099978e-03
2.410416666666666430e+01,2.531253814692978246e-03
2.412500000000000000e+01,2.545652784132122325e-03
2.414583333333333215e+01,2.559601988490339819e-03
2.416666666666666430e+01,2.573100497298928205e-03
2.418750000000000000e+01,2.586147537467969448e-03
2.420833333333333215e+01,2.598742480585523439e-03
2.422916666666666430e+01,2.610884828727882273e-03
2.425000000000000000e+01,2.622574199105853678e-03
2.427083333333333215e+01,2.633810307903247053e-03
2.429166666666666430e+01,2.644592953620387814e-03
2.431250000000000000e+01,2.654922000390989422e-03
2.433333333333333215e+01,2.664797361664287493e-03
2.435416666666666430e+01,2.674218984647043062e-03
2.437500000000000000e+01,2.683186835928133302e-03
2.439583333333333215e+01,2.691700888540734908e-03
2.441666666666666430e+01,2.699761110811043675e-03
2.443750000000000000e+01,2.707367457139201947e-03
2.445833333333333215e+01,2.714519860887833116e-03
2.447916666666666430e+01,2.721218229373111291e-03
2.450000000000000000e+01,2.727462440954675927e-03
2.452083333333333215e+01,2.733252344095253410e-03
2.454166666666666430e+01,2.738587758241854946e-03
2.456250000000000000e+01,2.743468476284844672e-03
2.458333333333333215e+01,2.747894268321414857e-03
2.460416666666666430e+01,2.751864886533374188e-03
2.462500000000000000e+01,2.755380070797771273e-03
2.464583333333333215e+01,2.758439554795907682e-03
2.466666666666666430e+01,2.761043072424276129e-03
2.468750000000000000e+01,2.763190364214874409e-03
2.470833333333333215e+01,2.764881183671498866e-03
2.472916666666666430e+01,2.766115303319869202e-03
2.475000000000000000e+01,2.766892520362882520e-03
2.477083333333333215e+01,2.767212661990855159e-03
2.479166666666666430e+01,2.767075590232801786e-03
2.481250000000000000e+01,2.766481206364519978e-03
2.483333333333333215e+01,2.765429454882682540e-03
2.485416666666666430e+01,2.763920327163532382e-03
2.487500000000000000e+01,2.761953864748479138e-03
2.489583333333333215e+01,2.759530162355443815e-03
2.491666666666666430e+01,2.756649370654492247e-03
2.493750000000000000e+01,2.753311698811433238e-03
2.495833333333333215e+01,2.749517416833381980e-03
2.497916666666666430e+01,2.745266857792179847e-03
2.500000000000000000e+01,2.740560419842350947e-03
2.502083333333333215e+01,2.735398568066230770e-03
2.504166666666666430e+01,2.729781836182880450e-03
2.506250000000000000e+01,2.723710828098853658e-03
2.508333333333333215e+01,2.717186219242611386e-03
2.510416666666666430e+01,2.710208757727440229e-03
2.512500000000000000e+01,2.702779265375616219e-03
2.514583333333333215e+01,2.694898638536244104e-03
2.516666666666666430e+01,2.686567848719659170e-03
2.518750000000000000e+01,2.677787943122005888e-03
2.520833333333333215e+01,2.668560044967668420e-03
2.522916666666666430e+01,2.658885353752332703e-03
2.525000000000000000e+01,2.648765145379880850e-03
2.527083333333333215e+01,2.638200772217050120e-03
2.529166666666666430e+01,2.627193663075707078e-03
2.531250000000000000e+01,2.615745323149014541e-03
2.533333333333333215e+01,2.603857333914716410e-03
2.535416666666666430e+01,2.591531353016523348e-03
2.537500000000000000e+01,2.578769114134226229e-03
2.539583333333333215e+01,2.565572426815680360e-03
2.541666666666666430e+01,2.551943176340836124e-03
2.543750000000000000e+01,2.537883323522199374e-03
2.545833333333333215e+01,2.523394904540565697e-03
2.547916666666666430e+01,2.508480030750321558e-03
2.550000000000000000e+01,2.493140888456824196e-03
2.552083333333333215e+01,2.477379738677283876e-03
2.554166666666666430e+01,2.461198916872243438e-03
2.556250000000000000e+01,2.444600832678458201e-03
2.558333333333333215e+01,2.427587969593157213e-03
2.560416666666666430e+01,2.410162884636803463e-03
2.562500000000000000e+01,2.392328207978166362e-03
2.564583333333333215e+01,2.374086642587617743e-03
2.566666666666666430e+01,2.355440963827588798e-03
2.568750000000000000e+01,2.336394019032224031e-03
2.570833333333333215e+01,2.316948727103357655e-03
2.572916666666666430e+01,2.297108078057635838e-03
2.575000000000000000e+01,2.276875132607049292e-03
2.577083333333333215e+01,2.256253021702933886e-03
2.579166666666666430e+01,2.235244946099681617e-03
2.581250000000000000e+01,2.213854175878754178e-03
2.583333333333333215e+01,2.192084050006800743e-03
2.585416666666666430e+01,2.169937975874420590e-03
2.587500000000000000e+01,2.147419428820713117e-03
2.589583333333333215e+01,2.124531951645075925e-03
2.591666666666666430e+01,2.101279154144911412e-03
2.593750000000000000e+01,2.077664712597029895e-03
2.595833333333333215e+01,2.053692369267310931e-03
2.597916666666666430e+01,2.029365931883491368e-03
2.600000000000000000e+01,2.004689273100988475e-03
2.602083333333333215e+01,1.979666329964786548e-03
2.604166666666666430e+01,1.954301103364464425e-03
2.606250000000000000e+01,1.928597657443852824e-03
2.608333333333333215e+01,1.902560119040711288e-03
2.610416666666666430e+01,1.876192677084034073e-03
2.612500000000000000e+01,1.849499581987640697e-03
2.614583333333333215e+01,1.822485145053800992e-03
2.616666666666666430e+01,1.795153737849591825e-03
2.618750000000000000e+01,1.767509791557089196e-03
2.620833333333333215e+01,1.739557796331705954e-03
2.622916666666666430e+01,1.711302300666628362e-03
2.625000000000000000e+01,1.682747910713093108e-03
2.627083333333333215e+01,1.653899289626085392e-03
2.629166666666666430e+01,1.624761156880990794e-03
2.631250000000000000e+01,1.595338287553081354e-03
2.633333333333333215e+01,1.565635511628509641e-03
2.635416666666666430e+01,1.535657713318753625e-03
2.637500000000000000e+01,1.505409830294101138e-03
2.639583333333333215e+01,1.474896852966149164e-03
2.641666666666666430e+01,1.444123823737673406e-03
2.643750000000000000e+01,1.413095836237692870e-03
2.645833333333333215e+01,1.381818034552413817e-03
2.647916666666666430e+01,1.350295612443713636e-03
2.650000000000000000e+01,1.318533812549021111e-03
2.652083333333333215e+01,1.286537925582017421e-03
2.654166666666666430e+01,1.254313289514203799e-03
2.656250000000000000e+01,1.221865288733847525e-03
2.658333333333333215e+01,1.189199353225490899e-03
2.660416666666666430e+01,1.156320957701441983e-03
2.662500000000000000e+01,1.123235620773915117e-03
2.664583333333333215e+01,1.089948904054043304e-03
2.666666666666666430e+01,1.056466411268269486e-03
2.668750000000000000e+01,1.022793787383500987e-03
2.670833333333333215e+01,9.889367177236816405e-04
2.672916666666666430e+01,9.549009270152540108e-04
2.675000000000000000e+01,9.206921784860054624e-04
2.677083333333333215e+01,8.863162729583928161e-04
2.679166666666666430e+01,8.517790478753982982e-04
2.681250000000000000e+01,8.170863763649204199e-04
2.683333333333333215e+01,7.822441662824804881e-04
2.685416666666666430e+01,7.472583592413947632e-04
2.687500000000000000e+01,7.121349296277365614e-04
2.689583333333333215e+01,6.768798836238986826e-04
2.691666666666666430e+01,6.414992582167716598e-04
2.693750000000000000e+01,6.059991201725997050e-04
2.695833333333333215e+01,5.703855650464161996e-04
2.697916666666666430e+01,5.346647161550787232e-04
2.700000000000000000e+01,4.988427235568638303e-04
2.702083333333333215e+01,4.629257629973068189e-04
2.704166666666666430e+01,4.269200348716758174e-04
2.706250000000000000e+01,3.908317631917565494e-04
2.708333333333333215e+01,3.546671945323372579e-04
2.710416666666666430e+01,3.184325969412456236e-04
2.712500000000000000e+01,2.821342588736464431e-04
2.714583333333333215e+01,2.457784881442154150e-04
2.716666666666666430e+01,2.093716108352192639e-04
2.718750000000000000e+01,1.729199702056697394e-04
2.720833333333333215e+01,1.364299255941912219e-04
2.722916666666666430e+01,9.990785132242331363e-05
2.725000000000000000e+01,6.336013563553282422e-05
2.727083333333333215e+01,2.679317956332838457e-05
2.729166666666666430e+01,-9.786604199645133450e-06
2.731250000000000000e+01,-4.637279238236892328e-05
2.733333333333333215e+01,-8.295895222951629451e-05
2.735416666666666430e+01,-1.195386426640664064e-04
2.737500000000000000e+01,-1.561054153635138173e-04
2.739583333333333215e+01,-1.926528159153991253e-04
2.741666666666666430e+01,-2.291743849027316066e-04
2.743750000000000000e+01,-2.656636590498699288e-04
2.745833333333333215e+01,-3.021141723539587159e-04
2.747916666666666430e+01,-3.385194571680268127e-04
2.750000000000000000e+01,-3.748730453537269186e-04
2.752083333333333215e+01,-4.111684694085976084e-04
2.754166666666666430e+01,-4.473992635603003917e-04
2.756250000000000000e+01,-4.835589649212347456e-04
2.758333333333333215e+01,-5.196411145767794275e-04
2.760416666666666430e+01,-5.556392586972030067e-04
2.762500000000000000e+01,-5.915469496897046752e-04
2.764583333333333215e+01,-6.273577472795975130e-04
2.766666666666666430e+01,-6.630652196155099225e-04
2.768750000000000000e+01,-6.986629443892862414e-04
2.770833333333333215e+01,-7.341445099208097295e-04
2.772916666666666430e+01,-7.695035162789609293e-04
2.775000000000000000e+01,-8.047335763569872773e-04
2.777083333333333215e+01,-8.398283169531116886e-04
2.779166666666666430e+01,-8.747813798711680895e-04
2.781250000000000000e+01,-9.095864230165220813e-04
2.783333333333333215e+01,-9.442371214333297605e-04
2.785416666666666430e+01,-9.787271684056591918e-04
2.787500000000000000e+01,-1.013050276523930638e-03
2.789583333333333215e+01,-1.047200178748008016e-03
2.791666666666666430e+01,-1.081170629461825983e-03
2.793750000000000000e+01,-1.114955405567968471e-03
2.795833333333333215e+01,-1.148548307518336854e-03
2.797916666666666430e+01,-1.181943160373524976e-03
2.800000000000000000e+01,-1.215133814884627409e-03
2.802083333333333215e+01,-1.248114148569915739e-03
2.804166666666666430e+01,-1.280878066753034792e-03
2.806250000000000000e+01,-1.313419503669293253e-03
2.808333333333333215e+01,-1.345732423543308373e-03
2.810416666666666430e+01,-1.377810821687713459e-03
2.812500000000000000e+01,-1.409648725642108358e-03
2.814583333333333215e+01,-1.441240196275808206e-03
2.816666666666666430e+01,-1.472579328978094884e-03
2.818750000000000000e+01,-1.503660254849634214e-03
2.820833333333333215e+01,-1.534477141921419515e-03
2.822916666666666430e+01,-1.565024196397389600e-03
2.825000000000000000e+01,-1.595295664010902299e-03
2.827083333333333215e+01,-1.625285831390633389e-03
2.829166666666666430e+01,-1.654989027453844042e-03
2.831250000000000000e+01,-1.684399624950382295e-03
2.833333333333333215e+01,-1.713512042044215483e-03
2.835416666666666430e+01,-1.742320743989393857e-03
2.837500000000000000e+01,-1.770820244908359858e-03
2.839583333333333215e+01,-1.799005109721324696e-03
2.841666666666666430e+01,-1.826869956152527659e-03
2.843750000000000000e+01,-1.854409456911901549e-03
2.845833333333333215e+01,-1.881618342028770589e-03
2.847916666666666430e+01,-1.908491401366058668e-03
2.850000000000000000e+01,-1.935023487290308706e-03
2.852083333333333215e+01,-1.961209517555120071e-03
2.854166666666666430e+01,-1.987044478415168902e-03
2.856250000000000000e+01,-2.012523427932691889e-03
2.858333333333333215e+01,-2.037641499534405352e-03
2.860416666666666430e+01,-2.062393905806684039e-03
2.862500000000000000e+01,-2.086775942525841143e-03
2.864583333333333215e+01,-2.110782992970227159e-03
2.866666666666666430e+01,-2.134410532445885338e-03
2.868750000000000000e+01,-2.157654133062166923e-03
2.870833333333333215e+01,-2.180509468706494803e-03
2.872916666666666430e+01,-2.202972320253599337e-03
2.875000000000000000e+01,-2.225038580959694777e-03
2.877083333333333215e+01,-2.246704261927291030e-03
2.879166666666666430e+01,-2.267965497697646375e-03
2.881250000000000000e+01,-2.288818551845160035e-03
2.883333333333333215e+01,-2.309259822557033909e-03
2.885416666666666430e+01,-2.329285848070538657e-03
2.887500000000000000e+01,-2.348893311886806213e-03
2.889583333333333215e+01,-2.368079047657853722e-03
2.891666666666666430e+01,-2.386840043680979288e-03
2.893750000000000000e+01,-2.405173446863799469e-03
2.895833333333333215e+01,-2.423076565991911027e-03
2.897916666666666430e+01,-2.440546874234017678e-03
2.900000000000000000e+01,-2.457582010813713462e-03
2.902083333333333215e+01,-2.474179781638535542e-03
2.904166666666666430e+01,-2.490338158852478841e-03
2.906250000000000000e+01,-2.506055279237942753e-03
2.908333333333333215e+01,-2.521329441413562491e-03
2.910416666666666430e+01,-2.536159101733645449e-03
2.912500000000000000e+01,-2.550542868998305866e-03
2.914583333333333215e+01,-2.564479497919282345e-03
2.916666666666666430e+01,-2.577967881439081899e-03
2.918750000000000000e+01,-2.591007041993674369e-03
2.920833333333333215e+01,-2.603596121870177700e-03
2.922916666666666430e+01,-2.615734372833372449e-03
2.925000000000000000e+01,-2.627421145157302854e-03
2.927083333333333215e+01,-2.638655876332061338e-03
2.929166666666666430e+01,-2.649438079663605193e-03
2.931250000000000000e+01,-2.659767332992815994e-03
2.933333333333333215e+01,-2.669643267720817059e-03
2.935416666666666430e+01,-2.679065558433419737e-03
2.937500000000000000e+01,-2.688033913303254033e-03
2.939583333333333215e+01,-2.696548065394512288e-03
2.941666666666666430e+01,-2.704607765054949011e-03
2.943750000000000000e+01,-2.712212773514995415e-03
2.945833333333333215e+01,-2.719362857695338705e-03
2.947916666666666430e+01,-2.726057786287364258e-03
2.950000000000000000e+01,-2.732297327093901294e-03
2.952083333333333215e+01,-2.738081245587288201e-03
2.954166666666666430e+01,-2.743409304535069076e-03
2.956250000000000000e+01,-2.748281264674444675e-03
2.958333333333333215e+01,-2.752696886240668314e-03
2.960416666666666430e+01,-2.756655931256925957e-03
2.962500000000000000e+01,-2.760158166430670430e-03
2.964583333333333215e+01,-2.763203366498890798e-03
2.966666666666666430e+01,-2.765791317897350454e-03
2.968750000000000000e+01,-2.767921822666656161e-03
2.970833333333333215e+01,-2.769594702433718185e-03
2.972916666666666430e+01,-2.770809802423510396e-03
2.975000000000000000e+01,-2.771566995411104718e-03
2.977083333333333215e+01,-2.771866185556926595e-03
2.979166666666666430e+01,-2.771707312103245148e-03
2.981250000000000000e+01,-2.771090352901008254e-03
2.983333333333333215e+01,-2.770015327704354775e-03
2.985416666666666430e+01,-2.768482301325910899e-03
2.987500000000000000e+01,-2.766491386579225924e-03
2.989583333333333215e+01,-2.764042747036303885e-03
2.991666666666666430e+01,-2.761136599576208966e-03
2.993750000000000000e+01,-2.757773216807721771e-03
2.995833333333333215e+01,-2.753952929295452705e-03
2.997916666666666430e+01,-2.749676127637303881e-03
3.000000000000000000e+01,-2.744943264378582517e-03
3.002083333333333215e+01,-2.739754855756320034e-03
3.004166666666666430e+01,-2.734111483333286161e-03
3.006250000000000000e+01,-2.728013795448065975e-03
3.008333333333333215e+01,-2.721462508539362543e-03
3.010416666666666430e+01,-2.714458408310787413e-03
3.012500000000000000e+01,-2.707002350743620799e-03
3.014583333333333215e+01,-2.699095263007242167e-03
3.016666666666666430e+01,-2.690738144251338549e-03
3.018750000000000000e+01,-2.681932066219643637e-03
3.020833333333333215e+01,-2.672678173784111613e-03
3.022916666666666430e+01,-2.662977685424379980e-03
3.025000000000000000e+01,-2.652831893548625742e-03
3.027083333333333215e+01,-2.642242164772656398e-03
3.029166666666666430e+01,-2.631209940114321699e-03
3.031250000000000000e+01,-2.619736735154616983e-03
3.033333333333333215e+01,-2.607824140105071548e-03
3.035416666666666430e+01,-2.595473819894221577e-03
3.037500000000000000e+01,-2.582687514143911650e-03
3.039583333333333215e+01,-2.569467037147412942e-03
3.041666666666666430e+01,-2.555814277817675118e-03
3.043750000000000000e+01,-2.541731199625134763e-03
3.045833333333333215e+01,-2.527219840457601337e-03
3.047916666666666430e+01,-2.512282312493713428e-03
3.050000000000000000e+01,-2.496920802051250197e-03
3.052083333333333215e+01,-2.481137569375893668e-03
3.054166666666666430e+01,-2.464934948447380751e-03
3.056250000000000000e+01,-2.448315346741212085e-03
3.058333333333333215e+01,-2.431281244966244752e-03
3.060416666666666430e+01,-2.413835196776873901e-03
3.062500000000000000e+01,-2.395979828494146889e-03
3.064583333333333215e+01,-2.377717838768768962e-03
3.066666666666666430e+01,-2.359051998222319504e-03
3.068750000000000000e+01,-2.339985149122458894e-03
3.070833333333333215e+01,-2.320520205023559723e-03
3.072916666666666430e+01,-2.300660150348647973e-03
3.075000000000000000e+01,-2.280408039992585893e-03
3.077083333333333215e+01,-2.259766998946015175e-03
3.079166666666666430e+01,-2.238740221875291057e-03
3.081250000000000000e+01,-2.217330972668647010e-03
3.083333333333333215e+01,-2.195542584006175864e-03
3.085416666666666430e+01,-2.173378456933319422e-03
3.087500000000000000e+01,-2.150842060375436019e-03
3.089583333333333215e+01,-2.127936930688932148e-03
3.091666666666666430e+01,-2.104666671187650859e-03
3.093750000000000000e+01,-2.081034951619027771e-03
3.095833333333333215e+01,-2.057045507684594418e-03
3.097916666666666430e+01,-2.032702140536632625e-03
3.100000000000000000e+01,-2.008008716245200664e-03
3.102083333333333215e+01,-1.982969165247627872e-03
3.104166666666666430e+01,-1.957587481810490158e-03
3.106250000000000000e+01,-1.931867723493831774e-03
3.108333333333333215e+01,-1.905814010527276999e-03
3.110416666666666430e+01,-1.879430525262548810e-03
3.112500000000000000e+01,-1.852721511571222982e-03
3.114583333333333215e+01,-1.825691274249943447e-03
3.116666666666666430e+01,-1.798344178386297168e-03
3.118750000000000000e+01,-1.770684648725330415e-03
3.120833333333333215e+01,-1.742717169040365654e-03
3.122916666666666430e+01,-1.714446281504089899e-03
3.125000000000000000e+01,-1.685876586003863054e-03
3.127083333333333215e+01,-1.657012739456887240e-03
3.129166666666666430e+01,-1.627859455153369802e-03
3.131250000000000000e+01,-1.598421502059228002e-03
3.133333333333333215e+01,-1.568703704119959672e-03
3.135416666666666430e+01,-1.538710939503021595e-03
3.137500000000000000e+01,-1.508448139898210111e-03
3.139583333333333215e+01,-1.477920289815159256e-03
3.141666666666666430e+01,-1.447132425766322868e-03
3.143750000000000000e+01,-1.416089635550608168e-03
3.145833333333333215e+01,-1.384797057449057992e-03
3.147916666666666430e+01,-1.353259879467176704e-03
3.150000000000000000e+01,-1.321483338537439434e-03
3.152083333333333215e+01,-1.289472719707562701e-03
3.154166666666666430e+01,-1.257233355301479389e-03
3.156250000000000000e+01,-1.224770624104015238e-03
3.158333333333333215e+01,-1.192089950547071519e-03
3.160416666666666430e+01,-1.159196803841166731e-03
3.162500000000000000e+01,-1.126096697080751019e-03
3.164583333333333215e+01,-1.092795186412761884e-03
3.166666666666666430e+01,-1.059297870163032618e-03
3.168750000000000000e+01,-1.025610387907032817e-03
3.170833333333333215e+01,-9.917384195763478787e-04
3.172916666666666430e+01,-9.576876845631144544e-04
3.175000000000000000e+01,-9.234639407880436239e-04
3.177083333333333215e+01,-8.890729837615296777e-04
3.179166666666666430e+01,-8.545206456477256020e-04
3.181250000000000000e+01,-8.198127943071234968e-04
3.183333333333333215e+01,-7.849553323409674040e-04
3.185416666666666430e+01,-7.499541961173456124e-04
3.187500000000000000e+01,-7.148153547893098484e-04
3.189583333333333215e+01,-6.795448093049212806e-04
3.191666666666666430e+01,-6.441485914294650672e-04
3.193750000000000000e+01,-6.086327626974276849e-04
3.195833333333333215e+01,-5.730034134246432499e-04
3.197916666666666430e+01,-5.372666617021998716e-04
3.200000000000000000e+01,-5.014286523481060326e-04
3.202083333333332860e+01,-4.654955558561166295e-04
3.204166666666666430e+01,-4.294735673608024765e-04
3.206250000000000000e+01,-3.933689055962151558e-04
3.208333333333332860e+01,-3.571878118432692266e-04
3.210416666666666430e+01,-3.209365488368259400e-04
3.212500000000000000e+01,-2.846213997024827930e-04
3.214583333333332860e+01,-2.482486668967835231e-04
3.216666666666666430e+01,-2.118246711196690847e-04
3.218750000000000000e+01,-1.753557502076906786e-04
3.220833333333332860e+01,-1.388482580645594505e-04
3.222916666666666430e+01,-1.023085635473184674e-04
3.225000000000000000e+01,-6.574304936301641144e-05
3.227083333333332860e+01,-2.915811098476655763e-05
3.229166666666666430e+01,7.439844455270314804e-06
3.231250000000000000e+01,4.404439931856403493e-05
3.233333333333332860e+01,8.064912654786645784e-05
3.235416666666666430e+01,1.172475907742726931e-04
3.237500000000000000e+01,1.538333494396154839e-04
3.239583333333332860e+01,1.903999539412669394e-04
3.241666666666666430e+01,2.269409507278246111e-04
3.243750000000000000e+01,2.634498824234582696e-04
3.245833333333332860e+01,2.999202889568189910e-04
3.247916666666666430e+01,3.363457086882380232e-04
3.250000000000000000e+01,3.727196795270322797e-04
3.252083333333332860e+01,4.090357400316773522e-04
3.254166666666666430e+01,4.452874305563503323e-04
3.256250000000000000e+01,4.814682943547527361e-04
3.258333333333332860e+01,5.175718786868888565e-04
3.260416666666666430e+01,5.535917359507041115e-04
3.262500000000000000e+01,5.895214247620445165e-04
3.264583333333332860e+01,6.253545110715592621e-04
3.266666666666666430e+01,6.610845692699808063e-04
3.268750000000000000e+01,6.967051832672359595e-04
3.270833333333332860e+01,7.322099475922533036e-04
3.272916666666666430e+01,7.675924684751887555e-04
3.275000000000000000e+01,8.028463649044247823e-04
3.277083333333332860e+01,8.379652697258572949e-04
3.279166666666666430e+01,8.729428306921881370e-04
3.281250000000000000e+01,9.077727115280760910e-04
3.283333333333332860e+01,9.424485929583609331e-04
3.285416666666666430e+01,9.769641737742045320e-04
3.287500000000000000e+01,1.011313171866869707e-03
3.289583333333332860e+01,1.045489325238116961e-03
3.291666666666666430e+01,1.079486393046263232e-03
3.293750000000000000e+01,1.113298156598548777e-03
3.295833333333332860e+01,1.146918420385905366e-03
3.297916666666666430e+01,1.180341013066876039e-03
3.300000000000000000e+01,1.213559788466820385e-03
3.302083333333332860e+01,1.246568626578300077e-03
3.304166666666666430e+01,1.279361434574821784e-03
3.306250000000000000e+01,1.311932147784383501e-03
3.308333333333332860e+01,1.344274730679780906e-03
3.310416666666666430e+01,1.376383177885911200e-03
3.312500000000000000e+01,1.408251515202795260e-03
3.314583333333332860e+01,1.439873800628948272e-03
3.316666666666666430e+01,1.471244125351604121e-03
3.318750000000000000e+01,1.502356614823437001e-03
3.320833333333332860e+01,1.533205429863343863e-03
3.322916666666666430e+01,1.563784767737154153e-03
3.325000000000000000e+01,1.594088863304427960e-03
3.327083333333332860e+01,1.624111990211121129e-03
3.329166666666666430e+01,1.653848462145211936e-03
3.331250000000000000e+01,1.683292634122526051e-03
3.333333333333332860e+01,1.712438903882631657e-03
3.335416666666666430e+01,1.741281713351723300e-03
3.337500000000000000e+01,1.769815550209628613e-03
3.339583333333332860e+01,1.798034949569366934e-03
3.341666666666666430e+01,1.825934495789760135e-03
3.343750000000000000e+01,1.853508824426939499e-03
3.345833333333332860e+01,1.880752624346152327e-03
3.347916666666666430e+01,1.907660640033212018e-03
3.350000000000000000e+01,1.934227674100907207e-03
3.352083333333332860e+01,1.960448590004105519e-03
3.354166666666666430e+01,1.986318315003042685e-03
3.356250000000000000e+01,2.011831843414147499e-03
3.358333333333332860e+01,2.036984240109739313e-03
3.360416666666666430e+01,2.061770644317487914e-03
3.362500000000000000e+01,2.086186273775323882e-03
3.364583333333332860e+01,2.110226429183021789e-03
3.366666666666666430e+01,2.133886498986366752e-03
3.368750000000000000e+01,2.157161964527965197e-03
3.370833333333332860e+01,2.180048405512508523e-03
3.372916666666666430e+01,2.202541505806587720e-03
3.375000000000000000e+01,2.224637059548011716e-03
3.377083333333332860e+01,2.246330977544190935e-03
3.379166666666666430e+01,2.267619293855629298e-03
3.381250000000000000e+01,2.288498172553432835e-03
3.383333333333332860e+01,2.308963914633943484e-03
3.385416666666666430e+01,2.329012964871128404e-03
3.387500000000000000e+01,2.348641918600360111e-03
3.389583333333332860e+01,2.367847528277307496e-03
3.391666666666666430e+01,2.386626709655391507e-03
3.393750000000000000e+01,2.404976547484856137e-03
3.395833333333332860e+01,2.422894300552867839e-03
3.397916666666666430e+01,2.440377405837644391e-03
3.400000000000000000e+01,2.457423481685397110e-03
3.402083333333332860e+01,2.474030329863248154e-03
3.404166666666666430e+01,2.490195936209386226e-03
3.406250000000000000e+01,2.505918469877372896e-03
3.408333333333332860e+01,2.521196281022090434e-03
3.410416666666666430e+01,2.536027896799874105e-03
3.412500000000000000e+01,2.550412015723032416e-03
3.414583333333332860e+01,2.564347500330221939e-03
3.416666666666666430e+01,2.577833368242719598e-03
3.418750000000000000e+01,2.590868781704720562e-03
3.420833333333332860e+01,2.603453035827476766e-03
3.422916666666666430e+01,2.615585545676145894e-03
3.425000000000000000e+01,2.627265832472466985e-03
3.427083333333332860e+01,2.638493509294856723e-03
3.429166666666666430e+01,2.649268266484750695e-03
3.431250000000000000e+01,2.659589857138822122e-03
3.433333333333332860e+01,2.669458083041115638e-03
3.435416666666666430e+01,2.678872781376285400e-03
3.437500000000000000e+01,2.687833812447544286e-03
3.439583333333332860e+01,2.696341048687344189e-03
3.441666666666666430e+01,2.704394365213900510e-03
3.443750000000000000e+01,2.711993632036628979e-03
3.445833333333332860e+01,2.719138707983220077e-03
3.447916666666666430e+01,2.725829436404765549e-03
3.450000000000000000e+01,2.732065642615158670e-03
3.452083333333332860e+01,2.737847132943173247e-03
3.454166666666666430e+01,2.743173695300124559e-03
3.456250000000000000e+01,2.748045101062452419e-03
3.458333333333332860e+01,2.752461108034252001e-03
3.460416666666666430e+01,2.756421464350606795e-03
3.462500000000000000e+01,2.759925913025156226e-03
3.464583333333332860e+01,2.762974196991956673e-03
3.466666666666666430e+01,2.765566064377053719e-03
3.468750000000000000e+01,2.767701273896835349e-03
3.470833333333332860e+01,2.769379600240049269e-03
3.472916666666666430e+01,2.770600839265880549e-03
3.475000000000000000e+01,2.771364812958667951e-03
3.477083333333332860e+01,2.771671374124075327e-03
3.479166666666666430e+01,2.771520410779474645e-03
3.481250000000000000e+01,2.770911850186811611e-03
3.483333333333332860e+01,2.769845662585174173e-03
3.485416666666666430e+01,2.768321864634495748e-03
3.487500000000000000e+01,2.766340522589616057e-03
3.489583333333332860e+01,2.763901755202721570e-03
3.491666666666666430e+01,2.761005736436579223e-03
3.493750000000000000e+01,2.757652697954023329e-03
3.495833333333332860e+01,2.753842931425170334e-03
3.497916666666666430e+01,2.749576790670981482e-03
3.500000000000000000e+01,2.744854693637719441e-03
3.502083333333332860e+01,2.739677124215375223e-03
3.504166666666666430e+01,2.734044633852680990e-03
3.506250000000000000e+01,2.727957843061769305e-03
3.508333333333332860e+01,2.721417442733656874e-03
3.510416666666666430e+01,2.714424195274425106e-03
3.512500000000000000e+01,2.706978935588289642e-03
3.514583333333332860e+01,2.699082571917115446e-03
3.516666666666666430e+01,2.690736086526164701e-03
3.518750000000000000e+01,2.681940536239968073e-03
3.520833333333332860e+01,2.672697052837559335e-03
3.522916666666666430e+01,2.663006843385676715e-03
3.525000000000000000e+01,2.652871190456280743e-03
3.527083333333332860e+01,2.642291452246489560e-03
3.529166666666666430e+01,2.631269062646279105e-03
3.531250000000000000e+01,2.619805531253622047e-03
3.533333333333332860e+01,2.607902443364250311e-03
3.535416666666666430e+01,2.595561459901953461e-03
3.537500000000000000e+01,2.582784317343442184e-03
3.539583333333332860e+01,2.569572827615581537e-03
3.541666666666666430e+01,2.555928877969054075e-03
3.543750000000000000e+01,2.541854430829845832e-03
3.545833333333332860e+01,2.527351523651321253e-03
3.547916666666666430e+01,2.512422268740062588e-03
3.550000000000000000e+01,2.497068853040093281e-03
3.552083333333332860e+01,2.481293537907738617e-03
3.554166666666666430e+01,2.465098658870149614e-03
3.556250000000000000e+01,2.448486625359882953e-03
3.558333333333332860e+01,2.431459920426673211e-03
3.560416666666666430e+01,2.414021100396327672e-03
3.562500000000000000e+01,2.396172794540556410e-03
3.564583333333332860e+01,2.377917704726353020e-03
3.566666666666666430e+01,2.359258605056373855e-03
3.568750000000000000e+01,2.340198341449888260e-03
3.570833333333332860e+01,2.320739831250896723e-03
3.572916666666666430e+01,2.300886062819115611e-03
3.575000000000000000e+01,2.280640095114456253e-03
3.577083333333332860e+01,2.260005057258110839e-03
3.579166666666666430e+01,2.238984148097064412e-03
3.581250000000000000e+01,2.217580635764493380e-03
3.583333333333332860e+01,2.195797857237088806e-03
3.585416666666666430e+01,2.173639217849174677e-03
3.587500000000000000e+01,2.151108190853099483e-03
3.589583333333332860e+01,2.128208316950821414e-03
3.591666666666666430e+01,2.104943203782703564e-03
3.593750000000000000e+01,2.081316525449781931e-03
3.595833333333332860e+01,2.057332022007536242e-03
3.597916666666666430e+01,2.032993498954509086e-03
3.600000000000000000e+01,2.008304826683301059e-03
3.602083333333332860e+01,1.983269939952334027e-03
3.604166666666666430e+01,1.957892837340822687e-03
3.606250000000000000e+01,1.932177580675930499e-03
3.608333333333332860e+01,1.906128294456990680e-03
3.610416666666666430e+01,1.879749165255015404e-03
3.612500000000000000e+01,1.853044441128675343e-03
3.614583333333332860e+01,1.826018431023048632e-03
3.616666666666666430e+01,1.798675504131986387e-03
3.618750000000000000e+01,1.771020089269396665e-03
3.620833333333332860e+01,1.743056674230264490e-03
3.622916666666666430e+01,1.714789805147828817e-03
3.625000000000000000e+01,1.686224085826338497e-03
3.627083333333332860e+01,1.657364177062278831e-03
3.629166666666666430e+01,1.628214795976750231e-03
3.631250000000000000e+01,1.598780715309455281e-03
3.633333333333332860e+01,1.569066762716099083e-03
3.635416666666666430e+01,1.539077820069077989e-03
3.637500000000000000e+01,1.508818822712031191e-03
3.639583333333332860e+01,1.478294758727961757e-03
3.641666666666666430e+01,1.447510668188757305e-03
3.643750000000000000e+01,1.416471642406141396e-03
3.645833333333332860e+01,1.385182823152061263e-03
3.647916666666666430e+01,1.353649401855835021e-03
3.650000000000000000e+01,1.321876618841973149e-03
3.652083333333332860e+01,1.289869762505857628e-03
3.654166666666666430e+01,1.257634168497285231e-03
3.656250000000000000e+01,1.225175218890728899e-03
3.658333333333332860e+01,1.192498341355321565e-03
3.660416666666666430e+01,1.159609008309089775e-03
3.662500000000000000e+01,1.126512736028515999e-03
3.664583333333332860e+01,1.093215083799698546e-03
3.666666666666666430e+01,1.059721653053349909e-03
3.668750000000000000e+01,1.026038086442841116e-03
3.670833333333332860e+01,9.921700669545654907e-04
3.672916666666666430e+01,9.581233170055051401e-04
3.675000000000000000e+01,9.239035974973464202e-04
3.677083333333332860e+01,8.895167069184232393e-04
3.679166666666666430e+01,8.549684803813903779e-04
3.681250000000000000e+01,8.202647886729878303e-04
3.683333333333332860e+01,7.854115372952536096e-04
3.685416666666666430e+01,7.504146654972272332e-04
3.687500000000000000e+01,7.152801453121462091e-04
3.689583333333332860e+01,6.800139805447057975e-04
3.691666666666666430e+01,6.446222057860617706e-04
3.693750000000000000e+01,6.091108854069788008e-04
3.695833333333332860e+01,5.734861125457063743e-04
3.697916666666666430e+01,5.377540081013987717e-04
3.700000000000000000e+01,5.019207196854617165e-04
3.702083333333332860e+01,4.659924205779852869e-04
3.704166666666666430e+01,4.299753087114247798e-04
3.706250000000000000e+01,3.938756056156833270e-04
3.708333333333332860e+01,3.576995553385353081e-04
3.710416666666666430e+01,3.214534234002648541e-04
3.712500000000000000e+01,2.851434957147543645e-04
3.714583333333332860e+01,2.487760775233904082e-04
3.716666666666666430e+01,2.123574923121901870e-04
3.718750000000000000e+01,1.758940807303889606e-04
3.720833333333332860e+01,1.393921994680420284e-04
3.722916666666666430e+01,1.028582201914085602e-04
3.725000000000000000e+01,6.629852844766573414e-05
3.727083333333332860e+01,2.971952253874430398e-05
3.729166666666666430e+01,-6.872387571635008281e-06
3.731250000000000000e+01,-4.347078138236476561e-05
3.733333333333332860e+01,-8.006922895731666983e-05
3.735416666666666430e+01,-1.166612920413453980e-04
3.737500000000000000e+01,-1.532405251763438361e-04
3.739583333333332860e+01,-1.898004768370657963e-04
3.741666666666666430e+01,-2.263346905349713719e-04
3.743750000000000000e+01,-2.628367059489791942e-04
3.745833333333332860e+01,-2.993000600343918567e-04
3.747916666666666430e+01,-3.357182881544101502e-04
3.750000000000000000e+01,-3.720849252252306423e-04
3.752083333333332860e+01,-4.083935067941376934e-04
3.754166666666666430e+01,-4.446375701806354590e-04
3.756250000000000000e+01,-4.808106555973858673e-04
3.758333333333332860e+01,-5.169063072630152977e-04
3.760416666666666430e+01,-5.529180745032769278e-04
3.762500000000000000e+01,-5.888395128800490499e-04
3.764583333333332860e+01,-6.246641852961724297e-04
3.766666666666666430e+01,-6.603856630830143726e-04
3.768750000000000000e+01,-6.959975271077357799e-04
3.770833333333332860e+01,-7.314933688716782631e-04
3.772916666666666430e+01,-7.668667916115184686e-04
3.775000000000000000e+01,-8.021114113554689935e-04
3.777083333333332860e+01,-8.372208580315705553e-04
3.779166666666666430e+01,-8.721887765163078296e-04
3.781250000000000000e+01,-9.070088277341514576e-04
3.783333333333332860e+01,-9.416746897095260201e-04
3.785416666666666430e+01,-9.761800586074713014e-04
3.787500000000000000e+01,-1.010518649814239273e-03
3.789583333333332860e+01,-1.044684198970089037e-03
3.791666666666666430e+01,-1.078670463022212258e-03
3.793750000000000000e+01,-1.112471221263869499e-03
3.795833333333332860e+01,-1.146080276359283173e-03
3.797916666666666430e+01,-1.179491455399862311e-03
3.800000000000000000e+01,-1.212698610916472476e-03
3.802083333333332860e+01,-1.245695621928357127e-03
3.804166666666666430e+01,-1.278476394975795955e-03
3.806250000000000000e+01,-1.311034865161102465e-03
3.808333333333332860e+01,-1.343364997176558660e-03
3.810416666666666430e+01,-1.375460786386597124e-03
3.812500000000000000e+01,-1.407316259890388109e-03
3.814583333333332860e+01,-1.438925477573482466e-03
3.816666666666666430e+01,-1.470282533252340994e-03
3.818750000000000000e+01,-1.501381555769502234e-03
3.820833333333332860e+01,-1.532216710176742590e-03
3.822916666666666430e+01,-1.562782198909760598e-03
3.825000000000000000e+01,-1.593072263032206323e-03
3.827083333333332860e+01,-1.623081183520363579e-03
3.829166666666666430e+01,-1.652803282614318664e-03
3.831250000000000000e+01,-1.682232925233691180e-03
3.833333333333332860e+01,-1.711364520464311563e-03
3.835416666666666430e+01,-1.740192523146657285e-03
3.837500000000000000e+01,-1.768711435552704865e-03
3.839583333333332860e+01,-1.796915809224358153e-03
3.841666666666666430e+01,-1.824800246856207253e-03
3.843750000000000000e+01,-1.852359404394314946e-03
3.845833333333332860e+01,-1.879587993278584437e-03
3.847916666666666430e+01,-1.906480782846657184e-03
3.850000000000000000e+01,-1.933032602942794760e-03
3.852083333333332860e+01,-1.959238346729485266e-03
3.854166666666666430e+01,-1.985092973722587303e-03
3.856250000000000000e+01,-2.010591513093909315e-03
3.858333333333332860e+01,-2.035729067174838185e-03
3.860416666666666430e+01,-2.060500815291743670e-03
3.862500000000000000e+01,-2.084902017849110667e-03
3.864583333333332860e+01,-2.108928020675007644e-03
3.866666666666666430e+01,-2.132574259686317950e-03
3.868750000000000000e+01,-2.155836265832971905e-03
3.870833333333332860e+01,-2.178709670312529035e-03
3.872916666666666430e+01,-2.201190210025398553e-03
3.875000000000000000e+01,-2.223273733264200663e-03
3.877083333333332860e+01,-2.244956205631149469e-03
3.879166666666666430e+01,-2.266233716062696427e-03
3.881250000000000000e+01,-2.287102482935112965e-03
3.883333333333332860e+01,-2.307558860220212688e-03
3.885416666666666430e+01,-2.327599343563467680e-03
3.887500000000000000e+01,-2.347220576179517414e-03
3.889583333333332860e+01,-2.366419354453463356e-03
3.891666666666666430e+01,-2.385192633207943065e-03
3.893750000000000000e+01,-2.403537530404689215e-03
3.895833333333332860e+01,-2.421451331179108688e-03
3.897916666666666430e+01,-2.438931491076510270e-03
3.900000000000000000e+01,-2.455975638375702992e-03
3.902083333333332860e+01,-2.472581575352616415e-03
3.904166666666666430e+01,-2.488747278308157691e-03
3.906250000000000000e+01,-2.504470896354298471e-03
3.908333333333332860e+01,-2.519750748818735606e-03
3.910416666666666430e+01,-2.534585321232373390e-03
3.912500000000000000e+01,-2.548973259904864074e-03
3.914583333333332860e+01,-2.562913365067060346e-03
3.916666666666666430e+01,-2.576404582667120302e-03
3.918750000000000000e+01,-2.589445994954071937e-03
3.920833333333332860e+01,-2.602036809932882760e-03
3.922916666666666430e+01,-2.614176349934630057e-03
3.925000000000000000e+01,-2.625864039478055263e-03
3.927083333333332860e+01,-2.637099392706500518e-03
3.929166666666666430e+01,-2.647882000613452705e-03
3.931250000000000000e+01,-2.658211518415174238e-03
3.933333333333332860e+01,-2.668087653249133148e-03
3.935416666666666430e+01,-2.677510152517781523e-03
3.937500000000000000e+01,-2.686478793113857965e-03
3.939583333333332860e+01,-2.694993371727016484e-03
3.941666666666666430e+01,-2.703053696392620619e-03
3.943750000000000000e+01,-2.710659579400431524e-03
3.945833333333332860e+01,-2.717810831687563194e-03
3.947916666666666430e+01,-2.724507258688557264e-03
3.950000000000000000e+01,-2.730748657593246205e-03
3.952083333333332860e+01,-2.736534816056231806e-03
3.954166666666666430e+01,-2.741865512144114891e-03
3.956250000000000000e+01,-2.746740515458811170e-03
3.958333333333332860e+01,-2.751159589209124182e-03
3.960416666666666430e+01,-2.755122493116835599e-03
3.962500000000000000e+01,-2.758628986998582638e-03
3.964583333333332860e+01,-2.761678834787464464e-03
3.966666666666666430e+01,-2.764271808890100303e-03
3.968750000000000000e+01,-2.766407694733225182e-03
3.970833333333332860e+01,-2.768086295320803299e-03
3.972916666666666430e+01,-2.769307435785095441e-03
3.975000000000000000e+01,-2.770070967823667907e-03
3.977083333333332860e+01,-2.770376773917822364e-03
3.979166666666666430e+01,-2.770224771345779734e-03
3.981250000000000000e+01,-2.769614915974609633e-03
3.983333333333332860e+01,-2.768547205817895821e-03
3.985416666666666430e+01,-2.767021684305523855e-03
3.987500000000000000e+01,-2.765038443393784840e-03
3.989583333333332860e+01,-2.762597626396749891e-03
3.991666666666666430e+01,-2.759699430648159500e-03
3.993750000000000000e+01,-2.756344109972090877e-03
3.995833333333332860e+01,-2.752531976955731492e-03
3.997916666666666430e+01,-2.748263405094780558e-03
4.000000000000000000e+01,-2.743538830736869279e-03
4.002083333333332860e+01,-2.738358754844758079e-03
4.004166666666666430e+01,-2.732723744664914203e-03
4.006250000000000000e+01,-2.726634435208990723e-03
4.008333333333332860e+01,-2.720091530565049362e-03
4.010416666666666430e+01,-2.713095805038759616e-03
4.012500000000000000e+01,-2.705648104211115599e-03
4.014583333333332860e+01,-2.697749345812417484e-03
4.016666666666666430e+01,-2.689400520432246554e-03
4.018750000000000000e+01,-2.680602692134074257e-03
4.020833333333332860e+01,-2.671356998953447470e-03
4.022916666666666430e+01,-2.661664653303297962e-03
4.025000000000000000e+01,-2.651526942250041416e-03
4.027083333333332860e+01,-2.640945227723326752e-03
4.029166666666666430e+01,-2.629920946672918008e-03
4.031250000000000000e+01,-2.618455611164169621e-03
4.033333333333332860e+01,-2.606550808423104947e-03
4.035416666666666430e+01,-2.594208200811944521e-03
4.037500000000000000e+01,-2.581429525829698462e-03
4.039583333333332860e+01,-2.568216596049432802e-03
4.041666666666666430e+01,-2.554571299005505090e-03
4.043750000000000000e+01,-2.540495597100582339e-03
4.045833333333332860e+01,-2.525991527476805290e-03
4.047916666666666430e+01,-2.511061201848642597e-03
4.050000000000000000e+01,-2.495706806309841690e-03
4.052083333333332860e+01,-2.479930601160805145e-03
4.054166666666666430e+01,-2.463734920640971420e-03
4.056250000000000000e+01,-2.447122172701649348e-03
4.058333333333332860e+01,-2.430094838721157027e-03
4.060416666666666430e+01,-2.412655473210836930e-03
4.062500000000000000e+01,-2.394806703499459399e-03
4.064583333333332860e+01,-2.376551229368185653e-03
4.066666666666666430e+01,-2.357891822737722114e-03
4.068750000000000000e+01,-2.338831327272594424e-03
4.070833333333332860e+01,-2.319372657998517752e-03
4.072916666666666430e+01,-2.299518800910950369e-03
4.075000000000000000e+01,-2.279272812553726716e-03
4.077083333333332860e+01,-2.258637819620211949e-03
4.079166666666666430e+01,-2.237617018525361705e-03
4.081250000000000000e+01,-2.216213674954180517e-03
4.083333333333332860e+01,-2.194431123421957276e-03
4.085416666666666430e+01,-2.172272766829109591e-03
4.087500000000000000e+01,-2.149742076000436906e-03
4.089583333333332860e+01,-2.126842589194315614e-03
4.091666666666666430e+01,-2.103577911642769659e-03
4.093750000000000000e+01,-2.079951715050810251e-03
4.095833333333332860e+01,-2.055967737083460364e-03
4.097916666666666430e+01,-2.031629780851941340e-03
4.100000000000000000e+01,-2.006941714398428802e-03
4.102083333333332860e+01,-1.981907470156002004e-03
4.104166666666666430e+01,-1.956531044387829418e-03
4.106250000000000000e+01,-1.930816496624335535e-03
4.108333333333332860e+01,-1.904767949081343599e-03
4.110416666666666430e+01,-1.878389586100510629e-03
4.112500000000000000e+01,-1.851685653551910773e-03
4.114583333333332860e+01,-1.824660458187205925e-03
4.116666666666666430e+01,-1.797318367045801528e-03
4.118750000000000000e+01,-1.769663806831399530e-03
4.120833333333332860e+01,-1.741701263275304782e-03
4.122916666666666430e+01,-1.713435280466479816e-03
4.125000000000000000e+01,-1.684870460199335224e-03
4.127083333333332860e+01,-1.656011461299439387e-03
4.129166666666666430e+01,-1.626862998941154374e-03
4.131250000000000000e+01,-1.597429843971546332e-03
4.133333333333332860e+01,-1.567716822185060300e-03
4.135416666666666430e+01,-1.537728813594652728e-03
4.137500000000000000e+01,-1.507470751739530988e-03
4.139583333333332860e+01,-1.476947622937063850e-03
4.141666666666666430e+01,-1.446164465504805492e-03
4.143750000000000000e+01,-1.415126369035139093e-03
4.145833333333332860e+01,-1.383838473601285658e-03
4.147916666666666430e+01,-1.352305968985359009e-03
4.150000000000000000e+01,-1.320534093865682965e-03
4.152083333333332860e+01,-1.288528135035526970e-03
4.154166666666666430e+01,-1.256293426558665900e-03
4.156250000000000000e+01,-1.223835348955815139e-03
4.158333333333332860e+01,-1.191159328373048382e-03
4.160416666666666430e+01,-1.158270835708057316e-03
4.162500000000000000e+01,-1.125175385763133636e-03
4.164583333333332860e+01,-1.091878536373244333e-03
4.166666666666666430e+01,-1.058385887533581579e-03
4.168750000000000000e+01,-1.024703080492609612e-03
4.170833333333332860e+01,-9.908357968354507272e-04
4.172916666666666430e+01,-9.567897576029314429e-04
4.175000000000000000e+01,-9.225707223797339910e-04
4.177083333333332860e+01,-8.881844883094217394e-04
4.179166666666666430e+01,-8.536368891896020054e-04
4.181250000000000000e+01,-8.189337945047512560e-04
4.183333333333332860e+01,-7.840811084928742472e-04
4.185416666666666430e+01,-7.490847691521401036e-04
4.187500000000000000e+01,-7.139507472556859110e-04
4.189583333333332860e+01,-6.786850453665831551e-04
4.191666666666666430e+01,-6.432936968631258745e-04
4.193750000000000000e+01,-6.077827649230497760e-04
4.195833333333332860e+01,-5.721583414840927589e-04
4.197916666666666430e+01,-5.364265462513845154e-04
4.200000000000000000e+01,-5.005935256646892092e-04
4.202083333333332860e+01,-4.646654518525970162e-04
4.204166666666666430e+01,-4.286485215899533095e-04
4.206250000000000000e+01,-3.925489552502469011e-04
4.208333333333332860e+01,-3.563729957486202050e-04
4.210416666666666430e+01,-3.201269074845538155e-04
4.212500000000000000e+01,-2.838169752373960963e-04
4.214583333333332860e+01,-2.474495031235606174e-04
4.216666666666666430e+01,-2.110308135282544907e-04
4.218750000000000000e+01,-1.745672459738968878e-04
4.220833333333332860e+01,-1.380651560591846590e-04
4.222916666666666430e+01,-1.015309143430900911e-04
4.225000000000000000e+01,-6.497090526833446621e-05
4.227083333333332860e+01,-2.839152603813526840e-05
4.229166666666666430e+01,8.200814487879125374e-06
4.231250000000000000e+01,4.479969689428040414e-05
4.233333333333332860e+01,8.139869234028793295e-05
4.235416666666666430e+01,1.179913636695571175e-04
4.237500000000000000e+01,1.545712665261695913e-04
4.239583333333332860e+01,1.911319504740279982e-04
4.241666666666666430e+01,2.276669601153798444e-04
4.243750000000000000e+01,2.641698362226932743e-04
4.245833333333332860e+01,3.006341168559017269e-04
4.247916666666666430e+01,3.370533384802410957e-04
4.250000000000000000e+01,3.734210370827841918e-04
4.252083333333332860e+01,4.097307493009400025e-04
4.254166666666666430e+01,4.459760135532162754e-04
4.256250000000000000e+01,4.821503711404193787e-04
4.258333333333332860e+01,5.182473673533556343e-04
4.260416666666666430e+01,5.542605525903478245e-04
4.262500000000000000e+01,5.901834834782490645e-04
4.264583333333332860e+01,6.260097239776520961e-04
4.266666666666666430e+01,6.617328464621975888e-04
4.268750000000000000e+01,6.973464328150369039e-04
4.270833333333332860e+01,7.328440755597539482e-04
4.272916666666666430e+01,7.682193789156756356e-04
4.275000000000000000e+01,8.034659598693148427e-04
4.277083333333332860e+01,8.385774492702116004e-04
4.279166666666666430e+01,8.735474928981657675e-04
4.281250000000000000e+01,9.083697525339199611e-04
4.283333333333332860e+01,9.430379069896271515e-04
4.285416666666666430e+01,9.775456531783657983e-04
4.287500000000000000e+01,1.011886707175372333e-03
4.289583333333332860e+01,1.046054805223662742e-03
4.291666666666666430e+01,1.080043704793977885e-03
4.293750000000000000e+01,1.113847185606500929e-03
4.295833333333332860e+01,1.147459050653186485e-03
4.297916666666666430e+01,1.180873127225729119e-03
4.300000000000000000e+01,1.214083267910537420e-03
4.302083333333332860e+01,1.247083351636880380e-03
4.304166666666666430e+01,1.279867284693295701e-03
4.306250000000000000e+01,1.312429001723343196e-03
4.308333333333332860e+01,1.344762466759405429e-03
4.310416666666666430e+01,1.376861674256575326e-03
4.312500000000000000e+01,1.408720650154025259e-03
4.314583333333332860e+01,1.440333452897876992e-03
4.316666666666666430e+01,1.471694174521106938e-03
4.318750000000000000e+01,1.502796941745887472e-03
4.320833333333332860e+01,1.533635917124846759e-03
4.322916666666666430e+01,1.564205300176160123e-03
4.325000000000000000e+01,1.594499328571011201e-03
4.327083333333332860e+01,1.624512279410550084e-03
4.329166666666666430e+01,1.654238470504217767e-03
4.331250000000000000e+01,1.683672261765351138e-03
4.333333333333332860e+01,1.712808056647953164e-03
4.335416666666666430e+01,1.741640303664369937e-03
4.337500000000000000e+01,1.770163498062682621e-03
4.339583333333332860e+01,1.798372183554946321e-03
4.341666666666666430e+01,1.826260954206486735e-03
4.343750000000000000e+01,1.853824456460842875e-03
4.345833333333332860e+01,1.881057391347204207e-03
4.347916666666666430e+01,1.907954516844152662e-03
4.350000000000000000e+01,1.934510650461589935e-03
4.352083333333332860e+01,1.960720671989606319e-03
4.354166666666666430e+01,1.986579526564220648e-03
4.356250000000000000e+01,2.012082227909872505e-03
4.358333333333332860e+01,2.037223861888451133e-03
4.360416666666666430e+01,2.061999590316409160e-03
4.362500000000000000e+01,2.086404655090533071e-03
4.364583333333332860e+01,2.110434382596101943e-03
4.366666666666666430e+01,2.134084188445511433e-03
4.368750000000000000e+01,2.157349582507257519e-03
4.370833333333332860e+01,2.180226174251378903e-03
4.372916666666666430e+01,2.202709678363614591e-03
4.375000000000000000e+01,2.224795920638599975e-03
4.377083333333332860e+01,2.246480844065365697e-03
4.379166666666666430e+01,2.267760515148349067e-03
4.381250000000000000e+01,2.288631130306508811e-03
4.383333333333332860e+01,2.309089022293743087e-03
4.385416666666666430e+01,2.329130666629401422e-03
4.387500000000000000e+01,2.348752687885104305e-03
4.389583333333332860e+01,2.367951865680581122e-03
4.391666666666666430e+01,2.386725140304108740e-03
4.393750000000000000e+01,2.405069617802516740e-03
4.395833333333332860e+01,2.422982574458094548e-03
4.397916666666666430e+01,2.440461460357837460e-03
4.400000000000000000e+01,2.457503902043223307e-03
4.402083333333332860e+01,2.474107704070224994e-03
4.404166666666666430e+01,2.490270849260290287e-03
4.406250000000000000e+01,2.505991497633583160e-03
4.408333333333332860e+01,2.521267983893296909e-03
4.410416666666666430e+01,2.536098813372746411e-03
4.412500000000000000e+01,2.550482656470801513e-03
4.414583333333332860e+01,2.564418341554075987e-03
4.416666666666666430e+01,2.577904846411527024e-03
4.418750000000000000e+01,2.590941288392158495e-03
4.420833333333332860e+01,2.603526913305002476e-03
4.422916666666666430e+01,2.615661083353443099e-03
4.425000000000000000e+01,2.627343264325376123e-03
4.427083333333332860e+01,2.638573012265763018e-03
4.429166666666666430e+01,2.649349959990042382e-03
4.431250000000000000e+01,2.659673803664672990e-03
4.433333333333332860e+01,2.669544289801237518e-03
4.435416666666666430e+01,2.678961202947064638e-03
4.437500000000000000e+01,2.687924354308265408e-03
4.439583333333332860e+01,2.696433571556481213e-03
4.441666666666666430e+01,2.704488689994135730e-03
4.443750000000000000e+01,2.712089545202477341e-03
4.445833333333332860e+01,2.719235967269059088e-03
4.447916666666666430e+01,2.725927776601744668e-03
4.450000000000000000e+01,2.732164781300167825e-03
4.452083333333332860e+01,2.737946776007440814e-03
4.454166666666666430e+01,2.743273542139000858e-03
4.456250000000000000e+01,2.748144849314341619e-03
4.458333333333332860e+01,2.752560457839908596e-03
4.460416666666666430e+01,2.756520121992382926e-03
4.462500000000000000e+01,2.760023594027019751e-03
4.464583333333332860e+01,2.763070628617037613e-03
4.466666666666666430e+01,2.765660987564489467e-03
4.468750000000000000e+01,2.767794444722940402e-03
4.470833333333332860e+01,2.769470790903780406e-03
4.472916666666666430e+01,2.770689838664075044e-03
4.475000000000000000e+01,2.771451426950051564e-03
4.477083333333332860e+01,2.771755425548575857e-03
4.479166666666666430e+01,2.771601739248711997e-03
4.481250000000000000e+01,2.770990311711199472e-03
4.483333333333332860e+01,2.769921129105321761e-03
4.485416666666666430e+01,2.768394223483023296e-03
4.487500000000000000e+01,2.766409675879316545e-03
4.489583333333332860e+01,2.763967619188402360e-03
4.491666666666666430e+01,2.761068240857571937e-03
4.493750000000000000e+01,2.757711785356339353e-03
4.495833333333332860e+01,2.753898556469960672e-03
4.497916666666666430e+01,2.749628919419584792e-03
4.500000000000000000e+01,2.744903302838034524e-03
4.502083333333332860e+01,2.739722200569187985e-03
4.504166666666666430e+01,2.734086173284922157e-03
4.506250000000000000e+01,2.727995849974830089e-03
4.508333333333332860e+01,2.721451929255342544e-03
4.510416666666666430e+01,2.714455180537355197e-03
4.512500000000000000e+01,2.707006445018679541e-03
4.514583333333332860e+01,2.699106636536831218e-03
4.516666666666666430e+01,2.690756742290342351e-03
4.518750000000000000e+01,2.681957823403165967e-03
4.520833333333332860e+01,2.672711015404868277e-03
4.522916666666666430e+01,2.663017528555621741e-03
4.525000000000000000e+01,2.652878648143681094e-03
4.527083333333332860e+01,2.642295734632120127e-03
4.529166666666666430e+01,2.631270223785443958e-03
4.531250000000000000e+01,2.619803626753174509e-03
4.533333333333332860e+01,2.607897530037845725e-03
4.535416666666666430e+01,2.595553595509848040e-03
4.537500000000000000e+01,2.582773560334377869e-03
4.539583333333332860e+01,2.569559236914408136e-03
4.541666666666666430e+01,2.555912512768591938e-03
4.543750000000000000e+01,2.541835350415518318e-03
4.545833333333332860e+01,2.527329787214515830e-03
4.547916666666666430e+01,2.512397935210355752e-03
4.550000000000000000e+01,2.497041980969967340e-03
4.552083333333332860e+01,2.481264185309167269e-03
4.554166666666666430e+01,2.465066883083404277e-03
4.556250000000000000e+01,2.448452482960357737e-03
4.558333333333332860e+01,2.431423467081823137e-03
4.560416666666666430e+01,2.413982390789372063e-03
4.562500000000000000e+01,2.396131882284548067e-03
4.564583333333332860e+01,2.377874642287200295e-03
4.566666666666666430e+01,2.359213443680461923e-03
4.568750000000000000e+01,2.340151131121708927e-03
4.570833333333332860e+01,2.320690620655306916e-03
4.572916666666666430e+01,2.300834899297512625e-03
4.575000000000000000e+01,2.280587024640273047e-03
4.577083333333332860e+01,2.259950124424944459e-03
4.579166666666666430e+01,2.238927396106221105e-03
4.581250000000000000e+01,2.217522106410315004e-03
4.583333333333332860e+01,2.195737590906984924e-03
4.585416666666666430e+01,2.173577253518381956e-03
4.587500000000000000e+01,2.151044566093139338e-03
4.589583333333332860e+01,2.128143067922090136e-03
4.591666666666666430e+01,2.104876365242913053e-03
4.593750000000000000e+01,2.081248130749120684e-03
4.595833333333332860e+01,2.057262103090390197e-03
4.597916666666666430e+01,2.032922086373532399e-03
4.600000000000000000e+01,2.008231949599082605e-03
4.602083333333332860e+01,1.983195626151294105e-03
4.604166666666666430e+01,1.957817113224977288e-03
4.606250000000000000e+01,1.932100471281868962e-03
4.608333333333332860e+01,1.906049823461530021e-03
4.610416666666666430e+01,1.879669354994967061e-03
4.612500000000000000e+01,1.852963312607298343e-03
4.614583333333332860e+01,1.825936003929373545e-03
4.616666666666666430e+01,1.798591796853035588e-03
4.618750000000000000e+01,1.770935118898758417e-03
4.620833333333332860e+01,1.742970456593761000e-03
4.622916666666666430e+01,1.714702354824615459e-03
4.625000000000000000e+01,1.686135416153636355e-03
4.627083333333332860e+01,1.657274300159765779e-03
4.629166666666666430e+01,1.628123722753029067e-03
4.631250000000000000e+01,1.598688455486770282e-03
4.633333333333332860e+01,1.568973324859657820e-03
4.635416666666666430e+01,1.538983211574364209e-03
4.637500000000000000e+01,1.508723049823608355e-03
4.639583333333332860e+01,1.478197826569087802e-03
4.641666666666666430e+01,1.447412580775947651e-03
4.643750000000000000e+01,1.416372402649847652e-03
4.645833333333332860e+01,1.385082432864887967e-03
4.647916666666666430e+01,1.353547861787464824e-03
4.650000000000000000e+01,1.321773928668904625e-03
4.652083333333332860e+01,1.289765920857753123e-03
4.654166666666666430e+01,1.257529172967817872e-03
4.656250000000000000e+01,1.225069066057217926e-03
4.658333333333332860e+01,1.192391026770785786e-03
4.660416666666666430e+01,1.159500526503283620e-03
4.662500000000000000e+01,1.126403080560510082e-03
4.664583333333332860e+01,1.093104247253909745e-03
4.666666666666666430e+01,1.059609627031879962e-03
4.668750000000000000e+01,1.025924861577839128e-03
4.670833333333332860e+01,9.920556329371700566e-04
4.672916666666666430e+01,9.580076625870572469e-04
4.675000000000000000e+01,9.237867105016137146e-04
4.677083333333332860e+01,8.893985742238051271e-04
4.679166666666666430e+01,8.548490879491957512e-04
4.681250000000000000e+01,8.201441215591433664e-04
4.683333333333332860e+01,7.852895796582937994e-04
4.685416666666666430e+01,7.502914005948495453e-04
4.687500000000000000e+01,7.151555554916470174e-04
4.689583333333332860e+01,6.798880472632574555e-04
4.691666666666666430e+01,6.444949096344948026e-04
4.693750000000000000e+01,6.089822060878273503e-04
4.695833333333332860e+01,5.733560288864735259e-04
4.697916666666666430e+01,5.376224980449037906e-04
4.700000000000000000e+01,5.017877603098922596e-04
4.702083333333332860e+01,4.658579880953027039e-04
4.704166666666666430e+01,4.298393784644425134e-04
4.706250000000000000e+01,3.937381520792541142e-04
4.708333333333332860e+01,3.575605521245760784e-04
4.710416666666666430e+01,3.213128432532824977e-04
4.712500000000000000e+01,2.850013105137130538e-04
4.714583333333332860e+01,2.486322582913113406e-04
4.716666666666666430e+01,2.122120092094105038e-04
4.718750000000000000e+01,1.757469030246526748e-04
4.720833333333332860e+01,1.392432955739253831e-04
4.722916666666666430e+01,1.027075576636001983e-04
4.725000000000000000e+01,6.614607395609675331e-05
4.727083333333332860e+01,2.956524187814016610e-05
4.729166666666666430e+01,-7.028529489655180254e-06
4.731250000000000000e+01,-4.362882052506253009e-05
4.733333333333332860e+01,-8.022920217628494389e-05
4.735416666666666430e+01,-1.168232370798061477e-04
4.737500000000000000e+01,-1.534044806798208949e-04
4.739583333333332860e+01,-1.899664823449809497e-04
4.741666666666666430e+01,-2.265027864813758552e-04
4.743750000000000000e+01,-2.630069336807180089e-04
4.745833333333332860e+01,-2.994724618152226278e-04
4.747916666666666430e+01,-3.358929071631700110e-04
4.750000000000000000e+01,-3.722618055464521668e-04
4.752083333333332860e+01,-4.085726934483842224e-04
4.754166666666666430e+01,-4.448191091092175355e-04
4.756250000000000000e+01,-4.809945936627772994e-04
4.758333333333332860e+01,-5.170926922574409614e-04
4.760416666666666430e+01,-5.531069551497111002e-04
4.762500000000000000e+01,-5.890309388302036181e-04
4.764583333333332860e+01,-6.248582071217630455e-04
4.766666666666666430e+01,-6.605823322756486718e-04
4.768750000000000000e+01,-6.961968960720102666e-04
4.770833333333332860e+01,-7.316954909308520487e-04
4.772916666666666430e+01,-7.670717209743603202e-04
4.775000000000000000e+01,-8.023192031190220499e-04
4.777083333333332860e+01,-8.374315681552368593e-04
4.779166666666666430e+01,-8.724024618184977094e-04
4.781250000000000000e+01,-9.072255458503037610e-04
4.783333333333332860e+01,-9.418944990654223208e-04
4.785416666666666430e+01,-9.764030183976325208e-04
4.787500000000000000e+01,-1.010744819939286658e-03
4.789583333333332860e+01,-1.044913640027511420e-03
4.791666666666666430e+01,-1.078903236219678563e-03
4.793750000000000000e+01,-1.112707388371843688e-03
4.795833333333332860e+01,-1.146319899645896001e-03
4.797916666666666430e+01,-1.179734597533583802e-03
4.800000000000000000e+01,-1.212945334899768286e-03
4.802083333333332860e+01,-1.245945990987418249e-03
4.804166666666666430e+01,-1.278730472435170252e-03
4.806250000000000000e+01,-1.311292714322059762e-03
4.808333333333332860e+01,-1.343626681188004116e-03
4.810416666666666430e+01,-1.375726368064655435e-03
4.812500000000000000e+01,-1.407585801541751417e-03
4.814583333333332860e+01,-1.439199040814596875e-03
4.816666666666666430e+01,-1.470560178763040925e-03
4.818750000000000000e+01,-1.501663343074468443e-03
4.820833333333332860e+01,-1.532502697373204579e-03
4.822916666666666430e+01,-1.563072442368727138e-03
4.825000000000000000e+01,-1.593366817082488614e-03
4.827083333333332860e+01,-1.623380100098656799e-03
4.829166666666666430e+01,-1.653106610879819059e-03
4.831250000000000000e+01,-1.682540711166403274e-03
4.833333333333332860e+01,-1.711676806411077103e-03
4.835416666666666430e+01,-1.740509347339024406e-03
4.837500000000000000e+01,-1.769032831607765749e-03
4.839583333333332860e+01,-1.797241805561803881e-03
4.841666666666666430e+01,-1.825130866142111270e-03
4.843750000000000000e+01,-1.852694662908802286e-03
4.845833333333332860e+01,-1.879927900259142394e-03
4.847916666666666430e+01,-1.906825339801732121e-03
4.850000000000000000e+01,-1.933381802938218159e-03
4.852083333333332860e+01,-1.959592173654337455e-03
4.854166666666666430e+01,-1.985451401538238479e-03
4.856250000000000000e+01,-2.010954505045218881e-03
4.858333333333332860e+01,-2.036096575048567184e-03
4.860416666666666430e+01,-2.060872778633218716e-03
4.862500000000000000e+01,-2.085278363214127482e-03
4.864583333333332860e+01,-2.109308660915712192e-03
4.866666666666666430e+01,-2.132959093302565570e-03
4.868750000000000000e+01,-2.156225176355162573e-03
4.870833333333332860e+01,-2.179102525784188792e-03
4.872916666666666430e+01,-2.201586862588143876e-03
4.875000000000000000e+01,-2.223674018883182914e-03
4.877083333333332860e+01,-2.245359943937879407e-03
4.879166666666666430e+01,-2.266640710401602882e-03
4.881250000000000000e+01,-2.287512520592004193e-03
4.883333333333332860e+01,-2.307971712882612991e-03
4.885416666666666430e+01,-2.328014768014353714e-03
4.887500000000000000e+01,-2.347638315223767643e-03
4.889583333333332860e+01,-2.366839138160623489e-03
4.891666666666666430e+01,-2.385614180422802877e-03
4.893750000000000000e+01,-2.403960550519480387e-03
4.895833333333332860e+01,-2.421875526208702462e-03
4.897916666666666430e+01,-2.439356558012160080e-03
4.900000000000000000e+01,-2.456401271766224092e-03
4.902083333333332860e+01,-2.473007470093708474e-03
4.904166666666666430e+01,-2.489173132631884982e-03
4.906250000000000000e+01,-2.504896414921665548e-03
4.908333333333332860e+01,-2.520175645899432829e-03
4.910416666666666430e+01,-2.535009323867707786e-03
4.912500000000000000e+01,-2.549396110995787428e-03
4.914583333333332860e+01,-2.563334826313170677e-03
4.916666666666666430e+01,-2.576824437292451510e-03
4.918750000000000000e+01,-2.589864050113112760e-03
4.920833333333332860e+01,-2.602452898771751358e-03
4.922916666666666430e+01,-2.614590333202027137e-03
4.925000000000000000e+01,-2.626275806649051772e-03
4.927083333333332860e+01,-2.637508862620793586e-03
4.929166666666666430e+01,-2.648289121595882954e-03
4.931250000000000000e+01,-2.658616267805238419e-03
4.933333333333332860e+01,-2.668490036451932543e-03
4.935416666666666430e+01,-2.677910201601420813e-03
4.937500000000000000e+01,-2.686876564938697753e-03
4.939583333333332860e+01,-2.695388945702822860e-03
4.941666666666666430e+01,-2.703447171952183276e-03
4.943750000000000000e+01,-2.711051073298699488e-03
4.945833333333332860e+01,-2.718200475105591631e-03
4.947916666666666430e+01,-2.724895194327693008e-03
4.950000000000000000e+01,-2.731135036813609005e-03
4.952083333333332860e+01,-2.736919796080367409e-03
4.954166666666666430e+01,-2.742249253479066284e-03
4.956250000000000000e+01,-2.747123179505002628e-03
4.958333333333332860e+01,-2.751541336096119828e-03
4.960416666666666430e+01,-2.755503479865114517e-03
4.962500000000000000e+01,-2.759009365958848495e-03
4.964583333333332860e+01,-2.762058752331456642e-03
4.966666666666666430e+01,-2.764651404400390693e-03
4.968750000000000000e+01,-2.766787099826570340e-03
4.970833333333332860e+01,-2.768465633330689443e-03
4.972916666666666430e+01,-2.769686821418846073e-03
4.975000000000000000e+01,-2.770450506982044710e-03
4.977083333333332860e+01,-2.770756563657059916e-03
4.979166666666666430e+01,-2.770604899957247475e-03
4.981250000000000000e+01,-2.769995463156888198e-03
4.983333333333332860e+01,-2.768928242886306047e-03
4.985416666666666430e+01,-2.767403274481275693e-03
4.987500000000000000e+01,-2.765420642082967295e-03
4.989583333333332860e+01,-2.762980481528634624e-03
4.991666666666666430e+01,-2.760082983024753685e-03
4.993750000000000000e+01,-2.756728393622286631e-03
4.995833333333332860e+01,-2.752917019511376580e-03
4.997916666666666430e+01,-2.748649228148162833e-03
5.000000000000000000e+01,-2.743925450217490382e-03
5.002083333333332860e+01,-2.738746181439317799e-03
5.004166666666666430e+01,-2.733111984198021566e-03
5.006250000000000000e+01,-2.727023489011653080e-03
5.008333333333332860e+01,-2.720481395863753524e-03
5.010416666666666430e+01,-2.713486475375849992e-03
5.012500000000000000e+01,-2.706039569801629852e-03
5.014583333333332860e+01,-2.698141593879575546e-03
5.016666666666666430e+01,-2.689793535572006667e-03
5.018750000000000000e+01,-2.680996456645624686e-03
5.020833333333332860e+01,-2.671751493150901179e-03
5.022916666666666430e+01,-2.662059855773880185e-03
5.025000000000000000e+01,-2.651922830102325553e-03
5.027083333333332860e+01,-2.641341776849904892e-03
5.029166666666666430e+01,-2.630318131953911318e-03
5.031250000000000000e+01,-2.618853406646350686e-03
5.033333333333332860e+01,-2.606949187474714904e-03
5.035416666666666430e+01,-2.594607136301457177e-03
5.037500000000000000e+01,-2.581828990255202478e-03
5.039583333333332860e+01,-2.568616561639287723e-03
5.041666666666666430e+01,-2.554971737840644117e-03
5.043750000000000000e+01,-2.540896481227436759e-03
5.045833333333332860e+01,-2.526392828997004857e-03
5.047916666666666430e+01,-2.511462892989811766e-03
5.050000000000000000e+01,-2.496108859513669360e-03
5.052083333333332860e+01,-2.480332989151995578e-03
5.054166666666666430e+01,-2.464137616519325533e-03
5.056250000000000000e+01,-2.447525149979219890e-03
5.058333333333332860e+01,-2.430498071380140200e-03
5.060416666666666430e+01,-2.413058935757164073e-03
5.062500000000000000e+01,-2.395210371011089519e-03
5.064583333333332860e+01,-2.376955077537403187e-03
5.066666666666666430e+01,-2.358295827881492362e-03
5.068750000000000000e+01,-2.339235466381680510e-03
5.070833333333332860e+01,-2.319776908761987493e-03
5.072916666666666430e+01,-2.299923141717594849e-03
5.075000000000000000e+01,-2.279677222504623152e-03
5.077083333333332860e+01,-2.259042278541401050e-03
5.079166666666666430e+01,-2.238021506982565932e-03
5.081250000000000000e+01,-2.216618174253833645e-03
5.083333333333332860e+01,-2.194835615605563069e-03
5.085416666666666430e+01,-2.172677234668228888e-03
5.087500000000000000e+01,-2.150146503005059394e-03
5.089583333333332860e+01,-2.127246959630962539e-03
5.091666666666666430e+01,-2.103982210504560732e-03
5.093750000000000000e+01,-2.080355928041646447e-03
5.095833333333332860e+01,-2.056371850642293563e-03
5.097916666666666430e+01,-2.032033782156567308e-03
5.100000000000000000e+01,-2.007345591341946119e-03
5.102083333333332860e+01,-1.982311211335334705e-03
5.104166666666666430e+01,-1.956934639098865860e-03
5.106250000000000000e+01,-1.931219934874123505e-03
5.108333333333332860e+01,-1.905171221579834116e-03
5.110416666666666430e+01,-1.878792684239288281e-03
5.112500000000000000e+01,-1.852088569385139079e-03
5.114583333333332860e+01,-1.825063184442257073e-03
5.116666666666666430e+01,-1.797720897113217744e-03
5.118750000000000000e+01,-1.770066134757408184e-03
5.120833333333332860e+01,-1.742103383727815853e-03
5.122916666666666430e+01,-1.713837188743365728e-03
5.125000000000000000e+01,-1.685272152212201422e-03
5.127083333333332860e+01,-1.656412933579968876e-03
5.129166666666666430e+01,-1.627264248626167408e-03
5.131250000000000000e+01,-1.597830868752801205e-03
5.133333333333332860e+01,-1.568117620336549221e-03
5.135416666666666430e+01,-1.538129383985520088e-03
5.137500000000000000e+01,-1.507871093779158088e-03
5.139583333333332860e+01,-1.477347736575772546e-03
5.141666666666666430e+01,-1.446564351240908763e-03
5.143750000000000000e+01,-1.415526027897693771e-03
5.145833333333332860e+01,-1.384237907145015540e-03
5.147916666666666430e+01,-1.352705179264341272e-03
5.150000000000000000e+01,-1.320933083451651018e-03
5.152083333333332860e+01,-1.288926906994384029e-03
5.154166666666666430e+01,-1.256691984453356609e-03
5.156250000000000000e+01,-1.224233696823844638e-03
5.158333333333332860e+01,-1.191557470719144859e-03
5.160416666666666430e+01,-1.158668777503695825e-03
5.162500000000000000e+01,-1.125573132440889790e-03
5.164583333333332860e+01,-1.092276093836086351e-03
5.166666666666666430e+01,-1.058783262102228583e-03
5.168750000000000000e+01,-1.025100278919384043e-03
5.170833333333332860e+01,-9.912328263238178415e-04
5.172916666666666430e+01,-9.571866257874866698e-04
5.175000000000000000e+01,-9.229674372942350173e-04
5.177083333333332860e+01,-8.885810584029101619e-04
5.179166666666666430e+01,-8.540333233119302070e-04
5.181250000000000000e+01,-8.193301019279088798e-04
5.183333333333332860e+01,-7.844772988767256729e-04
5.185416666666666430e+01,-7.494808525420252167e-04
5.187500000000000000e+01,-7.143467340822620259e-04
5.189583333333332860e+01,-6.790809464565100446e-04
5.191666666666666430e+01,-6.436895234237260434e-04
5.193750000000000000e+01,-6.081785285177912894e-04
5.195833333333332860e+01,-5.725540540601616957e-04
5.197916666666666430e+01,-5.368222201276417593e-04
5.200000000000000000e+01,-5.009891735236963583e-04
5.202083333333332860e+01,-4.650610867341371910e-04
5.204166666666666430e+01,-4.290441568926911748e-04
5.206250000000000000e+01,-3.929446047382718259e-04
5.208333333333332860e+01,-3.567686735432183611e-04
5.210416666666666430e+01,-3.205226280427532254e-04
5.212500000000000000e+01,-2.842127533818600933e-04
5.214583333333332860e+01,-2.478453540297076863e-04
5.216666666666666430e+01,-2.114267527063400380e-04
5.218750000000000000e+01,-1.749632892932679283e-04
5.220833333333332860e+01,-1.384613197274062407e-04
5.222916666666666430e+01,-1.019272149241235033e-04
5.225000000000000000e+01,-6.536735966115262558e-05
5.227083333333332860e+01,-2.878815148902942299e-05
5.229166666666666430e+01,7.804000382038203790e-06
5.231250000000000000e+01,4.440267619987019914e-05
5.233333333333332860e+01,8.100144678303356285e-05
5.235416666666666430e+01,1.175938746199776085e-04
5.237500000000000000e+01,1.541735150103807120e-04
5.239583333333332860e+01,1.907339171811692886e-04
5.241666666666666430e+01,2.272686253858705648e-04
5.243750000000000000e+01,2.637711800516698551e-04
5.245833333333332860e+01,3.002351188897997396e-04
5.247916666666666430e+01,3.366539780179213324e-04
5.250000000000000000e+01,3.730212930802562633e-04
5.252083333333332860e+01,4.093306003727440454e-04
5.254166666666666430e+01,4.455754379673257382e-04
5.256250000000000000e+01,4.817493468120901800e-04
5.258333333333332860e+01,5.178458718511552488e-04
5.260416666666666430e+01,5.538585631530641750e-04
5.262500000000000000e+01,5.897809770061395460e-04
5.264583333333332860e+01,6.256066770147717315e-04
5.266666666666666430e+01,6.613292352204116131e-04
5.268750000000000000e+01,6.969422331952369746e-04
5.270833333333332860e+01,7.324392631303743538e-04
5.272916666666666430e+01,7.678139289140460547e-04
5.275000000000000000e+01,8.030598472248462244e-04
5.277083333333332860e+01,8.381706486161491325e-04
5.279166666666666430e+01,8.731399785732332861e-04
5.281250000000000000e+01,9.079614985859339217e-04
5.283333333333332860e+01,9.426288872082540628e-04
5.285416666666666430e+01,9.771358411043669975e-04
5.287500000000000000e+01,1.011476076115844398e-03
5.289583333333332860e+01,1.045643328281584605e-03
5.291666666666666430e+01,1.079631354880340125e-03
5.293750000000000000e+01,1.113433935480356417e-03
5.295833333333332860e+01,1.147044872946696974e-03
5.297916666666666430e+01,1.180457994485258890e-03
5.300000000000000000e+01,1.213667152645535405e-03
5.302083333333332860e+01,1.246666226349806310e-03
5.304166666666666430e+01,1.279449121937709273e-03
5.306250000000000000e+01,1.312009774162010371e-03
5.308333333333332860e+01,1.344342147238562378e-03
5.310416666666666430e+01,1.376440235869983743e-03
5.312500000000000000e+01,1.408298066321897945e-03
5.314583333333332860e+01,1.439909697446366352e-03
5.316666666666666430e+01,1.471269221799982119e-03
5.318750000000000000e+01,1.502370766738556161e-03
5.320833333333332860e+01,1.533208495546196405e-03
5.322916666666666430e+01,1.563776608603892337e-03
5.325000000000000000e+01,1.594069344608836951e-03
5.327083333333332860e+01,1.624080981824291324e-03
5.329166666666666430e+01,1.653805839398992967e-03
5.331250000000000000e+01,1.683238278771229503e-03
5.333333333333332860e+01,1.712372705100920775e-03
5.335416666666666430e+01,1.741203568832893961e-03
5.337500000000000000e+01,1.769725367369342399e-03
5.339583333333332860e+01,1.797932646817888445e-03
5.341666666666666430e+01,1.825820003902525355e-03
5.343750000000000000e+01,1.853382087999175211e-03
5.345833333333332860e+01,1.880613603348193401e-03
5.347916666666666430e+01,1.907509311442004071e-03
5.350000000000000000e+01,1.934064033614498650e-03
5.352083333333332860e+01,1.960272653819808072e-03
5.354166666666666430e+01,1.986130121656354709e-03
5.356250000000000000e+01,2.011631455670192820e-03
5.358333333333332860e+01,2.036771746883402501e-03
5.360416666666666430e+01,2.061546162575679086e-03
5.362500000000000000e+01,2.085949950439804686e-03
5.364583333333332860e+01,2.109978442983939662e-03
5.366666666666666430e+01,2.133627062203664881e-03
5.368750000000000000e+01,2.156891324617306316e-03
5.370833333333332860e+01,2.179766846550025040e-03
5.372916666666666430e+01,2.202249349718953322e-03
5.375000000000000000e+01,2.224334667051556039e-03
5.377083333333332860e+01,2.246018748735253718e-03
5.379166666666666430e+01,2.267297668423022810e-03
5.381250000000000000e+01,2.288167629537732513e-03
5.383333333333332860e+01,2.308624971633955591e-03
5.385416666666666430e+01,2.328666176712385679e-03
5.387500000000000000e+01,2.348287875367200284e-03
5.389583333333332860e+01,2.367486852657495634e-03
5.391666666666666430e+01,2.386260053621347670e-03
5.393750000000000000e+01,2.404604588251362408e-03
5.395833333333332860e+01,2.422517735818224827e-03
5.397916666666666430e+01,2.439996948318995645e-03
5.400000000000000000e+01,2.457039853051120465e-03
5.402083333333332860e+01,2.473644254039648362e-03
5.404166666666666430e+01,2.489808132249517365e-03
5.406250000000000000e+01,2.505529644452990801e-03
5.408333333333332860e+01,2.520807120668570531e-03
5.410416666666666430e+01,2.535639060144251247e-03
5.412500000000000000e+01,2.550024125819239703e-03
5.414583333333332860e+01,2.563961137312066683e-03
5.416666666666666430e+01,2.577449062469421882e-03
5.418750000000000000e+01,2.590487007629488012e-03
5.420833333333332860e+01,2.603074206732885511e-03
5.422916666666666430e+01,2.615210009442222368e-03
5.425000000000000000e+01,2.626893868523988776e-03
5.427083333333332860e+01,2.638125326803924045e-03
5.429166666666666430e+01,2.648904003869406200e-03
5.431250000000000000e+01,2.659229582928805419e-03
5.433333333333332860e+01,2.669101798026240254e-03
5.435416666666666430e+01,2.678520421929361447e-03
5.437500000000000000e+01,2.687485254964221051e-03
5.439583333333332860e+01,2.695996114963255912e-03
5.441666666666666430e+01,2.704052828566137334e-03
5.443750000000000000e+01,2.711655223967204039e-03
5.445833333333332860e+01,2.718803125162883201e-03
5.447916666666666430e+01,2.725496347785779771e-03
5.450000000000000000e+01,2.731734696466694198e-03
5.452083333333332860e+01,2.737517963625193604e-03
5.454166666666666430e+01,2.742845929601094718e-03
5.456250000000000000e+01,2.747718363981391156e-03
5.458333333333332860e+01,2.752135027968827079e-03
5.460416666666666430e+01,2.756095677565985162e-03
5.462500000000000000e+01,2.759600067390054982e-03
5.464583333333332860e+01,2.762647955012762901e-03
5.466666666666666430e+01,2.765239105574293730e-03
5.468750000000000000e+01,2.767373296566268560e-03
5.470833333333332860e+01,2.769050322608453737e-03
5.472916666666666430e+01,2.770270000188298186e-03
5.475000000000000000e+01,2.771032172253946879e-03
5.477083333333332860e+01,2.771336712569222923e-03
5.479166666666666430e+01,2.771183529806212770e-03
5.481250000000000000e+01,2.770572571432759409e-03
5.483333333333332860e+01,2.769503827307774353e-03
5.485416666666666430e+01,2.767977333036986034e-03
5.487500000000000000e+01,2.765993173057583465e-03
5.489583333333332860e+01,2.763551483500802271e-03
5.491666666666666430e+01,2.760652454886404743e-03
5.493750000000000000e+01,2.757296334591157090e-03
5.495833333333332860e+01,2.753483429146462436e-03
5.497916666666666430e+01,2.749214106346053749e-03
5.500000000000000000e+01,2.744488797208408451e-03
5.502083333333332860e+01,2.739307997798640440e-03
5.504166666666666430e+01,2.733672270833531742e-03
5.506250000000000000e+01,2.727582247164163799e-03
5.508333333333332860e+01,2.721038627107156844e-03
5.510416666666666430e+01,2.714042181595220909e-03
5.512500000000000000e+01,2.706593753186172045e-03
5.514583333333332860e+01,2.698694256912253370e-03
5.516666666666666430e+01,2.690344681016173037e-03
5.518750000000000000e+01,2.681546087542078984e-03
5.520833333333332860e+01,2.672299612785182781e-03
5.522916666666666430e+01,2.662606467657549925e-03
5.525000000000000000e+01,2.652467937994341420e-03
5.527083333333332860e+01,2.641885384711109390e-03
5.529166666666666430e+01,2.630860243941745332e-03
5.531250000000000000e+01,2.619394027086686776e-03
5.533333333333332860e+01,2.607488320868097970e-03
5.535416666666666430e+01,2.595144787314946494e-03
5.537500000000000000e+01,2.582365163699937381e-03
5.539583333333332860e+01,2.569151262451542690e-03
5.541666666666666430e+01,2.555504971085654706e-03
5.543750000000000000e+01,2.541428252079344467e-03
5.545833333333332860e+01,2.526923142734633070e-03
5.547916666666666430e+01,2.511991754985674116e-03
5.550000000000000000e+01,2.496636275235367478e-03
5.552083333333332860e+01,2.480858964142894276e-03
5.554166666666666430e+01,2.464662156365327646e-03
5.556250000000000000e+01,2.448048260339891549e-03
5.558333333333332860e+01,2.431019757968862129e-03
5.560416666666666430e+01,2.413579204333079001e-03
5.562500000000000000e+01,2.395729227356814019e-03
5.564583333333332860e+01,2.377472527472412368e-03
5.566666666666666430e+01,2.358811877244355870e-03
5.568750000000000000e+01,2.339750121020682874e-03
5.570833333333332860e+01,2.320290174529044888e-03
5.572916666666666430e+01,2.300435024463387459e-03
5.575000000000000000e+01,2.280187728092059225e-03
5.577083333333332860e+01,2.259551412816448827e-03
5.579166666666666430e+01,2.238529275766724079e-03
5.581250000000000000e+01,2.217124583347498783e-03
5.583333333333332860e+01,2.195340670792365282e-03
5.585416666666666430e+01,2.173180941706543724e-03
5.587500000000000000e+01,2.150648867609222109e-03
5.589583333333332860e+01,2.127747987482117489e-03
5.591666666666666430e+01,2.104481907232908216e-03
5.593750000000000000e+01,2.080854299243511518e-03
5.595833333333332860e+01,2.056868901865119368e-03
5.597916666666666430e+01,2.032529518890108331e-03
5.600000000000000000e+01,2.007840019014133469e-03
5.602083333333332860e+01,1.982804335319566288e-03
5.604166666666666430e+01,1.957426464715543782e-03
5.606250000000000000e+01,1.931710467366925654e-03
5.608333333333332860e+01,1.905660466118475191e-03
5.610416666666666430e+01,1.879280645935389477e-03
5.612500000000000000e+01,1.852575253259807191e-03
5.614583333333332860e+01,1.825548595444921205e-03
5.616666666666666430e+01,1.798205040128214322e-03
5.618750000000000000e+01,1.770549014567678178e-03
5.620833333333332860e+01,1.742585005033504483e-03
5.622916666666666430e+01,1.714317556157106837e-03
5.625000000000000000e+01,1.685751270268751913e-03
5.627083333333332860e+01,1.656890806711328436e-03
5.629166666666666430e+01,1.627740881160777506e-03
5.631250000000000000e+01,1.598306264941943677e-03
5.633333333333332860e+01,1.568591784324243395e-03
5.635416666666666430e+01,1.538602319802207527e-03
5.637500000000000000e+01,1.508342805371059529e-03
5.639583333333332860e+01,1.477818227775123082e-03
5.641666666666666430e+01,1.447033625779714635e-03
5.643750000000000000e+01,1.415994089386786014e-03
5.645833333333332860e+01,1.384704759090847745e-03
5.647916666666666430e+01,1.353170825069605412e-03
5.650000000000000000e+01,1.321397526393515128e-03
5.652083333333332860e+01,1.289390150235134947e-03
5.654166666666666430e+01,1.257154031024580601e-03
5.656250000000000000e+01,1.224694549652577055e-03
5.658333333333332860e+01,1.192017132607083810e-03
5.660416666666666430e+01,1.159127251125171469e-03
5.662500000000000000e+01,1.126030420355073319e-03
5.664583333333332860e+01,1.092732198452513659e-03
5.666666666666666430e+01,1.059238185716322635e-03
5.668750000000000000e+01,1.025554023691562086e-03
5.670833333333332860e+01,9.916853942842018214e-04
5.672916666666666430e+01,9.576380188277963321e-04
5.675000000000000000e+01,9.234176571569955401e-04
5.677083333333332860e+01,8.890301067019470461e-04
5.679166666666666430e+01,8.544812015289365847e-04
5.681250000000000000e+01,8.197768113905933105e-04
5.683333333333332860e+01,7.849228407625592546e-04
5.685416666666666430e+01,7.499252278848438352e-04
5.687500000000000000e+01,7.147899437754135768e-04
5.689583333333332860e+01,6.795229912318950707e-04
5.691666666666666430e+01,6.441304038563710078e-04
5.693750000000000000e+01,6.086182450379564032e-04
5.695833333333332860e+01,5.729926069333396649e-04
5.697916666666666430e+01,5.372596094563450919e-04
5.700000000000000000e+01,5.014253992490532016e-04
5.702083333333332860e+01,4.654961486423264509e-04
5.704166666666666430e+01,4.294780546057388321e-04
5.706250000000000000e+01,3.933773376889589200e-04
5.708333333333332860e+01,3.572002409857083938e-04
5.710416666666666430e+01,3.209530290825509985e-04
5.712500000000000000e+01,2.846419869469455841e-04
5.714583333333332860e+01,2.482734188577220250e-04
5.716666666666666430e+01,2.118536473421601203e-04
5.718750000000000000e+01,1.753890121034420524e-04
5.720833333333332860e+01,1.388858689015941717e-04
5.722916666666666430e+01,1.023505884542455442e-04
5.725000000000000000e+01,6.578955533800322024e-05
5.727083333333332860e+01,2.920916691161300763e-05
5.729166666666666430e+01,-7.384167809866900924e-06
5.731250000000000000e+01,-4.398402928235485207e-05
5.733333333333332860e+01,-8.058398852838280502e-05
5.735416666666666430e+01,-1.171776082564841002e-04
5.737500000000000000e+01,-1.537584439725283247e-04
5.739583333333332860e+01,-1.903200451048722914e-04
5.741666666666666430e+01,-2.268559561439638991e-04
5.743750000000000000e+01,-2.633597177388232466e-04
5.745833333333332860e+01,-2.998248678157591079e-04
5.747916666666666430e+01,-3.362449427301508623e-04
5.750000000000000000e+01,-3.726134783571993835e-04
5.752083333333332860e+01,-4.089240112344638429e-04
5.754166666666666430e+01,-4.451700796684457720e-04
5.756250000000000000e+01,-4.813452248467682049e-04
5.758333333333332860e+01,-5.174429919675644154e-04
5.760416666666666430e+01,-5.534569313413581146e-04
5.762500000000000000e+01,-5.893805995173072429e-04
5.764583333333332860e+01,-6.252075603544770318e-04
5.766666666666666430e+01,-6.609313861445655601e-04
5.768750000000000000e+01,-6.965456587278536426e-04
5.770833333333332860e+01,-7.320439705465578732e-04
5.772916666666666430e+01,-7.674199257651679543e-04
5.775000000000000000e+01,-8.026671413324561188e-04
5.777083333333332860e+01,-8.377792480610784902e-04
5.779166666666666430e+01,-8.727498917049643454e-04
5.781250000000000000e+01,-9.075727340297201889e-04
5.783333333333332860e+01,-9.422414538555163406e-04
5.785416666666666430e+01,-9.767497481202593815e-04
5.787500000000000000e+01,-1.011091332912784782e-03
5.789583333333332860e+01,-1.045259944546519113e-03
5.791666666666666430e+01,-1.079249340570970737e-03
5.793750000000000000e+01,-1.113053300793047503e-03
5.795833333333332860e+01,-1.146665628329837866e-03
5.797916666666666430e+01,-1.180080150626930001e-03
5.800000000000000000e+01,-1.213290720465763986e-03
5.802083333333332860e+01,-1.246291216994826253e-03
5.804166666666666430e+01,-1.279075546751226502e-03
5.806250000000000000e+01,-1.311637644692565004e-03
5.808333333333332860e+01,-1.343971475194144461e-03
5.810416666666666430e+01,-1.376071033109529853e-03
5.812500000000000000e+01,-1.407930344846835278e-03
5.814583333333332860e+01,-1.439543469361534824e-03
5.816666666666666430e+01,-1.470904499282004287e-03
5.818750000000000000e+01,-1.502007561991395342e-03
5.820833333333332860e+01,-1.532846820784834231e-03
5.822916666666666430e+01,-1.563416476003067455e-03
5.825000000000000000e+01,-1.593710766237910062e-03
5.827083333333332860e+01,-1.623723969623046444e-03
5.829166666666666430e+01,-1.653450405118363654e-03
5.831250000000000000e+01,-1.682884433872822811e-03
5.833333333333332860e+01,-1.712020460703962471e-03
5.835416666666666430e+01,-1.740852935663015364e-03
5.837500000000000000e+01,-1.769376355650100971e-03
5.839583333333332860e+01,-1.797585266176365435e-03
5.841666666666666430e+01,-1.825474263270387369e-03
5.843750000000000000e+01,-1.853037995514339887e-03
5.845833333333332860e+01,-1.880271166244747551e-03
5.847916666666666430e+01,-1.907168535926495557e-03
5.850000000000000000e+01,-1.933724924723519275e-03
5.852083333333332860e+01,-1.959935215294877735e-03
5.854166666666666430e+01,-1.985794355817446181e-03
5.856250000000000000e+01,-2.011297363243755385e-03
5.858333333333332860e+01,-2.036439326868153769e-03
5.860416666666666430e+01,-2.061215412095228090e-03
5.862500000000000000e+01,-2.085620864579537572e-03
5.864583333333332860e+01,-2.109651014612014871e-03
5.866666666666666430e+01,-2.133301281876406972e-03
5.868750000000000000e+01,-2.156567180414440191e-03
5.870833333333332860e+01,-2.179444323921134272e-03
5.872916666666666430e+01,-2.201928431370562232e-03
5.875000000000000000e+01,-2.224015332870476602e-03
5.877083333333332860e+01,-2.245700975690427537e-03
5.879166666666666430e+01,-2.266981430493608587e-03
5.881250000000000000e+01,-2.287852897694636449e-03
5.883333333333332860e+01,-2.308311713853546977e-03
5.885416666666666430e+01,-2.328354358020646043e-03
5.887500000000000000e+01,-2.347977457934399392e-03
5.889583333333332860e+01,-2.367177795920920574e-03
5.891666666666666430e+01,-2.385952314466726742e-03
5.893750000000000000e+01,-2.404298121273762759e-03
5.895833333333332860e+01,-2.422212493575503361e-03
5.897916666666666430e+01,-2.439692881712945093e-03
5.900000000000000000e+01,-2.456736911699929256e-03
5.902083333333332860e+01,-2.473342386713198691e-03
5.904166666666666430e+01,-2.489507287343653390e-03
5.906250000000000000e+01,-2.505229770511177307e-03
5.908333333333332860e+01,-2.520508166929786697e-03
5.910416666666666430e+01,-2.535340977080911481e-03
5.912500000000000000e+01,-2.549726865701155282e-03
5.914583333333332860e+01,-2.563664654743159649e-03
5.916666666666666430e+01,-2.577153314910438434e-03
5.918750000000000000e+01,-2.590191955897148263e-03
5.920833333333332860e+01,-2.602779815420750396e-03
5.922916666666666430e+01,-2.614916247294503567e-03
5.925000000000000000e+01,-2.626600708731992133e-03
5.927083333333332860e+01,-2.637832747218315978e-03
5.929166666666666430e+01,-2.648611987139250050e-03
5.931250000000000000e+01,-2.658938116538095160e-03
5.933333333333332860e+01,-2.668810874233062437e-03
5.935416666666666430e+01,-2.678230037632283768e-03
5.937500000000000000e+01,-2.687195411476469946e-03
5.939583333333332860e+01,-2.695706817724617590e-03
5.941666666666666430e+01,-2.703764086793044967e-03
5.943750000000000000e+01,-2.711367050219733871e-03
5.945833333333332860e+01,-2.718515534924605820e-03
5.947916666666666430e+01,-2.725209359021452896e-03
5.950000000000000000e+01,-2.731448329122069911e-03
5.952083333333332860e+01,-2.737232239154693478e-03
5.954166666666666430e+01,-2.742560870547409123e-03
5.956250000000000000e+01,-2.747433993566960556e-03
5.958333333333332860e+01,-2.751851369684474042e-03
5.960416666666666430e+01,-2.755812754814365804e-03
5.962500000000000000e+01,-2.759317903229677963e-03
5.964583333333332860e+01,-2.762366571871034508e-03
5.966666666666666430e+01,-2.764958525036925914e-03
5.968750000000000000e+01,-2.767093539226646390e-03
5.970833333333332860e+01,-2.768771407933123211e-03
5.972916666666666430e+01,-2.769991946414891194e-03
5.975000000000000000e+01,-2.770754996336493615e-03
5.977083333333332860e+01,-2.771060430132243728e-03
5.979166666666666430e+01,-2.770908155137788778e-03
5.981250000000000000e+01,-2.770298117479990177e-03
5.983333333333332860e+01,-2.769230305697817449e-03
5.985416666666666430e+01,-2.767704754081179181e-03
5.987500000000000000e+01,-2.765721545789516511e-03
5.989583333333332860e+01,-2.763280815732393429e-03
5.991666666666666430e+01,-2.760382753225809876e-03
5.993750000000000000e+01,-2.757027604498721047e-03
5.995833333333332860e+01,-2.753215674971460497e-03
5.997916666666666430e+01,-2.748947331391586330e-03
