0.000000000000000000e+00,-5.510910596163088939e-17
2.083333333333333218e-02,-5.510910596163088939e-17
4.166666666666666435e-02,1.041344394522486540e-07
6.250000000000000000e-02,2.192728937613810078e-06
8.333333333333332871e-02,1.213827747980816646e-05
1.041666666666666574e-01,3.910374706156459577e-05
1.250000000000000000e-01,9.293001700176014071e-05
1.458333333333333148e-01,1.824402663771221777e-04
1.666666666666666574e-01,3.152785261383901790e-04
1.875000000000000000e-01,4.978956046613017576e-04
2.083333333333333148e-01,7.349415949180700168e-04
2.291666666666666574e-01,1.028685946359009489e-03
2.500000000000000000e-01,1.379051921103360530e-03
2.708333333333333148e-01,1.784048252780499758e-03
2.916666666666666297e-01,2.240182962910083116e-03
3.125000000000000000e-01,2.742828427851385937e-03
3.333333333333333148e-01,3.286695215521048125e-03
3.541666666666666297e-01,3.866398428361113998e-03
3.750000000000000000e-01,4.476961659852761628e-03
3.958333333333333148e-01,5.114179530667809122e-03
4.166666666666666297e-01,5.774864051160026948e-03
4.375000000000000000e-01,6.456994108590310977e-03
4.583333333333333148e-01,7.159747469945790775e-03
4.791666666666666297e-01,7.883408665065401791e-03
5.000000000000000000e-01,8.629183202704365785e-03
5.208333333333332593e-01,9.398955121930188672e-03
5.416666666666666297e-01,1.019501199735625002e-02
5.625000000000000000e-01,1.101976048163302337e-02
5.833333333333332593e-01,1.187546198563619454e-02
6.041666666666666297e-01,1.276401366758674223e-02
6.250000000000000000e-01,1.368678739725029229e-02
6.458333333333332593e-01,1.464453203270038757e-02
6.666666666666666297e-01,1.563734200628008261e-02
6.875000000000000000e-01,1.666468969122236049e-02
7.083333333333332593e-01,1.772551068828609119e-02
7.291666666666666297e-01,1.881832665410821531e-02
7.500000000000000000e-01,1.994139060750576772e-02
7.708333333333332593e-01,2.109284034774646863e-02
7.916666666666666297e-01,2.227084524876683791e-02
8.125000000000000000e-01,2.347373298931504371e-02
8.333333333333332593e-01,2.470008683678185865e-02
8.541666666666666297e-01,2.594880864776347856e-02
8.750000000000000000e-01,2.721914603201550445e-02
8.958333333333332593e-01,2.851068488618091132e-02
9.166666666666666297e-01,2.982331162067490549e-02
9.375000000000000000e-01,3.115715213402164493e-02
9.583333333333332593e-01,3.251249590244585652e-02
9.791666666666666297e-01,3.388971362390277159e-02
1.000000000000000000e+00,3.528917641604380206e-02
1.020833333333333259e+00,3.671118373721675432e-02
1.041666666666666519e+00,3.815590569268757087e-02
1.062500000000000000e+00,3.962334332322061531e-02
1.083333333333333259e+00,4.111330835865164429e-02
1.104166666666666519e+00,4.262542206516337778e-02
1.125000000000000000e+00,4.415913120305872686e-02
1.145833333333333259e+00,4.571373775421515295e-02
1.166666666666666519e+00,4.728843815601207340e-02
1.187500000000000000e+00,4.888236741351775771e-02
1.208333333333333259e+00,5.049464358184550805e-02
1.229166666666666519e+00,5.212440858260015270e-02
1.250000000000000000e+00,5.377086207612064017e-02
1.270833333333333259e+00,5.543328610327707268e-02
1.291666666666666519e+00,5.711105931924850138e-02
1.312500000000000000e+00,5.880366072022522039e-02
1.333333333333333259e+00,6.051066371333717331e-02
1.354166666666666519e+00,6.223172215090904541e-02
1.375000000000000000e+00,6.396655050024488420e-02
1.395833333333333259e+00,6.571490061125520588e-02
1.416666666666666519e+00,6.747653757169300159e-02
1.437500000000000000e+00,6.925121693842246906e-02
1.458333333333333259e+00,7.103866525334565085e-02
1.479166666666666519e+00,7.283856524464563109e-02
1.500000000000000000e+00,7.465054653302503895e-02
1.520833333333333259e+00,7.647418207111197908e-02
1.541666666666666519e+00,7.830899000056598669e-02
1.562500000000000000e+00,8.015444015881358075e-02
1.583333333333333259e+00,8.200996413376739069e-02
1.604166666666666519e+00,8.387496756699608369e-02
1.625000000000000000e+00,8.574884334805896180e-02
1.645833333333333259e+00,8.763098441498924640e-02
1.666666666666666519e+00,8.952079505595722519e-02
1.687500000000000000e+00,9.141769986614768639e-02
1.708333333333333259e+00,9.332114982029729444e-02
1.729166666666666519e+00,9.523062524261310946e-02
1.750000000000000000e+00,9.714563576086034102e-02
1.770833333333333259e+00,9.906571759415162826e-02
1.791666666666666519e+00,1.009904287255945915e-01
1.812500000000000000e+00,1.029193426403783584e-01
1.833333333333333259e+00,1.048520413634147497e-01
1.854166666666666519e+00,1.067881085117456247e-01
1.875000000000000000e+00,1.087271229954205054e-01
1.895833333333333259e+00,1.106686538709565071e-01
1.916666666666666519e+00,1.126122566909224937e-01
1.937500000000000000e+00,1.145574715195193521e-01
1.958333333333333259e+00,1.165038226143899347e-01
1.979166666666666519e+00,1.184508196242242545e-01
2.000000000000000000e+00,1.203979600315475962e-01
2.020833333333333037e+00,1.223447324878081804e-01
2.041666666666666519e+00,1.242906206466795616e-01
2.062500000000000000e+00,1.262351071005154701e-01
2.083333333333333037e+00,1.281776770597491955e-01
2.104166666666666519e+00,1.301178214785520260e-01
2.125000000000000000e+00,1.320550394132920802e-01
2.145833333333333037e+00,1.339888394935448979e-01
2.166666666666666519e+00,1.359187404790713205e-01
2.187500000000000000e+00,1.378442709617793138e-01
2.208333333333333037e+00,1.397649683423804468e-01
2.229166666666666519e+00,1.416803772625109259e-01
2.250000000000000000e+00,1.435900477020976562e-01
2.270833333333333037e+00,1.454935329585513026e-01
2.291666666666666519e+00,1.473903877108257432e-01
2.312500000000000000e+00,1.492801663409909774e-01
2.333333333333333037e+00,1.511624216433559431e-01
2.354166666666666519e+00,1.530367040015692126e-01
2.375000000000000000e+00,1.549025610627828842e-01
2.395833333333333037e+00,1.567595378897259362e-01
2.416666666666666519e+00,1.586071775304117026e-01
2.437500000000000000e+00,1.604450219141253242e-01
2.458333333333333037e+00,1.622726129629916414e-01
2.479166666666666519e+00,1.640894938012480153e-01
2.500000000000000000e+00,1.658952099486334375e-01
2.520833333333333037e+00,1.676893103983872202e-01
2.541666666666666519e+00,1.694713485018588539e-01
2.562500000000000000e+00,1.712408826078951340e-01
2.583333333333333037e+00,1.729974764330989845e-01
2.604166666666666519e+00,1.747406991660316877e-01
2.625000000000000000e+00,1.764701253321119823e-01
2.645833333333333037e+00,1.781853344645882853e-01
2.666666666666666519e+00,1.798859106393946861e-01
2.687500000000000000e+00,1.815714419375181465e-01
2.708333333333333037e+00,1.832415198979128190e-01
2.729166666666666519e+00,1.848957390177688176e-01
2.750000000000000000e+00,1.865336963462652375e-01
2.770833333333333037e+00,1.881549912042781714e-01
2.791666666666666519e+00,1.897592250474372799e-01
2.812500000000000000e+00,1.913460014749563953e-01
2.833333333333333037e+00,1.929149263731430863e-01
2.854166666666666519e+00,1.944656081714841445e-01
2.875000000000000000e+00,1.959976581814217578e-01
2.895833333333333037e+00,1.975106909837266167e-01
2.916666666666666519e+00,1.990043248297187761e-01
2.937500000000000000e+00,2.004781820241489376e-01
2.958333333333333037e+00,2.019318892627424700e-01
2.979166666666666519e+00,2.033650779044619272e-01
3.000000000000000000e+00,2.047773841666139238e-01
3.020833333333333037e+00,2.061684492391728796e-01
3.041666666666666519e+00,2.075379193223459429e-01
3.062500000000000000e+00,2.088854455978388092e-01
3.083333333333333037e+00,2.102106841490510025e-01
3.104166666666666519e+00,2.115132958482870695e-01
3.125000000000000000e+00,2.127929462299707475e-01
3.145833333333333037e+00,2.140493053679295987e-01
3.166666666666666519e+00,2.152820477723632331e-01
3.187500000000000000e+00,2.164908523185138933e-01
3.208333333333333037e+00,2.176754022147736889e-01
3.229166666666666519e+00,2.188353850134570622e-01
3.250000000000000000e+00,2.199704926631680657e-01
3.270833333333333037e+00,2.210804215979700615e-01
3.291666666666666519e+00,2.221648728556912811e-01
3.312500000000000000e+00,2.232235522158387830e-01
3.333333333333333037e+00,2.242561703468024803e-01
3.354166666666666519e+00,2.252624429522627758e-01
3.375000000000000000e+00,2.262420909078321773e-01
3.395833333333333037e+00,2.271948403807673711e-01
3.416666666666666519e+00,2.281204229278401829e-01
3.437500000000000000e+00,2.290185755689003455e-01
3.458333333333333037e+00,2.298890408360596549e-01
3.479166666666666519e+00,2.307315668005599507e-01
3.500000000000000000e+00,2.315459070810973186e-01
3.520833333333333037e+00,2.323318208385495853e-01
3.541666666666666519e+00,2.330890727626511727e-01
3.562500000000000000e+00,2.338174330561853809e-01
3.583333333333333037e+00,2.345166774217830041e-01
3.604166666666666519e+00,2.351865870555262528e-01
3.625000000000000000e+00,2.358269486503858092e-01
3.645833333333333037e+00,2.364375544112029270e-01
3.666666666666666519e+00,2.370182020816038737e-01
3.687500000000000000e+00,2.375686949820208504e-01
3.708333333333333037e+00,2.380888420569908237e-01
3.729166666666666519e+00,2.385784579291768959e-01
3.750000000000000000e+00,2.390373629571429792e-01
3.770833333333333037e+00,2.394653832938131999e-01
3.791666666666666519e+00,2.398623509427361133e-01
3.812500000000000000e+00,2.402281038097030530e-01
3.833333333333333037e+00,2.405624857478726730e-01
3.854166666666666519e+00,2.408653465952554640e-01
3.875000000000000000e+00,2.411365422041408524e-01
3.895833333333333037e+00,2.413759344627323111e-01
3.916666666666666519e+00,2.415833913098405783e-01
3.937500000000000000e+00,2.417587867439245919e-01
3.958333333333333037e+00,2.419020008280460821e-01
3.979166666666666519e+00,2.420129196924038217e-01
4.000000000000000000e+00,2.420914355360538894e-01
4.020833333333333037e+00,2.421374466292217642e-01
4.041666666666666075e+00,2.421508573173070111e-01
4.062500000000000000e+00,2.421315780273095575e-01
4.083333333333333037e+00,2.420795252770112649e-01
4.104166666666666075e+00,2.419946216868628652e-01
4.125000000000000000e+00,2.418767959941918455e-01
4.145833333333333037e+00,2.417259830690834665e-01
4.166666666666666075e+00,2.415421239311104917e-01
4.187500000000000000e+00,2.413251657660082927e-01
4.208333333333333037e+00,2.410750619413990214e-01
4.229166666666666075e+00,2.407917720207607692e-01
4.250000000000000000e+00,2.404752617749882915e-01
4.270833333333333037e+00,2.401255031910884408e-01
4.291666666666666075e+00,2.397424744777660321e-01
4.312500000000000000e+00,2.393261600678707468e-01
4.333333333333333037e+00,2.388765506178650855e-01
4.354166666666666075e+00,2.383936430046313115e-01
4.375000000000000000e+00,2.378774403200434595e-01
4.395833333333333037e+00,2.373279518637899932e-01
4.416666666666666075e+00,2.367451931349408012e-01
4.437500000000000000e+00,2.361291858227152485e-01
4.458333333333333037e+00,2.354799577968331170e-01
4.479166666666666075e+00,2.347975430977298217e-01
4.500000000000000000e+00,2.340819819268028235e-01
4.520833333333333037e+00,2.333333206367384782e-01
4.541666666666666075e+00,2.325516117218611734e-01
4.562500000000000000e+00,2.317369138083550939e-01
4.583333333333333037e+00,2.308892916441429854e-01
4.604166666666666075e+00,2.300088160881659793e-01
4.625000000000000000e+00,2.290955640987973052e-01
4.645833333333333037e+00,2.281496187211368709e-01
4.666666666666666075e+00,2.271710690729688564e-01
4.687500000000000000e+00,2.261600103292166764e-01
4.708333333333333037e+00,2.251165437047911999e-01
4.729166666666666075e+00,2.240407764357916220e-01
4.750000000000000000e+00,2.229328217590798300e-01
4.770833333333333037e+00,2.217927988903022896e-01
4.791666666666666075e+00,2.206208330004729157e-01
4.812500000000000000e+00,2.194170551912568434e-01
4.833333333333333037e+00,2.181816024691064504e-01
4.854166666666666075e+00,2.169146177183959578e-01
4.875000000000000000e+00,2.156162496736857836e-01
4.895833333333333037e+00,2.142866528912214796e-01
4.916666666666666075e+00,2.129259877197402229e-01
4.937500000000000000e+00,2.115344202706229415e-01
4.958333333333333037e+00,2.101121223873966826e-01
4.979166666666666075e+00,2.086592716145619086e-01
5.000000000000000000e+00,2.071760511656953185e-01
5.020833333333333037e+00,2.056626498907629386e-01
5.041666666666666075e+00,2.041192622425702374e-01
5.062500000000000000e+00,2.025460882422764342e-01
5.083333333333333037e+00,2.009433334439067464e-01
5.104166666666666075e+00,1.993112088978107044e-01
5.125000000000000000e+00,1.976499311130300029e-01
5.145833333333333037e+00,1.959597220185597677e-01
5.166666666666666075e+00,1.942408089235049540e-01
5.187500000000000000e+00,1.924934244761514202e-01
5.208333333333333037e+00,1.907178066219849810e-01
5.229166666666666075e+00,1.889141985607027674e-01
5.250000000000000000e+00,1.870828487022657693e-01
5.270833333333333037e+00,1.852240106220438831e-01
5.291666666666666075e+00,1.833379430151014511e-01
5.312500000000000000e+00,1.814249096496652058e-01
5.333333333333333037e+00,1.794851793198082857e-01
5.354166666666666075e+00,1.775190257973738028e-01
5.375000000000000000e+00,1.755267277831513983e-01
5.395833333333333037e+00,1.735085688573110296e-01
5.416666666666666075e+00,1.714648374290893840e-01
5.437500000000000000e+00,1.693958266857197581e-01
5.458333333333333037e+00,1.673018345405908602e-01
5.479166666666666075e+00,1.651831635806204068e-01
5.500000000000000000e+00,1.630401210128297751e-01
5.520833333333333037e+00,1.608730186101090254e-01
5.541666666666666075e+00,1.586821726561664092e-01
5.562500000000000000e+00,1.564679038896617524e-01
5.583333333333333037e+00,1.542305374475289870e-01
5.604166666666666075e+00,1.519704028074984337e-01
5.625000000000000000e+00,1.496878337298344352e-01
5.645833333333333037e+00,1.473831681983075459e-01
5.666666666666666075e+00,1.450567483604232877e-01
5.687500000000000000e+00,1.427089204669300393e-01
5.708333333333333037e+00,1.403400348106297324e-01
5.729166666666666075e+00,1.379504456645120614e-01
5.750000000000000000e+00,1.355405112192326622e-01
5.770833333333333037e+00,1.331105935199516643e-01
5.791666666666666075e+00,1.306610584025468813e-01
5.812500000000000000e+00,1.281922754292125766e-01
5.833333333333333037e+00,1.257046178234525469e-01
5.854166666666666075e+00,1.231984624044735882e-01
5.875000000000000000e+00,1.206741895209853949e-01
5.895833333333333037e+00,1.181321829844100973e-01
5.916666666666666075e+00,1.155728300015069349e-01
5.937500000000000000e+00,1.129965211064166558e-01
5.958333333333333037e+00,1.104036500921321412e-01
5.979166666666666075e+00,1.077946139414031335e-01
6.000000000000000000e+00,1.051698127570846325e-01
6.020833333333333037e+00,1.025296496919402833e-01
6.041666666666666075e+00,9.987453087791373085e-02
6.062500000000000000e+00,9.720486535488215285e-02
6.083333333333333037e+00,9.452106499890738922e-02
6.104166666666666075e+00,9.182354445000047438e-02
6.125000000000000000e+00,8.911272103941561551e-02
6.145833333333333037e+00,8.638901471648988140e-02
6.166666666666666075e+00,8.365284797504382586e-02
6.187500000000000000e+00,8.090464577935803370e-02
6.208333333333333037e+00,7.814483548973984173e-02
6.229166666666666075e+00,7.537384678769327995e-02
6.250000000000000000e+00,7.259211160070461188e-02
6.270833333333333037e+00,6.980006402665560328e-02
6.291666666666666075e+00,6.699814025787557970e-02
6.312500000000000000e+00,6.418677850484337533e-02
6.333333333333333037e+00,6.136641891955021272e-02
6.354166666666666075e+00,5.853750351853440059e-02
6.375000000000000000e+00,5.570047610559948625e-02
6.395833333333333037e+00,5.285578219422749219e-02
6.416666666666666075e+00,5.000386892969962971e-02
6.437500000000000000e+00,4.714518501093735436e-02
6.458333333333333037e+00,4.428018061207712741e-02
6.479166666666666075e+00,4.140930730379272645e-02
6.500000000000000000e+00,3.853301797437939241e-02
6.520833333333333037e+00,3.565176675061414169e-02
6.541666666666666075e+00,3.276600891840703023e-02
6.562500000000000000e+00,2.987620084325791001e-02
6.583333333333333037e+00,2.698279989053329470e-02
6.604166666666666075e+00,2.408626434557772575e-02
6.625000000000000000e+00,2.118705333367388102e-02
6.645833333333333037e+00,1.828562673986537310e-02
6.666666666666666075e+00,1.538244512865596936e-02
6.687500000000000000e+00,1.247796966359875949e-02
6.708333333333333037e+00,9.572662026788606934e-03
6.729166666666666075e+00,6.666984338271117645e-03
6.750000000000000000e+00,3.761399075381274479e-03
6.770833333333333037e+00,8.563689920249180874e-04
6.791666666666666075e+00,-2.047642962083712735e-03
6.812500000000000000e+00,-4.950173722215061613e-03
6.833333333333333037e+00,-7.850760189434504571e-03
6.854166666666666075e+00,-1.074893931141617485e-02
6.875000000000000000e+00,-1.364424816324664308e-02
6.895833333333333037e+00,-1.653622402820454501e-02
6.916666666666666075e+00,-1.942440447850221283e-02
6.937500000000000000e+00,-2.230832745597524300e-02
6.958333333333333037e+00,-2.518753135270588792e-02
6.979166666666666075e+00,-2.806155509156619057e-02
7.000000000000000000e+00,-3.092993820666678148e-02
7.020833333333333037e+00,-3.379222092369729702e-02
7.041666666666666075e+00,-3.664794424014453794e-02
7.062500000000000000e+00,-3.949665000537447984e-02
7.083333333333333037e+00,-4.233788100056443821e-02
7.104166666666666075e+00,-4.517118101847168721e-02
7.125000000000000000e+00,-4.799609494302508467e-02
7.145833333333333037e+00,-5.081216882872612722e-02
7.166666666666666075e+00,-5.361894997984610611e-02
7.187500000000000000e+00,-5.641598702940597149e-02
7.208333333333333037e+00,-5.920283001792563116e-02
7.229166666666666075e+00,-6.197903047192929171e-02
7.250000000000000000e+00,-6.474414148219362342e-02
7.270833333333333037e+00,-6.749771778172544701e-02
7.291666666666666075e+00,-7.023931582345559199e-02
7.312500000000000000e+00,-7.296849385763574947e-02
7.333333333333333037e+00,-7.568481200892490657e-02
7.354166666666666075e+00,-7.838783235315231745e-02
7.375000000000000000e+00,-8.107711899374353548e-02
7.395833333333333037e+00,-8.375223813779668347e-02
7.416666666666666075e+00,-8.641275817179537577e-02
7.437500000000000000e+00,-8.905824973694588531e-02
7.458333333333333037e+00,-9.168828580412498319e-02
7.479166666666666075e+00,-9.430244174842593308e-02
7.500000000000000000e+00,-9.690029542328990053e-02
7.520833333333333037e+00,-9.948142723420974609e-02
7.541666666666666075e+00,-1.020454202119940590e-01
7.562500000000000000e+00,-1.045918600855786085e-01
7.583333333333333037e+00,-1.071203353543729031e-01
7.604166666666666075e+00,-1.096304373601295346e-01
7.625000000000000000e+00,-1.121217603583242184e-01
7.645833333333333037e+00,-1.145939015890339724e-01
7.666666666666666075e+00,-1.170464613473018722e-01
7.687500000000000000e+00,-1.194790430529759362e-01
7.708333333333333037e+00,-1.218912533200105230e-01
7.729166666666666075e+00,-1.242827020252182113e-01
7.750000000000000000e+00,-1.266530023764604884e-01
7.770833333333333037e+00,-1.290017709802656620e-01
7.791666666666666075e+00,-1.313286279088620445e-01
7.812500000000000000e+00,-1.336331967666156417e-01
7.833333333333333037e+00,-1.359151047558600500e-01
7.854166666666666075e+00,-1.381739827421081812e-01
7.875000000000000000e+00,-1.404094653186338526e-01
7.895833333333333037e+00,-1.426211908704129450e-01
7.916666666666666075e+00,-1.448088016374128317e-01
7.937500000000000000e+00,-1.469719437772188664e-01
7.958333333333333037e+00,-1.491102674269883244e-01
7.979166666666666075e+00,-1.512234267647202812e-01
8.000000000000000000e+00,-1.533110800698313514e-01
8.020833333333332149e+00,-1.553728897830270739e-01
8.041666666666666075e+00,-1.574085225654587306e-01
8.062500000000000000e+00,-1.594176493571555220e-01
8.083333333333332149e+00,-1.613999454347222196e-01
8.104166666666666075e+00,-1.633550904682926352e-01
8.125000000000000000e+00,-1.652827685777291389e-01
8.145833333333332149e+00,-1.671826683880586750e-01
8.166666666666666075e+00,-1.690544830841363422e-01
8.187500000000000000e+00,-1.708979104645267644e-01
8.208333333333332149e+00,-1.727126529945945399e-01
8.229166666666666075e+00,-1.744984178587948853e-01
8.250000000000000000e+00,-1.762549170121556208e-01
8.270833333333332149e+00,-1.779818672309417538e-01
8.291666666666666075e+00,-1.796789901624946673e-01
8.312500000000000000e+00,-1.813460123742370589e-01
8.333333333333332149e+00,-1.829826654018362198e-01
8.354166666666666075e+00,-1.845886857965170769e-01
8.375000000000000000e+00,-1.861638151715176992e-01
8.395833333333332149e+00,-1.877078002476794960e-01
8.416666666666666075e+00,-1.892203928981646965e-01
8.437500000000000000e+00,-1.907013501922940890e-01
8.458333333333332149e+00,-1.921504344384976637e-01
8.479166666666666075e+00,-1.935674132263715819e-01
8.500000000000000000e+00,-1.949520594678346708e-01
8.520833333333332149e+00,-1.963041514373777274e-01
8.541666666666666075e+00,-1.976234728113997474e-01
8.562500000000000000e+00,-1.989098127066243060e-01
8.583333333333332149e+00,-2.001629657175905130e-01
8.604166666666666075e+00,-2.013827319532124072e-01
8.625000000000000000e+00,-2.025689170724009336e-01
8.645833333333332149e+00,-2.037213323187431480e-01
8.666666666666666075e+00,-2.048397945542326792e-01
8.687500000000000000e+00,-2.059241262920462612e-01
8.708333333333332149e+00,-2.069741557283606703e-01
8.729166666666666075e+00,-2.079897167732045193e-01
8.750000000000000000e+00,-2.089706490803397987e-01
8.770833333333332149e+00,-2.099167980761670604e-01
8.791666666666666075e+00,-2.108280149876489151e-01
8.812500000000000000e+00,-2.117041568692459019e-01
8.833333333333332149e+00,-2.125450866288587370e-01
8.854166666666666075e+00,-2.133506730527704176e-01
8.875000000000000000e+00,-2.141207908295818529e-01
8.895833333333332149e+00,-2.148553205731340288e-01
8.916666666666666075e+00,-2.155541488444092657e-01
8.937500000000000000e+00,-2.162171681724042449e-01
8.958333333333332149e+00,-2.168442770739664738e-01
8.979166666666666075e+00,-2.174353800725862262e-01
9.000000000000000000e+00,-2.179903877161348535e-01
9.020833333333332149e+00,-2.185092165935415276e-01
9.041666666666666075e+00,-2.189917893503987301e-01
9.062500000000000000e+00,-2.194380347034882162e-01
9.083333333333332149e+00,-2.198478874542189043e-01
9.104166666666666075e+00,-2.202212885009686427e-01
9.125000000000000000e+00,-2.205581848503224696e-01
9.145833333333332149e+00,-2.208585296272014276e-01
9.166666666666666075e+00,-2.211222820838757985e-01
9.187500000000000000e+00,-2.213494076078599548e-01
9.208333333333332149e+00,-2.215398777286858856e-01
9.229166666666666075e+00,-2.216936701235549534e-01
9.250000000000000000e+00,-2.218107686218691865e-01
9.270833333333332149e+00,-2.218911632086447705e-01
9.291666666666666075e+00,-2.219348500268125413e-01
9.312500000000000000e+00,-2.219418313784117247e-01
9.333333333333332149e+00,-2.219121157246838338e-01
9.354166666666666075e+00,-2.218457176850760770e-01
9.375000000000000000e+00,-2.217426580351622989e-01
9.395833333333332149e+00,-2.216029637034919730e-01
9.416666666666666075e+00,-2.214266677673760453e-01
9.437500000000000000e+00,-2.212138094476188699e-01
9.458333333333332149e+00,-2.209644341022043990e-01
9.479166666666666075e+00,-2.206785932189443411e-01
9.500000000000000000e+00,-2.203563444070943400e-01
9.520833333333332149e+00,-2.199977513879433078e-01
9.541666666666666075e+00,-2.196028839843800484e-01
9.562500000000000000e+00,-2.191718181094398366e-01
9.583333333333332149e+00,-2.187046357538327823e-01
9.604166666666666075e+00,-2.182014249724550659e-01
9.625000000000000000e+00,-2.176622798698834294e-01
9.645833333333332149e+00,-2.170873005848535653e-01
9.666666666666666075e+00,-2.164765932737219567e-01
9.687500000000000000e+00,-2.158302700929115026e-01
9.708333333333332149e+00,-2.151484491803423160e-01
9.729166666666666075e+00,-2.144312546358473903e-01
9.750000000000000000e+00,-2.136788165005762130e-01
9.770833333333332149e+00,-2.128912707353873834e-01
9.791666666666666075e+00,-2.120687591982338971e-01
9.812500000000000000e+00,-2.112114296205440389e-01
9.833333333333332149e+00,-2.103194355826018824e-01
9.854166666666666075e+00,-2.093929364879318911e-01
9.875000000000000000e+00,-2.084320975366918682e-01
9.895833333333332149e+00,-2.074370896980792800e-01
9.916666666666666075e+00,-2.064080896817557242e-01
9.937500000000000000e+00,-2.053452799082947089e-01
9.958333333333332149e+00,-2.042488484786575131e-01
9.979166666666666075e+00,-2.031189891427021832e-01
1.000000000000000000e+01,-2.019559012667305198e-01
1.002083333333333215e+01,-2.007597898000781922e-01
1.004166666666666607e+01,-1.995308652407526417e-01
1.006250000000000000e+01,-1.982693436001243537e-01
1.008333333333333215e+01,-1.969754463666761601e-01
1.010416666666666607e+01,-1.956494004688163202e-01
1.012500000000000000e+01,-1.942914382367609549e-01
1.014583333333333215e+01,-1.929017973634916117e-01
1.016666666666666607e+01,-1.914807208647944514e-01
1.018750000000000000e+01,-1.900284570383870275e-01
1.020833333333333215e+01,-1.885452594221398992e-01
1.022916666666666607e+01,-1.870313867513998252e-01
1.025000000000000000e+01,-1.854871029154220863e-01
1.027083333333333215e+01,-1.839126769129195704e-01
1.029166666666666607e+01,-1.823083828067355860e-01
1.031250000000000000e+01,-1.806744996776493972e-01
1.033333333333333215e+01,-1.790113115773219465e-01
1.035416666666666607e+01,-1.773191074803897871e-01
1.037500000000000000e+01,-1.755981812357159111e-01
1.039583333333333215e+01,-1.738488315168053577e-01
1.041666666666666607e+01,-1.720713617713946209e-01
1.043750000000000000e+01,-1.702660801702226556e-01
1.045833333333333215e+01,-1.684332995549927270e-01
1.047916666666666607e+01,-1.665733373855332600e-01
1.050000000000000000e+01,-1.646865156861671287e-01
1.052083333333333215e+01,-1.627731609912977384e-01
1.054166666666666607e+01,-1.608336042902213658e-01
1.056250000000000000e+01,-1.588681809711749715e-01
1.058333333333333215e+01,-1.568772307646288389e-01
1.060416666666666607e+01,-1.548610976858335320e-01
1.062500000000000000e+01,-1.528201299766312748e-01
1.064583333333333215e+01,-1.507546800465413006e-01
1.066666666666666607e+01,-1.486651044131293842e-01
1.068750000000000000e+01,-1.465517636416717451e-01
1.070833333333333215e+01,-1.444150222841239228e-01
1.072916666666666607e+01,-1.422552488174045893e-01
1.075000000000000000e+01,-1.400728155810054276e-01
1.077083333333333215e+01,-1.378680987139374037e-01
1.079166666666666607e+01,-1.356414780910245310e-01
1.081250000000000000e+01,-1.333933372585558164e-01
1.083333333333333215e+01,-1.311240633693063207e-01
1.085416666666666607e+01,-1.288340471169387713e-01
1.087500000000000000e+01,-1.265236826697963834e-01
1.089583333333333215e+01,-1.241933676040987561e-01
1.091666666666666607e+01,-1.218435028365515149e-01
1.093750000000000000e+01,-1.194744925563817339e-01
1.095833333333333215e+01,-1.170867441568103490e-01
1.097916666666666607e+01,-1.146806681659733318e-01
1.100000000000000000e+01,-1.122566781773033373e-01
1.102083333333333215e+01,-1.098151907793837589e-01
1.104166666666666607e+01,-1.073566254852870161e-01
1.106250000000000000e+01,-1.048814046614091888e-01
1.108333333333333215e+01,-1.023899534558131708e-01
1.110416666666666607e+01,-9.988269972609260805e-02
1.112500000000000000e+01,-9.736007396676878145e-02
1.114583333333333215e+01,-9.482250923623308791e-02
1.116666666666666607e+01,-9.227044108324740368e-02
1.118750000000000000e+01,-8.970430747301505470e-02
1.120833333333333215e+01,-8.712454871283481506e-02
1.122916666666666607e+01,-8.453160737735083974e-02
1.125000000000000000e+01,-8.192592823341132702e-02
1.127083333333333215e+01,-7.930795816454840053e-02
1.129166666666666607e+01,-7.667814609509247814e-02
1.131250000000000000e+01,-7.403694291393386750e-02
1.133333333333333215e+01,-7.138480139794459167e-02
1.135416666666666607e+01,-6.872217613507361489e-02
1.137500000000000000e+01,-6.604952344712847201e-02
1.139583333333333215e+01,-6.336730131225644380e-02
1.141666666666666607e+01,-6.067596928713861471e-02
1.143750000000000000e+01,-5.797598842891001081e-02
1.145833333333333215e+01,-5.526782121681914073e-02
1.147916666666666607e+01,-5.255193147364030370e-02
1.150000000000000000e+01,-4.982878428685213329e-02
1.152083333333333215e+01,-4.709884592959569932e-02
1.154166666666666607e+01,-4.436258378142591413e-02
1.156250000000000000e+01,-4.162046624886945462e-02
1.158333333333333215e+01,-3.887296268580307107e-02
1.160416666666666607e+01,-3.612054331366565396e-02
1.162500000000000000e+01,-3.336367914151781855e-02
1.164583333333333215e+01,-3.060284188596265956e-02
1.166666666666666607e+01,-2.783850389094122760e-02
1.168750000000000000e+01,-2.507113804741657043e-02
1.170833333333333215e+01,-2.230121771295999825e-02
1.172916666666666607e+01,-1.952921663125323920e-02
1.175000000000000000e+01,-1.675560885152035592e-02
1.177083333333333215e+01,-1.398086864790304938e-02
1.179166666666666607e+01,-1.120547043879321567e-02
1.181250000000000000e+01,-8.429888706136458298e-03
1.183333333333333215e+01,-5.654597914720394837e-03
1.185416666666666607e+01,-2.880072431461489380e-03
1.187500000000000000e+01,-1.067864447042302854e-04
1.189583333333333215e+01,2.664786116453573064e-03
1.191666666666666607e+01,5.434171662795596845e-03
1.193750000000000000e+01,8.200897025568124402e-03
1.195833333333333215e+01,1.096448953699372640e-02
1.197916666666666607e+01,1.372447711070373319e-02
1.200000000000000000e+01,1.648038832207575008e-02
1.202083333333333215e+01,1.923175248846249047e-02
1.204166666666666607e+01,2.197809974929822510e-02
1.206250000000000000e+01,2.471896114606911277e-02
1.208333333333333215e+01,2.745386870213382263e-02
1.210416666666666607e+01,3.018235550238068318e-02
1.212500000000000000e+01,3.290395577270788241e-02
1.214583333333333215e+01,3.561820495931301150e-02
1.216666666666666607e+01,3.832463980777846974e-02
1.218750000000000000e+01,4.102279844193918584e-02
1.220833333333333215e+01,4.371222044251917710e-02
1.222916666666666607e+01,4.639244692552346033e-02
1.225000000000000000e+01,4.906302062037201650e-02
1.227083333333333215e+01,5.172348594776231268e-02
1.229166666666666607e+01,5.437338909724717673e-02
1.231250000000000000e+01,5.701227810451468120e-02
1.233333333333333215e+01,5.963970292835689413e-02
1.235416666666666607e+01,6.225521552731420882e-02
1.237500000000000000e+01,6.485836993598233235e-02
1.239583333333333215e+01,6.744872234096865871e-02
1.241666666666666607e+01,7.002583115648521039e-02
1.243750000000000000e+01,7.258925709956512429e-02
1.245833333333333215e+01,7.513856326488982385e-02
1.247916666666666607e+01,7.767331519921411020e-02
1.250000000000000000e+01,8.019308097537637681e-02
1.252083333333333215e+01,8.269743126588137427e-02
1.254166666666666607e+01,8.518593941604286901e-02
1.256250000000000000e+01,8.765818151667364999e-02
1.258333333333333215e+01,9.011373647631053252e-02
1.260416666666666607e+01,9.255218609296199384e-02
1.262500000000000000e+01,9.497311512536603384e-02
1.264583333333333215e+01,9.737611136374631216e-02
1.266666666666666607e+01,9.976076570005419641e-02
1.268750000000000000e+01,1.021266721976849257e-01
1.270833333333333215e+01,1.044734281606557041e-01
1.272916666666666607e+01,1.068006342022342903e-01
1.275000000000000000e+01,1.091078943130059375e-01
1.277083333333333215e+01,1.113948159283672523e-01
1.279166666666666607e+01,1.136610099954354219e-01
1.281250000000000000e+01,1.159060910393614058e-01
1.283333333333333215e+01,1.181296772290355845e-01
1.285416666666666607e+01,1.203313904421748209e-01
1.287500000000000000e+01,1.225108563297798020e-01
1.289583333333333215e+01,1.246677043799515466e-01
1.291666666666666607e+01,1.268015679810561847e-01
1.293750000000000000e+01,1.289120844842274738e-01
1.295833333333333215e+01,1.309988952651960081e-01
1.297916666666666607e+01,1.330616457854348067e-01
1.300000000000000000e+01,1.350999856526110265e-01
1.302083333333333215e+01,1.371135686803329201e-01
1.304166666666666607e+01,1.391020529471826694e-01
1.306250000000000000e+01,1.410651008550243279e-01
1.308333333333333215e+01,1.430023791865773219e-01
1.310416666666666607e+01,1.449135591622457420e-01
1.312500000000000000e+01,1.467983164961935705e-01
1.314583333333333215e+01,1.486563314516565482e-01
1.316666666666666607e+01,1.504872888954812971e-01
1.318750000000000000e+01,1.522908783518820142e-01
1.320833333333333215e+01,1.540667940554064086e-01
1.322916666666666607e+01,1.558147350031012235e-01
1.325000000000000000e+01,1.575344050058690160e-01
1.327083333333333215e+01,1.592255127390071745e-01
1.329166666666666607e+01,1.608877717919208195e-01
1.331250000000000000e+01,1.625209007170014264e-01
1.333333333333333215e+01,1.641246230776623183e-01
1.335416666666666607e+01,1.656986674955237271e-01
1.337500000000000000e+01,1.672427676967388754e-01
1.339583333333333215e+01,1.687566625574535295e-01
1.341666666666666607e+01,1.702400961483914732e-01
1.343750000000000000e+01,1.716928177785583265e-01
1.345833333333333215e+01,1.731145820380561307e-01
1.347916666666666607e+01,1.745051488400018724e-01
1.350000000000000000e+01,1.758642834615425643e-01
1.352083333333333215e+01,1.771917565839601916e-01
1.354166666666666607e+01,1.784873443318593655e-01
1.356250000000000000e+01,1.797508283114313543e-01
1.358333333333333215e+01,1.809819956477877467e-01
1.360416666666666607e+01,1.821806390213570603e-01
1.362500000000000000e+01,1.833465567033383536e-01
1.364583333333333215e+01,1.844795525902053479e-01
1.366666666666666607e+01,1.855794362372547579e-01
1.368750000000000000e+01,1.866460228911928365e-01
1.370833333333333215e+01,1.876791335217541934e-01
1.372916666666666607e+01,1.886785948523466983e-01
1.375000000000000000e+01,1.896442393897163903e-01
1.377083333333333215e+01,1.905759054526270369e-01
1.379166666666666607e+01,1.914734371995477080e-01
1.381250000000000000e+01,1.923366846553429821e-01
1.383333333333333215e+01,1.931655037369596484e-01
1.385416666666666607e+01,1.939597562781044671e-01
1.387500000000000000e+01,1.947193100529064080e-01
1.389583333333333215e+01,1.954440387985583172e-01
1.391666666666666607e+01,1.961338222369315432e-01
1.393750000000000000e+01,1.967885460951584731e-01
1.395833333333333215e+01,1.974081021251765378e-01
1.397916666666666607e+01,1.979923881222283855e-01
1.400000000000000000e+01,1.985413079423131166e-01
1.402083333333333215e+01,1.990547715185825572e-01
1.404166666666666607e+01,1.995326948766779906e-01
1.406250000000000000e+01,1.999750001490022133e-01
1.408333333333333215e+01,2.003816155879223626e-01
1.410416666666666607e+01,2.007524755778997971e-01
1.412500000000000000e+01,2.010875206465423393e-01
1.414583333333333215e+01,2.013866974745767424e-01
1.416666666666666607e+01,2.016499589047377472e-01
1.418750000000000000e+01,2.018772639495720056e-01
1.420833333333333215e+01,2.020685777981550413e-01
1.422916666666666607e+01,2.022238718217208853e-01
1.425000000000000000e+01,2.023431235782032767e-01
1.427083333333333215e+01,2.024263168156895387e-01
1.429166666666666607e+01,2.024734414747877687e-01
1.431250000000000000e+01,2.024844936899088954e-01
1.433333333333333215e+01,2.024594757894659647e-01
1.435416666666666607e+01,2.023983962949929827e-01
1.437500000000000000e+01,2.023012699191867048e-01
1.439583333333333215e+01,2.021681175628743388e-01
1.441666666666666607e+01,2.019989663109109379e-01
1.443750000000000000e+01,2.017938494270107019e-01
1.445833333333333215e+01,2.015528063475151566e-01
1.447916666666666607e+01,2.012758826741031515e-01
1.450000000000000000e+01,2.009631301654458690e-01
1.452083333333333215e+01,2.006146067278112566e-01
1.454166666666666607e+01,2.002303764046207413e-01
1.456250000000000000e+01,1.998105093649628627e-01
1.458333333333333215e+01,1.993550818910665712e-01
1.460416666666666607e+01,1.988641763647375771e-01
1.462500000000000000e+01,1.983378812527612500e-01
1.464583333333333215e+01,1.977762910912750360e-01
1.466666666666666607e+01,1.971795064691131139e-01
1.468750000000000000e+01,1.965476340101271202e-01
1.470833333333333215e+01,1.958807863544852479e-01
1.472916666666666607e+01,1.951790821389531028e-01
1.475000000000000000e+01,1.944426459761599002e-01
1.477083333333333215e+01,1.936716084328528042e-01
1.479166666666666607e+01,1.928661060071432398e-01
1.481250000000000000e+01,1.920262811047485918e-01
1.483333333333333215e+01,1.911522820142334544e-01
1.485416666666666607e+01,1.902442628812540393e-01
1.487500000000000000e+01,1.893023836818103212e-01
1.489583333333333215e+01,1.883268101945098083e-01
1.491666666666666607e+01,1.873177139718479878e-01
1.493750000000000000e+01,1.862752723105097208e-01
1.495833333333333215e+01,1.851996682206965839e-01
1.497916666666666607e+01,1.840910903944854848e-01
1.500000000000000000e+01,1.829497331732228838e-01
1.502083333333333215e+01,1.817757965139610576e-01
1.504166666666666607e+01,1.805694859549407671e-01
1.506250000000000000e+01,1.793310125801268196e-01
1.508333333333333215e+01,1.780605929828018574e-01
1.510416666666666607e+01,1.767584492282241737e-01
1.512500000000000000e+01,1.754248088153559648e-01
1.514583333333333215e+01,1.740599046376682391e-01
1.516666666666666607e+01,1.726639749430287918e-01
1.518750000000000000e+01,1.712372632926793536e-01
1.520833333333333215e+01,1.697800185193097666e-01
1.522916666666666607e+01,1.682924946842350722e-01
1.525000000000000000e+01,1.667749510336830610e-01
1.527083333333333215e+01,1.652276519542000000e-01
1.529166666666666607e+01,1.636508669271812821e-01
1.531250000000000000e+01,1.620448704825350750e-01
1.533333333333333215e+01,1.604099421514867674e-01
1.535416666666666607e+01,1.587463664185321810e-01
1.537500000000000000e+01,1.570544326725473450e-01
1.539583333333333215e+01,1.553344351570634385e-01
1.541666666666666607e+01,1.535866729197152281e-01
1.543750000000000000e+01,1.518114497608715474e-01
1.545833333333333215e+01,1.500090741814563422e-01
1.547916666666666607e+01,1.481798593299693267e-01
1.550000000000000000e+01,1.463241229487150241e-01
1.552083333333333215e+01,1.444421873192494599e-01
1.554166666666666607e+01,1.425343792070534465e-01
1.556250000000000000e+01,1.406010298054423124e-01
1.558333333333333215e+01,1.386424746787209561e-01
1.560416666666666607e+01,1.366590537045941911e-01
1.562500000000000000e+01,1.346511110158423452e-01
1.564583333333333215e+01,1.326189949412714675e-01
1.566666666666666607e+01,1.305630579459486074e-01
1.568750000000000000e+01,1.284836565707321576e-01
1.570833333333333215e+01,1.263811513711075307e-01
1.572916666666666607e+01,1.242559068553384799e-01
1.575000000000000000e+01,1.221082914219448201e-01
1.577083333333333215e+01,1.199386772965169989e-01
1.579166666666666607e+01,1.177474404678782866e-01
1.581250000000000000e+01,1.155349606236054233e-01
1.583333333333333215e+01,1.133016210849188687e-01
1.585416666666666607e+01,1.110478087409535186e-01
1.587500000000000000e+01,1.087739139824211859e-01
1.589583333333333215e+01,1.064803306346760875e-01
1.591666666666666607e+01,1.041674558901947850e-01
1.593750000000000000e+01,1.018356902404820158e-01
1.595833333333333215e+01,9.948543740741397357e-02
1.597916666666666607e+01,9.711710427403084933e-02
1.600000000000000000e+01,9.473110081479013678e-02
1.602083333333333215e+01,9.232784002529298428e-02
1.604166666666666430e+01,8.990773785149516750e-02
1.606250000000000000e+01,8.747121311841482560e-02
1.608333333333333215e+01,8.501868745834932628e-02
1.610416666666666430e+01,8.255058523861319442e-02
1.612500000000000000e+01,8.006733348880958057e-02
1.614583333333333215e+01,7.756936182764750942e-02
1.616666666666666430e+01,7.505710238931759259e-02
1.618750000000000000e+01,7.253098974943843202e-02
1.620833333333333215e+01,6.999146085058680078e-02
1.622916666666666430e+01,6.743895492742368880e-02
1.625000000000000000e+01,6.487391343142949462e-02
1.627083333333333215e+01,6.229677995526087392e-02
1.629166666666666430e+01,5.970800015674227607e-02
1.631250000000000000e+01,5.710802168250504740e-02
1.633333333333333215e+01,5.449729409128713231e-02
1.635416666666666430e+01,5.187626877690647981e-02
1.637500000000000000e+01,4.924539889092120065e-02
1.639583333333333215e+01,4.660513926498968673e-02
1.641666666666666430e+01,4.395594633294398756e-02
1.643750000000000000e+01,4.129827805258956541e-02
1.645833333333333215e+01,3.863259382724491819e-02
1.647916666666666430e+01,3.595935442703437207e-02
1.650000000000000000e+01,3.327902190994739412e-02
1.652083333333333215e+01,3.059205954267797678e-02
1.654166666666666430e+01,2.789893172125759019e-02
1.656250000000000000e+01,2.520010389149509103e-02
1.658333333333333215e+01,2.249604246923734077e-02
1.660416666666666430e+01,1.978721476046397740e-02
1.662500000000000000e+01,1.707408888123002760e-02
1.664583333333333215e+01,1.435713367747003082e-02
1.666666666666666430e+01,1.163681864467727006e-02
1.668750000000000000e+01,8.913613847471893795e-03
1.670833333333333215e+01,6.187989839071565343e-03
1.672916666666666430e+01,3.460417580678433209e-03
1.675000000000000000e+01,7.313683607961295532e-04
1.677083333333333215e+01,-1.998686285509426383e-03
1.679166666666666430e+01,-4.729274657391658795e-03
1.681250000000000000e+01,-7.459924969033617827e-03
1.683333333333333215e+01,-1.019016543047312692e-02
1.685416666666666430e+01,-1.291952432842903738e-02
1.687500000000000000e+01,-1.564753010711474046e-02
1.689583333333333215e+01,-1.837371144902524844e-02
1.691666666666666430e+01,-2.109759735568393288e-02
1.693750000000000000e+01,-2.381871722833530519e-02
1.695833333333333215e+01,-2.653660094856991752e-02
1.697916666666666430e+01,-2.925077895886770557e-02
1.700000000000000000e+01,-3.196078234304605692e-02
1.702083333333333215e+01,-3.466614290659877223e-02
1.704166666666666430e+01,-3.736639325691235025e-02
1.706250000000000000e+01,-4.006106688334577087e-02
1.708333333333333215e+01,-4.274969823716017608e-02
1.710416666666666430e+01,-4.543182281128482769e-02
1.712500000000000000e+01,-4.810697721990567916e-02
1.714583333333333215e+01,-5.077469927786296827e-02
1.716666666666666430e+01,-5.343452807984434144e-02
1.718750000000000000e+01,-5.608600407935990240e-02
1.720833333333333215e+01,-5.872866916748580024e-02
1.722916666666666430e+01,-6.136206675136282596e-02
1.725000000000000000e+01,-6.398574183243660451e-02
1.727083333333333215e+01,-6.659924108442617785e-02
1.729166666666666430e+01,-6.920211293100747563e-02
1.731250000000000000e+01,-7.179390762319839969e-02
1.733333333333333215e+01,-7.437417731643264363e-02
1.735416666666666430e+01,-7.694247614730855001e-02
1.737500000000000000e+01,-7.949836031000034886e-02
1.739583333333333215e+01,-8.204138813231855176e-02
1.741666666666666430e+01,-8.457112015140640093e-02
1.743750000000000000e+01,-8.708711918905968907e-02
1.745833333333333215e+01,-8.958895042665690478e-02
1.747916666666666430e+01,-9.207618147968696376e-02
1.750000000000000000e+01,-9.454838247186175826e-02
1.752083333333333215e+01,-9.700512610880096531e-02
1.754166666666666430e+01,-9.944598775127638790e-02
1.756250000000000000e+01,-1.018705454880034500e-01
1.758333333333333215e+01,-1.042783802079673278e-01
1.760416666666666430e+01,-1.066690756722714489e-01
1.762500000000000000e+01,-1.090422185854959397e-01
1.764583333333333215e+01,-1.113973986665540428e-01
1.766666666666666430e+01,-1.137342087190342105e-01
1.768750000000000000e+01,-1.160522447010160080e-01
1.770833333333333215e+01,-1.183511057943478356e-01
1.772916666666666430e+01,-1.206303944733747024e-01
1.775000000000000000e+01,-1.228897165731042268e-01
1.777083333333333215e+01,-1.251286813567993872e-01
1.779166666666666430e+01,-1.273469015829862550e-01
1.781250000000000000e+01,-1.295439935718656621e-01
1.783333333333333215e+01,-1.317195772711169111e-01
1.785416666666666430e+01,-1.338732763210831456e-01
1.787500000000000000e+01,-1.360047181193261012e-01
1.789583333333333215e+01,-1.381135338845407012e-01
1.791666666666666430e+01,-1.401993587198172020e-01
1.793750000000000000e+01,-1.422618316752409517e-01
1.795833333333333215e+01,-1.443005958098191044e-01
1.797916666666666430e+01,-1.463152982527233248e-01
1.800000000000000000e+01,-1.483055902638384382e-01
1.802083333333333215e+01,-1.502711272936065601e-01
1.804166666666666430e+01,-1.522115690421566581e-01
1.806250000000000000e+01,-1.541265795177094722e-01
1.808333333333333215e+01,-1.560158270942476888e-01
1.810416666666666430e+01,-1.578789845684421822e-01
1.812500000000000000e+01,-1.597157292158239150e-01
1.814583333333333215e+01,-1.615257428461925604e-01
1.816666666666666430e+01,-1.633087118582522701e-01
1.818750000000000000e+01,-1.650643272934652628e-01
1.820833333333333215e+01,-1.667922848891143506e-01
1.822916666666666430e+01,-1.684922851305653557e-01
1.825000000000000000e+01,-1.701640333027205076e-01
1.827083333333333215e+01,-1.718072395406542718e-01
1.829166666666666430e+01,-1.734216188794231450e-01
1.831250000000000000e+01,-1.750068913030405904e-01
1.833333333333333215e+01,-1.765627817926095078e-01
1.835416666666666430e+01,-1.780890203736037736e-01
1.837500000000000000e+01,-1.795853421622906343e-01
1.839583333333333215e+01,-1.810514874112865158e-01
1.841666666666666430e+01,-1.824872015542385317e-01
1.843750000000000000e+01,-1.838922352496238644e-01
1.845833333333333215e+01,-1.852663444236595791e-01
1.847916666666666430e+01,-1.866092903123159064e-01
1.850000000000000000e+01,-1.879208395024254130e-01
1.852083333333333215e+01,-1.892007639718809864e-01
1.854166666666666430e+01,-1.904488411289159966e-01
1.856250000000000000e+01,-1.916648538504595045e-01
1.858333333333333215e+01,-1.928485905195596317e-01
1.860416666666666430e+01,-1.939998450618686532e-01
1.862500000000000000e+01,-1.951184169811829294e-01
1.864583333333333215e+01,-1.962041113940315995e-01
1.866666666666666430e+01,-1.972567390633069295e-01
1.868750000000000000e+01,-1.982761164309304880e-01
1.870833333333333215e+01,-1.992620656495483478e-01
1.872916666666666430e+01,-2.002144146132492641e-01
1.875000000000000000e+01,-2.011329969872994727e-01
1.877083333333333215e+01,-2.020176522368878347e-01
1.879166666666666430e+01,-2.028682256548751395e-01
1.881250000000000000e+01,-2.036845683885415426e-01
1.883333333333333215e+01,-2.044665374653256984e-01
1.885416666666666430e+01,-2.052139958175498990e-01
1.887500000000000000e+01,-2.059268123061250289e-01
1.889583333333333215e+01,-2.066048617432293122e-01
1.891666666666666430e+01,-2.072480249139554420e-01
1.893750000000000000e+01,-2.078561885969199552e-01
1.895833333333333215e+01,-2.084292455838296920e-01
1.897916666666666430e+01,-2.089670946979999555e-01
1.900000000000000000e+01,-2.094696408118190967e-01
1.902083333333333215e+01,-2.099367948631552239e-01
1.904166666666666430e+01,-2.103684738707000679e-01
1.906250000000000000e+01,-2.107646009482462279e-01
1.908333333333333215e+01,-2.111251053178940240e-01
1.910416666666666430e+01,-2.114499223221848467e-01
1.912500000000000000e+01,-2.117389934351581460e-01
1.914583333333333215e+01,-2.119922662723298934e-01
1.916666666666666430e+01,-2.122096945995908535e-01
1.918750000000000000e+01,-2.123912383410234139e-01
1.920833333333333215e+01,-2.125368635856367816e-01
1.922916666666666430e+01,-2.126465425930198216e-01
1.925000000000000000e+01,-2.127202537979127339e-01
1.927083333333333215e+01,-2.127579818136978995e-01
1.929166666666666430e+01,-2.127597174348120623e-01
1.931250000000000000e+01,-2.127254576380807338e-01
1.933333333333333215e+01,-2.126552055829775967e-01
1.935416666666666430e+01,-2.125489706108113774e-01
1.937500000000000000e+01,-2.124067682428425197e-01
1.939583333333333215e+01,-2.122286201773327108e-01
1.941666666666666430e+01,-2.120145542855301213e-01
1.943750000000000000e+01,-2.117646046065935206e-01
1.945833333333333215e+01,-2.114788113414581561e-01
1.947916666666666430e+01,-2.111572208456465316e-01
1.950000000000000000e+01,-2.107998856210269445e-01
1.952083333333333215e+01,-2.104068643065230004e-01
1.954166666666666430e+01,-2.099782216677766877e-01
1.956250000000000000e+01,-2.095140285857679530e-01
1.958333333333333215e+01,-2.090143620443938588e-01
1.960416666666666430e+01,-2.084793051170097111e-01
1.962500000000000000e+01,-2.079089469519350697e-01
1.964583333333333215e+01,-2.073033827569278065e-01
1.966666666666666430e+01,-2.066627137826284322e-01
1.968750000000000000e+01,-2.059870473049782991e-01
1.970833333333333215e+01,-2.052764966066142893e-01
1.972916666666666430e+01,-2.045311809572433748e-01
1.975000000000000000e+01,-2.037512255930000737e-01
1.977083333333333215e+01,-2.029367616947906627e-01
1.979166666666666430e+01,-2.020879263656273628e-01
1.981250000000000000e+01,-2.012048626069565249e-01
1.983333333333333215e+01,-2.002877192939844508e-01
1.985416666666666430e+01,-1.993366511500051230e-01
1.987500000000000000e+01,-1.983518187197342297e-01
1.989583333333333215e+01,-1.973333883416533985e-01
1.991666666666666430e+01,-1.962815321193698281e-01
1.993750000000000000e+01,-1.951964278919954277e-01
1.995833333333333215e+01,-1.940782592035507903e-01
1.997916666666666430e+01,-1.929272152713986666e-01
2.000000000000000000e+01,-1.917434909537126531e-01
2.002083333333333215e+01,-1.905272867159854833e-01
2.004166666666666430e+01,-1.892788085965836919e-01
2.006250000000000000e+01,-1.879982681713530945e-01
2.008333333333333215e+01,-1.866858825172816871e-01
2.010416666666666430e+01,-1.853418741752257681e-01
2.012500000000000000e+01,-1.839664711117051654e-01
2.014583333333333215e+01,-1.825599066797743697e-01
2.016666666666666430e+01,-1.811224195789757074e-01
2.018750000000000000e+01,-1.796542538143814094e-01
2.020833333333333215e+01,-1.781556586547313747e-01
2.022916666666666430e+01,-1.766268885896736529e-01
2.025000000000000000e+01,-1.750682032861148874e-01
2.027083333333333215e+01,-1.734798675436879378e-01
2.029166666666666430e+01,-1.718621512493443415e-01
2.031250000000000000e+01,-1.702153293310789961e-01
2.033333333333333215e+01,-1.685396817107955303e-01
2.035416666666666430e+01,-1.668354932563193838e-01
2.037500000000000000e+01,-1.651030537325675340e-01
2.039583333333333215e+01,-1.633426577518827527e-01
2.041666666666666430e+01,-1.615546047235407179e-01
2.043750000000000000e+01,-1.597391988024388643e-01
2.045833333333333215e+01,-1.578967488369753813e-01
2.047916666666666430e+01,-1.560275683161271854e-01
2.050000000000000000e+01,-1.541319753157359695e-01
2.052083333333333215e+01,-1.522102924440114358e-01
2.054166666666666430e+01,-1.502628467862607009e-01
2.056250000000000000e+01,-1.482899698488537588e-01
2.058333333333333215e+01,-1.462919975024336572e-01
2.060416666666666430e+01,-1.442692699243821874e-01
2.062500000000000000e+01,-1.422221315405497177e-01
2.064583333333333215e+01,-1.401509309662598568e-01
2.066666666666666430e+01,-1.380560209465986621e-01
2.068750000000000000e+01,-1.359377582959985231e-01
2.070833333333333215e+01,-1.337965038371272675e-01
2.072916666666666430e+01,-1.316326223390923422e-01
2.075000000000000000e+01,-1.294464824549715343e-01
2.077083333333333215e+01,-1.272384566586794996e-01
2.079166666666666430e+01,-1.250089211811824808e-01
2.081250000000000000e+01,-1.227582559460705380e-01
2.083333333333333215e+01,-1.204868445044992853e-01
2.085416666666666430e+01,-1.181950739695118990e-01
2.087500000000000000e+01,-1.158833349497523646e-01
2.089583333333333215e+01,-1.135520214825815472e-01
2.091666666666666430e+01,-1.112015309666074120e-01
2.093750000000000000e+01,-1.088322640936408015e-01
2.095833333333333215e+01,-1.064446247800883566e-01
2.097916666666666430e+01,-1.040390200977943519e-01
2.100000000000000000e+01,-1.016158602043431697e-01
2.102083333333333215e+01,-9.917555827283429382e-02
2.104166666666666430e+01,-9.671853042114174348e-02
2.106250000000000000e+01,-9.424519564067020128e-02
2.108333333333333215e+01,-9.175597572461959006e-02
2.110416666666666430e+01,-8.925129519577072734e-02
2.112500000000000000e+01,-8.673158123380417250e-02
2.114583333333333215e+01,-8.419726360216456262e-02
2.116666666666666430e+01,-8.164877457448313502e-02
2.118750000000000000e+01,-7.908654886057085720e-02
2.120833333333333215e+01,-7.651102353199459860e-02
2.122916666666666430e+01,-7.392263794724948656e-02
2.125000000000000000e+01,-7.132183367653972816e-02
2.127083333333333215e+01,-6.870905442618097103e-02
2.129166666666666430e+01,-6.608474596263708145e-02
2.131250000000000000e+01,-6.344935603620416309e-02
2.133333333333333215e+01,-6.080333430435495151e-02
2.135416666666666430e+01,-5.814713225475664354e-02
2.137500000000000000e+01,-5.548120312797521353e-02
2.139583333333333215e+01,-5.280600183987942120e-02
2.141666666666666430e+01,-5.012198490375777138e-02
2.143750000000000000e+01,-4.742961035216167187e-02
2.145833333333333215e+01,-4.472933765848820242e-02
2.147916666666666430e+01,-4.202162765831562313e-02
2.150000000000000000e+01,-3.930694247050540296e-02
2.152083333333333215e+01,-3.658574541808395919e-02
2.154166666666666430e+01,-3.385850094891757617e-02
2.156250000000000000e+01,-3.112567455619428755e-02
2.158333333333333215e+01,-2.838773269872601340e-02
2.160416666666666430e+01,-2.564514272108471202e-02
2.162500000000000000e+01,-2.289837277358607384e-02
2.164583333333333215e+01,-2.014789173213452425e-02
2.166666666666666430e+01,-1.739416911794305562e-02
2.168750000000000000e+01,-1.463767501714170749e-02
2.170833333333333215e+01,-1.187888000028837834e-02
2.172916666666666430e+01,-9.118255041795645527e-03
2.175000000000000000e+01,-6.356271439287442503e-03
2.177083333333333215e+01,-3.593400732899252204e-03
2.179166666666666430e+01,-8.301146245356634881e-04
2.181250000000000000e+01,1.933115102900974424e-03
2.183333333333333215e+01,4.695816666296996969e-03
2.185416666666666430e+01,7.457518363115180071e-03
2.187500000000000000e+01,1.021774865217003371e-02
2.189583333333333215e+01,1.297603623437682853e-02
2.191666666666666430e+01,1.573191013346057071e-02
2.193750000000000000e+01,1.848489977661115988e-02
2.195833333333333215e+01,2.123453507507096216e-02
2.197916666666666430e+01,2.398034650464100914e-02
2.200000000000000000e+01,2.672186518609212524e-02
2.202083333333333215e+01,2.945862296546719605e-02
2.204166666666666430e+01,3.219015249426093045e-02
2.206250000000000000e+01,3.491598730946335327e-02
2.208333333333333215e+01,3.763566191345341788e-02
2.210416666666666430e+01,4.034871185372903429e-02
2.212500000000000000e+01,4.305467380246000980e-02
2.214583333333333215e+01,4.575308563585010757e-02
2.216666666666666430e+01,4.844348651329487276e-02
2.218750000000000000e+01,5.112541695632162597e-02
2.220833333333333215e+01,5.379841892729809311e-02
2.222916666666666430e+01,5.646203590789625193e-02
2.225000000000000000e+01,5.911581297729809337e-02
2.227083333333333215e+01,6.175929689012964879e-02
2.229166666666666430e+01,6.439203615411039083e-02
2.231250000000000000e+01,6.701358110740429641e-02
2.233333333333333215e+01,6.962348399565974899e-02
2.235416666666666430e+01,7.222129904872466588e-02
2.237500000000000000e+01,7.480658255702428427e-02
2.239583333333333215e+01,7.737889294758802661e-02
2.241666666666666430e+01,7.993779085971286502e-02
2.243750000000000000e+01,8.248283922024989001e-02
2.245833333333333215e+01,8.501360331850155161e-02
2.247916666666666430e+01,8.752965088071654187e-02
2.250000000000000000e+01,9.003055214416957885e-02
2.252083333333333215e+01,9.251587993081367145e-02
2.254166666666666430e+01,9.498520972049198652e-02
2.256250000000000000e+01,9.743811972369686991e-02
2.258333333333333215e+01,9.987419095386376733e-02
2.260416666666666430e+01,1.022930072991875272e-01
2.262500000000000000e+01,1.046941555939486929e-01
2.264583333333333215e+01,1.070772256893378765e-01
2.266666666666666430e+01,1.094418105237659894e-01
2.268750000000000000e+01,1.117875061926481561e-01
2.270833333333333215e+01,1.141139120176495603e-01
2.272916666666666430e+01,1.164206306153814652e-01
2.275000000000000000e+01,1.187072679655354485e-01
2.277083333333333215e+01,1.209734334784443172e-01
2.279166666666666430e+01,1.232187400620582407e-01
2.281250000000000000e+01,1.254428041883244860e-01
2.283333333333333215e+01,1.276452459589596800e-01
2.285416666666666430e+01,1.298256891706031368e-01
2.287500000000000000e+01,1.319837613793400921e-01
2.289583333333333215e+01,1.341190939645843239e-01
2.291666666666666430e+01,1.362313221923086015e-01
2.293750000000000000e+01,1.383200852776126366e-01
2.295833333333333215e+01,1.403850264466176001e-01
2.297916666666666430e+01,1.424257929976771309e-01
2.300000000000000000e+01,1.444420363618937331e-01
2.302083333333333215e+01,1.464334121629309315e-01
2.304166666666666430e+01,1.483995802761105542e-01
2.306250000000000000e+01,1.503402048867854279e-01
2.308333333333333215e+01,1.522549545479773003e-01
2.310416666666666430e+01,1.541435022372706354e-01
2.312500000000000000e+01,1.560055254129519842e-01
2.314583333333333215e+01,1.578407060693862163e-01
2.316666666666666430e+01,1.596487307916197584e-01
2.318750000000000000e+01,1.614292908092015977e-01
2.320833333333333215e+01,1.631820820492133894e-01
2.322916666666666430e+01,1.649068051884992336e-01
2.325000000000000000e+01,1.666031657050869863e-01
2.327083333333333215e+01,1.682708739287915867e-01
2.329166666666666430e+01,1.699096450909929057e-01
2.331250000000000000e+01,1.715191993735790121e-01
2.333333333333333215e+01,1.730992619570471958e-01
2.335416666666666430e+01,1.746495630677543376e-01
2.337500000000000000e+01,1.761698380243091611e-01
2.339583333333333215e+01,1.776598272830982317e-01
2.341666666666666430e+01,1.791192764829384332e-01
2.343750000000000000e+01,1.805479364888484539e-01
2.345833333333333215e+01,1.819455634349318174e-01
2.347916666666666430e+01,1.833119187663646010e-01
2.350000000000000000e+01,1.846467692804806826e-01
2.352083333333333215e+01,1.859498871669478248e-01
2.354166666666666430e+01,1.872210500470275207e-01
2.356250000000000000e+01,1.884600410119124658e-01
2.358333333333333215e+01,1.896666486601348289e-01
2.360416666666666430e+01,1.908406671340389382e-01
2.362500000000000000e+01,1.919818961553124703e-01
2.364583333333333215e+01,1.930901410595693701e-01
2.366666666666666430e+01,1.941652128299785340e-01
2.368750000000000000e+01,1.952069281299326498e-01
2.370833333333333215e+01,1.962151093347503650e-01
2.372916666666666430e+01,1.971895845624060672e-01
2.375000000000000000e+01,1.981301877032814185e-01
2.377083333333333215e+01,1.990367584489322883e-01
2.379166666666666430e+01,1.999091423198651740e-01
2.381250000000000000e+01,2.007471906923170013e-01
2.383333333333333215e+01,2.015507608240317272e-01
2.385416666666666430e+01,2.023197158790283889e-01
2.387500000000000000e+01,2.030539249513532707e-01
2.389583333333333215e+01,2.037532630878106654e-01
2.391666666666666430e+01,2.044176113096654313e-01
2.393750000000000000e+01,2.050468566333111531e-01
2.395833333333333215e+01,2.056408920898971926e-01
2.397916666666666430e+01,2.061996167439090200e-01
2.400000000000000000e+01,2.067229357106947496e-01
2.402083333333333215e+01,2.072107601729324122e-01
2.404166666666666430e+01,2.076630073960319955e-01
2.406250000000000000e+01,2.080796007424665917e-01
2.408333333333333215e+01,2.084604696850278216e-01
2.410416666666666430e+01,2.088055498190006520e-01
2.412500000000000000e+01,2.091147828732536351e-01
2.414583333333333215e+01,2.093881167202411575e-01
2.416666666666666430e+01,2.096255053849149508e-01
2.418750000000000000e+01,2.098269090525430036e-01
2.420833333333333215e+01,2.099922940754345713e-01
2.422916666666666430e+01,2.101216329785712544e-01
2.425000000000000000e+01,2.102149044641442310e-01
2.427083333333333215e+01,2.102720934149999166e-01
2.429166666666666430e+01,2.102931908969949137e-01
2.431250000000000000e+01,2.102781941602640814e-01
2.433333333333333215e+01,2.102271066394048593e-01
2.435416666666666430e+01,2.101399379525812627e-01
2.437500000000000000e+01,2.100167038995527924e-01
2.439583333333333215e+01,2.098574264586318128e-01
2.441666666666666430e+01,2.096621337825745612e-01
2.443750000000000000e+01,2.094308601934104508e-01
2.445833333333333215e+01,2.091636461762140520e-01
2.447916666666666430e+01,2.088605383718241948e-01
2.450000000000000000e+01,2.085215895685143261e-01
2.452083333333333215e+01,2.081468586926181752e-01
2.454166666666666430e+01,2.077364107981138908e-01
2.456250000000000000e+01,2.072903170551702867e-01
2.458333333333333215e+01,2.068086547376578876e-01
2.460416666666666430e+01,2.062915072096279112e-01
2.462500000000000000e+01,2.057389639107612689e-01
2.464583333333333215e+01,2.051511203407904715e-01
2.466666666666666430e+01,2.045280780428969380e-01
2.468750000000000000e+01,2.038699445860857329e-01
2.470833333333333215e+01,2.031768335465407860e-01
2.472916666666666430e+01,2.024488644879629540e-01
2.475000000000000000e+01,2.016861629408939760e-01
2.477083333333333215e+01,2.008888603810292384e-01
2.479166666666666430e+01,2.000570942065229563e-01
2.481250000000000000e+01,1.991910077142888258e-01
2.483333333333333215e+01,1.982907500753001706e-01
2.485416666666666430e+01,1.973564763088938301e-01
2.487500000000000000e+01,1.963883472560812027e-01
2.489583333333333215e+01,1.953865295518715517e-01
2.491666666666666430e+01,1.943511955966117366e-01
2.493750000000000000e+01,1.932825235263469221e-01
2.495833333333333215e+01,1.921806971822075105e-01
2.497916666666666430e+01,1.910459060788269881e-01
2.500000000000000000e+01,1.898783453717955705e-01
2.502083333333333215e+01,1.886782158241554763e-01
2.504166666666666430e+01,1.874457237719426295e-01
2.506250000000000000e+01,1.861810810887804812e-01
2.508333333333333215e+01,1.848845051495319192e-01
2.510416666666666430e+01,1.835562187930148137e-01
2.512500000000000000e+01,1.821964502837871980e-01
2.514583333333333215e+01,1.808054332730085478e-01
2.516666666666666430e+01,1.793834067583833236e-01
2.518750000000000000e+01,1.779306150431936850e-01
2.520833333333333215e+01,1.764473076944276242e-01
2.522916666666666430e+01,1.749337395000101769e-01
2.525000000000000000e+01,1.733901704251444853e-01
2.527083333333333215e+01,1.718168655677699275e-01
2.529166666666666430e+01,1.702140951131453361e-01
2.531250000000000000e+01,1.685821342875644946e-01
2.533333333333333215e+01,1.669212633112120148e-01
2.535416666666666430e+01,1.652317673501676187e-01
2.537500000000000000e+01,1.635139364675667062e-01
2.539583333333333215e+01,1.617680655739260065e-01
2.541666666666666430e+01,1.599944543766418648e-01
2.543750000000000000e+01,1.581934073286707376e-01
2.545833333333333215e+01,1.563652335763996981e-01
2.547916666666666430e+01,1.545102469067162754e-01
2.550000000000000000e+01,1.526287656932864834e-01
2.552083333333333215e+01,1.507211128420498369e-01
2.554166666666666430e+01,1.487876157359410145e-01
2.556250000000000000e+01,1.468286061788470209e-01
2.558333333333333215e+01,1.448444203388099261e-01
2.560416666666666430e+01,1.428353986904841721e-01
2.562500000000000000e+01,1.408018859568588299e-01
2.564583333333333215e+01,1.387442310502541298e-01
2.566666666666666430e+01,1.366627870126027045e-01
2.568750000000000000e+01,1.345579109550257002e-01
2.570833333333333215e+01,1.324299639967136955e-01
2.572916666666666430e+01,1.302793112031232492e-01
2.575000000000000000e+01,1.281063215234992669e-01
2.577083333333333215e+01,1.259113677277342302e-01
2.579166666666666430e+01,1.236948263425745598e-01
2.581250000000000000e+01,1.214570775871855191e-01
2.583333333333333215e+01,1.191985053080851231e-01
2.585416666666666430e+01,1.169194969134584594e-01
2.587500000000000000e+01,1.146204433068635509e-01
2.589583333333333215e+01,1.123017388203399608e-01
2.591666666666666430e+01,1.099637811469316023e-01
2.593750000000000000e+01,1.076069712726352157e-01
2.595833333333333215e+01,1.052317134077859900e-01
2.597916666666666430e+01,1.028384149178922374e-01
2.600000000000000000e+01,1.004274862539307617e-01
2.602083333333333215e+01,9.799934088211464944e-02
2.604166666666666430e+01,9.555439521314575135e-02
2.606250000000000000e+01,9.309306853096364909e-02
2.608333333333333215e+01,9.061578292100334886e-02
2.610416666666666430e+01,8.812296319797398303e-02
2.612500000000000000e+01,8.561503683317066293e-02
2.614583333333333215e+01,8.309243388133213948e-02
2.616666666666666430e+01,8.055558690705641456e-02
2.618750000000000000e+01,7.800493091078709862e-02
2.620833333333333215e+01,7.544090325438308764e-02
2.622916666666666430e+01,7.286394358628414669e-02
2.625000000000000000e+01,7.027449376628520927e-02
2.627083333333333215e+01,6.767299778993232651e-02
2.629166666666666430e+01,6.505990171255299215e-02
2.631250000000000000e+01,6.243565357293383300e-02
2.633333333333333215e+01,5.980070331665882782e-02
2.635416666666666430e+01,5.715550271912078067e-02
2.637500000000000000e+01,5.450050530821960032e-02
2.639583333333333215e+01,5.183616628676022270e-02
2.641666666666666430e+01,4.916294245456355461e-02
2.643750000000000000e+01,4.648129213030369189e-02
2.645833333333333215e+01,4.379167507308472790e-02
2.647916666666666430e+01,4.109455240377053731e-02
2.650000000000000000e+01,3.839038652608092739e-02
2.652083333333333215e+01,3.567964104746769449e-02
2.654166666666666430e+01,3.296278069978389458e-02
2.656250000000000000e+01,3.024027125976008409e-02
2.658333333333333215e+01,2.751257946930092332e-02
2.660416666666666430e+01,2.478017295561580485e-02
2.662500000000000000e+01,2.204352015119718372e-02
2.664583333333333215e+01,1.930309021366014011e-02
2.666666666666666430e+01,1.655935294545691702e-02
2.668750000000000000e+01,1.381277871348017376e-02
2.670833333333333215e+01,1.106383836856856227e-02
2.672916666666666430e+01,8.313003164928441796e-03
2.675000000000000000e+01,5.560744679485463832e-03
2.677083333333333215e+01,2.807534731179755615e-03
2.679166666666666430e+01,5.384530021850784693e-05
2.681250000000000000e+01,-2.699851552700282317e-03
2.683333333333333215e+01,-5.453083767179111967e-03
2.685416666666666430e+01,-8.205379363913540419e-03
2.687500000000000000e+01,-1.095626652547223440e-02
2.689583333333333215e+01,-1.370527367705069895e-02
2.691666666666666430e+01,-1.645192956718492111e-02
2.693750000000000000e+01,-1.919576334841113785e-02
2.695833333333333215e+01,-2.193630465785798359e-02
2.697916666666666430e+01,-2.467308369775720808e-02
2.700000000000000000e+01,-2.740563131585928638e-02
2.702083333333333215e+01,-3.013347908574014189e-02
2.704166666666666430e+01,-3.285615938698527999e-02
2.706250000000000000e+01,-3.557320548523766612e-02
2.708333333333333215e+01,-3.828415161209566125e-02
2.710416666666666430e+01,-4.098853304484733479e-02
2.712500000000000000e+01,-4.368588618602761015e-02
2.714583333333333215e+01,-4.637574864278461162e-02
2.716666666666666430e+01,-4.905765930604163994e-02
2.718750000000000000e+01,-5.173115842944134291e-02
2.720833333333333215e+01,-5.439578770805843233e-02
2.722916666666666430e+01,-5.705109035686767999e-02
2.725000000000000000e+01,-5.969661118895373125e-02
2.727083333333333215e+01,-6.233189669344926104e-02
2.729166666666666430e+01,-6.495649511318833669e-02
2.731250000000000000e+01,-6.756995652206154723e-02
2.733333333333333215e+01,-7.017183290205991630e-02
2.735416666666666430e+01,-7.276167821999413032e-02
2.737500000000000000e+01,-7.533904850387618257e-02
2.739583333333333215e+01,-7.790350191895040188e-02
2.741666666666666430e+01,-8.045459884336068901e-02
2.743750000000000000e+01,-8.299190194344119309e-02
2.745833333333333215e+01,-8.551497624861752189e-02
2.747916666666666430e+01,-8.802338922590564885e-02
2.750000000000000000e+01,-9.051671085399581873e-02
2.752083333333333215e+01,-9.299451369690879543e-02
2.754166666666666430e+01,-9.545637297721183689e-02
2.756250000000000000e+01,-9.790186664878190725e-02
2.758333333333333215e+01,-1.003305754691036222e-01
2.760416666666666430e+01,-1.027420830710898125e-01
2.762500000000000000e+01,-1.051359760344120486e-01
2.764583333333333215e+01,-1.075118439563292894e-01
2.766666666666666430e+01,-1.098692795220023999e-01
2.768750000000000000e+01,-1.122078785742824658e-01
2.770833333333333215e+01,-1.145272401829611764e-01
2.772916666666666430e+01,-1.168269667134712031e-01
2.775000000000000000e+01,-1.191066638950251250e-01
2.777083333333333215e+01,-1.213659408881809926e-01
2.779166666666666430e+01,-1.236044103518231796e-01
2.781250000000000000e+01,-1.258216885095470028e-01
2.783333333333333215e+01,-1.280173952154358974e-01
2.785416666666666430e+01,-1.301911540192197680e-01
2.787500000000000000e+01,-1.323425922308034408e-01
2.789583333333333215e+01,-1.344713409841544194e-01
2.791666666666666430e+01,-1.365770353005386906e-01
2.793750000000000000e+01,-1.386593141510941984e-01
2.795833333333333215e+01,-1.407178205187311071e-01
2.797916666666666430e+01,-1.427522014593481658e-01
2.800000000000000000e+01,-1.447621081623553796e-01
2.802083333333333215e+01,-1.467471960104916873e-01
2.804166666666666430e+01,-1.487071246389286838e-01
2.806250000000000000e+01,-1.506415579936491722e-01
2.808333333333333215e+01,-1.525501643890918302e-01
2.810416666666666430e+01,-1.544326165650509175e-01
2.812500000000000000e+01,-1.562885917428223914e-01
2.814583333333333215e+01,-1.581177716805867717e-01
2.816666666666666430e+01,-1.599198427280187629e-01
2.818750000000000000e+01,-1.616944958801151133e-01
2.820833333333333215e+01,-1.634414268302312456e-01
2.822916666666666430e+01,-1.651603360223178607e-01
2.825000000000000000e+01,-1.668509287023485221e-01
2.827083333333333215e+01,-1.685129149689297556e-01
2.829166666666666430e+01,-1.701460098230848372e-01
2.831250000000000000e+01,-1.717499332172035542e-01
2.833333333333333215e+01,-1.733244101031485851e-01
2.835416666666666430e+01,-1.748691704795115598e-01
2.837500000000000000e+01,-1.763839494380100015e-01
2.839583333333333215e+01,-1.778684872090178504e-01
2.841666666666666430e+01,-1.793225292062214371e-01
2.843750000000000000e+01,-1.807458260703938280e-01
2.845833333333333215e+01,-1.821381337122797428e-01
2.847916666666666430e+01,-1.834992133545841342e-01
2.850000000000000000e+01,-1.848288315730566567e-01
2.852083333333333215e+01,-1.861267603366657808e-01
2.854166666666666430e+01,-1.873927770468548915e-01
2.856250000000000000e+01,-1.886266645758742089e-01
2.858333333333333215e+01,-1.898282113041812602e-01
2.860416666666666430e+01,-1.909972111569035458e-01
2.862500000000000000e+01,-1.921334636393570161e-01
2.864583333333333215e+01,-1.932367738716134764e-01
2.866666666666666430e+01,-1.943069526221110066e-01
2.868750000000000000e+01,-1.953438163403007077e-01
2.870833333333333215e+01,-1.963471871883238351e-01
2.872916666666666430e+01,-1.973168930717127123e-01
2.875000000000000000e+01,-1.982527676691096530e-01
2.877083333333333215e+01,-1.991546504609973123e-01
2.879166666666666430e+01,-2.000223867574349168e-01
2.881250000000000000e+01,-2.008558277247936008e-01
2.883333333333333215e+01,-2.016548304114855472e-01
2.885416666666666430e+01,-2.024192577726800224e-01
2.887500000000000000e+01,-2.031489786940013920e-01
2.889583333333333215e+01,-2.038438680142022064e-01
2.891666666666666430e+01,-2.045038065468062771e-01
2.893750000000000000e+01,-2.051286811007156652e-01
2.895833333333333215e+01,-2.057183844997759747e-01
2.897916666666666430e+01,-2.062728156012947067e-01
2.900000000000000000e+01,-2.067918793135073430e-01
2.902083333333333215e+01,-2.072754866119861927e-01
2.904166666666666430e+01,-2.077235545549875051e-01
2.906250000000000000e+01,-2.081360062977319625e-01
2.908333333333333215e+01,-2.085127711056155853e-01
2.910416666666666430e+01,-2.088537843663462734e-01
2.912500000000000000e+01,-2.091589876010041260e-01
2.914583333333333215e+01,-2.094283284740221796e-01
2.916666666666666430e+01,-2.096617608020860113e-01
2.918750000000000000e+01,-2.098592445619505698e-01
2.920833333333333215e+01,-2.100207458971733998e-01
2.922916666666666430e+01,-2.101462371237642068e-01
2.925000000000000000e+01,-2.102356967347505934e-01
2.927083333333333215e+01,-2.102891094036612174e-01
2.929166666666666430e+01,-2.103064659869275377e-01
2.931250000000000000e+01,-2.102877635252058119e-01
2.933333333333333215e+01,-2.102330052436217622e-01
2.935416666666666430e+01,-2.101422005509401281e-01
2.937500000000000000e+01,-2.100153650376622994e-01
2.939583333333333215e+01,-2.098525204730546656e-01
2.941666666666666430e+01,-2.096536948011110679e-01
2.943750000000000000e+01,-2.094189221354527675e-01
2.945833333333333215e+01,-2.091482427531687338e-01
2.947916666666666430e+01,-2.088417030876000280e-01
2.950000000000000000e+01,-2.084993557200712777e-01
2.952083333333333215e+01,-2.081212593705727698e-01
2.954166666666666430e+01,-2.077074788873956579e-01
2.956250000000000000e+01,-2.072580852357240322e-01
2.958333333333333215e+01,-2.067731554851864328e-01
2.960416666666666430e+01,-2.062527727963697488e-01
2.962500000000000000e+01,-2.056970264062986109e-01
2.964583333333333215e+01,-2.051060116128829436e-01
2.966666666666666430e+01,-2.044798297583367563e-01
2.968750000000000000e+01,-2.038185882115710890e-01
2.970833333333333215e+01,-2.031224003495642194e-01
2.972916666666666430e+01,-2.023913855377120485e-01
2.975000000000000000e+01,-2.016256691091624087e-01
2.977083333333333215e+01,-2.008253823431362106e-01
2.979166666666666430e+01,-1.999906624422394252e-01
2.981250000000000000e+01,-1.991216525087691203e-01
2.983333333333333215e+01,-1.982185015200181866e-01
2.985416666666666430e+01,-1.972813643025821684e-01
2.987500000000000000e+01,-1.963104015056725826e-01
2.989583333333333215e+01,-1.953057795734412794e-01
2.991666666666666430e+01,-1.942676707163204786e-01
2.993750000000000000e+01,-1.931962528813827018e-01
2.995833333333333215e+01,-1.920917097217260117e-01
2.997916666666666430e+01,-1.909542305648893046e-01
3.000000000000000000e+01,-1.897840103803028478e-01
3.002083333333333215e+01,-1.885812497457793335e-01
3.004166666666666430e+01,-1.873461548130511689e-01
3.006250000000000000e+01,-1.860789372723594404e-01
3.008333333333333215e+01,-1.847798143161002438e-01
3.010416666666666430e+01,-1.834490086015349020e-01
3.012500000000000000e+01,-1.820867482125692882e-01
3.014583333333333215e+01,-1.806932666206096105e-01
3.016666666666666430e+01,-1.792688026445003746e-01
3.018750000000000000e+01,-1.778136004095513534e-01
3.020833333333333215e+01,-1.763279093056607238e-01
3.022916666666666430e+01,-1.748119839445411161e-01
3.025000000000000000e+01,-1.732660841160555132e-01
3.027083333333333215e+01,-1.716904747436707457e-01
3.029166666666666430e+01,-1.700854258390360474e-01
3.031250000000000000e+01,-1.684512124556940271e-01
3.033333333333333215e+01,-1.667881146419321892e-01
3.035416666666666430e+01,-1.650964173927826628e-01
3.037500000000000000e+01,-1.633764106011784123e-01
3.039583333333333215e+01,-1.616283890082745311e-01
3.041666666666666430e+01,-1.598526521529422817e-01
3.043750000000000000e+01,-1.580495043204450389e-01
3.045833333333333215e+01,-1.562192544903046321e-01
3.047916666666666430e+01,-1.543622162833666878e-01
3.050000000000000000e+01,-1.524787079080743846e-01
3.052083333333333215e+01,-1.505690521059592502e-01
3.054166666666666430e+01,-1.486335760963585773e-01
3.056250000000000000e+01,-1.466726115203686454e-01
3.058333333333333215e+01,-1.446864943840433793e-01
3.060416666666666430e+01,-1.426755650008477982e-01
3.062500000000000000e+01,-1.406401679333766086e-01
3.064583333333333215e+01,-1.385806519343471266e-01
3.066666666666666430e+01,-1.364973698868768570e-01
3.068750000000000000e+01,-1.343906787440563300e-01
3.070833333333333215e+01,-1.322609394678267158e-01
3.072916666666666430e+01,-1.301085169671731545e-01
3.075000000000000000e+01,-1.279337800356439847e-01
3.077083333333333215e+01,-1.257371012882067540e-01
3.079166666666666430e+01,-1.235188570974516536e-01
3.081250000000000000e+01,-1.212794275291533136e-01
3.083333333333333215e+01,-1.190191962772017137e-01
3.085416666666666430e+01,-1.167385505979136179e-01
3.087500000000000000e+01,-1.144378812437353149e-01
3.089583333333333215e+01,-1.121175823963484336e-01
3.091666666666666430e+01,-1.097780515991897271e-01
3.093750000000000000e+01,-1.074196896893967051e-01
3.095833333333333215e+01,-1.050429007291904387e-01
3.097916666666666430e+01,-1.026480919367073752e-01
3.100000000000000000e+01,-1.002356736162918899e-01
3.102083333333333215e+01,-9.780605908826141281e-02
3.104166666666666430e+01,-9.535966461815616191e-02
3.106250000000000000e+01,-9.289690934548545942e-02
3.108333333333333215e+01,-9.041821521198284417e-02
3.110416666666666430e+01,-8.792400688938219189e-02
3.112500000000000000e+01,-8.541471170672704227e-02
3.114583333333333215e+01,-8.289075957722567833e-02
3.116666666666666430e+01,-8.035258292466430918e-02
3.118750000000000000e+01,-7.780061660939102675e-02
3.120833333333333215e+01,-7.523529785388292923e-02
3.122916666666666430e+01,-7.265706616790930383e-02
3.125000000000000000e+01,-7.006636327330356684e-02
3.127083333333333215e+01,-6.746363302835677034e-02
3.129166666666666430e+01,-6.484932135184547086e-02
3.131250000000000000e+01,-6.222387614670712996e-02
3.133333333333333215e+01,-5.958774722337584206e-02
3.135416666666666430e+01,-5.694138622279153877e-02
3.137500000000000000e+01,-5.428524653909581887e-02
3.139583333333333215e+01,-5.161978324202757401e-02
3.141666666666666430e+01,-4.894545299903156621e-02
3.143750000000000000e+01,-4.626271399709332849e-02
3.145833333333333215e+01,-4.357202586431368346e-02
3.147916666666666430e+01,-4.087384959123623734e-02
3.150000000000000000e+01,-3.816864745194120667e-02
3.152083333333333215e+01,-3.545688292491924049e-02
3.154166666666666430e+01,-3.273902061373844957e-02
3.156250000000000000e+01,-3.001552616751838529e-02
3.158333333333333215e+01,-2.728686620122441897e-02
3.160416666666666430e+01,-2.455350821579617773e-02
3.162500000000000000e+01,-2.181592051812362293e-02
3.164583333333333215e+01,-1.907457214088443403e-02
3.166666666666666430e+01,-1.632993276225636059e-02
3.168750000000000000e+01,-1.358247262551825520e-02
3.170833333333333215e+01,-1.083266245855350578e-02
3.172916666666666430e+01,-8.080973393269562724e-03
3.175000000000000000e+01,-5.327876884947345057e-03
3.177083333333333215e+01,-2.573844631534282380e-03
3.179166666666666430e+01,1.806515071052583270e-04
3.181250000000000000e+01,2.935139589968366065e-03
3.183333333333333215e+01,5.689147675707017550e-03
3.185416666666666430e+01,8.442203903422762501e-03
3.187500000000000000e+01,1.119383657344888601e-02
3.189583333333333215e+01,1.394357422810623033e-02
3.191666666666666430e+01,1.669094573241891935e-02
3.193750000000000000e+01,1.943548035477620645e-02
3.195833333333333215e+01,2.217670784752667421e-02
3.197916666666666430e+01,2.491415852749099408e-02
3.200000000000000000e+01,2.764736335637956594e-02
3.202083333333332860e+01,3.037585402110126731e-02
3.204166666666666430e+01,3.309916301394958543e-02
3.206250000000000000e+01,3.581682371265246245e-02
3.208333333333332860e+01,3.852837046027222934e-02
3.210416666666666430e+01,4.123333864494183737e-02
3.212500000000000000e+01,4.393126477942400215e-02
3.214583333333332860e+01,4.662168658047938924e-02
3.216666666666666430e+01,4.930414304803056730e-02
3.218750000000000000e+01,5.197817454410798288e-02
3.220833333333332860e+01,5.464332287156459245e-02
3.222916666666666430e+01,5.729913135254569023e-02
3.225000000000000000e+01,5.994514490670048434e-02
3.227083333333332860e+01,6.258091012912209150e-02
3.229166666666666430e+01,6.520597536800262772e-02
3.231250000000000000e+01,6.781989080199012088e-02
3.233333333333332860e+01,7.042220851723404729e-02
3.235416666666666430e+01,7.301248258410626690e-02
3.237500000000000000e+01,7.559026913358433963e-02
3.239583333333332860e+01,7.815512643328403897e-02
3.241666666666666430e+01,8.070661496312833694e-02
3.243750000000000000e+01,8.324429749063939898e-02
3.245833333333332860e+01,8.576773914584145952e-02
3.247916666666666430e+01,8.827650749576107514e-02
3.250000000000000000e+01,9.077017261851247354e-02
3.252083333333332860e+01,9.324830717695507809e-02
3.254166666666666430e+01,9.571048649191091218e-02
3.256250000000000000e+01,9.815628861492893542e-02
3.258333333333332860e+01,1.005852944005843214e-01
3.260416666666666430e+01,1.029970875783000755e-01
3.262500000000000000e+01,1.053912548236786567e-01
3.264583333333332860e+01,1.077673858293317077e-01
3.266666666666666430e+01,1.101250733751954619e-01
3.268750000000000000e+01,1.124639133983200145e-01
3.270833333333332860e+01,1.147835050621204833e-01
3.272916666666666430e+01,1.170834508250782197e-01
3.275000000000000000e+01,1.193633565088803306e-01
3.277083333333332860e+01,1.216228313659858951e-01
3.279166666666666430e+01,1.238614881466073431e-01
3.281250000000000000e+01,1.260789431650955472e-01
3.283333333333332860e+01,1.282748163657172757e-01
3.285416666666666430e+01,1.304487313878138488e-01
3.287500000000000000e+01,1.326003156303298680e-01
3.289583333333332860e+01,1.347292003157009033e-01
3.291666666666666430e+01,1.368350205530895480e-01
3.293750000000000000e+01,1.389174154009586437e-01
3.295833333333332860e+01,1.409760279289713203e-01
3.297916666666666430e+01,1.430105052792073062e-01
3.300000000000000000e+01,1.450204987266849599e-01
3.302083333333332860e+01,1.470056637391789489e-01
3.304166666666666430e+01,1.489656600363229999e-01
3.306250000000000000e+01,1.509001516479883120e-01
3.308333333333332860e+01,1.528088069719270303e-01
3.310416666666666430e+01,1.546912988306717862e-01
3.312500000000000000e+01,1.565473045276807029e-01
3.314583333333332860e+01,1.583765059027196220e-01
3.316666666666666430e+01,1.601785893864708377e-01
3.318750000000000000e+01,1.619532460543601227e-01
3.320833333333332860e+01,1.637001716795926376e-01
3.322916666666666430e+01,1.654190667853887298e-01
3.325000000000000000e+01,1.671096366964107682e-01
3.327083333333332860e+01,1.687715915893726604e-01
3.329166666666666430e+01,1.704046465428234736e-01
3.331250000000000000e+01,1.720085215860965577e-01
3.333333333333332860e+01,1.735829417474162029e-01
3.335416666666666430e+01,1.751276371011538657e-01
3.337500000000000000e+01,1.766423428142258056e-01
3.339583333333332860e+01,1.781267991916247184e-01
3.341666666666666430e+01,1.795807517210771809e-01
3.343750000000000000e+01,1.810039511168203830e-01
3.345833333333332860e+01,1.823961533624896825e-01
3.347916666666666430e+01,1.837571197531109313e-01
3.350000000000000000e+01,1.850866169361895242e-01
3.352083333333332860e+01,1.863844169518899252e-01
3.354166666666666430e+01,1.876502972722985940e-01
3.356250000000000000e+01,1.888840408397636506e-01
3.358333333333332860e+01,1.900854361043047558e-01
3.360416666666666430e+01,1.912542770600866304e-01
3.362500000000000000e+01,1.923903632809497166e-01
3.364583333333332860e+01,1.934934999549921264e-01
3.366666666666666430e+01,1.945634979181959656e-01
3.368750000000000000e+01,1.956001736870921770e-01
3.370833333333332860e+01,1.966033494904578516e-01
3.372916666666666430e+01,1.975728533000395137e-01
3.375000000000000000e+01,1.985085188602963846e-01
3.377083333333332860e+01,1.994101857171578229e-01
3.379166666666666430e+01,2.002776992457879213e-01
3.381250000000000000e+01,2.011109106773522337e-01
3.383333333333332860e+01,2.019096771247794742e-01
3.385416666666666430e+01,2.026738616075125510e-01
3.387500000000000000e+01,2.034033330752426094e-01
3.389583333333332860e+01,2.040979664306195318e-01
3.391666666666666430e+01,2.047576425509332332e-01
3.393750000000000000e+01,2.053822483087591466e-01
3.395833333333332860e+01,2.059716765915619030e-01
3.397916666666666430e+01,2.065258263202514877e-01
3.400000000000000000e+01,2.070446024666854345e-01
3.402083333333332860e+01,2.075279160701121728e-01
3.404166666666666430e+01,2.079756842525493921e-01
3.406250000000000000e+01,2.083878302330932353e-01
3.408333333333332860e+01,2.087642833411530174e-01
3.410416666666666430e+01,2.091049790286078347e-01
3.412500000000000000e+01,2.094098588808809558e-01
3.414583333333332860e+01,2.096788706269298308e-01
3.416666666666666430e+01,2.099119681481486921e-01
3.418750000000000000e+01,2.101091114861821929e-01
3.420833333333332860e+01,2.102702668496496397e-01
3.422916666666666430e+01,2.103954066197792072e-01
3.425000000000000000e+01,2.104845093549529700e-01
3.427083333333332860e+01,2.105375597941637755e-01
3.429166666666666430e+01,2.105545488593858205e-01
3.431250000000000000e+01,2.105354736568618712e-01
3.433333333333332860e+01,2.104803374773094871e-01
3.435416666666666430e+01,2.103891497950497180e-01
3.437500000000000000e+01,2.102619262660625765e-01
3.439583333333332860e+01,2.100986887249724211e-01
3.441666666666666430e+01,2.098994651809675260e-01
3.443750000000000000e+01,2.096642898126581667e-01
3.445833333333332860e+01,2.093932029618768842e-01
3.447916666666666430e+01,2.090862511264250378e-01
3.450000000000000000e+01,2.087434869517690583e-01
3.452083333333332860e+01,2.083649692216902050e-01
3.454166666666666430e+01,2.079507628478913517e-01
3.456250000000000000e+01,2.075009388585631331e-01
3.458333333333332860e+01,2.070155743859133923e-01
3.460416666666666430e+01,2.064947526526621779e-01
3.462500000000000000e+01,2.059385629575047338e-01
3.464583333333332860e+01,2.053471006595460058e-01
3.466666666666666430e+01,2.047204671617083305e-01
3.468750000000000000e+01,2.040587698931154714e-01
3.470833333333332860e+01,2.033621222904561099e-01
3.472916666666666430e+01,2.026306437783287062e-01
3.475000000000000000e+01,2.018644597485718395e-01
3.477083333333332860e+01,2.010637015385823845e-01
3.479166666666666430e+01,2.002285064086255784e-01
3.481250000000000000e+01,1.993590175181402246e-01
3.483333333333332860e+01,1.984553839010428644e-01
3.485416666666666430e+01,1.975177604400350229e-01
3.487500000000000000e+01,1.965463078399176944e-01
3.489583333333332860e+01,1.955411925999173406e-01
3.491666666666666430e+01,1.945025869850280087e-01
3.493750000000000000e+01,1.934306689963742332e-01
3.495833333333332860e+01,1.923256223405994114e-01
3.497916666666666430e+01,1.911876363982848714e-01
3.500000000000000000e+01,1.900169061914047386e-01
3.502083333333332860e+01,1.888136323498212921e-01
3.504166666666666430e+01,1.875780210768272505e-01
3.506250000000000000e+01,1.863102841137395937e-01
3.508333333333332860e+01,1.850106387035512778e-01
3.510416666666666430e+01,1.836793075536465036e-01
3.512500000000000000e+01,1.823165187975854806e-01
3.514583333333332860e+01,1.809225059559653181e-01
3.516666666666666430e+01,1.794975078963630954e-01
3.518750000000000000e+01,1.780417687923681602e-01
3.520833333333332860e+01,1.765555380817099007e-01
3.522916666666666430e+01,1.750390704234886519e-01
3.525000000000000000e+01,1.734926256545164247e-01
3.527083333333332860e+01,1.719164687447749251e-01
3.529166666666666430e+01,1.703108697519983006e-01
3.531250000000000000e+01,1.686761037753887749e-01
3.533333333333332860e+01,1.670124509084721653e-01
3.535416666666666430e+01,1.653201961911019424e-01
3.537500000000000000e+01,1.635996295606197692e-01
3.539583333333332860e+01,1.618510458021807374e-01
3.541666666666666430e+01,1.600747444982514589e-01
3.543750000000000000e+01,1.582710299772903118e-01
3.545833333333332860e+01,1.564402112616175011e-01
3.547916666666666430e+01,1.545826020144846769e-01
3.550000000000000000e+01,1.526985204863522128e-01
3.552083333333332860e+01,1.507882894603843338e-01
3.554166666666666430e+01,1.488522361971699737e-01
3.556250000000000000e+01,1.468906923786797436e-01
3.558333333333332860e+01,1.449039940514682823e-01
3.560416666666666430e+01,1.428924815691311190e-01
3.562500000000000000e+01,1.408564995340265968e-01
3.564583333333332860e+01,1.387963967382723207e-01
3.566666666666666430e+01,1.367125261040259554e-01
3.568750000000000000e+01,1.346052446230609767e-01
3.570833333333332860e+01,1.324749132956476172e-01
3.572916666666666430e+01,1.303218970687490263e-01
3.575000000000000000e+01,1.281465647735435254e-01
3.577083333333332860e+01,1.259492890622835592e-01
3.579166666666666430e+01,1.237304463445018793e-01
3.581250000000000000e+01,1.214904167225762249e-01
3.583333333333332860e+01,1.192295839266629964e-01
3.585416666666666430e+01,1.169483352490113676e-01
3.587500000000000000e+01,1.146470614776688990e-01
3.589583333333332860e+01,1.123261568295898655e-01
3.591666666666666430e+01,1.099860188831577601e-01
3.593750000000000000e+01,1.076270485101334939e-01
3.595833333333332860e+01,1.052496498070408237e-01
3.597916666666666430e+01,1.028542300260006509e-01
3.600000000000000000e+01,1.004411995050260853e-01
3.602083333333332860e+01,9.801097159779000034e-02
3.604166666666666430e+01,9.556396260287718103e-02
3.606250000000000000e+01,9.310059169253302735e-02
3.608333333333332860e+01,9.062128084092098412e-02
3.610416666666666430e+01,8.812645475190090949e-02
3.612500000000000000e+01,8.561654078634070575e-02
3.614583333333332860e+01,8.309196888897359135e-02
3.616666666666666430e+01,8.055317151481350413e-02
3.618750000000000000e+01,7.800058355514119524e-02
3.620833333333332860e+01,7.543464226307351750e-02
3.622916666666666430e+01,7.285578717872868981e-02
3.625000000000000000e+01,7.026446005400044381e-02
3.627083333333332860e+01,6.766110477695347347e-02
3.629166666666666430e+01,6.504616729585348256e-02
3.631250000000000000e+01,6.242009554284454198e-02
3.633333333333332860e+01,5.978333935728685072e-02
3.635416666666666430e+01,5.713635040876802879e-02
3.637500000000000000e+01,5.447958211980084842e-02
3.639583333333332860e+01,5.181348958822085127e-02
3.641666666666666430e+01,4.913852950929688268e-02
3.643750000000000000e+01,4.645516009756791437e-02
3.645833333333332860e+01,4.376384100841945735e-02
3.647916666666666430e+01,4.106503325941293636e-02
3.650000000000000000e+01,3.835919915138143871e-02
3.652083333333332860e+01,3.564680218930529193e-02
3.654166666666666430e+01,3.292830700298098046e-02
3.656250000000000000e+01,3.020417926749691812e-02
3.658333333333332860e+01,2.747488562352963515e-02
3.660416666666666430e+01,2.474089359747395564e-02
3.662500000000000000e+01,2.200267152142086971e-02
3.664583333333332860e+01,1.926068845299664517e-02
3.666666666666666430e+01,1.651541409507691072e-02
3.668750000000000000e+01,1.376731871538941672e-02
3.670833333333332860e+01,1.101687306601915536e-02
3.672916666666666430e+01,8.264548302829579154e-03
3.675000000000000000e+01,5.510815904813692358e-03
3.677083333333332860e+01,2.756147593388731838e-03
3.679166666666666430e+01,1.015251648254687334e-06
3.681250000000000000e+01,-2.754109156414631492e-03
3.683333333333332860e+01,-5.508753666699087344e-03
3.685416666666666430e+01,-8.262446395789628181e-03
3.687500000000000000e+01,-1.101471562173669642e-02
3.689583333333332860e+01,-1.376508986481091851e-02
3.691666666666666430e+01,-1.651309796821728848e-02
3.693750000000000000e+01,-1.925826917875546329e-02
3.695833333333332860e+01,-2.200013322741244809e-02
3.697916666666666430e+01,-2.473822040987386922e-02
3.700000000000000000e+01,-2.747206166694010632e-02
3.702083333333332860e+01,-3.020118866483357742e-02
3.704166666666666430e+01,-3.292513387538342079e-02
3.706250000000000000e+01,-3.564343065607391420e-02
3.708333333333332860e+01,-3.835561332994293776e-02
3.710416666666666430e+01,-4.106121726531687666e-02
3.712500000000000000e+01,-4.375977895536831835e-02
3.714583333333332860e+01,-4.645083609748291292e-02
3.716666666666666430e+01,-4.913392767242193149e-02
3.718750000000000000e+01,-5.180859402326694341e-02
3.720833333333332860e+01,-5.447437693413314380e-02
3.722916666666666430e+01,-5.713081970863784914e-02
3.725000000000000000e+01,-5.977746724811083129e-02
3.727083333333332860e+01,-6.241386612953307017e-02
3.729166666666666430e+01,-6.503956468319055384e-02
3.731250000000000000e+01,-6.765411307003012242e-02
3.733333333333332860e+01,-7.025706335870364472e-02
3.735416666666666430e+01,-7.284796960228789864e-02
3.737500000000000000e+01,-7.542638791466675652e-02
3.739583333333332860e+01,-7.799187654656261626e-02
3.741666666666666430e+01,-8.054399596120415117e-02
3.743750000000000000e+01,-8.308230890961748605e-02
3.745833333333332860e+01,-8.560638050552782374e-02
3.747916666666666430e+01,-8.811577829985883792e-02
3.750000000000000000e+01,-9.061007235481699507e-02
3.752083333333332860e+01,-9.308883531754821861e-02
3.754166666666666430e+01,-9.555164249335425242e-02
3.756250000000000000e+01,-9.799807191845628929e-02
3.758333333333332860e+01,-1.004277044322933188e-01
3.760416666666666430e+01,-1.028401237493428572e-01
3.762500000000000000e+01,-1.052349165304520828e-01
3.764583333333332860e+01,-1.076116724536665681e-01
3.766666666666666430e+01,-1.099699842845451164e-01
3.768750000000000000e+01,-1.123094479459484235e-01
3.770833333333332860e+01,-1.146296625872895575e-01
3.772916666666666430e+01,-1.169302306532346847e-01
3.775000000000000000e+01,-1.192107579518420224e-01
3.777083333333332860e+01,-1.214708537221276669e-01
3.779166666666666430e+01,-1.237101307010464724e-01
3.781250000000000000e+01,-1.259282051898768240e-01
3.783333333333332860e+01,-1.281246971199977436e-01
3.785416666666666430e+01,-1.302992301180473933e-01
3.787500000000000000e+01,-1.324514315704514167e-01
3.789583333333332860e+01,-1.345809326873106393e-01
3.791666666666666430e+01,-1.366873685656367632e-01
3.793750000000000000e+01,-1.387703782519258688e-01
3.795833333333332860e+01,-1.408296048040582338e-01
3.797916666666666430e+01,-1.428646953525147534e-01
3.800000000000000000e+01,-1.448753011608990560e-01
3.802083333333332860e+01,-1.468610776857553479e-01
3.804166666666666430e+01,-1.488216846356714418e-01
3.806250000000000000e+01,-1.507567860296572249e-01
3.808333333333332860e+01,-1.526660502547886877e-01
3.810416666666666430e+01,-1.545491501231075204e-01
3.812500000000000000e+01,-1.564057629277667560e-01
3.814583333333332860e+01,-1.582355704984130529e-01
3.816666666666666430e+01,-1.600382592557960948e-01
3.818750000000000000e+01,-1.618135202655960059e-01
3.820833333333332860e+01,-1.635610492914594816e-01
3.822916666666666430e+01,-1.652805468472361428e-01
3.825000000000000000e+01,-1.669717182484056206e-01
3.827083333333332860e+01,-1.686342736626874894e-01
3.829166666666666430e+01,-1.702679281598249161e-01
3.831250000000000000e+01,-1.718724017605341159e-01
3.833333333333332860e+01,-1.734474194846108430e-01
3.835416666666666430e+01,-1.749927113981866733e-01
3.837500000000000000e+01,-1.765080126601260568e-01
3.839583333333332860e+01,-1.779930635675575357e-01
3.841666666666666430e+01,-1.794476096005304389e-01
3.843750000000000000e+01,-1.808714014657901992e-01
3.845833333333332860e+01,-1.822641951396646864e-01
3.847916666666666430e+01,-1.836257519100543689e-01
3.850000000000000000e+01,-1.849558384175191139e-01
3.852083333333332860e+01,-1.862542266954546333e-01
3.854166666666666430e+01,-1.875206942093519957e-01
3.856250000000000000e+01,-1.887550238951330173e-01
3.858333333333332860e+01,-1.899570041965550349e-01
3.860416666666666430e+01,-1.911264291016787353e-01
3.862500000000000000e+01,-1.922630981783921278e-01
3.864583333333332860e+01,-1.933668166089847484e-01
3.866666666666666430e+01,-1.944373952237653802e-01
3.868750000000000000e+01,-1.954746505337170981e-01
3.870833333333332860e+01,-1.964784047621836727e-01
3.872916666666666430e+01,-1.974484858755806704e-01
3.875000000000000000e+01,-1.983847276131256721e-01
3.877083333333332860e+01,-1.992869695155807808e-01
3.879166666666666430e+01,-2.001550569530019530e-01
3.881250000000000000e+01,-2.009888411514886286e-01
3.883333333333332860e+01,-2.017881792189275547e-01
3.885416666666666430e+01,-2.025529341697250851e-01
3.887500000000000000e+01,-2.032829749485211557e-01
3.889583333333332860e+01,-2.039781764528799113e-01
3.891666666666666430e+01,-2.046384195549498797e-01
3.893750000000000000e+01,-2.052635911220885845e-01
3.895833333333332860e+01,-2.058535840364455194e-01
3.897916666666666430e+01,-2.064082972134977378e-01
3.900000000000000000e+01,-2.069276356195326183e-01
3.902083333333332860e+01,-2.074115102880726424e-01
3.904166666666666430e+01,-2.078598383352371903e-01
3.906250000000000000e+01,-2.082725429740365231e-01
3.908333333333332860e+01,-2.086495535275940116e-01
3.910416666666666430e+01,-2.089908054412928096e-01
3.912500000000000000e+01,-2.092962402938433331e-01
3.914583333333332860e+01,-2.095658058072691898e-01
3.916666666666666430e+01,-2.097994558558093636e-01
3.918750000000000000e+01,-2.099971504737349615e-01
3.920833333333332860e+01,-2.101588558620797187e-01
3.922916666666666430e+01,-2.102845443942842896e-01
3.925000000000000000e+01,-2.103741946207540181e-01
3.927083333333332860e+01,-2.104277912723321042e-01
3.929166666666666430e+01,-2.104453252626886373e-01
3.931250000000000000e+01,-2.104267936896287994e-01
3.933333333333332860e+01,-2.103721998353214606e-01
3.935416666666666430e+01,-2.102815531654520509e-01
3.937500000000000000e+01,-2.101548693273022350e-01
3.939583333333332860e+01,-2.099921701467602209e-01
3.941666666666666430e+01,-2.097934836242648649e-01
3.943750000000000000e+01,-2.095588439296874883e-01
3.945833333333332860e+01,-2.092882913961547631e-01
3.947916666666666430e+01,-2.089818725128164689e-01
3.950000000000000000e+01,-2.086396399165611759e-01
3.952083333333332860e+01,-2.082616523826839039e-01
3.954166666666666430e+01,-2.078479748145082018e-01
3.956250000000000000e+01,-2.073986782319663935e-01
3.958333333333332860e+01,-2.069138397591405720e-01
3.960416666666666430e+01,-2.063935426107674498e-01
3.962500000000000000e+01,-2.058378760777097305e-01
3.964583333333332860e+01,-2.052469355113971383e-01
3.966666666666666430e+01,-2.046208223072397137e-01
3.968750000000000000e+01,-2.039596438870158457e-01
3.970833333333332860e+01,-2.032635136802388720e-01
3.972916666666666430e+01,-2.025325511045044102e-01
3.975000000000000000e+01,-2.017668815448222241e-01
3.977083333333332860e+01,-2.009666363319357330e-01
3.979166666666666430e+01,-2.001319527196323278e-01
3.981250000000000000e+01,-1.992629738610490198e-01
3.983333333333332860e+01,-1.983598487839761670e-01
3.985416666666666430e+01,-1.974227323651644161e-01
3.987500000000000000e+01,-1.964517853036381045e-01
3.989583333333332860e+01,-1.954471740930202872e-01
3.991666666666666430e+01,-1.944090709928733007e-01
3.993750000000000000e+01,-1.933376539990598886e-01
3.995833333333332860e+01,-1.922331068131296339e-01
3.997916666666666430e+01,-1.910956188107359455e-01
4.000000000000000000e+01,-1.899253850090880380e-01
4.002083333333332860e+01,-1.887226060334443178e-01
4.004166666666666430e+01,-1.874874880826513657e-01
4.006250000000000000e+01,-1.862202428937352050e-01
4.008333333333332860e+01,-1.849210877055500468e-01
4.010416666666666430e+01,-1.835902452214905056e-01
4.012500000000000000e+01,-1.822279435712737539e-01
4.014583333333332860e+01,-1.808344162717972770e-01
4.016666666666666430e+01,-1.794099021870793065e-01
4.018750000000000000e+01,-1.779546454872883432e-01
4.020833333333332860e+01,-1.764688956068684311e-01
4.022916666666666430e+01,-1.749529072017674269e-01
4.025000000000000000e+01,-1.734069401057752591e-01
4.027083333333332860e+01,-1.718312592859797261e-01
4.029166666666666430e+01,-1.702261347973469119e-01
4.031250000000000000e+01,-1.685918417364344613e-01
4.033333333333332860e+01,-1.669286601942452652e-01
4.035416666666666430e+01,-1.652368752082291337e-01
4.037500000000000000e+01,-1.635167767134412531e-01
4.039583333333332860e+01,-1.617686594928653132e-01
4.041666666666666430e+01,-1.599928231269097945e-01
4.043750000000000000e+01,-1.581895719420858271e-01
4.045833333333332860e+01,-1.563592149588755587e-01
4.047916666666666430e+01,-1.545020658387995793e-01
4.050000000000000000e+01,-1.526184428306924801e-01
4.052083333333332860e+01,-1.507086687161958427e-01
4.054166666666666430e+01,-1.487730707544774600e-01
4.056250000000000000e+01,-1.468119806261863614e-01
4.058333333333332860e+01,-1.448257343766534699e-01
4.060416666666666430e+01,-1.428146723583469113e-01
4.062500000000000000e+01,-1.407791391725921604e-01
4.064583333333332860e+01,-1.387194836105669349e-01
4.066666666666666430e+01,-1.366360585935804672e-01
4.068750000000000000e+01,-1.345292211126479787e-01
4.070833333333332860e+01,-1.323993321673698487e-01
4.072916666666666430e+01,-1.302467567041267205e-01
4.075000000000000000e+01,-1.280718635536003125e-01
4.077083333333332860e+01,-1.258750253676308994e-01
4.079166666666666430e+01,-1.236566185554224540e-01
4.081250000000000000e+01,-1.214170232191058574e-01
4.083333333333332860e+01,-1.191566230886714067e-01
4.085416666666666430e+01,-1.168758054562816923e-01
4.087500000000000000e+01,-1.145749611099759618e-01
4.089583333333332860e+01,-1.122544842667772963e-01
4.091666666666666430e+01,-1.099147725052139063e-01
4.093750000000000000e+01,-1.075562266972662218e-01
4.095833333333332860e+01,-1.051792509397511677e-01
4.097916666666666430e+01,-1.027842524851553391e-01
4.100000000000000000e+01,-1.003716416719289961e-01
4.102083333333332860e+01,-9.794183185425259230e-02
4.104166666666666430e+01,-9.549523933128784003e-02
4.106250000000000000e+01,-9.303228327592541480e-02
4.108333333333332860e+01,-9.055338566304141357e-02
4.110416666666666430e+01,-8.805897119727477962e-02
4.112500000000000000e+01,-8.554946724033794803e-02
4.114583333333332860e+01,-8.302530373787320173e-02
4.116666666666666430e+01,-8.048691314586720047e-02
4.118750000000000000e+01,-7.793473035663610327e-02
4.120833333333332860e+01,-7.536919262439406575e-02
4.122916666666666430e+01,-7.279073949041763025e-02
4.125000000000000000e+01,-7.019981270781888716e-02
4.127083333333332860e+01,-6.759685616594025837e-02
4.129166666666666430e+01,-6.498231581438357329e-02
4.131250000000000000e+01,-6.235663958668667683e-02
4.133333333333332860e+01,-5.972027732366039926e-02
4.135416666666666430e+01,-5.707368069639894709e-02
4.137500000000000000e+01,-5.441730312897694738e-02
4.139583333333332860e+01,-5.175159972084621834e-02
4.141666666666666430e+01,-4.907702716894556116e-02
4.143750000000000000e+01,-4.639404368953684021e-02
4.145833333333332860e+01,-4.370310893978063271e-02
4.147916666666666430e+01,-4.100468393906487458e-02
4.150000000000000000e+01,-3.829923099009988757e-02
4.152083333333332860e+01,-3.558721359979327009e-02
4.154166666666666430e+01,-3.286909639991809906e-02
4.156250000000000000e+01,-3.014534506758801205e-02
4.158333333333332860e+01,-2.741642624555270039e-02
4.160416666666666430e+01,-2.468280746232745862e-02
4.162500000000000000e+01,-2.194495705217036630e-02
4.164583333333332860e+01,-1.920334407492075429e-02
4.166666666666666430e+01,-1.645843823571265310e-02
4.168750000000000000e+01,-1.371070980457690137e-02
4.170833333333332860e+01,-1.096062953594565022e-02
4.172916666666666430e+01,-8.208668588072958947e-03
4.175000000000000000e+01,-5.455298442385275899e-03
4.177083333333332860e+01,-2.700990822775516456e-03
4.179166666666666430e+01,5.378238514545267480e-05
4.181250000000000000e+01,2.808549214826165565e-03
4.183333333333332860e+01,5.562837699566955743e-03
4.185416666666666430e+01,8.316175953313615851e-03
4.187500000000000000e+01,1.106809225143852785e-02
4.189583333333332860e+01,1.381811511149548359e-02
4.191666666666666430e+01,1.656577337393440666e-02
4.193750000000000000e+01,1.931059628276218798e-02
4.195833333333332860e+01,2.205211356613589677e-02
4.197916666666666430e+01,2.478985551687456698e-02
4.200000000000000000e+01,2.752335307287586200e-02
4.202083333333332860e+01,3.025213789742384890e-02
4.204166666666666430e+01,3.297574245937415910e-02
4.206250000000000000e+01,3.569370011320292801e-02
4.208333333333332860e+01,3.840554517890569508e-02
4.210416666666666430e+01,4.111081302173282687e-02
4.212500000000000000e+01,4.380904013174761330e-02
4.214583333333332860e+01,4.649976420319362064e-02
4.216666666666666430e+01,4.918252421365770094e-02
4.218750000000000000e+01,5.185686050301505784e-02
4.220833333333332860e+01,5.452231485214301815e-02
4.222916666666666430e+01,5.717843056138997154e-02
4.225000000000000000e+01,5.982475252878607236e-02
4.227083333333332860e+01,6.246082732798239473e-02
4.229166666666666430e+01,6.508620328590514204e-02
4.231250000000000000e+01,6.770043056011174065e-02
4.233333333333332860e+01,7.030306121583557166e-02
4.235416666666666430e+01,7.289364930270612886e-02
4.237500000000000000e+01,7.547175093113142608e-02
4.239583333333332860e+01,7.803692434832988634e-02
4.241666666666666430e+01,8.058873001399836922e-02
4.243750000000000000e+01,8.312673067560362450e-02
4.245833333333332860e+01,8.565049144328427955e-02
4.247916666666666430e+01,8.815957986435041249e-02
4.250000000000000000e+01,9.065356599736817955e-02
4.252083333333332860e+01,9.313202248581671505e-02
4.254166666666666430e+01,9.559452463130478639e-02
4.256250000000000000e+01,9.804065046633453351e-02
4.258333333333332860e+01,1.004699808266001082e-01
4.260416666666666430e+01,1.028820994228085983e-01
4.262500000000000000e+01,1.052765929120112048e-01
4.264583333333332860e+01,1.076530509684322789e-01
4.266666666666666430e+01,1.100110663537842426e-01
4.268750000000000000e+01,1.123502349870563188e-01
4.270833333333332860e+01,1.146701560137651926e-01
4.272916666666666430e+01,1.169704318746557642e-01
4.275000000000000000e+01,1.192506683738402129e-01
4.277083333333332860e+01,1.215104747463637419e-01
4.279166666666666430e+01,1.237494637251856516e-01
4.281250000000000000e+01,1.259672516075640292e-01
4.283333333333332860e+01,1.281634583208328682e-01
4.285416666666666430e+01,1.303377074875604058e-01
4.287500000000000000e+01,1.324896264900776166e-01
4.289583333333332860e+01,1.346188465343655938e-01
4.291666666666666430e+01,1.367250027132914381e-01
4.293750000000000000e+01,1.388077340691812600e-01
4.295833333333332860e+01,1.408666836557202207e-01
4.297916666666666430e+01,1.429014985991685083e-01
4.300000000000000000e+01,1.449118301588834812e-01
4.302083333333332860e+01,1.468973337871370966e-01
4.304166666666666430e+01,1.488576691882189107e-01
4.306250000000000000e+01,1.507925003768142147e-01
4.308333333333332860e+01,1.527014957356477853e-01
4.310416666666666430e+01,1.545843280723832869e-01
4.312500000000000000e+01,1.564406746757686095e-01
4.314583333333332860e+01,1.582702173710178739e-01
4.316666666666666430e+01,1.600726425744205816e-01
4.318750000000000000e+01,1.618476413471686692e-01
4.320833333333332860e+01,1.635949094483925004e-01
4.322916666666666430e+01,1.653141473873968315e-01
4.325000000000000000e+01,1.670050604750877576e-01
4.327083333333332860e+01,1.686673588745824792e-01
4.329166666666666430e+01,1.703007576509926735e-01
4.331250000000000000e+01,1.719049768203739226e-01
4.333333333333332860e+01,1.734797413978321767e-01
4.335416666666666430e+01,1.750247814447798422e-01
4.337500000000000000e+01,1.765398321153333339e-01
4.339583333333332860e+01,1.780246337018442371e-01
4.341666666666666430e+01,1.794789316795563916e-01
4.343750000000000000e+01,1.809024767503817632e-01
4.345833333333332860e+01,1.822950248857874433e-01
4.347916666666666430e+01,1.836563373687866152e-01
4.350000000000000000e+01,1.849861808350263537e-01
4.352083333333332860e+01,1.862843273129654864e-01
4.354166666666666430e+01,1.875505542631356881e-01
4.356250000000000000e+01,1.887846446164785086e-01
4.358333333333332860e+01,1.899863868117525889e-01
4.360416666666666430e+01,1.911555748320039050e-01
4.362500000000000000e+01,1.922920082400925990e-01
4.364583333333332860e+01,1.933954922132706256e-01
4.366666666666666430e+01,1.944658375768030523e-01
4.368750000000000000e+01,1.955028608366275178e-01
4.370833333333332860e+01,1.965063842110449654e-01
4.372916666666666430e+01,1.974762356614362391e-01
4.375000000000000000e+01,1.984122489219976304e-01
4.377083333333332860e+01,1.993142635284896880e-01
4.379166666666666430e+01,2.001821248459929592e-01
4.381250000000000000e+01,2.010156840956647817e-01
4.383333333333332860e+01,2.018147983804903511e-01
4.385416666666666430e+01,2.025793307100228202e-01
4.387500000000000000e+01,2.033091500241055727e-01
4.389583333333332860e+01,2.040041312155706221e-01
4.391666666666666430e+01,2.046641551519075286e-01
4.393750000000000000e+01,2.052891086958962275e-01
4.395833333333332860e+01,2.058788847251983578e-01
4.397916666666666430e+01,2.064333821509005129e-01
4.400000000000000000e+01,2.069525059350050544e-01
4.402083333333332860e+01,2.074361671068615520e-01
4.404166666666666430e+01,2.078842827785348513e-01
4.406250000000000000e+01,2.082967761591047184e-01
4.408333333333332860e+01,2.086735765678923715e-01
4.410416666666666430e+01,2.090146194466103169e-01
4.412500000000000000e+01,2.093198463704319390e-01
4.414583333333332860e+01,2.095892050579782895e-01
4.416666666666666430e+01,2.098226493802191894e-01
4.418750000000000000e+01,2.100201393682880890e-01
4.420833333333332860e+01,2.101816412202090478e-01
4.422916666666666430e+01,2.103071273065357794e-01
4.425000000000000000e+01,2.103965761749035379e-01
4.427083333333332860e+01,2.104499725534945964e-01
4.429166666666666430e+01,2.104673073534190919e-01
4.431250000000000000e+01,2.104485776700137367e-01
4.433333333333332860e+01,2.103937867830605879e-01
4.435416666666666430e+01,2.103029441559295110e-01
4.437500000000000000e+01,2.101760654336471967e-01
4.439583333333332860e+01,2.100131724398968114e-01
4.441666666666666430e+01,2.098142931729517213e-01
4.443750000000000000e+01,2.095794618005470400e-01
4.445833333333332860e+01,2.093087186536929101e-01
4.447916666666666430e+01,2.090021102194332958e-01
4.450000000000000000e+01,2.086596891325534497e-01
4.452083333333332860e+01,2.082815141662399672e-01
4.454166666666666430e+01,2.078676502216963706e-01
4.456250000000000000e+01,2.074181683167174439e-01
4.458333333333332860e+01,2.069331455732252023e-01
4.460416666666666430e+01,2.064126652037696075e-01
4.462500000000000000e+01,2.058568164969963310e-01
4.464583333333332860e+01,2.052656948020850913e-01
4.466666666666666430e+01,2.046394015121601739e-01
4.468750000000000000e+01,2.039780440466771594e-01
4.470833333333332860e+01,2.032817358327877744e-01
4.472916666666666430e+01,2.025505962856863629e-01
4.475000000000000000e+01,2.017847507879409752e-01
4.477083333333332860e+01,2.009843306678121555e-01
4.479166666666666430e+01,2.001494731765632029e-01
4.481250000000000000e+01,1.992803214647655141e-01
4.483333333333332860e+01,1.983770245576025881e-01
4.485416666666666430e+01,1.974397373291769120e-01
4.487500000000000000e+01,1.964686204758238353e-01
4.489583333333332860e+01,1.954638404884370129e-01
4.491666666666666430e+01,1.944255696238094411e-01
4.493750000000000000e+01,1.933539858749955542e-01
4.495833333333332860e+01,1.922492729406981848e-01
4.497916666666666430e+01,1.911116201936864656e-01
4.500000000000000000e+01,1.899412226482490029e-01
4.502083333333332860e+01,1.887382809266879569e-01
4.504166666666666430e+01,1.875030012248593836e-01
4.506250000000000000e+01,1.862355952767656142e-01
4.508333333333332860e+01,1.849362803182050263e-01
4.510416666666666430e+01,1.836052790494854814e-01
4.512500000000000000e+01,1.822428195972075338e-01
4.514583333333332860e+01,1.808491354751234903e-01
4.516666666666666430e+01,1.794244655440787872e-01
4.518750000000000000e+01,1.779690539710426234e-01
4.520833333333332860e+01,1.764831501872341779e-01
4.522916666666666430e+01,1.749670088453519901e-01
4.525000000000000000e+01,1.734208897759131063e-01
4.527083333333332860e+01,1.718450579427095448e-01
4.529166666666666430e+01,1.702397833973900709e-01
4.531250000000000000e+01,1.686053412331739443e-01
4.533333333333332860e+01,1.669420115377054648e-01
4.535416666666666430e+01,1.652500793450565886e-01
4.537500000000000000e+01,1.635298345868861358e-01
4.539583333333332860e+01,1.617815720427636383e-01
4.541666666666666430e+01,1.600055912896664878e-01
4.543750000000000000e+01,1.582021966506584609e-01
4.545833333333332860e+01,1.563716971427588365e-01
4.547916666666666430e+01,1.545144064240105974e-01
4.550000000000000000e+01,1.526306427397567389e-01
4.552083333333332860e+01,1.507207288681338408e-01
4.554166666666666430e+01,1.487849920647919821e-01
4.556250000000000000e+01,1.468237640068505712e-01
4.558333333333332860e+01,1.448373807360993915e-01
4.560416666666666430e+01,1.428261826014546321e-01
4.562500000000000000e+01,1.407905142006796173e-01
4.564583333333332860e+01,1.387307243213802554e-01
4.566666666666666430e+01,1.366471658812847823e-01
4.568750000000000000e+01,1.345401958678187626e-01
4.570833333333332860e+01,1.324101752769848983e-01
4.572916666666666430e+01,1.302574690515582723e-01
4.575000000000000000e+01,1.280824460186079095e-01
4.577083333333332860e+01,1.258854788263546742e-01
4.579166666666666430e+01,1.236669438803766619e-01
4.581250000000000000e+01,1.214272212791730199e-01
4.583333333333332860e+01,1.191666947490968159e-01
4.585416666666666430e+01,1.168857515786682899e-01
4.587500000000000000e+01,1.145847825522796209e-01
4.589583333333332860e+01,1.122641818833025329e-01
4.591666666666666430e+01,1.099243471466099104e-01
4.593750000000000000e+01,1.075656792105233045e-01
4.595833333333332860e+01,1.051885821681975280e-01
4.597916666666666430e+01,1.027934632684542327e-01
4.600000000000000000e+01,1.003807328460762233e-01
4.602083333333332860e+01,9.795080425157427773e-02
4.604166666666666430e+01,9.550409378043857311e-02
4.606250000000000000e+01,9.304102060188673695e-02
4.608333333333332860e+01,9.056200668712045820e-02
4.610416666666666430e+01,8.806747673710338398e-02
4.612500000000000000e+01,8.555785810987190376e-02
4.614583333333332860e+01,8.303358074739186634e-02
4.616666666666666430e+01,8.049507710197334465e-02
4.618750000000000000e+01,7.794278206225603578e-02
4.620833333333332860e+01,7.537713287877799428e-02
4.622916666666666430e+01,7.279856908914024427e-02
4.625000000000000000e+01,7.020753244278023220e-02
4.627083333333332860e+01,6.760446682536683238e-02
4.629166666666666430e+01,6.498981818282965894e-02
4.631250000000000000e+01,6.236403444503593047e-02
4.633333333333332860e+01,5.972756544912761340e-02
4.635416666666666430e+01,5.708086286253206271e-02
4.637500000000000000e+01,5.442438010565927436e-02
4.639583333333332860e+01,5.175857227429889879e-02
4.641666666666666430e+01,4.908389606173019226e-02
4.643750000000000000e+01,4.640080968055832616e-02
4.645833333333332860e+01,4.370977278429023782e-02
4.647916666666666430e+01,4.101124638866344985e-02
4.650000000000000000e+01,3.830569279274131239e-02
4.652083333333332860e+01,3.559357549978804658e-02
4.654166666666666430e+01,3.287535913793712683e-02
4.656250000000000000e+01,3.015150938066655725e-02
4.658333333333332860e+01,2.742249286709455211e-02
4.660416666666666430e+01,2.468877712210921019e-02
4.662500000000000000e+01,2.195083047634587350e-02
4.664583333333332860e+01,1.920912198602576365e-02
4.666666666666666430e+01,1.646412135266958274e-02
4.668750000000000000e+01,1.371629884269979019e-02
4.670833333333332860e+01,1.096612520694522676e-02
4.672916666666666430e+01,8.214071600061883735e-03
4.675000000000000000e+01,5.460609499883517341e-03
4.677083333333332860e+01,2.706210626715873334e-03
4.679166666666666430e+01,-4.865313741168896428e-05
4.681250000000000000e+01,-2.803509829523416139e-03
4.683333333333332860e+01,-5.557887486489425204e-03
4.685416666666666430e+01,-8.311314225819235041e-03
4.687500000000000000e+01,-1.106331832644276945e-02
4.689583333333332860e+01,-1.381342830946505167e-02
4.691666666666666430e+01,-1.656117301888080859e-02
4.693750000000000000e+01,-1.930608170223519632e-02
4.695833333333332860e+01,-2.204768409121688269e-02
4.697916666666666430e+01,-2.478551048216974875e-02
4.700000000000000000e+01,-2.751909181650940422e-02
4.702083333333332860e+01,-3.024795976103089243e-02
4.704166666666666430e+01,-3.297164678809374333e-02
4.706250000000000000e+01,-3.568968625567080916e-02
4.708333333333332860e+01,-3.840161248724708459e-02
4.710416666666666430e+01,-4.110696085155499113e-02
4.712500000000000000e+01,-4.380526784213242819e-02
4.714583333333332860e+01,-4.649607115669004281e-02
4.716666666666666430e+01,-4.917890977627410731e-02
4.718750000000000000e+01,-5.185332404421157809e-02
4.720833333333332860e+01,-5.451885574482372848e-02
4.722916666666666430e+01,-5.717504818189502597e-02
4.725000000000000000e+01,-5.982144625688377848e-02
4.727083333333332860e+01,-6.245759654686119933e-02
4.729166666666666430e+01,-6.508304738216560970e-02
4.731250000000000000e+01,-6.769734892375840751e-02
4.733333333333332860e+01,-7.030005324026877833e-02
4.735416666666666430e+01,-7.289071438471374231e-02
4.737500000000000000e+01,-7.546888847088059626e-02
4.739583333333332860e+01,-7.803413374935871949e-02
4.741666666666666430e+01,-8.058601068320755956e-02
4.743750000000000000e+01,-8.312408202324804429e-02
4.745833333333332860e+01,-8.564791288296448590e-02
4.747916666666666430e+01,-8.815707081300423742e-02
4.750000000000000000e+01,-9.065112587526219512e-02
4.752083333333332860e+01,-9.312965071653775406e-02
4.754166666666666430e+01,-9.559222064175132427e-02
4.756250000000000000e+01,-9.803841368670820899e-02
4.758333333333332860e+01,-1.004678106903971191e-01
4.760416666666666430e+01,-1.028799953668111666e-01
4.762500000000000000e+01,-1.052745543762789865e-01
4.764583333333332860e+01,-1.076510773962938566e-01
4.766666666666666430e+01,-1.100091571918284800e-01
4.768750000000000000e+01,-1.123483896851239366e-01
4.770833333333332860e+01,-1.146683740249401645e-01
4.772916666666666430e+01,-1.169687126552568651e-01
4.775000000000000000e+01,-1.192490113834125537e-01
4.777083333333332860e+01,-1.215088794476704009e-01
4.779166666666666430e+01,-1.237479295841992372e-01
4.781250000000000000e+01,-1.259657780934583526e-01
4.783333333333332860e+01,-1.281620449059746591e-01
4.785416666666666430e+01,-1.303363536475011797e-01
4.787500000000000000e+01,-1.324883317035453478e-01
4.789583333333332860e+01,-1.346176102832568333e-01
4.791666666666666430e+01,-1.367238244826631810e-01
4.793750000000000000e+01,-1.388066133472430075e-01
4.795833333333332860e+01,-1.408656199338261250e-01
4.797916666666666430e+01,-1.429004913718097125e-01
4.800000000000000000e+01,-1.449108789236803474e-01
4.802083333333332860e+01,-1.468964380448317120e-01
4.804166666666666430e+01,-1.488568284426675659e-01
4.806250000000000000e+01,-1.507917141349801038e-01
4.808333333333332860e+01,-1.527007635075938174e-01
4.810416666666666430e+01,-1.545836493712647863e-01
4.812500000000000000e+01,-1.564400490178263492e-01
4.814583333333332860e+01,-1.582696442755712196e-01
4.816666666666666430e+01,-1.600721215638605810e-01
4.818750000000000000e+01,-1.618471719469513903e-01
4.820833333333332860e+01,-1.635944911870324814e-01
4.822916666666666430e+01,-1.653137797964604194e-01
4.825000000000000000e+01,-1.670047430891868634e-01
4.827083333333332860e+01,-1.686670912313680548e-01
4.829166666666666430e+01,-1.703005392911484950e-01
4.831250000000000000e+01,-1.719048072876102895e-01
4.833333333333332860e+01,-1.734796202388796116e-01
4.835416666666666430e+01,-1.750247082093829565e-01
4.837500000000000000e+01,-1.765398063562445274e-01
4.839583333333332860e+01,-1.780246549748172313e-01
4.841666666666666430e+01,-1.794789995433397622e-01
4.843750000000000000e+01,-1.809025907667124455e-01
4.845833333333332860e+01,-1.822951846193837933e-01
4.847916666666666430e+01,-1.836565423873412484e-01
4.850000000000000000e+01,-1.849864307091988735e-01
4.852083333333332860e+01,-1.862846216163746293e-01
4.854166666666666430e+01,-1.875508925723508580e-01
4.856250000000000000e+01,-1.887850265110110615e-01
4.858333333333332860e+01,-1.899868118740462575e-01
4.860416666666666430e+01,-1.911560426474243901e-01
4.862500000000000000e+01,-1.922925183969166341e-01
4.864583333333332860e+01,-1.933960443026735976e-01
4.866666666666666430e+01,-1.944664311928457900e-01
4.868750000000000000e+01,-1.955034955762417759e-01
4.870833333333332860e+01,-1.965070596740176867e-01
4.872916666666666430e+01,-1.974769514503921242e-01
4.875000000000000000e+01,-1.984130046423800975e-01
4.877083333333332860e+01,-1.993150587885402503e-01
4.879166666666666430e+01,-2.001829592567286598e-01
4.881250000000000000e+01,-2.010165572708534909e-01
4.883333333333332860e+01,-2.018157099366242602e-01
4.885416666666666430e+01,-2.025802802662896307e-01
4.887500000000000000e+01,-2.033101372023573827e-01
4.889583333333332860e+01,-2.040051556402908695e-01
4.891666666666666430e+01,-2.046652164501753246e-01
4.893750000000000000e+01,-2.052902064973487761e-01
4.895833333333332860e+01,-2.058800186619909878e-01
4.897916666666666430e+01,-2.064345518576650163e-01
4.900000000000000000e+01,-2.069537110488057774e-01
4.902083333333332860e+01,-2.074374072671498481e-01
4.904166666666666430e+01,-2.078855576271024796e-01
4.906250000000000000e+01,-2.082980853400356602e-01
4.908333333333332860e+01,-2.086749197275140078e-01
4.910416666666666430e+01,-2.090159962334440791e-01
4.912500000000000000e+01,-2.093212564351439320e-01
4.914583333333332860e+01,-2.095906480533301086e-01
4.916666666666666430e+01,-2.098241249610195980e-01
4.918750000000000000e+01,-2.100216471913458061e-01
4.920833333333332860e+01,-2.101831809442869792e-01
4.922916666666666430e+01,-2.103086985923073859e-01
4.925000000000000000e+01,-2.103981786849113689e-01
4.927083333333332860e+01,-2.104516059521113758e-01
4.929166666666666430e+01,-2.104689713068118306e-01
4.931250000000000000e+01,-2.104502718461108424e-01
4.933333333333332860e+01,-2.103955108515221384e-01
4.935416666666666430e+01,-2.103046977881209145e-01
4.937500000000000000e+01,-2.101778483026162103e-01
4.939583333333332860e+01,-2.100149842203537787e-01
4.941666666666666430e+01,-2.098161335412529194e-01
4.943750000000000000e+01,-2.095813304346812178e-01
4.945833333333332860e+01,-2.093106152332706305e-01
4.947916666666666430e+01,-2.090040344256787475e-01
4.950000000000000000e+01,-2.086616406482988684e-01
4.952083333333332860e+01,-2.082834926759219440e-01
4.954166666666666430e+01,-2.078696554113541040e-01
4.956250000000000000e+01,-2.074201998739925723e-01
4.958333333333332860e+01,-2.069352031873629150e-01
4.960416666666666430e+01,-2.064147485656208647e-01
4.962500000000000000e+01,-2.058589252990211949e-01
4.964583333333332860e+01,-2.052678287383563338e-01
4.966666666666666430e+01,-2.046415602783677734e-01
4.968750000000000000e+01,-2.039802273401331023e-01
4.970833333333332860e+01,-2.032839433524311068e-01
4.972916666666666430e+01,-2.025528277320884363e-01
4.975000000000000000e+01,-2.017870058633107755e-01
4.977083333333332860e+01,-2.009866090760018265e-01
4.979166666666666430e+01,-2.001517746230734862e-01
4.981250000000000000e+01,-1.992826456567510784e-01
4.983333333333332860e+01,-1.983793712038773860e-01
4.985416666666666430e+01,-1.974421061402191757e-01
4.987500000000000000e+01,-1.964710111637812395e-01
4.989583333333332860e+01,-1.954662527671313932e-01
4.991666666666666430e+01,-1.944280032087414845e-01
4.993750000000000000e+01,-1.933564404833489070e-01
4.995833333333332860e+01,-1.922517482913437270e-01
4.997916666666666430e+01,-1.911141160071858913e-01
5.000000000000000000e+01,-1.899437386468582067e-01
5.002083333333332860e+01,-1.887408168343602810e-01
5.004166666666666430e+01,-1.875055567672482271e-01
5.006250000000000000e+01,-1.862381701812267920e-01
5.008333333333332860e+01,-1.849388743137988234e-01
5.010416666666666430e+01,-1.836078918669784010e-01
5.012500000000000000e+01,-1.822454509690735469e-01
5.014583333333332860e+01,-1.808517851355449513e-01
5.016666666666666430e+01,-1.794271332289472665e-01
5.018750000000000000e+01,-1.779717394179591849e-01
5.020833333333332860e+01,-1.764858531355095461e-01
5.022916666666666430e+01,-1.749697290360061885e-01
5.025000000000000000e+01,-1.734236269516750972e-01
5.027083333333332860e+01,-1.718478118480166184e-01
5.029166666666666430e+01,-1.702425537783867071e-01
5.031250000000000000e+01,-1.686081278377107306e-01
5.033333333333332860e+01,-1.669448141153376253e-01
5.035416666666666430e+01,-1.652528976470424293e-01
5.037500000000000000e+01,-1.635326683661850744e-01
5.039583333333332860e+01,-1.617844210540342609e-01
5.041666666666666430e+01,-1.600084552892641621e-01
5.043750000000000000e+01,-1.582050753966329770e-01
5.045833333333332860e+01,-1.563745903948516591e-01
5.047916666666666430e+01,-1.545173139436520904e-01
5.050000000000000000e+01,-1.526335642900630285e-01
5.052083333333332860e+01,-1.507236642139036242e-01
5.054166666666666430e+01,-1.487879409725031965e-01
5.056250000000000000e+01,-1.468267262446567578e-01
5.058333333333332860e+01,-1.448403560738260321e-01
5.060416666666666430e+01,-1.428291708105952906e-01
5.062500000000000000e+01,-1.407935150543918879e-01
5.064583333333332860e+01,-1.387337375944815987e-01
5.066666666666666430e+01,-1.366501913502483345e-01
5.068750000000000000e+01,-1.345432333107688949e-01
5.070833333333332860e+01,-1.324132244736927755e-01
5.072916666666666430e+01,-1.302605297834371900e-01
5.075000000000000000e+01,-1.280855180687086314e-01
5.077083333333332860e+01,-1.258885619793605748e-01
5.079166666666666430e+01,-1.236700379225987995e-01
5.081250000000000000e+01,-1.214303259985451827e-01
5.083333333333332860e+01,-1.191698099351703594e-01
5.085416666666666430e+01,-1.168888770226069740e-01
5.087500000000000000e+01,-1.145879180468542813e-01
5.089583333333332860e+01,-1.122673272228857932e-01
5.091666666666666430e+01,-1.099275021271706593e-01
5.093750000000000000e+01,-1.075688436296212414e-01
5.095833333333332860e+01,-1.051917558249775009e-01
5.097916666666666430e+01,-1.027966459636406038e-01
5.100000000000000000e+01,-1.003839243819670962e-01
5.102083333333332860e+01,-9.795400443203568230e-02
5.104166666666666430e+01,-9.550730241089862294e-02
5.106250000000000000e+01,-9.304423748932962035e-02
5.108333333333332860e+01,-9.056523164008055404e-02
5.110416666666666430e+01,-8.807070956565908604e-02
5.112500000000000000e+01,-8.556109862563961166e-02
5.114583333333332860e+01,-8.303682876351982378e-02
5.116666666666666430e+01,-8.049833243313539444e-02
5.118750000000000000e+01,-7.794604452464540256e-02
5.120833333333332860e+01,-7.538040229010094240e-02
5.122916666666666430e+01,-7.280184526860980498e-02
5.125000000000000000e+01,-7.021081521110983381e-02
5.127083333333332860e+01,-6.760775600476380542e-02
5.129166666666666430e+01,-6.499311359698883850e-02
5.131250000000000000e+01,-6.236733591913312669e-02
5.133333333333332860e+01,-5.973087280981308894e-02
5.135416666666666430e+01,-5.708417593792396161e-02
5.137500000000000000e+01,-5.442769872533702313e-02
5.139583333333332860e+01,-5.176189626929655202e-02
5.141666666666666430e+01,-4.908722526452978518e-02
5.143750000000000000e+01,-4.640414392508317165e-02
5.145833333333332860e+01,-4.371311190589817486e-02
5.147916666666666430e+01,-4.101459022414011280e-02
5.150000000000000000e+01,-3.830904118029333782e-02
5.152083333333332860e+01,-3.559692827903628010e-02
5.154166666666666430e+01,-3.287871614990979519e-02
5.156250000000000000e+01,-3.015487046779240579e-02
5.158333333333332860e+01,-2.742585787319596138e-02
5.160416666666666430e+01,-2.469214589239532645e-02
5.162500000000000000e+01,-2.195420285740566982e-02
5.164583333333332860e+01,-1.921249782582113569e-02
5.166666666666666430e+01,-1.646750050052837866e-02
5.168750000000000000e+01,-1.371968114930883706e-02
5.170833333333332860e+01,-1.096951052434335695e-02
5.172916666666666430e+01,-8.217459781632937069e-03
5.175000000000000000e+01,-5.464000400349324112e-03
5.177083333333332860e+01,-2.709604102129224788e-03
5.179166666666666430e+01,4.525722967408667179e-05
5.181250000000000000e+01,2.800111630767993052e-03
5.183333333333332860e+01,5.554487136712814993e-03
5.185416666666666430e+01,8.307911863715355602e-03
5.187500000000000000e+01,1.105991408940990711e-02
5.189583333333332860e+01,1.381002233361297050e-02
5.191666666666666430e+01,1.655776543903784634e-02
5.193750000000000000e+01,1.930267265195538193e-02
5.195833333333332860e+01,2.204427370278707124e-02
5.197916666666666430e+01,2.478209888661673035e-02
5.200000000000000000e+01,2.751567914360707537e-02
5.202083333333332860e+01,3.024454613930736488e-02
5.204166666666666430e+01,3.296823234483852588e-02
5.206250000000000000e+01,3.568627111694192000e-02
5.208333333333332860e+01,3.839819677787824348e-02
5.210416666666666430e+01,4.110354469516278031e-02
5.212500000000000000e+01,4.380185136112344640e-02
5.214583333333332860e+01,4.649265447226807318e-02
5.216666666666666430e+01,4.917549300844730603e-02
5.218750000000000000e+01,5.184990731179961454e-02
5.220833333333332860e+01,5.451543916546500168e-02
5.222916666666666430e+01,5.717163187205381858e-02
5.225000000000000000e+01,5.981803033185743163e-02
5.227083333333332860e+01,6.245418112078730821e-02
5.229166666666666430e+01,6.507963256802916374e-02
5.231250000000000000e+01,6.769393483339904150e-02
5.233333333333332860e+01,7.029663998438789863e-02
5.235416666666666430e+01,7.288730207288167395e-02
5.237500000000000000e+01,7.546547721154388266e-02
5.239583333333332860e+01,7.803072364984718623e-02
5.241666666666666430e+01,8.058260184974148921e-02
5.243750000000000000e+01,8.312067456094543449e-02
5.245833333333332860e+01,8.564450689584816867e-02
5.247916666666666430e+01,8.815366640400904008e-02
5.250000000000000000e+01,9.064772314624215677e-02
5.252083333333332860e+01,9.312624976827324486e-02
5.254166666666666430e+01,9.558882157395627577e-02
5.256250000000000000e+01,9.803501659803723345e-02
5.258333333333332860e+01,1.004644156784526704e-01
5.260416666666666430e+01,1.028766025281507429e-01
5.262500000000000000e+01,1.052711638064222910e-01
5.264583333333332860e+01,1.076476891897298893e-01
5.266666666666666430e+01,1.100057714420228094e-01
5.268750000000000000e+01,1.123450064845257779e-01
5.270833333333332860e+01,1.146649934649896091e-01
5.272916666666666430e+01,1.169653348263920006e-01
5.275000000000000000e+01,1.192456363750766385e-01
5.277083333333332860e+01,1.215055073483190806e-01
5.279166666666666430e+01,1.237445604813076638e-01
5.281250000000000000e+01,1.259624120735284014e-01
5.283333333333332860e+01,1.281586820545420891e-01
5.285416666666666430e+01,1.303329940491427807e-01
5.287500000000000000e+01,1.324849754418862824e-01
5.289583333333332860e+01,1.346142574409776582e-01
5.291666666666666430e+01,1.367204751415071196e-01
5.293750000000000000e+01,1.388032675880233047e-01
5.295833333333332860e+01,1.408622778364331252e-01
5.297916666666666430e+01,1.428971530152181313e-01
5.300000000000000000e+01,1.449075443859566270e-01
5.302083333333332860e+01,1.468931074031412654e-01
5.304166666666666430e+01,1.488535017732820209e-01
5.306250000000000000e+01,1.507883915132847141e-01
5.308333333333332860e+01,1.526974450080947066e-01
5.310416666666666430e+01,1.545803350675964138e-01
5.312500000000000000e+01,1.564367389827589216e-01
5.314583333333332860e+01,1.582663385810180734e-01
5.316666666666666430e+01,1.600688202808856764e-01
5.318750000000000000e+01,1.618438751457768610e-01
5.320833333333332860e+01,1.635911989370460173e-01
5.322916666666666430e+01,1.653104921662230942e-01
5.325000000000000000e+01,1.670014601464405168e-01
5.327083333333332860e+01,1.686638130430431481e-01
5.329166666666666430e+01,1.702972659233717434e-01
5.331250000000000000e+01,1.719015388057124061e-01
5.333333333333332860e+01,1.734763567074033286e-01
5.335416666666666430e+01,1.750214496920907969e-01
5.337500000000000000e+01,1.765365529161266878e-01
5.339583333333332860e+01,1.780214066740996859e-01
5.341666666666666430e+01,1.794757564434923958e-01
5.343750000000000000e+01,1.808993529284571022e-01
5.345833333333332860e+01,1.822919521027024370e-01
5.347916666666666430e+01,1.836533152514844003e-01
5.350000000000000000e+01,1.849832090126938000e-01
5.352083333333332860e+01,1.862814054170337241e-01
5.354166666666666430e+01,1.875476819272801909e-01
5.356250000000000000e+01,1.887818214766187885e-01
5.358333333333332860e+01,1.899836125060511693e-01
5.360416666666666430e+01,1.911528490008645165e-01
5.362500000000000000e+01,1.922893305261577368e-01
5.364583333333332860e+01,1.933928622614178583e-01
5.366666666666666430e+01,1.944632550341404698e-01
5.368750000000000000e+01,1.955003253524876528e-01
5.370833333333332860e+01,1.965038954369776880e-01
5.372916666666666430e+01,1.974737932511997363e-01
5.375000000000000000e+01,1.984098525315478312e-01
5.377083333333332860e+01,1.993119128159678843e-01
5.379166666666666430e+01,2.001798194717112622e-01
5.381250000000000000e+01,2.010134237220894959e-01
5.383333333333332860e+01,2.018125826722231286e-01
5.385416666666666430e+01,2.025771593337793719e-01
5.387500000000000000e+01,2.033070226486916876e-01
5.389583333333332860e+01,2.040020475118559384e-01
5.391666666666666430e+01,2.046621147927964179e-01
5.393750000000000000e+01,2.052871113562962924e-01
5.395833333333332860e+01,2.058769300819861536e-01
5.397916666666666430e+01,2.064314698828849104e-01
5.400000000000000000e+01,2.069506357228880766e-01
5.402083333333332860e+01,2.074343386331970185e-01
5.404166666666666430e+01,2.078824957276852459e-01
5.406250000000000000e+01,2.082950302171959756e-01
5.408333333333332860e+01,2.086718714227674965e-01
5.410416666666666430e+01,2.090129547877820071e-01
5.412500000000000000e+01,2.093182218890345392e-01
5.414583333333332860e+01,2.095876204467191362e-01
5.416666666666666430e+01,2.098211043333307602e-01
5.418750000000000000e+01,2.100186335814805405e-01
5.420833333333332860e+01,2.101801743906236974e-01
5.422916666666666430e+01,2.103056991327005576e-01
5.425000000000000000e+01,2.103951863566901337e-01
5.427083333333332860e+01,2.104486207920779894e-01
5.429166666666666430e+01,2.104659933512398884e-01
5.431250000000000000e+01,2.104473011307433639e-01
5.433333333333332860e+01,2.103925474115697081e-01
5.435416666666666430e+01,2.103017416582596277e-01
5.437500000000000000e+01,2.101748995169858414e-01
5.439583333333332860e+01,2.100120428125560601e-01
5.441666666666666430e+01,2.098131995443499043e-01
5.443750000000000000e+01,2.095784038811939476e-01
5.445833333333332860e+01,2.093076961551779136e-01
5.447916666666666430e+01,2.090011228544163824e-01
5.450000000000000000e+01,2.086587366147589495e-01
5.452083333333332860e+01,2.082805962104526121e-01
5.454166666666666430e+01,2.078667665437594625e-01
5.456250000000000000e+01,2.074173186335329377e-01
5.458333333333332860e+01,2.069323296027553716e-01
5.460416666666666430e+01,2.064118826650400973e-01
5.462500000000000000e+01,2.058560671101003769e-01
5.464583333333332860e+01,2.052649782881884877e-01
5.466666666666666430e+01,2.046387175935072689e-01
5.468750000000000000e+01,2.039773924465972943e-01
5.470833333333332860e+01,2.032811162757021950e-01
5.472916666666666430e+01,2.025500084971155190e-01
5.475000000000000000e+01,2.017841944945120425e-01
5.477083333333332860e+01,2.009838055972668347e-01
5.479166666666666430e+01,2.001489790577657135e-01
5.481250000000000000e+01,1.992798580277103937e-01
5.483333333333332860e+01,1.983765915334227692e-01
5.485416666666666430e+01,1.974393344501515490e-01
5.487500000000000000e+01,1.964682474753864094e-01
5.489583333333332860e+01,1.954634971011829925e-01
5.491666666666666430e+01,1.944252555855039977e-01
5.493750000000000000e+01,1.933537009225808345e-01
5.495833333333332860e+01,1.922490168123008603e-01
5.497916666666666430e+01,1.911113926286245324e-01
5.500000000000000000e+01,1.899410233870386377e-01
5.502083333333332860e+01,1.887381097110498729e-01
5.504166666666666430e+01,1.875028577977251032e-01
5.506250000000000000e+01,1.862354793822831589e-01
5.508333333333332860e+01,1.849361917017444679e-01
5.510416666666666430e+01,1.836052174576441876e-01
5.512500000000000000e+01,1.822427847778149979e-01
5.514583333333332860e+01,1.808491271772457998e-01
5.516666666666666430e+01,1.794244835180229536e-01
5.518750000000000000e+01,1.779690979683604124e-01
5.520833333333332860e+01,1.764832199607258567e-01
5.522916666666666430e+01,1.749671041490696299e-01
5.525000000000000000e+01,1.734210103651637191e-01
5.527083333333332860e+01,1.718452035740580808e-01
5.529166666666666430e+01,1.702399538286618608e-01
5.531250000000000000e+01,1.686055362234572530e-01
5.533333333333332860e+01,1.669422308473536010e-01
5.535416666666666430e+01,1.652503227356898752e-01
5.537500000000000000e+01,1.635301018213937418e-01
5.539583333333332860e+01,1.617818628853050777e-01
5.541666666666666430e+01,1.600059055056728130e-01
5.543750000000000000e+01,1.582025340068335673e-01
5.545833333333332860e+01,1.563720574070803504e-01
5.547916666666666430e+01,1.545147893657306259e-01
5.550000000000000000e+01,1.526310481294023691e-01
5.552083333333332860e+01,1.507211564775074730e-01
5.554166666666666430e+01,1.487854416669715518e-01
5.556250000000000000e+01,1.468242353761895491e-01
5.558333333333332860e+01,1.448378736482266171e-01
5.560416666666666430e+01,1.428266968332741194e-01
5.562500000000000000e+01,1.407910495303699439e-01
5.564583333333332860e+01,1.387312805283939243e-01
5.566666666666666430e+01,1.366477427463476946e-01
5.568750000000000000e+01,1.345407931729291628e-01
5.570833333333332860e+01,1.324107928054124583e-01
5.572916666666666430e+01,1.302581065878430366e-01
5.575000000000000000e+01,1.280831033485589909e-01
5.577083333333332860e+01,1.258861557370489215e-01
5.579166666666666430e+01,1.236676401601573549e-01
5.581250000000000000e+01,1.214279367176482050e-01
5.583333333333332860e+01,1.191674291371376954e-01
5.585416666666666430e+01,1.168865047084075154e-01
5.587500000000000000e+01,1.145855542171094615e-01
5.589583333333332860e+01,1.122649718778728906e-01
5.591666666666666430e+01,1.099251552668264326e-01
5.593750000000000000e+01,1.075665052535451915e-01
5.595833333333332860e+01,1.051894259324353681e-01
5.597916666666666430e+01,1.027943245535677258e-01
5.600000000000000000e+01,1.003816114529718501e-01
5.602083333333332860e+01,9.795169998240284281e-02
5.604166666666666430e+01,9.550500643859276273e-02
5.606250000000000000e+01,9.304194999199850991e-02
5.608333333333332860e+01,9.056295261505849237e-02
5.610416666666666430e+01,8.806843900997028685e-02
5.612500000000000000e+01,8.555883653600150629e-02
5.614583333333332860e+01,8.303457513634640574e-02
5.616666666666666430e+01,8.049608726454059171e-02
5.618750000000000000e+01,7.794380781044636664e-02
5.620833333333332860e+01,7.537817402582136506e-02
5.622916666666666430e+01,7.279962544948322123e-02
5.625000000000000000e+01,7.020860383208291089e-02
5.627083333333332860e+01,6.760555306049965962e-02
5.629166666666666430e+01,6.499091908187028255e-02
5.631250000000000000e+01,6.236514982726595185e-02
5.633333333333332860e+01,5.972869513502931937e-02
5.635416666666666430e+01,5.708200667378510867e-02
5.637500000000000000e+01,5.442553786513733283e-02
5.639583333333332860e+01,5.175974380606622460e-02
5.641666666666666430e+01,4.908508119103820178e-02
5.643750000000000000e+01,4.640200823384210693e-02
5.645833333333332860e+01,4.371098458916503754e-02
5.647916666666666430e+01,4.101247127392110975e-02
5.650000000000000000e+01,3.830693058834666598e-02
5.652083333333332860e+01,3.559482603687529056e-02
5.654166666666666430e+01,3.287662224880620598e-02
5.656250000000000000e+01,3.015278489877943474e-02
5.658333333333332860e+01,2.742378062707148678e-02
5.660416666666666430e+01,2.469007695972501304e-02
5.662500000000000000e+01,2.195214222852613639e-02
5.664583333333332860e+01,1.921044549084305331e-02
5.666666666666666430e+01,1.646545644933960356e-02
5.668750000000000000e+01,1.371764537157751061e-02
5.670833333333332860e+01,1.096748300952102295e-02
5.672916666666666430e+01,8.215440518957617400e-03
5.675000000000000000e+01,5.461989378848606559e-03
5.677083333333332860e+01,2.707601310623341737e-03
5.679166666666666430e+01,-4.725180256919178770e-05
5.681250000000000000e+01,-2.802097996637610035e-03
5.683333333333332860e+01,-5.556465307340416153e-03
5.685416666666666430e+01,-8.309881851079548715e-03
5.687500000000000000e+01,-1.106187590568141060e-02
5.689583333333332860e+01,-1.381197599115157292e-02
5.691666666666666430e+01,-1.655971095038939744e-02
5.693750000000000000e+01,-1.930461002984877605e-02
5.695833333333332860e+01,-2.204620296013123926e-02
5.697916666666666430e+01,-2.478402003649765595e-02
5.700000000000000000e+01,-2.751759219928478356e-02
5.702083333333332860e+01,-3.024645111421295912e-02
5.704166666666666430e+01,-3.297012925257118005e-02
5.706250000000000000e+01,-3.568815997126594669e-02
5.708333333333332860e+01,-3.840007759272007909e-02
5.710416666666666430e+01,-4.110541748460805334e-02
5.712500000000000000e+01,-4.380371613941402148e-02
5.714583333333332860e+01,-4.649451125379908817e-02
5.716666666666666430e+01,-4.917734180776422298e-02
5.718750000000000000e+01,-5.185174814359527762e-02
5.720833333333332860e+01,-5.451727204457669507e-02
5.722916666666666430e+01,-5.717345681346032438e-02
5.725000000000000000e+01,-5.981984735067611553e-02
5.727083333333332860e+01,-6.245599023227114965e-02
5.729166666666666430e+01,-6.508143378756386932e-02
5.731250000000000000e+01,-6.769572817650003349e-02
5.733333333333332860e+01,-7.029842546669745618e-02
5.735416666666666430e+01,-7.288907971016597709e-02
5.737500000000000000e+01,-7.546724701968998694e-02
5.739583333333332860e+01,-7.803248564486020555e-02
5.741666666666666430e+01,-8.058435604774163985e-02
5.743750000000000000e+01,-8.312242097816499586e-02
5.745833333333332860e+01,-8.564624554862861061e-02
5.747916666666666430e+01,-8.815539730879799751e-02
5.750000000000000000e+01,-9.064944631959050148e-02
5.752083333333332860e+01,-9.312796522683211564e-02
5.754166666666666430e+01,-9.559052933447403921e-02
5.756250000000000000e+01,-9.803671667735650019e-02
5.758333333333332860e+01,-1.004661080935073253e-01
5.760416666666666430e+01,-1.028782872959628364e-01
5.762500000000000000e+01,-1.052728409440990276e-01
5.764583333333332860e+01,-1.076493587144605746e-01
5.766666666666666430e+01,-1.100074333710757551e-01
5.768750000000000000e+01,-1.123466608352451657e-01
5.770833333333332860e+01,-1.146666402547923957e-01
5.772916666666666430e+01,-1.169669740727647400e-01
5.775000000000000000e+01,-1.192472680955723036e-01
5.777083333333332860e+01,-1.215071315605538160e-01
5.779166666666666430e+01,-1.237461772029575940e-01
5.781250000000000000e+01,-1.259640213223262584e-01
5.783333333333332860e+01,-1.281602838482739648e-01
5.785416666666666430e+01,-1.303345884056447412e-01
5.787500000000000000e+01,-1.324865623790408842e-01
5.789583333333332860e+01,-1.346158369767106733e-01
5.791666666666666430e+01,-1.367220472937838716e-01
5.793750000000000000e+01,-1.388048323748451440e-01
5.795833333333332860e+01,-1.408638352758338486e-01
5.797916666666666430e+01,-1.428987031252603179e-01
5.800000000000000000e+01,-1.449090871847278361e-01
5.802083333333332860e+01,-1.468946429087503169e-01
5.804166666666666430e+01,-1.488550300038551377e-01
5.806250000000000000e+01,-1.507899124869614971e-01
5.808333333333332860e+01,-1.526989587430241935e-01
5.810416666666666430e+01,-1.545818415819330272e-01
5.812500000000000000e+01,-1.564382382946582772e-01
5.814583333333332860e+01,-1.582678307086326785e-01
5.816666666666666430e+01,-1.600703052423607387e-01
5.818750000000000000e+01,-1.618453529592457085e-01
5.820833333333332860e+01,-1.635926696206257691e-01
5.822916666666666430e+01,-1.653119557380099136e-01
5.825000000000000000e+01,-1.670029166245050878e-01
5.827083333333332860e+01,-1.686652624454258176e-01
5.829166666666666430e+01,-1.702987082680777198e-01
5.831250000000000000e+01,-1.719029741107069020e-01
5.833333333333332860e+01,-1.734777849906064540e-01
5.835416666666666430e+01,-1.750228709713725350e-01
5.837500000000000000e+01,-1.765379672093017605e-01
5.839583333333332860e+01,-1.780228139989224190e-01
5.841666666666666430e+01,-1.794771568176514176e-01
5.843750000000000000e+01,-1.809007463695700979e-01
5.845833333333332860e+01,-1.822933386283109858e-01
5.847916666666666430e+01,-1.836546948790485356e-01
5.850000000000000000e+01,-1.849845817595868747e-01
5.852083333333332860e+01,-1.862827713005372754e-01
5.854166666666666430e+01,-1.875490409645786949e-01
5.856250000000000000e+01,-1.887831736847948028e-01
5.858333333333332860e+01,-1.899849579020804480e-01
5.860416666666666430e+01,-1.911541876016114028e-01
5.862500000000000000e+01,-1.922906623483706945e-01
5.864583333333332860e+01,-1.933941873217254748e-01
5.866666666666666430e+01,-1.944645733490475703e-01
5.868750000000000000e+01,-1.955016369383719976e-01
5.870833333333332860e+01,-1.965052003100870026e-01
5.872916666666666430e+01,-1.974750914276493519e-01
5.875000000000000000e+01,-1.984111440273188809e-01
5.877083333333332860e+01,-1.993131976469061373e-01
5.879166666666666430e+01,-2.001810976535267905e-01
5.881250000000000000e+01,-2.010146952703569800e-01
5.883333333333332860e+01,-2.018138476023831618e-01
5.885416666666666430e+01,-2.025784176611405973e-01
5.887500000000000000e+01,-2.033082743884339905e-01
5.889583333333332860e+01,-2.040032926790346368e-01
5.891666666666666430e+01,-2.046633534023475642e-01
5.893750000000000000e+01,-2.052883434230430015e-01
5.895833333333332860e+01,-2.058781556206460694e-01
5.897916666666666430e+01,-2.064326889080789762e-01
5.900000000000000000e+01,-2.069518482491500000e-01
5.902083333333332860e+01,-2.074355446749843179e-01
5.904166666666666430e+01,-2.078836952993909082e-01
5.906250000000000000e+01,-2.082962233331612789e-01
5.908333333333332860e+01,-2.086730580972956384e-01
5.910416666666666430e+01,-2.090141350351522875e-01
5.912500000000000000e+01,-2.093193957235172376e-01
5.914583333333332860e+01,-2.095887878825911099e-01
5.916666666666666430e+01,-2.098222653848908492e-01
5.918750000000000000e+01,-2.100197882630653601e-01
5.920833333333332860e+01,-2.101813227166235420e-01
5.922916666666666430e+01,-2.103068411175746388e-01
5.925000000000000000e+01,-2.103963220149817903e-01
5.927083333333332860e+01,-2.104497501384292313e-01
5.929166666666666430e+01,-2.104671164004049966e-01
5.931250000000000000e+01,-2.104484178976019360e-01
5.933333333333332860e+01,-2.103936579111386207e-01
5.935416666666666430e+01,-2.103028459057039445e-01
5.937500000000000000e+01,-2.101759975276285553e-01
5.939583333333332860e+01,-2.100131346018866974e-01
5.941666666666666430e+01,-2.098142851280320742e-01
5.943750000000000000e+01,-2.095794832750714765e-01
5.945833333333332860e+01,-2.093087693752799794e-01
5.947916666666666430e+01,-2.090021899169614839e-01
5.950000000000000000e+01,-2.086597975361579316e-01
5.952083333333332860e+01,-2.082816510073106087e-01
5.954166666666666430e+01,-2.078678152328769790e-01
5.956250000000000000e+01,-2.074183612319061010e-01
5.958333333333332860e+01,-2.069333661275755964e-01
5.960416666666666430e+01,-2.064129131336929490e-01
5.962500000000000000e+01,-2.058570915401640722e-01
5.964583333333332860e+01,-2.052659966974317018e-01
5.966666666666666430e+01,-2.046397299998867214e-01
5.968750000000000000e+01,-2.039783988682548621e-01
5.970833333333332860e+01,-2.032821167309618315e-01
5.972916666666666430e+01,-2.025510030044800069e-01
5.975000000000000000e+01,-2.017851830726592466e-01
5.977083333333332860e+01,-2.009847882650460660e-01
5.979166666666666430e+01,-2.001499558341936769e-01
5.981250000000000000e+01,-1.992808289319674131e-01
5.983333333333332860e+01,-1.983775565848484856e-01
5.985416666666666430e+01,-1.974402936682408960e-01
5.987500000000000000e+01,-1.964692008797851441e-01
5.989583333333332860e+01,-1.954644447116836159e-01
5.991666666666666430e+01,-1.944261974220413136e-01
5.993750000000000000e+01,-1.933546370052277585e-01
5.995833333333332860e+01,-1.922499471612639232e-01
5.997916666666666430e+01,-1.911123172642397450e-01
