0.000000000000000000e+00,1.474485415946974742e-01
2.083333333333333218e-02,1.456511682646668970e-01
4.166666666666666435e-02,1.456753633949425530e-01
6.250000000000000000e-02,1.458381287557110606e-01
8.333333333333332871e-02,1.460048968782512724e-01
1.041666666666666574e-01,1.461616529725698888e-01
1.250000000000000000e-01,1.463104582681869492e-01
1.458333333333333148e-01,1.464536852997045946e-01
1.666666666666666574e-01,1.465918105323378018e-01
1.875000000000000000e-01,1.467246309914877200e-01
2.083333333333333148e-01,1.468521401179786467e-01
2.291666666666666574e-01,1.469745984251035753e-01
2.500000000000000000e-01,1.470923297087365078e-01
2.708333333333333148e-01,1.472055975231024161e-01
2.916666666666666297e-01,1.473146040176026850e-01
3.125000000000000000e-01,1.474195254305892544e-01
3.333333333333333148e-01,1.475205282313786226e-01
3.541666666666666297e-01,1.476177685023314090e-01
3.750000000000000000e-01,1.477113910900585414e-01
3.958333333333333148e-01,1.478015309052943538e-01
4.166666666666666297e-01,1.478883145681031686e-01
4.375000000000000000e-01,1.479718628700646965e-01
4.583333333333333148e-01,1.480522931506473294e-01
4.791666666666666297e-01,1.481297197846192792e-01
5.000000000000000000e-01,1.482042533334481660e-01
5.208333333333332593e-01,1.482759998466987583e-01
5.416666666666666297e-01,1.483450606954987705e-01
5.625000000000000000e-01,1.484115328322455352e-01
5.833333333333332593e-01,1.484755094734094283e-01
6.041666666666666297e-01,1.485370809686881732e-01
6.250000000000000000e-01,1.485963355031316713e-01
6.458333333333332593e-01,1.486533594969769445e-01
6.666666666666666297e-01,1.487082376530460825e-01
6.875000000000000000e-01,1.487610526302105551e-01
7.083333333333332593e-01,1.488118845063908235e-01
7.291666666666666297e-01,1.488608102896221974e-01
7.500000000000000000e-01,1.489079036061649874e-01
7.708333333333332593e-01,1.489532345833581850e-01
7.916666666666666297e-01,1.489968699353650672e-01
8.125000000000000000e-01,1.490388732179613318e-01
8.333333333333332593e-01,1.490793051499765820e-01
8.541666666666666297e-01,1.491182239070642512e-01
8.750000000000000000e-01,1.491556853542040928e-01
8.958333333333332593e-01,1.491917432188035186e-01
9.166666666666666297e-01,1.492264492166235912e-01
9.375000000000000000e-01,1.492598531532686457e-01
9.583333333333332593e-01,1.492920030258373387e-01
9.791666666666666297e-01,1.493229451350713000e-01
1.000000000000000000e+00,1.493527242016181311e-01
1.020833333333333259e+00,1.493813834713479671e-01
1.041666666666666519e+00,1.494089647941806431e-01
1.062500000000000000e+00,1.494355086672987387e-01
1.083333333333333259e+00,1.494610542439183676e-01
1.104166666666666519e+00,1.494856393177385057e-01
1.125000000000000000e+00,1.495093002980992791e-01
1.145833333333333259e+00,1.495320721915790740e-01
1.166666666666666519e+00,1.495539886021165776e-01
1.187500000000000000e+00,1.495750817549815759e-01
1.208333333333333259e+00,1.495953825431966533e-01
1.229166666666666519e+00,1.496149205906024959e-01
1.250000000000000000e+00,1.496337243238953230e-01
1.270833333333333259e+00,1.496518210462851606e-01
1.291666666666666519e+00,1.496692370074572676e-01
1.312500000000000000e+00,1.496859974671538029e-01
1.333333333333333259e+00,1.497021267517462950e-01
1.354166666666666519e+00,1.497176483042212958e-01
1.375000000000000000e+00,1.497325847282374722e-01
1.395833333333333259e+00,1.497469578266363288e-01
1.416666666666666519e+00,1.497607886343831352e-01
1.437500000000000000e+00,1.497740974457820728e-01
1.458333333333333259e+00,1.497869038361266669e-01
1.479166666666666519e+00,1.497992266785644622e-01
1.500000000000000000e+00,1.498110841576057728e-01
1.520833333333333259e+00,1.498224937811536150e-01
1.541666666666666519e+00,1.498334723930239420e-01
1.562500000000000000e+00,1.498440361876102744e-01
1.583333333333333259e+00,1.498542007277129662e-01
1.604166666666666519e+00,1.498639809657876520e-01
1.625000000000000000e+00,1.498733912681719793e-01
1.645833333333333259e+00,1.498824454413680840e-01
1.666666666666666519e+00,1.498911567592360328e-01
1.687500000000000000e+00,1.498995379899734082e-01
1.708333333333333259e+00,1.499076014219475894e-01
1.729166666666666519e+00,1.499153588877260301e-01
1.750000000000000000e+00,1.499228217859265022e-01
1.770833333333333259e+00,1.499300011007367317e-01
1.791666666666666519e+00,1.499369074191226059e-01
1.812500000000000000e+00,1.499435509458683646e-01
1.833333333333333259e+00,1.499499415166880567e-01
1.854166666666666519e+00,1.499560886097255352e-01
1.875000000000000000e+00,1.499620013558244647e-01
1.895833333333333259e+00,1.499676885479934163e-01
1.916666666666666519e+00,1.499731586505003711e-01
1.937500000000000000e+00,1.499784198079939512e-01
1.958333333333333259e+00,1.499834798549661841e-01
1.979166666666666519e+00,1.499883463257530303e-01
2.000000000000000000e+00,1.499930264651359868e-01
2.020833333333333037e+00,1.499975272394788173e-01
2.041666666666666519e+00,1.500018553482293238e-01
2.062500000000000000e+00,1.500060172355507093e-01
2.083333333333333037e+00,1.500100191018221840e-01
2.104166666666666519e+00,1.500138669147630388e-01
2.125000000000000000e+00,1.500175664199760173e-01
2.145833333333333037e+00,1.500211231507639631e-01
2.166666666666666519e+00,1.500245424371395575e-01
2.187500000000000000e+00,1.500278294140086066e-01
2.208333333333333037e+00,1.500309890285639325e-01
2.229166666666666519e+00,1.500340260469688047e-01
2.250000000000000000e+00,1.500369450604418786e-01
2.270833333333333037e+00,1.500397504908736745e-01
2.291666666666666519e+00,1.500424465961122666e-01
2.312500000000000000e+00,1.500450374750494642e-01
2.333333333333333037e+00,1.500475270726217281e-01
2.354166666666666519e+00,1.500499191848146952e-01
2.375000000000000000e+00,1.500522174637272665e-01
2.395833333333333037e+00,1.500544254227185181e-01
2.416666666666666519e+00,1.500565464416259431e-01
2.437500000000000000e+00,1.500585837720188054e-01
2.458333333333333037e+00,1.500605405424298988e-01
2.479166666666666519e+00,1.500624197634996826e-01
2.500000000000000000e+00,1.500642243329671777e-01
2.520833333333333037e+00,1.500659570404478116e-01
2.541666666666666519e+00,1.500676205719531642e-01
2.562500000000000000e+00,1.500692175141241369e-01
2.583333333333333037e+00,1.500707503581665270e-01
2.604166666666666519e+00,1.500722215034962226e-01
2.625000000000000000e+00,1.500736332611146973e-01
2.645833333333333037e+00,1.500749878567474993e-01
2.666666666666666519e+00,1.500762874337850661e-01
2.687500000000000000e+00,1.500775340560683291e-01
2.708333333333333037e+00,1.500787297105593554e-01
2.729166666666666519e+00,1.500798763099345234e-01
2.750000000000000000e+00,1.500809756951278218e-01
2.770833333333333037e+00,1.500820296378451435e-01
2.791666666666666519e+00,1.500830398430592072e-01
2.812500000000000000e+00,1.500840079514866032e-01
2.833333333333333037e+00,1.500849355420396380e-01
2.854166666666666519e+00,1.500858241342409027e-01
2.875000000000000000e+00,1.500866751905836904e-01
2.895833333333333037e+00,1.500874901188219979e-01
2.916666666666666519e+00,1.500882702741735686e-01
2.937500000000000000e+00,1.500890169614234604e-01
2.958333333333333037e+00,1.500897314369197544e-01
2.979166666666666519e+00,1.500904149104574647e-01
3.000000000000000000e+00,1.500910685470524253e-01
3.020833333333333037e+00,1.500916934686105098e-01
3.041666666666666519e+00,1.500922907555015395e-01
3.062500000000000000e+00,1.500928614480493972e-01
3.083333333333333037e+00,1.500934065479510582e-01
3.104166666666666519e+00,1.500939270196370579e-01
3.125000000000000000e+00,1.500944237915846358e-01
3.145833333333333037e+00,1.500948977575931875e-01
3.166666666666666519e+00,1.500953497780289358e-01
3.187500000000000000e+00,1.500957806810428730e-01
3.208333333333333037e+00,1.500961912637635287e-01
3.229166666666666519e+00,1.500965822934641758e-01
3.250000000000000000e+00,1.500969545087016133e-01
3.270833333333333037e+00,1.500973086204232532e-01
3.291666666666666519e+00,1.500976453130384858e-01
3.312500000000000000e+00,1.500979652454501045e-01
3.333333333333333037e+00,1.500982690520435148e-01
3.354166666666666519e+00,1.500985573436308673e-01
3.375000000000000000e+00,1.500988307083503948e-01
3.395833333333333037e+00,1.500990897125209500e-01
3.416666666666666519e+00,1.500993349014543010e-01
3.437500000000000000e+00,1.500995668002276240e-01
3.458333333333333037e+00,1.500997859144204416e-01
3.479166666666666519e+00,1.500999927308195869e-01
3.500000000000000000e+00,1.501001877180961341e-01
3.520833333333333037e+00,1.501003713274583207e-01
3.541666666666666519e+00,1.501005439932833474e-01
3.562500000000000000e+00,1.501007061337299719e-01
3.583333333333333037e+00,1.501008581513341711e-01
3.604166666666666519e+00,1.501010004335880943e-01
3.625000000000000000e+00,1.501011333535024472e-01
3.645833333333333037e+00,1.501012572701524161e-01
3.666666666666666519e+00,1.501013725292055234e-01
3.687500000000000000e+00,1.501014794634313865e-01
3.708333333333333037e+00,1.501015783931920755e-01
3.729166666666666519e+00,1.501016696269126816e-01
3.750000000000000000e+00,1.501017534615316229e-01
3.770833333333333037e+00,1.501018301829313006e-01
3.791666666666666519e+00,1.501019000663493252e-01
3.812500000000000000e+00,1.501019633767710082e-01
3.833333333333333037e+00,1.501020203693046451e-01
3.854166666666666519e+00,1.501020712895410891e-01
3.875000000000000000e+00,1.501021163738985309e-01
3.895833333333333037e+00,1.501021558499544550e-01
3.916666666666666519e+00,1.501021899367657730e-01
3.937500000000000000e+00,1.501022188451781036e-01
3.958333333333333037e+00,1.501022427781254220e-01
3.979166666666666519e+00,1.501022619309204387e-01
4.000000000000000000e+00,1.501022764915358187e-01
4.020833333333333037e+00,1.501022866408769640e-01
4.041666666666666075e+00,1.501022925530452190e-01
4.062500000000000000e+00,1.501022943955928612e-01
4.083333333333333037e+00,1.501022923297682943e-01
4.104166666666666075e+00,1.501022865107518589e-01
4.125000000000000000e+00,1.501022770878824575e-01
4.145833333333333037e+00,1.501022642048746580e-01
4.166666666666666075e+00,1.501022480000263060e-01
4.187500000000000000e+00,1.501022286064175038e-01
4.208333333333333037e+00,1.501022061521008200e-01
4.229166666666666075e+00,1.501021807602837543e-01
4.250000000000000000e+00,1.501021525495034870e-01
4.270833333333333037e+00,1.501021216337951880e-01
4.291666666666666075e+00,1.501020881228538051e-01
4.312500000000000000e+00,1.501020521221902715e-01
4.333333333333333037e+00,1.501020137332825244e-01
4.354166666666666075e+00,1.501019730537213881e-01
4.375000000000000000e+00,1.501019301773522108e-01
4.395833333333333037e+00,1.501018851944116439e-01
4.416666666666666075e+00,1.501018381916602862e-01
4.437500000000000000e+00,1.501017892525108310e-01
4.458333333333333037e+00,1.501017384571517455e-01
4.479166666666666075e+00,1.501016858826665634e-01
4.500000000000000000e+00,1.501016316031487385e-01
4.520833333333333037e+00,1.501015756898119169e-01
4.541666666666666075e+00,1.501015182110957136e-01
4.562500000000000000e+00,1.501014592327675201e-01
4.583333333333333037e+00,1.501013988180193437e-01
4.604166666666666075e+00,1.501013370275615100e-01
4.625000000000000000e+00,1.501012739197119805e-01
4.645833333333333037e+00,1.501012095504822563e-01
4.666666666666666075e+00,1.501011439736601449e-01
4.687500000000000000e+00,1.501010772408892524e-01
4.708333333333333037e+00,1.501010094017460050e-01
4.729166666666666075e+00,1.501009405038137290e-01
4.750000000000000000e+00,1.501008705927546205e-01
4.770833333333333037e+00,1.501007997123792737e-01
4.791666666666666075e+00,1.501007279047140153e-01
4.812500000000000000e+00,1.501006552100661584e-01
4.833333333333333037e+00,1.501005816670871740e-01
4.854166666666666075e+00,1.501005073128335587e-01
4.875000000000000000e+00,1.501004321828258437e-01
4.895833333333333037e+00,1.501003563111055483e-01
4.916666666666666075e+00,1.501002797302896374e-01
4.937500000000000000e+00,1.501002024716234506e-01
4.958333333333333037e+00,1.501001245650311622e-01
4.979166666666666075e+00,1.501000460391644087e-01
5.000000000000000000e+00,1.500999669214491405e-01
5.020833333333333037e+00,1.500998872381303639e-01
5.041666666666666075e+00,1.500998070143156615e-01
5.062500000000000000e+00,1.500997262740165206e-01
5.083333333333333037e+00,1.500996450401887172e-01
5.104166666666666075e+00,1.500995633347708413e-01
5.125000000000000000e+00,1.500994811787219607e-01
5.145833333333333037e+00,1.500993985920577312e-01
5.166666666666666075e+00,1.500993155938857571e-01
5.187500000000000000e+00,1.500992322024394532e-01
5.208333333333333037e+00,1.500991484351111294e-01
5.229166666666666075e+00,1.500990643084839649e-01
5.250000000000000000e+00,1.500989798383629836e-01
5.270833333333333037e+00,1.500988950398051136e-01
5.291666666666666075e+00,1.500988099271481357e-01
5.312500000000000000e+00,1.500987245140388004e-01
5.333333333333333037e+00,1.500986388134597227e-01
5.354166666666666075e+00,1.500985528377557221e-01
5.375000000000000000e+00,1.500984665986588029e-01
5.395833333333333037e+00,1.500983801073125234e-01
5.416666666666666075e+00,1.500982933742954217e-01
5.437500000000000000e+00,1.500982064096436086e-01
5.458333333333333037e+00,1.500981192228723893e-01
5.479166666666666075e+00,1.500980318229976074e-01
5.500000000000000000e+00,1.500979442185557677e-01
5.520833333333333037e+00,1.500978564176238816e-01
5.541666666666666075e+00,1.500977684278385071e-01
5.562500000000000000e+00,1.500976802564143175e-01
5.583333333333333037e+00,1.500975919101619760e-01
5.604166666666666075e+00,1.500975033955056770e-01
5.625000000000000000e+00,1.500974147185000218e-01
5.645833333333333037e+00,1.500973258848464775e-01
5.666666666666666075e+00,1.500972368999091977e-01
5.687500000000000000e+00,1.500971477687305933e-01
5.708333333333333037e+00,1.500970584960462650e-01
5.729166666666666075e+00,1.500969690862994643e-01
5.750000000000000000e+00,1.500968795436551373e-01
5.770833333333333037e+00,1.500967898720134697e-01
5.791666666666666075e+00,1.500967000750230707e-01
5.812500000000000000e+00,1.500966101560936017e-01
5.833333333333333037e+00,1.500965201184080722e-01
5.854166666666666075e+00,1.500964299649347189e-01
5.875000000000000000e+00,1.500963396984384690e-01
5.895833333333333037e+00,1.500962493214920146e-01
5.916666666666666075e+00,1.500961588364866373e-01
5.937500000000000000e+00,1.500960682456425888e-01
5.958333333333333037e+00,1.500959775510192218e-01
5.979166666666666075e+00,1.500958867545247599e-01
6.000000000000000000e+00,1.500957958579258733e-01
6.020833333333333037e+00,1.500957048628568102e-01
6.041666666666666075e+00,1.500956137708285010e-01
6.062500000000000000e+00,1.500955225832370510e-01
6.083333333333333037e+00,1.500954313013721508e-01
6.104166666666666075e+00,1.500953399264254584e-01
6.125000000000000000e+00,1.500952484594982039e-01
6.145833333333333037e+00,1.500951569016089338e-01
6.166666666666666075e+00,1.500950652537009489e-01
6.187500000000000000e+00,1.500949735166492993e-01
6.208333333333333037e+00,1.500948816912677231e-01
6.229166666666666075e+00,1.500947897783153906e-01
6.250000000000000000e+00,1.500946977785031500e-01
6.270833333333333037e+00,1.500946056924998273e-01
6.291666666666666075e+00,1.500945135209381942e-01
6.312500000000000000e+00,1.500944212644206022e-01
6.333333333333333037e+00,1.500943289235248113e-01
6.354166666666666075e+00,1.500942364988089861e-01
6.375000000000000000e+00,1.500941439908171915e-01
6.395833333333333037e+00,1.500940514000841108e-01
6.416666666666666075e+00,1.500939587271400699e-01
6.437500000000000000e+00,1.500938659725154500e-01
6.458333333333333037e+00,1.500937731367452677e-01
6.479166666666666075e+00,1.500936802203733378e-01
6.500000000000000000e+00,1.500935872239565483e-01
6.520833333333333037e+00,1.500934941480686624e-01
6.541666666666666075e+00,1.500934009933040381e-01
6.562500000000000000e+00,1.500933077602813748e-01
6.583333333333333037e+00,1.500932144496470999e-01
6.604166666666666075e+00,1.500931210620786993e-01
6.625000000000000000e+00,1.500930275982877149e-01
6.645833333333333037e+00,1.500929340590229366e-01
6.666666666666666075e+00,1.500928404450730946e-01
6.687500000000000000e+00,1.500927467572695795e-01
6.708333333333333037e+00,1.500926529964889955e-01
6.729166666666666075e+00,1.500925591636555201e-01
6.750000000000000000e+00,1.500924652597432352e-01
6.770833333333333037e+00,1.500923712857782921e-01
6.791666666666666075e+00,1.500922772428407437e-01
6.812500000000000000e+00,1.500921831320665700e-01
6.833333333333333037e+00,1.500920889546493719e-01
6.854166666666666075e+00,1.500919947118420084e-01
6.875000000000000000e+00,1.500919004049580119e-01
6.895833333333333037e+00,1.500918060353730321e-01
6.916666666666666075e+00,1.500917116045260291e-01
6.937500000000000000e+00,1.500916171139204669e-01
6.958333333333333037e+00,1.500915225651252294e-01
6.979166666666666075e+00,1.500914279597754808e-01
7.000000000000000000e+00,1.500913332995735538e-01
7.020833333333333037e+00,1.500912385862895881e-01
7.041666666666666075e+00,1.500911438217618632e-01
7.062500000000000000e+00,1.500910490078973258e-01
7.083333333333333037e+00,1.500909541466718122e-01
7.104166666666666075e+00,1.500908592401302144e-01
7.125000000000000000e+00,1.500907642903864803e-01
7.145833333333333037e+00,1.500906692996234471e-01
7.166666666666666075e+00,1.500905742700927026e-01
7.187500000000000000e+00,1.500904792041141134e-01
7.208333333333333037e+00,1.500903841040752695e-01
7.229166666666666075e+00,1.500902889724308742e-01
7.250000000000000000e+00,1.500901938117019385e-01
7.270833333333333037e+00,1.500900986244747826e-01
7.291666666666666075e+00,1.500900034133999528e-01
7.312500000000000000e+00,1.500899081811910007e-01
7.333333333333333037e+00,1.500898129306229845e-01
7.354166666666666075e+00,1.500897176645309694e-01
7.375000000000000000e+00,1.500896223858083633e-01
7.395833333333333037e+00,1.500895270974050844e-01
7.416666666666666075e+00,1.500894318023254237e-01
7.437500000000000000e+00,1.500893365036260751e-01
7.458333333333333037e+00,1.500892412044138591e-01
7.479166666666666075e+00,1.500891459078433909e-01
7.500000000000000000e+00,1.500890506171145833e-01
7.520833333333333037e+00,1.500889553354702866e-01
7.541666666666666075e+00,1.500888600661935135e-01
7.562500000000000000e+00,1.500887648126049412e-01
7.583333333333333037e+00,1.500886695780602742e-01
7.604166666666666075e+00,1.500885743659475247e-01
7.625000000000000000e+00,1.500884791796844031e-01
7.645833333333333037e+00,1.500883840227157928e-01
7.666666666666666075e+00,1.500882888985111407e-01
7.687500000000000000e+00,1.500881938105619318e-01
7.708333333333333037e+00,1.500880987623794127e-01
7.729166666666666075e+00,1.500880037574920389e-01
7.750000000000000000e+00,1.500879087994435035e-01
7.770833333333333037e+00,1.500878138917903781e-01
7.791666666666666075e+00,1.500877190381002257e-01
7.812500000000000000e+00,1.500876242419494910e-01
7.833333333333333037e+00,1.500875295069216964e-01
7.854166666666666075e+00,1.500874348366055544e-01
7.875000000000000000e+00,1.500873402345933305e-01
7.895833333333333037e+00,1.500872457044790109e-01
7.916666666666666075e+00,1.500871512498566651e-01
7.937500000000000000e+00,1.500870568743188638e-01
7.958333333333333037e+00,1.500869625814549857e-01
7.979166666666666075e+00,1.500868683748497190e-01
8.000000000000000000e+00,1.500867742580812292e-01
8.020833333333332149e+00,1.500866802347197437e-01
8.041666666666666075e+00,1.500865863083258034e-01
8.062500000000000000e+00,1.500864924824487079e-01
8.083333333333332149e+00,1.500863987606246563e-01
8.104166666666666075e+00,1.500863051463752762e-01
8.125000000000000000e+00,1.500862116432057081e-01
8.145833333333332149e+00,1.500861182546029404e-01
8.166666666666666075e+00,1.500860249840341165e-01
8.187500000000000000e+00,1.500859318349446747e-01
8.208333333333332149e+00,1.500858388107565444e-01
8.229166666666666075e+00,1.500857459148664530e-01
8.250000000000000000e+00,1.500856531506440106e-01
8.270833333333332149e+00,1.500855605214299060e-01
8.291666666666666075e+00,1.500854680305339917e-01
8.312500000000000000e+00,1.500853756812336737e-01
8.333333333333332149e+00,1.500852834767718580e-01
8.354166666666666075e+00,1.500851914203551463e-01
8.375000000000000000e+00,1.500850995151520040e-01
8.395833333333332149e+00,1.500850077642909564e-01
8.416666666666666075e+00,1.500849161708586177e-01
8.437500000000000000e+00,1.500848247378980815e-01
8.458333333333332149e+00,1.500847334684068113e-01
8.479166666666666075e+00,1.500846423653349471e-01
8.500000000000000000e+00,1.500845514315835016e-01
8.520833333333332149e+00,1.500844606700025563e-01
8.541666666666666075e+00,1.500843700833893735e-01
8.562500000000000000e+00,1.500842796744866758e-01
8.583333333333332149e+00,1.500841894459809811e-01
8.604166666666666075e+00,1.500840994005007423e-01
8.625000000000000000e+00,1.500840095406147656e-01
8.645833333333332149e+00,1.500839198688304066e-01
8.666666666666666075e+00,1.500838303875919599e-01
8.687500000000000000e+00,1.500837410992790222e-01
8.708333333333332149e+00,1.500836520062049373e-01
8.729166666666666075e+00,1.500835631106152979e-01
8.750000000000000000e+00,1.500834744146862798e-01
8.770833333333332149e+00,1.500833859205231990e-01
8.791666666666666075e+00,1.500832976301591237e-01
8.812500000000000000e+00,1.500832095455534587e-01
8.833333333333332149e+00,1.500831216685905578e-01
8.854166666666666075e+00,1.500830340010783359e-01
8.875000000000000000e+00,1.500829465447470756e-01
8.895833333333332149e+00,1.500828593012481782e-01
8.916666666666666075e+00,1.500827722721529145e-01
8.937500000000000000e+00,1.500826854589512871e-01
8.958333333333332149e+00,1.500825988630509755e-01
8.979166666666666075e+00,1.500825124857761428e-01
9.000000000000000000e+00,1.500824263283667137e-01
9.020833333333332149e+00,1.500823403919771815e-01
9.041666666666666075e+00,1.500822546776757471e-01
9.062500000000000000e+00,1.500821691864435981e-01
9.083333333333332149e+00,1.500820839191738254e-01
9.104166666666666075e+00,1.500819988766710633e-01
9.125000000000000000e+00,1.500819140596505452e-01
9.145833333333332149e+00,1.500818294687374932e-01
9.166666666666666075e+00,1.500817451044667294e-01
9.187500000000000000e+00,1.500816609672818713e-01
9.208333333333332149e+00,1.500815770575351371e-01
9.229166666666666075e+00,1.500814933754867908e-01
9.250000000000000000e+00,1.500814099213048092e-01
9.270833333333332149e+00,1.500813266950647429e-01
9.291666666666666075e+00,1.500812436967493280e-01
9.312500000000000000e+00,1.500811609262483193e-01
9.333333333333332149e+00,1.500810783833584905e-01
9.354166666666666075e+00,1.500809960677835231e-01
9.375000000000000000e+00,1.500809139791341174e-01
9.395833333333332149e+00,1.500808321169279369e-01
9.416666666666666075e+00,1.500807504805897752e-01
9.437500000000000000e+00,1.500806690694517775e-01
9.458333333333332149e+00,1.500805878827538020e-01
9.479166666666666075e+00,1.500805069196435859e-01
9.500000000000000000e+00,1.500804261791771066e-01
9.520833333333332149e+00,1.500803456603192199e-01
9.541666666666666075e+00,1.500802653619440485e-01
9.562500000000000000e+00,1.500801852828354821e-01
9.583333333333332149e+00,1.500801054216879260e-01
9.604166666666666075e+00,1.500800257771068291e-01
9.625000000000000000e+00,1.500799463476096274e-01
9.645833333333332149e+00,1.500798671316263821e-01
9.666666666666666075e+00,1.500797881275007517e-01
9.687500000000000000e+00,1.500797093334909071e-01
9.708333333333332149e+00,1.500796307477704206e-01
9.729166666666666075e+00,1.500795523684293753e-01
9.750000000000000000e+00,1.500794741934754484e-01
9.770833333333332149e+00,1.500793962208351318e-01
9.791666666666666075e+00,1.500793184483548148e-01
9.812500000000000000e+00,1.500792408738021999e-01
9.833333333333332149e+00,1.500791634948674680e-01
9.854166666666666075e+00,1.500790863091648053e-01
9.875000000000000000e+00,1.500790093142336523e-01
9.895833333333332149e+00,1.500789325075403968e-01
9.916666666666666075e+00,1.500788558864797617e-01
9.937500000000000000e+00,1.500787794483764981e-01
9.958333333333332149e+00,1.500787031904868285e-01
9.979166666666666075e+00,1.500786271100004177e-01
1.000000000000000000e+01,1.500785512040418435e-01
1.002083333333333215e+01,1.500784754696724843e-01
1.004166666666666607e+01,1.500783999038923788e-01
1.006250000000000000e+01,1.500783245036420299e-01
1.008333333333333215e+01,1.500782492658043754e-01
1.010416666666666607e+01,1.500781741872066755e-01
1.012500000000000000e+01,1.500780992646226220e-01
1.014583333333333215e+01,1.500780244947742814e-01
1.016666666666666607e+01,1.500779498743341489e-01
1.018750000000000000e+01,1.500778753999273685e-01
1.020833333333333215e+01,1.500778010681338148e-01
1.022916666666666607e+01,1.500777268754902860e-01
1.025000000000000000e+01,1.500776528184927794e-01
1.027083333333333215e+01,1.500775788935986010e-01
1.029166666666666607e+01,1.500775050972287805e-01
1.031250000000000000e+01,1.500774314257704301e-01
1.033333333333333215e+01,1.500773578755788540e-01
1.035416666666666607e+01,1.500772844429801023e-01
1.037500000000000000e+01,1.500772111242733575e-01
1.039583333333333215e+01,1.500771379157332386e-01
1.041666666666666607e+01,1.500770648136123819e-01
1.043750000000000000e+01,1.500769918141436898e-01
1.045833333333333215e+01,1.500769189135429393e-01
1.047916666666666607e+01,1.500768461080113358e-01
1.050000000000000000e+01,1.500767733937378723e-01
1.052083333333333215e+01,1.500767007669018271e-01
1.054166666666666607e+01,1.500766282236754845e-01
1.056250000000000000e+01,1.500765557602264655e-01
1.058333333333333215e+01,1.500764833727203373e-01
1.060416666666666607e+01,1.500764110573232224e-01
1.062500000000000000e+01,1.500763388102042961e-01
1.064583333333333215e+01,1.500762666275383406e-01
1.066666666666666607e+01,1.500761945055082702e-01
1.068750000000000000e+01,1.500761224403077687e-01
1.070833333333333215e+01,1.500760504281438146e-01
1.072916666666666607e+01,1.500759784652392070e-01
1.075000000000000000e+01,1.500759065478350085e-01
1.077083333333333215e+01,1.500758346721933478e-01
1.079166666666666607e+01,1.500757628345996686e-01
1.081250000000000000e+01,1.500756910313654213e-01
1.083333333333333215e+01,1.500756192588304783e-01
1.085416666666666607e+01,1.500755475133655481e-01
1.087500000000000000e+01,1.500754757913747572e-01
1.089583333333333215e+01,1.500754040892980923e-01
1.091666666666666607e+01,1.500753324036138425e-01
1.093750000000000000e+01,1.500752607308408482e-01
1.095833333333333215e+01,1.500751890675410261e-01
1.097916666666666607e+01,1.500751174103216457e-01
1.100000000000000000e+01,1.500750457558377993e-01
1.102083333333333215e+01,1.500749741007944837e-01
1.104166666666666607e+01,1.500749024419489874e-01
1.106250000000000000e+01,1.500748307761131106e-01
1.108333333333333215e+01,1.500747591001553582e-01
1.110416666666666607e+01,1.500746874110031048e-01
1.112500000000000000e+01,1.500746157056447594e-01
1.114583333333333215e+01,1.500745439811317361e-01
1.116666666666666607e+01,1.500744722345805915e-01
1.118750000000000000e+01,1.500744004631750783e-01
1.120833333333333215e+01,1.500743286641679775e-01
1.122916666666666607e+01,1.500742568348830408e-01
1.125000000000000000e+01,1.500741849727169341e-01
1.127083333333333215e+01,1.500741130751409302e-01
1.129166666666666607e+01,1.500740411397029073e-01
1.131250000000000000e+01,1.500739691640287921e-01
1.133333333333333215e+01,1.500738971458244198e-01
1.135416666666666607e+01,1.500738250828770881e-01
1.137500000000000000e+01,1.500737529730571118e-01
1.139583333333333215e+01,1.500736808143192935e-01
1.141666666666666607e+01,1.500736086047044227e-01
1.143750000000000000e+01,1.500735363423407465e-01
1.145833333333333215e+01,1.500734640254451357e-01
1.147916666666666607e+01,1.500733916523244449e-01
1.150000000000000000e+01,1.500733192213767053e-01
1.152083333333333215e+01,1.500732467310923468e-01
1.154166666666666607e+01,1.500731741800551411e-01
1.156250000000000000e+01,1.500731015669434232e-01
1.158333333333333215e+01,1.500730288905308962e-01
1.160416666666666607e+01,1.500729561496874920e-01
1.162500000000000000e+01,1.500728833433804810e-01
1.164583333333333215e+01,1.500728104706748611e-01
1.166666666666666607e+01,1.500727375307343014e-01
1.168750000000000000e+01,1.500726645228217804e-01
1.170833333333333215e+01,1.500725914462999744e-01
1.172916666666666607e+01,1.500725183006319519e-01
1.175000000000000000e+01,1.500724450853814229e-01
1.177083333333333215e+01,1.500723718002133222e-01
1.179166666666666607e+01,1.500722984448938091e-01
1.181250000000000000e+01,1.500722250192907670e-01
1.183333333333333215e+01,1.500721515233737480e-01
1.185416666666666607e+01,1.500720779572140839e-01
1.187500000000000000e+01,1.500720043209851084e-01
1.189583333333333215e+01,1.500719306149617682e-01
1.191666666666666607e+01,1.500718568395207342e-01
1.193750000000000000e+01,1.500717829951400406e-01
1.195833333333333215e+01,1.500717090823989464e-01
1.197916666666666607e+01,1.500716351019774630e-01
1.200000000000000000e+01,1.500715610546559664e-01
1.202083333333333215e+01,1.500714869413147246e-01
1.204166666666666607e+01,1.500714127629332872e-01
1.206250000000000000e+01,1.500713385205898753e-01
1.208333333333333215e+01,1.500712642154606313e-01
1.210416666666666607e+01,1.500711898488188145e-01
1.212500000000000000e+01,1.500711154220339127e-01
1.214583333333333215e+01,1.500710409365707543e-01
1.216666666666666607e+01,1.500709663939882865e-01
1.218750000000000000e+01,1.500708917959387156e-01
1.220833333333333215e+01,1.500708171441660077e-01
1.222916666666666607e+01,1.500707424405048618e-01
1.225000000000000000e+01,1.500706676868791001e-01
1.227083333333333215e+01,1.500705928853004190e-01
1.229166666666666607e+01,1.500705180378666959e-01
1.231250000000000000e+01,1.500704431467603239e-01
1.233333333333333215e+01,1.500703682142465467e-01
1.235416666666666607e+01,1.500702932426715430e-01
1.237500000000000000e+01,1.500702182344606228e-01
1.239583333333333215e+01,1.500701431921159790e-01
1.241666666666666607e+01,1.500700681182149110e-01
1.243750000000000000e+01,1.500699930154072437e-01
1.245833333333333215e+01,1.500699178864132455e-01
1.247916666666666607e+01,1.500698427340212138e-01
1.250000000000000000e+01,1.500697675610849213e-01
1.252083333333333215e+01,1.500696923705210906e-01
1.254166666666666607e+01,1.500696171653068678e-01
1.256250000000000000e+01,1.500695419484769366e-01
1.258333333333333215e+01,1.500694667231208534e-01
1.260416666666666607e+01,1.500693914923802719e-01
1.262500000000000000e+01,1.500693162594460839e-01
1.264583333333333215e+01,1.500692410275554223e-01
1.266666666666666607e+01,1.500691657999888573e-01
1.268750000000000000e+01,1.500690905800674546e-01
1.270833333333333215e+01,1.500690153711498331e-01
1.272916666666666607e+01,1.500689401766293618e-01
1.275000000000000000e+01,1.500688649999311342e-01
1.277083333333333215e+01,1.500687898445092205e-01
1.279166666666666607e+01,1.500687147138437816e-01
1.281250000000000000e+01,1.500686396114383758e-01
1.283333333333333215e+01,1.500685645408171565e-01
1.285416666666666607e+01,1.500684895055223733e-01
1.287500000000000000e+01,1.500684145091116251e-01
1.289583333333333215e+01,1.500683395551554444e-01
1.291666666666666607e+01,1.500682646472346893e-01
1.293750000000000000e+01,1.500681897889382665e-01
1.295833333333333215e+01,1.500681149838607453e-01
1.297916666666666607e+01,1.500680402355999976e-01
1.300000000000000000e+01,1.500679655477550056e-01
1.302083333333333215e+01,1.500678909239236691e-01
1.304166666666666607e+01,1.500678163677005850e-01
1.306250000000000000e+01,1.500677418826748544e-01
1.308333333333333215e+01,1.500676674724281678e-01
1.310416666666666607e+01,1.500675931405325292e-01
1.312500000000000000e+01,1.500675188905482571e-01
1.314583333333333215e+01,1.500674447260219868e-01
1.316666666666666607e+01,1.500673706504846161e-01
1.318750000000000000e+01,1.500672966674490849e-01
1.320833333333333215e+01,1.500672227804086822e-01
1.322916666666666607e+01,1.500671489928347979e-01
1.325000000000000000e+01,1.500670753081749520e-01
1.327083333333333215e+01,1.500670017298508796e-01
1.329166666666666607e+01,1.500669282612563937e-01
1.331250000000000000e+01,1.500668549057555257e-01
1.333333333333333215e+01,1.500667816666804433e-01
1.335416666666666607e+01,1.500667085473295914e-01
1.337500000000000000e+01,1.500666355509655825e-01
1.339583333333333215e+01,1.500665626808133091e-01
1.341666666666666607e+01,1.500664899400580288e-01
1.343750000000000000e+01,1.500664173318433936e-01
1.345833333333333215e+01,1.500663448592694793e-01
1.347916666666666607e+01,1.500662725253909258e-01
1.350000000000000000e+01,1.500662003332151329e-01
1.352083333333333215e+01,1.500661282857002621e-01
1.354166666666666607e+01,1.500660563857533769e-01
1.356250000000000000e+01,1.500659846362286942e-01
1.358333333333333215e+01,1.500659130399257524e-01
1.360416666666666607e+01,1.500658415995875516e-01
1.362500000000000000e+01,1.500657703178988334e-01
1.364583333333333215e+01,1.500656991974843868e-01
1.366666666666666607e+01,1.500656282409073283e-01
1.368750000000000000e+01,1.500655574506673529e-01
1.370833333333333215e+01,1.500654868291991795e-01
1.372916666666666607e+01,1.500654163788708861e-01
1.375000000000000000e+01,1.500653461019823554e-01
1.377083333333333215e+01,1.500652760007636921e-01
1.379166666666666607e+01,1.500652060773738639e-01
1.381250000000000000e+01,1.500651363338989797e-01
1.383333333333333215e+01,1.500650667723511800e-01
1.385416666666666607e+01,1.500649973946670268e-01
1.387500000000000000e+01,1.500649282027062548e-01
1.389583333333333215e+01,1.500648591982505220e-01
1.391666666666666607e+01,1.500647903830021057e-01
1.393750000000000000e+01,1.500647217585827642e-01
1.395833333333333215e+01,1.500646533265325433e-01
1.397916666666666607e+01,1.500645850883086663e-01
1.400000000000000000e+01,1.500645170452845900e-01
1.402083333333333215e+01,1.500644491987488949e-01
1.404166666666666607e+01,1.500643815499044242e-01
1.406250000000000000e+01,1.500643140998673408e-01
1.408333333333333215e+01,1.500642468496663218e-01
1.410416666666666607e+01,1.500641798002418092e-01
1.412500000000000000e+01,1.500641129524451500e-01
1.414583333333333215e+01,1.500640463070381236e-01
1.416666666666666607e+01,1.500639798646921652e-01
1.418750000000000000e+01,1.500639136259879769e-01
1.420833333333333215e+01,1.500638475914148340e-01
1.422916666666666607e+01,1.500637817613703351e-01
1.425000000000000000e+01,1.500637161361598748e-01
1.427083333333333215e+01,1.500636507159964217e-01
1.429166666666666607e+01,1.500635855010001851e-01
1.431250000000000000e+01,1.500635204911985598e-01
1.433333333333333215e+01,1.500634556865258484e-01
1.435416666666666607e+01,1.500633910868232057e-01
1.437500000000000000e+01,1.500633266918386943e-01
1.439583333333333215e+01,1.500632625012272015e-01
1.441666666666666607e+01,1.500631985145507996e-01
1.443750000000000000e+01,1.500631347312785802e-01
1.445833333333333215e+01,1.500630711507871251e-01
1.447916666666666607e+01,1.500630077723607847e-01
1.450000000000000000e+01,1.500629445951918439e-01
1.452083333333333215e+01,1.500628816183812997e-01
1.454166666666666607e+01,1.500628188409388331e-01
1.456250000000000000e+01,1.500627562617838084e-01
1.458333333333333215e+01,1.500626938797457177e-01
1.460416666666666607e+01,1.500626316935647075e-01
1.462500000000000000e+01,1.500625697018924953e-01
1.464583333333333215e+01,1.500625079032930076e-01
1.466666666666666607e+01,1.500624462962432681e-01
1.468750000000000000e+01,1.500623848791344250e-01
1.470833333333333215e+01,1.500623236502725000e-01
1.472916666666666607e+01,1.500622626078795541e-01
1.475000000000000000e+01,1.500622017500946592e-01
1.477083333333333215e+01,1.500621410749751750e-01
1.479166666666666607e+01,1.500620805804977753e-01
1.481250000000000000e+01,1.500620202645598089e-01
1.483333333333333215e+01,1.500619601249806034e-01
1.485416666666666607e+01,1.500619001595027424e-01
1.487500000000000000e+01,1.500618403657935085e-01
1.489583333333333215e+01,1.500617807414463822e-01
1.491666666666666607e+01,1.500617212839825687e-01
1.493750000000000000e+01,1.500616619908524962e-01
1.495833333333333215e+01,1.500616028594375095e-01
1.497916666666666607e+01,1.500615438870514240e-01
1.500000000000000000e+01,1.500614850709423853e-01
1.502083333333333215e+01,1.500614264082944793e-01
1.504166666666666607e+01,1.500613678962297581e-01
1.506250000000000000e+01,1.500613095318098777e-01
1.508333333333333215e+01,1.500612513120380132e-01
1.510416666666666607e+01,1.500611932338609955e-01
1.512500000000000000e+01,1.500611352941711441e-01
1.514583333333333215e+01,1.500610774898082367e-01
1.516666666666666607e+01,1.500610198175616750e-01
1.518750000000000000e+01,1.500609622741726212e-01
1.520833333333333215e+01,1.500609048563360248e-01
1.522916666666666607e+01,1.500608475607028147e-01
1.525000000000000000e+01,1.500607903838821755e-01
1.527083333333333215e+01,1.500607333224437956e-01
1.529166666666666607e+01,1.500606763729199211e-01
1.531250000000000000e+01,1.500606195318078817e-01
1.533333333333333215e+01,1.500605627955723664e-01
1.535416666666666607e+01,1.500605061606477553e-01
1.537500000000000000e+01,1.500604496234405061e-01
1.539583333333333215e+01,1.500603931803314584e-01
1.541666666666666607e+01,1.500603368276784699e-01
1.543750000000000000e+01,1.500602805618185820e-01
1.545833333333333215e+01,1.500602243790706836e-01
1.547916666666666607e+01,1.500601682757379263e-01
1.550000000000000000e+01,1.500601122481101668e-01
1.552083333333333215e+01,1.500600562924665204e-01
1.554166666666666607e+01,1.500600004050779701e-01
1.556250000000000000e+01,1.500599445822096423e-01
1.558333333333333215e+01,1.500598888201235825e-01
1.560416666666666607e+01,1.500598331150810871e-01
1.562500000000000000e+01,1.500597774633454784e-01
1.564583333333333215e+01,1.500597218611844086e-01
1.566666666666666607e+01,1.500596663048726076e-01
1.568750000000000000e+01,1.500596107906943255e-01
1.570833333333333215e+01,1.500595553149458028e-01
1.572916666666666607e+01,1.500594998739380181e-01
1.575000000000000000e+01,1.500594444639990477e-01
1.577083333333333215e+01,1.500593890814766462e-01
1.579166666666666607e+01,1.500593337227407176e-01
1.581250000000000000e+01,1.500592783841859235e-01
1.583333333333333215e+01,1.500592230622340151e-01
1.585416666666666607e+01,1.500591677533364976e-01
1.587500000000000000e+01,1.500591124539768784e-01
1.589583333333333215e+01,1.500590571606733870e-01
1.591666666666666607e+01,1.500590018699810568e-01
1.593750000000000000e+01,1.500589465784943344e-01
1.595833333333333215e+01,1.500588912828494104e-01
1.597916666666666607e+01,1.500588359797265792e-01
1.600000000000000000e+01,1.500587806658525702e-01
1.602083333333333215e+01,1.500587253380026853e-01
1.604166666666666430e+01,1.500586699930033796e-01
1.606250000000000000e+01,1.500586146277340660e-01
1.608333333333333215e+01,1.500585592391297518e-01
1.610416666666666430e+01,1.500585038241828151e-01
1.612500000000000000e+01,1.500584483799453639e-01
1.614583333333333215e+01,1.500583929035312625e-01
1.616666666666666430e+01,1.500583373921181574e-01
1.618750000000000000e+01,1.500582818429495036e-01
1.620833333333333215e+01,1.500582262533364519e-01
1.622916666666666430e+01,1.500581706206598476e-01
1.625000000000000000e+01,1.500581149423720617e-01
1.627083333333333215e+01,1.500580592159988236e-01
1.629166666666666430e+01,1.500580034391409967e-01
1.631250000000000000e+01,1.500579476094762443e-01
1.633333333333333215e+01,1.500578917247607780e-01
1.635416666666666430e+01,1.500578357828309672e-01
1.637500000000000000e+01,1.500577797816048664e-01
1.639583333333333215e+01,1.500577237190837410e-01
1.641666666666666430e+01,1.500576675933535942e-01
1.643750000000000000e+01,1.500576114025863605e-01
1.645833333333333215e+01,1.500575551450415157e-01
1.647916666666666430e+01,1.500574988190671588e-01
1.650000000000000000e+01,1.500574424231012893e-01
1.652083333333333215e+01,1.500573859556730005e-01
1.654166666666666430e+01,1.500573294154035897e-01
1.656250000000000000e+01,1.500572728010075296e-01
1.658333333333333215e+01,1.500572161112934677e-01
1.660416666666666430e+01,1.500571593451650865e-01
1.662500000000000000e+01,1.500571025016221305e-01
1.664583333333333215e+01,1.500570455797609337e-01
1.666666666666666430e+01,1.500569885787753355e-01
1.668750000000000000e+01,1.500569314979571245e-01
1.670833333333333215e+01,1.500568743366968438e-01
1.672916666666666430e+01,1.500568170944841517e-01
1.675000000000000000e+01,1.500567597709081824e-01
1.677083333333333215e+01,1.500567023656581844e-01
1.679166666666666430e+01,1.500566448785235207e-01
1.681250000000000000e+01,1.500565873093940572e-01
1.683333333333333215e+01,1.500565296582603292e-01
1.685416666666666430e+01,1.500564719252135137e-01
1.687500000000000000e+01,1.500564141104455407e-01
1.689583333333333215e+01,1.500563562142488983e-01
1.691666666666666430e+01,1.500562982370166054e-01
1.693750000000000000e+01,1.500562401792419898e-01
1.695833333333333215e+01,1.500561820415182435e-01
1.697916666666666430e+01,1.500561238245381734e-01
1.700000000000000000e+01,1.500560655290937295e-01
1.702083333333333215e+01,1.500560071560754216e-01
1.704166666666666430e+01,1.500559487064716258e-01
1.706250000000000000e+01,1.500558901813680845e-01
1.708333333333333215e+01,1.500558315819468247e-01
1.710416666666666430e+01,1.500557729094854076e-01
1.712500000000000000e+01,1.500557141653560689e-01
1.714583333333333215e+01,1.500556553510244140e-01
1.716666666666666430e+01,1.500555964680483634e-01
1.718750000000000000e+01,1.500555375180769591e-01
1.720833333333333215e+01,1.500554785028488936e-01
1.722916666666666430e+01,1.500554194241912054e-01
1.725000000000000000e+01,1.500553602840175305e-01
1.727083333333333215e+01,1.500553010843266311e-01
1.729166666666666430e+01,1.500552418272005639e-01
1.731250000000000000e+01,1.500551825148029317e-01
1.733333333333333215e+01,1.500551231493768845e-01
1.735416666666666430e+01,1.500550637332431769e-01
1.737500000000000000e+01,1.500550042687980035e-01
1.739583333333333215e+01,1.500549447585108331e-01
1.741666666666666430e+01,1.500548852049221893e-01
1.743750000000000000e+01,1.500548256106412903e-01
1.745833333333333215e+01,1.500547659783436072e-01
1.747916666666666430e+01,1.500547063107685875e-01
1.750000000000000000e+01,1.500546466107169352e-01
1.752083333333333215e+01,1.500545868810481964e-01
1.754166666666666430e+01,1.500545271246782053e-01
1.756250000000000000e+01,1.500544673445764476e-01
1.758333333333333215e+01,1.500544075437634517e-01
1.760416666666666430e+01,1.500543477253081237e-01
1.762500000000000000e+01,1.500542878923252499e-01
1.764583333333333215e+01,1.500542280479728596e-01
1.766666666666666430e+01,1.500541681954496442e-01
1.768750000000000000e+01,1.500541083379923202e-01
1.770833333333333215e+01,1.500540484788732698e-01
1.772916666666666430e+01,1.500539886213978491e-01
1.775000000000000000e+01,1.500539287689021117e-01
1.777083333333333215e+01,1.500538689247502000e-01
1.779166666666666430e+01,1.500538090923321521e-01
1.781250000000000000e+01,1.500537492750614321e-01
1.783333333333333215e+01,1.500536894763726536e-01
1.785416666666666430e+01,1.500536296997192764e-01
1.787500000000000000e+01,1.500535699485713304e-01
1.789583333333333215e+01,1.500535102264133336e-01
1.791666666666666430e+01,1.500534505367418781e-01
1.793750000000000000e+01,1.500533908830636587e-01
1.795833333333333215e+01,1.500533312688932530e-01
1.797916666666666430e+01,1.500532716977507619e-01
1.800000000000000000e+01,1.500532121731600055e-01
1.802083333333333215e+01,1.500531526986462749e-01
1.804166666666666430e+01,1.500530932777340287e-01
1.806250000000000000e+01,1.500530339139450886e-01
1.808333333333333215e+01,1.500529746107962525e-01
1.810416666666666430e+01,1.500529153717972963e-01
1.812500000000000000e+01,1.500528562004489475e-01
1.814583333333333215e+01,1.500527971002406924e-01
1.816666666666666430e+01,1.500527380746485562e-01
1.818750000000000000e+01,1.500526791271332427e-01
1.820833333333333215e+01,1.500526202611378035e-01
1.822916666666666430e+01,1.500525614800857221e-01
1.825000000000000000e+01,1.500525027873787498e-01
1.827083333333333215e+01,1.500524441863947123e-01
1.829166666666666430e+01,1.500523856804855671e-01
1.831250000000000000e+01,1.500523272729752666e-01
1.833333333333333215e+01,1.500522689671577037e-01
1.835416666666666430e+01,1.500522107662946025e-01
1.837500000000000000e+01,1.500521526736135480e-01
1.839583333333333215e+01,1.500520946923059040e-01
1.841666666666666430e+01,1.500520368255247317e-01
1.843750000000000000e+01,1.500519790763829020e-01
1.845833333333333215e+01,1.500519214479510144e-01
1.847916666666666430e+01,1.500518639432553980e-01
1.850000000000000000e+01,1.500518065652762245e-01
1.852083333333333215e+01,1.500517493169454819e-01
1.854166666666666430e+01,1.500516922011452259e-01
1.856250000000000000e+01,1.500516352207055260e-01
1.858333333333333215e+01,1.500515783784026613e-01
1.860416666666666430e+01,1.500515216769572335e-01
1.862500000000000000e+01,1.500514651190323900e-01
1.864583333333333215e+01,1.500514087072321867e-01
1.866666666666666430e+01,1.500513524440996449e-01
1.868750000000000000e+01,1.500512963321150584e-01
1.870833333333333215e+01,1.500512403736944389e-01
1.872916666666666430e+01,1.500511845711877956e-01
1.875000000000000000e+01,1.500511289268775250e-01
1.877083333333333215e+01,1.500510734429769122e-01
1.879166666666666430e+01,1.500510181216285210e-01
1.881250000000000000e+01,1.500509629649028065e-01
1.883333333333333215e+01,1.500509079747965879e-01
1.885416666666666430e+01,1.500508531532317447e-01
1.887500000000000000e+01,1.500507985020537449e-01
1.889583333333333215e+01,1.500507440230305356e-01
1.891666666666666430e+01,1.500506897178509880e-01
1.893750000000000000e+01,1.500506355881241205e-01
1.895833333333333215e+01,1.500505816353775446e-01
1.897916666666666430e+01,1.500505278610565485e-01
1.900000000000000000e+01,1.500504742665229596e-01
1.902083333333333215e+01,1.500504208530542838e-01
1.904166666666666430e+01,1.500503676218425397e-01
1.906250000000000000e+01,1.500503145739935651e-01
1.908333333333333215e+01,1.500502617105261283e-01
1.910416666666666430e+01,1.500502090323709847e-01
1.912500000000000000e+01,1.500501565403704329e-01
1.914583333333333215e+01,1.500501042352773984e-01
1.916666666666666430e+01,1.500500521177548507e-01
1.918750000000000000e+01,1.500500001883754431e-01
1.920833333333333215e+01,1.500499484476206791e-01
1.922916666666666430e+01,1.500498968958808299e-01
1.925000000000000000e+01,1.500498455334543235e-01
1.927083333333333215e+01,1.500497943605474949e-01
1.929166666666666430e+01,1.500497433772742528e-01
1.931250000000000000e+01,1.500496925836560802e-01
1.933333333333333215e+01,1.500496419796217562e-01
1.935416666666666430e+01,1.500495915650071344e-01
1.937500000000000000e+01,1.500495413395553923e-01
1.939583333333333215e+01,1.500494913029170041e-01
1.941666666666666430e+01,1.500494414546497401e-01
1.943750000000000000e+01,1.500493917942189170e-01
1.945833333333333215e+01,1.500493423209975918e-01
1.947916666666666430e+01,1.500492930342669506e-01
1.950000000000000000e+01,1.500492439332164751e-01
1.952083333333333215e+01,1.500491950169445809e-01
1.954166666666666430e+01,1.500491462844590063e-01
1.956250000000000000e+01,1.500490977346772559e-01
1.958333333333333215e+01,1.500490493664273228e-01
1.960416666666666430e+01,1.500490011784482158e-01
1.962500000000000000e+01,1.500489531693908751e-01
1.964583333333333215e+01,1.500489053378187276e-01
1.966666666666666430e+01,1.500488576822088527e-01
1.968750000000000000e+01,1.500488102009525371e-01
1.970833333333333215e+01,1.500487628923563577e-01
1.972916666666666430e+01,1.500487157546432637e-01
1.975000000000000000e+01,1.500486687859536317e-01
1.977083333333333215e+01,1.500486219843463476e-01
1.979166666666666430e+01,1.500485753478000839e-01
1.981250000000000000e+01,1.500485288742144097e-01
1.983333333333333215e+01,1.500484825614111783e-01
1.985416666666666430e+01,1.500484364071359433e-01
1.987500000000000000e+01,1.500483904090592346e-01
1.989583333333333215e+01,1.500483445647781966e-01
1.991666666666666430e+01,1.500482988718178923e-01
1.993750000000000000e+01,1.500482533276330521e-01
1.995833333333333215e+01,1.500482079296096005e-01
1.997916666666666430e+01,1.500481626750662933e-01
2.000000000000000000e+01,1.500481175612566054e-01
2.002083333333333215e+01,1.500480725853702568e-01
2.004166666666666430e+01,1.500480277445352117e-01
2.006250000000000000e+01,1.500479830358193711e-01
2.008333333333333215e+01,1.500479384562327101e-01
2.010416666666666430e+01,1.500478940027289432e-01
2.012500000000000000e+01,1.500478496722076338e-01
2.014583333333333215e+01,1.500478054615162760e-01
2.016666666666666430e+01,1.500477613674523480e-01
2.018750000000000000e+01,1.500477173867652281e-01
2.020833333333333215e+01,1.500476735161585529e-01
2.022916666666666430e+01,1.500476297522922997e-01
2.025000000000000000e+01,1.500475860917849791e-01
2.027083333333333215e+01,1.500475425312159106e-01
2.029166666666666430e+01,1.500474990671274433e-01
2.031250000000000000e+01,1.500474556960272876e-01
2.033333333333333215e+01,1.500474124143908738e-01
2.035416666666666430e+01,1.500473692186635732e-01
2.037500000000000000e+01,1.500473261052632512e-01
2.039583333333333215e+01,1.500472830705825156e-01
2.041666666666666430e+01,1.500472401109912424e-01
2.043750000000000000e+01,1.500471972228390183e-01
2.045833333333333215e+01,1.500471544024573889e-01
2.047916666666666430e+01,1.500471116461626619e-01
2.050000000000000000e+01,1.500470689502581834e-01
2.052083333333333215e+01,1.500470263110368629e-01
2.054166666666666430e+01,1.500469837247837557e-01
2.056250000000000000e+01,1.500469411877785597e-01
2.058333333333333215e+01,1.500468986962981144e-01
2.060416666666666430e+01,1.500468562466188704e-01
2.062500000000000000e+01,1.500468138350196379e-01
2.064583333333333215e+01,1.500467714577839728e-01
2.066666666666666430e+01,1.500467291112027590e-01
2.068750000000000000e+01,1.500466867915767610e-01
2.070833333333333215e+01,1.500466444952191780e-01
2.072916666666666430e+01,1.500466022184581694e-01
2.075000000000000000e+01,1.500465599576393250e-01
2.077083333333333215e+01,1.500465177091283020e-01
2.079166666666666430e+01,1.500464754693132952e-01
2.081250000000000000e+01,1.500464332346074792e-01
2.083333333333333215e+01,1.500463910014515623e-01
2.085416666666666430e+01,1.500463487663162288e-01
2.087500000000000000e+01,1.500463065257046646e-01
2.089583333333333215e+01,1.500462642761548893e-01
2.091666666666666430e+01,1.500462220142421976e-01
2.093750000000000000e+01,1.500461797365816308e-01
2.095833333333333215e+01,1.500461374398302794e-01
2.097916666666666430e+01,1.500460951206896154e-01
2.100000000000000000e+01,1.500460527759079066e-01
2.102083333333333215e+01,1.500460104022824093e-01
2.104166666666666430e+01,1.500459679966615612e-01
2.106250000000000000e+01,1.500459255559474514e-01
2.108333333333333215e+01,1.500458830770977636e-01
2.110416666666666430e+01,1.500458405571280796e-01
2.112500000000000000e+01,1.500457979931139052e-01
2.114583333333333215e+01,1.500457553821928081e-01
2.116666666666666430e+01,1.500457127215664987e-01
2.118750000000000000e+01,1.500456700085026629e-01
2.120833333333333215e+01,1.500456272403370983e-01
2.122916666666666430e+01,1.500455844144755191e-01
2.125000000000000000e+01,1.500455415283955263e-01
2.127083333333333215e+01,1.500454985796482732e-01
2.129166666666666430e+01,1.500454555658603528e-01
2.131250000000000000e+01,1.500454124847354076e-01
2.133333333333333215e+01,1.500453693340559613e-01
2.135416666666666430e+01,1.500453261116848069e-01
2.137500000000000000e+01,1.500452828155668938e-01
2.139583333333333215e+01,1.500452394437304104e-01
2.141666666666666430e+01,1.500451959942886160e-01
2.143750000000000000e+01,1.500451524654410340e-01
2.145833333333333215e+01,1.500451088554747570e-01
2.147916666666666430e+01,1.500450651627658893e-01
2.150000000000000000e+01,1.500450213857805748e-01
2.152083333333333215e+01,1.500449775230763283e-01
2.154166666666666430e+01,1.500449335733029799e-01
2.156250000000000000e+01,1.500448895352037570e-01
2.158333333333333215e+01,1.500448454076163396e-01
2.160416666666666430e+01,1.500448011894736089e-01
2.162500000000000000e+01,1.500447568798045916e-01
2.164583333333333215e+01,1.500447124777352093e-01
2.166666666666666430e+01,1.500446679824889440e-01
2.168750000000000000e+01,1.500446233933875884e-01
2.170833333333333215e+01,1.500445787098516615e-01
2.172916666666666430e+01,1.500445339314010751e-01
2.175000000000000000e+01,1.500444890576554668e-01
2.177083333333333215e+01,1.500444440883345887e-01
2.179166666666666430e+01,1.500443990232586400e-01
2.181250000000000000e+01,1.500443538623485173e-01
2.183333333333333215e+01,1.500443086056258979e-01
2.185416666666666430e+01,1.500442632532132947e-01
2.187500000000000000e+01,1.500442178053342790e-01
2.189583333333333215e+01,1.500441722623132579e-01
2.191666666666666430e+01,1.500441266245753913e-01
2.193750000000000000e+01,1.500440808926463421e-01
2.195833333333333215e+01,1.500440350671521650e-01
2.197916666666666430e+01,1.500439891488186961e-01
2.200000000000000000e+01,1.500439431384714140e-01
2.202083333333333215e+01,1.500438970370347180e-01
2.204166666666666430e+01,1.500438508455315123e-01
2.206250000000000000e+01,1.500438045650823726e-01
2.208333333333333215e+01,1.500437581969049361e-01
2.210416666666666430e+01,1.500437117423130406e-01
2.212500000000000000e+01,1.500436652027157536e-01
2.214583333333333215e+01,1.500436185796164834e-01
2.216666666666666430e+01,1.500435718746117586e-01
2.218750000000000000e+01,1.500435250893901451e-01
2.220833333333333215e+01,1.500434782257309141e-01
2.222916666666666430e+01,1.500434312855026819e-01
2.225000000000000000e+01,1.500433842706618837e-01
2.227083333333333215e+01,1.500433371832513851e-01
2.229166666666666430e+01,1.500432900253985680e-01
2.231250000000000000e+01,1.500432427993137474e-01
2.233333333333333215e+01,1.500431955072881185e-01
2.235416666666666430e+01,1.500431481516919519e-01
2.237500000000000000e+01,1.500431007349723733e-01
2.239583333333333215e+01,1.500430532596512267e-01
2.241666666666666430e+01,1.500430057283228535e-01
2.243750000000000000e+01,1.500429581436516779e-01
2.245833333333333215e+01,1.500429105083696812e-01
2.247916666666666430e+01,1.500428628252739871e-01
2.250000000000000000e+01,1.500428150972241970e-01
2.252083333333333215e+01,1.500427673271397255e-01
2.254166666666666430e+01,1.500427195179970530e-01
2.256250000000000000e+01,1.500426716728269494e-01
2.258333333333333215e+01,1.500426237947117825e-01
2.260416666666666430e+01,1.500425758867825476e-01
2.262500000000000000e+01,1.500425279522162036e-01
2.264583333333333215e+01,1.500424799942327025e-01
2.266666666666666430e+01,1.500424320160922975e-01
2.268750000000000000e+01,1.500423840210927673e-01
2.270833333333333215e+01,1.500423360125665295e-01
2.272916666666666430e+01,1.500422879938781151e-01
2.275000000000000000e+01,1.500422399684214758e-01
2.277083333333333215e+01,1.500421919396174031e-01
2.279166666666666430e+01,1.500421439109108912e-01
2.281250000000000000e+01,1.500420958857687226e-01
2.283333333333333215e+01,1.500420478676771918e-01
2.285416666666666430e+01,1.500419998601395244e-01
2.287500000000000000e+01,1.500419518666737950e-01
2.289583333333333215e+01,1.500419038908104852e-01
2.291666666666666430e+01,1.500418559360904014e-01
2.293750000000000000e+01,1.500418080060624826e-01
2.295833333333333215e+01,1.500417601042816906e-01
2.297916666666666430e+01,1.500417122343068177e-01
2.300000000000000000e+01,1.500416643996984878e-01
2.302083333333333215e+01,1.500416166040171029e-01
2.304166666666666430e+01,1.500415688508207335e-01
2.306250000000000000e+01,1.500415211436631202e-01
2.308333333333333215e+01,1.500414734860915922e-01
2.310416666666666430e+01,1.500414258816450686e-01
2.312500000000000000e+01,1.500413783338521156e-01
2.314583333333333215e+01,1.500413308462286710e-01
2.316666666666666430e+01,1.500412834222763225e-01
2.318750000000000000e+01,1.500412360654799770e-01
2.320833333333333215e+01,1.500411887793060006e-01
2.322916666666666430e+01,1.500411415672001370e-01
2.325000000000000000e+01,1.500410944325855089e-01
2.327083333333333215e+01,1.500410473788605370e-01
2.329166666666666430e+01,1.500410004093968852e-01
2.331250000000000000e+01,1.500409535275374628e-01
2.333333333333333215e+01,1.500409067365945370e-01
2.335416666666666430e+01,1.500408600398474845e-01
2.337500000000000000e+01,1.500408134405409322e-01
2.339583333333333215e+01,1.500407669418827306e-01
2.341666666666666430e+01,1.500407205470419558e-01
2.343750000000000000e+01,1.500406742591469667e-01
2.345833333333333215e+01,1.500406280812833781e-01
2.347916666666666430e+01,1.500405820164921189e-01
2.350000000000000000e+01,1.500405360677677380e-01
2.352083333333333215e+01,1.500404902380560179e-01
2.354166666666666430e+01,1.500404445302525314e-01
2.356250000000000000e+01,1.500403989472005317e-01
2.358333333333333215e+01,1.500403534916892601e-01
2.360416666666666430e+01,1.500403081664519189e-01
2.362500000000000000e+01,1.500402629741640903e-01
2.364583333333333215e+01,1.500402179174418482e-01
2.366666666666666430e+01,1.500401729988400656e-01
2.368750000000000000e+01,1.500401282208507214e-01
2.370833333333333215e+01,1.500400835859012350e-01
2.372916666666666430e+01,1.500400390963528008e-01
2.375000000000000000e+01,1.500399947544988344e-01
2.377083333333333215e+01,1.500399505625633623e-01
2.379166666666666430e+01,1.500399065226996065e-01
2.381250000000000000e+01,1.500398626369884303e-01
2.383333333333333215e+01,1.500398189074368949e-01
2.385416666666666430e+01,1.500397753359769826e-01
2.387500000000000000e+01,1.500397319244640981e-01
2.389583333333333215e+01,1.500396886746759029e-01
2.391666666666666430e+01,1.500396455883110103e-01
2.393750000000000000e+01,1.500396026669877647e-01
2.395833333333333215e+01,1.500395599122431312e-01
2.397916666666666430e+01,1.500395173255315850e-01
2.400000000000000000e+01,1.500394749082240298e-01
2.402083333333333215e+01,1.500394326616068252e-01
2.404166666666666430e+01,1.500393905868807609e-01
2.406250000000000000e+01,1.500393486851603897e-01
2.408333333333333215e+01,1.500393069574729177e-01
2.410416666666666430e+01,1.500392654047575935e-01
2.412500000000000000e+01,1.500392240278648759e-01
2.414583333333333215e+01,1.500391828275558226e-01
2.416666666666666430e+01,1.500391418045015357e-01
2.418750000000000000e+01,1.500391009592824121e-01
2.420833333333333215e+01,1.500390602923878658e-01
2.422916666666666430e+01,1.500390198042158285e-01
2.425000000000000000e+01,1.500389794950722500e-01
2.427083333333333215e+01,1.500389393651709313e-01
2.429166666666666430e+01,1.500388994146331922e-01
2.431250000000000000e+01,1.500388596434876765e-01
2.433333333333333215e+01,1.500388200516702408e-01
2.435416666666666430e+01,1.500387806390238443e-01
2.437500000000000000e+01,1.500387414052985757e-01
2.439583333333333215e+01,1.500387023501516814e-01
2.441666666666666430e+01,1.500386634731476487e-01
2.443750000000000000e+01,1.500386247737584000e-01
2.445833333333333215e+01,1.500385862513635149e-01
2.447916666666666430e+01,1.500385479052505910e-01
2.450000000000000000e+01,1.500385097346154661e-01
2.452083333333333215e+01,1.500384717385627731e-01
2.454166666666666430e+01,1.500384339161063285e-01
2.456250000000000000e+01,1.500383962661696879e-01
2.458333333333333215e+01,1.500383587875867841e-01
2.460416666666666430e+01,1.500383214791025377e-01
2.462500000000000000e+01,1.500382843393736343e-01
2.464583333333333215e+01,1.500382473669692185e-01
2.466666666666666430e+01,1.500382105603718375e-01
2.468750000000000000e+01,1.500381739179783569e-01
2.470833333333333215e+01,1.500381374381008215e-01
2.472916666666666430e+01,1.500381011189674541e-01
2.475000000000000000e+01,1.500380649587239046e-01
2.477083333333333215e+01,1.500380289554341662e-01
2.479166666666666430e+01,1.500379931070819906e-01
2.481250000000000000e+01,1.500379574115720260e-01
2.483333333333333215e+01,1.500379218667309555e-01
2.485416666666666430e+01,1.500378864703092174e-01
2.487500000000000000e+01,1.500378512199821712e-01
2.489583333333333215e+01,1.500378161133515131e-01
2.491666666666666430e+01,1.500377811479470247e-01
2.493750000000000000e+01,1.500377463212279050e-01
2.495833333333333215e+01,1.500377116305845193e-01
2.497916666666666430e+01,1.500376770733400644e-01
2.500000000000000000e+01,1.500376426467522617e-01
2.502083333333333215e+01,1.500376083480150780e-01
2.504166666666666430e+01,1.500375741742606128e-01
2.506250000000000000e+01,1.500375401225609306e-01
2.508333333333333215e+01,1.500375061899298923e-01
2.510416666666666430e+01,1.500374723733252647e-01
2.512500000000000000e+01,1.500374386696504136e-01
2.514583333333333215e+01,1.500374050757566913e-01
2.516666666666666430e+01,1.500373715884452119e-01
2.518750000000000000e+01,1.500373382044690729e-01
2.520833333333333215e+01,1.500373049205355191e-01
2.522916666666666430e+01,1.500372717333079975e-01
2.525000000000000000e+01,1.500372386394084601e-01
2.527083333333333215e+01,1.500372056354196959e-01
2.529166666666666430e+01,1.500371727178873293e-01
2.531250000000000000e+01,1.500371398833222625e-01
2.533333333333333215e+01,1.500371071282031454e-01
2.535416666666666430e+01,1.500370744489784858e-01
2.537500000000000000e+01,1.500370418420691743e-01
2.539583333333333215e+01,1.500370093038708441e-01
2.541666666666666430e+01,1.500369768307562857e-01
2.543750000000000000e+01,1.500369444190778889e-01
2.545833333333333215e+01,1.500369120651701416e-01
2.547916666666666430e+01,1.500368797653519881e-01
2.550000000000000000e+01,1.500368475159294390e-01
2.552083333333333215e+01,1.500368153131980409e-01
2.554166666666666430e+01,1.500367831534454022e-01
2.556250000000000000e+01,1.500367510329536913e-01
2.558333333333333215e+01,1.500367189480021346e-01
2.560416666666666430e+01,1.500366868948696253e-01
2.562500000000000000e+01,1.500366548698373048e-01
2.564583333333333215e+01,1.500366228691909498e-01
2.566666666666666430e+01,1.500365908892236089e-01
2.568750000000000000e+01,1.500365589262382116e-01
2.570833333333333215e+01,1.500365269765500387e-01
2.572916666666666430e+01,1.500364950364892758e-01
2.575000000000000000e+01,1.500364631024035111e-01
2.577083333333333215e+01,1.500364311706602893e-01
2.579166666666666430e+01,1.500363992376496924e-01
2.581250000000000000e+01,1.500363672997866715e-01
2.583333333333333215e+01,1.500363353535136834e-01
2.585416666666666430e+01,1.500363033953032166e-01
2.587500000000000000e+01,1.500362714216600390e-01
2.589583333333333215e+01,1.500362394291238077e-01
2.591666666666666430e+01,1.500362074142713997e-01
2.593750000000000000e+01,1.500361753737193826e-01
2.595833333333333215e+01,1.500361433041262904e-01
2.597916666666666430e+01,1.500361112021950383e-01
2.600000000000000000e+01,1.500360790646752818e-01
2.602083333333333215e+01,1.500360468883656095e-01
2.604166666666666430e+01,1.500360146701158193e-01
2.606250000000000000e+01,1.500359824068291936e-01
2.608333333333333215e+01,1.500359500954647485e-01
2.610416666666666430e+01,1.500359177330391480e-01
2.612500000000000000e+01,1.500358853166290918e-01
2.614583333333333215e+01,1.500358528433732852e-01
2.616666666666666430e+01,1.500358203104745214e-01
2.618750000000000000e+01,1.500357877152015962e-01
2.620833333333333215e+01,1.500357550548913343e-01
2.622916666666666430e+01,1.500357223269504492e-01
2.625000000000000000e+01,1.500356895288575410e-01
2.627083333333333215e+01,1.500356566581646789e-01
2.629166666666666430e+01,1.500356237124993997e-01
2.631250000000000000e+01,1.500355906895664004e-01
2.633333333333333215e+01,1.500355575871490377e-01
2.635416666666666430e+01,1.500355244031110202e-01
2.637500000000000000e+01,1.500354911353981302e-01
2.639583333333333215e+01,1.500354577820394719e-01
2.641666666666666430e+01,1.500354243411491373e-01
2.643750000000000000e+01,1.500353908109274548e-01
2.645833333333333215e+01,1.500353571896624882e-01
2.647916666666666430e+01,1.500353234757310639e-01
2.650000000000000000e+01,1.500352896676002412e-01
2.652083333333333215e+01,1.500352557638283124e-01
2.654166666666666430e+01,1.500352217630659957e-01
2.656250000000000000e+01,1.500351876640573512e-01
2.658333333333333215e+01,1.500351534656408081e-01
2.660416666666666430e+01,1.500351191667501638e-01
2.662500000000000000e+01,1.500350847664152221e-01
2.664583333333333215e+01,1.500350502637627648e-01
2.666666666666666430e+01,1.500350156580171068e-01
2.668750000000000000e+01,1.500349809485008734e-01
2.670833333333333215e+01,1.500349461346354163e-01
2.672916666666666430e+01,1.500349112159413689e-01
2.675000000000000000e+01,1.500348761920391738e-01
2.677083333333333215e+01,1.500348410626494433e-01
2.679166666666666430e+01,1.500348058275930430e-01
2.681250000000000000e+01,1.500347704867915910e-01
2.683333333333333215e+01,1.500347350402674029e-01
2.685416666666666430e+01,1.500346994881437412e-01
2.687500000000000000e+01,1.500346638306446767e-01
2.689583333333333215e+01,1.500346280680950606e-01
2.691666666666666430e+01,1.500345922009204969e-01
2.693750000000000000e+01,1.500345562296469815e-01
2.695833333333333215e+01,1.500345201549006247e-01
2.697916666666666430e+01,1.500344839774074568e-01
2.700000000000000000e+01,1.500344476979927899e-01
2.702083333333333215e+01,1.500344113175806904e-01
2.704166666666666430e+01,1.500343748371935348e-01
2.706250000000000000e+01,1.500343382579512053e-01
2.708333333333333215e+01,1.500343015810703118e-01
2.710416666666666430e+01,1.500342648078634156e-01
2.712500000000000000e+01,1.500342279397379741e-01
2.714583333333333215e+01,1.500341909781954530e-01
2.716666666666666430e+01,1.500341539248300771e-01
2.718750000000000000e+01,1.500341167813276366e-01
2.720833333333333215e+01,1.500340795494642387e-01
2.722916666666666430e+01,1.500340422311048916e-01
2.725000000000000000e+01,1.500340048282020333e-01
2.727083333333333215e+01,1.500339673427939224e-01
2.729166666666666430e+01,1.500339297770028613e-01
2.731250000000000000e+01,1.500338921330335029e-01
2.733333333333333215e+01,1.500338544131711027e-01
2.735416666666666430e+01,1.500338166197792145e-01
2.737500000000000000e+01,1.500337787552979418e-01
2.739583333333333215e+01,1.500337408222416624e-01
2.741666666666666430e+01,1.500337028231967518e-01
2.743750000000000000e+01,1.500336647608193352e-01
2.745833333333333215e+01,1.500336266378328176e-01
2.747916666666666430e+01,1.500335884570255240e-01
2.750000000000000000e+01,1.500335502212480632e-01
2.752083333333333215e+01,1.500335119334107736e-01
2.754166666666666430e+01,1.500334735964811428e-01
2.756250000000000000e+01,1.500334352134811144e-01
2.758333333333333215e+01,1.500333967874843966e-01
2.760416666666666430e+01,1.500333583216137689e-01
2.762500000000000000e+01,1.500333198190383355e-01
2.764583333333333215e+01,1.500332812829708595e-01
2.766666666666666430e+01,1.500332427166649607e-01
2.768750000000000000e+01,1.500332041234127001e-01
2.770833333333333215e+01,1.500331655065414993e-01
2.772916666666666430e+01,1.500331268694119480e-01
2.775000000000000000e+01,1.500330882154149448e-01
2.777083333333333215e+01,1.500330495479692827e-01
2.779166666666666430e+01,1.500330108705190957e-01
2.781250000000000000e+01,1.500329721865314436e-01
2.783333333333333215e+01,1.500329334994938146e-01
2.785416666666666430e+01,1.500328948129118767e-01
2.787500000000000000e+01,1.500328561303071462e-01
2.789583333333333215e+01,1.500328174552146288e-01
2.791666666666666430e+01,1.500327787911806543e-01
2.793750000000000000e+01,1.500327401417606010e-01
2.795833333333333215e+01,1.500327015105167583e-01
2.797916666666666430e+01,1.500326629010161339e-01
2.800000000000000000e+01,1.500326243168283447e-01
2.802083333333333215e+01,1.500325857615234515e-01
2.804166666666666430e+01,1.500325472386698777e-01
2.806250000000000000e+01,1.500325087518322997e-01
2.808333333333333215e+01,1.500324703045695651e-01
2.810416666666666430e+01,1.500324319004326112e-01
2.812500000000000000e+01,1.500323935429623001e-01
2.814583333333333215e+01,1.500323552356874757e-01
2.816666666666666430e+01,1.500323169821226876e-01
2.818750000000000000e+01,1.500322787857664431e-01
2.820833333333333215e+01,1.500322406500987638e-01
2.822916666666666430e+01,1.500322025785793545e-01
2.825000000000000000e+01,1.500321645746454380e-01
2.827083333333333215e+01,1.500321266417097565e-01
2.829166666666666430e+01,1.500320887831584904e-01
2.831250000000000000e+01,1.500320510023491205e-01
2.833333333333333215e+01,1.500320133026085967e-01
2.835416666666666430e+01,1.500319756872310895e-01
2.837500000000000000e+01,1.500319381594760748e-01
2.839583333333333215e+01,1.500319007225662804e-01
2.841666666666666430e+01,1.500318633796856871e-01
2.843750000000000000e+01,1.500318261339776138e-01
2.845833333333333215e+01,1.500317889885426359e-01
2.847916666666666430e+01,1.500317519464366700e-01
2.850000000000000000e+01,1.500317150106690867e-01
2.852083333333333215e+01,1.500316781842007119e-01
2.854166666666666430e+01,1.500316414699419953e-01
2.856250000000000000e+01,1.500316048707510952e-01
2.858333333333333215e+01,1.500315683894320740e-01
2.860416666666666430e+01,1.500315320287330112e-01
2.862500000000000000e+01,1.500314957913441993e-01
2.864583333333333215e+01,1.500314596798965061e-01
2.866666666666666430e+01,1.500314236969595427e-01
2.868750000000000000e+01,1.500313878450399707e-01
2.870833333333333215e+01,1.500313521265798089e-01
2.872916666666666430e+01,1.500313165439548513e-01
2.875000000000000000e+01,1.500312810994730850e-01
2.877083333333333215e+01,1.500312457953731360e-01
2.879166666666666430e+01,1.500312106338226592e-01
2.881250000000000000e+01,1.500311756169169231e-01
2.883333333333333215e+01,1.500311407466775049e-01
2.885416666666666430e+01,1.500311060250507367e-01
2.887500000000000000e+01,1.500310714539063173e-01
2.889583333333333215e+01,1.500310370350362021e-01
2.891666666666666430e+01,1.500310027701532989e-01
2.893750000000000000e+01,1.500309686608901072e-01
2.895833333333333215e+01,1.500309347087978584e-01
2.897916666666666430e+01,1.500309009153451278e-01
2.900000000000000000e+01,1.500308672819169742e-01
2.902083333333333215e+01,1.500308338098138572e-01
2.904166666666666430e+01,1.500308005002506384e-01
2.906250000000000000e+01,1.500307673543558040e-01
2.908333333333333215e+01,1.500307343731706045e-01
2.910416666666666430e+01,1.500307015576481939e-01
2.912500000000000000e+01,1.500306689086530199e-01
2.914583333333333215e+01,1.500306364269599901e-01
2.916666666666666430e+01,1.500306041132540569e-01
2.918750000000000000e+01,1.500305719681294669e-01
2.920833333333333215e+01,1.500305399920895399e-01
2.922916666666666430e+01,1.500305081855458078e-01
2.925000000000000000e+01,1.500304765488180703e-01
2.927083333333333215e+01,1.500304450821338120e-01
2.929166666666666430e+01,1.500304137856280640e-01
2.931250000000000000e+01,1.500303826593431256e-01
2.933333333333333215e+01,1.500303517032285094e-01
2.935416666666666430e+01,1.500303209171407470e-01
2.937500000000000000e+01,1.500302903008435274e-01
2.939583333333333215e+01,1.500302598540076693e-01
2.941666666666666430e+01,1.500302295762111493e-01
2.943750000000000000e+01,1.500301994669394068e-01
2.945833333333333215e+01,1.500301695255855661e-01
2.947916666666666430e+01,1.500301397514506307e-01
2.950000000000000000e+01,1.500301101437438167e-01
2.952083333333333215e+01,1.500300807015831905e-01
2.954166666666666430e+01,1.500300514239959748e-01
2.956250000000000000e+01,1.500300223099190478e-01
2.958333333333333215e+01,1.500299933581996370e-01
2.960416666666666430e+01,1.500299645675959581e-01
2.962500000000000000e+01,1.500299359367780194e-01
2.964583333333333215e+01,1.500299074643281771e-01
2.966666666666666430e+01,1.500298791487422179e-01
2.968750000000000000e+01,1.500298509884301634e-01
2.970833333333333215e+01,1.500298229817172146e-01
2.972916666666666430e+01,1.500297951268447783e-01
2.975000000000000000e+01,1.500297674219716049e-01
2.977083333333333215e+01,1.500297398651748437e-01
2.979166666666666430e+01,1.500297124544512639e-01
2.981250000000000000e+01,1.500296851877185034e-01
2.983333333333333215e+01,1.500296580628164012e-01
2.985416666666666430e+01,1.500296310775083020e-01
2.987500000000000000e+01,1.500296042294824994e-01
2.989583333333333215e+01,1.500295775163537348e-01
2.991666666666666430e+01,1.500295509356645851e-01
2.993750000000000000e+01,1.500295244848872112e-01
2.995833333333333215e+01,1.500294981614248846e-01
2.997916666666666430e+01,1.500294719626135975e-01
3.000000000000000000e+01,1.500294458857239499e-01
3.002083333333333215e+01,1.500294199279626761e-01
3.004166666666666430e+01,1.500293940864746434e-01
3.006250000000000000e+01,1.500293683583446558e-01
3.008333333333333215e+01,1.500293427405993141e-01
3.010416666666666430e+01,1.500293172302090694e-01
3.012500000000000000e+01,1.500292918240900553e-01
3.014583333333333215e+01,1.500292665191061692e-01
3.016666666666666430e+01,1.500292413120712376e-01
3.018750000000000000e+01,1.500292161997509033e-01
3.020833333333333215e+01,1.500291911788649846e-01
3.022916666666666430e+01,1.500291662460895570e-01
3.025000000000000000e+01,1.500291413980591460e-01
3.027083333333333215e+01,1.500291166313689195e-01
3.029166666666666430e+01,1.500290919425770753e-01
3.031250000000000000e+01,1.500290673282070608e-01
3.033333333333333215e+01,1.500290427847498498e-01
3.035416666666666430e+01,1.500290183086664397e-01
3.037500000000000000e+01,1.500289938963901282e-01
3.039583333333333215e+01,1.500289695443289273e-01
3.041666666666666430e+01,1.500289452488679232e-01
3.043750000000000000e+01,1.500289210063719125e-01
3.045833333333333215e+01,1.500288968131876788e-01
3.047916666666666430e+01,1.500288726656464344e-01
3.050000000000000000e+01,1.500288485600664856e-01
3.052083333333333215e+01,1.500288244927556192e-01
3.054166666666666430e+01,1.500288004600136560e-01
3.056250000000000000e+01,1.500287764581349770e-01
3.058333333333333215e+01,1.500287524834109931e-01
3.060416666666666430e+01,1.500287285321328101e-01
3.062500000000000000e+01,1.500287046005935321e-01
3.064583333333333215e+01,1.500286806850912036e-01
3.066666666666666430e+01,1.500286567819309191e-01
3.068750000000000000e+01,1.500286328874277098e-01
3.070833333333333215e+01,1.500286089979088466e-01
3.072916666666666430e+01,1.500285851097165890e-01
3.075000000000000000e+01,1.500285612192105156e-01
3.077083333333333215e+01,1.500285373227701335e-01
3.079166666666666430e+01,1.500285134167974876e-01
3.081250000000000000e+01,1.500284894977194916e-01
3.083333333333333215e+01,1.500284655619905649e-01
3.085416666666666430e+01,1.500284416060949644e-01
3.087500000000000000e+01,1.500284176265493652e-01
3.089583333333333215e+01,1.500283936199052759e-01
3.091666666666666430e+01,1.500283695827513697e-01
3.093750000000000000e+01,1.500283455117160381e-01
3.095833333333333215e+01,1.500283214034695556e-01
3.097916666666666430e+01,1.500282972547266613e-01
3.100000000000000000e+01,1.500282730622486682e-01
3.102083333333333215e+01,1.500282488228458222e-01
3.104166666666666430e+01,1.500282245333796061e-01
3.106250000000000000e+01,1.500282001907650431e-01
3.108333333333333215e+01,1.500281757919725845e-01
3.110416666666666430e+01,1.500281513340306627e-01
3.112500000000000000e+01,1.500281268140274959e-01
3.114583333333333215e+01,1.500281022291133082e-01
3.116666666666666430e+01,1.500280775765023833e-01
3.118750000000000000e+01,1.500280528534750357e-01
3.120833333333333215e+01,1.500280280573794700e-01
3.122916666666666430e+01,1.500280031856339180e-01
3.125000000000000000e+01,1.500279782357282765e-01
3.127083333333333215e+01,1.500279532052261056e-01
3.129166666666666430e+01,1.500279280917662106e-01
3.131250000000000000e+01,1.500279028930645298e-01
3.133333333333333215e+01,1.500278776069156883e-01
3.135416666666666430e+01,1.500278522311947749e-01
3.137500000000000000e+01,1.500278267638586183e-01
3.139583333333333215e+01,1.500278012029475638e-01
3.141666666666666430e+01,1.500277755465869167e-01
3.143750000000000000e+01,1.500277497929881076e-01
3.145833333333333215e+01,1.500277239404501639e-01
3.147916666666666430e+01,1.500276979873610417e-01
3.150000000000000000e+01,1.500276719321988195e-01
3.152083333333333215e+01,1.500276457735327251e-01
3.154166666666666430e+01,1.500276195100244958e-01
3.156250000000000000e+01,1.500275931404290441e-01
3.158333333333333215e+01,1.500275666635957350e-01
3.160416666666666430e+01,1.500275400784692181e-01
3.162500000000000000e+01,1.500275133840901498e-01
3.164583333333333215e+01,1.500274865795961365e-01
3.166666666666666430e+01,1.500274596642222902e-01
3.168750000000000000e+01,1.500274326373019218e-01
3.170833333333333215e+01,1.500274054982671523e-01
3.172916666666666430e+01,1.500273782466494399e-01
3.175000000000000000e+01,1.500273508820798851e-01
3.177083333333333215e+01,1.500273234042898141e-01
3.179166666666666430e+01,1.500272958131108059e-01
3.181250000000000000e+01,1.500272681084751925e-01
3.183333333333333215e+01,1.500272402904160030e-01
3.185416666666666430e+01,1.500272123590672135e-01
3.187500000000000000e+01,1.500271843146636641e-01
3.189583333333333215e+01,1.500271561575410584e-01
3.191666666666666430e+01,1.500271278881357140e-01
3.193750000000000000e+01,1.500270995069845070e-01
3.195833333333333215e+01,1.500270710147245390e-01
3.197916666666666430e+01,1.500270424120928037e-01
3.200000000000000000e+01,1.500270136999256043e-01
3.202083333333332860e+01,1.500269848791582206e-01
3.204166666666666430e+01,1.500269559508243256e-01
3.206250000000000000e+01,1.500269269160551255e-01
3.208333333333332860e+01,1.500268977760787770e-01
3.210416666666666430e+01,1.500268685322194429e-01
3.212500000000000000e+01,1.500268391858964045e-01
3.214583333333332860e+01,1.500268097386230348e-01
3.216666666666666430e+01,1.500267801920056598e-01
3.218750000000000000e+01,1.500267505477424768e-01
3.220833333333332860e+01,1.500267208076221104e-01
3.222916666666666430e+01,1.500266909735223086e-01
3.225000000000000000e+01,1.500266610474083329e-01
3.227083333333332860e+01,1.500266310313315699e-01
3.229166666666666430e+01,1.500266009274276446e-01
3.231250000000000000e+01,1.500265707379148106e-01
3.233333333333332860e+01,1.500265404650918954e-01
3.235416666666666430e+01,1.500265101113364141e-01
3.237500000000000000e+01,1.500264796791024591e-01
3.239583333333332860e+01,1.500264491709185910e-01
3.241666666666666430e+01,1.500264185893853408e-01
3.243750000000000000e+01,1.500263879371731834e-01
3.245833333333332860e+01,1.500263572170198734e-01
3.247916666666666430e+01,1.500263264317279743e-01
3.250000000000000000e+01,1.500262955841623336e-01
3.252083333333332860e+01,1.500262646772474451e-01
3.254166666666666430e+01,1.500262337139647295e-01
3.256250000000000000e+01,1.500262026973497864e-01
3.258333333333332860e+01,1.500261716304898407e-01
3.260416666666666430e+01,1.500261405165207174e-01
3.262500000000000000e+01,1.500261093586243155e-01
3.264583333333332860e+01,1.500260781600256110e-01
3.266666666666666430e+01,1.500260469239902139e-01
3.268750000000000000e+01,1.500260156538213152e-01
3.270833333333332860e+01,1.500259843528573278e-01
3.272916666666666430e+01,1.500259530244690276e-01
3.275000000000000000e+01,1.500259216720570554e-01
3.277083333333332860e+01,1.500258902990492527e-01
3.279166666666666430e+01,1.500258589088983852e-01
3.281250000000000000e+01,1.500258275050794232e-01
3.283333333333332860e+01,1.500257960910874044e-01
3.285416666666666430e+01,1.500257646704348802e-01
3.287500000000000000e+01,1.500257332466498061e-01
3.289583333333332860e+01,1.500257018232731276e-01
3.291666666666666430e+01,1.500256704038566979e-01
3.293750000000000000e+01,1.500256389919610578e-01
3.295833333333332860e+01,1.500256075911532150e-01
3.297916666666666430e+01,1.500255762050046182e-01
3.300000000000000000e+01,1.500255448370890199e-01
3.302083333333332860e+01,1.500255134909804500e-01
3.304166666666666430e+01,1.500254821702509955e-01
3.306250000000000000e+01,1.500254508784688023e-01
3.308333333333332860e+01,1.500254196191960487e-01
3.310416666666666430e+01,1.500253883959868639e-01
3.312500000000000000e+01,1.500253572123853019e-01
3.314583333333332860e+01,1.500253260719231763e-01
3.316666666666666430e+01,1.500252949781180623e-01
3.318750000000000000e+01,1.500252639344713257e-01
3.320833333333332860e+01,1.500252329444659305e-01
3.322916666666666430e+01,1.500252020115644402e-01
3.325000000000000000e+01,1.500251711392069920e-01
3.327083333333332860e+01,1.500251403308092701e-01
3.329166666666666430e+01,1.500251095897603137e-01
3.331250000000000000e+01,1.500250789194206014e-01
3.333333333333332860e+01,1.500250483231200527e-01
3.335416666666666430e+01,1.500250178041558358e-01
3.337500000000000000e+01,1.500249873657905630e-01
3.339583333333332860e+01,1.500249570112500708e-01
3.341666666666666430e+01,1.500249267437215872e-01
3.343750000000000000e+01,1.500248965663516509e-01
3.345833333333332860e+01,1.500248664822441680e-01
3.347916666666666430e+01,1.500248364944584134e-01
3.350000000000000000e+01,1.500248066060072827e-01
3.352083333333332860e+01,1.500247768198550713e-01
3.354166666666666430e+01,1.500247471389158649e-01
3.356250000000000000e+01,1.500247175660514298e-01
3.358333333333332860e+01,1.500246881040695479e-01
3.360416666666666430e+01,1.500246587557220457e-01
3.362500000000000000e+01,1.500246295237031291e-01
3.364583333333332860e+01,1.500246004106474962e-01
3.366666666666666430e+01,1.500245714191287549e-01
3.368750000000000000e+01,1.500245425516575637e-01
3.370833333333332860e+01,1.500245138106799658e-01
3.372916666666666430e+01,1.500244851985759187e-01
3.375000000000000000e+01,1.500244567176575450e-01
3.377083333333332860e+01,1.500244283701676618e-01
3.379166666666666430e+01,1.500244001582782261e-01
3.381250000000000000e+01,1.500243720840888084e-01
3.383333333333332860e+01,1.500243441496253161e-01
3.385416666666666430e+01,1.500243163568384386e-01
3.387500000000000000e+01,1.500242887076023712e-01
3.389583333333332860e+01,1.500242612037135381e-01
3.391666666666666430e+01,1.500242338468893155e-01
3.393750000000000000e+01,1.500242066387668383e-01
3.395833333333332860e+01,1.500241795809018341e-01
3.397916666666666430e+01,1.500241526747675136e-01
3.400000000000000000e+01,1.500241259217535705e-01
3.402083333333332860e+01,1.500240993231651276e-01
3.404166666666666430e+01,1.500240728802217927e-01
3.406250000000000000e+01,1.500240465940567702e-01
3.408333333333332860e+01,1.500240204657161125e-01
3.410416666666666430e+01,1.500239944961577199e-01
3.412500000000000000e+01,1.500239686862508415e-01
3.414583333333332860e+01,1.500239430367753257e-01
3.416666666666666430e+01,1.500239175484208987e-01
3.418750000000000000e+01,1.500238922217867754e-01
3.420833333333332860e+01,1.500238670573810496e-01
3.422916666666666430e+01,1.500238420556203045e-01
3.425000000000000000e+01,1.500238172168292805e-01
3.427083333333332860e+01,1.500237925412404028e-01
3.429166666666666430e+01,1.500237680289936981e-01
3.431250000000000000e+01,1.500237436801364899e-01
3.433333333333332860e+01,1.500237194946232588e-01
3.435416666666666430e+01,1.500236954723156435e-01
3.437500000000000000e+01,1.500236716129823566e-01
3.439583333333332860e+01,1.500236479162993242e-01
3.441666666666666430e+01,1.500236243818496851e-01
3.443750000000000000e+01,1.500236010091238747e-01
3.445833333333332860e+01,1.500235777975201523e-01
3.447916666666666430e+01,1.500235547463446839e-01
3.450000000000000000e+01,1.500235318548119590e-01
3.452083333333332860e+01,1.500235091220450956e-01
3.454166666666666430e+01,1.500234865470764511e-01
3.456250000000000000e+01,1.500234641288481496e-01
3.458333333333332860e+01,1.500234418662126368e-01
3.460416666666666430e+01,1.500234197579334017e-01
3.462500000000000000e+01,1.500233978026855874e-01
3.464583333333332860e+01,1.500233759990568794e-01
3.466666666666666430e+01,1.500233543455482821e-01
3.468750000000000000e+01,1.500233328405751188e-01
3.470833333333332860e+01,1.500233114824678082e-01
3.472916666666666430e+01,1.500232902694730586e-01
3.475000000000000000e+01,1.500232691997549217e-01
3.477083333333332860e+01,1.500232482713959037e-01
3.479166666666666430e+01,1.500232274823980749e-01
3.481250000000000000e+01,1.500232068306843747e-01
3.483333333333332860e+01,1.500231863140999433e-01
3.485416666666666430e+01,1.500231659304135379e-01
3.487500000000000000e+01,1.500231456773187810e-01
3.489583333333332860e+01,1.500231255524357987e-01
3.491666666666666430e+01,1.500231055533125524e-01
3.493750000000000000e+01,1.500230856774265875e-01
3.495833333333332860e+01,1.500230659221865048e-01
3.497916666666666430e+01,1.500230462849337365e-01
3.500000000000000000e+01,1.500230267629442671e-01
3.502083333333332860e+01,1.500230073534302710e-01
3.504166666666666430e+01,1.500229880535420002e-01
3.506250000000000000e+01,1.500229688603696987e-01
3.508333333333332860e+01,1.500229497709454074e-01
3.510416666666666430e+01,1.500229307822449620e-01
3.512500000000000000e+01,1.500229118911899640e-01
3.514583333333332860e+01,1.500228930946497785e-01
3.516666666666666430e+01,1.500228743894436445e-01
3.518750000000000000e+01,1.500228557723427281e-01
3.520833333333332860e+01,1.500228372400723154e-01
3.522916666666666430e+01,1.500228187893138942e-01
3.525000000000000000e+01,1.500228004167074580e-01
3.527083333333332860e+01,1.500227821188536703e-01
3.529166666666666430e+01,1.500227638923161966e-01
3.531250000000000000e+01,1.500227457336239800e-01
3.533333333333332860e+01,1.500227276392735454e-01
3.535416666666666430e+01,1.500227096057313025e-01
3.537500000000000000e+01,1.500226916294361001e-01
3.539583333333332860e+01,1.500226737068013905e-01
3.541666666666666430e+01,1.500226558342178385e-01
3.543750000000000000e+01,1.500226380080556809e-01
3.545833333333332860e+01,1.500226202246672247e-01
3.547916666666666430e+01,1.500226024803892055e-01
3.550000000000000000e+01,1.500225847715454808e-01
3.552083333333332860e+01,1.500225670944493050e-01
3.554166666666666430e+01,1.500225494454060504e-01
3.556250000000000000e+01,1.500225318207155933e-01
3.558333333333332860e+01,1.500225142166748682e-01
3.560416666666666430e+01,1.500224966295805040e-01
3.562500000000000000e+01,1.500224790557311838e-01
3.564583333333332860e+01,1.500224614914304200e-01
3.566666666666666430e+01,1.500224439329889414e-01
3.568750000000000000e+01,1.500224263767271915e-01
3.570833333333332860e+01,1.500224088189780203e-01
3.572916666666666430e+01,1.500223912560891548e-01
3.575000000000000000e+01,1.500223736844258082e-01
3.577083333333332860e+01,1.500223561003730111e-01
3.579166666666666430e+01,1.500223385003383314e-01
3.581250000000000000e+01,1.500223208807541786e-01
3.583333333333332860e+01,1.500223032380805510e-01
3.585416666666666430e+01,1.500222855688072565e-01
3.587500000000000000e+01,1.500222678694565215e-01
3.589583333333332860e+01,1.500222501365853778e-01
3.591666666666666430e+01,1.500222323667881053e-01
3.593750000000000000e+01,1.500222145566985077e-01
3.595833333333332860e+01,1.500221967029925219e-01
3.597916666666666430e+01,1.500221788023903546e-01
3.600000000000000000e+01,1.500221608516588978e-01
3.602083333333332860e+01,1.500221428476140317e-01
3.604166666666666430e+01,1.500221247871227626e-01
3.606250000000000000e+01,1.500221066671055814e-01
3.608333333333332860e+01,1.500220884845385738e-01
3.610416666666666430e+01,1.500220702364556680e-01
3.612500000000000000e+01,1.500220519199506886e-01
3.614583333333332860e+01,1.500220335321793830e-01
3.616666666666666430e+01,1.500220150703616140e-01
3.618750000000000000e+01,1.500219965317832471e-01
3.620833333333332860e+01,1.500219779137981213e-01
3.622916666666666430e+01,1.500219592138299640e-01
3.625000000000000000e+01,1.500219404293742509e-01
3.627083333333332860e+01,1.500219215580000653e-01
3.629166666666666430e+01,1.500219025973518749e-01
3.631250000000000000e+01,1.500218835451511690e-01
3.633333333333332860e+01,1.500218643991981515e-01
3.635416666666666430e+01,1.500218451573734069e-01
3.637500000000000000e+01,1.500218258176394814e-01
3.639583333333332860e+01,1.500218063780422717e-01
3.641666666666666430e+01,1.500217868367125229e-01
3.643750000000000000e+01,1.500217671918673557e-01
3.645833333333332860e+01,1.500217474418114039e-01
3.647916666666666430e+01,1.500217275849382581e-01
3.650000000000000000e+01,1.500217076197314925e-01
3.652083333333332860e+01,1.500216875447659970e-01
3.654166666666666430e+01,1.500216673587090044e-01
3.656250000000000000e+01,1.500216470603211449e-01
3.658333333333332860e+01,1.500216266484573346e-01
3.660416666666666430e+01,1.500216061220677743e-01
3.662500000000000000e+01,1.500215854801987547e-01
3.664583333333332860e+01,1.500215647219934889e-01
3.666666666666666430e+01,1.500215438466925844e-01
3.668750000000000000e+01,1.500215228536349588e-01
3.670833333333332860e+01,1.500215017422584229e-01
3.672916666666666430e+01,1.500214805120998474e-01
3.675000000000000000e+01,1.500214591627959670e-01
3.677083333333332860e+01,1.500214376940836036e-01
3.679166666666666430e+01,1.500214161057999429e-01
3.681250000000000000e+01,1.500213943978827291e-01
3.683333333333332860e+01,1.500213725703705425e-01
3.685416666666666430e+01,1.500213506234027994e-01
3.687500000000000000e+01,1.500213285572197519e-01
3.689583333333332860e+01,1.500213063721625439e-01
3.691666666666666430e+01,1.500212840686728499e-01
3.693750000000000000e+01,1.500212616472929306e-01
3.695833333333332860e+01,1.500212391086651054e-01
3.697916666666666430e+01,1.500212164535315862e-01
3.700000000000000000e+01,1.500211936827339498e-01
3.702083333333332860e+01,1.500211707972126107e-01
3.704166666666666430e+01,1.500211477980061825e-01
3.706250000000000000e+01,1.500211246862509507e-01
3.708333333333332860e+01,1.500211014631799289e-01
3.710416666666666430e+01,1.500210781301221374e-01
3.712500000000000000e+01,1.500210546885016039e-01
3.714583333333332860e+01,1.500210311398363361e-01
3.716666666666666430e+01,1.500210074857372677e-01
3.718750000000000000e+01,1.500209837279070091e-01
3.720833333333332860e+01,1.500209598681385148e-01
3.722916666666666430e+01,1.500209359083136962e-01
3.725000000000000000e+01,1.500209118504020611e-01
3.727083333333332860e+01,1.500208876964589100e-01
3.729166666666666430e+01,1.500208634486238646e-01
3.731250000000000000e+01,1.500208391091189530e-01
3.733333333333332860e+01,1.500208146802467779e-01
3.735416666666666430e+01,1.500207901643884623e-01
3.737500000000000000e+01,1.500207655640017068e-01
3.739583333333332860e+01,1.500207408816185140e-01
3.741666666666666430e+01,1.500207161198429673e-01
3.743750000000000000e+01,1.500206912813489557e-01
3.745833333333332860e+01,1.500206663688775921e-01
3.747916666666666430e+01,1.500206413852349652e-01
3.750000000000000000e+01,1.500206163332893916e-01
3.752083333333332860e+01,1.500205912159689736e-01
3.754166666666666430e+01,1.500205660362587679e-01
3.756250000000000000e+01,1.500205407971982041e-01
3.758333333333332860e+01,1.500205155018782821e-01
3.760416666666666430e+01,1.500204901534390178e-01
3.762500000000000000e+01,1.500204647550665571e-01
3.764583333333332860e+01,1.500204393099903999e-01
3.766666666666666430e+01,1.500204138214808192e-01
3.768750000000000000e+01,1.500203882928460575e-01
3.770833333333332860e+01,1.500203627274297458e-01
3.772916666666666430e+01,1.500203371286080722e-01
3.775000000000000000e+01,1.500203114997874787e-01
3.777083333333332860e+01,1.500202858444018850e-01
3.779166666666666430e+01,1.500202601659102186e-01
3.781250000000000000e+01,1.500202344677941113e-01
3.783333333333332860e+01,1.500202087535553452e-01
3.785416666666666430e+01,1.500201830267135494e-01
3.787500000000000000e+01,1.500201572908038961e-01
3.789583333333332860e+01,1.500201315493748522e-01
3.791666666666666430e+01,1.500201058059858483e-01
3.793750000000000000e+01,1.500200800642052523e-01
3.795833333333332860e+01,1.500200543276080378e-01
3.797916666666666430e+01,1.500200285997737581e-01
3.800000000000000000e+01,1.500200028842843258e-01
3.802083333333332860e+01,1.500199771847219865e-01
3.804166666666666430e+01,1.500199515046672094e-01
3.806250000000000000e+01,1.500199258476966058e-01
3.808333333333332860e+01,1.500199002173807361e-01
3.810416666666666430e+01,1.500198746172822228e-01
3.812500000000000000e+01,1.500198490509535576e-01
3.814583333333332860e+01,1.500198235219350473e-01
3.816666666666666430e+01,1.500197980337528159e-01
3.818750000000000000e+01,1.500197725899166112e-01
3.820833333333332860e+01,1.500197471939179461e-01
3.822916666666666430e+01,1.500197218492277940e-01
3.825000000000000000e+01,1.500196965592946463e-01
3.827083333333332860e+01,1.500196713275425142e-01
3.829166666666666430e+01,1.500196461573688467e-01
3.831250000000000000e+01,1.500196210521423656e-01
3.833333333333332860e+01,1.500195960152011787e-01
3.835416666666666430e+01,1.500195710498506974e-01
3.837500000000000000e+01,1.500195461593616386e-01
3.839583333333332860e+01,1.500195213469679156e-01
3.841666666666666430e+01,1.500194966158647780e-01
3.843750000000000000e+01,1.500194719692067302e-01
3.845833333333332860e+01,1.500194474101056163e-01
3.847916666666666430e+01,1.500194229416286218e-01
3.850000000000000000e+01,1.500193985667962748e-01
3.852083333333332860e+01,1.500193742885807813e-01
3.854166666666666430e+01,1.500193501099037763e-01
3.856250000000000000e+01,1.500193260336347700e-01
3.858333333333332860e+01,1.500193020625890661e-01
3.860416666666666430e+01,1.500192781995260405e-01
3.862500000000000000e+01,1.500192544471474487e-01
3.864583333333332860e+01,1.500192308080953996e-01
3.866666666666666430e+01,1.500192072849508285e-01
3.868750000000000000e+01,1.500191838802317490e-01
3.870833333333332860e+01,1.500191605963915598e-01
3.872916666666666430e+01,1.500191374358174623e-01
3.875000000000000000e+01,1.500191144008287958e-01
3.877083333333332860e+01,1.500190914936755104e-01
3.879166666666666430e+01,1.500190687165367243e-01
3.881250000000000000e+01,1.500190460715191410e-01
3.883333333333332860e+01,1.500190235606556344e-01
3.885416666666666430e+01,1.500190011859039163e-01
3.887500000000000000e+01,1.500189789491452041e-01
3.889583333333332860e+01,1.500189568521828609e-01
3.891666666666666430e+01,1.500189348967412017e-01
3.893750000000000000e+01,1.500189130844641894e-01
3.895833333333332860e+01,1.500188914169144072e-01
3.897916666666666430e+01,1.500188698955718936e-01
3.900000000000000000e+01,1.500188485218331147e-01
3.902083333333332860e+01,1.500188272970099379e-01
3.904166666666666430e+01,1.500188062223287155e-01
3.906250000000000000e+01,1.500187852989293136e-01
3.908333333333332860e+01,1.500187645278644455e-01
3.910416666666666430e+01,1.500187439100986730e-01
3.912500000000000000e+01,1.500187234465078512e-01
3.914583333333332860e+01,1.500187031378783786e-01
3.916666666666666430e+01,1.500186829849066150e-01
3.918750000000000000e+01,1.500186629881982980e-01
3.920833333333332860e+01,1.500186431482679605e-01
3.922916666666666430e+01,1.500186234655387363e-01
3.925000000000000000e+01,1.500186039403418325e-01
3.927083333333332860e+01,1.500185845729160861e-01
3.929166666666666430e+01,1.500185653634079630e-01
3.931250000000000000e+01,1.500185463118711426e-01
3.933333333333332860e+01,1.500185274182665729e-01
3.935416666666666430e+01,1.500185086824622205e-01
3.937500000000000000e+01,1.500184901042331265e-01
3.939583333333332860e+01,1.500184716832614618e-01
3.941666666666666430e+01,1.500184534191366659e-01
3.943750000000000000e+01,1.500184353113555580e-01
3.945833333333332860e+01,1.500184173593226145e-01
3.947916666666666430e+01,1.500183995623502464e-01
3.950000000000000000e+01,1.500183819196590496e-01
3.952083333333332860e+01,1.500183644303784425e-01
3.954166666666666430e+01,1.500183470935469721e-01
3.956250000000000000e+01,1.500183299081129240e-01
3.958333333333332860e+01,1.500183128729348503e-01
3.960416666666666430e+01,1.500182959867823462e-01
3.962500000000000000e+01,1.500182792483367444e-01
3.964583333333332860e+01,1.500182626561917532e-01
3.966666666666666430e+01,1.500182462088544832e-01
3.968750000000000000e+01,1.500182299047463086e-01
3.970833333333332860e+01,1.500182137422037820e-01
3.972916666666666430e+01,1.500181977194796068e-01
3.975000000000000000e+01,1.500181818347438023e-01
3.977083333333332860e+01,1.500181660860848698e-01
3.979166666666666430e+01,1.500181504715108749e-01
3.981250000000000000e+01,1.500181349889507798e-01
3.983333333333332860e+01,1.500181196362556646e-01
3.985416666666666430e+01,1.500181044112001982e-01
3.987500000000000000e+01,1.500180893114839431e-01
3.989583333333332860e+01,1.500180743347329093e-01
3.991666666666666430e+01,1.500180594785010257e-01
3.993750000000000000e+01,1.500180447402716388e-01
3.995833333333332860e+01,1.500180301174593167e-01
3.997916666666666430e+01,1.500180156074113202e-01
4.000000000000000000e+01,1.500180012074093794e-01
4.002083333333332860e+01,1.500179869146716083e-01
4.004166666666666430e+01,1.500179727263540597e-01
4.006250000000000000e+01,1.500179586395527787e-01
4.008333333333332860e+01,1.500179446513056070e-01
4.010416666666666430e+01,1.500179307585941535e-01
4.012500000000000000e+01,1.500179169583457650e-01
4.014583333333332860e+01,1.500179032474356355e-01
4.016666666666666430e+01,1.500178896226886383e-01
4.018750000000000000e+01,1.500178760808817680e-01
4.020833333333332860e+01,1.500178626187459729e-01
4.022916666666666430e+01,1.500178492329685143e-01
4.025000000000000000e+01,1.500178359201950473e-01
4.027083333333332860e+01,1.500178226770318701e-01
4.029166666666666430e+01,1.500178095000484491e-01
4.031250000000000000e+01,1.500177963857793062e-01
4.033333333333332860e+01,1.500177833307266007e-01
4.035416666666666430e+01,1.500177703313624322e-01
4.037500000000000000e+01,1.500177573841312562e-01
4.039583333333332860e+01,1.500177444854521591e-01
4.041666666666666430e+01,1.500177316317214682e-01
4.043750000000000000e+01,1.500177188193149991e-01
4.045833333333332860e+01,1.500177060445906096e-01
4.047916666666666430e+01,1.500176933038906701e-01
4.050000000000000000e+01,1.500176805935445334e-01
4.052083333333332860e+01,1.500176679098710608e-01
4.054166666666666430e+01,1.500176552491811754e-01
4.056250000000000000e+01,1.500176426077803049e-01
4.058333333333332860e+01,1.500176299819709347e-01
4.060416666666666430e+01,1.500176173680551617e-01
4.062500000000000000e+01,1.500176047623372200e-01
4.064583333333332860e+01,1.500175921611261454e-01
4.066666666666666430e+01,1.500175795607380791e-01
4.068750000000000000e+01,1.500175669574990156e-01
4.070833333333332860e+01,1.500175543477473283e-01
4.072916666666666430e+01,1.500175417278361845e-01
4.075000000000000000e+01,1.500175290941361539e-01
4.077083333333332860e+01,1.500175164430378461e-01
4.079166666666666430e+01,1.500175037709541581e-01
4.081250000000000000e+01,1.500174910743230228e-01
4.083333333333332860e+01,1.500174783496097952e-01
4.085416666666666430e+01,1.500174655933097512e-01
4.087500000000000000e+01,1.500174528019504738e-01
4.089583333333332860e+01,1.500174399720944074e-01
4.091666666666666430e+01,1.500174271003411886e-01
4.093750000000000000e+01,1.500174141833300889e-01
4.095833333333332860e+01,1.500174012177423466e-01
4.097916666666666430e+01,1.500173882003035253e-01
4.100000000000000000e+01,1.500173751277859013e-01
4.102083333333332860e+01,1.500173619970106009e-01
4.104166666666666430e+01,1.500173488048500148e-01
4.106250000000000000e+01,1.500173355482299631e-01
4.108333333333332860e+01,1.500173222241318882e-01
4.110416666666666430e+01,1.500173088295950197e-01
4.112500000000000000e+01,1.500172953617184002e-01
4.114583333333332860e+01,1.500172818176631340e-01
4.116666666666666430e+01,1.500172681946543296e-01
4.118750000000000000e+01,1.500172544899831262e-01
4.120833333333332860e+01,1.500172407010085807e-01
4.122916666666666430e+01,1.500172268251597218e-01
4.125000000000000000e+01,1.500172128599372434e-01
4.127083333333332860e+01,1.500171988029154746e-01
4.129166666666666430e+01,1.500171846517441010e-01
4.131250000000000000e+01,1.500171704041498022e-01
4.133333333333332860e+01,1.500171560579380003e-01
4.135416666666666430e+01,1.500171416109944977e-01
4.137500000000000000e+01,1.500171270612869756e-01
4.139583333333332860e+01,1.500171124068664652e-01
4.141666666666666430e+01,1.500170976458689853e-01
4.143750000000000000e+01,1.500170827765167636e-01
4.145833333333332860e+01,1.500170677971195965e-01
4.147916666666666430e+01,1.500170527060761538e-01
4.150000000000000000e+01,1.500170375018752000e-01
4.152083333333332860e+01,1.500170221830966766e-01
4.154166666666666430e+01,1.500170067484129788e-01
4.156250000000000000e+01,1.500169911965897329e-01
4.158333333333332860e+01,1.500169755264870453e-01
4.160416666666666430e+01,1.500169597370601959e-01
4.162500000000000000e+01,1.500169438273605549e-01
4.164583333333332860e+01,1.500169277965362757e-01
4.166666666666666430e+01,1.500169116438331562e-01
4.168750000000000000e+01,1.500168953685951656e-01
4.170833333333332860e+01,1.500168789702650274e-01
4.172916666666666430e+01,1.500168624483847468e-01
4.175000000000000000e+01,1.500168458025961105e-01
4.177083333333332860e+01,1.500168290326409359e-01
4.179166666666666430e+01,1.500168121383614050e-01
4.181250000000000000e+01,1.500167951197003136e-01
4.183333333333332860e+01,1.500167779767012377e-01
4.185416666666666430e+01,1.500167607095086175e-01
4.187500000000000000e+01,1.500167433183677290e-01
4.189583333333332860e+01,1.500167258036247120e-01
4.191666666666666430e+01,1.500167081657262924e-01
4.193750000000000000e+01,1.500166904052197547e-01
4.195833333333332860e+01,1.500166725227524422e-01
4.197916666666666430e+01,1.500166545190716461e-01
4.200000000000000000e+01,1.500166363950239390e-01
4.202083333333332860e+01,1.500166181515547870e-01
4.204166666666666430e+01,1.500165997897079662e-01
4.206250000000000000e+01,1.500165813106247858e-01
4.208333333333332860e+01,1.500165627155434500e-01
4.210416666666666430e+01,1.500165440057980859e-01
4.212500000000000000e+01,1.500165251828178004e-01
4.214583333333332860e+01,1.500165062481259026e-01
4.216666666666666430e+01,1.500164872033384611e-01
4.218750000000000000e+01,1.500164680501633041e-01
4.220833333333332860e+01,1.500164487903986599e-01
4.222916666666666430e+01,1.500164294259317965e-01
4.225000000000000000e+01,1.500164099587374678e-01
4.227083333333332860e+01,1.500163903908764140e-01
4.229166666666666430e+01,1.500163707244935862e-01
4.231250000000000000e+01,1.500163509618163971e-01
4.233333333333332860e+01,1.500163311051528892e-01
4.235416666666666430e+01,1.500163111568896535e-01
4.237500000000000000e+01,1.500162911194897752e-01
4.239583333333332860e+01,1.500162709954907803e-01
4.241666666666666430e+01,1.500162507875022755e-01
4.243750000000000000e+01,1.500162304982035344e-01
4.245833333333332860e+01,1.500162101303412765e-01
4.247916666666666430e+01,1.500161896867270028e-01
4.250000000000000000e+01,1.500161691702343869e-01
4.252083333333332860e+01,1.500161485837969433e-01
4.254166666666666430e+01,1.500161279304050854e-01
4.256250000000000000e+01,1.500161072131034889e-01
4.258333333333332860e+01,1.500160864349885104e-01
4.260416666666666430e+01,1.500160655992052727e-01
4.262500000000000000e+01,1.500160447089450289e-01
4.264583333333332860e+01,1.500160237674422747e-01
4.266666666666666430e+01,1.500160027779721961e-01
4.268750000000000000e+01,1.500159817438478926e-01
4.270833333333332860e+01,1.500159606684176306e-01
4.272916666666666430e+01,1.500159395550622887e-01
4.275000000000000000e+01,1.500159184071928054e-01
4.277083333333332860e+01,1.500158972282475411e-01
4.279166666666666430e+01,1.500158760216897813e-01
4.281250000000000000e+01,1.500158547910053763e-01
4.283333333333332860e+01,1.500158335397002163e-01
4.285416666666666430e+01,1.500158122712979825e-01
4.287500000000000000e+01,1.500157909893378438e-01
4.289583333333332860e+01,1.500157696973720978e-01
4.291666666666666430e+01,1.500157483989640883e-01
4.293750000000000000e+01,1.500157270976858748e-01
4.295833333333332860e+01,1.500157057971162056e-01
4.297916666666666430e+01,1.500156845008382700e-01
4.300000000000000000e+01,1.500156632124376166e-01
4.302083333333332860e+01,1.500156419355001269e-01
4.304166666666666430e+01,1.500156206736098508e-01
4.306250000000000000e+01,1.500155994303468687e-01
4.308333333333332860e+01,1.500155782092854051e-01
4.310416666666666430e+01,1.500155570139915517e-01
4.312500000000000000e+01,1.500155358480212975e-01
4.314583333333332860e+01,1.500155147149185575e-01
4.316666666666666430e+01,1.500154936182129251e-01
4.318750000000000000e+01,1.500154725614177009e-01
4.320833333333332860e+01,1.500154515480278672e-01
4.322916666666666430e+01,1.500154305815179501e-01
4.325000000000000000e+01,1.500154096653401048e-01
4.327083333333332860e+01,1.500153888029218396e-01
4.329166666666666430e+01,1.500153679976641286e-01
4.331250000000000000e+01,1.500153472529393850e-01
4.333333333333332860e+01,1.500153265720892692e-01
4.335416666666666430e+01,1.500153059584228288e-01
4.337500000000000000e+01,1.500152854152143334e-01
4.339583333333332860e+01,1.500152649457014709e-01
4.341666666666666430e+01,1.500152445530830991e-01
4.343750000000000000e+01,1.500152242405173586e-01
4.345833333333332860e+01,1.500152040111198681e-01
4.347916666666666430e+01,1.500151838679614769e-01
4.350000000000000000e+01,1.500151638140665433e-01
4.352083333333332860e+01,1.500151438524109093e-01
4.354166666666666430e+01,1.500151239859200680e-01
4.356250000000000000e+01,1.500151042174672211e-01
4.358333333333332860e+01,1.500150845498715302e-01
4.360416666666666430e+01,1.500150649858961738e-01
4.362500000000000000e+01,1.500150455282466266e-01
4.364583333333332860e+01,1.500150261795689111e-01
4.366666666666666430e+01,1.500150069424477928e-01
4.368750000000000000e+01,1.500149878194051434e-01
4.370833333333332860e+01,1.500149688128982195e-01
4.372916666666666430e+01,1.500149499253180529e-01
4.375000000000000000e+01,1.500149311589878964e-01
4.377083333333332860e+01,1.500149125161615860e-01
4.379166666666666430e+01,1.500148939990221530e-01
4.381250000000000000e+01,1.500148756096801317e-01
4.383333333333332860e+01,1.500148573501723370e-01
4.385416666666666430e+01,1.500148392224604499e-01
4.387500000000000000e+01,1.500148212284296290e-01
4.389583333333332860e+01,1.500148033698871231e-01
4.391666666666666430e+01,1.500147856485611053e-01
4.393750000000000000e+01,1.500147680660995908e-01
4.395833333333332860e+01,1.500147506240690765e-01
4.397916666666666430e+01,1.500147333239535141e-01
4.400000000000000000e+01,1.500147161671533669e-01
4.402083333333332860e+01,1.500146991549844433e-01
4.404166666666666430e+01,1.500146822886770093e-01
4.406250000000000000e+01,1.500146655693750386e-01
4.408333333333332860e+01,1.500146489981350473e-01
4.410416666666666430e+01,1.500146325759257049e-01
4.412500000000000000e+01,1.500146163036267521e-01
4.414583333333332860e+01,1.500146001820285568e-01
4.416666666666666430e+01,1.500145842118314476e-01
4.418750000000000000e+01,1.500145683936451313e-01
4.420833333333332860e+01,1.500145527279882485e-01
4.422916666666666430e+01,1.500145372152877632e-01
4.425000000000000000e+01,1.500145218558788796e-01
4.427083333333332860e+01,1.500145066500044866e-01
4.429166666666666430e+01,1.500144915978149640e-01
4.431250000000000000e+01,1.500144766993680157e-01
4.433333333333332860e+01,1.500144619546285030e-01
4.435416666666666430e+01,1.500144473634684172e-01
4.437500000000000000e+01,1.500144329256667686e-01
4.439583333333332860e+01,1.500144186409097802e-01
4.441666666666666430e+01,1.500144045087907774e-01
4.443750000000000000e+01,1.500143905288106039e-01
4.445833333333332860e+01,1.500143767003776774e-01
4.447916666666666430e+01,1.500143630228083780e-01
4.450000000000000000e+01,1.500143494953273260e-01
4.452083333333332860e+01,1.500143361170678813e-01
4.454166666666666430e+01,1.500143228870725876e-01
4.456250000000000000e+01,1.500143098042936718e-01
4.458333333333332860e+01,1.500142968675936828e-01
4.460416666666666430e+01,1.500142840757462126e-01
4.462500000000000000e+01,1.500142714274365352e-01
4.464583333333332860e+01,1.500142589212623279e-01
4.466666666666666430e+01,1.500142465557346982e-01
4.468750000000000000e+01,1.500142343292789338e-01
4.470833333333332860e+01,1.500142222402354730e-01
4.472916666666666430e+01,1.500142102868610716e-01
4.475000000000000000e+01,1.500141984673297457e-01
4.477083333333332860e+01,1.500141867797339101e-01
4.479166666666666430e+01,1.500141752220855718e-01
4.481250000000000000e+01,1.500141637923176063e-01
4.483333333333332860e+01,1.500141524882851463e-01
4.485416666666666430e+01,1.500141413077667463e-01
4.487500000000000000e+01,1.500141302484659100e-01
4.489583333333332860e+01,1.500141193080125890e-01
4.491666666666666430e+01,1.500141084839646533e-01
4.493750000000000000e+01,1.500140977738093906e-01
4.495833333333332860e+01,1.500140871749653382e-01
4.497916666666666430e+01,1.500140766847836427e-01
4.500000000000000000e+01,1.500140663005500308e-01
4.502083333333332860e+01,1.500140560194864192e-01
4.504166666666666430e+01,1.500140458387528575e-01
4.506250000000000000e+01,1.500140357554493042e-01
4.508333333333332860e+01,1.500140257666174870e-01
4.510416666666666430e+01,1.500140158692430115e-01
4.512500000000000000e+01,1.500140060602571379e-01
4.514583333333332860e+01,1.500139963365388629e-01
4.516666666666666430e+01,1.500139866949171119e-01
4.518750000000000000e+01,1.500139771321726545e-01
4.520833333333332860e+01,1.500139676450403803e-01
4.522916666666666430e+01,1.500139582302114361e-01
4.525000000000000000e+01,1.500139488843353908e-01
4.527083333333332860e+01,1.500139396040225115e-01
4.529166666666666430e+01,1.500139303858460393e-01
4.531250000000000000e+01,1.500139212263444100e-01
4.533333333333332860e+01,1.500139121220236682e-01
4.535416666666666430e+01,1.500139030693598829e-01
4.537500000000000000e+01,1.500138940648012842e-01
4.539583333333332860e+01,1.500138851047708444e-01
4.541666666666666430e+01,1.500138761856687764e-01
4.543750000000000000e+01,1.500138673038747261e-01
4.545833333333332860e+01,1.500138584557504651e-01
4.547916666666666430e+01,1.500138496376421937e-01
4.550000000000000000e+01,1.500138408458831507e-01
4.552083333333332860e+01,1.500138320767960554e-01
4.554166666666666430e+01,1.500138233266956611e-01
4.556250000000000000e+01,1.500138145918912536e-01
4.558333333333332860e+01,1.500138058686891485e-01
4.560416666666666430e+01,1.500137971533953007e-01
4.562500000000000000e+01,1.500137884423178303e-01
4.564583333333332860e+01,1.500137797317695476e-01
4.566666666666666430e+01,1.500137710180704242e-01
4.568750000000000000e+01,1.500137622975503404e-01
4.570833333333332860e+01,1.500137535665514166e-01
4.572916666666666430e+01,1.500137448214307057e-01
4.575000000000000000e+01,1.500137360585625523e-01
4.577083333333332860e+01,1.500137272743413963e-01
4.579166666666666430e+01,1.500137184651839650e-01
4.581250000000000000e+01,1.500137096275320214e-01
4.583333333333332860e+01,1.500137007578547510e-01
4.585416666666666430e+01,1.500136918526511487e-01
4.587500000000000000e+01,1.500136829084526557e-01
4.589583333333332860e+01,1.500136739218255189e-01
4.591666666666666430e+01,1.500136648893731495e-01
4.593750000000000000e+01,1.500136558077385940e-01
4.595833333333332860e+01,1.500136466736069207e-01
4.597916666666666430e+01,1.500136374837074682e-01
4.600000000000000000e+01,1.500136282348162875e-01
4.602083333333332860e+01,1.500136189237583073e-01
4.604166666666666430e+01,1.500136095474097209e-01
4.606250000000000000e+01,1.500136001027000676e-01
4.608333333333332860e+01,1.500135905866145647e-01
4.610416666666666430e+01,1.500135809961962163e-01
4.612500000000000000e+01,1.500135713285478400e-01
4.614583333333332860e+01,1.500135615808343148e-01
4.616666666666666430e+01,1.500135517502845517e-01
4.618750000000000000e+01,1.500135418341934090e-01
4.620833333333332860e+01,1.500135318299237186e-01
4.622916666666666430e+01,1.500135217349082284e-01
4.625000000000000000e+01,1.500135115466514624e-01
4.627083333333332860e+01,1.500135012627313857e-01
4.629166666666666430e+01,1.500134908808014866e-01
4.631250000000000000e+01,1.500134803985921916e-01
4.633333333333332860e+01,1.500134698139126976e-01
4.635416666666666430e+01,1.500134591246524984e-01
4.637500000000000000e+01,1.500134483287829945e-01
4.639583333333332860e+01,1.500134374243590474e-01
4.641666666666666430e+01,1.500134264095203396e-01
4.643750000000000000e+01,1.500134152824928180e-01
4.645833333333332860e+01,1.500134040415900261e-01
4.647916666666666430e+01,1.500133926852143251e-01
4.650000000000000000e+01,1.500133812118582544e-01
4.652083333333332860e+01,1.500133696201055022e-01
4.654166666666666430e+01,1.500133579086321556e-01
4.656250000000000000e+01,1.500133460762075599e-01
4.658333333333332860e+01,1.500133341216955130e-01
4.660416666666666430e+01,1.500133220440550419e-01
4.662500000000000000e+01,1.500133098423411249e-01
4.664583333333332860e+01,1.500132975157057735e-01
4.666666666666666430e+01,1.500132850633983939e-01
4.668750000000000000e+01,1.500132724847666466e-01
4.670833333333332860e+01,1.500132597792570022e-01
4.672916666666666430e+01,1.500132469464151574e-01
4.675000000000000000e+01,1.500132339858865349e-01
4.677083333333332860e+01,1.500132208974166714e-01
4.679166666666666430e+01,1.500132076808513848e-01
4.681250000000000000e+01,1.500131943361372455e-01
4.683333333333332860e+01,1.500131808633214658e-01
4.685416666666666430e+01,1.500131672625521773e-01
4.687500000000000000e+01,1.500131535340783195e-01
4.689583333333332860e+01,1.500131396782496684e-01
4.691666666666666430e+01,1.500131256955166692e-01
4.693750000000000000e+01,1.500131115864302145e-01
4.695833333333332860e+01,1.500130973516413113e-01
4.697916666666666430e+01,1.500130829919008590e-01
4.700000000000000000e+01,1.500130685080591220e-01
4.702083333333332860e+01,1.500130539010652020e-01
4.704166666666666430e+01,1.500130391719664835e-01
4.706250000000000000e+01,1.500130243219079118e-01
4.708333333333332860e+01,1.500130093521312991e-01
4.710416666666666430e+01,1.500129942639743807e-01
4.712500000000000000e+01,1.500129790588698997e-01
4.714583333333332860e+01,1.500129637383446901e-01
4.716666666666666430e+01,1.500129483040184841e-01
4.718750000000000000e+01,1.500129327576026628e-01
4.720833333333332860e+01,1.500129171008990625e-01
4.722916666666666430e+01,1.500129013357984764e-01
4.725000000000000000e+01,1.500128854642792664e-01
4.727083333333332860e+01,1.500128694884057257e-01
4.729166666666666430e+01,1.500128534103264133e-01
4.731250000000000000e+01,1.500128372322722115e-01
4.733333333333332860e+01,1.500128209565547710e-01
4.735416666666666430e+01,1.500128045855642078e-01
4.737500000000000000e+01,1.500127881217671877e-01
4.739583333333332860e+01,1.500127715677048168e-01
4.741666666666666430e+01,1.500127549259901993e-01
4.743750000000000000e+01,1.500127381993062170e-01
4.745833333333332860e+01,1.500127213904030865e-01
4.747916666666666430e+01,1.500127045020959171e-01
4.750000000000000000e+01,1.500126875372621016e-01
4.752083333333332860e+01,1.500126704988385962e-01
4.754166666666666430e+01,1.500126533898194781e-01
4.756250000000000000e+01,1.500126362132531144e-01
4.758333333333332860e+01,1.500126189722394976e-01
4.760416666666666430e+01,1.500126016699273590e-01
4.762500000000000000e+01,1.500125843095116152e-01
4.764583333333332860e+01,1.500125668942305368e-01
4.766666666666666430e+01,1.500125494273630566e-01
4.768750000000000000e+01,1.500125319122259937e-01
4.770833333333332860e+01,1.500125143521714166e-01
4.772916666666666430e+01,1.500124967505840068e-01
4.775000000000000000e+01,1.500124791108785050e-01
4.777083333333332860e+01,1.500124614364970743e-01
4.779166666666666430e+01,1.500124437309069414e-01
4.781250000000000000e+01,1.500124259975977870e-01
4.783333333333332860e+01,1.500124082400793868e-01
4.785416666666666430e+01,1.500123904618793635e-01
4.787500000000000000e+01,1.500123726665408275e-01
4.789583333333332860e+01,1.500123548576200450e-01
4.791666666666666430e+01,1.500123370386842458e-01
4.793750000000000000e+01,1.500123192133094585e-01
4.795833333333332860e+01,1.500123013850784004e-01
4.797916666666666430e+01,1.500122835575782299e-01
4.800000000000000000e+01,1.500122657343985200e-01
4.802083333333332860e+01,1.500122479191291214e-01
4.804166666666666430e+01,1.500122301153579973e-01
4.806250000000000000e+01,1.500122123266692808e-01
4.808333333333332860e+01,1.500121945566411097e-01
4.810416666666666430e+01,1.500121768088436003e-01
4.812500000000000000e+01,1.500121590868367105e-01
4.814583333333332860e+01,1.500121413941682968e-01
4.816666666666666430e+01,1.500121237343719216e-01
4.818750000000000000e+01,1.500121061109648546e-01
4.820833333333332860e+01,1.500120885274460469e-01
4.822916666666666430e+01,1.500120709872940217e-01
4.825000000000000000e+01,1.500120534939647365e-01
4.827083333333332860e+01,1.500120360508896966e-01
4.829166666666666430e+01,1.500120186614738171e-01
4.831250000000000000e+01,1.500120013290933418e-01
4.833333333333332860e+01,1.500119840570939556e-01
4.835416666666666430e+01,1.500119668487885638e-01
4.837500000000000000e+01,1.500119497074553776e-01
4.839583333333332860e+01,1.500119326363358596e-01
4.841666666666666430e+01,1.500119156386328090e-01
4.843750000000000000e+01,1.500118987175082796e-01
4.845833333333332860e+01,1.500118818760816375e-01
4.847916666666666430e+01,1.500118651174276452e-01
4.850000000000000000e+01,1.500118484445744638e-01
4.852083333333332860e+01,1.500118318605018208e-01
4.854166666666666430e+01,1.500118153681390121e-01
4.856250000000000000e+01,1.500117989703630972e-01
4.858333333333332860e+01,1.500117826699969570e-01
4.860416666666666430e+01,1.500117664698076836e-01
4.862500000000000000e+01,1.500117503725044987e-01
4.864583333333332860e+01,1.500117343807371717e-01
4.866666666666666430e+01,1.500117184970942985e-01
4.868750000000000000e+01,1.500117027241015255e-01
4.870833333333332860e+01,1.500116870642198286e-01
4.872916666666666430e+01,1.500116715198440420e-01
4.875000000000000000e+01,1.500116560933011101e-01
4.877083333333332860e+01,1.500116407868487267e-01
4.879166666666666430e+01,1.500116256026735040e-01
4.881250000000000000e+01,1.500116105428898339e-01
4.883333333333332860e+01,1.500115956095382508e-01
4.885416666666666430e+01,1.500115808045840993e-01
4.887500000000000000e+01,1.500115661299162018e-01
4.889583333333332860e+01,1.500115515873455818e-01
4.891666666666666430e+01,1.500115371786041873e-01
4.893750000000000000e+01,1.500115229053435861e-01
4.895833333333332860e+01,1.500115087691340499e-01
4.897916666666666430e+01,1.500114947714631664e-01
4.900000000000000000e+01,1.500114809137350902e-01
4.902083333333332860e+01,1.500114671972692937e-01
4.904166666666666430e+01,1.500114536232997065e-01
4.906250000000000000e+01,1.500114401929739105e-01
4.908333333333332860e+01,1.500114269073521689e-01
4.910416666666666430e+01,1.500114137674066761e-01
4.912500000000000000e+01,1.500114007740208921e-01
4.914583333333332860e+01,1.500113879279888207e-01
4.916666666666666430e+01,1.500113752300143710e-01
4.918750000000000000e+01,1.500113626807109135e-01
4.920833333333332860e+01,1.500113502806006971e-01
4.922916666666666430e+01,1.500113380301143218e-01
4.925000000000000000e+01,1.500113259295905443e-01
4.927083333333332860e+01,1.500113139792758343e-01
4.929166666666666430e+01,1.500113021793242352e-01
4.931250000000000000e+01,1.500112905297970312e-01
4.933333333333332860e+01,1.500112790306626920e-01
4.935416666666666430e+01,1.500112676817967339e-01
4.937500000000000000e+01,1.500112564829818029e-01
4.939583333333332860e+01,1.500112454339075918e-01
4.941666666666666430e+01,1.500112345341710895e-01
4.943750000000000000e+01,1.500112237832766371e-01
4.945833333333332860e+01,1.500112131806362603e-01
4.947916666666666430e+01,1.500112027255698643e-01
4.950000000000000000e+01,1.500111924173055944e-01
4.952083333333332860e+01,1.500111822549804463e-01
4.954166666666666430e+01,1.500111722376404055e-01
4.956250000000000000e+01,1.500111623642412795e-01
4.958333333333332860e+01,1.500111526336491141e-01
4.960416666666666430e+01,1.500111430446409988e-01
4.962500000000000000e+01,1.500111335959057324e-01
4.964583333333332860e+01,1.500111242860445726e-01
4.966666666666666430e+01,1.500111151135720688e-01
4.968750000000000000e+01,1.500111060769170612e-01
4.970833333333332860e+01,1.500110971744234856e-01
4.972916666666666430e+01,1.500110884043515669e-01
4.975000000000000000e+01,1.500110797648787908e-01
4.977083333333332860e+01,1.500110712541010693e-01
4.979166666666666430e+01,1.500110628700339066e-01
4.981250000000000000e+01,1.500110546106136755e-01
4.983333333333332860e+01,1.500110464736989779e-01
4.985416666666666430e+01,1.500110384570717825e-01
4.987500000000000000e+01,1.500110305584391179e-01
4.989583333333332860e+01,1.500110227754343495e-01
4.991666666666666430e+01,1.500110151056188723e-01
4.993750000000000000e+01,1.500110075464833603e-01
4.995833333333332860e+01,1.500110000954497647e-01
4.997916666666666430e+01,1.500109927498727014e-01
5.000000000000000000e+01,1.500109855070413112e-01
5.002083333333332860e+01,1.500109783641810357e-01
5.004166666666666430e+01,1.500109713184553106e-01
5.006250000000000000e+01,1.500109643669675086e-01
5.008333333333332860e+01,1.500109575067627987e-01
5.010416666666666430e+01,1.500109507348301729e-01
5.012500000000000000e+01,1.500109440481042500e-01
5.014583333333332860e+01,1.500109374434674958e-01
5.016666666666666430e+01,1.500109309177522221e-01
5.018750000000000000e+01,1.500109244677426124e-01
5.020833333333332860e+01,1.500109180901769701e-01
5.022916666666666430e+01,1.500109117817498283e-01
5.025000000000000000e+01,1.500109055391141144e-01
5.027083333333332860e+01,1.500108993588834261e-01
5.029166666666666430e+01,1.500108932376344184e-01
5.031250000000000000e+01,1.500108871719089132e-01
5.033333333333332860e+01,1.500108811582163415e-01
5.035416666666666430e+01,1.500108751930360751e-01
5.037500000000000000e+01,1.500108692728197024e-01
5.039583333333332860e+01,1.500108633939936376e-01
5.041666666666666430e+01,1.500108575529613408e-01
5.043750000000000000e+01,1.500108517461058721e-01
5.045833333333332860e+01,1.500108459697922780e-01
5.047916666666666430e+01,1.500108402203701452e-01
5.050000000000000000e+01,1.500108344941760152e-01
5.052083333333332860e+01,1.500108287875359658e-01
5.054166666666666430e+01,1.500108230967680256e-01
5.056250000000000000e+01,1.500108174181848109e-01
5.058333333333332860e+01,1.500108117480959680e-01
5.060416666666666430e+01,1.500108060828107548e-01
5.062500000000000000e+01,1.500108004186405941e-01
5.064583333333332860e+01,1.500107947519015994e-01
5.066666666666666430e+01,1.500107890789169895e-01
5.068750000000000000e+01,1.500107833960199477e-01
5.070833333333332860e+01,1.500107776995558972e-01
5.072916666666666430e+01,1.500107719858851663e-01
5.075000000000000000e+01,1.500107662513854301e-01
5.077083333333332860e+01,1.500107604924542648e-01
5.079166666666666430e+01,1.500107547055117563e-01
5.081250000000000000e+01,1.500107488870028871e-01
5.083333333333332860e+01,1.500107430334001180e-01
5.085416666666666430e+01,1.500107371412056911e-01
5.087500000000000000e+01,1.500107312069542675e-01
5.089583333333332860e+01,1.500107252272153413e-01
5.091666666666666430e+01,1.500107191985956268e-01
5.093750000000000000e+01,1.500107131177413622e-01
5.095833333333332860e+01,1.500107069813407801e-01
5.097916666666666430e+01,1.500107007861265218e-01
5.100000000000000000e+01,1.500106945288778026e-01
5.102083333333332860e+01,1.500106882064227987e-01
5.104166666666666430e+01,1.500106818156408672e-01
5.106250000000000000e+01,1.500106753534647674e-01
5.108333333333332860e+01,1.500106688168829083e-01
5.110416666666666430e+01,1.500106622029414305e-01
5.112500000000000000e+01,1.500106555087464544e-01
5.114583333333332860e+01,1.500106487314659398e-01
5.116666666666666430e+01,1.500106418683319898e-01
5.118750000000000000e+01,1.500106349166426545e-01
5.120833333333332860e+01,1.500106278737639576e-01
5.122916666666666430e+01,1.500106207371317280e-01
5.125000000000000000e+01,1.500106135042536815e-01
5.127083333333332860e+01,1.500106061727109474e-01
5.129166666666666430e+01,1.500105987401601504e-01
5.131250000000000000e+01,1.500105912043348255e-01
5.133333333333332860e+01,1.500105835630473061e-01
5.135416666666666430e+01,1.500105758141902224e-01
5.137500000000000000e+01,1.500105679557381388e-01
5.139583333333332860e+01,1.500105599857489702e-01
5.141666666666666430e+01,1.500105519023655076e-01
5.143750000000000000e+01,1.500105437038168343e-01
5.145833333333332860e+01,1.500105353884195747e-01
5.147916666666666430e+01,1.500105269545792541e-01
5.150000000000000000e+01,1.500105184007913539e-01
5.152083333333332860e+01,1.500105097256427267e-01
5.154166666666666430e+01,1.500105009278125123e-01
5.156250000000000000e+01,1.500104920060731928e-01
5.158333333333332860e+01,1.500104829592916189e-01
5.160416666666666430e+01,1.500104737864297877e-01
5.162500000000000000e+01,1.500104644865458414e-01
5.164583333333332860e+01,1.500104550587947339e-01
5.166666666666666430e+01,1.500104455024289796e-01
5.168750000000000000e+01,1.500104358167992646e-01
5.170833333333332860e+01,1.500104260013550850e-01
5.172916666666666430e+01,1.500104160556451349e-01
5.175000000000000000e+01,1.500104059793178901e-01
5.177083333333332860e+01,1.500103957721218850e-01
5.179166666666666430e+01,1.500103854339059350e-01
5.181250000000000000e+01,1.500103749646195805e-01
5.183333333333332860e+01,1.500103643643131424e-01
5.185416666666666430e+01,1.500103536331376108e-01
5.187500000000000000e+01,1.500103427713449233e-01
5.189583333333332860e+01,1.500103317792878532e-01
5.191666666666666430e+01,1.500103206574197601e-01
5.193750000000000000e+01,1.500103094062945064e-01
5.195833333333332860e+01,1.500102980265660690e-01
5.197916666666666430e+01,1.500102865189882617e-01
5.200000000000000000e+01,1.500102748844142908e-01
5.202083333333332860e+01,1.500102631237961726e-01
5.204166666666666430e+01,1.500102512381842057e-01
5.206250000000000000e+01,1.500102392287262221e-01
5.208333333333332860e+01,1.500102270966668927e-01
5.210416666666666430e+01,1.500102148433468119e-01
5.212500000000000000e+01,1.500102024702016368e-01
5.214583333333332860e+01,1.500101899787610604e-01
5.216666666666666430e+01,1.500101773706476460e-01
5.218750000000000000e+01,1.500101646475756056e-01
5.220833333333332860e+01,1.500101518113495791e-01
5.222916666666666430e+01,1.500101388638631628e-01
5.225000000000000000e+01,1.500101258070974941e-01
5.227083333333332860e+01,1.500101126431195864e-01
5.229166666666666430e+01,1.500100993740807742e-01
5.231250000000000000e+01,1.500100860022147709e-01
5.233333333333332860e+01,1.500100725298358362e-01
5.235416666666666430e+01,1.500100589593369171e-01
5.237500000000000000e+01,1.500100452931873718e-01
5.239583333333332860e+01,1.500100315339308876e-01
5.241666666666666430e+01,1.500100176841833166e-01
5.243750000000000000e+01,1.500100037466302050e-01
5.245833333333332860e+01,1.500099897240243785e-01
5.247916666666666430e+01,1.500099756191836387e-01
5.250000000000000000e+01,1.500099614349879595e-01
5.252083333333332860e+01,1.500099471743769619e-01
5.254166666666666430e+01,1.500099328403473042e-01
5.256250000000000000e+01,1.500099184359499627e-01
5.258333333333332860e+01,1.500099039642875665e-01
5.260416666666666430e+01,1.500098894285114282e-01
5.262500000000000000e+01,1.500098748318191011e-01
5.264583333333332860e+01,1.500098601774514928e-01
5.266666666666666430e+01,1.500098454686900895e-01
5.268750000000000000e+01,1.500098307088542915e-01
5.270833333333332860e+01,1.500098159012988597e-01
5.272916666666666430e+01,1.500098010494110845e-01
5.275000000000000000e+01,1.500097861566083435e-01
5.277083333333332860e+01,1.500097712263354643e-01
5.279166666666666430e+01,1.500097562620622826e-01
5.281250000000000000e+01,1.500097412672811159e-01
5.283333333333332860e+01,1.500097262455044878e-01
5.285416666666666430e+01,1.500097112002627131e-01
5.287500000000000000e+01,1.500096961351015945e-01
5.289583333333332860e+01,1.500096810535800351e-01
5.291666666666666430e+01,1.500096659592680681e-01
5.293750000000000000e+01,1.500096508557444697e-01
5.295833333333332860e+01,1.500096357465946495e-01
5.297916666666666430e+01,1.500096206354085138e-01
5.300000000000000000e+01,1.500096055257784111e-01
5.302083333333332860e+01,1.500095904212968567e-01
5.304166666666666430e+01,1.500095753255546449e-01
5.306250000000000000e+01,1.500095602421386842e-01
5.308333333333332860e+01,1.500095451746299158e-01
5.310416666666666430e+01,1.500095301266011483e-01
5.312500000000000000e+01,1.500095151016152262e-01
5.314583333333332860e+01,1.500095001032226982e-01
5.316666666666666430e+01,1.500094851349599856e-01
5.318750000000000000e+01,1.500094702003471059e-01
5.320833333333332860e+01,1.500094553028857858e-01
5.322916666666666430e+01,1.500094404460572961e-01
5.325000000000000000e+01,1.500094256333204257e-01
5.327083333333332860e+01,1.500094108681095106e-01
5.329166666666666430e+01,1.500093961538321863e-01
5.331250000000000000e+01,1.500093814938675274e-01
5.333333333333332860e+01,1.500093668915638834e-01
5.335416666666666430e+01,1.500093523502370185e-01
5.337500000000000000e+01,1.500093378731678917e-01
5.339583333333332860e+01,1.500093234636007966e-01
5.341666666666666430e+01,1.500093091247411969e-01
5.343750000000000000e+01,1.500092948597540055e-01
5.345833333333332860e+01,1.500092806717613358e-01
5.347916666666666430e+01,1.500092665638406708e-01
5.350000000000000000e+01,1.500092525390230025e-01
5.352083333333332860e+01,1.500092386002906952e-01
5.354166666666666430e+01,1.500092247505758480e-01
5.356250000000000000e+01,1.500092109927582407e-01
5.358333333333332860e+01,1.500091973296635850e-01
5.360416666666666430e+01,1.500091837640615822e-01
5.362500000000000000e+01,1.500091702986642295e-01
5.364583333333332860e+01,1.500091569361240718e-01
5.366666666666666430e+01,1.500091436790323696e-01
5.368750000000000000e+01,1.500091305299175171e-01
5.370833333333332860e+01,1.500091174912431824e-01
5.372916666666666430e+01,1.500091045654069200e-01
5.375000000000000000e+01,1.500090917547384217e-01
5.377083333333332860e+01,1.500090790614980185e-01
5.379166666666666430e+01,1.500090664878750979e-01
5.381250000000000000e+01,1.500090540359866886e-01
5.383333333333332860e+01,1.500090417078759897e-01
5.385416666666666430e+01,1.500090295055110934e-01
5.387500000000000000e+01,1.500090174307834867e-01
5.389583333333332860e+01,1.500090054855068300e-01
5.391666666666666430e+01,1.500089936714157635e-01
5.393750000000000000e+01,1.500089819901645471e-01
5.395833333333332860e+01,1.500089704433260618e-01
5.397916666666666430e+01,1.500089590323906430e-01
5.400000000000000000e+01,1.500089477587650266e-01
5.402083333333332860e+01,1.500089366237713773e-01
5.404166666666666430e+01,1.500089256286462613e-01
5.406250000000000000e+01,1.500089147745399254e-01
5.408333333333332860e+01,1.500089040625152137e-01
5.410416666666666430e+01,1.500088934935470408e-01
5.412500000000000000e+01,1.500088830685214480e-01
5.414583333333332860e+01,1.500088727882350481e-01
5.416666666666666430e+01,1.500088626533944425e-01
5.418750000000000000e+01,1.500088526646156106e-01
5.420833333333332860e+01,1.500088428224233272e-01
5.422916666666666430e+01,1.500088331272509401e-01
5.425000000000000000e+01,1.500088235794397595e-01
5.427083333333332860e+01,1.500088141792388918e-01
5.429166666666666430e+01,1.500088049268049062e-01
5.431250000000000000e+01,1.500087958222017515e-01
5.433333333333332860e+01,1.500087868654003953e-01
5.435416666666666430e+01,1.500087780562790740e-01
5.437500000000000000e+01,1.500087693946229039e-01
5.439583333333332860e+01,1.500087608801242700e-01
5.441666666666666430e+01,1.500087525123826870e-01
5.443750000000000000e+01,1.500087442909051050e-01
5.445833333333332860e+01,1.500087362151060755e-01
5.447916666666666430e+01,1.500087282843080849e-01
5.450000000000000000e+01,1.500087204977419153e-01
5.452083333333332860e+01,1.500087128545470050e-01
5.454166666666666430e+01,1.500087053537719484e-01
5.456250000000000000e+01,1.500086979943751342e-01
5.458333333333332860e+01,1.500086907752251619e-01
5.460416666666666430e+01,1.500086836951016744e-01
5.462500000000000000e+01,1.500086767526959963e-01
5.464583333333332860e+01,1.500086699466119666e-01
5.466666666666666430e+01,1.500086632753666327e-01
5.468750000000000000e+01,1.500086567373913327e-01
5.470833333333332860e+01,1.500086503310326391e-01
5.472916666666666430e+01,1.500086440545532473e-01
5.475000000000000000e+01,1.500086379061331965e-01
5.477083333333332860e+01,1.500086318838708965e-01
5.479166666666666430e+01,1.500086259857843773e-01
5.481250000000000000e+01,1.500086202098125099e-01
5.483333333333332860e+01,1.500086145538163940e-01
5.485416666666666430e+01,1.500086090155805796e-01
5.487500000000000000e+01,1.500086035928145378e-01
5.489583333333332860e+01,1.500085982831542430e-01
5.491666666666666430e+01,1.500085930841634219e-01
5.493750000000000000e+01,1.500085879933353572e-01
5.495833333333332860e+01,1.500085830080944704e-01
5.497916666666666430e+01,1.500085781257979034e-01
5.500000000000000000e+01,1.500085733437372948e-01
5.502083333333332860e+01,1.500085686591405010e-01
5.504166666666666430e+01,1.500085640691734834e-01
5.506250000000000000e+01,1.500085595709420572e-01
5.508333333333332860e+01,1.500085551614939172e-01
5.510416666666666430e+01,1.500085508378204979e-01
5.512500000000000000e+01,1.500085465968589438e-01
5.514583333333332860e+01,1.500085424354941910e-01
5.516666666666666430e+01,1.500085383505609382e-01
5.518750000000000000e+01,1.500085343388459225e-01
5.520833333333332860e+01,1.500085303970898065e-01
5.522916666666666430e+01,1.500085265219896213e-01
5.525000000000000000e+01,1.500085227102007368e-01
5.527083333333332860e+01,1.500085189583392764e-01
5.529166666666666430e+01,1.500085152629842544e-01
5.531250000000000000e+01,1.500085116206800462e-01
5.533333333333332860e+01,1.500085080279384142e-01
5.535416666666666430e+01,1.500085044812412005e-01
5.537500000000000000e+01,1.500085009770425470e-01
5.539583333333332860e+01,1.500084975117711716e-01
5.541666666666666430e+01,1.500084940818330326e-01
5.543750000000000000e+01,1.500084906836136045e-01
5.545833333333332860e+01,1.500084873134803487e-01
5.547916666666666430e+01,1.500084839677853221e-01
5.550000000000000000e+01,1.500084806428674811e-01
5.552083333333332860e+01,1.500084773350552902e-01
5.554166666666666430e+01,1.500084740406692485e-01
5.556250000000000000e+01,1.500084707560243591e-01
5.558333333333332860e+01,1.500084674774326832e-01
5.560416666666666430e+01,1.500084642012058933e-01
5.562500000000000000e+01,1.500084609236577993e-01
5.564583333333332860e+01,1.500084576411069293e-01
5.566666666666666430e+01,1.500084543498790002e-01
5.568750000000000000e+01,1.500084510463095544e-01
5.570833333333332860e+01,1.500084477267464023e-01
5.572916666666666430e+01,1.500084443875522588e-01
5.575000000000000000e+01,1.500084410251071865e-01
5.577083333333332860e+01,1.500084376358112870e-01
5.579166666666666430e+01,1.500084342160869222e-01
5.581250000000000000e+01,1.500084307623814894e-01
5.583333333333332860e+01,1.500084272711698363e-01
5.585416666666666430e+01,1.500084237389566200e-01
5.587500000000000000e+01,1.500084201622788882e-01
5.589583333333332860e+01,1.500084165377084944e-01
5.591666666666666430e+01,1.500084128618544843e-01
5.593750000000000000e+01,1.500084091313655943e-01
5.595833333333332860e+01,1.500084053429323605e-01
5.597916666666666430e+01,1.500084014932898668e-01
5.600000000000000000e+01,1.500083975792196600e-01
5.602083333333332860e+01,1.500083935975523031e-01
5.604166666666666430e+01,1.500083895451694849e-01
5.606250000000000000e+01,1.500083854190064347e-01
5.608333333333332860e+01,1.500083812160538932e-01
5.610416666666666430e+01,1.500083769333603323e-01
5.612500000000000000e+01,1.500083725680342595e-01
5.614583333333332860e+01,1.500083681172460215e-01
5.616666666666666430e+01,1.500083635782300251e-01
5.618750000000000000e+01,1.500083589482867075e-01
5.620833333333332860e+01,1.500083542247844237e-01
5.622916666666666430e+01,1.500083494051614175e-01
5.625000000000000000e+01,1.500083444869277083e-01
5.627083333333332860e+01,1.500083394676668680e-01
5.629166666666666430e+01,1.500083343450377693e-01
5.631250000000000000e+01,1.500083291167763899e-01
5.633333333333332860e+01,1.500083237806973391e-01
5.635416666666666430e+01,1.500083183346956062e-01
5.637500000000000000e+01,1.500083127767481428e-01
5.639583333333332860e+01,1.500083071049151673e-01
5.641666666666666430e+01,1.500083013173418578e-01
5.643750000000000000e+01,1.500082954122595735e-01
5.645833333333332860e+01,1.500082893879873258e-01
5.647916666666666430e+01,1.500082832429329160e-01
5.650000000000000000e+01,1.500082769755942680e-01
5.652083333333332860e+01,1.500082705845605380e-01
5.654166666666666430e+01,1.500082640685131419e-01
5.656250000000000000e+01,1.500082574262268931e-01
5.658333333333332860e+01,1.500082506565710017e-01
5.660416666666666430e+01,1.500082437585097683e-01
5.662500000000000000e+01,1.500082367311036669e-01
5.664583333333332860e+01,1.500082295735099547e-01
5.666666666666666430e+01,1.500082222849835334e-01
5.668750000000000000e+01,1.500082148648773650e-01
5.670833333333332860e+01,1.500082073126432769e-01
5.672916666666666430e+01,1.500081996278323504e-01
5.675000000000000000e+01,1.500081918100952538e-01
5.677083333333332860e+01,1.500081838591829086e-01
5.679166666666666430e+01,1.500081757749464895e-01
5.681250000000000000e+01,1.500081675573377293e-01
5.683333333333332860e+01,1.500081592064092806e-01
5.685416666666666430e+01,1.500081507223145483e-01
5.687500000000000000e+01,1.500081421053078012e-01
5.689583333333332860e+01,1.500081333557440333e-01
5.691666666666666430e+01,1.500081244740789632e-01
5.693750000000000000e+01,1.500081154608687573e-01
5.695833333333332860e+01,1.500081063167696960e-01
5.697916666666666430e+01,1.500080970425379523e-01
5.700000000000000000e+01,1.500080876390290363e-01
5.702083333333332860e+01,1.500080781071972957e-01
5.704166666666666430e+01,1.500080684480953608e-01
5.706250000000000000e+01,1.500080586628733670e-01
5.708333333333332860e+01,1.500080487527783724e-01
5.710416666666666430e+01,1.500080387191533304e-01
5.712500000000000000e+01,1.500080285634362298e-01
5.714583333333332860e+01,1.500080182871591228e-01
5.716666666666666430e+01,1.500080078919468762e-01
5.718750000000000000e+01,1.500079973795160893e-01
5.720833333333332860e+01,1.500079867516738164e-01
5.722916666666666430e+01,1.500079760103160409e-01
5.725000000000000000e+01,1.500079651574262873e-01
5.727083333333332860e+01,1.500079541950740114e-01
5.729166666666666430e+01,1.500079431254129070e-01
5.731250000000000000e+01,1.500079319506791298e-01
5.733333333333332860e+01,1.500079206731894099e-01
5.735416666666666430e+01,1.500079092953390814e-01
5.737500000000000000e+01,1.500078978195999446e-01
5.739583333333332860e+01,1.500078862485182130e-01
5.741666666666666430e+01,1.500078745847121808e-01
5.743750000000000000e+01,1.500078628308698647e-01
5.745833333333332860e+01,1.500078509897466439e-01
5.747916666666666430e+01,1.500078390641627346e-01
5.750000000000000000e+01,1.500078270570005534e-01
5.752083333333332860e+01,1.500078149712023023e-01
5.754166666666666430e+01,1.500078028097671101e-01
5.756250000000000000e+01,1.500077905757484786e-01
5.758333333333332860e+01,1.500077782722514241e-01
5.760416666666666430e+01,1.500077659024298404e-01
5.762500000000000000e+01,1.500077534694837234e-01
5.764583333333332860e+01,1.500077409766563952e-01
5.766666666666666430e+01,1.500077284272318123e-01
5.768750000000000000e+01,1.500077158245318731e-01
5.770833333333332860e+01,1.500077031719136977e-01
5.772916666666666430e+01,1.500076904727670468e-01
5.775000000000000000e+01,1.500076777305116016e-01
5.777083333333332860e+01,1.500076649485946878e-01
5.779166666666666430e+01,1.500076521304884447e-01
5.781250000000000000e+01,1.500076392796875491e-01
5.783333333333332860e+01,1.500076263997068005e-01
5.785416666666666430e+01,1.500076134940788453e-01
5.787500000000000000e+01,1.500076005663517342e-01
5.789583333333332860e+01,1.500075876200867020e-01
5.791666666666666430e+01,1.500075746588560299e-01
5.793750000000000000e+01,1.500075616862407146e-01
5.795833333333332860e+01,1.500075487058284140e-01
5.797916666666666430e+01,1.500075357212113103e-01
5.800000000000000000e+01,1.500075227359838614e-01
5.802083333333332860e+01,1.500075097537408864e-01
5.804166666666666430e+01,1.500074967780753443e-01
5.806250000000000000e+01,1.500074838125762811e-01
5.808333333333332860e+01,1.500074708608268026e-01
5.810416666666666430e+01,1.500074579264019381e-01
5.812500000000000000e+01,1.500074450128666415e-01
5.814583333333332860e+01,1.500074321237736541e-01
5.816666666666666430e+01,1.500074192626615066e-01
5.818750000000000000e+01,1.500074064330524648e-01
5.820833333333332860e+01,1.500073936384503370e-01
5.822916666666666430e+01,1.500073808823385868e-01
5.825000000000000000e+01,1.500073681681781679e-01
5.827083333333332860e+01,1.500073554994054703e-01
5.829166666666666430e+01,1.500073428794303498e-01
5.831250000000000000e+01,1.500073303116339629e-01
5.833333333333332860e+01,1.500073177993668516e-01
5.835416666666666430e+01,1.500073053459468897e-01
5.837500000000000000e+01,1.500072929546571732e-01
5.839583333333332860e+01,1.500072806287441329e-01
5.841666666666666430e+01,1.500072683714154531e-01
5.843750000000000000e+01,1.500072561858380726e-01
5.845833333333332860e+01,1.500072440751362979e-01
5.847916666666666430e+01,1.500072320423897210e-01
5.850000000000000000e+01,1.500072200906314712e-01
5.852083333333332860e+01,1.500072082228461057e-01
5.854166666666666430e+01,1.500071964419678050e-01
5.856250000000000000e+01,1.500071847508785139e-01
5.858333333333332860e+01,1.500071731524060259e-01
5.860416666666666430e+01,1.500071616493222626e-01
5.862500000000000000e+01,1.500071502443413585e-01
5.864583333333332860e+01,1.500071389401179400e-01
5.866666666666666430e+01,1.500071277392454328e-01
5.868750000000000000e+01,1.500071166442543402e-01
5.870833333333332860e+01,1.500071056576105510e-01
5.872916666666666430e+01,1.500070947817136457e-01
5.875000000000000000e+01,1.500070840188955645e-01
5.877083333333332860e+01,1.500070733714186366e-01
5.879166666666666430e+01,1.500070628414744145e-01
5.881250000000000000e+01,1.500070524311821474e-01
5.883333333333332860e+01,1.500070421425871159e-01
5.885416666666666430e+01,1.500070319776595495e-01
5.887500000000000000e+01,1.500070219382930725e-01
5.889583333333332860e+01,1.500070120263034545e-01
5.891666666666666430e+01,1.500070022434274175e-01
5.893750000000000000e+01,1.500069925913214697e-01
5.895833333333332860e+01,1.500069830715605179e-01
5.897916666666666430e+01,1.500069736856370628e-01
5.900000000000000000e+01,1.500069644349600051e-01
5.902083333333332860e+01,1.500069553208535633e-01
5.904166666666666430e+01,1.500069463445564133e-01
5.906250000000000000e+01,1.500069375072209388e-01
5.908333333333332860e+01,1.500069288099121489e-01
5.910416666666666430e+01,1.500069202536070123e-01
5.912500000000000000e+01,1.500069118391936795e-01
5.914583333333332860e+01,1.500069035674709839e-01
5.916666666666666430e+01,1.500068954391475529e-01
5.918750000000000000e+01,1.500068874548414199e-01
5.920833333333332860e+01,1.500068796150795525e-01
5.922916666666666430e+01,1.500068719202973799e-01
5.925000000000000000e+01,1.500068643708382943e-01
5.927083333333332860e+01,1.500068569669535112e-01
5.929166666666666430e+01,1.500068497088017649e-01
5.931250000000000000e+01,1.500068425964490304e-01
5.933333333333332860e+01,1.500068356298684402e-01
5.935416666666666430e+01,1.500068288089402291e-01
5.937500000000000000e+01,1.500068221334517060e-01
5.939583333333332860e+01,1.500068156030973099e-01
5.941666666666666430e+01,1.500068092174786372e-01
5.943750000000000000e+01,1.500068029761047195e-01
5.945833333333332860e+01,1.500067968783922179e-01
5.947916666666666430e+01,1.500067909236656727e-01
5.950000000000000000e+01,1.500067851111579753e-01
5.952083333333332860e+01,1.500067794400106458e-01
5.954166666666666430e+01,1.500067739092743324e-01
5.956250000000000000e+01,1.500067685179094779e-01
5.958333333333332860e+01,1.500067632647868465e-01
5.960416666666666430e+01,1.500067581486881074e-01
5.962500000000000000e+01,1.500067531683066391e-01
5.964583333333332860e+01,1.500067483222482789e-01
5.966666666666666430e+01,1.500067436090322393e-01
5.968750000000000000e+01,1.500067390270919399e-01
5.970833333333332860e+01,1.500067345747759517e-01
5.972916666666666430e+01,1.500067302503490518e-01
5.975000000000000000e+01,1.500067260519933332e-01
5.977083333333332860e+01,1.500067219778092598e-01
5.979166666666666430e+01,1.500067180258169430e-01
5.981250000000000000e+01,1.500067141939573079e-01
5.983333333333332860e+01,1.500067104800934803e-01
5.985416666666666430e+01,1.500067068820120086e-01
5.987500000000000000e+01,1.500067033974245012e-01
5.989583333333332860e+01,1.500067000239688753e-01
5.991666666666666430e+01,1.500066967592109668e-01
5.993750000000000000e+01,1.500066936006461127e-01
5.995833333333332860e+01,1.500066905457007327e-01
5.997916666666666430e+01,1.500066875917339948e-01
