0.000000000000000000e+00,1.974485415946974631e-01
2.083333333333333218e-02,1.956511682646668859e-01
4.166666666666666435e-02,1.956753612752309968e-01
6.250000000000000000e-02,1.958381249977384497e-01
8.333333333333332871e-02,1.960048928225586740e-01
1.041666666666666574e-01,1.961616497255678215e-01
1.250000000000000000e-01,1.963104680086767417e-01
1.458333333333333148e-01,1.964537261461851425e-01
1.666666666666666574e-01,1.965918967431814490e-01
1.875000000000000000e-01,1.967247711048212000e-01
2.083333333333333148e-01,1.968523366073618719e-01
2.291666666666666574e-01,1.969748425986179441e-01
2.500000000000000000e-01,1.970926017939506336e-01
2.708333333333333148e-01,1.972058743980174556e-01
2.916666666666666297e-01,1.973148645806629964e-01
3.125000000000000000e-01,1.974197522770388957e-01
3.333333333333333148e-01,1.975207103804118569e-01
3.541666666666666297e-01,1.976179037952750239e-01
3.750000000000000000e-01,1.977114844975538521e-01
3.958333333333333148e-01,1.978015910032160096e-01
4.166666666666666297e-01,1.978883515161634910e-01
4.375000000000000000e-01,1.979718874961269304e-01
4.583333333333333148e-01,1.980523159891972307e-01
4.791666666666666297e-01,1.981297504967128031e-01
5.000000000000000000e-01,1.982043007024248404e-01
5.208333333333332593e-01,1.982760716768356968e-01
5.416666666666666297e-01,1.983451632549917965e-01
5.625000000000000000e-01,1.984116700295431579e-01
5.833333333333332593e-01,1.984756820366449515e-01
6.041666666666666297e-01,1.985372859343421947e-01
6.250000000000000000e-01,1.985965663107958357e-01
6.458333333333332593e-01,1.986536067332645150e-01
6.666666666666666297e-01,1.987084902692205779e-01
6.875000000000000000e-01,1.987612994090229013e-01
7.083333333333332593e-01,1.988121155011090824e-01
7.291666666666666297e-01,1.988610179264436451e-01
7.500000000000000000e-01,1.989080832716913494e-01
7.708333333333332593e-01,1.989533847093050978e-01
7.916666666666666297e-01,1.989969916869399336e-01
8.125000000000000000e-01,1.990389699187909422e-01
8.333333333333332593e-01,1.990793815955203550e-01
8.541666666666666297e-01,1.991182856999065831e-01
8.750000000000000000e-01,1.991557383283907301e-01
8.958333333333332593e-01,1.991917929602268211e-01
9.166666666666666297e-01,1.992265006642895964e-01
9.375000000000000000e-01,1.992599102685275181e-01
9.583333333333332593e-01,1.992920685289518434e-01
9.791666666666666297e-01,1.993230203257173594e-01
1.000000000000000000e+00,1.993528088918366803e-01
1.020833333333333259e+00,1.993814760564271704e-01
1.041666666666666519e+00,1.994090624690193492e-01
1.062500000000000000e+00,1.994356077696556040e-01
1.083333333333333259e+00,1.994611506805124834e-01
1.104166666666666519e+00,1.994857290132315830e-01
1.125000000000000000e+00,1.995093796051028712e-01
1.145833333333333259e+00,1.995321382108833641e-01
1.166666666666666519e+00,1.995540393821754188e-01
1.187500000000000000e+00,1.995751163628680935e-01
1.208333333333333259e+00,1.995954010197140693e-01
1.229166666666666519e+00,1.996149238155913719e-01
1.250000000000000000e+00,1.996337138230378783e-01
1.270833333333333259e+00,1.996517987694683693e-01
1.291666666666666519e+00,1.996692051035348081e-01
1.312500000000000000e+00,1.996859580734292317e-01
1.333333333333333259e+00,1.997020818108776741e-01
1.354166666666666519e+00,1.997175994174204272e-01
1.375000000000000000e+00,1.997325330511907360e-01
1.395833333333333259e+00,1.997469040125215700e-01
1.416666666666666519e+00,1.997607328258141079e-01
1.437500000000000000e+00,1.997740393140292892e-01
1.458333333333333259e+00,1.997868426617026572e-01
1.479166666666666519e+00,1.997991614629738844e-01
1.500000000000000000e+00,1.998110137527519536e-01
1.520833333333333259e+00,1.998224170213977746e-01
1.541666666666666519e+00,1.998333882155734209e-01
1.562500000000000000e+00,1.998439437296010146e-01
1.583333333333333259e+00,1.998540993924331211e-01
1.604166666666666519e+00,1.998638704551073952e-01
1.625000000000000000e+00,1.998732715825433659e-01
1.645833333333333259e+00,1.998823168521038085e-01
1.666666666666666519e+00,1.998910197598689764e-01
1.687500000000000000e+00,1.998993932343614277e-01
1.708333333333333259e+00,1.999074496566564663e-01
1.729166666666666519e+00,1.999152008854173102e-01
1.750000000000000000e+00,1.999226582853024237e-01
1.770833333333333259e+00,1.999298327572686107e-01
1.791666666666666519e+00,1.999367347694228081e-01
1.812500000000000000e+00,1.999433743871990576e-01
1.833333333333333259e+00,1.999497613017502951e-01
1.854166666666666519e+00,1.999559048555839547e-01
1.875000000000000000e+00,1.999618140646750031e-01
1.895833333333333259e+00,1.999674976365803936e-01
1.916666666666666519e+00,1.999729639844374518e-01
1.937500000000000000e+00,1.999782212371144785e-01
1.958333333333333259e+00,1.999832772461269392e-01
1.979166666666666519e+00,1.999881395901844383e-01
2.000000000000000000e+00,1.999928155783512740e-01
2.020833333333333037e+00,1.999973122527797520e-01
2.041666666666666519e+00,2.000016363918351581e-01
2.062500000000000000e+00,2.000057945142091620e-01
2.083333333333333037e+00,2.000097928843692086e-01
2.104166666666666519e+00,2.000136375194511706e-01
2.125000000000000000e+00,2.000173341975071961e-01
2.145833333333333037e+00,2.000208884668778775e-01
2.166666666666666519e+00,2.000243056563729693e-01
2.187500000000000000e+00,2.000275908859063811e-01
2.208333333333333037e+00,2.000307490772295083e-01
2.229166666666666519e+00,2.000337849644323873e-01
2.250000000000000000e+00,2.000367031039255450e-01
2.270833333333333037e+00,2.000395078836755269e-01
2.291666666666666519e+00,2.000422035315372049e-01
2.312500000000000000e+00,2.000447941226033977e-01
2.333333333333333037e+00,2.000472835855722220e-01
2.354166666666666519e+00,2.000496757082050603e-01
2.375000000000000000e+00,2.000519741420082875e-01
2.395833333333333037e+00,2.000541824063117591e-01
2.416666666666666519e+00,2.000563038919349890e-01
2.437500000000000000e+00,2.000583418646254275e-01
2.458333333333333037e+00,2.000602994684291258e-01
2.479166666666666519e+00,2.000621797291154691e-01
2.500000000000000000e+00,2.000639855577336645e-01
2.520833333333333037e+00,2.000657197543334875e-01
2.541666666666666519e+00,2.000673850118449282e-01
2.562500000000000000e+00,2.000689839200819053e-01
2.583333333333333037e+00,2.000705189698144537e-01
2.604166666666666519e+00,2.000719925568456847e-01
2.625000000000000000e+00,2.000734069860280184e-01
2.645833333333333037e+00,2.000747644751593168e-01
2.666666666666666519e+00,2.000760671587099582e-01
2.687500000000000000e+00,2.000773170913456578e-01
2.708333333333333037e+00,2.000785162512259407e-01
2.729166666666666519e+00,2.000796665430729093e-01
2.750000000000000000e+00,2.000807698010183544e-01
2.770833333333333037e+00,2.000818277912481125e-01
2.791666666666666519e+00,2.000828422144708962e-01
2.812500000000000000e+00,2.000838147082413532e-01
2.833333333333333037e+00,2.000847468491693815e-01
2.854166666666666519e+00,2.000856401550420438e-01
2.875000000000000000e+00,2.000864960868818654e-01
2.895833333333333037e+00,2.000873160509554494e-01
2.916666666666666519e+00,2.000881014007421799e-01
2.937500000000000000e+00,2.000888534388638451e-01
2.958333333333333037e+00,2.000895734189724884e-01
2.979166666666666519e+00,2.000902625475903807e-01
3.000000000000000000e+00,2.000909219858947041e-01
3.020833333333333037e+00,2.000915528514393971e-01
3.041666666666666519e+00,2.000921562198092474e-01
3.062500000000000000e+00,2.000927331262034314e-01
3.083333333333333037e+00,2.000932845669482485e-01
3.104166666666666519e+00,2.000938115009417706e-01
3.125000000000000000e+00,2.000943148510350156e-01
3.145833333333333037e+00,2.000947955053562766e-01
3.166666666666666519e+00,2.000952543185851307e-01
3.187500000000000000e+00,2.000956921131830102e-01
3.208333333333333037e+00,2.000961096805859429e-01
3.229166666666666519e+00,2.000965077823642357e-01
3.250000000000000000e+00,2.000968871513508773e-01
3.270833333333333037e+00,2.000972484927401596e-01
3.291666666666666519e+00,2.000975924851548793e-01
3.312500000000000000e+00,2.000979197816801225e-01
3.333333333333333037e+00,2.000982310108599949e-01
3.354166666666666519e+00,2.000985267776545784e-01
3.375000000000000000e+00,2.000988076643536451e-01
3.395833333333333037e+00,2.000990742314454063e-01
3.416666666666666519e+00,2.000993270184396045e-01
3.437500000000000000e+00,2.000995665446456129e-01
3.458333333333333037e+00,2.000997933099083192e-01
3.479166666666666519e+00,2.001000077953050404e-01
3.500000000000000000e+00,2.001002104638090195e-01
3.520833333333333037e+00,2.001004017609235297e-01
3.541666666666666519e+00,2.001005821152933017e-01
3.562500000000000000e+00,2.001007519392974665e-01
3.583333333333333037e+00,2.001009116296283974e-01
3.604166666666666519e+00,2.001010615678596727e-01
3.625000000000000000e+00,2.001012021210049063e-01
3.645833333333333037e+00,2.001013336420678634e-01
3.666666666666666519e+00,2.001014564705833609e-01
3.687500000000000000e+00,2.001015709331468995e-01
3.708333333333333037e+00,2.001016773439311669e-01
3.729166666666666519e+00,2.001017760051857219e-01
3.750000000000000000e+00,2.001018672077182203e-01
3.770833333333333037e+00,2.001019512313536308e-01
3.791666666666666519e+00,2.001020283453706083e-01
3.812500000000000000e+00,2.001020988089133035e-01
3.833333333333333037e+00,2.001021628713788580e-01
3.854166666666666519e+00,2.001022207727816971e-01
3.875000000000000000e+00,2.001022727440957549e-01
3.895833333333333037e+00,2.001023190075776059e-01
3.916666666666666519e+00,2.001023597770728579e-01
3.937500000000000000e+00,2.001023952583090570e-01
3.958333333333333037e+00,2.001024256491780451e-01
3.979166666666666519e+00,2.001024511400099626e-01
4.000000000000000000e+00,2.001024719138417840e-01
4.020833333333333037e+00,2.001024881466810790e-01
4.041666666666666075e+00,2.001025000077663041e-01
4.062500000000000000e+00,2.001025076598237362e-01
4.083333333333333037e+00,2.001025112593204647e-01
4.104166666666666075e+00,2.001025109567128035e-01
4.125000000000000000e+00,2.001025068966884313e-01
4.145833333333333037e+00,2.001024992184014528e-01
4.166666666666666075e+00,2.001024880556988295e-01
4.187500000000000000e+00,2.001024735373366781e-01
4.208333333333333037e+00,2.001024557871862175e-01
4.229166666666666075e+00,2.001024349244282796e-01
4.250000000000000000e+00,2.001024110637369124e-01
4.270833333333333037e+00,2.001023843154518256e-01
4.291666666666666075e+00,2.001023547857409823e-01
4.312500000000000000e+00,2.001023225767538938e-01
4.333333333333333037e+00,2.001022877867673355e-01
4.354166666666666075e+00,2.001022505103241811e-01
4.375000000000000000e+00,2.001022108383670728e-01
4.395833333333333037e+00,2.001021688583680680e-01
4.416666666666666075e+00,2.001021246544547605e-01
4.437500000000000000e+00,2.001020783075342369e-01
4.458333333333333037e+00,2.001020298954147847e-01
4.479166666666666075e+00,2.001019794929254358e-01
4.500000000000000000e+00,2.001019271720336778e-01
4.520833333333333037e+00,2.001018730019607228e-01
4.541666666666666075e+00,2.001018170492938342e-01
4.562500000000000000e+00,2.001017593780954062e-01
4.583333333333333037e+00,2.001017000500079912e-01
4.604166666666666075e+00,2.001016391243554404e-01
4.625000000000000000e+00,2.001015766582388000e-01
4.645833333333333037e+00,2.001015127066278765e-01
4.666666666666666075e+00,2.001014473224476120e-01
4.687500000000000000e+00,2.001013805566598247e-01
4.708333333333333037e+00,2.001013124583403413e-01
4.729166666666666075e+00,2.001012430747522441e-01
4.750000000000000000e+00,2.001011724514152046e-01
4.770833333333333037e+00,2.001011006321719021e-01
4.791666666666666075e+00,2.001010276592514736e-01
4.812500000000000000e+00,2.001009535733311306e-01
4.833333333333333037e+00,2.001008784135957785e-01
4.854166666666666075e+00,2.001008022177959145e-01
4.875000000000000000e+00,2.001007250223046652e-01
4.895833333333333037e+00,2.001006468621729928e-01
4.916666666666666075e+00,2.001005677711842068e-01
4.937500000000000000e+00,2.001004877819068661e-01
4.958333333333333037e+00,2.001004069257461826e-01
4.979166666666666075e+00,2.001003252329941196e-01
5.000000000000000000e+00,2.001002427328772981e-01
5.020833333333333037e+00,2.001001594536033212e-01
5.041666666666666075e+00,2.001000754224049605e-01
5.062500000000000000e+00,2.000999906655821781e-01
5.083333333333333037e+00,2.000999052085420671e-01
5.104166666666666075e+00,2.000998190758367101e-01
5.125000000000000000e+00,2.000997322911990950e-01
5.145833333333333037e+00,2.000996448775771153e-01
5.166666666666666075e+00,2.000995568571659056e-01
5.187500000000000000e+00,2.000994682514387335e-01
5.208333333333333037e+00,2.000993790811764206e-01
5.229166666666666075e+00,2.000992893664957084e-01
5.250000000000000000e+00,2.000991991268766812e-01
5.270833333333333037e+00,2.000991083811889670e-01
5.291666666666666075e+00,2.000990171477175783e-01
5.312500000000000000e+00,2.000989254441876974e-01
5.333333333333333037e+00,2.000988332877886855e-01
5.354166666666666075e+00,2.000987406951975633e-01
5.375000000000000000e+00,2.000986476826015215e-01
5.395833333333333037e+00,2.000985542657197636e-01
5.416666666666666075e+00,2.000984604598243510e-01
5.437500000000000000e+00,2.000983662797601592e-01
5.458333333333333037e+00,2.000982717399640287e-01
5.479166666666666075e+00,2.000981768544828066e-01
5.500000000000000000e+00,2.000980816369904436e-01
5.520833333333333037e+00,2.000979861008044258e-01
5.541666666666666075e+00,2.000978902589008734e-01
5.562500000000000000e+00,2.000977941239290292e-01
5.583333333333333037e+00,2.000976977082249697e-01
5.604166666666666075e+00,2.000976010238245395e-01
5.625000000000000000e+00,2.000975040824755358e-01
5.645833333333333037e+00,2.000974068956494767e-01
5.666666666666666075e+00,2.000973094745525094e-01
5.687500000000000000e+00,2.000972118301361236e-01
5.708333333333333037e+00,2.000971139731072546e-01
5.729166666666666075e+00,2.000970159139380811e-01
5.750000000000000000e+00,2.000969176628751012e-01
5.770833333333333037e+00,2.000968192299481807e-01
5.791666666666666075e+00,2.000967206249791297e-01
5.812500000000000000e+00,2.000966218575893907e-01
5.833333333333333037e+00,2.000965229372080600e-01
5.854166666666666075e+00,2.000964238730791045e-01
5.875000000000000000e+00,2.000963246742680779e-01
5.895833333333333037e+00,2.000962253496686438e-01
5.916666666666666075e+00,2.000961259080086541e-01
5.937500000000000000e+00,2.000960263578557552e-01
5.958333333333333037e+00,2.000959267076227455e-01
5.979166666666666075e+00,2.000958269655724597e-01
6.000000000000000000e+00,2.000957271398224879e-01
6.020833333333333037e+00,2.000956272383494217e-01
6.041666666666666075e+00,2.000955272689928788e-01
6.062500000000000000e+00,2.000954272394595557e-01
6.083333333333333037e+00,2.000953271573265857e-01
6.104166666666666075e+00,2.000952270300450087e-01
6.125000000000000000e+00,2.000951268649430181e-01
6.145833333333333037e+00,2.000950266692289314e-01
6.166666666666666075e+00,2.000949264499941871e-01
6.187500000000000000e+00,2.000948262142158707e-01
6.208333333333333037e+00,2.000947259687595459e-01
6.229166666666666075e+00,2.000946257203813639e-01
6.250000000000000000e+00,2.000945254757304781e-01
6.270833333333333037e+00,2.000944252413512370e-01
6.291666666666666075e+00,2.000943250236849880e-01
6.312500000000000000e+00,2.000942248290718539e-01
6.333333333333333037e+00,2.000941246637526205e-01
6.354166666666666075e+00,2.000940245338699575e-01
6.375000000000000000e+00,2.000939244454699728e-01
6.395833333333333037e+00,2.000938244045033509e-01
6.416666666666666075e+00,2.000937244168264906e-01
6.437500000000000000e+00,2.000936244882024206e-01
6.458333333333333037e+00,2.000935246243017440e-01
6.479166666666666075e+00,2.000934248307033869e-01
6.500000000000000000e+00,2.000933251128952373e-01
6.520833333333333037e+00,2.000932254762745610e-01
6.541666666666666075e+00,2.000931259261486961e-01
6.562500000000000000e+00,2.000930264677353299e-01
6.583333333333333037e+00,2.000929271061627768e-01
6.604166666666666075e+00,2.000928278464703391e-01
6.625000000000000000e+00,2.000927286936083349e-01
6.645833333333333037e+00,2.000926296524382086e-01
6.666666666666666075e+00,2.000925307277327259e-01
6.687500000000000000e+00,2.000924319241757232e-01
6.708333333333333037e+00,2.000923332463620807e-01
6.729166666666666075e+00,2.000922346987976941e-01
6.750000000000000000e+00,2.000921362858990582e-01
6.770833333333333037e+00,2.000920380119930730e-01
6.791666666666666075e+00,2.000919398813167938e-01
6.812500000000000000e+00,2.000918418980170144e-01
6.833333333333333037e+00,2.000917440661497959e-01
6.854166666666666075e+00,2.000916463896801334e-01
6.875000000000000000e+00,2.000915488724814562e-01
6.895833333333333037e+00,2.000914515183350728e-01
6.916666666666666075e+00,2.000913543309296438e-01
6.937500000000000000e+00,2.000912573138606543e-01
6.958333333333333037e+00,2.000911604706298863e-01
6.979166666666666075e+00,2.000910638046447254e-01
7.000000000000000000e+00,2.000909673192176330e-01
7.020833333333333037e+00,2.000908710175656191e-01
7.041666666666666075e+00,2.000907749028095206e-01
7.062500000000000000e+00,2.000906789779733630e-01
7.083333333333333037e+00,2.000905832459839995e-01
7.104166666666666075e+00,2.000904877096701950e-01
7.125000000000000000e+00,2.000903923717622379e-01
7.145833333333333037e+00,2.000902972348913011e-01
7.166666666666666075e+00,2.000902023015887765e-01
7.187500000000000000e+00,2.000901075742858304e-01
7.208333333333333037e+00,2.000900130553128209e-01
7.229166666666666075e+00,2.000899187468986873e-01
7.250000000000000000e+00,2.000898246511705614e-01
7.270833333333333037e+00,2.000897307701530459e-01
7.291666666666666075e+00,2.000896371057680201e-01
7.312500000000000000e+00,2.000895436598340016e-01
7.333333333333333037e+00,2.000894504340658409e-01
7.354166666666666075e+00,2.000893574300741662e-01
7.375000000000000000e+00,2.000892646493652449e-01
7.395833333333333037e+00,2.000891720933404838e-01
7.416666666666666075e+00,2.000890797632962625e-01
7.437500000000000000e+00,2.000889876604235451e-01
7.458333333333333037e+00,2.000888957858078521e-01
7.479166666666666075e+00,2.000888041404288720e-01
7.500000000000000000e+00,2.000887127251604891e-01
7.520833333333333037e+00,2.000886215407706725e-01
7.541666666666666075e+00,2.000885305879212817e-01
7.562500000000000000e+00,2.000884398671683440e-01
7.583333333333333037e+00,2.000883493789617773e-01
7.604166666666666075e+00,2.000882591236456676e-01
7.625000000000000000e+00,2.000881691014584074e-01
7.645833333333333037e+00,2.000880793125328072e-01
7.666666666666666075e+00,2.000879897568963450e-01
7.687500000000000000e+00,2.000879004344715273e-01
7.708333333333333037e+00,2.000878113450760554e-01
7.729166666666666075e+00,2.000877224884233807e-01
7.750000000000000000e+00,2.000876338641230101e-01
7.770833333333333037e+00,2.000875454716811719e-01
7.791666666666666075e+00,2.000874573105011212e-01
7.812500000000000000e+00,2.000873693798838893e-01
7.833333333333333037e+00,2.000872816790289499e-01
7.854166666666666075e+00,2.000871942070348297e-01
7.875000000000000000e+00,2.000871069628999410e-01
7.895833333333333037e+00,2.000870199455233589e-01
7.916666666666666075e+00,2.000869331537056262e-01
7.937500000000000000e+00,2.000868465861498358e-01
7.958333333333333037e+00,2.000867602414624913e-01
7.979166666666666075e+00,2.000866741181545061e-01
8.000000000000000000e+00,2.000865882146423691e-01
8.020833333333332149e+00,2.000865025292493105e-01
8.041666666666666075e+00,2.000864170602064396e-01
8.062500000000000000e+00,2.000863318056539109e-01
8.083333333333332149e+00,2.000862467636423392e-01
8.104166666666666075e+00,2.000861619321342433e-01
8.125000000000000000e+00,2.000860773090052114e-01
8.145833333333332149e+00,2.000859928920455111e-01
8.166666666666666075e+00,2.000859086789616714e-01
8.187500000000000000e+00,2.000858246673778151e-01
8.208333333333332149e+00,2.000857408548375460e-01
8.229166666666666075e+00,2.000856572388053922e-01
8.250000000000000000e+00,2.000855738166686659e-01
8.270833333333332149e+00,2.000854905857390731e-01
8.291666666666666075e+00,2.000854075432547674e-01
8.312500000000000000e+00,2.000853246863819324e-01
8.333333333333332149e+00,2.000852420122168351e-01
8.354166666666666075e+00,2.000851595177877973e-01
8.375000000000000000e+00,2.000850772000571376e-01
8.395833333333332149e+00,2.000849950559231427e-01
8.416666666666666075e+00,2.000849130822222322e-01
8.437500000000000000e+00,2.000848312757311231e-01
8.458333333333332149e+00,2.000847496331688291e-01
8.479166666666666075e+00,2.000846681511989911e-01
8.500000000000000000e+00,2.000845868264320704e-01
8.520833333333332149e+00,2.000845056554276247e-01
8.541666666666666075e+00,2.000844246346965283e-01
8.562500000000000000e+00,2.000843437607034425e-01
8.583333333333332149e+00,2.000842630298691471e-01
8.604166666666666075e+00,2.000841824385728718e-01
8.625000000000000000e+00,2.000841019831548218e-01
8.645833333333332149e+00,2.000840216599186205e-01
8.666666666666666075e+00,2.000839414651336690e-01
8.687500000000000000e+00,2.000838613950377542e-01
8.708333333333332149e+00,2.000837814458396591e-01
8.729166666666666075e+00,2.000837016137216040e-01
8.750000000000000000e+00,2.000836218948418010e-01
8.770833333333332149e+00,2.000835422853371737e-01
8.791666666666666075e+00,2.000834627813257993e-01
8.812500000000000000e+00,2.000833833789096849e-01
8.833333333333332149e+00,2.000833040741772928e-01
8.854166666666666075e+00,2.000832248632063437e-01
8.875000000000000000e+00,2.000831457420662318e-01
8.895833333333332149e+00,2.000830667068209390e-01
8.916666666666666075e+00,2.000829877535315049e-01
8.937500000000000000e+00,2.000829088782588860e-01
8.958333333333332149e+00,2.000828300770665091e-01
8.979166666666666075e+00,2.000827513460230189e-01
9.000000000000000000e+00,2.000826726812049150e-01
9.020833333333332149e+00,2.000825940786992718e-01
9.041666666666666075e+00,2.000825155346064033e-01
9.062500000000000000e+00,2.000824370450425271e-01
9.083333333333332149e+00,2.000823586061424297e-01
9.104166666666666075e+00,2.000822802140621304e-01
9.125000000000000000e+00,2.000822018649813794e-01
9.145833333333332149e+00,2.000821235551066002e-01
9.166666666666666075e+00,2.000820452806732208e-01
9.187500000000000000e+00,2.000819670379483661e-01
9.208333333333332149e+00,2.000818888232334114e-01
9.229166666666666075e+00,2.000818106328665635e-01
9.250000000000000000e+00,2.000817324632253313e-01
9.270833333333332149e+00,2.000816543107292178e-01
9.291666666666666075e+00,2.000815761718419683e-01
9.312500000000000000e+00,2.000814980430740964e-01
9.333333333333332149e+00,2.000814199209854094e-01
9.354166666666666075e+00,2.000813418021872570e-01
9.375000000000000000e+00,2.000812636833451119e-01
9.395833333333332149e+00,2.000811855611806245e-01
9.416666666666666075e+00,2.000811074324740368e-01
9.437500000000000000e+00,2.000810292940664314e-01
9.458333333333332149e+00,2.000809511428619791e-01
9.479166666666666075e+00,2.000808729758301319e-01
9.500000000000000000e+00,2.000807947900075656e-01
9.520833333333332149e+00,2.000807165825004563e-01
9.541666666666666075e+00,2.000806383504864228e-01
9.562500000000000000e+00,2.000805600912166082e-01
9.583333333333332149e+00,2.000804818020175957e-01
9.604166666666666075e+00,2.000804034802930731e-01
9.625000000000000000e+00,2.000803251235260261e-01
9.645833333333332149e+00,2.000802467292803200e-01
9.666666666666666075e+00,2.000801682952024485e-01
9.687500000000000000e+00,2.000800898190233101e-01
9.708333333333332149e+00,2.000800112985596790e-01
9.729166666666666075e+00,2.000799327317158427e-01
9.750000000000000000e+00,2.000798541164851840e-01
9.770833333333332149e+00,2.000797754509514581e-01
9.791666666666666075e+00,2.000796967332902909e-01
9.812500000000000000e+00,2.000796179617704007e-01
9.833333333333332149e+00,2.000795391347550689e-01
9.854166666666666075e+00,2.000794602507030562e-01
9.875000000000000000e+00,2.000793813081699624e-01
9.895833333333332149e+00,2.000793023058090869e-01
9.916666666666666075e+00,2.000792232423725947e-01
9.937500000000000000e+00,2.000791441167123763e-01
9.958333333333332149e+00,2.000790649277808531e-01
9.979166666666666075e+00,2.000789856746319206e-01
1.000000000000000000e+01,2.000789063564214487e-01
1.002083333333333215e+01,2.000788269724081969e-01
1.004166666666666607e+01,2.000787475219542311e-01
1.006250000000000000e+01,2.000786680045255062e-01
1.008333333333333215e+01,2.000785884196921993e-01
1.010416666666666607e+01,2.000785087671292928e-01
1.012500000000000000e+01,2.000784290466166293e-01
1.014583333333333215e+01,2.000783492580393286e-01
1.016666666666666607e+01,2.000782694013879537e-01
1.018750000000000000e+01,2.000781894767584557e-01
1.020833333333333215e+01,2.000781094843523122e-01
1.022916666666666607e+01,2.000780294244764723e-01
1.025000000000000000e+01,2.000779492975431617e-01
1.027083333333333215e+01,2.000778691040696611e-01
1.029166666666666607e+01,2.000777888446782504e-01
1.031250000000000000e+01,2.000777085200955430e-01
1.033333333333333215e+01,2.000776281311523463e-01
1.035416666666666607e+01,2.000775476787829410e-01
1.037500000000000000e+01,2.000774671640246916e-01
1.039583333333333215e+01,2.000773865880173530e-01
1.041666666666666607e+01,2.000773059520022656e-01
1.043750000000000000e+01,2.000772252573216614e-01
1.045833333333333215e+01,2.000771445054176645e-01
1.047916666666666607e+01,2.000770636978315142e-01
1.050000000000000000e+01,2.000769828362023717e-01
1.052083333333333215e+01,2.000769019222662370e-01
1.054166666666666607e+01,2.000768209578545898e-01
1.056250000000000000e+01,2.000767399448933892e-01
1.058333333333333215e+01,2.000766588854013261e-01
1.060416666666666607e+01,2.000765777814886293e-01
1.062500000000000000e+01,2.000764966353552055e-01
1.064583333333333215e+01,2.000764154492890856e-01
1.066666666666666607e+01,2.000763342256645649e-01
1.068750000000000000e+01,2.000762529669402601e-01
1.070833333333333215e+01,2.000761716756571107e-01
1.072916666666666607e+01,2.000760903544362146e-01
1.075000000000000000e+01,2.000760090059766350e-01
1.077083333333333215e+01,2.000759276330528469e-01
1.079166666666666607e+01,2.000758462385124337e-01
1.081250000000000000e+01,2.000757648252733112e-01
1.083333333333333215e+01,2.000756833963212022e-01
1.085416666666666607e+01,2.000756019547066944e-01
1.087500000000000000e+01,2.000755205035423256e-01
1.089583333333333215e+01,2.000754390459995868e-01
1.091666666666666607e+01,2.000753575853059518e-01
1.093750000000000000e+01,2.000752761247416023e-01
1.095833333333333215e+01,2.000751946676363191e-01
1.097916666666666607e+01,2.000751132173663183e-01
1.100000000000000000e+01,2.000750317773508646e-01
1.102083333333333215e+01,2.000749503510491911e-01
1.104166666666666607e+01,2.000748689419572235e-01
1.106250000000000000e+01,2.000747875536043607e-01
1.108333333333333215e+01,2.000747061895504775e-01
1.110416666666666607e+01,2.000746248533828153e-01
1.112500000000000000e+01,2.000745435487128743e-01
1.114583333333333215e+01,2.000744622791736926e-01
1.116666666666666607e+01,2.000743810484169327e-01
1.118750000000000000e+01,2.000742998601102718e-01
1.120833333333333215e+01,2.000742187179346265e-01
1.122916666666666607e+01,2.000741376255817383e-01
1.125000000000000000e+01,2.000740565867518417e-01
1.127083333333333215e+01,2.000739756051512497e-01
1.129166666666666607e+01,2.000738946844899668e-01
1.131250000000000000e+01,2.000738138284796352e-01
1.133333333333333215e+01,2.000737330408313419e-01
1.135416666666666607e+01,2.000736523252536758e-01
1.137500000000000000e+01,2.000735716854503410e-01
1.139583333333333215e+01,2.000734911251184078e-01
1.141666666666666607e+01,2.000734106479462315e-01
1.143750000000000000e+01,2.000733302576113704e-01
1.145833333333333215e+01,2.000732499577786982e-01
1.147916666666666607e+01,2.000731697520982122e-01
1.150000000000000000e+01,2.000730896442033113e-01
1.152083333333333215e+01,2.000730096377085487e-01
1.154166666666666607e+01,2.000729297362076886e-01
1.156250000000000000e+01,2.000728499432717633e-01
1.158333333333333215e+01,2.000727702624469362e-01
1.160416666666666607e+01,2.000726906972524199e-01
1.162500000000000000e+01,2.000726112511786725e-01
1.164583333333333215e+01,2.000725319276851488e-01
1.166666666666666607e+01,2.000724527301984135e-01
1.168750000000000000e+01,2.000723736621099758e-01
1.170833333333333215e+01,2.000722947267744578e-01
1.172916666666666607e+01,2.000722159275073186e-01
1.175000000000000000e+01,2.000721372675831056e-01
1.177083333333333215e+01,2.000720587502332892e-01
1.179166666666666607e+01,2.000719803786444040e-01
1.181250000000000000e+01,2.000719021559559663e-01
1.183333333333333215e+01,2.000718240852585594e-01
1.185416666666666607e+01,2.000717461695919464e-01
1.187500000000000000e+01,2.000716684119429878e-01
1.189583333333333215e+01,2.000715908152438938e-01
1.191666666666666607e+01,2.000715133823702252e-01
1.193750000000000000e+01,2.000714361161391452e-01
1.195833333333333215e+01,2.000713590193074487e-01
1.197916666666666607e+01,2.000712820945698411e-01
1.200000000000000000e+01,2.000712053445570238e-01
1.202083333333333215e+01,2.000711287718342501e-01
1.204166666666666607e+01,2.000710523788991890e-01
1.206250000000000000e+01,2.000709761681804810e-01
1.208333333333333215e+01,2.000709001420361843e-01
1.210416666666666607e+01,2.000708243027519428e-01
1.212500000000000000e+01,2.000707486525395429e-01
1.214583333333333215e+01,2.000706731935353311e-01
1.216666666666666607e+01,2.000705979277988267e-01
1.218750000000000000e+01,2.000705228573112227e-01
1.220833333333333215e+01,2.000704479839739702e-01
1.222916666666666607e+01,2.000703733096075021e-01
1.225000000000000000e+01,2.000702988359499002e-01
1.227083333333333215e+01,2.000702245646557020e-01
1.229166666666666607e+01,2.000701504972946243e-01
1.231250000000000000e+01,2.000700766353504800e-01
1.233333333333333215e+01,2.000700029802201241e-01
1.235416666666666607e+01,2.000699295332122596e-01
1.237500000000000000e+01,2.000698562955467164e-01
1.239583333333333215e+01,2.000697832683533406e-01
1.241666666666666607e+01,2.000697104526710512e-01
1.243750000000000000e+01,2.000696378494472294e-01
1.245833333333333215e+01,2.000695654595369410e-01
1.247916666666666607e+01,2.000694932837020767e-01
1.250000000000000000e+01,2.000694213226108242e-01
1.252083333333333215e+01,2.000693495768371410e-01
1.254166666666666607e+01,2.000692780468601162e-01
1.256250000000000000e+01,2.000692067330637480e-01
1.258333333333333215e+01,2.000691356357362782e-01
1.260416666666666607e+01,2.000690647550699142e-01
1.262500000000000000e+01,2.000689940911607734e-01
1.264583333333333215e+01,2.000689236440084950e-01
1.266666666666666607e+01,2.000688534135161012e-01
1.268750000000000000e+01,2.000687833994900244e-01
1.270833333333333215e+01,2.000687136016399970e-01
1.272916666666666607e+01,2.000686440195791893e-01
1.275000000000000000e+01,2.000685746528242659e-01
1.277083333333333215e+01,2.000685055007955238e-01
1.279166666666666607e+01,2.000684365628173089e-01
1.281250000000000000e+01,2.000683678381180719e-01
1.283333333333333215e+01,2.000682993258309783e-01
1.285416666666666607e+01,2.000682310249942142e-01
1.287500000000000000e+01,2.000681629345514856e-01
1.289583333333333215e+01,2.000680950533526847e-01
1.291666666666666607e+01,2.000680273801543896e-01
1.293750000000000000e+01,2.000679599136206410e-01
1.295833333333333215e+01,2.000678926523236922e-01
1.297916666666666607e+01,2.000678255947447581e-01
1.300000000000000000e+01,2.000677587392749590e-01
1.302083333333333215e+01,2.000676920842162088e-01
1.304166666666666607e+01,2.000676256277822973e-01
1.306250000000000000e+01,2.000675593680999176e-01
1.308333333333333215e+01,2.000674933032097480e-01
1.310416666666666607e+01,2.000674274310676737e-01
1.312500000000000000e+01,2.000673617495460632e-01
1.314583333333333215e+01,2.000672962564349344e-01
1.316666666666666607e+01,2.000672309494434531e-01
1.318750000000000000e+01,2.000671658262013208e-01
1.320833333333333215e+01,2.000671008842602461e-01
1.322916666666666607e+01,2.000670361210953874e-01
1.325000000000000000e+01,2.000669715341069910e-01
1.327083333333333215e+01,2.000669071206220839e-01
1.329166666666666607e+01,2.000668428778960561e-01
1.331250000000000000e+01,2.000667788031144645e-01
1.333333333333333215e+01,2.000667148933948369e-01
1.335416666666666607e+01,2.000666511457883934e-01
1.337500000000000000e+01,2.000665875572820718e-01
1.339583333333333215e+01,2.000665241248003601e-01
1.341666666666666607e+01,2.000664608452073223e-01
1.343750000000000000e+01,2.000663977153085971e-01
1.345833333333333215e+01,2.000663347318534790e-01
1.347916666666666607e+01,2.000662718915370286e-01
1.350000000000000000e+01,2.000662091910021811e-01
1.352083333333333215e+01,2.000661466268420230e-01
1.354166666666666607e+01,2.000660841956018454e-01
1.356250000000000000e+01,2.000660218937815593e-01
1.358333333333333215e+01,2.000659597178379712e-01
1.360416666666666607e+01,2.000658976641870312e-01
1.362500000000000000e+01,2.000658357292062761e-01
1.364583333333333215e+01,2.000657739092371046e-01
1.366666666666666607e+01,2.000657122005874700e-01
1.368750000000000000e+01,2.000656505995339340e-01
1.370833333333333215e+01,2.000655891023243593e-01
1.372916666666666607e+01,2.000655277051804626e-01
1.375000000000000000e+01,2.000654664043002018e-01
1.377083333333333215e+01,2.000654051958603852e-01
1.379166666666666607e+01,2.000653440760191970e-01
1.381250000000000000e+01,2.000652830409187788e-01
1.383333333333333215e+01,2.000652220866877551e-01
1.385416666666666607e+01,2.000651612094440368e-01
1.387500000000000000e+01,2.000651004052971527e-01
1.389583333333333215e+01,2.000650396703510803e-01
1.391666666666666607e+01,2.000649790007068274e-01
1.393750000000000000e+01,2.000649183924650409e-01
1.395833333333333215e+01,2.000648578417286994e-01
1.397916666666666607e+01,2.000647973446056382e-01
1.400000000000000000e+01,2.000647368972113260e-01
1.402083333333333215e+01,2.000646764956715284e-01
1.404166666666666607e+01,2.000646161361248065e-01
1.406250000000000000e+01,2.000645558147252367e-01
1.408333333333333215e+01,2.000644955276451309e-01
1.410416666666666607e+01,2.000644352710775065e-01
1.412500000000000000e+01,2.000643750412387512e-01
1.414583333333333215e+01,2.000643148343712596e-01
1.416666666666666607e+01,2.000642546467459593e-01
1.418750000000000000e+01,2.000641944746649747e-01
1.420833333333333215e+01,2.000641343144640427e-01
1.422916666666666607e+01,2.000640741625152041e-01
1.425000000000000000e+01,2.000640140152292190e-01
1.427083333333333215e+01,2.000639538690580366e-01
1.429166666666666607e+01,2.000638937204972934e-01
1.431250000000000000e+01,2.000638335660887834e-01
1.433333333333333215e+01,2.000637734024227898e-01
1.435416666666666607e+01,2.000637132261406381e-01
1.437500000000000000e+01,2.000636530339367780e-01
1.439583333333333215e+01,2.000635928225611981e-01
1.441666666666666607e+01,2.000635325888218963e-01
1.443750000000000000e+01,2.000634723295868223e-01
1.445833333333333215e+01,2.000634120417863204e-01
1.447916666666666607e+01,2.000633517224151003e-01
1.450000000000000000e+01,2.000632913685345404e-01
1.452083333333333215e+01,2.000632309772745476e-01
1.454166666666666607e+01,2.000631705458358334e-01
1.456250000000000000e+01,2.000631100714917177e-01
1.458333333333333215e+01,2.000630495515901552e-01
1.460416666666666607e+01,2.000629889835555675e-01
1.462500000000000000e+01,2.000629283648907297e-01
1.464583333333333215e+01,2.000628676931785754e-01
1.466666666666666607e+01,2.000628069660838337e-01
1.468750000000000000e+01,2.000627461813547781e-01
1.470833333333333215e+01,2.000626853368248359e-01
1.472916666666666607e+01,2.000626244304141432e-01
1.475000000000000000e+01,2.000625634601311542e-01
1.477083333333333215e+01,2.000625024240738903e-01
1.479166666666666607e+01,2.000624413204314667e-01
1.481250000000000000e+01,2.000623801474854524e-01
1.483333333333333215e+01,2.000623189036109806e-01
1.485416666666666607e+01,2.000622575872780806e-01
1.487500000000000000e+01,2.000621961970528162e-01
1.489583333333333215e+01,2.000621347315982845e-01
1.491666666666666607e+01,2.000620731896756432e-01
1.493750000000000000e+01,2.000620115701451096e-01
1.495833333333333215e+01,2.000619498719667932e-01
1.497916666666666607e+01,2.000618880942014455e-01
1.500000000000000000e+01,2.000618262360112087e-01
1.502083333333333215e+01,2.000617642966604492e-01
1.504166666666666607e+01,2.000617022755161178e-01
1.506250000000000000e+01,2.000616401720483883e-01
1.508333333333333215e+01,2.000615779858312127e-01
1.510416666666666607e+01,2.000615157165424318e-01
1.512500000000000000e+01,2.000614533639643589e-01
1.514583333333333215e+01,2.000613909279838898e-01
1.516666666666666607e+01,2.000613284085926147e-01
1.518750000000000000e+01,2.000612658058870119e-01
1.520833333333333215e+01,2.000612031200683927e-01
1.522916666666666607e+01,2.000611403514428177e-01
1.525000000000000000e+01,2.000610775004210418e-01
1.527083333333333215e+01,2.000610145675182361e-01
1.529166666666666607e+01,2.000609515533536276e-01
1.531250000000000000e+01,2.000608884586501102e-01
1.533333333333333215e+01,2.000608252842339396e-01
1.535416666666666607e+01,2.000607620310340395e-01
1.537500000000000000e+01,2.000606987000813630e-01
1.539583333333333215e+01,2.000606352925082265e-01
1.541666666666666607e+01,2.000605718095474772e-01
1.543750000000000000e+01,2.000605082525315492e-01
1.545833333333333215e+01,2.000604446228914368e-01
1.547916666666666607e+01,2.000603809221557783e-01
1.550000000000000000e+01,2.000603171519494405e-01
1.552083333333333215e+01,2.000602533139924366e-01
1.554166666666666607e+01,2.000601894100983158e-01
1.556250000000000000e+01,2.000601254421729425e-01
1.558333333333333215e+01,2.000600614122126086e-01
1.560416666666666607e+01,2.000599973223026462e-01
1.562500000000000000e+01,2.000599331746153731e-01
1.564583333333333215e+01,2.000598689714083722e-01
1.566666666666666607e+01,2.000598047150223824e-01
1.568750000000000000e+01,2.000597404078792996e-01
1.570833333333333215e+01,2.000596760524799289e-01
1.572916666666666607e+01,2.000596116514016809e-01
1.575000000000000000e+01,2.000595472072962677e-01
1.577083333333333215e+01,2.000594827228872052e-01
1.579166666666666607e+01,2.000594182009673427e-01
1.581250000000000000e+01,2.000593536443961429e-01
1.583333333333333215e+01,2.000592890560972947e-01
1.585416666666666607e+01,2.000592244390557162e-01
1.587500000000000000e+01,2.000591597963149726e-01
1.589583333333333215e+01,2.000590951309745846e-01
1.591666666666666607e+01,2.000590304461871693e-01
1.593750000000000000e+01,2.000589657451555259e-01
1.595833333333333215e+01,2.000589010311301652e-01
1.597916666666666607e+01,2.000588363074062292e-01
1.600000000000000000e+01,2.000587715773209374e-01
1.602083333333333215e+01,2.000587068442507832e-01
1.604166666666666430e+01,2.000586421116089531e-01
1.606250000000000000e+01,2.000585773828424396e-01
1.608333333333333215e+01,2.000585126614297937e-01
1.610416666666666430e+01,2.000584479508782654e-01
1.612500000000000000e+01,2.000583832547213614e-01
1.614583333333333215e+01,2.000583185765165695e-01
1.616666666666666430e+01,2.000582539198426657e-01
1.618750000000000000e+01,2.000581892882975221e-01
1.620833333333333215e+01,2.000581246854956641e-01
1.622916666666666430e+01,2.000580601150660776e-01
1.625000000000000000e+01,2.000579955806498500e-01
1.627083333333333215e+01,2.000579310858978943e-01
1.629166666666666430e+01,2.000578666344687562e-01
1.631250000000000000e+01,2.000578022300264769e-01
1.633333333333333215e+01,2.000577378762382341e-01
1.635416666666666430e+01,2.000576735767722603e-01
1.637500000000000000e+01,2.000576093352956497e-01
1.639583333333333215e+01,2.000575451554721940e-01
1.641666666666666430e+01,2.000574810409601612e-01
1.643750000000000000e+01,2.000574169954101034e-01
1.645833333333333215e+01,2.000573530224628305e-01
1.647916666666666430e+01,2.000572891257469677e-01
1.650000000000000000e+01,2.000572253088770402e-01
1.652083333333333215e+01,2.000571615754512256e-01
1.654166666666666430e+01,2.000570979290491325e-01
1.656250000000000000e+01,2.000570343732295808e-01
1.658333333333333215e+01,2.000569709115287143e-01
1.660416666666666430e+01,2.000569075474575298e-01
1.662500000000000000e+01,2.000568442844998795e-01
1.664583333333333215e+01,2.000567811261103335e-01
1.666666666666666430e+01,2.000567180757118757e-01
1.668750000000000000e+01,2.000566551366939894e-01
1.670833333333333215e+01,2.000565923124104084e-01
1.672916666666666430e+01,2.000565296061770915e-01
1.675000000000000000e+01,2.000564670212700291e-01
1.677083333333333215e+01,2.000564045609231623e-01
1.679166666666666430e+01,2.000563422283264947e-01
1.681250000000000000e+01,2.000562800266238450e-01
1.683333333333333215e+01,2.000562179589108758e-01
1.685416666666666430e+01,2.000561560282331508e-01
1.687500000000000000e+01,2.000560942375840257e-01
1.689583333333333215e+01,2.000560325899028158e-01
1.691666666666666430e+01,2.000559710880728537e-01
1.693750000000000000e+01,2.000559097349194071e-01
1.695833333333333215e+01,2.000558485332080416e-01
1.697916666666666430e+01,2.000557874856426777e-01
1.700000000000000000e+01,2.000557265948637586e-01
1.702083333333333215e+01,2.000556658634465301e-01
1.704166666666666430e+01,2.000556052938992080e-01
1.706250000000000000e+01,2.000555448886613408e-01
1.708333333333333215e+01,2.000554846501021999e-01
1.710416666666666430e+01,2.000554245805191145e-01
1.712500000000000000e+01,2.000553646821358889e-01
1.714583333333333215e+01,2.000553049571011655e-01
1.716666666666666430e+01,2.000552454074872033e-01
1.718750000000000000e+01,2.000551860352881295e-01
1.720833333333333215e+01,2.000551268424187734e-01
1.722916666666666430e+01,2.000550678307131958e-01
1.725000000000000000e+01,2.000550090019234117e-01
1.727083333333333215e+01,2.000549503577181143e-01
1.729166666666666430e+01,2.000548918996816194e-01
1.731250000000000000e+01,2.000548336293125062e-01
1.733333333333333215e+01,2.000547755480227008e-01
1.735416666666666430e+01,2.000547176571363384e-01
1.737500000000000000e+01,2.000546599578888196e-01
1.739583333333333215e+01,2.000546024514258392e-01
1.741666666666666430e+01,2.000545451388026086e-01
1.743750000000000000e+01,2.000544880209829679e-01
1.745833333333333215e+01,2.000544310988386643e-01
1.747916666666666430e+01,2.000543743731486857e-01
1.750000000000000000e+01,2.000543178445984560e-01
1.752083333333333215e+01,2.000542615137795022e-01
1.754166666666666430e+01,2.000542053811888710e-01
1.756250000000000000e+01,2.000541494472284909e-01
1.758333333333333215e+01,2.000540937122050889e-01
1.760416666666666430e+01,2.000540381763296349e-01
1.762500000000000000e+01,2.000539828397170927e-01
1.764583333333333215e+01,2.000539277023863638e-01
1.766666666666666430e+01,2.000538727642599546e-01
1.768750000000000000e+01,2.000538180251641429e-01
1.770833333333333215e+01,2.000537634848286728e-01
1.772916666666666430e+01,2.000537091428870318e-01
1.775000000000000000e+01,2.000536549988764790e-01
1.777083333333333215e+01,2.000536010522382668e-01
1.779166666666666430e+01,2.000535473023178357e-01
1.781250000000000000e+01,2.000534937483651743e-01
1.783333333333333215e+01,2.000534403895350977e-01
1.785416666666666430e+01,2.000533872248878020e-01
1.787500000000000000e+01,2.000533342533893089e-01
1.789583333333333215e+01,2.000532814739119647e-01
1.791666666666666430e+01,2.000532288852352458e-01
1.793750000000000000e+01,2.000531764860463135e-01
1.795833333333333215e+01,2.000531242749407357e-01
1.797916666666666430e+01,2.000530722504234027e-01
1.800000000000000000e+01,2.000530204109093879e-01
1.802083333333333215e+01,2.000529687547248359e-01
1.804166666666666430e+01,2.000529172801080446e-01
1.806250000000000000e+01,2.000528659852104096e-01
1.808333333333333215e+01,2.000528148680976170e-01
1.810416666666666430e+01,2.000527639267509206e-01
1.812500000000000000e+01,2.000527131590681684e-01
1.814583333333333215e+01,2.000526625628653299e-01
1.816666666666666430e+01,2.000526121358776610e-01
1.818750000000000000e+01,2.000525618757612589e-01
1.820833333333333215e+01,2.000525117800944219e-01
1.822916666666666430e+01,2.000524618463792592e-01
1.825000000000000000e+01,2.000524120720432453e-01
1.827083333333333215e+01,2.000523624544408574e-01
1.829166666666666430e+01,2.000523129908552133e-01
1.831250000000000000e+01,2.000522636784998198e-01
1.833333333333333215e+01,2.000522145145204878e-01
1.835416666666666430e+01,2.000521654959968587e-01
1.837500000000000000e+01,2.000521166199447087e-01
1.839583333333333215e+01,2.000520678833175303e-01
1.841666666666666430e+01,2.000520192830086141e-01
1.843750000000000000e+01,2.000519708158531584e-01
1.845833333333333215e+01,2.000519224786302674e-01
1.847916666666666430e+01,2.000518742680649498e-01
1.850000000000000000e+01,2.000518261808305054e-01
1.852083333333333215e+01,2.000517782135504685e-01
1.854166666666666430e+01,2.000517303628009669e-01
1.856250000000000000e+01,2.000516826251128866e-01
1.858333333333333215e+01,2.000516349969742591e-01
1.860416666666666430e+01,2.000515874748325929e-01
1.862500000000000000e+01,2.000515400550970935e-01
1.864583333333333215e+01,2.000514927341412175e-01
1.866666666666666430e+01,2.000514455083049759e-01
1.868750000000000000e+01,2.000513983738974044e-01
1.870833333333333215e+01,2.000513513271990618e-01
1.872916666666666430e+01,2.000513043644645550e-01
1.875000000000000000e+01,2.000512574819248990e-01
1.877083333333333215e+01,2.000512106757902364e-01
1.879166666666666430e+01,2.000511639422522248e-01
1.881250000000000000e+01,2.000511172774868118e-01
1.883333333333333215e+01,2.000510706776566505e-01
1.885416666666666430e+01,2.000510241389137078e-01
1.887500000000000000e+01,2.000509776574019294e-01
1.889583333333333215e+01,2.000509312292598485e-01
1.891666666666666430e+01,2.000508848506232784e-01
1.893750000000000000e+01,2.000508385176278381e-01
1.895833333333333215e+01,2.000507922264116445e-01
1.897916666666666430e+01,2.000507459731179216e-01
1.900000000000000000e+01,2.000506997538976928e-01
1.902083333333333215e+01,2.000506535649123618e-01
1.904166666666666430e+01,2.000506074023365166e-01
1.906250000000000000e+01,2.000505612623602880e-01
1.908333333333333215e+01,2.000505151411921811e-01
1.910416666666666430e+01,2.000504690350616288e-01
1.912500000000000000e+01,2.000504229402216561e-01
1.914583333333333215e+01,2.000503768529513782e-01
1.916666666666666430e+01,2.000503307695586375e-01
1.918750000000000000e+01,2.000502846863825845e-01
1.920833333333333215e+01,2.000502385997962040e-01
1.922916666666666430e+01,2.000501925062088127e-01
1.925000000000000000e+01,2.000501464020686682e-01
1.927083333333333215e+01,2.000501002838653286e-01
1.929166666666666430e+01,2.000500541481322614e-01
1.931250000000000000e+01,2.000500079914490636e-01
1.933333333333333215e+01,2.000499618104440436e-01
1.935416666666666430e+01,2.000499156017965519e-01
1.937500000000000000e+01,2.000498693622392576e-01
1.939583333333333215e+01,2.000498230885605633e-01
1.941666666666666430e+01,2.000497767776067970e-01
1.943750000000000000e+01,2.000497304262844611e-01
1.945833333333333215e+01,2.000496840315625080e-01
1.947916666666666430e+01,2.000496375904743385e-01
1.950000000000000000e+01,2.000495911001200222e-01
1.952083333333333215e+01,2.000495445576683518e-01
1.954166666666666430e+01,2.000494979603588963e-01
1.956250000000000000e+01,2.000494513055039725e-01
1.958333333333333215e+01,2.000494045904905316e-01
1.960416666666666430e+01,2.000493578127820193e-01
1.962500000000000000e+01,2.000493109699203464e-01
1.964583333333333215e+01,2.000492640595274985e-01
1.966666666666666430e+01,2.000492170793073954e-01
1.968750000000000000e+01,2.000491700270474460e-01
1.970833333333333215e+01,2.000491229006202965e-01
1.972916666666666430e+01,2.000490756979852736e-01
1.975000000000000000e+01,2.000490284171899391e-01
1.977083333333333215e+01,2.000489810563715332e-01
1.979166666666666430e+01,2.000489336137582785e-01
1.981250000000000000e+01,2.000488860876708241e-01
1.983333333333333215e+01,2.000488384765234384e-01
1.985416666666666430e+01,2.000487907788251751e-01
1.987500000000000000e+01,2.000487429931810390e-01
1.989583333333333215e+01,2.000486951182930129e-01
1.991666666666666430e+01,2.000486471529611676e-01
1.993750000000000000e+01,2.000485990960844118e-01
1.995833333333333215e+01,2.000485509466614908e-01
1.997916666666666430e+01,2.000485027037917363e-01
2.000000000000000000e+01,2.000484543666757598e-01
2.002083333333333215e+01,2.000484059346162025e-01
2.004166666666666430e+01,2.000483574070182347e-01
2.006250000000000000e+01,2.000483087833900553e-01
2.008333333333333215e+01,2.000482600633434471e-01
2.010416666666666430e+01,2.000482112465940543e-01
2.012500000000000000e+01,2.000481623329616876e-01
2.014583333333333215e+01,2.000481133223705466e-01
2.016666666666666430e+01,2.000480642148494415e-01
2.018750000000000000e+01,2.000480150105317934e-01
2.020833333333333215e+01,2.000479657096556341e-01
2.022916666666666430e+01,2.000479163125635507e-01
2.025000000000000000e+01,2.000478668197025189e-01
2.027083333333333215e+01,2.000478172316237091e-01
2.029166666666666430e+01,2.000477675489821527e-01
2.031250000000000000e+01,2.000477177725362710e-01
2.033333333333333215e+01,2.000476679031475691e-01
2.035416666666666430e+01,2.000476179417799705e-01
2.037500000000000000e+01,2.000475678894991227e-01
2.039583333333333215e+01,2.000475177474718147e-01
2.041666666666666430e+01,2.000474675169650607e-01
2.043750000000000000e+01,2.000474171993452399e-01
2.045833333333333215e+01,2.000473667960770696e-01
2.047916666666666430e+01,2.000473163087226336e-01
2.050000000000000000e+01,2.000472657389400499e-01
2.052083333333333215e+01,2.000472150884823330e-01
2.054166666666666430e+01,2.000471643591959225e-01
2.056250000000000000e+01,2.000471135530193234e-01
2.058333333333333215e+01,2.000470626719814404e-01
2.060416666666666430e+01,2.000470117182000240e-01
2.062500000000000000e+01,2.000469606938797829e-01
2.064583333333333215e+01,2.000469096013106907e-01
2.066666666666666430e+01,2.000468584428658492e-01
2.068750000000000000e+01,2.000468072209995174e-01
2.070833333333333215e+01,2.000467559382450577e-01
2.072916666666666430e+01,2.000467045972125490e-01
2.075000000000000000e+01,2.000466532005863718e-01
2.077083333333333215e+01,2.000466017511230710e-01
2.079166666666666430e+01,2.000465502516486638e-01
2.081250000000000000e+01,2.000464987050561139e-01
2.083333333333333215e+01,2.000464471143026945e-01
2.085416666666666430e+01,2.000463954824074075e-01
2.087500000000000000e+01,2.000463438124480686e-01
2.089583333333333215e+01,2.000462921075587541e-01
2.091666666666666430e+01,2.000462403709268033e-01
2.093750000000000000e+01,2.000461886057901817e-01
2.095833333333333215e+01,2.000461368154344277e-01
2.097916666666666430e+01,2.000460850031902382e-01
2.100000000000000000e+01,2.000460331724302765e-01
2.102083333333333215e+01,2.000459813265665632e-01
2.104166666666666430e+01,2.000459294690477008e-01
2.106250000000000000e+01,2.000458776033562647e-01
2.108333333333333215e+01,2.000458257330058887e-01
2.110416666666666430e+01,2.000457738615388226e-01
2.112500000000000000e+01,2.000457219925232677e-01
2.114583333333333215e+01,2.000456701295508233e-01
2.116666666666666430e+01,2.000456182762341273e-01
2.118750000000000000e+01,2.000455664362041641e-01
2.120833333333333215e+01,2.000455146131080442e-01
2.122916666666666430e+01,2.000454628106066446e-01
2.125000000000000000e+01,2.000454110323721391e-01
2.127083333333333215e+01,2.000453592820858051e-01
2.129166666666666430e+01,2.000453075634357203e-01
2.131250000000000000e+01,2.000452558801146252e-01
2.133333333333333215e+01,2.000452042358175919e-01
2.135416666666666430e+01,2.000451526342397202e-01
2.137500000000000000e+01,2.000451010790741946e-01
2.139583333333333215e+01,2.000450495740099810e-01
2.141666666666666430e+01,2.000449981227295781e-01
2.143750000000000000e+01,2.000449467289069638e-01
2.145833333333333215e+01,2.000448953962054299e-01
2.147916666666666430e+01,2.000448441282752787e-01
2.150000000000000000e+01,2.000447929287519078e-01
2.152083333333333215e+01,2.000447418012533951e-01
2.154166666666666430e+01,2.000446907493785564e-01
2.156250000000000000e+01,2.000446397767047524e-01
2.158333333333333215e+01,2.000445888867856126e-01
2.160416666666666430e+01,2.000445380831490649e-01
2.162500000000000000e+01,2.000444873692950876e-01
2.164583333333333215e+01,2.000444367486936548e-01
2.166666666666666430e+01,2.000443862247826277e-01
2.168750000000000000e+01,2.000443358009656447e-01
2.170833333333333215e+01,2.000442854806099291e-01
2.172916666666666430e+01,2.000442352670442625e-01
2.175000000000000000e+01,2.000441851635569313e-01
2.177083333333333215e+01,2.000441351733937001e-01
2.179166666666666430e+01,2.000440852997557029e-01
2.181250000000000000e+01,2.000440355457973607e-01
2.183333333333333215e+01,2.000439859146245225e-01
2.185416666666666430e+01,2.000439364092923555e-01
2.187500000000000000e+01,2.000438870328034857e-01
2.189583333333333215e+01,2.000438377881058882e-01
2.191666666666666430e+01,2.000437886780911945e-01
2.193750000000000000e+01,2.000437397055926658e-01
2.195833333333333215e+01,2.000436908733833064e-01
2.197916666666666430e+01,2.000436421841740864e-01
2.200000000000000000e+01,2.000435936406121940e-01
2.202083333333333215e+01,2.000435452452792584e-01
2.204166666666666430e+01,2.000434970006894908e-01
2.206250000000000000e+01,2.000434489092881296e-01
2.208333333333333215e+01,2.000434009734498031e-01
2.210416666666666430e+01,2.000433531954768362e-01
2.212500000000000000e+01,2.000433055775977798e-01
2.214583333333333215e+01,2.000432581219658001e-01
2.216666666666666430e+01,2.000432108306571255e-01
2.218750000000000000e+01,2.000431637056698797e-01
2.220833333333333215e+01,2.000431167489224726e-01
2.222916666666666430e+01,2.000430699622522401e-01
2.225000000000000000e+01,2.000430233474143338e-01
2.227083333333333215e+01,2.000429769060802776e-01
2.229166666666666430e+01,2.000429306398369411e-01
2.231250000000000000e+01,2.000428845501853181e-01
2.233333333333333215e+01,2.000428386385393886e-01
2.235416666666666430e+01,2.000427929062252308e-01
2.237500000000000000e+01,2.000427473544799384e-01
2.239583333333333215e+01,2.000427019844507048e-01
2.241666666666666430e+01,2.000426567971940461e-01
2.243750000000000000e+01,2.000426117936748849e-01
2.245833333333333215e+01,2.000425669747658008e-01
2.247916666666666430e+01,2.000425223412464204e-01
2.250000000000000000e+01,2.000424778938028336e-01
2.252083333333333215e+01,2.000424336330268449e-01
2.254166666666666430e+01,2.000423895594156121e-01
2.256250000000000000e+01,2.000423456733711469e-01
2.258333333333333215e+01,2.000423019751998988e-01
2.260416666666666430e+01,2.000422584651124769e-01
2.262500000000000000e+01,2.000422151432233731e-01
2.264583333333333215e+01,2.000421720095507949e-01
2.266666666666666430e+01,2.000421290640164718e-01
2.268750000000000000e+01,2.000420863064455990e-01
2.270833333333333215e+01,2.000420437365669213e-01
2.272916666666666430e+01,2.000420013540126218e-01
2.275000000000000000e+01,2.000419591583185719e-01
2.277083333333333215e+01,2.000419171489244419e-01
2.279166666666666430e+01,2.000418753251740067e-01
2.281250000000000000e+01,2.000418336863154789e-01
2.283333333333333215e+01,2.000417922315016750e-01
2.285416666666666430e+01,2.000417509597907650e-01
2.287500000000000000e+01,2.000417098701466612e-01
2.289583333333333215e+01,2.000416689614394061e-01
2.291666666666666430e+01,2.000416282324460615e-01
2.293750000000000000e+01,2.000415876818512073e-01
2.295833333333333215e+01,2.000415473082478302e-01
2.297916666666666430e+01,2.000415071101381004e-01
2.300000000000000000e+01,2.000414670859342048e-01
2.302083333333333215e+01,2.000414272339594568e-01
2.304166666666666430e+01,2.000413875524489904e-01
2.306250000000000000e+01,2.000413480395511201e-01
2.308333333333333215e+01,2.000413086933283957e-01
2.310416666666666430e+01,2.000412695117586570e-01
2.312500000000000000e+01,2.000412304927364215e-01
2.314583333333333215e+01,2.000411916340741336e-01
2.316666666666666430e+01,2.000411529335035521e-01
2.318750000000000000e+01,2.000411143886771381e-01
2.320833333333333215e+01,2.000410759971694430e-01
2.322916666666666430e+01,2.000410377564788289e-01
2.325000000000000000e+01,2.000409996640289123e-01
2.327083333333333215e+01,2.000409617171702570e-01
2.329166666666666430e+01,2.000409239131820116e-01
2.331250000000000000e+01,2.000408862492736861e-01
2.333333333333333215e+01,2.000408487225869281e-01
2.335416666666666430e+01,2.000408113301973267e-01
2.337500000000000000e+01,2.000407740691164116e-01
2.339583333333333215e+01,2.000407369362934284e-01
2.341666666666666430e+01,2.000406999286174214e-01
2.343750000000000000e+01,2.000406630429192589e-01
2.345833333333333215e+01,2.000406262759736598e-01
2.347916666666666430e+01,2.000405896245012749e-01
2.350000000000000000e+01,2.000405530851708802e-01
2.352083333333333215e+01,2.000405166546015689e-01
2.354166666666666430e+01,2.000404803293649447e-01
2.356250000000000000e+01,2.000404441059874805e-01
2.358333333333333215e+01,2.000404079809526003e-01
2.360416666666666430e+01,2.000403719507032330e-01
2.362500000000000000e+01,2.000403360116440321e-01
2.364583333333333215e+01,2.000403001601438746e-01
2.366666666666666430e+01,2.000402643925381918e-01
2.368750000000000000e+01,2.000402287051313566e-01
2.370833333333333215e+01,2.000401930941994033e-01
2.372916666666666430e+01,2.000401575559922207e-01
2.375000000000000000e+01,2.000401220867363272e-01
2.377083333333333215e+01,2.000400866826371749e-01
2.379166666666666430e+01,2.000400513398819247e-01
2.381250000000000000e+01,2.000400160546418615e-01
2.383333333333333215e+01,2.000399808230750587e-01
2.385416666666666430e+01,2.000399456413289589e-01
2.387500000000000000e+01,2.000399105055430116e-01
2.389583333333333215e+01,2.000398754118513089e-01
2.391666666666666430e+01,2.000398403563851124e-01
2.393750000000000000e+01,2.000398053352755445e-01
2.395833333333333215e+01,2.000397703446563091e-01
2.397916666666666430e+01,2.000397353806663003e-01
2.400000000000000000e+01,2.000397004394521838e-01
2.402083333333333215e+01,2.000396655171711446e-01
2.404166666666666430e+01,2.000396306099934129e-01
2.406250000000000000e+01,2.000395957141049008e-01
2.408333333333333215e+01,2.000395608257100055e-01
2.410416666666666430e+01,2.000395259410340520e-01
2.412500000000000000e+01,2.000394910563259021e-01
2.414583333333333215e+01,2.000394561678608130e-01
2.416666666666666430e+01,2.000394212719426301e-01
2.418750000000000000e+01,2.000393863649066462e-01
2.420833333333333215e+01,2.000393514431220432e-01
2.422916666666666430e+01,2.000393165029944464e-01
2.425000000000000000e+01,2.000392815409683944e-01
2.427083333333333215e+01,2.000392465535299480e-01
2.429166666666666430e+01,2.000392115372089108e-01
2.431250000000000000e+01,2.000391764885815493e-01
2.433333333333333215e+01,2.000391414042728133e-01
2.435416666666666430e+01,2.000391062809588338e-01
2.437500000000000000e+01,2.000390711153690881e-01
2.439583333333333215e+01,2.000390359042888977e-01
2.441666666666666430e+01,2.000390006445615654e-01
2.443750000000000000e+01,2.000389653330907347e-01
2.445833333333333215e+01,2.000389299668425269e-01
2.447916666666666430e+01,2.000388945428476506e-01
2.450000000000000000e+01,2.000388590582035664e-01
2.452083333333333215e+01,2.000388235100766521e-01
2.454166666666666430e+01,2.000387878957040622e-01
2.456250000000000000e+01,2.000387522123958373e-01
2.458333333333333215e+01,2.000387164575367638e-01
2.460416666666666430e+01,2.000386806285882613e-01
2.462500000000000000e+01,2.000386447230902143e-01
2.464583333333333215e+01,2.000386087386628875e-01
2.466666666666666430e+01,2.000385726730084524e-01
2.468750000000000000e+01,2.000385365239127633e-01
2.470833333333333215e+01,2.000385002892469954e-01
2.472916666666666430e+01,2.000384639669691988e-01
2.475000000000000000e+01,2.000384275551256863e-01
2.477083333333333215e+01,2.000383910518526154e-01
2.479166666666666430e+01,2.000383544553773485e-01
2.481250000000000000e+01,2.000383177640197296e-01
2.483333333333333215e+01,2.000382809761933056e-01
2.485416666666666430e+01,2.000382440904066861e-01
2.487500000000000000e+01,2.000382071052644595e-01
2.489583333333333215e+01,2.000381700194684698e-01
2.491666666666666430e+01,2.000381328318186491e-01
2.493750000000000000e+01,2.000380955412140449e-01
2.495833333333333215e+01,2.000380581466535967e-01
2.497916666666666430e+01,2.000380206472370526e-01
2.500000000000000000e+01,2.000379830421657179e-01
2.502083333333333215e+01,2.000379453307429833e-01
2.504166666666666430e+01,2.000379075123749351e-01
2.506250000000000000e+01,2.000378695865709933e-01
2.508333333333333215e+01,2.000378315529442730e-01
2.510416666666666430e+01,2.000377934112120004e-01
2.512500000000000000e+01,2.000377551611958182e-01
2.514583333333333215e+01,2.000377168028219244e-01
2.516666666666666430e+01,2.000376783361214605e-01
2.518750000000000000e+01,2.000376397612304014e-01
2.520833333333333215e+01,2.000376010783895819e-01
2.522916666666666430e+01,2.000375622879446980e-01
2.525000000000000000e+01,2.000375233903462502e-01
2.527083333333333215e+01,2.000374843861491836e-01
2.529166666666666430e+01,2.000374452760127209e-01
2.531250000000000000e+01,2.000374060606998627e-01
2.533333333333333215e+01,2.000373667410769996e-01
2.535416666666666430e+01,2.000373273181134115e-01
2.537500000000000000e+01,2.000372877928807414e-01
2.539583333333333215e+01,2.000372481665520508e-01
2.541666666666666430e+01,2.000372084404013484e-01
2.543750000000000000e+01,2.000371686158024520e-01
2.545833333333333215e+01,2.000371286942282112e-01
2.547916666666666430e+01,2.000370886772493140e-01
2.550000000000000000e+01,2.000370485665333431e-01
2.552083333333333215e+01,2.000370083638433327e-01
2.554166666666666430e+01,2.000369680710364917e-01
2.556250000000000000e+01,2.000369276900628157e-01
2.558333333333333215e+01,2.000368872229635886e-01
2.560416666666666430e+01,2.000368466718696059e-01
2.562500000000000000e+01,2.000368060389994262e-01
2.564583333333333215e+01,2.000367653266577062e-01
2.566666666666666430e+01,2.000367245372329794e-01
2.568750000000000000e+01,2.000366836731957421e-01
2.570833333333333215e+01,2.000366427370962874e-01
2.572916666666666430e+01,2.000366017315623468e-01
2.575000000000000000e+01,2.000365606592967305e-01
2.577083333333333215e+01,2.000365195230749404e-01
2.579166666666666430e+01,2.000364783257425061e-01
2.581250000000000000e+01,2.000364370702123473e-01
2.583333333333333215e+01,2.000363957594621656e-01
2.585416666666666430e+01,2.000363543965315571e-01
2.587500000000000000e+01,2.000363129845192378e-01
2.589583333333333215e+01,2.000362715265801838e-01
2.591666666666666430e+01,2.000362300259226067e-01
2.593750000000000000e+01,2.000361884858052608e-01
2.595833333333333215e+01,2.000361469095342515e-01
2.597916666666666430e+01,2.000361053004603984e-01
2.600000000000000000e+01,2.000360636619761268e-01
2.602083333333333215e+01,2.000360219975126919e-01
2.604166666666666430e+01,2.000359803105373202e-01
2.606250000000000000e+01,2.000359386045504340e-01
2.608333333333333215e+01,2.000358968830830142e-01
2.610416666666666430e+01,2.000358551496938253e-01
2.612500000000000000e+01,2.000358134079668060e-01
2.614583333333333215e+01,2.000357716615086545e-01
2.616666666666666430e+01,2.000357299139460809e-01
2.618750000000000000e+01,2.000356881689236699e-01
2.620833333333333215e+01,2.000356464301013826e-01
2.622916666666666430e+01,2.000356047011522254e-01
2.625000000000000000e+01,2.000355629857599460e-01
2.627083333333333215e+01,2.000355212876169242e-01
2.629166666666666430e+01,2.000354796104218402e-01
2.631250000000000000e+01,2.000354379578775099e-01
2.633333333333333215e+01,2.000353963336887753e-01
2.635416666666666430e+01,2.000353547415603950e-01
2.637500000000000000e+01,2.000353131851947130e-01
2.639583333333333215e+01,2.000352716682897714e-01
2.641666666666666430e+01,2.000352301945370614e-01
2.643750000000000000e+01,2.000351887676194707e-01
2.645833333333333215e+01,2.000351473912090339e-01
2.647916666666666430e+01,2.000351060689649629e-01
2.650000000000000000e+01,2.000350648045314816e-01
2.652083333333333215e+01,2.000350236015356054e-01
2.654166666666666430e+01,2.000349824635850871e-01
2.656250000000000000e+01,2.000349413942663634e-01
2.658333333333333215e+01,2.000349003971423345e-01
2.660416666666666430e+01,2.000348594757502541e-01
2.662500000000000000e+01,2.000348186335996759e-01
2.664583333333333215e+01,2.000347778741702331e-01
2.666666666666666430e+01,2.000347372009096403e-01
2.668750000000000000e+01,2.000346966172315000e-01
2.670833333333333215e+01,2.000346561265133050e-01
2.672916666666666430e+01,2.000346157320943286e-01
2.675000000000000000e+01,2.000345754372734597e-01
2.677083333333333215e+01,2.000345352453073433e-01
2.679166666666666430e+01,2.000344951594081322e-01
2.681250000000000000e+01,2.000344551827415995e-01
2.683333333333333215e+01,2.000344153184250295e-01
2.685416666666666430e+01,2.000343755695253023e-01
2.687500000000000000e+01,2.000343359390569231e-01
2.689583333333333215e+01,2.000342964299800241e-01
2.691666666666666430e+01,2.000342570451985047e-01
2.693750000000000000e+01,2.000342177875580330e-01
2.695833333333333215e+01,2.000341786598443250e-01
2.697916666666666430e+01,2.000341396647812020e-01
2.700000000000000000e+01,2.000341008050288971e-01
2.702083333333333215e+01,2.000340620831821403e-01
2.704166666666666430e+01,2.000340235017685764e-01
2.706250000000000000e+01,2.000339850632469330e-01
2.708333333333333215e+01,2.000339467700054941e-01
2.710416666666666430e+01,2.000339086243604070e-01
2.712500000000000000e+01,2.000338706285541002e-01
2.714583333333333215e+01,2.000338327847538122e-01
2.716666666666666430e+01,2.000337950950500376e-01
2.718750000000000000e+01,2.000337575614551944e-01
2.720833333333333215e+01,2.000337201859020975e-01
2.722916666666666430e+01,2.000336829702427932e-01
2.725000000000000000e+01,2.000336459162469493e-01
2.727083333333333215e+01,2.000336090256009669e-01
2.729166666666666430e+01,2.000335722999066201e-01
2.731250000000000000e+01,2.000335357406798353e-01
2.733333333333333215e+01,2.000334993493496916e-01
2.735416666666666430e+01,2.000334631272574770e-01
2.737500000000000000e+01,2.000334270756555233e-01
2.739583333333333215e+01,2.000333911957063726e-01
2.741666666666666430e+01,2.000333554884819454e-01
2.743750000000000000e+01,2.000333199549626517e-01
2.745833333333333215e+01,2.000332845960367256e-01
2.747916666666666430e+01,2.000332494124993921e-01
2.750000000000000000e+01,2.000332144050523397e-01
2.752083333333333215e+01,2.000331795743032215e-01
2.754166666666666430e+01,2.000331449207649603e-01
2.756250000000000000e+01,2.000331104448554442e-01
2.758333333333333215e+01,2.000330761468970819e-01
2.760416666666666430e+01,2.000330420271164422e-01
2.762500000000000000e+01,2.000330080856440873e-01
2.764583333333333215e+01,2.000329743225141843e-01
2.766666666666666430e+01,2.000329407376646995e-01
2.768750000000000000e+01,2.000329073309369265e-01
2.770833333333333215e+01,2.000328741020757362e-01
2.772916666666666430e+01,2.000328410507296040e-01
2.775000000000000000e+01,2.000328081764506383e-01
2.777083333333333215e+01,2.000327754786948020e-01
2.779166666666666430e+01,2.000327429568221904e-01
2.781250000000000000e+01,2.000327106100973085e-01
2.783333333333333215e+01,2.000326784376894318e-01
2.785416666666666430e+01,2.000326464386730785e-01
2.787500000000000000e+01,2.000326146120284809e-01
2.789583333333333215e+01,2.000325829566422242e-01
2.791666666666666430e+01,2.000325514713077457e-01
2.793750000000000000e+01,2.000325201547260845e-01
2.795833333333333215e+01,2.000324890055067417e-01
2.797916666666666430e+01,2.000324580221683191e-01
2.800000000000000000e+01,2.000324272031395179e-01
2.802083333333333215e+01,2.000323965467600829e-01
2.804166666666666430e+01,2.000323660512817181e-01
2.806250000000000000e+01,2.000323357148692249e-01
2.808333333333333215e+01,2.000323055356016122e-01
2.810416666666666430e+01,2.000322755114732620e-01
2.812500000000000000e+01,2.000322456403952065e-01
2.814583333333333215e+01,2.000322159201963768e-01
2.816666666666666430e+01,2.000321863486249629e-01
2.818750000000000000e+01,2.000321569233499686e-01
2.820833333333333215e+01,2.000321276419624039e-01
2.822916666666666430e+01,2.000320985019770903e-01
2.825000000000000000e+01,2.000320695008341310e-01
2.827083333333333215e+01,2.000320406359004932e-01
2.829166666666666430e+01,2.000320119044717293e-01
2.831250000000000000e+01,2.000319833037737527e-01
2.833333333333333215e+01,2.000319548309645867e-01
2.835416666666666430e+01,2.000319264831361965e-01
2.837500000000000000e+01,2.000318982573164317e-01
2.839583333333333215e+01,2.000318701504708585e-01
2.841666666666666430e+01,2.000318421595048413e-01
2.843750000000000000e+01,2.000318142812654021e-01
2.845833333333333215e+01,2.000317865125435524e-01
2.847916666666666430e+01,2.000317588500761523e-01
2.850000000000000000e+01,2.000317312905481315e-01
2.852083333333333215e+01,2.000317038305947093e-01
2.854166666666666430e+01,2.000316764668035596e-01
2.856250000000000000e+01,2.000316491957171705e-01
2.858333333333333215e+01,2.000316220138350642e-01
2.860416666666666430e+01,2.000315949176160735e-01
2.862500000000000000e+01,2.000315679034808392e-01
2.864583333333333215e+01,2.000315409678140310e-01
2.866666666666666430e+01,2.000315141069669289e-01
2.868750000000000000e+01,2.000314873172597263e-01
2.870833333333333215e+01,2.000314605949841396e-01
2.872916666666666430e+01,2.000314339364057670e-01
2.875000000000000000e+01,2.000314073377667257e-01
2.877083333333333215e+01,2.000313807952880940e-01
2.879166666666666430e+01,2.000313543051724929e-01
2.881250000000000000e+01,2.000313278636066949e-01
2.883333333333333215e+01,2.000313014667641498e-01
2.885416666666666430e+01,2.000312751108076215e-01
2.887500000000000000e+01,2.000312487918918525e-01
2.889583333333333215e+01,2.000312225061660898e-01
2.891666666666666430e+01,2.000311962497767215e-01
2.893750000000000000e+01,2.000311700188700248e-01
2.895833333333333215e+01,2.000311438095946914e-01
2.897916666666666430e+01,2.000311176181045203e-01
2.900000000000000000e+01,2.000310914405610263e-01
2.902083333333333215e+01,2.000310652731361327e-01
2.904166666666666430e+01,2.000310391120147802e-01
2.906250000000000000e+01,2.000310129533976189e-01
2.908333333333333215e+01,2.000309867935034513e-01
2.910416666666666430e+01,2.000309606285721464e-01
2.912500000000000000e+01,2.000309344548670543e-01
2.914583333333333215e+01,2.000309082686775597e-01
2.916666666666666430e+01,2.000308820663218856e-01
2.918750000000000000e+01,2.000308558441493689e-01
2.920833333333333215e+01,2.000308295985432916e-01
2.922916666666666430e+01,2.000308033259232399e-01
2.925000000000000000e+01,2.000307770227476578e-01
2.927083333333333215e+01,2.000307506855163453e-01
2.929166666666666430e+01,2.000307243107728727e-01
2.931250000000000000e+01,2.000306978951071346e-01
2.933333333333333215e+01,2.000306714351575421e-01
2.935416666666666430e+01,2.000306449276136878e-01
2.937500000000000000e+01,2.000306183692183992e-01
2.939583333333333215e+01,2.000305917567702652e-01
2.941666666666666430e+01,2.000305650871257168e-01
2.943750000000000000e+01,2.000305383572014706e-01
2.945833333333333215e+01,2.000305115639766373e-01
2.947916666666666430e+01,2.000304847044947765e-01
2.950000000000000000e+01,2.000304577758661717e-01
2.952083333333333215e+01,2.000304307752698019e-01
2.954166666666666430e+01,2.000304036999554780e-01
2.956250000000000000e+01,2.000303765472456752e-01
2.958333333333333215e+01,2.000303493145376144e-01
2.960416666666666430e+01,2.000303219993049275e-01
2.962500000000000000e+01,2.000302945990997949e-01
2.964583333333333215e+01,2.000302671115544717e-01
2.966666666666666430e+01,2.000302395343832029e-01
2.968750000000000000e+01,2.000302118653837224e-01
2.970833333333333215e+01,2.000301841024390570e-01
2.972916666666666430e+01,2.000301562435188862e-01
2.975000000000000000e+01,2.000301282866811525e-01
2.977083333333333215e+01,2.000301002300735320e-01
2.979166666666666430e+01,2.000300720719347669e-01
2.981250000000000000e+01,2.000300438105960255e-01
2.983333333333333215e+01,2.000300154444820955e-01
2.985416666666666430e+01,2.000299869721126333e-01
2.987500000000000000e+01,2.000299583921032742e-01
2.989583333333333215e+01,2.000299297031667423e-01
2.991666666666666430e+01,2.000299009041137110e-01
2.993750000000000000e+01,2.000298719938539138e-01
2.995833333333333215e+01,2.000298429713968928e-01
2.997916666666666430e+01,2.000298138358528599e-01
3.000000000000000000e+01,2.000297845864334179e-01
3.002083333333333215e+01,2.000297552224521436e-01
3.004166666666666430e+01,2.000297257433252540e-01
3.006250000000000000e+01,2.000296961485720781e-01
3.008333333333333215e+01,2.000296664378156120e-01
3.010416666666666430e+01,2.000296366107826851e-01
3.012500000000000000e+01,2.000296066673044326e-01
3.014583333333333215e+01,2.000295766073164894e-01
3.016666666666666430e+01,2.000295464308590732e-01
3.018750000000000000e+01,2.000295161380771514e-01
3.020833333333333215e+01,2.000294857292203576e-01
3.022916666666666430e+01,2.000294552046429641e-01
3.025000000000000000e+01,2.000294245648038538e-01
3.027083333333333215e+01,2.000293938102659375e-01
3.029166666666666430e+01,2.000293629416962649e-01
3.031250000000000000e+01,2.000293319598653585e-01
3.033333333333333215e+01,2.000293008656468252e-01
3.035416666666666430e+01,2.000292696600168008e-01
3.037500000000000000e+01,2.000292383440533672e-01
3.039583333333333215e+01,2.000292069189357202e-01
3.041666666666666430e+01,2.000291753859434196e-01
3.043750000000000000e+01,2.000291437464555289e-01
3.045833333333333215e+01,2.000291120019495883e-01
3.047916666666666430e+01,2.000290801540004770e-01
3.050000000000000000e+01,2.000290482042793305e-01
3.052083333333333215e+01,2.000290161545522638e-01
3.054166666666666430e+01,2.000289840066789282e-01
3.056250000000000000e+01,2.000289517626111235e-01
3.058333333333333215e+01,2.000289194243912161e-01
3.060416666666666430e+01,2.000288869941505010e-01
3.062500000000000000e+01,2.000288544741073427e-01
3.064583333333333215e+01,2.000288218665655093e-01
3.066666666666666430e+01,2.000287891739119250e-01
3.068750000000000000e+01,2.000287563986149209e-01
3.070833333333333215e+01,2.000287235432218758e-01
3.072916666666666430e+01,2.000286906103570239e-01
3.075000000000000000e+01,2.000286576027191510e-01
3.077083333333333215e+01,2.000286245230791238e-01
3.079166666666666430e+01,2.000285913742774757e-01
3.081250000000000000e+01,2.000285581592217143e-01
3.083333333333333215e+01,2.000285248808838512e-01
3.085416666666666430e+01,2.000284915422975984e-01
3.087500000000000000e+01,2.000284581465557043e-01
3.089583333333333215e+01,2.000284246968071222e-01
3.091666666666666430e+01,2.000283911962543459e-01
3.093750000000000000e+01,2.000283576481503289e-01
3.095833333333333215e+01,2.000283240557960696e-01
3.097916666666666430e+01,2.000282904225374470e-01
3.100000000000000000e+01,2.000282567517626120e-01
3.102083333333333215e+01,2.000282230468991840e-01
3.104166666666666430e+01,2.000281893114114751e-01
3.106250000000000000e+01,2.000281555487977703e-01
3.108333333333333215e+01,2.000281217625877461e-01
3.110416666666666430e+01,2.000280879563396952e-01
3.112500000000000000e+01,2.000280541336380002e-01
3.114583333333333215e+01,2.000280202980907196e-01
3.116666666666666430e+01,2.000279864533269503e-01
3.118750000000000000e+01,2.000279526029944410e-01
3.120833333333333215e+01,2.000279187507571776e-01
3.122916666666666430e+01,2.000278849002929960e-01
3.125000000000000000e+01,2.000278510552913613e-01
3.127083333333333215e+01,2.000278172194510096e-01
3.129166666666666430e+01,2.000277833964775598e-01
3.131250000000000000e+01,2.000277495900816271e-01
3.133333333333333215e+01,2.000277158039761305e-01
3.135416666666666430e+01,2.000276820418744328e-01
3.137500000000000000e+01,2.000276483074880651e-01
3.139583333333333215e+01,2.000276146045245340e-01
3.141666666666666430e+01,2.000275809366850732e-01
3.143750000000000000e+01,2.000275473076625621e-01
3.145833333333333215e+01,2.000275137211393328e-01
3.147916666666666430e+01,2.000274801807849778e-01
3.150000000000000000e+01,2.000274466902542680e-01
3.152083333333333215e+01,2.000274132531849325e-01
3.154166666666666430e+01,2.000273798731954933e-01
3.156250000000000000e+01,2.000273465538831286e-01
3.158333333333333215e+01,2.000273132988215630e-01
3.160416666666666430e+01,2.000272801115589305e-01
3.162500000000000000e+01,2.000272469956154986e-01
3.164583333333333215e+01,2.000272139544817251e-01
3.166666666666666430e+01,2.000271809916160104e-01
3.168750000000000000e+01,2.000271481104426430e-01
3.170833333333333215e+01,2.000271153143496627e-01
3.172916666666666430e+01,2.000270826066868068e-01
3.175000000000000000e+01,2.000270499907634281e-01
3.177083333333333215e+01,2.000270174698463299e-01
3.179166666666666430e+01,2.000269850471578792e-01
3.181250000000000000e+01,2.000269527258737856e-01
3.183333333333333215e+01,2.000269205091214364e-01
3.185416666666666430e+01,2.000268883999773983e-01
3.187500000000000000e+01,2.000268564014658357e-01
3.189583333333333215e+01,2.000268245165564285e-01
3.191666666666666430e+01,2.000267927481624575e-01
3.193750000000000000e+01,2.000267610991389444e-01
3.195833333333333215e+01,2.000267295722807648e-01
3.197916666666666430e+01,2.000266981703208991e-01
3.200000000000000000e+01,2.000266668959283789e-01
3.202083333333332860e+01,2.000266357517068438e-01
3.204166666666666430e+01,2.000266047401925984e-01
3.206250000000000000e+01,2.000265738638530300e-01
3.208333333333332860e+01,2.000265431250849435e-01
3.210416666666666430e+01,2.000265125262128130e-01
3.212500000000000000e+01,2.000264820694874490e-01
3.214583333333332860e+01,2.000264517570843059e-01
3.216666666666666430e+01,2.000264215911020382e-01
3.218750000000000000e+01,2.000263915735610021e-01
3.220833333333332860e+01,2.000263617064020061e-01
3.222916666666666430e+01,2.000263319914848681e-01
3.225000000000000000e+01,2.000263024305871107e-01
3.227083333333332860e+01,2.000262730254028232e-01
3.229166666666666430e+01,2.000262437775413848e-01
3.231250000000000000e+01,2.000262146885262160e-01
3.233333333333332860e+01,2.000261857597939730e-01
3.235416666666666430e+01,2.000261569926931882e-01
3.237500000000000000e+01,2.000261283884836316e-01
3.239583333333332860e+01,2.000260999483351176e-01
3.241666666666666430e+01,2.000260716733267274e-01
3.243750000000000000e+01,2.000260435644460322e-01
3.245833333333332860e+01,2.000260156225882879e-01
3.247916666666666430e+01,2.000259878485558251e-01
3.250000000000000000e+01,2.000259602430573269e-01
3.252083333333332860e+01,2.000259328067072739e-01
3.254166666666666430e+01,2.000259055400255559e-01
3.256250000000000000e+01,2.000258784434368609e-01
3.258333333333332860e+01,2.000258515172703699e-01
3.260416666666666430e+01,2.000258247617594243e-01
3.262500000000000000e+01,2.000257981770411919e-01
3.264583333333332860e+01,2.000257717631566401e-01
3.266666666666666430e+01,2.000257455200501744e-01
3.268750000000000000e+01,2.000257194475698330e-01
3.270833333333332860e+01,2.000256935454669815e-01
3.272916666666666430e+01,2.000256678133965349e-01
3.275000000000000000e+01,2.000256422509171239e-01
3.277083333333332860e+01,2.000256168574911231e-01
3.279166666666666430e+01,2.000255916324850114e-01
3.281250000000000000e+01,2.000255665751696776e-01
3.283333333333332860e+01,2.000255416847208090e-01
3.285416666666666430e+01,2.000255169602191962e-01
3.287500000000000000e+01,2.000254924006513446e-01
3.289583333333332860e+01,2.000254680049101119e-01
3.291666666666666430e+01,2.000254437717952083e-01
3.293750000000000000e+01,2.000254197000138623e-01
3.295833333333332860e+01,2.000253957881817923e-01
3.297916666666666430e+01,2.000253720348237896e-01
3.300000000000000000e+01,2.000253484383746894e-01
3.302083333333332860e+01,2.000253249971803426e-01
3.304166666666666430e+01,2.000253017094986430e-01
3.306250000000000000e+01,2.000252785735004424e-01
3.308333333333332860e+01,2.000252555872708837e-01
3.310416666666666430e+01,2.000252327488103998e-01
3.312500000000000000e+01,2.000252100560360458e-01
3.314583333333332860e+01,2.000251875067828311e-01
3.316666666666666430e+01,2.000251650988049690e-01
3.318750000000000000e+01,2.000251428297774581e-01
3.320833333333332860e+01,2.000251206972973872e-01
3.322916666666666430e+01,2.000250986988855451e-01
3.325000000000000000e+01,2.000250768319880301e-01
3.327083333333332860e+01,2.000250550939777494e-01
3.329166666666666430e+01,2.000250334821562781e-01
3.331250000000000000e+01,2.000250119937554971e-01
3.333333333333332860e+01,2.000249906259393973e-01
3.335416666666666430e+01,2.000249693758059666e-01
3.337500000000000000e+01,2.000249482403889389e-01
3.339583333333332860e+01,2.000249272166598757e-01
3.341666666666666430e+01,2.000249063015300810e-01
3.343750000000000000e+01,2.000248854918525998e-01
3.345833333333332860e+01,2.000248647844243832e-01
3.347916666666666430e+01,2.000248441759881757e-01
3.350000000000000000e+01,2.000248236632349852e-01
3.352083333333332860e+01,2.000248032428059708e-01
3.354166666666666430e+01,2.000247829112948017e-01
3.356250000000000000e+01,2.000247626652498778e-01
3.358333333333332860e+01,2.000247425011767444e-01
3.360416666666666430e+01,2.000247224155402570e-01
3.362500000000000000e+01,2.000247024047669686e-01
3.364583333333332860e+01,2.000246824652476552e-01
3.366666666666666430e+01,2.000246625933395639e-01
3.368750000000000000e+01,2.000246427853689946e-01
3.370833333333332860e+01,2.000246230376336309e-01
3.372916666666666430e+01,2.000246033464051776e-01
3.375000000000000000e+01,2.000245837079318023e-01
3.377083333333332860e+01,2.000245641184406065e-01
3.379166666666666430e+01,2.000245445741404005e-01
3.381250000000000000e+01,2.000245250712240075e-01
3.383333333333332860e+01,2.000245056058710114e-01
3.385416666666666430e+01,2.000244861742503932e-01
3.387500000000000000e+01,2.000244667725229464e-01
3.389583333333332860e+01,2.000244473968441627e-01
3.391666666666666430e+01,2.000244280433666477e-01
3.393750000000000000e+01,2.000244087082428124e-01
3.395833333333332860e+01,2.000243893876276768e-01
3.397916666666666430e+01,2.000243700776812017e-01
3.400000000000000000e+01,2.000243507745712856e-01
3.402083333333332860e+01,2.000243314744760970e-01
3.404166666666666430e+01,2.000243121735869045e-01
3.406250000000000000e+01,2.000242928681106869e-01
3.408333333333332860e+01,2.000242735542727135e-01
3.410416666666666430e+01,2.000242542283191816e-01
3.412500000000000000e+01,2.000242348865198805e-01
3.414583333333332860e+01,2.000242155251706067e-01
3.416666666666666430e+01,2.000241961405960500e-01
3.418750000000000000e+01,2.000241767291521255e-01
3.420833333333332860e+01,2.000241572872285822e-01
3.422916666666666430e+01,2.000241378112515567e-01
3.425000000000000000e+01,2.000241182976860987e-01
3.427083333333332860e+01,2.000240987430385586e-01
3.429166666666666430e+01,2.000240791438592514e-01
3.431250000000000000e+01,2.000240594967446217e-01
3.433333333333332860e+01,2.000240397983398533e-01
3.435416666666666430e+01,2.000240200453411443e-01
3.437500000000000000e+01,2.000240002344981505e-01
3.439583333333332860e+01,2.000239803626161772e-01
3.441666666666666430e+01,2.000239604265585391e-01
3.443750000000000000e+01,2.000239404232486973e-01
3.445833333333332860e+01,2.000239203496726459e-01
3.447916666666666430e+01,2.000239002028808277e-01
3.450000000000000000e+01,2.000238799799904377e-01
3.452083333333332860e+01,2.000238596781874489e-01
3.454166666666666430e+01,2.000238392947285559e-01
3.456250000000000000e+01,2.000238188269432005e-01
3.458333333333332860e+01,2.000237982722356256e-01
3.460416666666666430e+01,2.000237776280866797e-01
3.462500000000000000e+01,2.000237568920554265e-01
3.464583333333332860e+01,2.000237360617813376e-01
3.466666666666666430e+01,2.000237151349857634e-01
3.468750000000000000e+01,2.000236941094735987e-01
3.470833333333332860e+01,2.000236729831350035e-01
3.472916666666666430e+01,2.000236517539469017e-01
3.475000000000000000e+01,2.000236304199744519e-01
3.477083333333332860e+01,2.000236089793726024e-01
3.479166666666666430e+01,2.000235874303873673e-01
3.481250000000000000e+01,2.000235657713572146e-01
3.483333333333332860e+01,2.000235440007142595e-01
3.485416666666666430e+01,2.000235221169855415e-01
3.487500000000000000e+01,2.000235001187940787e-01
3.489583333333332860e+01,2.000234780048599781e-01
3.491666666666666430e+01,2.000234557740013797e-01
3.493750000000000000e+01,2.000234334251354829e-01
3.495833333333332860e+01,2.000234109572793795e-01
3.497916666666666430e+01,2.000233883695508030e-01
3.500000000000000000e+01,2.000233656611689337e-01
3.502083333333332860e+01,2.000233428314549256e-01
3.504166666666666430e+01,2.000233198798326562e-01
3.506250000000000000e+01,2.000232968058292260e-01
3.508333333333332860e+01,2.000232736090752916e-01
3.510416666666666430e+01,2.000232502893055375e-01
3.512500000000000000e+01,2.000232268463589536e-01
3.514583333333332860e+01,2.000232032801790572e-01
3.516666666666666430e+01,2.000231795908141708e-01
3.518750000000000000e+01,2.000231557784172831e-01
3.520833333333332860e+01,2.000231318432462158e-01
3.522916666666666430e+01,2.000231077856635675e-01
3.525000000000000000e+01,2.000230836061365203e-01
3.527083333333332860e+01,2.000230593052365891e-01
3.529166666666666430e+01,2.000230348836394001e-01
3.531250000000000000e+01,2.000230103421243022e-01
3.533333333333332860e+01,2.000229856815738949e-01
3.535416666666666430e+01,2.000229609029734734e-01
3.537500000000000000e+01,2.000229360074104179e-01
3.539583333333332860e+01,2.000229109960735552e-01
3.541666666666666430e+01,2.000228858702522983e-01
3.543750000000000000e+01,2.000228606313357305e-01
3.545833333333332860e+01,2.000228352808116894e-01
3.547916666666666430e+01,2.000228098202657956e-01
3.550000000000000000e+01,2.000227842513800924e-01
3.552083333333332860e+01,2.000227585759320192e-01
3.554166666666666430e+01,2.000227327957928292e-01
3.556250000000000000e+01,2.000227069129263680e-01
3.558333333333332860e+01,2.000226809293872976e-01
3.560416666666666430e+01,2.000226548473197363e-01
3.562500000000000000e+01,2.000226286689551769e-01
3.564583333333332860e+01,2.000226023966108491e-01
3.566666666666666430e+01,2.000225760326876379e-01
3.568750000000000000e+01,2.000225495796681130e-01
3.570833333333332860e+01,2.000225230401141974e-01
3.572916666666666430e+01,2.000224964166650854e-01
3.575000000000000000e+01,2.000224697120348283e-01
3.577083333333332860e+01,2.000224429290097528e-01
3.579166666666666430e+01,2.000224160704460186e-01
3.581250000000000000e+01,2.000223891392670372e-01
3.583333333333332860e+01,2.000223621384607242e-01
3.585416666666666430e+01,2.000223350710767511e-01
3.587500000000000000e+01,2.000223079402237703e-01
3.589583333333332860e+01,2.000222807490666388e-01
3.591666666666666430e+01,2.000222535008234215e-01
3.593750000000000000e+01,2.000222261987625871e-01
3.595833333333332860e+01,2.000221988462001221e-01
3.597916666666666430e+01,2.000221714464967548e-01
3.600000000000000000e+01,2.000221440030547915e-01
3.602083333333332860e+01,2.000221165193157569e-01
3.604166666666666430e+01,2.000220889987571471e-01
3.606250000000000000e+01,2.000220614448898759e-01
3.608333333333332860e+01,2.000220338612556381e-01
3.610416666666666430e+01,2.000220062514241615e-01
3.612500000000000000e+01,2.000219786189905979e-01
3.614583333333332860e+01,2.000219509675730534e-01
3.616666666666666430e+01,2.000219233008101172e-01
3.618750000000000000e+01,2.000218956223583089e-01
3.620833333333332860e+01,2.000218679358898022e-01
3.622916666666666430e+01,2.000218402450901212e-01
3.625000000000000000e+01,2.000218125536557812e-01
3.627083333333332860e+01,2.000217848652920682e-01
3.629166666666666430e+01,2.000217571837107911e-01
3.631250000000000000e+01,2.000217295126280881e-01
3.633333333333332860e+01,2.000217018557623183e-01
3.635416666666666430e+01,2.000216742168317574e-01
3.637500000000000000e+01,2.000216465995525716e-01
3.639583333333332860e+01,2.000216190076366529e-01
3.641666666666666430e+01,2.000215914447893428e-01
3.643750000000000000e+01,2.000215639147076008e-01
3.645833333333332860e+01,2.000215364210774782e-01
3.647916666666666430e+01,2.000215089675722868e-01
3.650000000000000000e+01,2.000214815578502670e-01
3.652083333333332860e+01,2.000214541955527003e-01
3.654166666666666430e+01,2.000214268843014398e-01
3.656250000000000000e+01,2.000213996276970496e-01
3.658333333333332860e+01,2.000213724293165851e-01
3.660416666666666430e+01,2.000213452927114277e-01
3.662500000000000000e+01,2.000213182214051477e-01
3.664583333333332860e+01,2.000212912188915060e-01
3.666666666666666430e+01,2.000212642886322334e-01
3.668750000000000000e+01,2.000212374340549493e-01
3.670833333333332860e+01,2.000212106585511351e-01
3.672916666666666430e+01,2.000211839654738866e-01
3.675000000000000000e+01,2.000211573581360258e-01
3.677083333333332860e+01,2.000211308398079646e-01
3.679166666666666430e+01,2.000211044137156224e-01
3.681250000000000000e+01,2.000210780830384283e-01
3.683333333333332860e+01,2.000210518509073776e-01
3.685416666666666430e+01,2.000210257204029229e-01
3.687500000000000000e+01,2.000209996945530866e-01
3.689583333333332860e+01,2.000209737763314621e-01
3.691666666666666430e+01,2.000209479686552994e-01
3.693750000000000000e+01,2.000209222743837001e-01
3.695833333333332860e+01,2.000208966963157309e-01
3.697916666666666430e+01,2.000208712371883968e-01
3.700000000000000000e+01,2.000208458996750593e-01
3.702083333333332860e+01,2.000208206863836602e-01
3.704166666666666430e+01,2.000207955998548892e-01
3.706250000000000000e+01,2.000207706425604637e-01
3.708333333333332860e+01,2.000207458169017405e-01
3.710416666666666430e+01,2.000207211252076622e-01
3.712500000000000000e+01,2.000206965697336192e-01
3.714583333333332860e+01,2.000206721526597009e-01
3.716666666666666430e+01,2.000206478760892248e-01
3.718750000000000000e+01,2.000206237420472377e-01
3.720833333333332860e+01,2.000205997524793222e-01
3.722916666666666430e+01,2.000205759092501534e-01
3.725000000000000000e+01,2.000205522141420555e-01
3.727083333333332860e+01,2.000205286688539752e-01
3.729166666666666430e+01,2.000205052750001766e-01
3.731250000000000000e+01,2.000204820341091039e-01
3.733333333333332860e+01,2.000204589476223260e-01
3.735416666666666430e+01,2.000204360168935103e-01
3.737500000000000000e+01,2.000204132431873116e-01
3.739583333333332860e+01,2.000203906276786792e-01
3.741666666666666430e+01,2.000203681714517734e-01
3.743750000000000000e+01,2.000203458754993280e-01
3.745833333333332860e+01,2.000203237407217616e-01
3.747916666666666430e+01,2.000203017679265394e-01
3.750000000000000000e+01,2.000202799578275625e-01
3.752083333333332860e+01,2.000202583110445298e-01
3.754166666666666430e+01,2.000202368281025489e-01
3.756250000000000000e+01,2.000202155094316092e-01
3.758333333333332860e+01,2.000201943553660822e-01
3.760416666666666430e+01,2.000201733661446379e-01
3.762500000000000000e+01,2.000201525419098014e-01
3.764583333333332860e+01,2.000201318827077579e-01
3.766666666666666430e+01,2.000201113884882698e-01
3.768750000000000000e+01,2.000200910591047321e-01
3.770833333333332860e+01,2.000200708943138395e-01
3.772916666666666430e+01,2.000200508937759469e-01
3.775000000000000000e+01,2.000200310570550144e-01
3.777083333333332860e+01,2.000200113836188565e-01
3.779166666666666430e+01,2.000199918728393089e-01
3.781250000000000000e+01,2.000199725239927007e-01
3.783333333333332860e+01,2.000199533362601034e-01
3.785416666666666430e+01,2.000199343087277204e-01
3.787500000000000000e+01,2.000199154403875246e-01
3.789583333333332860e+01,2.000198967301377584e-01
3.791666666666666430e+01,2.000198781767835443e-01
3.793750000000000000e+01,2.000198597790376898e-01
3.795833333333332860e+01,2.000198415355212977e-01
3.797916666666666430e+01,2.000198234447645718e-01
3.800000000000000000e+01,2.000198055052078150e-01
3.802083333333332860e+01,2.000197877152024017e-01
3.804166666666666430e+01,2.000197700730115824e-01
3.806250000000000000e+01,2.000197525768117601e-01
3.808333333333332860e+01,2.000197352246934623e-01
3.810416666666666430e+01,2.000197180146626452e-01
3.812500000000000000e+01,2.000197009446418595e-01
3.814583333333332860e+01,2.000196840124714992e-01
3.816666666666666430e+01,2.000196672159113287e-01
3.818750000000000000e+01,2.000196505526417590e-01
3.820833333333332860e+01,2.000196340202653189e-01
3.822916666666666430e+01,2.000196176163082651e-01
3.825000000000000000e+01,2.000196013382221638e-01
3.827083333333332860e+01,2.000195851833854177e-01
3.829166666666666430e+01,2.000195691491050420e-01
3.831250000000000000e+01,2.000195532326183023e-01
3.833333333333332860e+01,2.000195374310946850e-01
3.835416666666666430e+01,2.000195217416375904e-01
3.837500000000000000e+01,2.000195061612861924e-01
3.839583333333332860e+01,2.000194906870174372e-01
3.841666666666666430e+01,2.000194753157481242e-01
3.843750000000000000e+01,2.000194600443366832e-01
3.845833333333332860e+01,2.000194448695854776e-01
3.847916666666666430e+01,2.000194297882426642e-01
3.850000000000000000e+01,2.000194147970045799e-01
3.852083333333332860e+01,2.000193998925177963e-01
3.854166666666666430e+01,2.000193850713813393e-01
3.856250000000000000e+01,2.000193703301490489e-01
3.858333333333332860e+01,2.000193556653317717e-01
3.860416666666666430e+01,2.000193410733997201e-01
3.862500000000000000e+01,2.000193265507848039e-01
3.864583333333332860e+01,2.000193120938831282e-01
3.866666666666666430e+01,2.000192976990572136e-01
3.868750000000000000e+01,2.000192833626387168e-01
3.870833333333332860e+01,2.000192690809305673e-01
3.872916666666666430e+01,2.000192548502097711e-01
3.875000000000000000e+01,2.000192406667297418e-01
3.877083333333332860e+01,2.000192265267229097e-01
3.879166666666666430e+01,2.000192124264032756e-01
3.881250000000000000e+01,2.000191983619689085e-01
3.883333333333332860e+01,2.000191843296046101e-01
3.885416666666666430e+01,2.000191703254845521e-01
3.887500000000000000e+01,2.000191563457747734e-01
3.889583333333332860e+01,2.000191423866358731e-01
3.891666666666666430e+01,2.000191284442256467e-01
3.893750000000000000e+01,2.000191145147016958e-01
3.895833333333332860e+01,2.000191005942240641e-01
3.897916666666666430e+01,2.000190866789579580e-01
3.900000000000000000e+01,2.000190727650762723e-01
3.902083333333332860e+01,2.000190588487623100e-01
3.904166666666666430e+01,2.000190449262124193e-01
3.906250000000000000e+01,2.000190309936386579e-01
3.908333333333332860e+01,2.000190170472712636e-01
3.910416666666666430e+01,2.000190030833614852e-01
3.912500000000000000e+01,2.000189890981840524e-01
3.914583333333332860e+01,2.000189750880398964e-01
3.916666666666666430e+01,2.000189610492585923e-01
3.918750000000000000e+01,2.000189469782009954e-01
3.920833333333332860e+01,2.000189328712618231e-01
3.922916666666666430e+01,2.000189187248721800e-01
3.925000000000000000e+01,2.000189045355018902e-01
3.927083333333332860e+01,2.000188902996623275e-01
3.929166666666666430e+01,2.000188760139085808e-01
3.931250000000000000e+01,2.000188616748419523e-01
3.933333333333332860e+01,2.000188472791125105e-01
3.935416666666666430e+01,2.000188328234213109e-01
3.937500000000000000e+01,2.000188183045227275e-01
3.939583333333332860e+01,2.000188037192269230e-01
3.941666666666666430e+01,2.000187890644019029e-01
3.943750000000000000e+01,2.000187743369759852e-01
3.945833333333332860e+01,2.000187595339397995e-01
3.947916666666666430e+01,2.000187446523485346e-01
3.950000000000000000e+01,2.000187296893241318e-01
3.952083333333332860e+01,2.000187146420571993e-01
3.954166666666666430e+01,2.000186995078091223e-01
3.956250000000000000e+01,2.000186842839140333e-01
3.958333333333332860e+01,2.000186689677808383e-01
3.960416666666666430e+01,2.000186535568949098e-01
3.962500000000000000e+01,2.000186380488200022e-01
3.964583333333332860e+01,2.000186224412001945e-01
3.966666666666666430e+01,2.000186067317613614e-01
3.968750000000000000e+01,2.000185909183129773e-01
3.970833333333332860e+01,2.000185749987497541e-01
3.972916666666666430e+01,2.000185589710531675e-01
3.975000000000000000e+01,2.000185428332929560e-01
3.977083333333332860e+01,2.000185265836285364e-01
3.979166666666666430e+01,2.000185102203103638e-01
3.981250000000000000e+01,2.000184937416814857e-01
3.983333333333332860e+01,2.000184771461784305e-01
3.985416666666666430e+01,2.000184604323327342e-01
3.987500000000000000e+01,2.000184435987718279e-01
3.989583333333332860e+01,2.000184266442202596e-01
3.991666666666666430e+01,2.000184095675006102e-01
3.993750000000000000e+01,2.000183923675344366e-01
3.995833333333332860e+01,2.000183750433432439e-01
3.997916666666666430e+01,2.000183575940490677e-01
4.000000000000000000e+01,2.000183400188754457e-01
4.002083333333332860e+01,2.000183223171479174e-01
4.004166666666666430e+01,2.000183044882946348e-01
4.006250000000000000e+01,2.000182865318469727e-01
4.008333333333332860e+01,2.000182684474398342e-01
4.010416666666666430e+01,2.000182502348121227e-01
4.012500000000000000e+01,2.000182318938070192e-01
4.014583333333332860e+01,2.000182134243722598e-01
4.016666666666666430e+01,2.000181948265601639e-01
4.018750000000000000e+01,2.000181761005278558e-01
4.020833333333332860e+01,2.000181572465372370e-01
4.022916666666666430e+01,2.000181382649547923e-01
4.025000000000000000e+01,2.000181191562516170e-01
4.027083333333332860e+01,2.000180999210030841e-01
4.029166666666666430e+01,2.000180805598885947e-01
4.031250000000000000e+01,2.000180610736912168e-01
4.033333333333332860e+01,2.000180414632971304e-01
4.035416666666666430e+01,2.000180217296951002e-01
4.037500000000000000e+01,2.000180018739759480e-01
4.039583333333332860e+01,2.000179818973317203e-01
4.041666666666666430e+01,2.000179618010549942e-01
4.043750000000000000e+01,2.000179415865378785e-01
4.045833333333332860e+01,2.000179212552710695e-01
4.047916666666666430e+01,2.000179008088428523e-01
4.050000000000000000e+01,2.000178802489378516e-01
4.052083333333332860e+01,2.000178595773358381e-01
4.054166666666666430e+01,2.000178387959102855e-01
4.056250000000000000e+01,2.000178179066269823e-01
4.058333333333332860e+01,2.000177969115425058e-01
4.060416666666666430e+01,2.000177758128024452e-01
4.062500000000000000e+01,2.000177546126397643e-01
4.064583333333332860e+01,2.000177333133728863e-01
4.066666666666666430e+01,2.000177119174037232e-01
4.068750000000000000e+01,2.000176904272156497e-01
4.070833333333332860e+01,2.000176688453713381e-01
4.072916666666666430e+01,2.000176471745103990e-01
4.075000000000000000e+01,2.000176254173472445e-01
4.077083333333332860e+01,2.000176035766684790e-01
4.079166666666666430e+01,2.000175816553304564e-01
4.081250000000000000e+01,2.000175596562566716e-01
4.083333333333332860e+01,2.000175375824351509e-01
4.085416666666666430e+01,2.000175154369157049e-01
4.087500000000000000e+01,2.000174932228070690e-01
4.089583333333332860e+01,2.000174709432743225e-01
4.091666666666666430e+01,2.000174486015359465e-01
4.093750000000000000e+01,2.000174262008609372e-01
4.095833333333332860e+01,2.000174037445660580e-01
4.097916666666666430e+01,2.000173812360129255e-01
4.100000000000000000e+01,2.000173586786052893e-01
4.102083333333332860e+01,2.000173360757860896e-01
4.104166666666666430e+01,2.000173134310347656e-01
4.106250000000000000e+01,2.000172907478645346e-01
4.108333333333332860e+01,2.000172680298196171e-01
4.110416666666666430e+01,2.000172452804728218e-01
4.112500000000000000e+01,2.000172225034226592e-01
4.114583333333332860e+01,2.000171997022909542e-01
4.116666666666666430e+01,2.000171768807203765e-01
4.118750000000000000e+01,2.000171540423720251e-01
4.120833333333332860e+01,2.000171311909229033e-01
4.122916666666666430e+01,2.000171083300635588e-01
4.125000000000000000e+01,2.000170854634960582e-01
4.127083333333332860e+01,2.000170625949313774e-01
4.129166666666666430e+01,2.000170397280873202e-01
4.131250000000000000e+01,2.000170168666862980e-01
4.133333333333332860e+01,2.000169940144529701e-01
4.135416666666666430e+01,2.000169711751123014e-01
4.137500000000000000e+01,2.000169483523871472e-01
4.139583333333332860e+01,2.000169255499962551e-01
4.141666666666666430e+01,2.000169027716520720e-01
4.143750000000000000e+01,2.000168800210585240e-01
4.145833333333332860e+01,2.000168573019089069e-01
4.147916666666666430e+01,2.000168346178837486e-01
4.150000000000000000e+01,2.000168119726485894e-01
4.152083333333332860e+01,2.000167893698518995e-01
4.154166666666666430e+01,2.000167668131229426e-01
4.156250000000000000e+01,2.000167443060696382e-01
4.158333333333332860e+01,2.000167218522763413e-01
4.160416666666666430e+01,2.000166994553017608e-01
4.162500000000000000e+01,2.000166771186767944e-01
4.164583333333332860e+01,2.000166548459025029e-01
4.166666666666666430e+01,2.000166326404479167e-01
4.168750000000000000e+01,2.000166105057478438e-01
4.170833333333332860e+01,2.000165884452009823e-01
4.172916666666666430e+01,2.000165664621676442e-01
4.175000000000000000e+01,2.000165445599677849e-01
4.177083333333332860e+01,2.000165227418787828e-01
4.179166666666666430e+01,2.000165010111336628e-01
4.181250000000000000e+01,2.000164793709188760e-01
4.183333333333332860e+01,2.000164578243722735e-01
4.185416666666666430e+01,2.000164363745811913e-01
4.187500000000000000e+01,2.000164150245804795e-01
4.189583333333332860e+01,2.000163937773505318e-01
4.191666666666666430e+01,2.000163726358153704e-01
4.193750000000000000e+01,2.000163516028407862e-01
4.195833333333332860e+01,2.000163306812323405e-01
4.197916666666666430e+01,2.000163098737337553e-01
4.200000000000000000e+01,2.000162891830248868e-01
4.202083333333332860e+01,2.000162686117201993e-01
4.204166666666666430e+01,2.000162481623667943e-01
4.206250000000000000e+01,2.000162278374428837e-01
4.208333333333332860e+01,2.000162076393560973e-01
4.210416666666666430e+01,2.000161875704418168e-01
4.212500000000000000e+01,2.000161676329616223e-01
4.214583333333332860e+01,2.000161478291018757e-01
4.216666666666666430e+01,2.000161281609720565e-01
4.218750000000000000e+01,2.000161086306035396e-01
4.220833333333332860e+01,2.000160892399479307e-01
4.222916666666666430e+01,2.000160699908759832e-01
4.225000000000000000e+01,2.000160508851761554e-01
4.227083333333332860e+01,2.000160319245534168e-01
4.229166666666666430e+01,2.000160131106280270e-01
4.231250000000000000e+01,2.000159944449344251e-01
4.233333333333332860e+01,2.000159759289201200e-01
4.235416666666666430e+01,2.000159575639446352e-01
4.237500000000000000e+01,2.000159393512786488e-01
4.239583333333332860e+01,2.000159212921028828e-01
4.241666666666666430e+01,2.000159033875074099e-01
4.243750000000000000e+01,2.000158856384906536e-01
4.245833333333332860e+01,2.000158680459588889e-01
4.247916666666666430e+01,2.000158506107253542e-01
4.250000000000000000e+01,2.000158333335096683e-01
4.252083333333332860e+01,2.000158162149373031e-01
4.254166666666666430e+01,2.000157992555389730e-01
4.256250000000000000e+01,2.000157824557503849e-01
4.258333333333332860e+01,2.000157658159116003e-01
4.260416666666666430e+01,2.000157493362668404e-01
4.262500000000000000e+01,2.000157330169643199e-01
4.264583333333332860e+01,2.000157168580558309e-01
4.266666666666666430e+01,2.000157008594966868e-01
4.268750000000000000e+01,2.000156850211457782e-01
4.270833333333332860e+01,2.000156693427654619e-01
4.272916666666666430e+01,2.000156538240214776e-01
4.275000000000000000e+01,2.000156384644833918e-01
4.277083333333332860e+01,2.000156232636244868e-01
4.279166666666666430e+01,2.000156082208220665e-01
4.281250000000000000e+01,2.000155933353578996e-01
4.283333333333332860e+01,2.000155786064184427e-01
4.285416666666666430e+01,2.000155640330955054e-01
4.287500000000000000e+01,2.000155496143863343e-01
4.289583333333332860e+01,2.000155353491946120e-01
4.291666666666666430e+01,2.000155212363308732e-01
4.293750000000000000e+01,2.000155072745132545e-01
4.295833333333332860e+01,2.000154934623681602e-01
4.297916666666666430e+01,2.000154797984312338e-01
4.300000000000000000e+01,2.000154662811481354e-01
4.302083333333332860e+01,2.000154529088754574e-01
4.304166666666666430e+01,2.000154396798818068e-01
4.306250000000000000e+01,2.000154265923488883e-01
4.308333333333332860e+01,2.000154136443725028e-01
4.310416666666666430e+01,2.000154008339638800e-01
4.312500000000000000e+01,2.000153881590508165e-01
4.314583333333332860e+01,2.000153756174790076e-01
4.316666666666666430e+01,2.000153632070133802e-01
4.318750000000000000e+01,2.000153509253396467e-01
4.320833333333332860e+01,2.000153387700654983e-01
4.322916666666666430e+01,2.000153267387224376e-01
4.325000000000000000e+01,2.000153148287672211e-01
4.327083333333332860e+01,2.000153030375833862e-01
4.329166666666666430e+01,2.000152913624831941e-01
4.331250000000000000e+01,2.000152798007090726e-01
4.333333333333332860e+01,2.000152683494356431e-01
4.335416666666666430e+01,2.000152570057714685e-01
4.337500000000000000e+01,2.000152457667609129e-01
4.339583333333332860e+01,2.000152346293860295e-01
4.341666666666666430e+01,2.000152235905687248e-01
4.343750000000000000e+01,2.000152126471725633e-01
4.345833333333332860e+01,2.000152017960049600e-01
4.347916666666666430e+01,2.000151910338192340e-01
4.350000000000000000e+01,2.000151803573168297e-01
4.352083333333332860e+01,2.000151697631493974e-01
4.354166666666666430e+01,2.000151592479210427e-01
4.356250000000000000e+01,2.000151488081906848e-01
4.358333333333332860e+01,2.000151384404742494e-01
4.360416666666666430e+01,2.000151281412469728e-01
4.362500000000000000e+01,2.000151179069458718e-01
4.364583333333332860e+01,2.000151077339720473e-01
4.366666666666666430e+01,2.000150976186931273e-01
4.368750000000000000e+01,2.000150875574457088e-01
4.370833333333332860e+01,2.000150775465378838e-01
4.372916666666666430e+01,2.000150675822515989e-01
4.375000000000000000e+01,2.000150576608452913e-01
4.377083333333332860e+01,2.000150477785564707e-01
4.379166666666666430e+01,2.000150379316040228e-01
4.381250000000000000e+01,2.000150281161911237e-01
4.383333333333332860e+01,2.000150183285075711e-01
4.385416666666666430e+01,2.000150085647325326e-01
4.387500000000000000e+01,2.000149988210370156e-01
4.389583333333332860e+01,2.000149890935865871e-01
4.391666666666666430e+01,2.000149793785440389e-01
4.393750000000000000e+01,2.000149696720719683e-01
4.395833333333332860e+01,2.000149599703353875e-01
4.397916666666666430e+01,2.000149502695044712e-01
4.400000000000000000e+01,2.000149405657570545e-01
4.402083333333332860e+01,2.000149308552814365e-01
4.404166666666666430e+01,2.000149211342789057e-01
4.406250000000000000e+01,2.000149113989664884e-01
4.408333333333332860e+01,2.000149016455793904e-01
4.410416666666666430e+01,2.000148918703736900e-01
4.412500000000000000e+01,2.000148820696291962e-01
4.414583333333332860e+01,2.000148722396516976e-01
4.416666666666666430e+01,2.000148623767757372e-01
4.418750000000000000e+01,2.000148524773671110e-01
4.420833333333332860e+01,2.000148425378253936e-01
4.422916666666666430e+01,2.000148325545866579e-01
4.425000000000000000e+01,2.000148225241256406e-01
4.427083333333332860e+01,2.000148124429586005e-01
4.429166666666666430e+01,2.000148023076455672e-01
4.431250000000000000e+01,2.000147921147927832e-01
4.433333333333332860e+01,2.000147818610551465e-01
4.435416666666666430e+01,2.000147715431385975e-01
4.437500000000000000e+01,2.000147611578024787e-01
4.439583333333332860e+01,2.000147507018617266e-01
4.441666666666666430e+01,2.000147401721893148e-01
4.443750000000000000e+01,2.000147295657184188e-01
4.445833333333332860e+01,2.000147188794445807e-01
4.447916666666666430e+01,2.000147081104278191e-01
4.450000000000000000e+01,2.000146972557949321e-01
4.452083333333332860e+01,2.000146863127413854e-01
4.454166666666666430e+01,2.000146752785334492e-01
4.456250000000000000e+01,2.000146641505101408e-01
4.458333333333332860e+01,2.000146529260850847e-01
4.460416666666666430e+01,2.000146416027485385e-01
4.462500000000000000e+01,2.000146301780691693e-01
4.464583333333332860e+01,2.000146186496957745e-01
4.466666666666666430e+01,2.000146070153590860e-01
4.468750000000000000e+01,2.000145952728734078e-01
4.470833333333332860e+01,2.000145834201382811e-01
4.472916666666666430e+01,2.000145714551399279e-01
4.475000000000000000e+01,2.000145593759528884e-01
4.477083333333332860e+01,2.000145471807413533e-01
4.479166666666666430e+01,2.000145348677606627e-01
4.481250000000000000e+01,2.000145224353585272e-01
4.483333333333332860e+01,2.000145098819763045e-01
4.485416666666666430e+01,2.000144972061502491e-01
4.487500000000000000e+01,2.000144844065125938e-01
4.489583333333332860e+01,2.000144714817925773e-01
4.491666666666666430e+01,2.000144584308175821e-01
4.493750000000000000e+01,2.000144452525138838e-01
4.495833333333332860e+01,2.000144319459077336e-01
4.497916666666666430e+01,2.000144185101258576e-01
4.500000000000000000e+01,2.000144049443965677e-01
4.502083333333332860e+01,2.000143912480500941e-01
4.504166666666666430e+01,2.000143774205193625e-01
4.506250000000000000e+01,2.000143634613403831e-01
4.508333333333332860e+01,2.000143493701527775e-01
4.510416666666666430e+01,2.000143351467001951e-01
4.512500000000000000e+01,2.000143207908305354e-01
4.514583333333332860e+01,2.000143063024961976e-01
4.516666666666666430e+01,2.000142916817543026e-01
4.518750000000000000e+01,2.000142769287666655e-01
4.520833333333332860e+01,2.000142620437998786e-01
4.522916666666666430e+01,2.000142470272252559e-01
4.525000000000000000e+01,2.000142318795186391e-01
4.527083333333332860e+01,2.000142166012601752e-01
4.529166666666666430e+01,2.000142011931340669e-01
4.531250000000000000e+01,2.000141856559281284e-01
4.533333333333332860e+01,2.000141699905334802e-01
4.535416666666666430e+01,2.000141541979437720e-01
4.537500000000000000e+01,2.000141382792546552e-01
4.539583333333332860e+01,2.000141222356631721e-01
4.541666666666666430e+01,2.000141060684668404e-01
4.543750000000000000e+01,2.000140897790628758e-01
4.545833333333332860e+01,2.000140733689470818e-01
4.547916666666666430e+01,2.000140568397128504e-01
4.550000000000000000e+01,2.000140401930499967e-01
4.552083333333332860e+01,2.000140234307434817e-01
4.554166666666666430e+01,2.000140065546722190e-01
4.556250000000000000e+01,2.000139895668072987e-01
4.558333333333332860e+01,2.000139724692107657e-01
4.560416666666666430e+01,2.000139552640337604e-01
4.562500000000000000e+01,2.000139379535147421e-01
4.564583333333332860e+01,2.000139205399778519e-01
4.566666666666666430e+01,2.000139030258307193e-01
4.568750000000000000e+01,2.000138854135624922e-01
4.570833333333332860e+01,2.000138677057416159e-01
4.572916666666666430e+01,2.000138499050136687e-01
4.575000000000000000e+01,2.000138320140989190e-01
4.577083333333332860e+01,2.000138140357899108e-01
4.579166666666666430e+01,2.000137959729489101e-01
4.581250000000000000e+01,2.000137778285054346e-01
4.583333333333332860e+01,2.000137596054533951e-01
4.585416666666666430e+01,2.000137413068484860e-01
4.587500000000000000e+01,2.000137229358053548e-01
4.589583333333332860e+01,2.000137044954948540e-01
4.591666666666666430e+01,2.000136859891411822e-01
4.593750000000000000e+01,2.000136674200189979e-01
4.595833333333332860e+01,2.000136487914505601e-01
4.597916666666666430e+01,2.000136301068029254e-01
4.600000000000000000e+01,2.000136113694850060e-01
4.602083333333332860e+01,2.000135925829449046e-01
4.604166666666666430e+01,2.000135737506670008e-01
4.606250000000000000e+01,2.000135548761693416e-01
4.608333333333332860e+01,2.000135359630007548e-01
4.610416666666666430e+01,2.000135170147384622e-01
4.612500000000000000e+01,2.000134980349852487e-01
4.614583333333332860e+01,2.000134790273671026e-01
4.616666666666666430e+01,2.000134599955306069e-01
4.618750000000000000e+01,2.000134409431406357e-01
4.620833333333332860e+01,2.000134218738778002e-01
4.622916666666666430e+01,2.000134027914362289e-01
4.625000000000000000e+01,2.000133836995212910e-01
4.627083333333332860e+01,2.000133646018471545e-01
4.629166666666666430e+01,2.000133455021348428e-01
4.631250000000000000e+01,2.000133264041097092e-01
4.633333333333332860e+01,2.000133073114994386e-01
4.635416666666666430e+01,2.000132882280318269e-01
4.637500000000000000e+01,2.000132691574326438e-01
4.639583333333332860e+01,2.000132501034233012e-01
4.641666666666666430e+01,2.000132310697189664e-01
4.643750000000000000e+01,2.000132120600262298e-01
4.645833333333332860e+01,2.000131930780410239e-01
4.647916666666666430e+01,2.000131741274464858e-01
4.650000000000000000e+01,2.000131552119107647e-01
4.652083333333332860e+01,2.000131363350849401e-01
4.654166666666666430e+01,2.000131175006008566e-01
4.656250000000000000e+01,2.000130987120689319e-01
4.658333333333332860e+01,2.000130799730761300e-01
4.660416666666666430e+01,2.000130612871837410e-01
4.662500000000000000e+01,2.000130426579252718e-01
4.664583333333332860e+01,2.000130240888043087e-01
4.666666666666666430e+01,2.000130055832925469e-01
4.668750000000000000e+01,2.000129871448273755e-01
4.670833333333332860e+01,2.000129687768101294e-01
4.672916666666666430e+01,2.000129504826037852e-01
4.675000000000000000e+01,2.000129322655308794e-01
4.677083333333332860e+01,2.000129141288715939e-01
4.679166666666666430e+01,2.000128960758615904e-01
4.681250000000000000e+01,2.000128781096899289e-01
4.683333333333332860e+01,2.000128602334973194e-01
4.685416666666666430e+01,2.000128424503738456e-01
4.687500000000000000e+01,2.000128247633571055e-01
4.689583333333332860e+01,2.000128071754302683e-01
4.691666666666666430e+01,2.000127896895201596e-01
4.693750000000000000e+01,2.000127723084954012e-01
4.695833333333332860e+01,2.000127550351644135e-01
4.697916666666666430e+01,2.000127378722737492e-01
4.700000000000000000e+01,2.000127208225061792e-01
4.702083333333332860e+01,2.000127038884789987e-01
4.704166666666666430e+01,2.000126870727422235e-01
4.706250000000000000e+01,2.000126703777770076e-01
4.708333333333332860e+01,2.000126538059938397e-01
4.710416666666666430e+01,2.000126373597310991e-01
4.712500000000000000e+01,2.000126210412533356e-01
4.714583333333332860e+01,2.000126048527498257e-01
4.716666666666666430e+01,2.000125887963330462e-01
4.718750000000000000e+01,2.000125728740373421e-01
4.720833333333332860e+01,2.000125570878173720e-01
4.722916666666666430e+01,2.000125414395468038e-01
4.725000000000000000e+01,2.000125259310171488e-01
4.727083333333332860e+01,2.000125105639364020e-01
4.729166666666666430e+01,2.000124953399278205e-01
4.731250000000000000e+01,2.000124802605288965e-01
4.733333333333332860e+01,2.000124653271901920e-01
4.735416666666666430e+01,2.000124505412742837e-01
4.737500000000000000e+01,2.000124359040548472e-01
4.739583333333332860e+01,2.000124214167157410e-01
4.741666666666666430e+01,2.000124070803500631e-01
4.743750000000000000e+01,2.000123928959593178e-01
4.745833333333332860e+01,2.000123788644528611e-01
4.747916666666666430e+01,2.000123649866470121e-01
4.750000000000000000e+01,2.000123512632644429e-01
4.752083333333332860e+01,2.000123376949337062e-01
4.754166666666666430e+01,2.000123242821887082e-01
4.756250000000000000e+01,2.000123110254681258e-01
4.758333333333332860e+01,2.000122979251151289e-01
4.760416666666666430e+01,2.000122849813771309e-01
4.762500000000000000e+01,2.000122721944053439e-01
4.764583333333332860e+01,2.000122595642546963e-01
4.766666666666666430e+01,2.000122470908836103e-01
4.768750000000000000e+01,2.000122347741540851e-01
4.770833333333332860e+01,2.000122226138315862e-01
4.772916666666666430e+01,2.000122106095849617e-01
4.775000000000000000e+01,2.000121987609868868e-01
4.777083333333332860e+01,2.000121870675137525e-01
4.779166666666666430e+01,2.000121755285459990e-01
4.781250000000000000e+01,2.000121641433684483e-01
4.783333333333332860e+01,2.000121529111707763e-01
4.785416666666666430e+01,2.000121418310477350e-01
4.787500000000000000e+01,2.000121309019998461e-01
4.789583333333332860e+01,2.000121201229338452e-01
4.791666666666666430e+01,2.000121094926633480e-01
4.793750000000000000e+01,2.000120990099096552e-01
4.795833333333332860e+01,2.000120886733022518e-01
4.797916666666666430e+01,2.000120784813799180e-01
4.800000000000000000e+01,2.000120684325913945e-01
4.802083333333332860e+01,2.000120585252964100e-01
4.804166666666666430e+01,2.000120487577667083e-01
4.806250000000000000e+01,2.000120391281870191e-01
4.808333333333332860e+01,2.000120296346563631e-01
4.810416666666666430e+01,2.000120202751890230e-01
4.812500000000000000e+01,2.000120110477159041e-01
4.814583333333332860e+01,2.000120019500857826e-01
4.816666666666666430e+01,2.000119929800667218e-01
4.818750000000000000e+01,2.000119841353475147e-01
4.820833333333332860e+01,2.000119754135390449e-01
4.822916666666666430e+01,2.000119668121758121e-01
4.825000000000000000e+01,2.000119583287176817e-01
4.827083333333332860e+01,2.000119499605513829e-01
4.829166666666666430e+01,2.000119417049921744e-01
4.831250000000000000e+01,2.000119335592856484e-01
4.833333333333332860e+01,2.000119255206094793e-01
4.835416666666666430e+01,2.000119175860753107e-01
4.837500000000000000e+01,2.000119097527305878e-01
4.839583333333332860e+01,2.000119020175605278e-01
4.841666666666666430e+01,2.000118943774900626e-01
4.843750000000000000e+01,2.000118868293858931e-01
4.845833333333332860e+01,2.000118793700584596e-01
4.847916666666666430e+01,2.000118719962642178e-01
4.850000000000000000e+01,2.000118647047076370e-01
4.852083333333332860e+01,2.000118574920434489e-01
4.854166666666666430e+01,2.000118503548788673e-01
4.856250000000000000e+01,2.000118432897758369e-01
4.858333333333332860e+01,2.000118362932533644e-01
4.860416666666666430e+01,2.000118293617897947e-01
4.862500000000000000e+01,2.000118224918251697e-01
4.864583333333332860e+01,2.000118156797636992e-01
4.866666666666666430e+01,2.000118089219760364e-01
4.868750000000000000e+01,2.000118022148018593e-01
4.870833333333332860e+01,2.000117955545522574e-01
4.872916666666666430e+01,2.000117889375123414e-01
4.875000000000000000e+01,2.000117823599434907e-01
4.877083333333332860e+01,2.000117758180863237e-01
4.879166666666666430e+01,2.000117693081627235e-01
4.881250000000000000e+01,2.000117628263789749e-01
4.883333333333332860e+01,2.000117563689278732e-01
4.885416666666666430e+01,2.000117499319915559e-01
4.887500000000000000e+01,2.000117435117442222e-01
4.889583333333332860e+01,2.000117371043544090e-01
4.891666666666666430e+01,2.000117307059878780e-01
4.893750000000000000e+01,2.000117243128103350e-01
4.895833333333332860e+01,2.000117179209898177e-01
4.897916666666666430e+01,2.000117115266994150e-01
4.900000000000000000e+01,2.000117051261201540e-01
4.902083333333332860e+01,2.000116987154432202e-01
4.904166666666666430e+01,2.000116922908729833e-01
4.906250000000000000e+01,2.000116858486293558e-01
4.908333333333332860e+01,2.000116793849506247e-01
4.910416666666666430e+01,2.000116728960960599e-01
4.912500000000000000e+01,2.000116663783482740e-01
4.914583333333332860e+01,2.000116598280160529e-01
4.916666666666666430e+01,2.000116532414370207e-01
4.918750000000000000e+01,2.000116466149799155e-01
4.920833333333332860e+01,2.000116399450473648e-01
4.922916666666666430e+01,2.000116332280783282e-01
4.925000000000000000e+01,2.000116264605506788e-01
4.927083333333332860e+01,2.000116196389836176e-01
4.929166666666666430e+01,2.000116127599401161e-01
4.931250000000000000e+01,2.000116058200294422e-01
4.933333333333332860e+01,2.000115988159094915e-01
4.935416666666666430e+01,2.000115917442891467e-01
4.937500000000000000e+01,2.000115846019307198e-01
4.939583333333332860e+01,2.000115773856522006e-01
4.941666666666666430e+01,2.000115700923295048e-01
4.943750000000000000e+01,2.000115627188987499e-01
4.945833333333332860e+01,2.000115552623584481e-01
4.947916666666666430e+01,2.000115477197716429e-01
4.950000000000000000e+01,2.000115400882680750e-01
4.952083333333332860e+01,2.000115323650461241e-01
4.954166666666666430e+01,2.000115245473751135e-01
4.956250000000000000e+01,2.000115166325969474e-01
4.958333333333332860e+01,2.000115086181282753e-01
4.960416666666666430e+01,2.000115005014622971e-01
4.962500000000000000e+01,2.000114922801706496e-01
4.964583333333332860e+01,2.000114839519051002e-01
4.966666666666666430e+01,2.000114755143992951e-01
4.968750000000000000e+01,2.000114669654705080e-01
4.970833333333332860e+01,2.000114583030212501e-01
4.972916666666666430e+01,2.000114495250407409e-01
4.975000000000000000e+01,2.000114406296064351e-01
4.977083333333332860e+01,2.000114316148854932e-01
4.979166666666666430e+01,2.000114224791362250e-01
4.981250000000000000e+01,2.000114132207091999e-01
4.983333333333332860e+01,2.000114038380488568e-01
4.985416666666666430e+01,2.000113943296942809e-01
4.987500000000000000e+01,2.000113846942807305e-01
4.989583333333332860e+01,2.000113749305403588e-01
4.991666666666666430e+01,2.000113650373035179e-01
4.993750000000000000e+01,2.000113550134994256e-01
4.995833333333332860e+01,2.000113448581572473e-01
4.997916666666666430e+01,2.000113345704067624e-01
5.000000000000000000e+01,2.000113241494790861e-01
5.002083333333332860e+01,2.000113135947074461e-01
5.004166666666666430e+01,2.000113029055276825e-01
5.006250000000000000e+01,2.000112920814788031e-01
5.008333333333332860e+01,2.000112811222033715e-01
5.010416666666666430e+01,2.000112700274479238e-01
5.012500000000000000e+01,2.000112587970633016e-01
5.014583333333332860e+01,2.000112474310048460e-01
5.016666666666666430e+01,2.000112359293325648e-01
5.018750000000000000e+01,2.000112242922112149e-01
5.020833333333332860e+01,2.000112125199102753e-01
5.022916666666666430e+01,2.000112006128039743e-01
5.025000000000000000e+01,2.000111885713710957e-01
5.027083333333332860e+01,2.000111763961945899e-01
5.029166666666666430e+01,2.000111640879616015e-01
5.031250000000000000e+01,2.000111516474628315e-01
5.033333333333332860e+01,2.000111390755922036e-01
5.035416666666666430e+01,2.000111263733462819e-01
5.037500000000000000e+01,2.000111135418235209e-01
5.039583333333332860e+01,2.000111005822237664e-01
5.041666666666666430e+01,2.000110874958474505e-01
5.043750000000000000e+01,2.000110742840944533e-01
5.045833333333332860e+01,2.000110609484634094e-01
5.047916666666666430e+01,2.000110474905504587e-01
5.050000000000000000e+01,2.000110339120481917e-01
5.052083333333332860e+01,2.000110202147443728e-01
5.054166666666666430e+01,2.000110064005204691e-01
5.056250000000000000e+01,2.000109924713503462e-01
5.058333333333332860e+01,2.000109784292987414e-01
5.060416666666666430e+01,2.000109642765194040e-01
5.062500000000000000e+01,2.000109500152534858e-01
5.064583333333332860e+01,2.000109356478276812e-01
5.066666666666666430e+01,2.000109211766522288e-01
5.068750000000000000e+01,2.000109066042188855e-01
5.070833333333332860e+01,2.000108919330987334e-01
5.072916666666666430e+01,2.000108771659398488e-01
5.075000000000000000e+01,2.000108623054651369e-01
5.077083333333332860e+01,2.000108473544696952e-01
5.079166666666666430e+01,2.000108323158183710e-01
5.081250000000000000e+01,2.000108171924431799e-01
5.083333333333332860e+01,2.000108019873406973e-01
5.085416666666666430e+01,2.000107867035692544e-01
5.087500000000000000e+01,2.000107713442461077e-01
5.089583333333332860e+01,2.000107559125448020e-01
5.091666666666666430e+01,2.000107404116922005e-01
5.093750000000000000e+01,2.000107248449656816e-01
5.095833333333332860e+01,2.000107092156903077e-01
5.097916666666666430e+01,2.000106935272359665e-01
5.100000000000000000e+01,2.000106777830144567e-01
5.102083333333332860e+01,2.000106619864767676e-01
5.104166666666666430e+01,2.000106461411103320e-01
5.106250000000000000e+01,2.000106302504361944e-01
5.108333333333332860e+01,2.000106143180063190e-01
5.110416666666666430e+01,2.000105983474010085e-01
5.112500000000000000e+01,2.000105823422262674e-01
5.114583333333332860e+01,2.000105663061113592e-01
5.116666666666666430e+01,2.000105502427062254e-01
5.118750000000000000e+01,2.000105341556789873e-01
5.120833333333332860e+01,2.000105180487137813e-01
5.122916666666666430e+01,2.000105019255081773e-01
5.125000000000000000e+01,2.000104857897709587e-01
5.127083333333332860e+01,2.000104696452199293e-01
5.129166666666666430e+01,2.000104534955796098e-01
5.131250000000000000e+01,2.000104373445789341e-01
5.133333333333332860e+01,2.000104211959491951e-01
5.135416666666666430e+01,2.000104050534218247e-01
5.137500000000000000e+01,2.000103889207261454e-01
5.139583333333332860e+01,2.000103728015873439e-01
5.141666666666666430e+01,2.000103566997241678e-01
5.143750000000000000e+01,2.000103406188468991e-01
5.145833333333332860e+01,2.000103245626551340e-01
5.147916666666666430e+01,2.000103085348356735e-01
5.150000000000000000e+01,2.000102925390603581e-01
5.152083333333332860e+01,2.000102765789839310e-01
5.154166666666666430e+01,2.000102606582418729e-01
5.156250000000000000e+01,2.000102447804483208e-01
5.158333333333332860e+01,2.000102289491938468e-01
5.160416666666666430e+01,2.000102131680434603e-01
5.162500000000000000e+01,2.000101974405342486e-01
5.164583333333332860e+01,2.000101817701734896e-01
5.166666666666666430e+01,2.000101661604364034e-01
5.168750000000000000e+01,2.000101506147640984e-01
5.170833333333332860e+01,2.000101351365614621e-01
5.172916666666666430e+01,2.000101197291950239e-01
5.175000000000000000e+01,2.000101043959909841e-01
5.177083333333332860e+01,2.000100891402330772e-01
5.179166666666666430e+01,2.000100739651605175e-01
5.181250000000000000e+01,2.000100588739660012e-01
5.183333333333332860e+01,2.000100438697936522e-01
5.185416666666666430e+01,2.000100289557371069e-01
5.187500000000000000e+01,2.000100141348375160e-01
5.189583333333332860e+01,2.000099994100815459e-01
5.191666666666666430e+01,2.000099847843995471e-01
5.193750000000000000e+01,2.000099702606635554e-01
5.195833333333332860e+01,2.000099558416854884e-01
5.197916666666666430e+01,2.000099415302153960e-01
5.200000000000000000e+01,2.000099273289395185e-01
5.202083333333332860e+01,2.000099132404785651e-01
5.204166666666666430e+01,2.000098992673859932e-01
5.206250000000000000e+01,2.000098854121463432e-01
5.208333333333332860e+01,2.000098716771736007e-01
5.210416666666666430e+01,2.000098580648094482e-01
5.212500000000000000e+01,2.000098445773218769e-01
5.214583333333332860e+01,2.000098312169035497e-01
5.216666666666666430e+01,2.000098179856704128e-01
5.218750000000000000e+01,2.000098048856600585e-01
5.220833333333332860e+01,2.000097919188305318e-01
5.222916666666666430e+01,2.000097790870588865e-01
5.225000000000000000e+01,2.000097663921399649e-01
5.227083333333332860e+01,2.000097538357850924e-01
5.229166666666666430e+01,2.000097414196209678e-01
5.231250000000000000e+01,2.000097291451882753e-01
5.233333333333332860e+01,2.000097170139409075e-01
5.235416666666666430e+01,2.000097050272447996e-01
5.237500000000000000e+01,2.000096931863769578e-01
5.239583333333332860e+01,2.000096814925244326e-01
5.241666666666666430e+01,2.000096699467836248e-01
5.243750000000000000e+01,2.000096585501594249e-01
5.245833333333332860e+01,2.000096473035643807e-01
5.247916666666666430e+01,2.000096362078180590e-01
5.250000000000000000e+01,2.000096252636464900e-01
5.252083333333332860e+01,2.000096144716814739e-01
5.254166666666666430e+01,2.000096038324600534e-01
5.256250000000000000e+01,2.000095933464242637e-01
5.258333333333332860e+01,2.000095830139204389e-01
5.260416666666666430e+01,2.000095728351992674e-01
5.262500000000000000e+01,2.000095628104151813e-01
5.264583333333332860e+01,2.000095529396263561e-01
5.266666666666666430e+01,2.000095432227944059e-01
5.268750000000000000e+01,2.000095336597845497e-01
5.270833333333332860e+01,2.000095242503654169e-01
5.272916666666666430e+01,2.000095149942091310e-01
5.275000000000000000e+01,2.000095058908915036e-01
5.277083333333332860e+01,2.000094969398920619e-01
5.279166666666666430e+01,2.000094881405945213e-01
5.281250000000000000e+01,2.000094794922868957e-01
5.283333333333332860e+01,2.000094709941619697e-01
5.285416666666666430e+01,2.000094626453176871e-01
5.287500000000000000e+01,2.000094544447577338e-01
5.289583333333332860e+01,2.000094463913920095e-01
5.291666666666666430e+01,2.000094384840373218e-01
5.293750000000000000e+01,2.000094307214180522e-01
5.295833333333332860e+01,2.000094231021669056e-01
5.297916666666666430e+01,2.000094156248256871e-01
5.300000000000000000e+01,2.000094082878463575e-01
5.302083333333332860e+01,2.000094010895917540e-01
5.304166666666666430e+01,2.000093940283367844e-01
5.306250000000000000e+01,2.000093871022692593e-01
5.308333333333332860e+01,2.000093803094913081e-01
5.310416666666666430e+01,2.000093736480203221e-01
5.312500000000000000e+01,2.000093671157903152e-01
5.314583333333332860e+01,2.000093607106531446e-01
5.316666666666666430e+01,2.000093544303800652e-01
5.318750000000000000e+01,2.000093482726628402e-01
5.320833333333332860e+01,2.000093422351154615e-01
5.322916666666666430e+01,2.000093363152756210e-01
5.325000000000000000e+01,2.000093305106061536e-01
5.327083333333332860e+01,2.000093248184968697e-01
5.329166666666666430e+01,2.000093192362661088e-01
5.331250000000000000e+01,2.000093137611625715e-01
5.333333333333332860e+01,2.000093083903669855e-01
5.335416666666666430e+01,2.000093031209940198e-01
5.337500000000000000e+01,2.000092979500941726e-01
5.339583333333332860e+01,2.000092928746557142e-01
5.341666666666666430e+01,2.000092878916066019e-01
5.343750000000000000e+01,2.000092829978165898e-01
5.345833333333332860e+01,2.000092781900991712e-01
5.347916666666666430e+01,2.000092734652137993e-01
5.350000000000000000e+01,2.000092688198679969e-01
5.352083333333332860e+01,2.000092642507195484e-01
5.354166666666666430e+01,2.000092597543786377e-01
5.356250000000000000e+01,2.000092553274102625e-01
5.358333333333332860e+01,2.000092509663363993e-01
5.360416666666666430e+01,2.000092466676383907e-01
5.362500000000000000e+01,2.000092424277593040e-01
5.364583333333332860e+01,2.000092382431062910e-01
5.366666666666666430e+01,2.000092341100530580e-01
5.368750000000000000e+01,2.000092300249422250e-01
5.370833333333332860e+01,2.000092259840879072e-01
5.372916666666666430e+01,2.000092219837781016e-01
5.375000000000000000e+01,2.000092180202772962e-01
5.377083333333332860e+01,2.000092140898289406e-01
5.379166666666666430e+01,2.000092101886579987e-01
5.381250000000000000e+01,2.000092063129736419e-01
5.383333333333332860e+01,2.000092024589716355e-01
5.385416666666666430e+01,2.000091986228371421e-01
5.387500000000000000e+01,2.000091948007471643e-01
5.389583333333332860e+01,2.000091909888732644e-01
5.391666666666666430e+01,2.000091871833841739e-01
5.393750000000000000e+01,2.000091833804484576e-01
5.395833333333332860e+01,2.000091795762370950e-01
5.397916666666666430e+01,2.000091757669261727e-01
5.400000000000000000e+01,2.000091719486995212e-01
5.402083333333332860e+01,2.000091681177513236e-01
5.404166666666666430e+01,2.000091642702888084e-01
5.406250000000000000e+01,2.000091604025348857e-01
5.408333333333332860e+01,2.000091565107306735e-01
5.410416666666666430e+01,2.000091525911382728e-01
5.412500000000000000e+01,2.000091486400432383e-01
5.414583333333332860e+01,2.000091446537572981e-01
5.416666666666666430e+01,2.000091406286209073e-01
5.418750000000000000e+01,2.000091365610056626e-01
5.420833333333332860e+01,2.000091324473170784e-01
5.422916666666666430e+01,2.000091282839970286e-01
5.425000000000000000e+01,2.000091240675262172e-01
5.427083333333332860e+01,2.000091197944266486e-01
5.429166666666666430e+01,2.000091154612641808e-01
5.431250000000000000e+01,2.000091110646508852e-01
5.433333333333332860e+01,2.000091066012475716e-01
5.435416666666666430e+01,2.000091020677659537e-01
5.437500000000000000e+01,2.000090974609710914e-01
5.439583333333332860e+01,2.000090927776839167e-01
5.441666666666666430e+01,2.000090880147830652e-01
5.443750000000000000e+01,2.000090831692075410e-01
5.445833333333332860e+01,2.000090782379586318e-01
5.447916666666666430e+01,2.000090732181021569e-01
5.450000000000000000e+01,2.000090681067706877e-01
5.452083333333332860e+01,2.000090629011654630e-01
5.454166666666666430e+01,2.000090575985584429e-01
5.456250000000000000e+01,2.000090521962944456e-01
5.458333333333332860e+01,2.000090466917928134e-01
5.460416666666666430e+01,2.000090410825495768e-01
5.462500000000000000e+01,2.000090353661390652e-01
5.464583333333332860e+01,2.000090295402158769e-01
5.466666666666666430e+01,2.000090236025164336e-01
5.468750000000000000e+01,2.000090175508607293e-01
5.470833333333332860e+01,2.000090113831539673e-01
5.472916666666666430e+01,2.000090050973881428e-01
5.475000000000000000e+01,2.000089986916434026e-01
5.477083333333332860e+01,2.000089921640897106e-01
5.479166666666666430e+01,2.000089855129880412e-01
5.481250000000000000e+01,2.000089787366917393e-01
5.483333333333332860e+01,2.000089718336478528e-01
5.485416666666666430e+01,2.000089648023982980e-01
5.487500000000000000e+01,2.000089576415809145e-01
5.489583333333332860e+01,2.000089503499306032e-01
5.491666666666666430e+01,2.000089429262803531e-01
5.493750000000000000e+01,2.000089353695621297e-01
5.495833333333332860e+01,2.000089276788077353e-01
5.497916666666666430e+01,2.000089198531496137e-01
5.500000000000000000e+01,2.000089118918215447e-01
5.502083333333332860e+01,2.000089037941594483e-01
5.504166666666666430e+01,2.000088955596017182e-01
5.506250000000000000e+01,2.000088871876900820e-01
5.508333333333332860e+01,2.000088786780696848e-01
5.510416666666666430e+01,2.000088700304897271e-01
5.512500000000000000e+01,2.000088612448036596e-01
5.514583333333332860e+01,2.000088523209694324e-01
5.516666666666666430e+01,2.000088432590497178e-01
5.518750000000000000e+01,2.000088340592118541e-01
5.520833333333332860e+01,2.000088247217278736e-01
5.522916666666666430e+01,2.000088152469746416e-01
5.525000000000000000e+01,2.000088056354334676e-01
5.527083333333332860e+01,2.000087958876899941e-01
5.529166666666666430e+01,2.000087860044338361e-01
5.531250000000000000e+01,2.000087759864583037e-01
5.533333333333332860e+01,2.000087658346598740e-01
5.535416666666666430e+01,2.000087555500376091e-01
5.537500000000000000e+01,2.000087451336926003e-01
5.539583333333332860e+01,2.000087345868271638e-01
5.541666666666666430e+01,2.000087239107442849e-01
5.543750000000000000e+01,2.000087131068463420e-01
5.545833333333332860e+01,2.000087021766344675e-01
5.547916666666666430e+01,2.000086911217073549e-01
5.550000000000000000e+01,2.000086799437600926e-01
5.552083333333332860e+01,2.000086686445828321e-01
5.554166666666666430e+01,2.000086572260595941e-01
5.556250000000000000e+01,2.000086456901667420e-01
5.558333333333332860e+01,2.000086340389714279e-01
5.560416666666666430e+01,2.000086222746298159e-01
5.562500000000000000e+01,2.000086103993856390e-01
5.564583333333332860e+01,2.000085984155678953e-01
5.566666666666666430e+01,2.000085863255892937e-01
5.568750000000000000e+01,2.000085741319439225e-01
5.570833333333332860e+01,2.000085618372052787e-01
5.572916666666666430e+01,2.000085494440238254e-01
5.575000000000000000e+01,2.000085369551248271e-01
5.577083333333332860e+01,2.000085243733057128e-01
5.579166666666666430e+01,2.000085117014337444e-01
5.581250000000000000e+01,2.000084989424432413e-01
5.583333333333332860e+01,2.000084860993330826e-01
5.585416666666666430e+01,2.000084731751638478e-01
5.587500000000000000e+01,2.000084601730551803e-01
5.589583333333332860e+01,2.000084470961828731e-01
5.591666666666666430e+01,2.000084339477760098e-01
5.593750000000000000e+01,2.000084207311143281e-01
5.595833333333332860e+01,2.000084074495250830e-01
5.597916666666666430e+01,2.000083941063803550e-01
5.600000000000000000e+01,2.000083807050942464e-01
5.602083333333332860e+01,2.000083672491199116e-01
5.604166666666666430e+01,2.000083537419470592e-01
5.606250000000000000e+01,2.000083401870988709e-01
5.608333333333332860e+01,2.000083265881295591e-01
5.610416666666666430e+01,2.000083129486216471e-01
5.612500000000000000e+01,2.000082992721833319e-01
5.614583333333332860e+01,2.000082855624460698e-01
5.616666666666666430e+01,2.000082718230619949e-01
5.618750000000000000e+01,2.000082580577014768e-01
5.620833333333332860e+01,2.000082442700507612e-01
5.622916666666666430e+01,2.000082304638096109e-01
5.625000000000000000e+01,2.000082166426890851e-01
5.627083333333332860e+01,2.000082028104091525e-01
5.629166666666666430e+01,2.000081889706964711e-01
5.631250000000000000e+01,2.000081751272822228e-01
5.633333333333332860e+01,2.000081612838999767e-01
5.635416666666666430e+01,2.000081474442832463e-01
5.637500000000000000e+01,2.000081336121636300e-01
5.639583333333332860e+01,2.000081197912685071e-01
5.641666666666666430e+01,2.000081059853188459e-01
5.643750000000000000e+01,2.000080921980270932e-01
5.645833333333332860e+01,2.000080784330951211e-01
5.647916666666666430e+01,2.000080646942119234e-01
5.650000000000000000e+01,2.000080509850515331e-01
5.652083333333332860e+01,2.000080373092709141e-01
5.654166666666666430e+01,2.000080236705078229e-01
5.656250000000000000e+01,2.000080100723785614e-01
5.658333333333332860e+01,2.000079965184759778e-01
5.660416666666666430e+01,2.000079830123671909e-01
5.662500000000000000e+01,2.000079695575915639e-01
5.664583333333332860e+01,2.000079561576586507e-01
5.666666666666666430e+01,2.000079428160458639e-01
5.668750000000000000e+01,2.000079295361965326e-01
5.670833333333332860e+01,2.000079163215176814e-01
5.672916666666666430e+01,2.000079031753782266e-01
5.675000000000000000e+01,2.000078901011064780e-01
5.677083333333332860e+01,2.000078771019883905e-01
5.679166666666666430e+01,2.000078641812653713e-01
5.681250000000000000e+01,2.000078513421323645e-01
5.683333333333332860e+01,2.000078385877357701e-01
5.685416666666666430e+01,2.000078259211713338e-01
5.687500000000000000e+01,2.000078133454824825e-01
5.689583333333332860e+01,2.000078008636581028e-01
5.691666666666666430e+01,2.000077884786306825e-01
5.693750000000000000e+01,2.000077761932745335e-01
5.695833333333332860e+01,2.000077640104037935e-01
5.697916666666666430e+01,2.000077519327706776e-01
5.700000000000000000e+01,2.000077399630635633e-01
5.702083333333332860e+01,2.000077281039054078e-01
5.704166666666666430e+01,2.000077163578519168e-01
5.706250000000000000e+01,2.000077047273897957e-01
5.708333333333332860e+01,2.000076932149351949e-01
5.710416666666666430e+01,2.000076818228320175e-01
5.712500000000000000e+01,2.000076705533504473e-01
5.714583333333332860e+01,2.000076594086853121e-01
5.716666666666666430e+01,2.000076483909546676e-01
5.718750000000000000e+01,2.000076375021983821e-01
5.720833333333332860e+01,2.000076267443766653e-01
5.722916666666666430e+01,2.000076161193687641e-01
5.725000000000000000e+01,2.000076056289716575e-01
5.727083333333332860e+01,2.000075952748988639e-01
5.729166666666666430e+01,2.000075850587791637e-01
5.731250000000000000e+01,2.000075749821554894e-01
5.733333333333332860e+01,2.000075650464839261e-01
5.735416666666666430e+01,2.000075552531324907e-01
5.737500000000000000e+01,2.000075456033803545e-01
5.739583333333332860e+01,2.000075360984167605e-01
5.741666666666666430e+01,2.000075267393402467e-01
5.743750000000000000e+01,2.000075175271578687e-01
5.745833333333332860e+01,2.000075084627842836e-01
5.747916666666666430e+01,2.000074995470412786e-01
5.750000000000000000e+01,2.000074907806569380e-01
5.752083333333332860e+01,2.000074821642651990e-01
5.754166666666666430e+01,2.000074736984052970e-01
5.756250000000000000e+01,2.000074653835213212e-01
5.758333333333332860e+01,2.000074572199618539e-01
5.760416666666666430e+01,2.000074492079796096e-01
5.762500000000000000e+01,2.000074413477311852e-01
5.764583333333332860e+01,2.000074336392768659e-01
5.766666666666666430e+01,2.000074260825804029e-01
5.768750000000000000e+01,2.000074186775091523e-01
5.770833333333332860e+01,2.000074114238337697e-01
5.772916666666666430e+01,2.000074043212285435e-01
5.775000000000000000e+01,2.000073973692713947e-01
5.777083333333332860e+01,2.000073905674440433e-01
5.779166666666666430e+01,2.000073839151321753e-01
5.781250000000000000e+01,2.000073774116259417e-01
5.783333333333332860e+01,2.000073710561202645e-01
5.785416666666666430e+01,2.000073648477151411e-01
5.787500000000000000e+01,2.000073587854163948e-01
5.789583333333332860e+01,2.000073528681359514e-01
5.791666666666666430e+01,2.000073470946927834e-01
5.793750000000000000e+01,2.000073414638132707e-01
5.795833333333332860e+01,2.000073359741322276e-01
5.797916666666666430e+01,2.000073306241935966e-01
5.800000000000000000e+01,2.000073254124513644e-01
5.802083333333332860e+01,2.000073203372705333e-01
5.804166666666666430e+01,2.000073153969279260e-01
5.806250000000000000e+01,2.000073105896135739e-01
5.808333333333332860e+01,2.000073059134316045e-01
5.810416666666666430e+01,2.000073013664014632e-01
5.812500000000000000e+01,2.000072969464593009e-01
5.814583333333332860e+01,2.000072926514590010e-01
5.816666666666666430e+01,2.000072884791738170e-01
5.818750000000000000e+01,2.000072844272976491e-01
5.820833333333332860e+01,2.000072804934464876e-01
5.822916666666666430e+01,2.000072766751601061e-01
5.825000000000000000e+01,2.000072729699033935e-01
5.827083333333332860e+01,2.000072693750682418e-01
5.829166666666666430e+01,2.000072658879749610e-01
5.831250000000000000e+01,2.000072625058743059e-01
5.833333333333332860e+01,2.000072592259490578e-01
5.835416666666666430e+01,2.000072560453159676e-01
5.837500000000000000e+01,2.000072529610275873e-01
5.839583333333332860e+01,2.000072499700741580e-01
5.841666666666666430e+01,2.000072470693856908e-01
5.843750000000000000e+01,2.000072442558339658e-01
5.845833333333332860e+01,2.000072415262345304e-01
5.847916666666666430e+01,2.000072388773488363e-01
5.850000000000000000e+01,2.000072363058864322e-01
5.852083333333332860e+01,2.000072338085071288e-01
5.854166666666666430e+01,2.000072313818231362e-01
5.856250000000000000e+01,2.000072290224014504e-01
5.858333333333332860e+01,2.000072267267661019e-01
5.860416666666666430e+01,2.000072244914004038e-01
5.862500000000000000e+01,2.000072223127495052e-01
5.864583333333332860e+01,2.000072201872225008e-01
5.866666666666666430e+01,2.000072181111951508e-01
5.868750000000000000e+01,2.000072160810121014e-01
5.870833333333332860e+01,2.000072140929894104e-01
5.872916666666666430e+01,2.000072121434171568e-01
5.875000000000000000e+01,2.000072102285617714e-01
5.877083333333332860e+01,2.000072083446687576e-01
5.879166666666666430e+01,2.000072064879651057e-01
5.881250000000000000e+01,2.000072046546619020e-01
5.883333333333332860e+01,2.000072028409569658e-01
5.885416666666666430e+01,2.000072010430373748e-01
5.887500000000000000e+01,2.000071992570821300e-01
5.889583333333332860e+01,2.000071974792649310e-01
5.891666666666666430e+01,2.000071957057563965e-01
5.893750000000000000e+01,2.000071939327270620e-01
5.895833333333332860e+01,2.000071921563499056e-01
5.897916666666666430e+01,2.000071903728030676e-01
5.900000000000000000e+01,2.000071885782723213e-01
5.902083333333332860e+01,2.000071867689538208e-01
5.904166666666666430e+01,2.000071849410568203e-01
5.906250000000000000e+01,2.000071830908061177e-01
5.908333333333332860e+01,2.000071812144448846e-01
5.910416666666666430e+01,2.000071793082372207e-01
5.912500000000000000e+01,2.000071773684706511e-01
5.914583333333332860e+01,2.000071753914588746e-01
5.916666666666666430e+01,2.000071733735442892e-01
5.918750000000000000e+01,2.000071713111005456e-01
5.920833333333332860e+01,2.000071692005351010e-01
5.922916666666666430e+01,2.000071670382917166e-01
5.925000000000000000e+01,2.000071648208531505e-01
5.927083333333332860e+01,2.000071625447433776e-01
5.929166666666666430e+01,2.000071602065302268e-01
5.931250000000000000e+01,2.000071578028277675e-01
5.933333333333332860e+01,2.000071553302986971e-01
5.935416666666666430e+01,2.000071527856567555e-01
5.937500000000000000e+01,2.000071501656690565e-01
5.939583333333332860e+01,2.000071474671583083e-01
5.941666666666666430e+01,2.000071446870052283e-01
5.943750000000000000e+01,2.000071418221507358e-01
5.945833333333332860e+01,2.000071388695981167e-01
5.947916666666666430e+01,2.000071358264151611e-01
5.950000000000000000e+01,2.000071326897363555e-01
5.952083333333332860e+01,2.000071294567649371e-01
5.954166666666666430e+01,2.000071261247748644e-01
5.956250000000000000e+01,2.000071226911128153e-01
5.958333333333332860e+01,2.000071191532001580e-01
5.960416666666666430e+01,2.000071155085348940e-01
5.962500000000000000e+01,2.000071117546932953e-01
5.964583333333332860e+01,2.000071078893319032e-01
5.966666666666666430e+01,2.000071039101890824e-01
5.968750000000000000e+01,2.000070998150868529e-01
5.970833333333332860e+01,2.000070956019323054e-01
5.972916666666666430e+01,2.000070912687194058e-01
5.975000000000000000e+01,2.000070868135302993e-01
5.977083333333332860e+01,2.000070822345368371e-01
5.979166666666666430e+01,2.000070775300019643e-01
5.981250000000000000e+01,2.000070726982809688e-01
5.983333333333332860e+01,2.000070677378228412e-01
5.985416666666666430e+01,2.000070626471714963e-01
5.987500000000000000e+01,2.000070574249666888e-01
5.989583333333332860e+01,2.000070520699453180e-01
5.991666666666666430e+01,2.000070465809422882e-01
5.993750000000000000e+01,2.000070409568914520e-01
5.995833333333332860e+01,2.000070351968266658e-01
5.997916666666666430e+01,2.000070292998822330e-01
