0.000000000000000000e+00,-1.515940409683426333e+04
2.083333333333333218e-02,3.960627019105086947e+04
4.166666666666666435e-02,3.997078191863829852e+04
6.250000000000000000e-02,4.051822407141680742e+04
8.333333333333332871e-02,4.152912048057217180e+04
1.041666666666666574e-01,4.312369240939157316e+04
1.250000000000000000e-01,4.461603739591221529e+04
1.458333333333333148e-01,4.583438617256283032e+04
1.666666666666666574e-01,4.670244445533409453e+04
1.875000000000000000e-01,4.719893145708480733e+04
2.083333333333333148e-01,4.734863201052085788e+04
2.291666666666666574e-01,4.721036020272564929e+04
2.500000000000000000e-01,4.686154703968463582e+04
2.708333333333333148e-01,4.638311905087240302e+04
2.916666666666666297e-01,4.584760631276926142e+04
3.125000000000000000e-01,4.531171694744466367e+04
3.333333333333333148e-01,4.481328682567522628e+04
3.541666666666666297e-01,4.437187730798589473e+04
3.750000000000000000e-01,4.399189618516968039e+04
3.958333333333333148e-01,4.366716417814611486e+04
4.166666666666666297e-01,4.338592782569956762e+04
4.375000000000000000e-01,4.313511975607853674e+04
4.583333333333333148e-01,4.290313595860834903e+04
4.791666666666666297e-01,4.268105221342394361e+04
5.000000000000000000e-01,4.246267163379411068e+04
5.208333333333332593e-01,4.224397781515111274e+04
5.416666666666666297e-01,4.202249911502437317e+04
5.625000000000000000e-01,4.179688796675068443e+04
5.833333333333332593e-01,4.156680259680419840e+04
6.041666666666666297e-01,4.133301946751821379e+04
6.250000000000000000e-01,4.109762747407553252e+04
6.458333333333332593e-01,4.086414879162918805e+04
6.666666666666666297e-01,4.063747257420617098e+04
6.875000000000000000e-01,4.042355383246654674e+04
7.083333333333332593e-01,4.022889791274678282e+04
7.291666666666666297e-01,4.005990388419177179e+04
7.500000000000000000e-01,3.992216992869775277e+04
7.708333333333332593e-01,3.981986902389224269e+04
7.916666666666666297e-01,3.975528658231941517e+04
8.125000000000000000e-01,3.972857924069050205e+04
8.333333333333332593e-01,3.973777379779956391e+04
8.541666666666666297e-01,3.977898616277588735e+04
8.750000000000000000e-01,3.984680970920450636e+04
8.958333333333332593e-01,3.993480537426055525e+04
9.166666666666666297e-01,4.003602309900111868e+04
9.375000000000000000e-01,4.014349288809080463e+04
9.583333333333332593e-01,4.025063870203380066e+04
9.791666666666666297e-01,4.035158490033684211e+04
1.000000000000000000e+00,4.044134052732317650e+04
1.020833333333333259e+00,4.051586075831690687e+04
1.041666666666666519e+00,4.057199795645865379e+04
1.062500000000000000e+00,4.060736828913618956e+04
1.083333333333333259e+00,4.062017435156869760e+04
1.104166666666666519e+00,4.060903827538302721e+04
1.125000000000000000e+00,4.057290871898584010e+04
1.145833333333333259e+00,4.051110123612287862e+04
1.166666666666666519e+00,4.042350641370430094e+04
1.187500000000000000e+00,4.031095024761517561e+04
1.208333333333333259e+00,4.017562489913240279e+04
1.229166666666666519e+00,4.002144976750425849e+04
1.250000000000000000e+00,3.985420704479938286e+04
1.270833333333333259e+00,3.968134725364590849e+04
1.291666666666666519e+00,3.951147077790038747e+04
1.312500000000000000e+00,3.935361406466805056e+04
1.333333333333333259e+00,3.921654078212996683e+04
1.354166666666666519e+00,3.910821967184064852e+04
1.375000000000000000e+00,3.903557371799046086e+04
1.395833333333333259e+00,3.900446267567649920e+04
1.416666666666666519e+00,3.901977132827222522e+04
1.437500000000000000e+00,3.908544863528617134e+04
1.458333333333333259e+00,3.920437012145887275e+04
1.479166666666666519e+00,3.936908405255006073e+04
1.500000000000000000e+00,3.958770331105323567e+04
1.520833333333333259e+00,3.985945785277544928e+04
1.541666666666666519e+00,4.017613909924340260e+04
1.562500000000000000e+00,4.052514062325377745e+04
1.583333333333333259e+00,4.088931152374716476e+04
1.604166666666666519e+00,4.124765599837704940e+04
1.625000000000000000e+00,4.157697173030543490e+04
1.645833333333333259e+00,4.185430979603932792e+04
1.666666666666666519e+00,4.205994832592961029e+04
1.687500000000000000e+00,4.218040974569012178e+04
1.708333333333333259e+00,4.221089562933145498e+04
1.729166666666666519e+00,4.215643896153548121e+04
1.750000000000000000e+00,4.203126125119201606e+04
1.770833333333333259e+00,4.185634909423495992e+04
1.791666666666666519e+00,4.165590055844641029e+04
1.812500000000000000e+00,4.145362970342438348e+04
1.833333333333333259e+00,4.126976642262368841e+04
1.854166666666666519e+00,4.111914178441498370e+04
1.875000000000000000e+00,4.101034407051285234e+04
1.895833333333333259e+00,4.094574202308876556e+04
1.916666666666666519e+00,4.092215556038486102e+04
1.937500000000000000e+00,4.093199010287354031e+04
1.958333333333333259e+00,4.096466668435317115e+04
1.979166666666666519e+00,4.100817333792280988e+04
2.000000000000000000e+00,4.105056109859202115e+04
2.020833333333333037e+00,4.622615333977979026e+04
2.041666666666666519e+00,4.405297279218741460e+04
2.062500000000000000e+00,4.289697575201155996e+04
2.083333333333333037e+00,4.242209168788389070e+04
2.104166666666666519e+00,4.238999138054392097e+04
2.125000000000000000e+00,4.265355979678867880e+04
2.145833333333333037e+00,4.311742639306688216e+04
2.166666666666666519e+00,4.373971912541216443e+04
2.187500000000000000e+00,4.450694301765310229e+04
2.208333333333333037e+00,4.540931557793416869e+04
2.229166666666666519e+00,4.642615979198712012e+04
2.250000000000000000e+00,4.752039212893487274e+04
2.270833333333333037e+00,4.852929679519982892e+04
2.291666666666666519e+00,4.708142790419296944e+04
2.312500000000000000e+00,4.586506670855639095e+04
2.333333333333333037e+00,4.490699291880687088e+04
2.354166666666666519e+00,4.422662764071350830e+04
2.375000000000000000e+00,4.384217043412134808e+04
2.395833333333333037e+00,4.375173490544177184e+04
2.416666666666666519e+00,4.391911248821709160e+04
2.437500000000000000e+00,4.426918598700061557e+04
2.458333333333333037e+00,4.469535845582045295e+04
2.479166666666666519e+00,4.507859668460495595e+04
2.500000000000000000e+00,4.531449594638961571e+04
2.520833333333333037e+00,4.531676061217972892e+04
2.541666666666666519e+00,4.506356576314178528e+04
2.562500000000000000e+00,4.463802759776547464e+04
2.583333333333333037e+00,4.417556615185164264e+04
2.604166666666666519e+00,4.379121324698549142e+04
2.625000000000000000e+00,4.353152172945710481e+04
2.645833333333333037e+00,4.336524342682542192e+04
2.666666666666666519e+00,4.321671362661075545e+04
2.687500000000000000e+00,4.299576478543807025e+04
2.708333333333333037e+00,4.263832907336107019e+04
2.729166666666666519e+00,4.214281337592289492e+04
2.750000000000000000e+00,4.157697127201464900e+04
2.770833333333333037e+00,4.105740667589008808e+04
2.791666666666666519e+00,4.071378134618382319e+04
2.812500000000000000e+00,4.065187348136863147e+04
2.833333333333333037e+00,4.092715501922368276e+04
2.854166666666666519e+00,4.153469193949518376e+04
2.875000000000000000e+00,4.241430835284572822e+04
2.895833333333333037e+00,4.346569531288047438e+04
2.916666666666666519e+00,4.456631400087633665e+04
2.937500000000000000e+00,4.558787936513231398e+04
2.958333333333333037e+00,4.641184239063437417e+04
2.979166666666666519e+00,4.694530612819451198e+04
3.000000000000000000e+00,4.713682668629482214e+04
3.020833333333333037e+00,4.698792721505117515e+04
3.041666666666666519e+00,4.651243428195964225e+04
3.062500000000000000e+00,4.577899180561137473e+04
3.083333333333333037e+00,4.492372643134330428e+04
3.104166666666666519e+00,4.406676724878016830e+04
3.125000000000000000e+00,4.326802620270605257e+04
3.145833333333333037e+00,4.254124817041986535e+04
3.166666666666666519e+00,4.185516790184332785e+04
3.187500000000000000e+00,4.116120965686473210e+04
3.208333333333333037e+00,4.042690677270419110e+04
3.229166666666666519e+00,3.964754003893247864e+04
3.250000000000000000e+00,3.885237373082264094e+04
3.270833333333333037e+00,3.811085825538117206e+04
3.291666666666666519e+00,3.753223517520121823e+04
3.312500000000000000e+00,3.725298025058581698e+04
3.333333333333333037e+00,3.741326300224414445e+04
3.354166666666666519e+00,3.812838302832948830e+04
3.375000000000000000e+00,3.946214919929378084e+04
3.395833333333333037e+00,4.140859425176101649e+04
3.416666666666666519e+00,4.388525299546690803e+04
3.437500000000000000e+00,4.673696287310158368e+04
3.458333333333333037e+00,4.974841226641265530e+04
3.479166666666666519e+00,5.242800000000000000e+04
3.500000000000000000e+00,5.242800000000000000e+04
3.520833333333333037e+00,5.242800000000000000e+04
3.541666666666666519e+00,5.242800000000000000e+04
3.562500000000000000e+00,5.242800000000000000e+04
3.583333333333333037e+00,5.242800000000000000e+04
3.604166666666666519e+00,5.242800000000000000e+04
3.625000000000000000e+00,5.242800000000000000e+04
3.645833333333333037e+00,5.242800000000000000e+04
3.666666666666666519e+00,5.242800000000000000e+04
3.687500000000000000e+00,5.242800000000000000e+04
3.708333333333333037e+00,5.135708904097537015e+04
3.729166666666666519e+00,4.835644267597895669e+04
3.750000000000000000e+00,4.638874927451003896e+04
3.770833333333333037e+00,4.530129874340129027e+04
3.791666666666666519e+00,4.493727255625424732e+04
3.812500000000000000e+00,4.519478752943567088e+04
3.833333333333333037e+00,4.601829975901231956e+04
3.854166666666666519e+00,4.736290986551771493e+04
3.875000000000000000e+00,4.917215931813194766e+04
3.895833333333333037e+00,5.126205437595248804e+04
3.916666666666666519e+00,5.242800000000000000e+04
3.937500000000000000e+00,5.242800000000000000e+04
3.958333333333333037e+00,5.242800000000000000e+04
3.979166666666666519e+00,5.242800000000000000e+04
4.000000000000000000e+00,5.242800000000000000e+04
4.020833333333333037e+00,5.242800000000000000e+04
4.041666666666666075e+00,5.109974536221560993e+04
4.062500000000000000e+00,4.865397009384584089e+04
4.083333333333333037e+00,4.710533926539994718e+04
4.104166666666666075e+00,4.675742717171632830e+04
4.125000000000000000e+00,4.715966887772960763e+04
4.145833333333333037e+00,4.793406860675838107e+04
4.166666666666666075e+00,4.913622592397601693e+04
4.187500000000000000e+00,5.082100207821005461e+04
4.208333333333333037e+00,5.242800000000000000e+04
4.229166666666666075e+00,5.242800000000000000e+04
4.250000000000000000e+00,5.242800000000000000e+04
4.270833333333333037e+00,5.242800000000000000e+04
4.291666666666666075e+00,5.242800000000000000e+04
4.312500000000000000e+00,5.242800000000000000e+04
4.333333333333333037e+00,5.242800000000000000e+04
4.354166666666666075e+00,5.242800000000000000e+04
4.375000000000000000e+00,5.242800000000000000e+04
4.395833333333333037e+00,5.242800000000000000e+04
4.416666666666666075e+00,5.242800000000000000e+04
4.437500000000000000e+00,5.242800000000000000e+04
4.458333333333333037e+00,5.242800000000000000e+04
4.479166666666666075e+00,5.242800000000000000e+04
4.500000000000000000e+00,5.242800000000000000e+04
4.520833333333333037e+00,5.185779551527965668e+04
4.541666666666666075e+00,4.991688602476273809e+04
4.562500000000000000e+00,4.844844887741556886e+04
4.583333333333333037e+00,4.746891046805498627e+04
4.604166666666666075e+00,4.698767609789050039e+04
4.625000000000000000e+00,4.698990282135897723e+04
4.645833333333333037e+00,4.745326991545998317e+04
4.666666666666666075e+00,4.835059528399903502e+04
4.687500000000000000e+00,4.963351118561121984e+04
4.708333333333333037e+00,5.242800000000000000e+04
4.729166666666666075e+00,5.242800000000000000e+04
4.750000000000000000e+00,5.242800000000000000e+04
4.770833333333333037e+00,5.242800000000000000e+04
4.791666666666666075e+00,5.242800000000000000e+04
4.812500000000000000e+00,5.242800000000000000e+04
4.833333333333333037e+00,5.242800000000000000e+04
4.854166666666666075e+00,5.242800000000000000e+04
4.875000000000000000e+00,5.242800000000000000e+04
4.895833333333333037e+00,5.242800000000000000e+04
4.916666666666666075e+00,5.242800000000000000e+04
4.937500000000000000e+00,5.242800000000000000e+04
4.958333333333333037e+00,5.242800000000000000e+04
4.979166666666666075e+00,5.242800000000000000e+04
5.000000000000000000e+00,5.242800000000000000e+04
5.020833333333333037e+00,5.242800000000000000e+04
5.041666666666666075e+00,5.242800000000000000e+04
5.062500000000000000e+00,5.242800000000000000e+04
5.083333333333333037e+00,5.081029463879380637e+04
5.104166666666666075e+00,4.852235303153099812e+04
5.125000000000000000e+00,4.729503473870817106e+04
5.145833333333333037e+00,4.744753554838183481e+04
5.166666666666666075e+00,4.904370457163884566e+04
5.187500000000000000e+00,5.182565644079699996e+04
5.208333333333333037e+00,5.242800000000000000e+04
5.229166666666666075e+00,5.242800000000000000e+04
5.250000000000000000e+00,5.242800000000000000e+04
5.270833333333333037e+00,5.242800000000000000e+04
5.291666666666666075e+00,5.242800000000000000e+04
5.312500000000000000e+00,5.242800000000000000e+04
5.333333333333333037e+00,5.242800000000000000e+04
5.354166666666666075e+00,5.242800000000000000e+04
5.375000000000000000e+00,5.242800000000000000e+04
5.395833333333333037e+00,5.242800000000000000e+04
5.416666666666666075e+00,5.242800000000000000e+04
5.437500000000000000e+00,5.242800000000000000e+04
5.458333333333333037e+00,4.648600757905318460e+04
5.479166666666666075e+00,4.251736844074295368e+04
5.500000000000000000e+00,4.293461974861626368e+04
5.520833333333333037e+00,3.687751842209493043e+04
5.541666666666666075e+00,3.719852513283603912e+04
5.562500000000000000e+00,3.750741000844820519e+04
5.583333333333333037e+00,3.787845019506967219e+04
5.604166666666666075e+00,3.828634608436082635e+04
5.625000000000000000e+00,3.869551818467184785e+04
5.645833333333333037e+00,3.981978350520897948e+04
5.666666666666666075e+00,4.107591214377667347e+04
5.687500000000000000e+00,4.207905561518575996e+04
5.708333333333333037e+00,4.276227247811781126e+04
5.729166666666666075e+00,4.313144019118462893e+04
5.750000000000000000e+00,4.323071954762507085e+04
5.770833333333333037e+00,4.312587585248202231e+04
5.791666666666666075e+00,4.288961116472136200e+04
5.812500000000000000e+00,4.258980046730295726e+04
5.833333333333333037e+00,4.228178135594022751e+04
5.854166666666666075e+00,4.200470026641464938e+04
5.875000000000000000e+00,4.178118586556160153e+04
5.895833333333333037e+00,4.161937036579155392e+04
5.916666666666666075e+00,4.151626990171930083e+04
5.937500000000000000e+00,4.146154870144961751e+04
5.958333333333333037e+00,4.144101666898018448e+04
5.979166666666666075e+00,4.143949615450119018e+04
6.000000000000000000e+00,4.144281825175100676e+04
6.020833333333333037e+00,4.143899257982845302e+04
6.041666666666666075e+00,4.141877594023184793e+04
6.062500000000000000e+00,4.137589494965289487e+04
6.083333333333333037e+00,4.130710763572157884e+04
6.104166666666666075e+00,4.121218229409917694e+04
6.125000000000000000e+00,4.109378227028752008e+04
6.145833333333333037e+00,4.095720119123622862e+04
6.166666666666666075e+00,4.080989767601065250e+04
6.187500000000000000e+00,4.066082032594066550e+04
6.208333333333333037e+00,4.051956767412158661e+04
6.229166666666666075e+00,4.039546825824427651e+04
6.250000000000000000e+00,4.029668821503168147e+04
6.270833333333333037e+00,4.022947453348040290e+04
6.291666666666666075e+00,4.019762016498440789e+04
6.312500000000000000e+00,4.020220048264418438e+04
6.333333333333333037e+00,4.024158979085990723e+04
6.354166666666666075e+00,4.031173097730510926e+04
6.375000000000000000e+00,4.040660706738189037e+04
6.395833333333333037e+00,4.051885262935593346e+04
6.416666666666666075e+00,4.064044262620768131e+04
6.437500000000000000e+00,4.076339949232697109e+04
6.458333333333333037e+00,4.088046501159958279e+04
6.479166666666666075e+00,4.098569172543442255e+04
6.500000000000000000e+00,4.107491597753819951e+04
6.520833333333333037e+00,4.114608151385188830e+04
6.541666666666666075e+00,4.119938992547181988e+04
6.562500000000000000e+00,4.123726207284217526e+04
6.583333333333333037e+00,4.126410154120215884e+04
6.604166666666666075e+00,4.128585455484857084e+04
6.625000000000000000e+00,4.130935741616216546e+04
6.645833333333333037e+00,4.134145032348173117e+04
6.666666666666666075e+00,4.138781874038038222e+04
6.687500000000000000e+00,4.145151801549438824e+04
6.708333333333333037e+00,4.153118869158625603e+04
6.729166666666666075e+00,4.161915868128946022e+04
6.750000000000000000e+00,4.170003480278340430e+04
6.770833333333333037e+00,4.175095253839368524e+04
6.791666666666666075e+00,4.174494492056901800e+04
6.812500000000000000e+00,4.165807365280413796e+04
6.833333333333333037e+00,4.147858846969103615e+04
6.854166666666666075e+00,4.121373795658433664e+04
6.875000000000000000e+00,4.088975462201743358e+04
6.895833333333333037e+00,4.054420157401454344e+04
6.916666666666666075e+00,4.021462743305164622e+04
6.937500000000000000e+00,3.992931414370284620e+04
6.958333333333333037e+00,3.970374099449193454e+04
6.979166666666666075e+00,3.954258187307537446e+04
7.000000000000000000e+00,3.944448483843093709e+04
7.020833333333333037e+00,3.940661055540422967e+04
7.041666666666666075e+00,3.942715638475821470e+04
7.062500000000000000e+00,3.950558724772735877e+04
7.083333333333333037e+00,3.964126534946209722e+04
7.104166666666666075e+00,3.983149563002811192e+04
7.125000000000000000e+00,4.006987933193160279e+04
7.145833333333333037e+00,4.034553229399260454e+04
7.166666666666666075e+00,4.064335340507657384e+04
7.187500000000000000e+00,4.094522633549885359e+04
7.208333333333333037e+00,4.123184903908644628e+04
7.229166666666666075e+00,4.148481173224766826e+04
7.250000000000000000e+00,4.168856073786702473e+04
7.270833333333333037e+00,4.183195974320969981e+04
7.291666666666666075e+00,4.190926153403345234e+04
7.312500000000000000e+00,4.192040996308968897e+04
7.333333333333333037e+00,4.187068979024809960e+04
7.354166666666666075e+00,4.176982289594830945e+04
7.375000000000000000e+00,4.163066822168530780e+04
7.395833333333333037e+00,4.146771643342631432e+04
7.416666666666666075e+00,4.129557709683809662e+04
7.437500000000000000e+00,4.112763650687526388e+04
7.458333333333333037e+00,4.097502189219144930e+04
7.479166666666666075e+00,4.084595027771581226e+04
7.500000000000000000e+00,4.074547845863695693e+04
7.520833333333333037e+00,4.690671633657503844e+04
7.541666666666666075e+00,4.478044964960322977e+04
7.562500000000000000e+00,4.309363969035784976e+04
7.583333333333333037e+00,4.235146719340018899e+04
7.604166666666666075e+00,4.232169604489630001e+04
7.625000000000000000e+00,4.279980616071505938e+04
7.645833333333333037e+00,4.366273023310073768e+04
7.666666666666666075e+00,4.482456645762271364e+04
7.687500000000000000e+00,4.620466796881964547e+04
7.708333333333333037e+00,4.747652876835683128e+04
7.729166666666666075e+00,4.901279309532417392e+04
7.750000000000000000e+00,5.074184844809671631e+04
7.770833333333333037e+00,5.207824526647829043e+04
7.791666666666666075e+00,5.232045539666500554e+04
7.812500000000000000e+00,5.061580100524760201e+04
7.833333333333333037e+00,4.865950369995611254e+04
7.854166666666666075e+00,4.644078498776444758e+04
7.875000000000000000e+00,4.409035846251375187e+04
7.895833333333333037e+00,4.190319448560937599e+04
7.916666666666666075e+00,4.031225536880542495e+04
7.937500000000000000e+00,3.955563908568966872e+04
7.958333333333333037e+00,3.944299810043351317e+04
7.979166666666666075e+00,3.996103860291812452e+04
8.000000000000000000e+00,4.058457909118172392e+04
8.020833333333332149e+00,4.167262317500937934e+04
8.041666666666666075e+00,4.278117676339851459e+04
8.062500000000000000e+00,4.382378484358351852e+04
8.083333333333332149e+00,4.481227727625684929e+04
8.104166666666666075e+00,4.580148101917921304e+04
8.125000000000000000e+00,4.681808609967548546e+04
8.145833333333332149e+00,4.667666062451975449e+04
8.166666666666666075e+00,4.647229737439534074e+04
8.187500000000000000e+00,4.562665922170742124e+04
8.208333333333332149e+00,4.510624970290160854e+04
8.229166666666666075e+00,4.493597700109126890e+04
8.250000000000000000e+00,4.512861496984228870e+04
8.270833333333332149e+00,4.568145575801275118e+04
8.291666666666666075e+00,4.656837301296101214e+04
8.312500000000000000e+00,4.680305537454088335e+04
8.333333333333332149e+00,4.559453025030652498e+04
8.354166666666666075e+00,4.454568281155264413e+04
8.375000000000000000e+00,4.379113504613924306e+04
8.395833333333332149e+00,4.329421559360570973e+04
8.416666666666666075e+00,4.294451236107398290e+04
8.437500000000000000e+00,4.259258642841439723e+04
8.458333333333332149e+00,4.211046731430567888e+04
8.479166666666666075e+00,4.143578754328127980e+04
8.500000000000000000e+00,4.058739894375271251e+04
8.520833333333332149e+00,3.987790640441393771e+04
8.541666666666666075e+00,3.994071792121971521e+04
8.562500000000000000e+00,4.021941251001812634e+04
8.583333333333332149e+00,4.061584416310037341e+04
8.604166666666666075e+00,4.089456030392961839e+04
8.625000000000000000e+00,4.072704442085341725e+04
8.645833333333332149e+00,4.023304821578348492e+04
8.666666666666666075e+00,3.983201972362428933e+04
8.687500000000000000e+00,3.902002886575687444e+04
8.708333333333332149e+00,4.034362262565863057e+04
8.729166666666666075e+00,4.198234216913305136e+04
8.750000000000000000e+00,4.266948391127623472e+04
8.770833333333332149e+00,4.179622543320235127e+04
8.791666666666666075e+00,4.128858091956939461e+04
8.812500000000000000e+00,4.132164134185685543e+04
8.833333333333332149e+00,4.102620110343965644e+04
8.854166666666666075e+00,4.119445612616379367e+04
8.875000000000000000e+00,4.231076381167075306e+04
8.895833333333332149e+00,4.438007654569846636e+04
8.916666666666666075e+00,4.723635403493402555e+04
8.937500000000000000e+00,5.059227767027319351e+04
8.958333333333332149e+00,5.242800000000000000e+04
8.979166666666666075e+00,5.242800000000000000e+04
9.000000000000000000e+00,5.242800000000000000e+04
9.020833333333332149e+00,5.242800000000000000e+04
9.041666666666666075e+00,5.242800000000000000e+04
9.062500000000000000e+00,5.242800000000000000e+04
9.083333333333332149e+00,5.242800000000000000e+04
9.104166666666666075e+00,5.242800000000000000e+04
9.125000000000000000e+00,5.242800000000000000e+04
9.145833333333332149e+00,5.242800000000000000e+04
9.166666666666666075e+00,5.242800000000000000e+04
9.187500000000000000e+00,5.242800000000000000e+04
9.208333333333332149e+00,5.242800000000000000e+04
9.229166666666666075e+00,5.242800000000000000e+04
9.250000000000000000e+00,5.242800000000000000e+04
9.270833333333332149e+00,5.242800000000000000e+04
9.291666666666666075e+00,5.242800000000000000e+04
9.312500000000000000e+00,5.242800000000000000e+04
9.333333333333332149e+00,5.242800000000000000e+04
9.354166666666666075e+00,5.242800000000000000e+04
9.375000000000000000e+00,5.242800000000000000e+04
9.395833333333332149e+00,5.242800000000000000e+04
9.416666666666666075e+00,5.242800000000000000e+04
9.437500000000000000e+00,5.242800000000000000e+04
9.458333333333332149e+00,5.242800000000000000e+04
9.479166666666666075e+00,5.242800000000000000e+04
9.500000000000000000e+00,5.242800000000000000e+04
9.520833333333332149e+00,5.242800000000000000e+04
9.541666666666666075e+00,5.242800000000000000e+04
9.562500000000000000e+00,5.242800000000000000e+04
9.583333333333332149e+00,5.242800000000000000e+04
9.604166666666666075e+00,5.242800000000000000e+04
9.625000000000000000e+00,5.242800000000000000e+04
9.645833333333332149e+00,5.242800000000000000e+04
9.666666666666666075e+00,5.242800000000000000e+04
9.687500000000000000e+00,5.170201038555806008e+04
9.708333333333332149e+00,5.121704375364245061e+04
9.729166666666666075e+00,5.113030600483268790e+04
9.750000000000000000e+00,5.098057194242061814e+04
9.770833333333332149e+00,5.072171898925762071e+04
9.791666666666666075e+00,5.030634911936179560e+04
9.812500000000000000e+00,4.970581482763992244e+04
9.833333333333332149e+00,4.893664047752214537e+04
9.854166666666666075e+00,4.808923211602025549e+04
9.875000000000000000e+00,4.734707323755737161e+04
9.895833333333332149e+00,4.697533220124031504e+04
9.916666666666666075e+00,4.725635911028012924e+04
9.937500000000000000e+00,4.837176877657277510e+04
9.958333333333332149e+00,5.027815409770342376e+04
9.979166666666666075e+00,5.242800000000000000e+04
1.000000000000000000e+01,5.242800000000000000e+04
1.002083333333333215e+01,5.242800000000000000e+04
1.004166666666666607e+01,5.242800000000000000e+04
1.006250000000000000e+01,5.242800000000000000e+04
1.008333333333333215e+01,5.242800000000000000e+04
1.010416666666666607e+01,5.242800000000000000e+04
1.012500000000000000e+01,5.242800000000000000e+04
1.014583333333333215e+01,5.242800000000000000e+04
1.016666666666666607e+01,5.242800000000000000e+04
1.018750000000000000e+01,5.242800000000000000e+04
1.020833333333333215e+01,5.242800000000000000e+04
1.022916666666666607e+01,5.242800000000000000e+04
1.025000000000000000e+01,5.242800000000000000e+04
1.027083333333333215e+01,5.242800000000000000e+04
1.029166666666666607e+01,5.242800000000000000e+04
1.031250000000000000e+01,5.242800000000000000e+04
1.033333333333333215e+01,4.108860977428379556e+04
1.035416666666666607e+01,4.145365455650045624e+04
1.037500000000000000e+01,4.196243683192310709e+04
1.039583333333333215e+01,4.254835800063116767e+04
1.041666666666666607e+01,4.386007919309698627e+04
1.043750000000000000e+01,4.539977352851964679e+04
1.045833333333333215e+01,4.668564936640916130e+04
1.047916666666666607e+01,4.760322824022516579e+04
1.050000000000000000e+01,4.812733005998646695e+04
1.052083333333333215e+01,4.828462577778985724e+04
1.054166666666666607e+01,4.813565763935046562e+04
1.056250000000000000e+01,4.775700314644758328e+04
1.058333333333333215e+01,4.722584841810296348e+04
1.060416666666666607e+01,4.660955372000118223e+04
1.062500000000000000e+01,4.596058268300029158e+04
1.064583333333333215e+01,4.531563956937156036e+04
1.066666666666666607e+01,4.469745419369818410e+04
1.068750000000000000e+01,4.411778277094022633e+04
1.070833333333333215e+01,4.358063594545373780e+04
1.072916666666666607e+01,4.308531424847511516e+04
1.075000000000000000e+01,4.262883636068900523e+04
1.077083333333333215e+01,4.220752363645860896e+04
1.079166666666666607e+01,4.181778981431225111e+04
1.081250000000000000e+01,4.145636548814334674e+04
1.083333333333333215e+01,4.112024552822213445e+04
1.085416666666666607e+01,4.080660285508964444e+04
1.087500000000000000e+01,4.051280942899957154e+04
1.089583333333333215e+01,4.023659607978332497e+04
1.091666666666666607e+01,3.997630287335032335e+04
1.093750000000000000e+01,3.973113381353884324e+04
1.095833333333333215e+01,3.950132821962593880e+04
1.097916666666666607e+01,3.928818664491594245e+04
1.100000000000000000e+01,3.909392947556690342e+04
1.102083333333333215e+01,3.892140572197541042e+04
1.104166666666666607e+01,3.877369831302599050e+04
1.106250000000000000e+01,3.865368752110805508e+04
1.108333333333333215e+01,3.856363636475999374e+04
1.110416666666666607e+01,3.848865658944448660e+04
1.112500000000000000e+01,3.842793016120570246e+04
1.114583333333333215e+01,3.840387387576230685e+04
1.116666666666666607e+01,3.841351875611543801e+04
1.118750000000000000e+01,3.845284718984611391e+04
1.120833333333333215e+01,3.851705967956168024e+04
1.122916666666666607e+01,3.860089027170388727e+04
1.125000000000000000e+01,3.869893894267333235e+04
1.127083333333333215e+01,3.880599372475743439e+04
1.129166666666666607e+01,3.891732111777178943e+04
1.131250000000000000e+01,3.902890890587402100e+04
1.133333333333333215e+01,3.913765015806218435e+04
1.135416666666666607e+01,3.924146061881187779e+04
1.137500000000000000e+01,3.933932403297596466e+04
1.139583333333333215e+01,3.943126171024409268e+04
1.141666666666666607e+01,3.951822432064846362e+04
1.143750000000000000e+01,3.960190575747888943e+04
1.145833333333333215e+01,3.968448086916185275e+04
1.147916666666666607e+01,3.976827087294296507e+04
1.150000000000000000e+01,3.985534266546314029e+04
1.152083333333333215e+01,3.994705242738754896e+04
1.154166666666666607e+01,4.004355294435781252e+04
1.156250000000000000e+01,4.014330281873837521e+04
1.158333333333333215e+01,4.024264948696124338e+04
1.160416666666666607e+01,4.033560755037843046e+04
1.162500000000000000e+01,4.041400660646709002e+04
1.164583333333333215e+01,4.046820168697873305e+04
1.166666666666666607e+01,4.048846481852535362e+04
1.168750000000000000e+01,4.046695856675376126e+04
1.170833333333333215e+01,4.039986145363887772e+04
1.172916666666666607e+01,4.028893447412583919e+04
1.175000000000000000e+01,4.014182881537330104e+04
1.177083333333333215e+01,3.997086095883062808e+04
1.179166666666666607e+01,3.979064993027872697e+04
1.181250000000000000e+01,3.961551816484615119e+04
1.183333333333333215e+01,3.945757666987132689e+04
1.185416666666666607e+01,3.932596521417218901e+04
1.187500000000000000e+01,3.922712120467596105e+04
1.189583333333333215e+01,3.916550672014928568e+04
1.191666666666666607e+01,3.914201869312796043e+04
1.193750000000000000e+01,3.916180768580746371e+04
1.195833333333333215e+01,3.922616736723922804e+04
1.197916666666666607e+01,3.933455442054853484e+04
1.200000000000000000e+01,3.948387990557534795e+04
1.202083333333333215e+01,3.966838149111671373e+04
1.204166666666666607e+01,3.987974469978586421e+04
1.206250000000000000e+01,4.010753099781097262e+04
1.208333333333333215e+01,4.033990378116155625e+04
1.210416666666666607e+01,4.056457319600245683e+04
1.212500000000000000e+01,4.076983657817445783e+04
1.214583333333333215e+01,4.094557786631015915e+04
1.216666666666666607e+01,4.108410240249686467e+04
1.218750000000000000e+01,4.118071426014598546e+04
1.220833333333333215e+01,4.123398230021936615e+04
1.222916666666666607e+01,4.124555120109269046e+04
1.225000000000000000e+01,4.121964500115305418e+04
1.227083333333333215e+01,4.116327577183525136e+04
1.229166666666666607e+01,4.108497893768223003e+04
1.231250000000000000e+01,4.099389169719967322e+04
1.233333333333333215e+01,4.718773124133715464e+04
1.235416666666666607e+01,4.501186790473529254e+04
1.237500000000000000e+01,4.342174946748781804e+04
1.239583333333333215e+01,4.251006567232557427e+04
1.241666666666666607e+01,4.231955170398578048e+04
1.243750000000000000e+01,4.266853254305679002e+04
1.245833333333333215e+01,4.342521924562619824e+04
1.247916666666666607e+01,4.449173124341283255e+04
1.250000000000000000e+01,4.577642601514999842e+04
1.252083333333333215e+01,4.718177102974233276e+04
1.254166666666666607e+01,4.860519795163496747e+04
1.256250000000000000e+01,4.994568538162066397e+04
1.258333333333333215e+01,5.110888528761803173e+04
1.260416666666666607e+01,5.200658927068553021e+04
1.262500000000000000e+01,5.242800000000000000e+04
1.264583333333333215e+01,5.242800000000000000e+04
1.266666666666666607e+01,5.050034655202466820e+04
1.268750000000000000e+01,4.809448600288021407e+04
1.270833333333333215e+01,4.570656993751959089e+04
1.272916666666666607e+01,4.348771535088811652e+04
1.275000000000000000e+01,4.163707057903976238e+04
1.277083333333333215e+01,4.034254706769361655e+04
1.279166666666666607e+01,3.970076291698521527e+04
1.281250000000000000e+01,3.968511989728631306e+04
1.283333333333333215e+01,4.016866906995834870e+04
1.285416666666666607e+01,4.097453203294158448e+04
1.287500000000000000e+01,4.192744446807527129e+04
1.289583333333333215e+01,4.289306754149690823e+04
1.291666666666666607e+01,4.380054243027872144e+04
1.293750000000000000e+01,4.464395347060466884e+04
1.295833333333333215e+01,4.503769646441438090e+04
1.297916666666666607e+01,4.439121014440180443e+04
1.300000000000000000e+01,4.389824189773257967e+04
1.302083333333333215e+01,4.358178727106806036e+04
1.304166666666666607e+01,4.340402509894037939e+04
1.306250000000000000e+01,4.333773691565422632e+04
1.308333333333333215e+01,4.339473786974394170e+04
1.310416666666666607e+01,4.362037045855673932e+04
1.312500000000000000e+01,4.404773255684337346e+04
1.314583333333333215e+01,4.468398065075375780e+04
1.316666666666666607e+01,4.551303460661154531e+04
1.318750000000000000e+01,4.649654128505661356e+04
1.320833333333333215e+01,4.757547317890070553e+04
1.322916666666666607e+01,4.867641274851170601e+04
1.325000000000000000e+01,4.970269576557759865e+04
1.327083333333333215e+01,4.955851294100234372e+04
1.329166666666666607e+01,4.854092532965527789e+04
1.331250000000000000e+01,4.583453193407230719e+04
1.333333333333333215e+01,4.286786746738494548e+04
1.335416666666666607e+01,4.104888371834754071e+04
1.337500000000000000e+01,4.085193010309173405e+04
1.339583333333333215e+01,4.150858108508715668e+04
1.341666666666666607e+01,3.997949979838312720e+04
1.343750000000000000e+01,3.763463810005592677e+04
1.345833333333333215e+01,3.517417859457504528e+04
1.347916666666666607e+01,3.250167741657181978e+04
1.350000000000000000e+01,2.977820923656621380e+04
1.352083333333333215e+01,2.727980169560455033e+04
1.354166666666666607e+01,2.527728984613352077e+04
1.356250000000000000e+01,2.400536077410974030e+04
1.358333333333333215e+01,2.364623071759995946e+04
1.360416666666666607e+01,2.430436225996494250e+04
1.362500000000000000e+01,2.598928158123317553e+04
1.364583333333333215e+01,2.862231444610116159e+04
1.366666666666666607e+01,3.206138246047600842e+04
1.368750000000000000e+01,3.612763160344835342e+04
1.370833333333333215e+01,4.062529102869245253e+04
1.372916666666666607e+01,4.535767029211016779e+04
1.375000000000000000e+01,5.030326280770843732e+04
1.377083333333333215e+01,5.242800000000000000e+04
1.379166666666666607e+01,5.242800000000000000e+04
1.381250000000000000e+01,5.242800000000000000e+04
1.383333333333333215e+01,5.242800000000000000e+04
1.385416666666666607e+01,5.242800000000000000e+04
1.387500000000000000e+01,5.242800000000000000e+04
1.389583333333333215e+01,5.242800000000000000e+04
1.391666666666666607e+01,5.242800000000000000e+04
1.393750000000000000e+01,5.242800000000000000e+04
1.395833333333333215e+01,5.242800000000000000e+04
1.397916666666666607e+01,5.242800000000000000e+04
1.400000000000000000e+01,5.242800000000000000e+04
1.402083333333333215e+01,5.242800000000000000e+04
1.404166666666666607e+01,5.242800000000000000e+04
1.406250000000000000e+01,5.242800000000000000e+04
1.408333333333333215e+01,5.242800000000000000e+04
1.410416666666666607e+01,5.242800000000000000e+04
1.412500000000000000e+01,5.242800000000000000e+04
1.414583333333333215e+01,5.242800000000000000e+04
1.416666666666666607e+01,5.242800000000000000e+04
1.418750000000000000e+01,3.663827148013695842e+04
1.420833333333333215e+01,1.999999999999999636e+04
1.422916666666666607e+01,1.999999999999999636e+04
1.425000000000000000e+01,1.999999999999999636e+04
1.427083333333333215e+01,1.999999999999999636e+04
1.429166666666666607e+01,1.999999999999999636e+04
1.431250000000000000e+01,1.999999999999999636e+04
1.433333333333333215e+01,1.999999999999999636e+04
1.435416666666666607e+01,1.999999999999999636e+04
1.437500000000000000e+01,1.999999999999999636e+04
1.439583333333333215e+01,1.999999999999999636e+04
1.441666666666666607e+01,1.999999999999999636e+04
1.443750000000000000e+01,1.999999999999999636e+04
1.445833333333333215e+01,1.999999999999999636e+04
1.447916666666666607e+01,1.999999999999999636e+04
1.450000000000000000e+01,3.289260482406948722e+04
1.452083333333333215e+01,3.285424582375818136e+04
1.454166666666666607e+01,3.296624893674705527e+04
1.456250000000000000e+01,3.319703894385938474e+04
1.458333333333333215e+01,3.352156752394684008e+04
1.460416666666666607e+01,3.470112874471546093e+04
1.462500000000000000e+01,3.603325218511198182e+04
1.464583333333333215e+01,3.723214104506912554e+04
1.466666666666666607e+01,3.822908458211165271e+04
1.468750000000000000e+01,3.900306122922737268e+04
1.470833333333333215e+01,3.956188606680712110e+04
1.472916666666666607e+01,3.993356383332555561e+04
1.475000000000000000e+01,4.015739372661214293e+04
1.477083333333333215e+01,4.027581960302806692e+04
1.479166666666666607e+01,4.032831809321865148e+04
1.481250000000000000e+01,4.034776292903054855e+04
1.483333333333333215e+01,4.035898898067978007e+04
1.485416666666666607e+01,4.037894705352799792e+04
1.487500000000000000e+01,4.041782196845756698e+04
1.489583333333333215e+01,4.048046209290064144e+04
1.491666666666666607e+01,4.056776268318477378e+04
1.493750000000000000e+01,4.067796612676076620e+04
1.495833333333333215e+01,4.080770141488889931e+04
1.497916666666666607e+01,4.095268619683752331e+04
1.500000000000000000e+01,4.110813374873578869e+04
1.502083333333333215e+01,4.126896925518335047e+04
1.504166666666666607e+01,4.142997712021744519e+04
1.506250000000000000e+01,4.158597785308067978e+04
1.508333333333333215e+01,4.173208317332001752e+04
1.510416666666666607e+01,4.186402222756423726e+04
1.512500000000000000e+01,4.197848963478048972e+04
1.514583333333333215e+01,4.207344719724098832e+04
1.516666666666666607e+01,4.214831412591863773e+04
1.518750000000000000e+01,4.220400240943916288e+04
1.520833333333333215e+01,4.224278845375889068e+04
1.522916666666666607e+01,4.226804646197463444e+04
1.525000000000000000e+01,4.228389393206148088e+04
1.527083333333333215e+01,4.229481260253668006e+04
1.529166666666666607e+01,4.230531007992717787e+04
1.531250000000000000e+01,4.231968108944495907e+04
1.533333333333333215e+01,4.234191687903623097e+04
1.535416666666666607e+01,4.237580115765634400e+04
1.537500000000000000e+01,4.242522445433284156e+04
1.539583333333333215e+01,4.249474573377547495e+04
1.541666666666666607e+01,4.259041960194964486e+04
1.543750000000000000e+01,4.272084779681929649e+04
1.545833333333333215e+01,4.289817859267126187e+04
1.547916666666666607e+01,4.313803529564206838e+04
1.550000000000000000e+01,4.345542648886548704e+04
1.552083333333333215e+01,4.385010573225631379e+04
1.554166666666666607e+01,4.427358079987872770e+04
1.556250000000000000e+01,4.458904160022782162e+04
1.558333333333333215e+01,4.458781701308159973e+04
1.560416666666666607e+01,4.411964078132356371e+04
1.562500000000000000e+01,4.322659965230675880e+04
1.564583333333333215e+01,4.211804266624764568e+04
1.566666666666666607e+01,4.103659738842298248e+04
1.568750000000000000e+01,4.014726035264950042e+04
1.570833333333333215e+01,3.951591703542773030e+04
1.572916666666666607e+01,3.914485667419003585e+04
1.575000000000000000e+01,3.900324291153038212e+04
1.577083333333333215e+01,3.903625757974051521e+04
1.579166666666666607e+01,3.918565701743688987e+04
1.581250000000000000e+01,3.941663090944031137e+04
1.583333333333333215e+01,3.971626893007761100e+04
1.585416666666666607e+01,4.008180687613954069e+04
1.587500000000000000e+01,4.051090104872337542e+04
1.589583333333333215e+01,4.099496796827573417e+04
1.591666666666666607e+01,4.151612996778511297e+04
1.593750000000000000e+01,4.204755485517160560e+04
1.595833333333333215e+01,4.255636425924418290e+04
1.597916666666666607e+01,4.300796505323625024e+04
1.600000000000000000e+01,4.337064817254654190e+04
1.602083333333333215e+01,4.361953304402186041e+04
1.604166666666666430e+01,4.373929785389237077e+04
1.606250000000000000e+01,4.372550275996825803e+04
1.608333333333333215e+01,4.358459165604576265e+04
1.610416666666666430e+01,4.333280466756125679e+04
1.612500000000000000e+01,4.299425000157034810e+04
1.614583333333333215e+01,4.259833800286842597e+04
1.616666666666666430e+01,4.217680084019808419e+04
1.618750000000000000e+01,4.176060341555682680e+04
1.620833333333333215e+01,4.137709723604879400e+04
1.622916666666666430e+01,4.104776284291667980e+04
1.625000000000000000e+01,4.078681584930139798e+04
1.627083333333333215e+01,4.060080905363091733e+04
1.629166666666666430e+01,4.048918279073774465e+04
1.631250000000000000e+01,4.044554146571665478e+04
1.633333333333333215e+01,4.045936906046295917e+04
1.635416666666666430e+01,4.051791059585943731e+04
1.637500000000000000e+01,4.060789005084745440e+04
1.639583333333333215e+01,4.071685060325127415e+04
1.641666666666666430e+01,4.083402086157025042e+04
1.643750000000000000e+01,4.095071299592289870e+04
1.645833333333333215e+01,4.106034152957604965e+04
1.647916666666666430e+01,4.115819879009712895e+04
1.650000000000000000e+01,4.742780513466103730e+04
1.652083333333333215e+01,4.488680496679781209e+04
1.654166666666666430e+01,4.345143277029597812e+04
1.656250000000000000e+01,4.298887166341818374e+04
1.658333333333333215e+01,4.323520847332754056e+04
1.660416666666666430e+01,4.368465151310410874e+04
1.662500000000000000e+01,4.377978008215989394e+04
1.664583333333333215e+01,4.390752147132530808e+04
1.666666666666666430e+01,4.395386945486049081e+04
1.668750000000000000e+01,4.384310571238569537e+04
1.670833333333333215e+01,4.350242163371205970e+04
1.672916666666666430e+01,4.289763026120298309e+04
1.675000000000000000e+01,4.206772120407944021e+04
1.677083333333333215e+01,4.115752582562839962e+04
1.679166666666666430e+01,4.039787703580460948e+04
1.681250000000000000e+01,4.002295659054106363e+04
1.683333333333333215e+01,4.018612955891677120e+04
1.685416666666666430e+01,4.092239461004348414e+04
1.687500000000000000e+01,4.215806256840789865e+04
1.689583333333333215e+01,4.374277240735462692e+04
1.691666666666666430e+01,4.548626807911061042e+04
1.693750000000000000e+01,4.721694217537726945e+04
1.695833333333333215e+01,4.873118747123447974e+04
1.697916666666666430e+01,4.991387372645303549e+04
1.700000000000000000e+01,5.077392742114708381e+04
1.702083333333333215e+01,5.140675783937019150e+04
1.704166666666666430e+01,5.189497666734913946e+04
1.706250000000000000e+01,5.222053761426627170e+04
1.708333333333333215e+01,5.191371741338071297e+04
1.710416666666666430e+01,5.116709894490720762e+04
1.712500000000000000e+01,5.007557239681450301e+04
1.714583333333333215e+01,4.716034012517585506e+04
1.716666666666666430e+01,4.304558282415172289e+04
1.718750000000000000e+01,3.850492380104259064e+04
1.720833333333333215e+01,3.495420824487891514e+04
1.722916666666666430e+01,3.210716782656298165e+04
1.725000000000000000e+01,2.989901378728371128e+04
1.727083333333333215e+01,2.806625448913262153e+04
1.729166666666666430e+01,2.907431976280697563e+04
1.731250000000000000e+01,3.117376860144824968e+04
1.733333333333333215e+01,3.167606984727800591e+04
1.735416666666666430e+01,3.288478994225984934e+04
1.737500000000000000e+01,3.466334111768295406e+04
1.739583333333333215e+01,3.727364024050154694e+04
1.741666666666666430e+01,4.106533304094888445e+04
1.743750000000000000e+01,4.619193497852831933e+04
1.745833333333333215e+01,5.242800000000000000e+04
1.747916666666666430e+01,5.242800000000000000e+04
1.750000000000000000e+01,5.242800000000000000e+04
1.752083333333333215e+01,3.836032899215181533e+04
1.754166666666666430e+01,3.860011985449781787e+04
1.756250000000000000e+01,3.899455446364887757e+04
1.758333333333333215e+01,3.948282499775357428e+04
1.760416666666666430e+01,4.059404491746317217e+04
1.762500000000000000e+01,4.206216393148867064e+04
1.764583333333333215e+01,4.334609723748645774e+04
1.766666666666666430e+01,4.432533830501111515e+04
1.768750000000000000e+01,4.496468931539590267e+04
1.770833333333333215e+01,4.527620564794159873e+04
1.772916666666666430e+01,4.530508962734208762e+04
1.775000000000000000e+01,4.511513451104865089e+04
1.777083333333333215e+01,4.477493863673700253e+04
1.779166666666666430e+01,4.434751621336633980e+04
1.781250000000000000e+01,4.388427618575566885e+04
1.783333333333333215e+01,4.342286084240673517e+04
1.785416666666666430e+01,4.298771494521469140e+04
1.787500000000000000e+01,4.259221359897914954e+04
1.789583333333333215e+01,4.224133997055637883e+04
1.791666666666666430e+01,4.193445816900501814e+04
1.793750000000000000e+01,4.166780522435205057e+04
1.795833333333333215e+01,4.143633704075225251e+04
1.797916666666666430e+01,4.123482368936315470e+04
1.800000000000000000e+01,4.105831015662381105e+04
1.802083333333333215e+01,4.090218216659501195e+04
1.804166666666666430e+01,4.076209445926284388e+04
1.806250000000000000e+01,4.063395328826314653e+04
1.808333333333333215e+01,4.051404087280749081e+04
1.810416666666666430e+01,4.039927164925920806e+04
1.812500000000000000e+01,4.028750616547796380e+04
1.814583333333333215e+01,4.017782404151231458e+04
1.816666666666666430e+01,4.007066707063486683e+04
1.818750000000000000e+01,3.996779927238947857e+04
1.820833333333333215e+01,3.987207676599078695e+04
1.822916666666666430e+01,3.978706116799925803e+04
1.825000000000000000e+01,3.971653815753625531e+04
1.827083333333333215e+01,3.966401547009071510e+04
1.829166666666666430e+01,3.963227246861933236e+04
1.831250000000000000e+01,3.962301939410467457e+04
1.833333333333333215e+01,3.963670263870961207e+04
1.835416666666666430e+01,3.967246775654620433e+04
1.837500000000000000e+01,3.972826908336281485e+04
1.839583333333333215e+01,3.980109743023929332e+04
1.841666666666666430e+01,3.988728736786137597e+04
1.843750000000000000e+01,3.998286321210103051e+04
1.845833333333333215e+01,4.008388613502081716e+04
1.847916666666666430e+01,4.018677089115467243e+04
1.850000000000000000e+01,4.028854682214737841e+04
1.852083333333333215e+01,4.038704243226179096e+04
1.854166666666666430e+01,4.048097507032592694e+04
1.856250000000000000e+01,4.056992713142587309e+04
1.858333333333333215e+01,4.065418876163903769e+04
1.860416666666666430e+01,4.073444663051461976e+04
1.862500000000000000e+01,4.081130323451488948e+04
1.864583333333333215e+01,4.088462899521695363e+04
1.866666666666666430e+01,4.095279181622369651e+04
1.868750000000000000e+01,4.101188887312776933e+04
1.870833333333333215e+01,4.105522590775825665e+04
1.872916666666666430e+01,4.107341687282778730e+04
1.875000000000000000e+01,4.105551277611666592e+04
1.877083333333333215e+01,4.099135937033202936e+04
1.879166666666666430e+01,4.087483469119596703e+04
1.881250000000000000e+01,4.070689755229011644e+04
1.883333333333333215e+01,4.049699274333623907e+04
1.885416666666666430e+01,4.026182383546604251e+04
1.887500000000000000e+01,4.002176195938399178e+04
1.889583333333333215e+01,3.979641065844721015e+04
1.891666666666666430e+01,3.960118971779354615e+04
1.893750000000000000e+01,3.944604778410961444e+04
1.895833333333333215e+01,3.933619842582723504e+04
1.897916666666666430e+01,3.927390877246689342e+04
1.900000000000000000e+01,3.926021505865786457e+04
1.902083333333333215e+01,3.929582844534303149e+04
1.904166666666666430e+01,3.938105226775931078e+04
1.906250000000000000e+01,3.951497180176163238e+04
1.908333333333333215e+01,3.969438892663138540e+04
1.910416666666666430e+01,3.991297227856302925e+04
1.912500000000000000e+01,4.016095093881645880e+04
1.914583333333333215e+01,4.042547990251593001e+04
1.916666666666666430e+01,4.069161817315052031e+04
1.918750000000000000e+01,4.094372842075567314e+04
1.920833333333333215e+01,4.116704521396515338e+04
1.922916666666666430e+01,4.134915933182922890e+04
1.925000000000000000e+01,4.148120953594530147e+04
1.927083333333333215e+01,4.155863969678902504e+04
1.929166666666666430e+01,4.158145213131172204e+04
1.931250000000000000e+01,4.155395766505593201e+04
1.933333333333333215e+01,4.148192959508312197e+04
1.935416666666666430e+01,4.137434599873299885e+04
1.937500000000000000e+01,4.124902078659704421e+04
1.939583333333333215e+01,4.111737747603755997e+04
1.941666666666666430e+01,4.099003907577386417e+04
1.943750000000000000e+01,4.087590631677122292e+04
1.945833333333333215e+01,4.078154881196367933e+04
1.947916666666666430e+01,4.071093126515520271e+04
1.950000000000000000e+01,4.066544947787531419e+04
1.952083333333333215e+01,4.684848298597399116e+04
1.954166666666666430e+01,4.418944165037076164e+04
1.956250000000000000e+01,4.265632755154353072e+04
1.958333333333333215e+01,4.211700863669138926e+04
1.960416666666666430e+01,4.227886441909751738e+04
1.962500000000000000e+01,4.292490544932638295e+04
1.964583333333333215e+01,4.391515468055883684e+04
1.966666666666666430e+01,4.515344537922332529e+04
1.968750000000000000e+01,4.655470337715971982e+04
1.970833333333333215e+01,4.802875599190678622e+04
1.972916666666666430e+01,4.947513300859490118e+04
1.975000000000000000e+01,5.078196904254419496e+04
1.977083333333333215e+01,5.182589634380336065e+04
1.979166666666666430e+01,5.242800000000000000e+04
1.981250000000000000e+01,5.057283069412480108e+04
1.983333333333333215e+01,4.813745156691288867e+04
1.985416666666666430e+01,4.573046475442062365e+04
1.987500000000000000e+01,4.357501361514034943e+04
1.989583333333333215e+01,4.189561184999401303e+04
1.991666666666666430e+01,4.084018724707637739e+04
1.993750000000000000e+01,4.043359646799961047e+04
1.995833333333333215e+01,4.057404812900529942e+04
1.997916666666666430e+01,4.107519985412216192e+04
2.000000000000000000e+01,4.174206564514330239e+04
2.002083333333333215e+01,4.243088628294208320e+04
2.004166666666666430e+01,4.307751294120388775e+04
2.006250000000000000e+01,4.369147907790250611e+04
2.008333333333333215e+01,4.432169686685255874e+04
2.010416666666666430e+01,4.500518334560213407e+04
2.012500000000000000e+01,4.534406794049581367e+04
2.014583333333333215e+01,4.511780201660121384e+04
2.016666666666666430e+01,4.500803868323903589e+04
2.018750000000000000e+01,4.495849463833920890e+04
2.020833333333333215e+01,4.492766805947710236e+04
2.022916666666666430e+01,4.490904397391485691e+04
2.025000000000000000e+01,4.492504297676376154e+04
2.027083333333333215e+01,4.500569169540223083e+04
2.029166666666666430e+01,4.508844828189919645e+04
2.031250000000000000e+01,4.421150360239889415e+04
2.033333333333333215e+01,4.344264903250090720e+04
2.035416666666666430e+01,4.279958510508437757e+04
2.037500000000000000e+01,4.216461232772060612e+04
2.039583333333333215e+01,4.139567277411164832e+04
2.041666666666666430e+01,4.034392050400282460e+04
2.043750000000000000e+01,3.892326561150205816e+04
2.045833333333333215e+01,3.735302881263162271e+04
2.047916666666666430e+01,3.662721137063566857e+04
2.050000000000000000e+01,3.603942372251086636e+04
2.052083333333333215e+01,3.561593787114186853e+04
2.054166666666666430e+01,3.530887853975383041e+04
2.056250000000000000e+01,3.507649636895641743e+04
2.058333333333333215e+01,3.496159800024946162e+04
2.060416666666666430e+01,3.505414799108827719e+04
2.062500000000000000e+01,3.543325265650801884e+04
2.064583333333333215e+01,3.614567447231534607e+04
2.066666666666666430e+01,3.719580240447557298e+04
2.068750000000000000e+01,3.854244385083628003e+04
2.070833333333333215e+01,4.010136674095948547e+04
2.072916666666666430e+01,4.175169023019127781e+04
2.075000000000000000e+01,4.334661337351829570e+04
2.077083333333333215e+01,4.556065771100207348e+04
2.079166666666666430e+01,4.753936027721284336e+04
2.081250000000000000e+01,4.897573300526257663e+04
2.083333333333333215e+01,4.945080001949179132e+04
2.085416666666666430e+01,4.948020526587045606e+04
2.087500000000000000e+01,4.884666672925768216e+04
2.089583333333333215e+01,4.904164188232069864e+04
2.091666666666666430e+01,4.949073839999564370e+04
2.093750000000000000e+01,4.798815303703443351e+04
2.095833333333333215e+01,4.613223240997178800e+04
2.097916666666666430e+01,4.333117640511759237e+04
2.100000000000000000e+01,4.072347364321375062e+04
2.102083333333333215e+01,3.845794792047060037e+04
2.104166666666666430e+01,3.636538873529958801e+04
2.106250000000000000e+01,3.441915530232330639e+04
2.108333333333333215e+01,3.336676878848918568e+04
2.110416666666666430e+01,3.341247420153782150e+04
2.112500000000000000e+01,3.466102609296239825e+04
2.114583333333333215e+01,3.713300034675257484e+04
2.116666666666666430e+01,4.091046433004140272e+04
2.118750000000000000e+01,4.618229019339342631e+04
2.120833333333333215e+01,5.172241914954653475e+04
2.122916666666666430e+01,5.242800000000000000e+04
2.125000000000000000e+01,5.242800000000000000e+04
2.127083333333333215e+01,5.242800000000000000e+04
2.129166666666666430e+01,5.242800000000000000e+04
2.131250000000000000e+01,5.242800000000000000e+04
2.133333333333333215e+01,5.242800000000000000e+04
2.135416666666666430e+01,5.242800000000000000e+04
2.137500000000000000e+01,5.242800000000000000e+04
2.139583333333333215e+01,5.242800000000000000e+04
2.141666666666666430e+01,5.242800000000000000e+04
2.143750000000000000e+01,5.242800000000000000e+04
2.145833333333333215e+01,5.242800000000000000e+04
2.147916666666666430e+01,5.242800000000000000e+04
2.150000000000000000e+01,5.242800000000000000e+04
2.152083333333333215e+01,5.242800000000000000e+04
2.154166666666666430e+01,5.242800000000000000e+04
2.156250000000000000e+01,5.242800000000000000e+04
2.158333333333333215e+01,5.242800000000000000e+04
2.160416666666666430e+01,5.242800000000000000e+04
2.162500000000000000e+01,4.780059289829953923e+04
2.164583333333333215e+01,3.310360287791927112e+04
2.166666666666666430e+01,1.999999999999999636e+04
2.168750000000000000e+01,1.999999999999999636e+04
2.170833333333333215e+01,1.999999999999999636e+04
2.172916666666666430e+01,1.999999999999999636e+04
2.175000000000000000e+01,1.999999999999999636e+04
2.177083333333333215e+01,1.999999999999999636e+04
2.179166666666666430e+01,1.999999999999999636e+04
2.181250000000000000e+01,1.999999999999999636e+04
2.183333333333333215e+01,1.999999999999999636e+04
2.185416666666666430e+01,1.999999999999999636e+04
2.187500000000000000e+01,1.999999999999999636e+04
2.189583333333333215e+01,1.999999999999999636e+04
2.191666666666666430e+01,1.999999999999999636e+04
2.193750000000000000e+01,3.795222615455995401e+04
2.195833333333333215e+01,3.818385701547373174e+04
2.197916666666666430e+01,3.855927919011946506e+04
2.200000000000000000e+01,3.902716845519749768e+04
2.202083333333333215e+01,3.989937863102330448e+04
2.204166666666666430e+01,4.139191462421047618e+04
2.206250000000000000e+01,4.274857866951132019e+04
2.208333333333333215e+01,4.382328603149684204e+04
2.210416666666666430e+01,4.457290104395968956e+04
2.212500000000000000e+01,4.500277223005225096e+04
2.214583333333333215e+01,4.515163934501678159e+04
2.216666666666666430e+01,4.507756436057836981e+04
2.218750000000000000e+01,4.484459490902365360e+04
2.220833333333333215e+01,4.451260908768884110e+04
2.222916666666666430e+01,4.413134410591713095e+04
2.225000000000000000e+01,4.373815737276063010e+04
2.227083333333333215e+01,4.335840498667294742e+04
2.229166666666666430e+01,4.300730285061946779e+04
2.231250000000000000e+01,4.269226944361718051e+04
2.233333333333333215e+01,4.241523888726549922e+04
2.235416666666666430e+01,4.217475204599191056e+04
2.237500000000000000e+01,4.196756057924653578e+04
2.239583333333333215e+01,4.178965080014184787e+04
2.241666666666666430e+01,4.163676903340435092e+04
2.243750000000000000e+01,4.150462528765319439e+04
2.245833333333333215e+01,4.138897077117612935e+04
2.247916666666666430e+01,4.128570017312397977e+04
2.250000000000000000e+01,4.119105172508968099e+04
2.252083333333333215e+01,4.110190095447810018e+04
2.254166666666666430e+01,4.101609042100063380e+04
2.256250000000000000e+01,4.093271476510313369e+04
2.258333333333333215e+01,4.085228825253120158e+04
2.260416666666666430e+01,4.077675339744052326e+04
2.262500000000000000e+01,4.070932898055418627e+04
2.264583333333333215e+01,4.065423102797108731e+04
2.266666666666666430e+01,4.061632426549695811e+04
2.268750000000000000e+01,4.060077102213622857e+04
2.270833333333333215e+01,4.061273783168784576e+04
2.272916666666666430e+01,4.065719450445027178e+04
2.275000000000000000e+01,4.073878908321669587e+04
2.277083333333333215e+01,4.086168792665305227e+04
2.279166666666666430e+01,4.102910189584485488e+04
2.281250000000000000e+01,4.124194130009175569e+04
2.283333333333333215e+01,4.149568490056741575e+04
2.285416666666666430e+01,4.177445019953104202e+04
2.287500000000000000e+01,4.204250746686720959e+04
2.289583333333333215e+01,4.223781787262650323e+04
2.291666666666666430e+01,4.227867476678649837e+04
2.293750000000000000e+01,4.209339044469739747e+04
2.295833333333333215e+01,4.166265446606924525e+04
2.297916666666666430e+01,4.104129712564916554e+04
2.300000000000000000e+01,4.033784667389571405e+04
2.302083333333333215e+01,3.966791069546860672e+04
2.304166666666666430e+01,3.911428394707354164e+04
2.306250000000000000e+01,3.871261592351936997e+04
2.308333333333333215e+01,3.846055307339058345e+04
2.310416666666666430e+01,3.833718896954051888e+04
2.312500000000000000e+01,3.832023189461183210e+04
2.314583333333333215e+01,3.839497384259465616e+04
2.316666666666666430e+01,3.855535442179004167e+04
2.318750000000000000e+01,3.880022110498425900e+04
2.320833333333333215e+01,3.912800244945008308e+04
2.322916666666666430e+01,3.953206877693242859e+04
2.325000000000000000e+01,3.999801300135738711e+04
2.327083333333333215e+01,4.050323410362444702e+04
2.329166666666666430e+01,4.101858937764949951e+04
2.331250000000000000e+01,4.151149828836761299e+04
2.333333333333333215e+01,4.194971778048700071e+04
2.335416666666666430e+01,4.230503328162551770e+04
2.337500000000000000e+01,4.255626882125355041e+04
2.339583333333333215e+01,4.269124924665108119e+04
2.341666666666666430e+01,4.270758369248444797e+04
2.343750000000000000e+01,4.261233333145828510e+04
2.345833333333333215e+01,4.242075364604288916e+04
2.347916666666666430e+01,4.215436272842728067e+04
2.350000000000000000e+01,4.183860141385140741e+04
2.352083333333333215e+01,4.150034342331546941e+04
2.354166666666666430e+01,4.116549868109201634e+04
2.356250000000000000e+01,4.085692829690344661e+04
2.358333333333333215e+01,4.059284792580061185e+04
2.360416666666666430e+01,4.038583481809093792e+04
2.362500000000000000e+01,4.024247734523317922e+04
2.364583333333333215e+01,4.016362725671767839e+04
2.366666666666666430e+01,4.014514827543055435e+04
2.368750000000000000e+01,4.017900564720618422e+04
2.370833333333333215e+01,4.025452172601946222e+04
2.372916666666666430e+01,4.035963765346849686e+04
2.375000000000000000e+01,4.048205736803917534e+04
2.377083333333333215e+01,4.061019551709062944e+04
2.379166666666666430e+01,4.073389553719678952e+04
2.381250000000000000e+01,4.084491946592601016e+04
2.383333333333333215e+01,4.093723199381650193e+04
2.385416666666666430e+01,4.100710769969396642e+04
2.387500000000000000e+01,4.105308660444324050e+04
2.389583333333333215e+01,4.107579612613424979e+04
2.391666666666666430e+01,4.107765397296041920e+04
2.393750000000000000e+01,4.538015602552734344e+04
2.395833333333333215e+01,4.377633647292086243e+04
2.397916666666666430e+01,4.271953152930944634e+04
2.400000000000000000e+01,4.206207095475537062e+04
2.402083333333333215e+01,4.163457491841343290e+04
2.404166666666666430e+01,4.131151354705593258e+04
2.406250000000000000e+01,4.102231822978750279e+04
2.408333333333333215e+01,4.074912426650262933e+04
2.410416666666666430e+01,4.051886510751130845e+04
2.412500000000000000e+01,4.038022567892669758e+04
2.414583333333333215e+01,4.036738719779812527e+04
2.416666666666666430e+01,4.050559304775096825e+04
2.418750000000000000e+01,4.080372792882732028e+04
2.420833333333333215e+01,4.124864368783405371e+04
2.422916666666666430e+01,4.180313049152787426e+04
2.425000000000000000e+01,4.240937590420958441e+04
2.427083333333333215e+01,4.299777826871861907e+04
2.429166666666666430e+01,4.349932395057912800e+04
2.431250000000000000e+01,4.385735964196950226e+04
2.433333333333333215e+01,4.401146780242341629e+04
2.435416666666666430e+01,4.392309019242854265e+04
2.437500000000000000e+01,4.361140094033012429e+04
2.439583333333333215e+01,4.312038747166225221e+04
2.441666666666666430e+01,4.249368757294148963e+04
2.443750000000000000e+01,4.177416594081377116e+04
2.445833333333333215e+01,4.102242424831965764e+04
2.447916666666666430e+01,4.031412481321553787e+04
2.450000000000000000e+01,3.972579848360025062e+04
2.452083333333333215e+01,3.933351922423979704e+04
2.454166666666666430e+01,3.919471881858909910e+04
2.456250000000000000e+01,3.933441532396792900e+04
2.458333333333333215e+01,3.974327877464162884e+04
2.460416666666666430e+01,4.038622675650053134e+04
2.462500000000000000e+01,4.121444974986273883e+04
2.464583333333333215e+01,4.217404350039814017e+04
2.466666666666666430e+01,4.320890929014555877e+04
2.468750000000000000e+01,4.425828979795594933e+04
2.470833333333333215e+01,4.525330876682738744e+04
2.472916666666666430e+01,4.611774523074672470e+04
2.475000000000000000e+01,4.677643716578630119e+04
2.477083333333333215e+01,4.717021219063027820e+04
2.479166666666666430e+01,4.727193399224696623e+04
2.481250000000000000e+01,4.708716823333971843e+04
2.483333333333333215e+01,4.662828501559061988e+04
2.485416666666666430e+01,4.594672661073965719e+04
2.487500000000000000e+01,4.513205003906042839e+04
2.489583333333333215e+01,4.425191789418351254e+04
2.491666666666666430e+01,4.333761013438587543e+04
2.493750000000000000e+01,4.241211029183466599e+04
2.495833333333333215e+01,4.147534801456020068e+04
2.497916666666666430e+01,4.052668293895475654e+04
2.500000000000000000e+01,3.958342730253762420e+04
2.502083333333333215e+01,3.869101680081636732e+04
2.504166666666666430e+01,3.792652024043403071e+04
2.506250000000000000e+01,3.739311240694247681e+04
2.508333333333333215e+01,3.720575137782392994e+04
2.510416666666666430e+01,3.747028270932387386e+04
2.512500000000000000e+01,3.826435899174300721e+04
2.514583333333333215e+01,3.963428678873748140e+04
2.516666666666666430e+01,4.156554021179030678e+04
2.518750000000000000e+01,4.398505064326818683e+04
2.520833333333333215e+01,4.676207031730672315e+04
2.522916666666666430e+01,4.971432105828308704e+04
2.525000000000000000e+01,5.242800000000000000e+04
2.527083333333333215e+01,5.242800000000000000e+04
2.529166666666666430e+01,5.242800000000000000e+04
2.531250000000000000e+01,5.242800000000000000e+04
2.533333333333333215e+01,5.242800000000000000e+04
2.535416666666666430e+01,5.242800000000000000e+04
2.537500000000000000e+01,5.242800000000000000e+04
2.539583333333333215e+01,5.242800000000000000e+04
2.541666666666666430e+01,5.242800000000000000e+04
2.543750000000000000e+01,5.242800000000000000e+04
2.545833333333333215e+01,5.242800000000000000e+04
2.547916666666666430e+01,5.242800000000000000e+04
2.550000000000000000e+01,5.242800000000000000e+04
2.552083333333333215e+01,5.147379524875955394e+04
2.554166666666666430e+01,4.887292514068292803e+04
2.556250000000000000e+01,4.698647335206031858e+04
2.558333333333333215e+01,4.579505121294239507e+04
2.560416666666666430e+01,4.523443210893608193e+04
2.562500000000000000e+01,4.532855715005049569e+04
2.564583333333333215e+01,4.612093905954653746e+04
2.566666666666666430e+01,4.762328396114208590e+04
2.568750000000000000e+01,4.966651326106227498e+04
2.570833333333333215e+01,5.180421590834651579e+04
2.572916666666666430e+01,5.242800000000000000e+04
2.575000000000000000e+01,5.242800000000000000e+04
2.577083333333333215e+01,5.242800000000000000e+04
2.579166666666666430e+01,5.242800000000000000e+04
2.581250000000000000e+01,5.242800000000000000e+04
2.583333333333333215e+01,5.066034371759593341e+04
2.585416666666666430e+01,4.817363839818037377e+04
2.587500000000000000e+01,4.654457413101972634e+04
2.589583333333333215e+01,4.592947673982675042e+04
2.591666666666666430e+01,4.628206501849390042e+04
2.593750000000000000e+01,4.726246956954470807e+04
2.595833333333333215e+01,4.850329128971595492e+04
2.597916666666666430e+01,4.988155876354408247e+04
2.600000000000000000e+01,5.133848449585194612e+04
2.602083333333333215e+01,5.242800000000000000e+04
2.604166666666666430e+01,5.242800000000000000e+04
2.606250000000000000e+01,5.242800000000000000e+04
2.608333333333333215e+01,5.242800000000000000e+04
2.610416666666666430e+01,5.242800000000000000e+04
2.612500000000000000e+01,5.242800000000000000e+04
2.614583333333333215e+01,5.242800000000000000e+04
2.616666666666666430e+01,5.242800000000000000e+04
2.618750000000000000e+01,5.242800000000000000e+04
2.620833333333333215e+01,5.242800000000000000e+04
2.622916666666666430e+01,5.242800000000000000e+04
2.625000000000000000e+01,5.189883140557516890e+04
2.627083333333333215e+01,4.994222596488842828e+04
2.629166666666666430e+01,4.808847953135567514e+04
2.631250000000000000e+01,4.649810724139017839e+04
2.633333333333333215e+01,4.528902105238573131e+04
2.635416666666666430e+01,4.458394305946237000e+04
2.637500000000000000e+01,4.445296510927755298e+04
2.639583333333333215e+01,4.500415533566186787e+04
2.641666666666666430e+01,4.639425551787471341e+04
2.643750000000000000e+01,5.133270693345275504e+04
2.645833333333333215e+01,5.242800000000000000e+04
2.647916666666666430e+01,5.242800000000000000e+04
2.650000000000000000e+01,5.242800000000000000e+04
2.652083333333333215e+01,5.242800000000000000e+04
2.654166666666666430e+01,5.242800000000000000e+04
2.656250000000000000e+01,5.242800000000000000e+04
2.658333333333333215e+01,5.242800000000000000e+04
2.660416666666666430e+01,5.242800000000000000e+04
2.662500000000000000e+01,5.242800000000000000e+04
2.664583333333333215e+01,5.242800000000000000e+04
2.666666666666666430e+01,5.231506699523066345e+04
2.668750000000000000e+01,4.941970392714408808e+04
2.670833333333333215e+01,4.793386514872315456e+04
2.672916666666666430e+01,4.853931426576074591e+04
2.675000000000000000e+01,5.168890840277707321e+04
2.677083333333333215e+01,5.242800000000000000e+04
2.679166666666666430e+01,5.242800000000000000e+04
2.681250000000000000e+01,5.242800000000000000e+04
2.683333333333333215e+01,5.242800000000000000e+04
2.685416666666666430e+01,5.242800000000000000e+04
2.687500000000000000e+01,5.242800000000000000e+04
2.689583333333333215e+01,3.913871367768957134e+04
2.691666666666666430e+01,3.940997683556162519e+04
2.693750000000000000e+01,3.982803138336040138e+04
2.695833333333333215e+01,4.033272434525599238e+04
2.697916666666666430e+01,4.142826873466240068e+04
2.700000000000000000e+01,4.291580088230516412e+04
2.702083333333333215e+01,4.421039232917602203e+04
2.704166666666666430e+01,4.518565621802490205e+04
2.706250000000000000e+01,4.580721235707945016e+04
2.708333333333333215e+01,4.608990448178556107e+04
2.710416666666666430e+01,4.608214714552749501e+04
2.712500000000000000e+01,4.585043680363547901e+04
2.714583333333333215e+01,4.546512796379960491e+04
2.716666666666666430e+01,4.499005595077770704e+04
2.718750000000000000e+01,4.447680767137449584e+04
2.720833333333333215e+01,4.396293801653580886e+04
2.722916666666666430e+01,4.347286161807702592e+04
2.725000000000000000e+01,4.302017421332014055e+04
2.727083333333333215e+01,4.261039021518742084e+04
2.729166666666666430e+01,4.224366281675528444e+04
2.731250000000000000e+01,4.191714943002054497e+04
2.733333333333333215e+01,4.162671768297538802e+04
2.735416666666666430e+01,4.136793482391781436e+04
2.737500000000000000e+01,4.113647864080104773e+04
2.739583333333333215e+01,4.092820602299962047e+04
2.741666666666666430e+01,4.073911634738729481e+04
2.743750000000000000e+01,4.056537663672711642e+04
2.745833333333333215e+01,4.040347662676330219e+04
2.747916666666666430e+01,4.025049402542292228e+04
2.750000000000000000e+01,4.010439644218864123e+04
2.752083333333333215e+01,3.996428968864608760e+04
2.754166666666666430e+01,3.983053512469148700e+04
2.756250000000000000e+01,3.970469338264906401e+04
2.758333333333333215e+01,3.958929409699812823e+04
2.760416666666666430e+01,3.948746720239929709e+04
2.762500000000000000e+01,3.940249458132655127e+04
2.764583333333333215e+01,3.933734998054249445e+04
2.766666666666666430e+01,3.929429132714642037e+04
2.768750000000000000e+01,3.927455574485506077e+04
2.770833333333333215e+01,3.927818763381683675e+04
2.772916666666666430e+01,3.930400841689600202e+04
2.775000000000000000e+01,3.934971692233245267e+04
2.777083333333333215e+01,3.941209482057693822e+04
2.779166666666666430e+01,3.948728355189839931e+04
2.781250000000000000e+01,3.957109774549836584e+04
2.783333333333333215e+01,3.965934376206377783e+04
2.785416666666666430e+01,3.974811805558792548e+04
2.787500000000000000e+01,3.983406635983446176e+04
2.789583333333333215e+01,3.991459033511338930e+04
2.791666666666666430e+01,3.998799278287230118e+04
2.793750000000000000e+01,4.005355580152814946e+04
2.795833333333333215e+01,4.011154880824509746e+04
2.797916666666666430e+01,4.016316578384752938e+04
2.800000000000000000e+01,4.021039371583268803e+04
2.802083333333333215e+01,4.025581688554384164e+04
2.804166666666666430e+01,4.030236387349721190e+04
2.806250000000000000e+01,4.035300532120872231e+04
2.808333333333333215e+01,4.041041022212567623e+04
2.810416666666666430e+01,4.047656721904373262e+04
2.812500000000000000e+01,4.055237688324699411e+04
2.814583333333333215e+01,4.063193521061967476e+04
2.816666666666666430e+01,4.070977471474695631e+04
2.818750000000000000e+01,4.079304192819025775e+04
2.820833333333333215e+01,4.087369926450884668e+04
2.822916666666666430e+01,4.094155901874681149e+04
2.825000000000000000e+01,4.098504112567825359e+04
2.827083333333333215e+01,4.099265989002810238e+04
2.829166666666666430e+01,4.095516943679504766e+04
2.831250000000000000e+01,4.086791506954158831e+04
2.833333333333333215e+01,4.073259417967042100e+04
2.835416666666666430e+01,4.055761089426420949e+04
2.837500000000000000e+01,4.035667918637984258e+04
2.839583333333333215e+01,4.015060777623233298e+04
2.841666666666666430e+01,3.995547498059840291e+04
2.843750000000000000e+01,3.977335230119434709e+04
2.845833333333333215e+01,3.961437177189943031e+04
2.847916666666666430e+01,3.948748937929025124e+04
2.850000000000000000e+01,3.939909866720104765e+04
2.852083333333333215e+01,3.935362517004448455e+04
2.854166666666666430e+01,3.935411481734320841e+04
2.856250000000000000e+01,3.940235845849668112e+04
2.858333333333333215e+01,3.949852907542033063e+04
2.860416666666666430e+01,3.964055245566430676e+04
2.862500000000000000e+01,3.982352325344856945e+04
2.864583333333333215e+01,4.003944002566565177e+04
2.866666666666666430e+01,4.027741582441097125e+04
2.868750000000000000e+01,4.052438114172193309e+04
2.870833333333333215e+01,4.076617693785813026e+04
2.872916666666666430e+01,4.098886083973750647e+04
2.875000000000000000e+01,4.118002428159753617e+04
2.877083333333333215e+01,4.132993441214433551e+04
2.879166666666666430e+01,4.143235822837193700e+04
2.881250000000000000e+01,4.148498365187791933e+04
2.883333333333333215e+01,4.148939072958017641e+04
2.885416666666666430e+01,4.145022448369784252e+04
2.887500000000000000e+01,4.137545867082631594e+04
2.889583333333333215e+01,4.774086346644513833e+04
2.891666666666666430e+01,4.539645852080902841e+04
2.893750000000000000e+01,4.418812936065143731e+04
2.895833333333333215e+01,4.308003185870258312e+04
2.897916666666666430e+01,4.264443025952661992e+04
2.900000000000000000e+01,4.275098939515913662e+04
2.902083333333333215e+01,4.327286182248566183e+04
2.904166666666666430e+01,4.411709758125109511e+04
2.906250000000000000e+01,4.520048490417705034e+04
2.908333333333333215e+01,4.643580108505516546e+04
2.910416666666666430e+01,4.773070859539912635e+04
2.912500000000000000e+01,4.899374607954767998e+04
2.914583333333333215e+01,5.014138856878928345e+04
2.916666666666666430e+01,5.110171849253282562e+04
2.918750000000000000e+01,5.181267129370399198e+04
2.920833333333333215e+01,5.221554530597411213e+04
2.922916666666666430e+01,5.191294690967028873e+04
2.925000000000000000e+01,4.985515235493237560e+04
2.927083333333333215e+01,4.777695698536562122e+04
2.929166666666666430e+01,4.567720280965353595e+04
2.931250000000000000e+01,4.362985591371885675e+04
2.933333333333333215e+01,4.182954384932186076e+04
2.935416666666666430e+01,4.051625000284499401e+04
2.937500000000000000e+01,3.984942180406807893e+04
2.939583333333333215e+01,3.991492289593735040e+04
2.941666666666666430e+01,4.038839862281495152e+04
2.943750000000000000e+01,4.125359592056761176e+04
2.945833333333333215e+01,4.229473240930779866e+04
2.947916666666666430e+01,4.334530937828996684e+04
2.950000000000000000e+01,4.432086802125313989e+04
2.952083333333333215e+01,4.521020646218971524e+04
2.954166666666666430e+01,4.502853606502385082e+04
2.956250000000000000e+01,4.434336877996077965e+04
2.958333333333333215e+01,4.384024319553068926e+04
2.960416666666666430e+01,4.353785761835389712e+04
2.962500000000000000e+01,4.340135032088319713e+04
2.964583333333333215e+01,4.319334490255446872e+04
2.966666666666666430e+01,4.328782447410732857e+04
2.968750000000000000e+01,4.387604418607982370e+04
2.970833333333333215e+01,4.471521859577701980e+04
2.972916666666666430e+01,4.557971345447858766e+04
2.975000000000000000e+01,4.661640102373444824e+04
2.977083333333333215e+01,4.777883364748052554e+04
2.979166666666666430e+01,4.900447871432534885e+04
2.981250000000000000e+01,5.022018296960725274e+04
2.983333333333333215e+01,5.100849574676116026e+04
2.985416666666666430e+01,5.096943279350435478e+04
2.987500000000000000e+01,4.979375626987723081e+04
2.989583333333333215e+01,4.700225310406293283e+04
2.991666666666666430e+01,4.367153434589475364e+04
2.993750000000000000e+01,4.146340142049039423e+04
2.995833333333333215e+01,4.088232329637795920e+04
2.997916666666666430e+01,4.137820896942159743e+04
3.000000000000000000e+01,4.214412207210471388e+04
3.002083333333333215e+01,3.988419922312330891e+04
3.004166666666666430e+01,3.776996870956139901e+04
3.006250000000000000e+01,3.536907571546269901e+04
3.008333333333333215e+01,3.239284104468292571e+04
3.010416666666666430e+01,2.966172088476701538e+04
3.012500000000000000e+01,2.747404859092392871e+04
3.014583333333333215e+01,2.573699993506536703e+04
3.016666666666666430e+01,2.490285123080818084e+04
3.018750000000000000e+01,2.512887850732855804e+04
3.020833333333333215e+01,2.648071104232319703e+04
3.022916666666666430e+01,2.893407601059808439e+04
3.025000000000000000e+01,3.239624628251338436e+04
3.027083333333333215e+01,3.673336373245335562e+04
3.029166666666666430e+01,4.178392319053377287e+04
3.031250000000000000e+01,4.735644369721999828e+04
3.033333333333333215e+01,5.242800000000000000e+04
3.035416666666666430e+01,5.242800000000000000e+04
3.037500000000000000e+01,5.242800000000000000e+04
3.039583333333333215e+01,5.242800000000000000e+04
3.041666666666666430e+01,5.242800000000000000e+04
3.043750000000000000e+01,5.242800000000000000e+04
3.045833333333333215e+01,5.242800000000000000e+04
3.047916666666666430e+01,5.242800000000000000e+04
3.050000000000000000e+01,5.242800000000000000e+04
3.052083333333333215e+01,5.242800000000000000e+04
3.054166666666666430e+01,5.242800000000000000e+04
3.056250000000000000e+01,5.242800000000000000e+04
3.058333333333333215e+01,5.242800000000000000e+04
3.060416666666666430e+01,5.242800000000000000e+04
3.062500000000000000e+01,5.242800000000000000e+04
3.064583333333333215e+01,5.242800000000000000e+04
3.066666666666666430e+01,5.242800000000000000e+04
3.068750000000000000e+01,5.242800000000000000e+04
3.070833333333333215e+01,5.242800000000000000e+04
3.072916666666666430e+01,5.242800000000000000e+04
3.075000000000000000e+01,5.242800000000000000e+04
3.077083333333333215e+01,4.961411251283964521e+04
3.079166666666666430e+01,3.092054002943930027e+04
3.081250000000000000e+01,1.999999999999999636e+04
3.083333333333333215e+01,1.999999999999999636e+04
3.085416666666666430e+01,1.999999999999999636e+04
3.087500000000000000e+01,1.999999999999999636e+04
3.089583333333333215e+01,1.999999999999999636e+04
3.091666666666666430e+01,1.999999999999999636e+04
3.093750000000000000e+01,1.999999999999999636e+04
3.095833333333333215e+01,1.999999999999999636e+04
3.097916666666666430e+01,1.999999999999999636e+04
3.100000000000000000e+01,1.999999999999999636e+04
3.102083333333333215e+01,1.999999999999999636e+04
3.104166666666666430e+01,1.999999999999999636e+04
3.106250000000000000e+01,1.999999999999999636e+04
3.108333333333333215e+01,1.999999999999999636e+04
3.110416666666666430e+01,1.999999999999999636e+04
3.112500000000000000e+01,4.201457201545387943e+04
3.114583333333333215e+01,4.243800871991157328e+04
3.116666666666666430e+01,4.299563949833150400e+04
3.118750000000000000e+01,4.362403285219779355e+04
3.120833333333333215e+01,4.490725252659150283e+04
3.122916666666666430e+01,4.650773486650464474e+04
3.125000000000000000e+01,4.785325868501840887e+04
3.127083333333333215e+01,4.881647361388058198e+04
3.129166666666666430e+01,4.937139858596420527e+04
3.131250000000000000e+01,4.954683775789185165e+04
3.133333333333333215e+01,4.940601188651262055e+04
3.135416666666666430e+01,4.902754828269996506e+04
3.137500000000000000e+01,4.848962536900374107e+04
3.139583333333333215e+01,4.785968868824825040e+04
3.141666666666666430e+01,4.718983445785214280e+04
3.143750000000000000e+01,4.651643587351674796e+04
3.145833333333333215e+01,4.586227561882939335e+04
3.147916666666666430e+01,4.523969063190381712e+04
3.150000000000000000e+01,4.465374365916020179e+04
3.152083333333333215e+01,4.410506670464576746e+04
3.154166666666666430e+01,4.359206270658201538e+04
3.156250000000000000e+01,4.311231056874341448e+04
3.158333333333333215e+01,4.266326620121004089e+04
3.160416666666666430e+01,4.224249018842550868e+04
3.162500000000000000e+01,4.184766065973995137e+04
3.164583333333333215e+01,4.147657362123961502e+04
3.166666666666666430e+01,4.112723566338981618e+04
3.168750000000000000e+01,4.079805981274571968e+04
3.170833333333333215e+01,4.048811188105851033e+04
3.172916666666666430e+01,4.019732829240112915e+04
3.175000000000000000e+01,3.992663288795305562e+04
3.177083333333333215e+01,3.967791012480332574e+04
3.179166666666666430e+01,3.945382978217168420e+04
3.181250000000000000e+01,3.925755084029501450e+04
3.183333333333333215e+01,3.909235372153802018e+04
3.185416666666666430e+01,3.896125923321543087e+04
3.187500000000000000e+01,3.886010788171974855e+04
3.189583333333333215e+01,3.876659726347817923e+04
3.191666666666666430e+01,3.871848398216169153e+04
3.193750000000000000e+01,3.871478189645205566e+04
3.195833333333333215e+01,3.875359502713992697e+04
3.197916666666666430e+01,3.883231602585169458e+04
3.200000000000000000e+01,3.894782979502825765e+04
3.202083333333332860e+01,3.909663360901036503e+04
3.204166666666666430e+01,3.927474118823770550e+04
3.206250000000000000e+01,3.947718901417227607e+04
3.208333333333332860e+01,3.969693280534884252e+04
3.210416666666666430e+01,3.992299119303499901e+04
3.212500000000000000e+01,4.013802669060014887e+04
3.214583333333332860e+01,4.031634052144939051e+04
3.216666666666666430e+01,4.042439352313651762e+04
3.218750000000000000e+01,4.042647743760135199e+04
3.220833333333332860e+01,4.029625857850981265e+04
3.222916666666666430e+01,4.003013488367900572e+04
3.225000000000000000e+01,3.965431877949169575e+04
3.227083333333332860e+01,3.921963245450518298e+04
3.229166666666666430e+01,3.878590398672986339e+04
3.231250000000000000e+01,3.840455355779893580e+04
3.233333333333332860e+01,3.810787935698169895e+04
3.235416666666666430e+01,3.790805273614110774e+04
3.237500000000000000e+01,3.780311361717968248e+04
3.239583333333332860e+01,3.778495326688361820e+04
3.241666666666666430e+01,3.784538174665103725e+04
3.243750000000000000e+01,3.797878687013600575e+04
3.245833333333332860e+01,3.818178622458771133e+04
3.247916666666666430e+01,3.845111846966490702e+04
3.250000000000000000e+01,3.878109082180434780e+04
3.252083333333332860e+01,3.916159436719161749e+04
3.254166666666666430e+01,3.957726880580721627e+04
3.256250000000000000e+01,4.000797399479608430e+04
3.258333333333332860e+01,4.043038355647221033e+04
3.260416666666666430e+01,4.082029986458329222e+04
3.262500000000000000e+01,4.115521054263837141e+04
3.264583333333332860e+01,4.141664350118717994e+04
3.266666666666666430e+01,4.159198913691849884e+04
3.268750000000000000e+01,4.167559771061916399e+04
3.270833333333332860e+01,4.166908927937503904e+04
3.272916666666666430e+01,4.158091318525374663e+04
3.275000000000000000e+01,4.142526251375036372e+04
3.277083333333332860e+01,4.122049526459600747e+04
3.279166666666666430e+01,4.098724793899307406e+04
3.281250000000000000e+01,4.074645107904281031e+04
3.283333333333332860e+01,4.051746283041875722e+04
3.285416666666666430e+01,4.031651655405373458e+04
3.287500000000000000e+01,4.015562988611447508e+04
3.289583333333332860e+01,4.004205299333593575e+04
3.291666666666666430e+01,3.997825689753648476e+04
3.293750000000000000e+01,3.996239271204319084e+04
3.295833333333332860e+01,3.998909970956388861e+04
3.297916666666666430e+01,4.005051323306829727e+04
3.300000000000000000e+01,4.013732564887696935e+04
3.302083333333332860e+01,4.023977816309153422e+04
3.304166666666666430e+01,4.034849897121490358e+04
3.306250000000000000e+01,4.045514454052395013e+04
3.308333333333332860e+01,4.055283715385006508e+04
3.310416666666666430e+01,4.063641711837679031e+04
3.312500000000000000e+01,4.656881545287871268e+04
3.314583333333332860e+01,4.416228926290291565e+04
3.316666666666666430e+01,4.283744463761564839e+04
3.318750000000000000e+01,4.238211862621932960e+04
3.320833333333332860e+01,4.253536936943275214e+04
3.322916666666666430e+01,4.310630638846008515e+04
3.325000000000000000e+01,4.397996958145843382e+04
3.327083333333332860e+01,4.508186343565231073e+04
3.329166666666666430e+01,4.634599412889711675e+04
3.331250000000000000e+01,4.761949552779083024e+04
3.333333333333332860e+01,4.667425651974223729e+04
3.335416666666666430e+01,4.561325117522443179e+04
3.337500000000000000e+01,4.442742091580555280e+04
3.339583333333332860e+01,4.318236206726275850e+04
3.341666666666666430e+01,4.202436628510190349e+04
3.343750000000000000e+01,4.113800145655841334e+04
3.345833333333332860e+01,4.068658382134065323e+04
3.347916666666666430e+01,4.076032568608760630e+04
3.350000000000000000e+01,4.135356742016071075e+04
3.352083333333332860e+01,4.237166108858723601e+04
3.354166666666666430e+01,4.365621051863617322e+04
3.356250000000000000e+01,4.501942843694693875e+04
3.358333333333332860e+01,4.628339893543312064e+04
3.360416666666666430e+01,4.732012349129134964e+04
3.362500000000000000e+01,4.806346994594384887e+04
3.364583333333332860e+01,4.850746947761088813e+04
3.366666666666666430e+01,4.872610656886309880e+04
3.368750000000000000e+01,4.881772988208798779e+04
3.370833333333332860e+01,4.879154890455810528e+04
3.372916666666666430e+01,4.851426203791290754e+04
3.375000000000000000e+01,4.777326247346463060e+04
3.377083333333332860e+01,4.639138391368471639e+04
3.379166666666666430e+01,4.431377913544874173e+04
3.381250000000000000e+01,4.168778095645255235e+04
3.383333333333332860e+01,3.888176153161112597e+04
3.385416666666666430e+01,3.641477175315505883e+04
3.387500000000000000e+01,3.480714858791389270e+04
3.389583333333332860e+01,3.438763767860941880e+04
3.391666666666666430e+01,3.516698622385080671e+04
3.393750000000000000e+01,3.688201250252805767e+04
3.395833333333332860e+01,3.917076929931636550e+04
3.397916666666666430e+01,4.174750446349765843e+04
3.400000000000000000e+01,4.447163352707131708e+04
3.402083333333332860e+01,4.742367765818451880e+04
3.404166666666666430e+01,5.059958966963165585e+04
3.406250000000000000e+01,5.242800000000000000e+04
3.408333333333332860e+01,5.242800000000000000e+04
3.410416666666666430e+01,5.242800000000000000e+04
3.412500000000000000e+01,5.242800000000000000e+04
3.414583333333332860e+01,5.242800000000000000e+04
3.416666666666666430e+01,5.242800000000000000e+04
3.418750000000000000e+01,5.242800000000000000e+04
3.420833333333332860e+01,5.242800000000000000e+04
3.422916666666666430e+01,5.242800000000000000e+04
3.425000000000000000e+01,5.242800000000000000e+04
3.427083333333332860e+01,5.242800000000000000e+04
3.429166666666666430e+01,5.242800000000000000e+04
3.431250000000000000e+01,5.242800000000000000e+04
3.433333333333332860e+01,5.242800000000000000e+04
3.435416666666666430e+01,5.242800000000000000e+04
3.437500000000000000e+01,5.242800000000000000e+04
3.439583333333332860e+01,5.242800000000000000e+04
3.441666666666666430e+01,5.242800000000000000e+04
3.443750000000000000e+01,5.242800000000000000e+04
3.445833333333332860e+01,5.109112437461847003e+04
3.447916666666666430e+01,4.930199523942537780e+04
3.450000000000000000e+01,4.853532851146448229e+04
3.452083333333332860e+01,4.857692186211292574e+04
3.454166666666666430e+01,4.939450209054516745e+04
3.456250000000000000e+01,5.162771708867404959e+04
3.458333333333332860e+01,5.242800000000000000e+04
3.460416666666666430e+01,5.242800000000000000e+04
3.462500000000000000e+01,5.242800000000000000e+04
3.464583333333332860e+01,5.242800000000000000e+04
3.466666666666666430e+01,5.242800000000000000e+04
3.468750000000000000e+01,5.242800000000000000e+04
3.470833333333332860e+01,5.242800000000000000e+04
3.472916666666666430e+01,5.242800000000000000e+04
3.475000000000000000e+01,5.212833216830164747e+04
3.477083333333332860e+01,4.786666017177479807e+04
3.479166666666666430e+01,4.379801682007194177e+04
3.481250000000000000e+01,4.159323932819876063e+04
3.483333333333332860e+01,4.019059813060294982e+04
3.485416666666666430e+01,3.934628952663273958e+04
3.487500000000000000e+01,3.890216627720772522e+04
3.489583333333332860e+01,3.872184261419501854e+04
3.491666666666666430e+01,3.870602506538367743e+04
3.493750000000000000e+01,3.878382309797650669e+04
3.495833333333332860e+01,3.890298352746969613e+04
3.497916666666666430e+01,3.902248679484649620e+04
3.500000000000000000e+01,3.946511787991204619e+04
3.502083333333332860e+01,4.107586290968566027e+04
3.504166666666666430e+01,4.254397798706724279e+04
3.506250000000000000e+01,4.353905989947758644e+04
3.508333333333332860e+01,4.385459568426061742e+04
3.510416666666666430e+01,4.322393767585035675e+04
3.512500000000000000e+01,4.195255087062798702e+04
3.514583333333332860e+01,4.112273275335937797e+04
3.516666666666666430e+01,4.020273841008856107e+04
3.518750000000000000e+01,3.904751809537821828e+04
3.520833333333332860e+01,3.790116935771427961e+04
3.522916666666666430e+01,3.693499383953069628e+04
3.525000000000000000e+01,3.624867117554642027e+04
3.527083333333332860e+01,3.587769974355783779e+04
3.529166666666666430e+01,3.581201295085746096e+04
3.531250000000000000e+01,3.601480035096819483e+04
3.533333333333332860e+01,3.643610553216791595e+04
3.535416666666666430e+01,3.702058304132302146e+04
3.537500000000000000e+01,3.771064934074316261e+04
3.539583333333332860e+01,3.844658498360704107e+04
3.541666666666666430e+01,3.936926149054152484e+04
3.543750000000000000e+01,4.121998424781920039e+04
3.545833333333332860e+01,4.296216645308591251e+04
3.547916666666666430e+01,4.443713505631432781e+04
3.550000000000000000e+01,4.566415500666861772e+04
3.552083333333332860e+01,4.604807306318798510e+04
3.554166666666666430e+01,4.534659504428082437e+04
3.556250000000000000e+01,4.449615139645706222e+04
3.558333333333332860e+01,4.343024524503223074e+04
3.560416666666666430e+01,4.205225892670187750e+04
3.562500000000000000e+01,4.038769802151031035e+04
3.564583333333332860e+01,3.859976833049525158e+04
3.566666666666666430e+01,3.690440046621746296e+04
3.568750000000000000e+01,3.551905504892988392e+04
3.570833333333332860e+01,3.465146783990549011e+04
3.572916666666666430e+01,3.449676966285352682e+04
3.575000000000000000e+01,3.517548518341775343e+04
3.577083333333332860e+01,3.671777482171806332e+04
3.579166666666666430e+01,3.977330633940247208e+04
3.581250000000000000e+01,4.332252373662323225e+04
3.583333333333332860e+01,4.702909590889513493e+04
3.585416666666666430e+01,5.061780074607915594e+04
3.587500000000000000e+01,5.242800000000000000e+04
3.589583333333332860e+01,5.242800000000000000e+04
3.591666666666666430e+01,5.242800000000000000e+04
3.593750000000000000e+01,5.242800000000000000e+04
3.595833333333332860e+01,5.242800000000000000e+04
3.597916666666666430e+01,5.242800000000000000e+04
3.600000000000000000e+01,5.242800000000000000e+04
3.602083333333332860e+01,5.242800000000000000e+04
3.604166666666666430e+01,5.242800000000000000e+04
3.606250000000000000e+01,5.113343236736937251e+04
3.608333333333332860e+01,4.862329001684831746e+04
3.610416666666666430e+01,4.660827687212116871e+04
3.612500000000000000e+01,4.503515925485830667e+04
3.614583333333332860e+01,4.412517919071565848e+04
3.616666666666666430e+01,4.341693977195632760e+04
3.618750000000000000e+01,4.213025977009478811e+04
3.620833333333332860e+01,3.994865965739910462e+04
3.622916666666666430e+01,3.614118605025352008e+04
3.625000000000000000e+01,3.290434667203181016e+04
3.627083333333332860e+01,3.174935195904460124e+04
3.629166666666666430e+01,3.276725360537169763e+04
3.631250000000000000e+01,3.573851742170000216e+04
3.633333333333332860e+01,3.980902098916272371e+04
3.635416666666666430e+01,4.478141687560340506e+04
3.637500000000000000e+01,5.032031753050799307e+04
3.639583333333332860e+01,5.242800000000000000e+04
3.641666666666666430e+01,5.242800000000000000e+04
3.643750000000000000e+01,5.242800000000000000e+04
3.645833333333332860e+01,5.242800000000000000e+04
3.647916666666666430e+01,5.242800000000000000e+04
3.650000000000000000e+01,5.242800000000000000e+04
3.652083333333332860e+01,5.242800000000000000e+04
3.654166666666666430e+01,5.242800000000000000e+04
3.656250000000000000e+01,5.242800000000000000e+04
3.658333333333332860e+01,5.242800000000000000e+04
3.660416666666666430e+01,5.242800000000000000e+04
3.662500000000000000e+01,5.242800000000000000e+04
3.664583333333332860e+01,5.242800000000000000e+04
3.666666666666666430e+01,5.242800000000000000e+04
3.668750000000000000e+01,5.242800000000000000e+04
3.670833333333332860e+01,5.242800000000000000e+04
3.672916666666666430e+01,5.242800000000000000e+04
3.675000000000000000e+01,5.242800000000000000e+04
3.677083333333332860e+01,5.242800000000000000e+04
3.679166666666666430e+01,5.242800000000000000e+04
3.681250000000000000e+01,5.242800000000000000e+04
3.683333333333332860e+01,5.242800000000000000e+04
3.685416666666666430e+01,5.242800000000000000e+04
3.687500000000000000e+01,5.242800000000000000e+04
3.689583333333332860e+01,4.358826961609155114e+04
3.691666666666666430e+01,2.166098262276052992e+04
3.693750000000000000e+01,1.999999999999999636e+04
3.695833333333332860e+01,1.999999999999999636e+04
3.697916666666666430e+01,1.999999999999999636e+04
3.700000000000000000e+01,1.999999999999999636e+04
3.702083333333332860e+01,1.999999999999999636e+04
3.704166666666666430e+01,1.999999999999999636e+04
3.706250000000000000e+01,1.999999999999999636e+04
3.708333333333332860e+01,1.999999999999999636e+04
3.710416666666666430e+01,1.999999999999999636e+04
3.712500000000000000e+01,1.999999999999999636e+04
3.714583333333332860e+01,1.999999999999999636e+04
3.716666666666666430e+01,1.999999999999999636e+04
3.718750000000000000e+01,1.999999999999999636e+04
3.720833333333332860e+01,3.997915123520267662e+04
3.722916666666666430e+01,4.031532155746428180e+04
3.725000000000000000e+01,4.079691082508383988e+04
3.727083333333332860e+01,4.136270706175653322e+04
3.729166666666666430e+01,4.253911472423654777e+04
3.731250000000000000e+01,4.408950043899696902e+04
3.733333333333332860e+01,4.543000714678212535e+04
3.735416666666666430e+01,4.643258734615294816e+04
3.737500000000000000e+01,4.706436579303745384e+04
3.739583333333332860e+01,4.734372733110447007e+04
3.741666666666666430e+01,4.732328679668554105e+04
3.743750000000000000e+01,4.707325900638141320e+04
3.745833333333332860e+01,4.666658374034040025e+04
3.747916666666666430e+01,4.616841648249798891e+04
3.750000000000000000e+01,4.563062569135541708e+04
3.752083333333332860e+01,4.509038947785775235e+04
3.754166666666666430e+01,4.457147032510586723e+04
3.756250000000000000e+01,4.408682434296681458e+04
3.758333333333332860e+01,4.364152017383286875e+04
3.760416666666666430e+01,4.323555064933093672e+04
3.762500000000000000e+01,4.286618645117927372e+04
3.764583333333332860e+01,4.252960572012643388e+04
3.766666666666666430e+01,4.222179332357531530e+04
3.768750000000000000e+01,4.193888657539808628e+04
3.770833333333332860e+01,4.167722073306098901e+04
3.772916666666666430e+01,4.143330644949163980e+04
3.775000000000000000e+01,4.120388658238534117e+04
3.777083333333332860e+01,4.098611749935461557e+04
3.779166666666666430e+01,4.077783811287155550e+04
3.781250000000000000e+01,4.057784603366728697e+04
3.783333333333332860e+01,4.038609285531957721e+04
3.785416666666666430e+01,4.020373206441226648e+04
3.787500000000000000e+01,4.003299245495595096e+04
3.789583333333332860e+01,3.987689105292251770e+04
3.791666666666666430e+01,3.973883099527456216e+04
3.793750000000000000e+01,3.962214747480409278e+04
3.795833333333332860e+01,3.952966860465731588e+04
3.797916666666666430e+01,3.946334995278193674e+04
3.800000000000000000e+01,3.942402502864196140e+04
3.802083333333332860e+01,3.941129329933372355e+04
3.804166666666666430e+01,3.942354646950652386e+04
3.806250000000000000e+01,3.945811624024753837e+04
3.808333333333332860e+01,3.951151486364546872e+04
3.810416666666666430e+01,3.957973437955956615e+04
3.812500000000000000e+01,3.965857082263017946e+04
3.814583333333332860e+01,3.974394396117572614e+04
3.816666666666666430e+01,3.983218885234395566e+04
3.818750000000000000e+01,3.992030095215883921e+04
3.820833333333332860e+01,4.000612077397120447e+04
3.822916666666666430e+01,4.008844667574050982e+04
3.825000000000000000e+01,4.016706527945912967e+04
3.827083333333332860e+01,4.024268860608890100e+04
3.829166666666666430e+01,4.031678562265694200e+04
3.831250000000000000e+01,4.039129402109669900e+04
3.833333333333332860e+01,4.046819687297938799e+04
3.835416666666666430e+01,4.054895158494777570e+04
3.837500000000000000e+01,4.063377263794409373e+04
3.839583333333332860e+01,4.072080799620674952e+04
3.841666666666666430e+01,4.079768231111397472e+04
3.843750000000000000e+01,4.085697136413312546e+04
3.845833333333332860e+01,4.089812636983559059e+04
3.847916666666666430e+01,4.090686582038563938e+04
3.850000000000000000e+01,4.086956706325957930e+04
3.852083333333332860e+01,4.077693713741612009e+04
3.854166666666666430e+01,4.062756304152758821e+04
3.856250000000000000e+01,4.042969749309626059e+04
3.858333333333332860e+01,4.020009788347430003e+04
3.860416666666666430e+01,3.996013836001046002e+04
3.862500000000000000e+01,3.973085712470137514e+04
3.864583333333332860e+01,3.952904020371666411e+04
3.866666666666666430e+01,3.936563712531448255e+04
3.868750000000000000e+01,3.924644830270883540e+04
3.870833333333332860e+01,3.917403640696498042e+04
3.872916666666666430e+01,3.914961851965240203e+04
3.875000000000000000e+01,3.917411533594050707e+04
3.877083333333332860e+01,3.924814466706259554e+04
3.879166666666666430e+01,3.937122460253410100e+04
3.881250000000000000e+01,3.954067737960355589e+04
3.883333333333332860e+01,3.975072318338795594e+04
3.885416666666666430e+01,3.999210684388242225e+04
3.887500000000000000e+01,4.025239792701030819e+04
3.889583333333332860e+01,4.051691536941700906e+04
3.891666666666666430e+01,4.077009305508440593e+04
3.893750000000000000e+01,4.099703659052577859e+04
3.895833333333332860e+01,4.118501753810581431e+04
3.897916666666666430e+01,4.132469217731247772e+04
3.900000000000000000e+01,4.141089776388033351e+04
3.902083333333332860e+01,4.144295358726999984e+04
3.904166666666666430e+01,4.142446539850478439e+04
3.906250000000000000e+01,4.136269314446473436e+04
3.908333333333332860e+01,4.126758934600045905e+04
3.910416666666666430e+01,4.115064597255757690e+04
3.912500000000000000e+01,4.102369901091134670e+04
3.914583333333332860e+01,4.089783119245802663e+04
3.916666666666666430e+01,4.078248626234660333e+04
3.918750000000000000e+01,4.068486776274073782e+04
3.920833333333332860e+01,4.684852522584669350e+04
3.922916666666666430e+01,4.479016718337250495e+04
3.925000000000000000e+01,4.306140487654780736e+04
3.927083333333332860e+01,4.228046639947779477e+04
3.929166666666666430e+01,4.222004926548461663e+04
3.931250000000000000e+01,4.267485715960568632e+04
3.933333333333332860e+01,4.351751641261552140e+04
3.935416666666666430e+01,4.465682720832982886e+04
3.937500000000000000e+01,4.600697348003478692e+04
3.939583333333332860e+01,4.741604496573904908e+04
3.941666666666666430e+01,4.892167371133592678e+04
3.943750000000000000e+01,5.036610246206709417e+04
3.945833333333332860e+01,5.158493243512149638e+04
3.947916666666666430e+01,5.242800000000000000e+04
3.950000000000000000e+01,5.242800000000000000e+04
3.952083333333332860e+01,5.162711993644911854e+04
3.954166666666666430e+01,4.922345823566606850e+04
3.956250000000000000e+01,4.671563495048511686e+04
3.958333333333332860e+01,4.428821584515847644e+04
3.960416666666666430e+01,4.217652719587512547e+04
3.962500000000000000e+01,4.061260088576198177e+04
3.964583333333332860e+01,3.972608935205452144e+04
3.966666666666666430e+01,3.955314436850893981e+04
3.968750000000000000e+01,3.982069957129067916e+04
3.970833333333332860e+01,4.050415700835753523e+04
3.972916666666666430e+01,4.138824950211268879e+04
3.975000000000000000e+01,4.233537378373225511e+04
3.977083333333332860e+01,4.327157649673274136e+04
3.979166666666666430e+01,4.418201569166463014e+04
3.981250000000000000e+01,4.508588552770254319e+04
3.983333333333332860e+01,4.492947992709554092e+04
3.985416666666666430e+01,4.453542875434803864e+04
3.987500000000000000e+01,4.428344264876581292e+04
3.989583333333332860e+01,4.412584084875929693e+04
3.991666666666666430e+01,4.399103042304391420e+04
3.993750000000000000e+01,4.392602877647081914e+04
3.995833333333332860e+01,4.405801055630701740e+04
3.997916666666666430e+01,4.428784396821206610e+04
4.000000000000000000e+01,4.469566898397107434e+04
4.002083333333332860e+01,4.528470152021003742e+04
4.004166666666666430e+01,4.603151500486010627e+04
4.006250000000000000e+01,4.688760566759279027e+04
4.008333333333332860e+01,4.777934668044104183e+04
4.010416666666666430e+01,4.796884999233282724e+04
4.012500000000000000e+01,4.764865967233689298e+04
4.014583333333332860e+01,4.695503159632733878e+04
4.016666666666666430e+01,4.537210520050267951e+04
4.018750000000000000e+01,4.267668767212655803e+04
4.020833333333332860e+01,4.065782882242234336e+04
4.022916666666666430e+01,4.030262269989403285e+04
4.025000000000000000e+01,3.869407493740892824e+04
4.027083333333332860e+01,3.708019856569903641e+04
4.029166666666666430e+01,3.530737271009465621e+04
4.031250000000000000e+01,3.321614510430702649e+04
4.033333333333332860e+01,3.087234020557632175e+04
4.035416666666666430e+01,2.852517128939331451e+04
4.037500000000000000e+01,2.646006076740647404e+04
4.039583333333332860e+01,2.494317702631390785e+04
4.041666666666666430e+01,2.419266960470954291e+04
4.043750000000000000e+01,2.436153655441281444e+04
4.045833333333332860e+01,2.551977834995564262e+04
4.047916666666666430e+01,2.764601732982585963e+04
4.050000000000000000e+01,3.064419133900776069e+04
4.052083333333332860e+01,3.435322779085500952e+04
4.054166666666666430e+01,3.857273707980784820e+04
4.056250000000000000e+01,4.308931483712672343e+04
4.058333333333332860e+01,4.770110883300343994e+04
4.060416666666666430e+01,5.242800000000000000e+04
4.062500000000000000e+01,5.242800000000000000e+04
4.064583333333332860e+01,5.242800000000000000e+04
4.066666666666666430e+01,5.242800000000000000e+04
4.068750000000000000e+01,5.242800000000000000e+04
4.070833333333332860e+01,5.242800000000000000e+04
4.072916666666666430e+01,5.242800000000000000e+04
4.075000000000000000e+01,5.242800000000000000e+04
4.077083333333332860e+01,5.242800000000000000e+04
4.079166666666666430e+01,5.242800000000000000e+04
4.081250000000000000e+01,5.242800000000000000e+04
4.083333333333332860e+01,5.242800000000000000e+04
4.085416666666666430e+01,5.242800000000000000e+04
4.087500000000000000e+01,5.242800000000000000e+04
4.089583333333332860e+01,5.242800000000000000e+04
4.091666666666666430e+01,5.242800000000000000e+04
4.093750000000000000e+01,5.242800000000000000e+04
4.095833333333332860e+01,5.242800000000000000e+04
4.097916666666666430e+01,5.242800000000000000e+04
4.100000000000000000e+01,4.842513528161978320e+04
4.102083333333332860e+01,3.113036675129252762e+04
4.104166666666666430e+01,1.999999999999999636e+04
4.106250000000000000e+01,1.999999999999999636e+04
4.108333333333332860e+01,1.999999999999999636e+04
4.110416666666666430e+01,1.999999999999999636e+04
4.112500000000000000e+01,1.999999999999999636e+04
4.114583333333332860e+01,1.999999999999999636e+04
4.116666666666666430e+01,1.999999999999999636e+04
4.118750000000000000e+01,1.999999999999999636e+04
4.120833333333332860e+01,1.999999999999999636e+04
4.122916666666666430e+01,1.999999999999999636e+04
4.125000000000000000e+01,1.999999999999999636e+04
4.127083333333332860e+01,1.999999999999999636e+04
4.129166666666666430e+01,1.999999999999999636e+04
4.131250000000000000e+01,1.999999999999999636e+04
4.133333333333332860e+01,4.239844233348534181e+04
4.135416666666666430e+01,4.285312334504511091e+04
4.137500000000000000e+01,4.345488834695924743e+04
4.139583333333332860e+01,4.413210454420537280e+04
4.141666666666666430e+01,4.565285390402872144e+04
4.143750000000000000e+01,4.726510464030341973e+04
4.145833333333332860e+01,4.857811286145183840e+04
4.147916666666666430e+01,4.948860226265946403e+04
4.150000000000000000e+01,4.997842702107942023e+04
4.152083333333332860e+01,5.008283924029253103e+04
4.154166666666666430e+01,4.987106124074849504e+04
4.156250000000000000e+01,4.942677172350629553e+04
4.158333333333332860e+01,4.883180738773887424e+04
4.160416666666666430e+01,4.815567320827933145e+04
4.162500000000000000e+01,4.745092671088255884e+04
4.164583333333332860e+01,4.675297806306432176e+04
4.166666666666666430e+01,4.608254820412979461e+04
4.168750000000000000e+01,4.544921888604146079e+04
4.170833333333332860e+01,4.485511855521617690e+04
4.172916666666666430e+01,4.429825483416481438e+04
4.175000000000000000e+01,4.377501723211716308e+04
4.177083333333332860e+01,4.328167556871988199e+04
4.179166666666666430e+01,4.281501441958246141e+04
4.181250000000000000e+01,4.237241362434376060e+04
4.183333333333332860e+01,4.195170689275206678e+04
4.185416666666666430e+01,4.155106440245061822e+04
4.187500000000000000e+01,4.116901509790862474e+04
4.189583333333332860e+01,4.080460759452403727e+04
4.191666666666666430e+01,4.045763643911817053e+04
4.193750000000000000e+01,4.012883617022624821e+04
4.195833333333332860e+01,3.981995907303814602e+04
4.197916666666666430e+01,3.953369064888985304e+04
4.200000000000000000e+01,3.927340168139167508e+04
4.202083333333332860e+01,3.904277276308199362e+04
4.204166666666666430e+01,3.881716046317879955e+04
4.206250000000000000e+01,3.861813821544442908e+04
4.208333333333332860e+01,3.846403809024656221e+04
4.210416666666666430e+01,3.835511029248766135e+04
4.212500000000000000e+01,3.829018643960644113e+04
4.214583333333332860e+01,3.826670844877868512e+04
4.216666666666666430e+01,3.828088484233055351e+04
4.218750000000000000e+01,3.832794770586608502e+04
4.220833333333332860e+01,3.840247584196187381e+04
4.222916666666666430e+01,3.849874805613177887e+04
4.225000000000000000e+01,3.861109338810929330e+04
4.227083333333332860e+01,3.873421018510681461e+04
4.229166666666666430e+01,3.886343112125092011e+04
4.231250000000000000e+01,3.899491534856543149e+04
4.233333333333332860e+01,3.912575137796048512e+04
4.235416666666666430e+01,3.925395518889367668e+04
4.237500000000000000e+01,3.937834849284879601e+04
4.239583333333332860e+01,3.949830410555230628e+04
4.241666666666666430e+01,3.961335243585050193e+04
4.243750000000000000e+01,3.972266038224513613e+04
4.245833333333332860e+01,3.982442827389567537e+04
4.247916666666666430e+01,3.991530778364022262e+04
4.250000000000000000e+01,3.999002125762093056e+04
4.252083333333332860e+01,4.004143556821429229e+04
4.254166666666666430e+01,4.006135121890279697e+04
4.256250000000000000e+01,4.004212537730703480e+04
4.258333333333332860e+01,3.997890903322482336e+04
4.260416666666666430e+01,3.987183726933762955e+04
4.262500000000000000e+01,3.972724309724690102e+04
4.264583333333332860e+01,3.955717397400421760e+04
4.266666666666666430e+01,3.937720607937367458e+04
4.268750000000000000e+01,3.920338252350349649e+04
4.270833333333332860e+01,3.904949341563528287e+04
4.272916666666666430e+01,3.892561993616270775e+04
4.275000000000000000e+01,3.883813354973851528e+04
4.277083333333332860e+01,3.879067007605494291e+04
4.279166666666666430e+01,3.878532376299779571e+04
4.281250000000000000e+01,3.882344178920632839e+04
4.283333333333332860e+01,3.890574783240587567e+04
4.285416666666666430e+01,3.903187027670764655e+04
4.287500000000000000e+01,3.919957088835546165e+04
4.289583333333332860e+01,3.940403300377668347e+04
4.291666666666666430e+01,3.963750423908643279e+04
4.293750000000000000e+01,3.988945287521727005e+04
4.295833333333332860e+01,4.014724612819260801e+04
4.297916666666666430e+01,4.039723518613849592e+04
4.300000000000000000e+01,4.062605815430919029e+04
4.302083333333332860e+01,4.082195045062784629e+04
4.304166666666666430e+01,4.097587239014241641e+04
4.306250000000000000e+01,4.108231026876908436e+04
4.308333333333332860e+01,4.113966586083389120e+04
4.310416666666666430e+01,4.115020964723984071e+04
4.312500000000000000e+01,4.111962909376907919e+04
4.314583333333332860e+01,4.105625078332489647e+04
4.316666666666666430e+01,4.097005022993170860e+04
4.318750000000000000e+01,4.087158170297938341e+04
4.320833333333332860e+01,4.077095961191946844e+04
4.322916666666666430e+01,4.067700336019531824e+04
4.325000000000000000e+01,4.059662339020215586e+04
4.327083333333332860e+01,4.053448462063248007e+04
4.329166666666666430e+01,4.049294262219756638e+04
4.331250000000000000e+01,4.047221440254720073e+04
4.333333333333332860e+01,4.662298276659380645e+04
4.335416666666666430e+01,4.400015772228728747e+04
4.337500000000000000e+01,4.249426252781411313e+04
4.339583333333332860e+01,4.197014497128340008e+04
4.341666666666666430e+01,4.213840347143226245e+04
4.343750000000000000e+01,4.278391758460416168e+04
4.345833333333332860e+01,4.376872915826841927e+04
4.347916666666666430e+01,4.499792607251568552e+04
4.350000000000000000e+01,4.638739702524966560e+04
4.352083333333332860e+01,4.784756831425238488e+04
4.354166666666666430e+01,4.927796795874437521e+04
4.356250000000000000e+01,5.056637239093441167e+04
4.358333333333332860e+01,5.159031272097363399e+04
4.360416666666666430e+01,5.222847198237041448e+04
4.362500000000000000e+01,5.150153374149062438e+04
4.364583333333332860e+01,4.895560251913426328e+04
4.366666666666666430e+01,4.644737667782207427e+04
4.368750000000000000e+01,4.418931354028136411e+04
4.370833333333332860e+01,4.238807269751645072e+04
4.372916666666666430e+01,4.118722412042353244e+04
4.375000000000000000e+01,4.062292735157418792e+04
4.377083333333332860e+01,4.061351832156197634e+04
4.379166666666666430e+01,4.099570401089880033e+04
4.381250000000000000e+01,4.158565261849771923e+04
4.383333333333332860e+01,4.223397263101355929e+04
4.385416666666666430e+01,4.285957566114600922e+04
4.387500000000000000e+01,4.345413095052628341e+04
4.389583333333332860e+01,4.405792878101147653e+04
4.391666666666666430e+01,4.471431933327633305e+04
4.393750000000000000e+01,4.508732260023921117e+04
4.395833333333332860e+01,4.484102598330250476e+04
4.397916666666666430e+01,4.474003525688547234e+04
4.400000000000000000e+01,4.471900837972498266e+04
4.402083333333332860e+01,4.473248618700555380e+04
4.404166666666666430e+01,4.476531770285667153e+04
4.406250000000000000e+01,4.482929605051691760e+04
4.408333333333332860e+01,4.494863174418644485e+04
4.410416666666666430e+01,4.514154009619373392e+04
4.412500000000000000e+01,4.475702172637481272e+04
4.414583333333332860e+01,4.396236459263460711e+04
4.416666666666666430e+01,4.326345209129140130e+04
4.418750000000000000e+01,4.258492730677020154e+04
4.420833333333332860e+01,4.177255490550073591e+04
4.422916666666666430e+01,4.065986937400622992e+04
4.425000000000000000e+01,3.914847131542138231e+04
4.427083333333332860e+01,3.735688401362158038e+04
4.429166666666666430e+01,3.647923745320759917e+04
4.431250000000000000e+01,3.571305841802361829e+04
4.433333333333332860e+01,3.511375556316817529e+04
4.435416666666666430e+01,3.465828621366628067e+04
4.437500000000000000e+01,3.431491240772431047e+04
4.439583333333332860e+01,3.410727689125444886e+04
4.441666666666666430e+01,3.412712156156320998e+04
4.443750000000000000e+01,3.446237489403582731e+04
4.445833333333332860e+01,3.516240604901922052e+04
4.447916666666666430e+01,3.623232413332645956e+04
4.450000000000000000e+01,3.763005635917316977e+04
4.452083333333332860e+01,3.926954047627206455e+04
4.454166666666666430e+01,4.103281566261503758e+04
4.456250000000000000e+01,4.277746839267902396e+04
4.458333333333332860e+01,4.435404618722495070e+04
4.460416666666666430e+01,4.568123616391036921e+04
4.462500000000000000e+01,4.794279118274206121e+04
4.464583333333332860e+01,4.900590053173525666e+04
4.466666666666666430e+01,4.926614305022821645e+04
4.468750000000000000e+01,4.900121785810446454e+04
4.470833333333332860e+01,4.856469620201716316e+04
4.472916666666666430e+01,4.894861899558120058e+04
4.475000000000000000e+01,5.001727010608658020e+04
4.477083333333332860e+01,5.069303770373753650e+04
4.479166666666666430e+01,4.810408951645290654e+04
4.481250000000000000e+01,4.557686721023052814e+04
4.483333333333332860e+01,4.281095138719569513e+04
4.485416666666666430e+01,3.996461454732893617e+04
4.487500000000000000e+01,3.744333498140523443e+04
4.489583333333332860e+01,3.562860209271752683e+04
4.491666666666666430e+01,3.478231145902293792e+04
4.493750000000000000e+01,3.504404234040323354e+04
4.495833333333332860e+01,3.643033092233525531e+04
4.497916666666666430e+01,3.884472463583082572e+04
4.500000000000000000e+01,4.237982393312898785e+04
4.502083333333332860e+01,4.684164610726087994e+04
4.504166666666666430e+01,5.126252380997446016e+04
4.506250000000000000e+01,5.242800000000000000e+04
4.508333333333332860e+01,5.242800000000000000e+04
4.510416666666666430e+01,5.242800000000000000e+04
4.512500000000000000e+01,5.242800000000000000e+04
4.514583333333332860e+01,5.242800000000000000e+04
4.516666666666666430e+01,5.242800000000000000e+04
4.518750000000000000e+01,5.242800000000000000e+04
4.520833333333332860e+01,5.242800000000000000e+04
4.522916666666666430e+01,5.242800000000000000e+04
4.525000000000000000e+01,5.242800000000000000e+04
4.527083333333332860e+01,5.242800000000000000e+04
4.529166666666666430e+01,5.242800000000000000e+04
4.531250000000000000e+01,5.242800000000000000e+04
4.533333333333332860e+01,5.242800000000000000e+04
4.535416666666666430e+01,5.242800000000000000e+04
4.537500000000000000e+01,5.242800000000000000e+04
4.539583333333332860e+01,4.445064433317696239e+04
4.541666666666666430e+01,3.129625315260302159e+04
4.543750000000000000e+01,1.999999999999999636e+04
4.545833333333332860e+01,1.999999999999999636e+04
4.547916666666666430e+01,1.999999999999999636e+04
4.550000000000000000e+01,1.999999999999999636e+04
4.552083333333332860e+01,1.999999999999999636e+04
4.554166666666666430e+01,1.999999999999999636e+04
4.556250000000000000e+01,1.999999999999999636e+04
4.558333333333332860e+01,1.999999999999999636e+04
4.560416666666666430e+01,1.999999999999999636e+04
4.562500000000000000e+01,1.999999999999999636e+04
4.564583333333332860e+01,1.999999999999999636e+04
4.566666666666666430e+01,1.999999999999999636e+04
4.568750000000000000e+01,1.999999999999999636e+04
4.570833333333332860e+01,1.999999999999999636e+04
4.572916666666666430e+01,1.999999999999999636e+04
4.575000000000000000e+01,1.999999999999999636e+04
4.577083333333332860e+01,1.999999999999999636e+04
4.579166666666666430e+01,1.999999999999999636e+04
4.581250000000000000e+01,1.999999999999999636e+04
4.583333333333332860e+01,1.999999999999999636e+04
4.585416666666666430e+01,1.999999999999999636e+04
