0.000000000000000000e+00,0.000000000000000000e+00
2.083333333333333218e-02,1.470458354629715905e+04
4.166666666666666435e-02,1.480245494515438259e+04
6.250000000000000000e-02,1.494944316317541234e+04
8.333333333333332871e-02,1.522086884903362807e+04
1.041666666666666574e-01,1.564901141192163777e+04
1.250000000000000000e-01,1.604970604080242992e+04
1.458333333333333148e-01,1.637683268733312070e+04
1.666666666666666574e-01,1.660990633625720511e+04
1.875000000000000000e-01,1.674321309622727131e+04
2.083333333333333148e-01,1.678340769482485121e+04
2.291666666666666574e-01,1.674628171443183601e+04
2.500000000000000000e-01,1.665262538015532482e+04
2.708333333333333148e-01,1.652416746515924024e+04
2.916666666666666297e-01,1.638038229497854627e+04
3.125000000000000000e-01,1.623649600038889184e+04
3.333333333333333148e-01,1.610266751269379893e+04
3.541666666666666297e-01,1.598414905719421222e+04
3.750000000000000000e-01,1.588212412571805908e+04
3.958333333333333148e-01,1.579493358183223245e+04
4.166666666666666297e-01,1.571942162120033390e+04
4.375000000000000000e-01,1.565207965450708798e+04
4.583333333333333148e-01,1.558979200488634160e+04
4.791666666666666297e-01,1.553016251930432918e+04
5.000000000000000000e-01,1.547152733367371911e+04
5.208333333333332593e-01,1.541280804336807341e+04
5.416666666666666297e-01,1.535334101238404401e+04
5.625000000000000000e-01,1.529276441907255867e+04
5.833333333333332593e-01,1.523098649724192728e+04
6.041666666666666297e-01,1.516821572702864069e+04
6.250000000000000000e-01,1.510501297678927949e+04
6.458333333333332593e-01,1.504232395055243614e+04
6.666666666666666297e-01,1.498146138617435645e+04
6.875000000000000000e-01,1.492402420401726704e+04
7.083333333333332593e-01,1.487175908957251158e+04
7.291666666666666297e-01,1.482638419290549064e+04
7.500000000000000000e-01,1.478940262585534583e+04
7.708333333333332593e-01,1.476193483291506709e+04
7.916666666666666297e-01,1.474459444735276338e+04
8.125000000000000000e-01,1.473742352612539980e+04
8.333333333333332593e-01,1.473989226470918220e+04
8.541666666666666297e-01,1.475095778470532605e+04
8.750000000000000000e-01,1.476916840692140977e+04
8.958333333333332593e-01,1.479279524298895922e+04
9.166666666666666297e-01,1.481997220208180079e+04
9.375000000000000000e-01,1.484882784045238077e+04
9.583333333333332593e-01,1.487759649149607503e+04
9.791666666666666297e-01,1.490470054574044116e+04
1.000000000000000000e+00,1.492879993158627258e+04
1.020833333333333259e+00,1.494880861360808922e+04
1.041666666666666519e+00,1.496388145130914927e+04
1.062500000000000000e+00,1.497337838563306650e+04
1.083333333333333259e+00,1.497681681339619536e+04
1.104166666666666519e+00,1.497382677694034282e+04
1.125000000000000000e+00,1.496412599104769834e+04
1.145833333333333259e+00,1.494753068189899204e+04
1.166666666666666519e+00,1.492401147207960457e+04
1.187500000000000000e+00,1.489379014148467468e+04
1.208333333333333259e+00,1.485745528541705062e+04
1.229166666666666519e+00,1.481605926257489409e+04
1.250000000000000000e+00,1.477115459152863332e+04
1.270833333333333259e+00,1.472474173760392659e+04
1.291666666666666519e+00,1.467912990386625461e+04
1.312500000000000000e+00,1.463674537636337118e+04
1.333333333333333259e+00,1.459994120000189650e+04
1.354166666666666519e+00,1.457085698188921378e+04
1.375000000000000000e+00,1.455135154328043791e+04
1.395833333333333259e+00,1.454299822841913920e+04
1.416666666666666519e+00,1.454710860164109181e+04
1.437500000000000000e+00,1.456474295857433754e+04
1.458333333333333259e+00,1.459667337761170711e+04
1.479166666666666519e+00,1.464089906810969114e+04
1.500000000000000000e+00,1.469959833901779348e+04
1.520833333333333259e+00,1.477256443347020831e+04
1.541666666666666519e+00,1.485759334814685280e+04
1.562500000000000000e+00,1.495130025734363880e+04
1.583333333333333259e+00,1.504908014412611374e+04
1.604166666666666519e+00,1.514529563556423818e+04
1.625000000000000000e+00,1.523371690958700856e+04
1.645833333333333259e+00,1.530818218023655936e+04
1.666666666666666519e+00,1.536339612551209939e+04
1.687500000000000000e+00,1.539574001671779843e+04
1.708333333333333259e+00,1.540392547647549509e+04
1.729166666666666519e+00,1.538930386117227681e+04
1.750000000000000000e+00,1.535569364594505532e+04
1.770833333333333259e+00,1.530872973180208646e+04
1.791666666666666519e+00,1.525490929994286125e+04
1.812500000000000000e+00,1.520059957536944785e+04
1.833333333333333259e+00,1.515123228447445945e+04
1.854166666666666519e+00,1.511078956911542264e+04
1.875000000000000000e+00,1.508157738293270086e+04
1.895833333333333259e+00,1.506423173319933267e+04
1.916666666666666519e+00,1.505789876796333556e+04
1.937500000000000000e+00,1.506053934262154507e+04
1.958333333333333259e+00,1.506931300474882664e+04
1.979166666666666519e+00,1.508099454123227406e+04
2.000000000000000000e+00,1.509237565497195828e+04
2.020833333333333037e+00,1.648202217173087411e+04
2.041666666666666519e+00,1.589852319470232032e+04
2.062500000000000000e+00,1.558813798941510322e+04
2.083333333333333037e+00,1.546063161819682500e+04
2.104166666666666519e+00,1.545201268567604347e+04
2.125000000000000000e+00,1.552278080543776014e+04
2.145833333333333037e+00,1.564732898653845768e+04
2.166666666666666519e+00,1.581441458517316642e+04
2.187500000000000000e+00,1.602041420023985847e+04
2.208333333333333037e+00,1.626270123267532472e+04
2.229166666666666519e+00,1.653572390414854090e+04
2.250000000000000000e+00,1.682952528661901306e+04
2.270833333333333037e+00,1.710041618951115379e+04
2.291666666666666519e+00,1.671166339227581193e+04
2.312500000000000000e+00,1.638507041124739044e+04
2.333333333333333037e+00,1.612782759869964502e+04
2.354166666666666519e+00,1.594514952153157719e+04
2.375000000000000000e+00,1.584192276156158186e+04
2.395833333333333037e+00,1.581764082211111599e+04
2.416666666666666519e+00,1.586258170308628905e+04
2.437500000000000000e+00,1.595657643750966599e+04
2.458333333333333037e+00,1.607100374538779215e+04
2.479166666666666519e+00,1.617390320981643163e+04
2.500000000000000000e+00,1.623724216160561264e+04
2.520833333333333037e+00,1.623785022437025691e+04
2.541666666666666519e+00,1.616986740740356981e+04
2.562500000000000000e+00,1.605561041000003024e+04
2.583333333333333037e+00,1.593143951177216513e+04
2.604166666666666519e+00,1.582824075681560498e+04
2.625000000000000000e+00,1.575851358435923248e+04
2.645833333333333037e+00,1.571386786010262585e+04
2.666666666666666519e+00,1.567398760874498839e+04
2.687500000000000000e+00,1.561466284489012105e+04
2.708333333333333037e+00,1.551869135619744702e+04
2.729166666666666519e+00,1.538564539143529692e+04
2.750000000000000000e+00,1.523371678653593335e+04
2.770833333333333037e+00,1.509421369247648909e+04
2.791666666666666519e+00,1.500195029145035733e+04
2.812500000000000000e+00,1.498532802974747756e+04
2.833333333333333037e+00,1.505924112266155862e+04
2.854166666666666519e+00,1.522236478575445653e+04
2.875000000000000000e+00,1.545854179273907721e+04
2.895833333333333037e+00,1.574083919150840666e+04
2.916666666666666519e+00,1.603635530923529586e+04
2.937500000000000000e+00,1.631064560953802720e+04
2.958333333333333037e+00,1.653187968188532977e+04
2.979166666666666519e+00,1.667511469542022678e+04
3.000000000000000000e+00,1.672653796527015948e+04
3.020833333333333037e+00,1.668655845724124083e+04
3.041666666666666519e+00,1.655888860470616419e+04
3.062500000000000000e+00,1.636195929980665460e+04
3.083333333333333037e+00,1.613232054681567752e+04
3.104166666666666519e+00,1.590222700629747487e+04
3.125000000000000000e+00,1.568776503542657520e+04
3.145833333333333037e+00,1.549262513375773415e+04
3.166666666666666519e+00,1.530841258164493411e+04
3.187500000000000000e+00,1.512208479286817965e+04
3.208333333333333037e+00,1.492492446847107567e+04
3.229166666666666519e+00,1.471566450045337115e+04
3.250000000000000000e+00,1.450216234672587962e+04
3.270833333333333037e+00,1.430306544156984455e+04
3.291666666666666519e+00,1.414770514454152726e+04
3.312500000000000000e+00,1.407272519728229236e+04
3.333333333333333037e+00,1.411576111610255248e+04
3.354166666666666519e+00,1.430777084310646751e+04
3.375000000000000000e+00,1.466588706001038008e+04
3.395833333333333037e+00,1.518850755659783317e+04
3.416666666666666519e+00,1.585349042928286508e+04
3.437500000000000000e+00,1.661917453142777595e+04
3.458333333333333037e+00,1.742774869353179747e+04
3.479166666666666519e+00,1.814721800000000076e+04
3.500000000000000000e+00,1.814721800000000076e+04
3.520833333333333037e+00,1.814721800000000076e+04
3.541666666666666519e+00,1.814721800000000076e+04
3.562500000000000000e+00,1.814721800000000076e+04
3.583333333333333037e+00,1.814721800000000076e+04
3.604166666666666519e+00,1.814721800000000076e+04
3.625000000000000000e+00,1.814721800000000076e+04
3.645833333333333037e+00,1.814721800000000076e+04
3.666666666666666519e+00,1.814721800000000076e+04
3.687500000000000000e+00,1.814721800000000076e+04
3.708333333333333037e+00,1.785967840750188770e+04
3.729166666666666519e+00,1.705400485850034966e+04
3.750000000000000000e+00,1.652567918020594516e+04
3.770833333333333037e+00,1.623369871260324726e+04
3.791666666666666519e+00,1.613595768135426624e+04
3.812500000000000000e+00,1.620510045165347765e+04
3.833333333333333037e+00,1.642621348529480747e+04
3.854166666666666519e+00,1.678724129889150572e+04
3.875000000000000000e+00,1.727302477691842796e+04
3.895833333333333037e+00,1.783416159994324335e+04
3.916666666666666519e+00,1.814721800000000076e+04
3.937500000000000000e+00,1.814721800000000076e+04
3.958333333333333037e+00,1.814721800000000076e+04
3.979166666666666519e+00,1.814721800000000076e+04
4.000000000000000000e+00,1.814721800000000076e+04
4.020833333333333037e+00,1.814721800000000076e+04
4.041666666666666075e+00,1.779058162975489176e+04
4.062500000000000000e+00,1.713389097019760811e+04
4.083333333333333037e+00,1.671808359275988551e+04
4.104166666666666075e+00,1.662466919560583483e+04
4.125000000000000000e+00,1.673267109367040030e+04
4.145833333333333037e+00,1.694059742091462613e+04
4.166666666666666075e+00,1.726337666058756076e+04
4.187500000000000000e+00,1.771573905799939894e+04
4.208333333333333037e+00,1.814721800000000076e+04
4.229166666666666075e+00,1.814721800000000076e+04
4.250000000000000000e+00,1.814721800000000076e+04
4.270833333333333037e+00,1.814721800000000076e+04
4.291666666666666075e+00,1.814721800000000076e+04
4.312500000000000000e+00,1.814721800000000076e+04
4.333333333333333037e+00,1.814721800000000076e+04
4.354166666666666075e+00,1.814721800000000076e+04
4.375000000000000000e+00,1.814721800000000076e+04
4.395833333333333037e+00,1.814721800000000076e+04
4.416666666666666075e+00,1.814721800000000076e+04
4.437500000000000000e+00,1.814721800000000076e+04
4.458333333333333037e+00,1.814721800000000076e+04
4.479166666666666075e+00,1.814721800000000076e+04
4.500000000000000000e+00,1.814721800000000076e+04
4.520833333333333037e+00,1.799411809585258743e+04
4.541666666666666075e+00,1.747298389764879539e+04
4.562500000000000000e+00,1.707870852358607954e+04
4.583333333333333037e+00,1.681570246067276457e+04
4.604166666666666075e+00,1.668649103228360036e+04
4.625000000000000000e+00,1.668708890753488595e+04
4.645833333333333037e+00,1.681150297230100477e+04
4.666666666666666075e+00,1.705243483375374126e+04
4.687500000000000000e+00,1.739689775333661237e+04
4.708333333333333037e+00,1.814721800000000076e+04
4.729166666666666075e+00,1.814721800000000076e+04
4.750000000000000000e+00,1.814721800000000076e+04
4.770833333333333037e+00,1.814721800000000076e+04
4.791666666666666075e+00,1.814721800000000076e+04
4.812500000000000000e+00,1.814721800000000076e+04
4.833333333333333037e+00,1.814721800000000076e+04
4.854166666666666075e+00,1.814721800000000076e+04
4.875000000000000000e+00,1.814721800000000076e+04
4.895833333333333037e+00,1.814721800000000076e+04
4.916666666666666075e+00,1.814721800000000076e+04
4.937500000000000000e+00,1.814721800000000076e+04
4.958333333333333037e+00,1.814721800000000076e+04
4.979166666666666075e+00,1.814721800000000076e+04
5.000000000000000000e+00,1.814721800000000076e+04
5.020833333333333037e+00,1.814721800000000076e+04
5.041666666666666075e+00,1.814721800000000076e+04
5.062500000000000000e+00,1.814721800000000076e+04
5.083333333333333037e+00,1.771286411051613686e+04
5.104166666666666075e+00,1.709855178896607322e+04
5.125000000000000000e+00,1.676901682734314454e+04
5.145833333333333037e+00,1.680996329474052254e+04
5.166666666666666075e+00,1.723853467748502953e+04
5.187500000000000000e+00,1.798548875435399532e+04
5.208333333333333037e+00,1.814721800000000076e+04
5.229166666666666075e+00,1.814721800000000076e+04
5.250000000000000000e+00,1.814721800000000076e+04
5.270833333333333037e+00,1.814721800000000076e+04
5.291666666666666075e+00,1.814721800000000076e+04
5.312500000000000000e+00,1.814721800000000076e+04
5.333333333333333037e+00,1.814721800000000076e+04
5.354166666666666075e+00,1.814721800000000076e+04
5.375000000000000000e+00,1.814721800000000076e+04
5.395833333333333037e+00,1.814721800000000076e+04
5.416666666666666075e+00,1.814721800000000076e+04
5.437500000000000000e+00,1.814721800000000076e+04
5.458333333333333037e+00,1.655179303497578076e+04
5.479166666666666075e+00,1.548621342633948370e+04
5.500000000000000000e+00,1.559824540250346763e+04
5.520833333333333037e+00,1.397191369633248905e+04
5.541666666666666075e+00,1.405810399816647623e+04
5.562500000000000000e+00,1.414103958726834389e+04
5.583333333333333037e+00,1.424066387737620607e+04
5.604166666666666075e+00,1.435018392365088221e+04
5.625000000000000000e+00,1.446004663258439177e+04
5.645833333333333037e+00,1.476191187114861168e+04
5.666666666666666075e+00,1.509918241060403670e+04
5.687500000000000000e+00,1.536852643267737585e+04
5.708333333333333037e+00,1.555197016037463254e+04
5.729166666666666075e+00,1.565109169133307296e+04
5.750000000000000000e+00,1.567774819853733061e+04
5.770833333333333037e+00,1.564959766639142254e+04
5.791666666666666075e+00,1.558616059772768494e+04
5.812500000000000000e+00,1.550566142547084382e+04
5.833333333333333037e+00,1.542295829406995108e+04
5.854166666666666075e+00,1.534856202153233244e+04
5.875000000000000000e+00,1.528854840490328934e+04
5.895833333333333037e+00,1.524510094321503129e+04
5.916666666666666075e+00,1.521741846861163140e+04
5.937500000000000000e+00,1.520272582633922138e+04
5.958333333333333037e+00,1.519721297562117979e+04
5.979166666666666075e+00,1.519680471748357013e+04
6.000000000000000000e+00,1.519769670059514465e+04
6.020833333333333037e+00,1.519666950768393872e+04
6.041666666666666075e+00,1.519124133995225202e+04
6.062500000000000000e+00,1.517972779398180137e+04
6.083333333333333037e+00,1.516125840019124371e+04
6.104166666666666075e+00,1.513577094596562893e+04
6.125000000000000000e+00,1.510398053957219963e+04
6.145833333333333037e+00,1.506730851984692708e+04
6.166666666666666075e+00,1.502775752600885971e+04
6.187500000000000000e+00,1.498773025751506793e+04
6.208333333333333037e+00,1.494980392050164664e+04
6.229166666666666075e+00,1.491648322733858731e+04
6.250000000000000000e+00,1.488996078573600607e+04
6.270833333333333037e+00,1.487191391223948813e+04
6.291666666666666075e+00,1.486336101429831251e+04
6.312500000000000000e+00,1.486459082958996441e+04
6.333333333333333037e+00,1.487516685884588514e+04
6.354166666666666075e+00,1.489399976740642160e+04
6.375000000000000000e+00,1.491947399759203836e+04
6.395833333333333037e+00,1.494961193098206786e+04
6.416666666666666075e+00,1.498225884513676283e+04
6.437500000000000000e+00,1.501527276368979074e+04
6.458333333333333037e+00,1.504670485561448731e+04
6.479166666666666075e+00,1.507495822827914162e+04
6.500000000000000000e+00,1.509891493996900681e+04
6.520833333333333037e+00,1.511802288646923262e+04
6.541666666666666075e+00,1.513233619498918415e+04
6.562500000000000000e+00,1.514250486655812347e+04
6.583333333333333037e+00,1.514971126381278009e+04
6.604166666666666075e+00,1.515555194797684089e+04
6.625000000000000000e+00,1.516186246623954139e+04
6.645833333333333037e+00,1.517047941185484524e+04
6.666666666666666075e+00,1.518292933179213287e+04
6.687500000000000000e+00,1.520003258716024357e+04
6.708333333333333037e+00,1.522142416369091006e+04
6.729166666666666075e+00,1.524504410592621934e+04
6.750000000000000000e+00,1.526675934454734306e+04
6.770833333333333037e+00,1.528043075655870416e+04
6.791666666666666075e+00,1.527881771117278186e+04
6.812500000000000000e+00,1.525549277577791145e+04
6.833333333333333037e+00,1.520730100411204330e+04
6.854166666666666075e+00,1.513618864134289470e+04
6.875000000000000000e+00,1.504919911601168133e+04
6.895833333333333037e+00,1.495641812262290478e+04
6.916666666666666075e+00,1.486792746577436628e+04
6.937500000000000000e+00,1.479132084758421479e+04
6.958333333333333037e+00,1.473075445702108482e+04
6.979166666666666075e+00,1.468748323292073837e+04
7.000000000000000000e+00,1.466114417911870623e+04
7.020833333333333037e+00,1.465097493412603581e+04
7.041666666666666075e+00,1.465649148930758020e+04
7.062500000000000000e+00,1.467755017601479631e+04
7.083333333333333037e+00,1.471397974633057311e+04
7.104166666666666075e+00,1.476505657666254774e+04
7.125000000000000000e+00,1.482906260062363435e+04
7.145833333333333037e+00,1.490307542093701340e+04
7.166666666666666075e+00,1.498304038926306021e+04
7.187500000000000000e+00,1.506409327108144134e+04
7.208333333333333037e+00,1.514105146699471152e+04
7.229166666666666075e+00,1.520897195010849828e+04
7.250000000000000000e+00,1.526367855811729532e+04
7.270833333333333037e+00,1.530218119105180449e+04
7.291666666666666075e+00,1.532293672188798155e+04
7.312500000000000000e+00,1.532593007508958181e+04
7.333333333333333037e+00,1.531258020868161475e+04
7.354166666666666075e+00,1.528549744756212021e+04
7.375000000000000000e+00,1.524813441752250583e+04
7.395833333333333037e+00,1.520438186237496484e+04
7.416666666666666075e+00,1.515816245050102953e+04
7.437500000000000000e+00,1.511307040209600746e+04
7.458333333333333037e+00,1.507209337805340328e+04
7.479166666666666075e+00,1.503743764956669474e+04
7.500000000000000000e+00,1.501046096614402268e+04
7.520833333333333037e+00,1.666475333637039876e+04
7.541666666666666075e+00,1.609385073091846789e+04
7.562500000000000000e+00,1.564094225686108257e+04
7.583333333333333037e+00,1.544166894142794990e+04
7.604166666666666075e+00,1.543367538805465665e+04
7.625000000000000000e+00,1.556204795415199260e+04
7.645833333333333037e+00,1.579374306758754756e+04
7.666666666666666075e+00,1.610569609387169839e+04
7.687500000000000000e+00,1.647625334962807392e+04
7.708333333333333037e+00,1.681774797430380931e+04
7.729166666666666075e+00,1.723023494609454065e+04
7.750000000000000000e+00,1.769448630831396804e+04
7.770833333333333037e+00,1.805330885404942092e+04
7.791666666666666075e+00,1.811834227400455347e+04
7.812500000000000000e+00,1.766064256990898139e+04
7.833333333333333037e+00,1.713537674343821709e+04
7.854166666666666075e+00,1.653965076921475338e+04
7.875000000000000000e+00,1.590856124718494175e+04
7.895833333333333037e+00,1.532130771938611724e+04
7.916666666666666075e+00,1.489414056652425643e+04
7.937500000000000000e+00,1.469098909450767678e+04
7.958333333333333037e+00,1.466074498996639886e+04
7.979166666666666075e+00,1.479983886488351709e+04
8.000000000000000000e+00,1.496725948598229297e+04
8.020833333333332149e+00,1.525939932249001868e+04
8.041666666666666075e+00,1.555704596097250032e+04
8.062500000000000000e+00,1.583698623050217429e+04
8.083333333333332149e+00,1.610239644867496463e+04
8.104166666666666075e+00,1.636799765364961786e+04
8.125000000000000000e+00,1.664095611776286751e+04
8.145833333333332149e+00,1.660298337768355486e+04
8.166666666666666075e+00,1.654811184502514880e+04
8.187500000000000000e+00,1.632105800102844296e+04
8.208333333333332149e+00,1.618132804522908191e+04
8.229166666666666075e+00,1.613560982479300583e+04
8.250000000000000000e+00,1.618733311940265412e+04
8.270833333333332149e+00,1.633577087102642326e+04
8.291666666666666075e+00,1.657390815398003178e+04
8.312500000000000000e+00,1.663692036806422766e+04
8.333333333333332149e+00,1.631243137220730205e+04
8.354166666666666075e+00,1.603081583490188495e+04
8.375000000000000000e+00,1.582821975988838676e+04
8.395833333333332149e+00,1.569479688688313399e+04
8.416666666666666075e+00,1.560090156894836400e+04
8.437500000000000000e+00,1.550640945602926513e+04
8.458333333333332149e+00,1.537696047389107480e+04
8.479166666666666075e+00,1.519580895537102333e+04
8.500000000000000000e+00,1.496801661639760277e+04
8.520833333333332149e+00,1.477751786958514276e+04
8.541666666666666075e+00,1.479438276184749338e+04
8.562500000000000000e+00,1.486921225893986775e+04
8.583333333333332149e+00,1.497565415779245086e+04
8.604166666666666075e+00,1.505048944160510291e+04
8.625000000000000000e+00,1.500551142699914271e+04
8.645833333333332149e+00,1.487287344593786474e+04
8.666666666666666075e+00,1.476519729579312116e+04
8.687500000000000000e+00,1.454717775045572125e+04
8.708333333333332149e+00,1.490256267498934176e+04
8.729166666666666075e+00,1.534255887241222445e+04
8.750000000000000000e+00,1.552705643017766852e+04
8.770833333333332149e+00,1.529258652881483067e+04
8.791666666666666075e+00,1.515628397690438214e+04
8.812500000000000000e+00,1.516516070028856484e+04
8.833333333333332149e+00,1.508583499627354831e+04
8.854166666666666075e+00,1.513101146987497850e+04
8.875000000000000000e+00,1.543074008343359674e+04
8.895833333333332149e+00,1.598635055252003804e+04
8.916666666666666075e+00,1.675326105837978685e+04
8.937500000000000000e+00,1.765432655446835270e+04
8.958333333333332149e+00,1.814721800000000076e+04
8.979166666666666075e+00,1.814721800000000076e+04
9.000000000000000000e+00,1.814721800000000076e+04
9.020833333333332149e+00,1.814721800000000076e+04
9.041666666666666075e+00,1.814721800000000076e+04
9.062500000000000000e+00,1.814721800000000076e+04
9.083333333333332149e+00,1.814721800000000076e+04
9.104166666666666075e+00,1.814721800000000076e+04
9.125000000000000000e+00,1.814721800000000076e+04
9.145833333333332149e+00,1.814721800000000076e+04
9.166666666666666075e+00,1.814721800000000076e+04
9.187500000000000000e+00,1.814721800000000076e+04
9.208333333333332149e+00,1.814721800000000076e+04
9.229166666666666075e+00,1.814721800000000076e+04
9.250000000000000000e+00,1.814721800000000076e+04
9.270833333333332149e+00,1.814721800000000076e+04
9.291666666666666075e+00,1.814721800000000076e+04
9.312500000000000000e+00,1.814721800000000076e+04
9.333333333333332149e+00,1.814721800000000076e+04
9.354166666666666075e+00,1.814721800000000076e+04
9.375000000000000000e+00,1.814721800000000076e+04
9.395833333333332149e+00,1.814721800000000076e+04
9.416666666666666075e+00,1.814721800000000076e+04
9.437500000000000000e+00,1.814721800000000076e+04
9.458333333333332149e+00,1.814721800000000076e+04
9.479166666666666075e+00,1.814721800000000076e+04
9.500000000000000000e+00,1.814721800000000076e+04
9.520833333333332149e+00,1.814721800000000076e+04
9.541666666666666075e+00,1.814721800000000076e+04
9.562500000000000000e+00,1.814721800000000076e+04
9.583333333333332149e+00,1.814721800000000076e+04
9.604166666666666075e+00,1.814721800000000076e+04
9.625000000000000000e+00,1.814721800000000076e+04
9.645833333333332149e+00,1.814721800000000076e+04
9.666666666666666075e+00,1.814721800000000076e+04
9.687500000000000000e+00,1.795228978852233922e+04
9.708333333333332149e+00,1.782207624785299777e+04
9.729166666666666075e+00,1.779878716229757629e+04
9.750000000000000000e+00,1.775858356653993542e+04
9.770833333333332149e+00,1.768908154861567164e+04
9.791666666666666075e+00,1.757755473854864249e+04
9.812500000000000000e+00,1.741631128122131850e+04
9.833333333333332149e+00,1.720978796821469587e+04
9.854166666666666075e+00,1.698225882315143826e+04
9.875000000000000000e+00,1.678298916428415396e+04
9.895833333333332149e+00,1.668317669603302420e+04
9.916666666666666075e+00,1.675863242111021464e+04
9.937500000000000000e+00,1.705811991650978962e+04
9.958333333333332149e+00,1.756998437523336906e+04
9.979166666666666075e+00,1.814721800000000076e+04
1.000000000000000000e+01,1.814721800000000076e+04
1.002083333333333215e+01,1.814721800000000076e+04
1.004166666666666607e+01,1.814721800000000076e+04
1.006250000000000000e+01,1.814721800000000076e+04
1.008333333333333215e+01,1.814721800000000076e+04
1.010416666666666607e+01,1.814721800000000076e+04
1.012500000000000000e+01,1.814721800000000076e+04
1.014583333333333215e+01,1.814721800000000076e+04
1.016666666666666607e+01,1.814721800000000076e+04
1.018750000000000000e+01,1.814721800000000076e+04
1.020833333333333215e+01,1.814721800000000076e+04
1.022916666666666607e+01,1.814721800000000076e+04
1.025000000000000000e+01,1.814721800000000076e+04
1.027083333333333215e+01,1.814721800000000076e+04
1.029166666666666607e+01,1.814721800000000076e+04
1.031250000000000000e+01,1.814721800000000076e+04
1.033333333333333215e+01,1.510259172439519898e+04
1.035416666666666607e+01,1.520060624842037214e+04
1.037500000000000000e+01,1.533721428937135352e+04
1.039583333333333215e+01,1.549453412316946924e+04
1.041666666666666607e+01,1.584673126334654080e+04
1.043750000000000000e+01,1.626013919240752512e+04
1.045833333333333215e+01,1.660539685488085888e+04
1.047916666666666607e+01,1.685176678250045734e+04
1.050000000000000000e+01,1.699248812110636572e+04
1.052083333333333215e+01,1.703472202133657629e+04
1.054166666666666607e+01,1.699472407616559940e+04
1.056250000000000000e+01,1.689305534482117582e+04
1.058333333333333215e+01,1.675044030026064502e+04
1.060416666666666607e+01,1.658496517382031743e+04
1.062500000000000000e+01,1.641071645038557836e+04
1.064583333333333215e+01,1.623754922437626374e+04
1.066666666666666607e+01,1.607156645100796231e+04
1.068750000000000000e+01,1.591592467399745146e+04
1.070833333333333215e+01,1.577170075135432853e+04
1.072916666666666607e+01,1.563870687571556846e+04
1.075000000000000000e+01,1.551614256284499788e+04
1.077083333333333215e+01,1.540302009638913660e+04
1.079166666666666607e+01,1.529837656514284026e+04
1.081250000000000000e+01,1.520133413356648816e+04
1.083333333333333215e+01,1.511108592432764272e+04
1.085416666666666607e+01,1.502687286659156962e+04
1.087500000000000000e+01,1.494798933168638541e+04
1.089583333333333215e+01,1.487382604742182230e+04
1.091666666666666607e+01,1.480393732149456264e+04
1.093750000000000000e+01,1.473810942893517858e+04
1.095833333333333215e+01,1.467640662696956497e+04
1.097916666666666607e+01,1.461917811415993128e+04
1.100000000000000000e+01,1.456702006418971359e+04
1.102083333333333215e+01,1.452069743635039777e+04
1.104166666666666607e+01,1.448103799704747871e+04
1.106250000000000000e+01,1.444881509941751210e+04
1.108333333333333215e+01,1.442463636393805791e+04
1.110416666666666607e+01,1.440450429426584378e+04
1.112500000000000000e+01,1.438819924828373041e+04
1.114583333333333215e+01,1.438174013564217967e+04
1.116666666666666607e+01,1.438432978601699506e+04
1.118750000000000000e+01,1.439488947047368129e+04
1.120833333333333215e+01,1.441213052396231069e+04
1.122916666666666607e+01,1.443463903795249280e+04
1.125000000000000000e+01,1.446096510610778932e+04
1.127083333333333215e+01,1.448970931509737056e+04
1.129166666666666607e+01,1.451960072012172532e+04
1.131250000000000000e+01,1.454956204122717463e+04
1.133333333333333215e+01,1.457875906743969608e+04
1.135416666666666607e+01,1.460663217615098984e+04
1.137500000000000000e+01,1.463290850285404667e+04
1.139583333333333215e+01,1.465759376920053910e+04
1.141666666666666607e+01,1.468094323009411164e+04
1.143750000000000000e+01,1.470341169588308185e+04
1.145833333333333215e+01,1.472558311336995757e+04
1.147916666666666607e+01,1.474808072938518671e+04
1.150000000000000000e+01,1.477145950567685213e+04
1.152083333333333215e+01,1.479608357675355728e+04
1.154166666666666607e+01,1.482199396556007196e+04
1.156250000000000000e+01,1.484877680683125436e+04
1.158333333333333215e+01,1.487545138724909339e+04
1.160416666666666607e+01,1.490041062727660756e+04
1.162500000000000000e+01,1.492146077383641386e+04
1.164583333333333215e+01,1.493601215295379006e+04
1.166666666666666607e+01,1.494145280377405652e+04
1.168750000000000000e+01,1.493567837517338558e+04
1.170833333333333215e+01,1.491766280030203779e+04
1.172916666666666607e+01,1.488787890630278707e+04
1.175000000000000000e+01,1.484838103692773075e+04
1.177083333333333215e+01,1.480247616744602419e+04
1.179166666666666607e+01,1.475408950627983722e+04
1.181250000000000000e+01,1.470706662726119248e+04
1.183333333333333215e+01,1.466465933586045139e+04
1.185416666666666607e+01,1.462932166000523284e+04
1.187500000000000000e+01,1.460278204345549602e+04
1.189583333333333215e+01,1.458623855436008307e+04
1.191666666666666607e+01,1.457993201910485732e+04
1.193750000000000000e+01,1.458524536363930383e+04
1.195833333333333215e+01,1.460252593810373219e+04
1.197916666666666607e+01,1.463162786191728082e+04
1.200000000000000000e+01,1.467172175464698012e+04
1.202083333333333215e+01,1.472126043036483679e+04
1.204166666666666607e+01,1.477801145189250383e+04
1.206250000000000000e+01,1.483917207291224622e+04
1.208333333333333215e+01,1.490156416524187807e+04
1.210416666666666607e+01,1.496188790312665878e+04
1.212500000000000000e+01,1.501700112123984218e+04
1.214583333333333215e+01,1.506418765710427760e+04
1.216666666666666607e+01,1.510138149507040725e+04
1.218750000000000000e+01,1.512732177884919656e+04
1.220833333333333215e+01,1.514162424760889917e+04
1.222916666666666607e+01,1.514473049749338679e+04
1.225000000000000000e+01,1.513777468280959511e+04
1.227083333333333215e+01,1.512263954473776539e+04
1.229166666666666607e+01,1.510161684476767914e+04
1.231250000000000000e+01,1.507715992069811182e+04
1.233333333333333215e+01,1.674020583829902534e+04
1.235416666666666607e+01,1.615598653242142609e+04
1.237500000000000000e+01,1.572903973202047928e+04
1.239583333333333215e+01,1.548425263301941595e+04
1.241666666666666607e+01,1.543309963252018133e+04
1.243750000000000000e+01,1.552680098781074776e+04
1.245833333333333215e+01,1.572997136745063472e+04
1.247916666666666607e+01,1.601632983885634530e+04
1.250000000000000000e+01,1.636127038506777535e+04
1.252083333333333215e+01,1.673860552148581701e+04
1.254166666666666607e+01,1.712079565001398805e+04
1.256250000000000000e+01,1.748071652496514798e+04
1.258333333333333215e+01,1.779303569972544210e+04
1.260416666666666607e+01,1.803406921917906584e+04
1.262500000000000000e+01,1.814721800000000076e+04
1.264583333333333215e+01,1.814721800000000076e+04
1.266666666666666607e+01,1.762964304921862276e+04
1.268750000000000000e+01,1.698366949177333663e+04
1.270833333333333215e+01,1.634251402822400996e+04
1.272916666666666607e+01,1.574675157171345927e+04
1.275000000000000000e+01,1.524985345047217561e+04
1.277083333333333215e+01,1.490227388767573575e+04
1.279166666666666607e+01,1.472995484321052936e+04
1.281250000000000000e+01,1.472575469242137478e+04
1.283333333333333215e+01,1.485558764528381653e+04
1.285416666666666607e+01,1.507196185084481476e+04
1.287500000000000000e+01,1.532781883967820977e+04
1.289583333333333215e+01,1.558708863489191936e+04
1.291666666666666607e+01,1.583074564252983691e+04
1.293750000000000000e+01,1.605720150685735280e+04
1.295833333333333215e+01,1.616292150069526178e+04
1.297916666666666607e+01,1.598933992377188406e+04
1.300000000000000000e+01,1.585697794954119672e+04
1.302083333333333215e+01,1.577200988228177448e+04
1.304166666666666607e+01,1.572428073906549253e+04
1.306250000000000000e+01,1.570648236185315909e+04
1.308333333333333215e+01,1.572178711802624821e+04
1.310416666666666607e+01,1.578236946812248425e+04
1.312500000000000000e+01,1.589711619151244668e+04
1.314583333333333215e+01,1.606794880472738441e+04
1.316666666666666607e+01,1.629054979187520075e+04
1.318750000000000000e+01,1.655462133503770019e+04
1.320833333333333215e+01,1.684431454853483956e+04
1.322916666666666607e+01,1.713991682297539228e+04
1.325000000000000000e+01,1.741547381305758609e+04
1.327083333333333215e+01,1.737676072465912875e+04
1.329166666666666607e+01,1.710353845101244224e+04
1.331250000000000000e+01,1.637687182429841414e+04
1.333333333333333215e+01,1.558032241499285738e+04
1.335416666666666607e+01,1.509192527837631496e+04
1.337500000000000000e+01,1.503904323268013104e+04
1.339583333333333215e+01,1.521535402134590186e+04
1.341666666666666607e+01,1.480479569586586877e+04
1.343750000000000000e+01,1.417520032986501610e+04
1.345833333333333215e+01,1.351456695264339942e+04
1.347916666666666607e+01,1.279700038634953307e+04
1.350000000000000000e+01,1.206574918001802871e+04
1.352083333333333215e+01,1.139492675526982202e+04
1.354166666666666607e+01,1.085725232368685101e+04
1.356250000000000000e+01,1.051573936784846592e+04
1.358333333333333215e+01,1.041931294767558938e+04
1.360416666666666607e+01,1.059602126680058791e+04
1.362500000000000000e+01,1.104842210456110843e+04
1.364583333333333215e+01,1.175539142877816266e+04
1.366666666666666607e+01,1.267878119063780832e+04
1.368750000000000000e+01,1.377056908552588357e+04
1.370833333333333215e+01,1.497819064120392432e+04
1.372916666666666607e+01,1.624883447343157968e+04
1.375000000000000000e+01,1.757672606386971529e+04
1.377083333333333215e+01,1.814721800000000076e+04
1.379166666666666607e+01,1.814721800000000076e+04
1.381250000000000000e+01,1.814721800000000076e+04
1.383333333333333215e+01,1.814721800000000076e+04
1.385416666666666607e+01,1.814721800000000076e+04
1.387500000000000000e+01,1.814721800000000076e+04
1.389583333333333215e+01,1.814721800000000076e+04
1.391666666666666607e+01,1.814721800000000076e+04
1.393750000000000000e+01,1.814721800000000076e+04
1.395833333333333215e+01,1.814721800000000076e+04
1.397916666666666607e+01,1.814721800000000076e+04
1.400000000000000000e+01,1.814721800000000076e+04
1.402083333333333215e+01,1.814721800000000076e+04
1.404166666666666607e+01,1.814721800000000076e+04
1.406250000000000000e+01,1.814721800000000076e+04
1.408333333333333215e+01,1.814721800000000076e+04
1.410416666666666607e+01,1.814721800000000076e+04
1.412500000000000000e+01,1.814721800000000076e+04
1.414583333333333215e+01,1.814721800000000076e+04
1.416666666666666607e+01,1.814721800000000076e+04
1.418750000000000000e+01,1.390767589241677342e+04
1.420833333333333215e+01,9.440299999999999272e+03
1.422916666666666607e+01,9.440299999999999272e+03
1.425000000000000000e+01,9.440299999999999272e+03
1.427083333333333215e+01,9.440299999999999272e+03
1.429166666666666607e+01,9.440299999999999272e+03
1.431250000000000000e+01,9.440299999999999272e+03
1.433333333333333215e+01,9.440299999999999272e+03
1.435416666666666607e+01,9.440299999999999272e+03
1.437500000000000000e+01,9.440299999999999272e+03
1.439583333333333215e+01,9.440299999999999272e+03
1.441666666666666607e+01,9.440299999999999272e+03
1.443750000000000000e+01,9.440299999999999272e+03
1.445833333333333215e+01,9.440299999999999272e+03
1.447916666666666607e+01,9.440299999999999272e+03
1.450000000000000000e+01,1.290196439526265749e+04
1.452083333333333215e+01,1.289166500367907065e+04
1.454166666666666607e+01,1.292173783951658334e+04
1.456250000000000000e+01,1.298370495642624519e+04
1.458333333333333215e+01,1.307084088017972681e+04
1.460416666666666607e+01,1.338755306795610159e+04
1.462500000000000000e+01,1.374522821170256793e+04
1.464583333333333215e+01,1.406712987060106025e+04
1.466666666666666607e+01,1.433480921029697856e+04
1.468750000000000000e+01,1.454262194004754929e+04
1.470833333333333215e+01,1.469266640893771182e+04
1.472916666666666607e+01,1.479246188924791204e+04
1.475000000000000000e+01,1.485256021559536021e+04
1.477083333333333215e+01,1.488435756341303568e+04
1.479166666666666607e+01,1.489845340802920691e+04
1.481250000000000000e+01,1.490367434644470268e+04
1.483333333333333215e+01,1.490668854131252010e+04
1.485416666666666607e+01,1.491204728387226714e+04
1.487500000000000000e+01,1.492248519853085600e+04
1.489583333333333215e+01,1.493930407194382133e+04
1.491666666666666607e+01,1.496274428043511216e+04
1.493750000000000000e+01,1.499233390503526607e+04
1.495833333333333215e+01,1.502716782989766944e+04
1.497916666666666607e+01,1.506609624385087591e+04
1.500000000000000000e+01,1.510783391153555931e+04
1.502083333333333215e+01,1.515101824501673036e+04
1.504166666666666607e+01,1.519424885677838392e+04
1.506250000000000000e+01,1.523613505355216330e+04
1.508333333333333215e+01,1.527536433203642446e+04
1.510416666666666607e+01,1.531078996810099852e+04
1.512500000000000000e+01,1.534152446693856109e+04
1.514583333333333215e+01,1.536702057245920514e+04
1.516666666666666607e+01,1.538712234280915436e+04
1.518750000000000000e+01,1.540207464693441580e+04
1.520833333333333215e+01,1.541248869983426266e+04
1.522916666666666607e+01,1.541927047504018992e+04
1.525000000000000000e+01,1.542352552075850690e+04
1.527083333333333215e+01,1.542645718378109814e+04
1.529166666666666607e+01,1.542927575646044716e+04
1.531250000000000000e+01,1.543313437251597134e+04
1.533333333333333215e+01,1.543910468202122865e+04
1.535416666666666607e+01,1.544820261083072910e+04
1.537500000000000000e+01,1.546147276598836834e+04
1.539583333333333215e+01,1.548013922951871427e+04
1.541666666666666607e+01,1.550582766312348031e+04
1.543750000000000000e+01,1.554084763344598105e+04
1.545833333333333215e+01,1.558846095213223452e+04
1.547916666666666607e+01,1.565286247687989453e+04
1.550000000000000000e+01,1.573808201226038364e+04
1.552083333333333215e+01,1.584405338911082072e+04
1.554166666666666607e+01,1.595775644476743764e+04
1.556250000000000000e+01,1.604245766966116935e+04
1.558333333333333215e+01,1.604212886801240893e+04
1.560416666666666607e+01,1.591642354978537696e+04
1.562500000000000000e+01,1.567664200664436430e+04
1.564583333333333215e+01,1.537899445588749222e+04
1.566666666666666607e+01,1.508862639879156995e+04
1.568750000000000000e+01,1.484983940468639048e+04
1.570833333333333215e+01,1.468032372401234534e+04
1.572916666666666607e+01,1.458069401702002506e+04
1.575000000000000000e+01,1.454267072174590794e+04
1.577083333333333215e+01,1.455153516016032881e+04
1.579166666666666607e+01,1.459164890918180390e+04
1.581250000000000000e+01,1.465366539918472336e+04
1.583333333333333215e+01,1.473411820772583815e+04
1.585416666666666607e+01,1.483226514624346601e+04
1.587500000000000000e+01,1.494747693158222683e+04
1.589583333333333215e+01,1.507744889948203490e+04
1.591666666666666607e+01,1.521738089635030337e+04
1.593750000000000000e+01,1.536006847861357528e+04
1.595833333333333215e+01,1.549668380360706215e+04
1.597916666666666607e+01,1.561793861679393376e+04
1.600000000000000000e+01,1.571531903432874606e+04
1.602083333333333215e+01,1.578214462231986909e+04
1.604166666666666430e+01,1.581430147377010144e+04
1.606250000000000000e+01,1.581059749105147785e+04
1.608333333333333215e+01,1.577276285964828639e+04
1.610416666666666430e+01,1.570515805324019675e+04
1.612500000000000000e+01,1.561425612542163799e+04
1.614583333333333215e+01,1.550795375377017263e+04
1.616666666666666430e+01,1.539477102559318519e+04
1.618750000000000000e+01,1.528302201707700806e+04
1.620833333333333215e+01,1.518005060787910043e+04
1.622916666666666430e+01,1.509162432332312892e+04
1.625000000000000000e+01,1.502156005553742580e+04
1.627083333333333215e+01,1.497161723089990119e+04
1.629166666666666430e+01,1.494164557931308445e+04
1.631250000000000000e+01,1.492992788354492222e+04
1.633333333333333215e+01,1.493364059273430394e+04
1.635416666666666430e+01,1.494935899498825893e+04
1.637500000000000000e+01,1.497351847865254240e+04
1.639583333333333215e+01,1.500277438697296748e+04
1.641666666666666430e+01,1.503423460133161279e+04
1.643750000000000000e+01,1.506556643940529830e+04
1.645833333333333215e+01,1.509500170069116939e+04
1.647916666666666430e+01,1.512127637514107846e+04
1.650000000000000000e+01,1.680466567865648904e+04
1.652083333333333215e+01,1.612240713358521316e+04
1.654166666666666430e+01,1.573700969882446952e+04
1.656250000000000000e+01,1.561281204162778158e+04
1.658333333333333215e+01,1.567895347508844497e+04
1.660416666666666430e+01,1.579962893126845302e+04
1.662500000000000000e+01,1.582517095205993246e+04
1.664583333333333215e+01,1.585946951505084508e+04
1.666666666666666430e+01,1.587191394863004098e+04
1.668750000000000000e+01,1.584217388377555835e+04
1.670833333333333215e+01,1.575070020865168772e+04
1.672916666666666430e+01,1.558831372513300084e+04
1.675000000000000000e+01,1.536548314329532877e+04
1.677083333333333215e+01,1.512109568418122581e+04
1.679166666666666430e+01,1.491712998411353692e+04
1.681250000000000000e+01,1.481646384456027590e+04
1.683333333333333215e+01,1.486027578656915284e+04
1.685416666666666430e+01,1.505796295279667538e+04
1.687500000000000000e+01,1.538973979961752048e+04
1.689583333333333215e+01,1.581523439137471723e+04
1.691666666666666430e+01,1.628336297924119935e+04
1.693750000000000000e+01,1.674804897408879697e+04
1.695833333333333215e+01,1.715462383602645787e+04
1.697916666666666430e+01,1.747217509555264041e+04
1.700000000000000000e+01,1.770309951257799185e+04
1.702083333333333215e+01,1.787301447987089705e+04
1.704166666666666430e+01,1.800410123518324326e+04
1.706250000000000000e+01,1.809151434943049389e+04
1.708333333333333215e+01,1.800913312549272086e+04
1.710416666666666430e+01,1.780866606670758483e+04
1.712500000000000000e+01,1.751559118854469489e+04
1.714583333333333215e+01,1.673285132360971693e+04
1.716666666666666430e+01,1.562803898828473757e+04
1.718750000000000000e+01,1.440887204057993586e+04
1.720833333333333215e+01,1.345550491374998819e+04
1.722916666666666430e+01,1.269107456143216041e+04
1.725000000000000000e+01,1.209818520188567709e+04
1.727083333333333215e+01,1.160608933033210997e+04
1.729166666666666430e+01,1.187675485631367337e+04
1.731250000000000000e+01,1.244045686948885486e+04
1.733333333333333215e+01,1.257532475399414398e+04
1.735416666666666430e+01,1.289986609949676858e+04
1.737500000000000000e+01,1.337740709009787315e+04
1.739583333333333215e+01,1.407827240457466542e+04
1.741666666666666430e+01,1.509634192149477531e+04
1.743750000000000000e+01,1.647283454173485370e+04
1.745833333333333215e+01,1.814721800000000076e+04
1.747916666666666430e+01,1.814721800000000076e+04
1.750000000000000000e+01,1.814721800000000076e+04
1.752083333333333215e+01,1.437004833439276263e+04
1.754166666666666430e+01,1.443443218093266478e+04
1.756250000000000000e+01,1.454033787348972328e+04
1.758333333333333215e+01,1.467143851189683483e+04
1.760416666666666430e+01,1.496980106033886113e+04
1.762500000000000000e+01,1.536399101560470808e+04
1.764583333333333215e+01,1.570872710826511320e+04
1.766666666666666430e+01,1.597165333489548357e+04
1.768750000000000000e+01,1.614331908118379943e+04
1.770833333333333215e+01,1.622696121647231848e+04
1.772916666666666430e+01,1.623471656494135095e+04
1.775000000000000000e+01,1.618371361621656251e+04
1.777083333333333215e+01,1.609237102396388582e+04
1.779166666666666430e+01,1.597760810328886146e+04
1.781250000000000000e+01,1.585322815587539662e+04
1.783333333333333215e+01,1.572933813618620843e+04
1.785416666666666430e+01,1.561250146279014371e+04
1.787500000000000000e+01,1.550630935132590093e+04
1.789583333333333215e+01,1.541209978209438850e+04
1.791666666666666430e+01,1.532970201837784771e+04
1.793750000000000000e+01,1.525810570273852500e+04
1.795833333333333215e+01,1.519595649544198022e+04
1.797916666666666430e+01,1.514185016059400732e+04
1.800000000000000000e+01,1.509445627705349398e+04
1.802083333333333215e+01,1.505253591173075984e+04
1.804166666666666430e+01,1.501492236231207426e+04
1.806250000000000000e+01,1.498051645789865506e+04
1.808333333333333215e+01,1.494831997434881123e+04
1.810416666666666430e+01,1.491750443782609727e+04
1.812500000000000000e+01,1.488749540543083276e+04
1.814583333333333215e+01,1.485804575514605676e+04
1.816666666666666430e+01,1.482927410846546263e+04
1.818750000000000000e+01,1.480165410463657463e+04
1.820833333333333215e+01,1.477595261166852652e+04
1.822916666666666430e+01,1.475312592360780036e+04
1.825000000000000000e+01,1.473419049529848417e+04
1.827083333333333215e+01,1.472008815371935634e+04
1.829166666666666430e+01,1.471156515782429051e+04
1.831250000000000000e+01,1.470908070731710541e+04
1.833333333333333215e+01,1.471275465849352986e+04
1.835416666666666430e+01,1.472235759263265572e+04
1.837500000000000000e+01,1.473734024888291606e+04
1.839583333333333215e+01,1.475689466001925030e+04
1.841666666666666430e+01,1.478003665827077930e+04
1.843750000000000000e+01,1.480569877244912641e+04
1.845833333333333215e+01,1.483282342725308990e+04
1.847916666666666430e+01,1.486044798427502974e+04
1.850000000000000000e+01,1.488777482174657052e+04
1.852083333333333215e+01,1.491422089306229100e+04
1.854166666666666430e+01,1.493944180638251055e+04
1.856250000000000000e+01,1.496332543478784646e+04
1.858333333333333215e+01,1.498594968250008242e+04
1.860416666666666430e+01,1.500749892029317562e+04
1.862500000000000000e+01,1.502813491846724719e+04
1.864583333333333215e+01,1.504782288521575174e+04
1.866666666666666430e+01,1.506612460265606205e+04
1.868750000000000000e+01,1.508199216243480623e+04
1.870833333333333215e+01,1.509362815623309143e+04
1.872916666666666430e+01,1.509851243035426160e+04
1.875000000000000000e+01,1.509370518038732553e+04
1.877083333333333215e+01,1.507647999093414910e+04
1.879166666666666430e+01,1.504519311458611628e+04
1.881250000000000000e+01,1.500010199278989603e+04
1.883333333333333215e+01,1.494374255158577944e+04
1.885416666666666430e+01,1.488059969982263283e+04
1.887500000000000000e+01,1.481614308609460204e+04
1.889583333333333215e+01,1.475563626179307539e+04
1.891666666666666430e+01,1.470321943922756691e+04
1.893750000000000000e+01,1.466156383003343217e+04
1.895833333333333215e+01,1.463206927733461271e+04
1.897916666666666430e+01,1.461534450540735997e+04
1.900000000000000000e+01,1.461166774324963626e+04
1.902083333333333215e+01,1.462122993757460426e+04
1.904166666666666430e+01,1.464411253389337435e+04
1.906250000000000000e+01,1.468006992877299854e+04
1.908333333333333215e+01,1.472824342680052723e+04
1.910416666666666430e+01,1.478693305679417244e+04
1.912500000000000000e+01,1.485351532707221850e+04
1.914583333333333215e+01,1.492454135382552704e+04
1.916666666666666430e+01,1.499599947949091438e+04
1.918750000000000000e+01,1.506369108097289791e+04
1.920833333333333215e+01,1.512365163994964314e+04
1.922916666666666430e+01,1.517254928059614758e+04
1.925000000000000000e+01,1.520800476040131252e+04
1.927083333333333215e+01,1.522879475858785372e+04
1.929166666666666430e+01,1.523491989725719759e+04
1.931250000000000000e+01,1.522753763306751716e+04
1.933333333333333215e+01,1.520819809627981886e+04
1.935416666666666430e+01,1.517931190065980991e+04
1.937500000000000000e+01,1.514566208120130614e+04
1.939583333333333215e+01,1.511031585231608551e+04
1.941666666666666430e+01,1.507612549184528325e+04
1.943750000000000000e+01,1.504548084605307304e+04
1.945833333333333215e+01,1.502014585601224826e+04
1.947916666666666430e+01,1.500118504469417167e+04
1.950000000000000000e+01,1.498897318480952163e+04
1.952083333333333215e+01,1.664911768173401651e+04
1.954166666666666430e+01,1.593516508312454971e+04
1.956250000000000000e+01,1.552352394758943774e+04
1.958333333333333215e+01,1.537871681895163783e+04
1.960416666666666430e+01,1.542217509652768422e+04
1.962500000000000000e+01,1.559563711314413376e+04
1.964583333333333215e+01,1.586151903173004757e+04
1.966666666666666430e+01,1.619400008432146205e+04
1.968750000000000000e+01,1.657023785676738407e+04
1.970833333333333215e+01,1.696602098382697295e+04
1.972916666666666430e+01,1.735437321280773176e+04
1.975000000000000000e+01,1.770525868792311667e+04
1.977083333333333215e+01,1.798555316831120217e+04
1.979166666666666430e+01,1.814721800000000076e+04
1.981250000000000000e+01,1.764910504137250973e+04
1.983333333333333215e+01,1.699520574571610996e+04
1.985416666666666430e+01,1.634892978656193736e+04
1.987500000000000000e+01,1.577019115566518303e+04
1.989583333333333215e+01,1.531927178172339336e+04
1.991666666666666430e+01,1.503589027584000723e+04
1.993750000000000000e+01,1.492672065165789536e+04
1.995833333333333215e+01,1.496443192263792298e+04
1.997916666666666430e+01,1.509899116083179979e+04
2.000000000000000000e+01,1.527804462572097691e+04
2.002083333333333215e+01,1.546299296696994861e+04
2.004166666666666430e+01,1.563661222471324436e+04
2.006250000000000000e+01,1.580146213241682199e+04
2.008333333333333215e+01,1.597067560874991250e+04
2.010416666666666430e+01,1.615419172829417221e+04
2.012500000000000000e+01,1.624518224202312558e+04
2.014583333333333215e+01,1.618442984145742594e+04
2.016666666666666430e+01,1.615495838644968171e+04
2.018750000000000000e+01,1.614165581039407698e+04
2.020833333333333215e+01,1.613337887396960286e+04
2.022916666666666430e+01,1.612837830699613914e+04
2.025000000000000000e+01,1.613267403926106999e+04
2.027083333333333215e+01,1.615432822021549873e+04
2.029166666666666430e+01,1.617654836368993347e+04
2.031250000000000000e+01,1.594108871724410346e+04
2.033333333333333215e+01,1.573465126522649371e+04
2.035416666666666430e+01,1.556198860071515446e+04
2.037500000000000000e+01,1.539149840999298249e+04
2.039583333333333215e+01,1.518503813984897715e+04
2.041666666666666430e+01,1.490264265532475838e+04
2.043750000000000000e+01,1.452119681668830162e+04
2.045833333333333215e+01,1.409958823619159011e+04
2.047916666666666430e+01,1.390470625301567634e+04
2.050000000000000000e+01,1.374688526949416701e+04
2.052083333333333215e+01,1.363317931840159144e+04
2.054166666666666430e+01,1.355073388792390324e+04
2.056250000000000000e+01,1.348833927506479813e+04
2.058333333333333215e+01,1.345748906306697972e+04
2.060416666666666430e+01,1.348233873560720167e+04
2.062500000000000000e+01,1.358412833827240320e+04
2.064583333333333215e+01,1.377541359581666984e+04
2.066666666666666430e+01,1.405737294560169175e+04
2.068750000000000000e+01,1.441894617394954184e+04
2.070833333333333215e+01,1.483751696994762096e+04
2.072916666666666430e+01,1.528062882680635812e+04
2.075000000000000000e+01,1.570886569078966204e+04
2.077083333333333215e+01,1.630333659540405642e+04
2.079166666666666430e+01,1.683461823443164758e+04
2.081250000000000000e+01,1.722028431191300115e+04
2.083333333333333215e+01,1.734783980523354694e+04
2.085416666666666430e+01,1.735573511388621773e+04
2.087500000000000000e+01,1.718563001680568777e+04
2.089583333333333215e+01,1.723798084540310811e+04
2.091666666666666430e+01,1.735856326039883061e+04
2.093750000000000000e+01,1.695511909044374625e+04
2.095833333333333215e+01,1.645680440207742504e+04
2.097916666666666430e+01,1.570472086477407356e+04
2.100000000000000000e+01,1.500455267320289204e+04
2.102083333333333215e+01,1.439625901664635603e+04
2.104166666666666430e+01,1.383440687542793967e+04
2.106250000000000000e+01,1.331184319867380691e+04
2.108333333333333215e+01,1.302927741970934585e+04
2.110416666666666430e+01,1.304154932311290395e+04
2.112500000000000000e+01,1.337678550596040441e+04
2.114583333333333215e+01,1.404051059310306664e+04
2.116666666666666430e+01,1.505475967261611731e+04
2.118750000000000000e+01,1.647024491692613447e+04
2.120833333333333215e+01,1.795776954165324423e+04
2.122916666666666430e+01,1.814721800000000076e+04
2.125000000000000000e+01,1.814721800000000076e+04
2.127083333333333215e+01,1.814721800000000076e+04
2.129166666666666430e+01,1.814721800000000076e+04
2.131250000000000000e+01,1.814721800000000076e+04
2.133333333333333215e+01,1.814721800000000076e+04
2.135416666666666430e+01,1.814721800000000076e+04
2.137500000000000000e+01,1.814721800000000076e+04
2.139583333333333215e+01,1.814721800000000076e+04
2.141666666666666430e+01,1.814721800000000076e+04
2.143750000000000000e+01,1.814721800000000076e+04
2.145833333333333215e+01,1.814721800000000076e+04
2.147916666666666430e+01,1.814721800000000076e+04
2.150000000000000000e+01,1.814721800000000076e+04
2.152083333333333215e+01,1.814721800000000076e+04
2.154166666666666430e+01,1.814721800000000076e+04
2.156250000000000000e+01,1.814721800000000076e+04
2.158333333333333215e+01,1.814721800000000076e+04
2.160416666666666430e+01,1.814721800000000076e+04
2.162500000000000000e+01,1.690475919319342574e+04
2.164583333333333215e+01,1.295861737272132450e+04
2.166666666666666430e+01,9.440299999999999272e+03
2.168750000000000000e+01,9.440299999999999272e+03
2.170833333333333215e+01,9.440299999999999272e+03
2.172916666666666430e+01,9.440299999999999272e+03
2.175000000000000000e+01,9.440299999999999272e+03
2.177083333333333215e+01,9.440299999999999272e+03
2.179166666666666430e+01,9.440299999999999272e+03
2.181250000000000000e+01,9.440299999999999272e+03
2.183333333333333215e+01,9.440299999999999272e+03
2.185416666666666430e+01,9.440299999999999272e+03
2.187500000000000000e+01,9.440299999999999272e+03
2.189583333333333215e+01,9.440299999999999272e+03
2.191666666666666430e+01,9.440299999999999272e+03
2.193750000000000000e+01,1.426047272249934758e+04
2.195833333333333215e+01,1.432266560865469728e+04
2.197916666666666430e+01,1.442346646254707593e+04
2.200000000000000000e+01,1.454909473022052771e+04
2.202083333333333215e+01,1.478328316242975779e+04
2.204166666666666430e+01,1.518402907660051278e+04
2.206250000000000000e+01,1.554829337276379010e+04
2.208333333333333215e+01,1.583685229945690298e+04
2.210416666666666430e+01,1.603812393030317617e+04
2.212500000000000000e+01,1.615354434376903009e+04
2.214583333333333215e+01,1.619351516413700665e+04
2.216666666666666430e+01,1.617362603081529232e+04
2.218750000000000000e+01,1.611107373307285161e+04
2.220833333333333215e+01,1.602193554004445468e+04
2.222916666666666430e+01,1.591956589243874987e+04
2.225000000000000000e+01,1.581399525458622884e+04
2.227083333333333215e+01,1.571203173892168707e+04
2.229166666666666430e+01,1.561776081539132792e+04
2.231250000000000000e+01,1.553317434561121263e+04
2.233333333333333215e+01,1.545879164123078590e+04
2.235416666666666430e+01,1.539422092434882870e+04
2.237500000000000000e+01,1.533859001552769405e+04
2.239583333333333215e+01,1.529082123983808560e+04
2.241666666666666430e+01,1.524977248546906776e+04
2.243750000000000000e+01,1.521429188973488272e+04
2.245833333333333215e+01,1.518323865206079063e+04
2.247916666666666430e+01,1.515551049648378830e+04
2.250000000000000000e+01,1.513009738818657934e+04
2.252083333333333215e+01,1.510616040627736947e+04
2.254166666666666430e+01,1.508312027803867022e+04
2.256250000000000000e+01,1.506073391443019136e+04
2.258333333333333215e+01,1.503913939580462829e+04
2.260416666666666430e+01,1.501885828721278085e+04
2.262500000000000000e+01,1.500075483127879852e+04
2.264583333333333215e+01,1.498596103101023618e+04
2.266666666666666430e+01,1.497578306528593384e+04
2.268750000000000000e+01,1.497160701944357788e+04
2.270833333333333215e+01,1.497482010780818746e+04
2.272916666666666430e+01,1.498675672444489828e+04
2.275000000000000000e+01,1.500866486884368351e+04
2.277083333333333215e+01,1.504166320830634504e+04
2.279166666666666430e+01,1.508661385903434348e+04
2.281250000000000000e+01,1.514376123907463625e+04
2.283333333333333215e+01,1.521189139580235133e+04
2.285416666666666430e+01,1.528673987857408429e+04
2.287500000000000000e+01,1.535871325485384659e+04
2.289583333333333215e+01,1.541115409880021616e+04
2.291666666666666430e+01,1.542212417488217397e+04
2.293750000000000000e+01,1.537237533440125117e+04
2.295833333333333215e+01,1.525672272413959217e+04
2.297916666666666430e+01,1.508988827823680185e+04
2.300000000000000000e+01,1.490101183194099940e+04
2.302083333333333215e+01,1.472113402173331997e+04
2.304166666666666430e+01,1.457248523978924641e+04
2.306250000000000000e+01,1.446463737546495031e+04
2.308333333333333215e+01,1.439695850020537182e+04
2.310416666666666430e+01,1.436383523832162973e+04
2.312500000000000000e+01,1.435928226370327684e+04
2.314583333333333215e+01,1.437935047673666486e+04
2.316666666666666430e+01,1.442241266225062645e+04
2.318750000000000000e+01,1.448815936668827271e+04
2.320833333333333215e+01,1.457616865767734635e+04
2.322916666666666430e+01,1.468466046660635766e+04
2.325000000000000000e+01,1.480976649086445832e+04
2.327083333333333215e+01,1.494541835682316378e+04
2.329166666666666430e+01,1.508379124789889102e+04
2.331250000000000000e+01,1.521613729042670457e+04
2.333333333333333215e+01,1.533379922406076003e+04
2.335416666666666430e+01,1.542920143611645108e+04
2.337500000000000000e+01,1.549665817850657913e+04
2.339583333333333215e+01,1.553290042272581559e+04
2.341666666666666430e+01,1.553728622143207394e+04
2.343750000000000000e+01,1.551171149949654864e+04
2.345833333333333215e+01,1.546027235396251490e+04
2.347916666666666430e+01,1.538874639258272509e+04
2.350000000000000000e+01,1.530396447961910235e+04
2.352083333333333215e+01,1.521314220916020349e+04
2.354166666666666430e+01,1.512323639587320577e+04
2.356250000000000000e+01,1.504038524771857556e+04
2.358333333333333215e+01,1.496947966807746343e+04
2.360416666666666430e+01,1.491389664865741724e+04
2.362500000000000000e+01,1.487540516719510924e+04
2.364583333333333215e+01,1.485423391842869751e+04
2.366666666666666430e+01,1.484927231195310378e+04
2.368750000000000000e+01,1.485836301627485955e+04
2.370833333333333215e+01,1.487863908343622461e+04
2.372916666666666430e+01,1.490686270995629093e+04
2.375000000000000000e+01,1.493973240331851775e+04
2.377083333333333215e+01,1.497413749633883344e+04
2.379166666666666430e+01,1.500735095173733862e+04
2.381250000000000000e+01,1.503716087660113408e+04
2.383333333333333215e+01,1.506194679033973080e+04
2.385416666666666430e+01,1.508070841736783041e+04
2.387500000000000000e+01,1.509305375329301023e+04
2.389583333333333215e+01,1.509915125986704516e+04
2.391666666666666430e+01,1.509965009173987346e+04
2.393750000000000000e+01,1.625487189285409113e+04
2.395833333333333215e+01,1.582424634297925149e+04
2.397916666666666430e+01,1.554049421561958661e+04
2.400000000000000000e+01,1.536396605135181744e+04
2.402083333333333215e+01,1.524918336559400632e+04
2.404166666666666430e+01,1.516244138738451875e+04
2.406250000000000000e+01,1.508479244469794503e+04
2.408333333333333215e+01,1.501143986555595620e+04
2.410416666666666430e+01,1.494961528136678680e+04
2.412500000000000000e+01,1.491239059479181742e+04
2.414583333333333215e+01,1.490894346260879684e+04
2.416666666666666430e+01,1.494605173332113554e+04
2.418750000000000000e+01,1.502610094889013635e+04
2.420833333333333215e+01,1.514556083018344361e+04
2.422916666666666430e+01,1.529444053697523486e+04
2.425000000000000000e+01,1.545721743028027413e+04
2.427083333333333215e+01,1.561520346515094934e+04
2.429166666666666430e+01,1.574986848073049623e+04
2.431250000000000000e+01,1.584600106386881089e+04
2.433333333333333215e+01,1.588737910495068718e+04
2.435416666666666430e+01,1.586364971666706333e+04
2.437500000000000000e+01,1.577996115247863781e+04
2.439583333333333215e+01,1.564812403614131472e+04
2.441666666666666430e+01,1.547985511333479008e+04
2.443750000000000000e+01,1.528666355510849826e+04
2.445833333333333215e+01,1.508482091067382862e+04
2.447916666666666430e+01,1.489464251234837138e+04
2.450000000000000000e+01,1.473667689284666631e+04
2.452083333333333215e+01,1.463134991170838475e+04
2.454166666666666430e+01,1.459408200279117227e+04
2.456250000000000000e+01,1.463159051448538958e+04
2.458333333333333215e+01,1.474137035099127752e+04
2.460416666666666430e+01,1.491400188412039279e+04
2.462500000000000000e+01,1.513637975783814545e+04
2.464583333333333215e+01,1.539403067985689995e+04
2.466666666666666430e+01,1.567189214440408250e+04
2.468750000000000000e+01,1.595365081075117268e+04
2.470833333333333215e+01,1.622081340389315301e+04
2.472916666666666430e+01,1.645291459445549481e+04
2.475000000000000000e+01,1.662977337901362262e+04
2.477083333333333215e+01,1.673550197318422943e+04
2.479166666666666430e+01,1.676281427691831050e+04
2.481250000000000000e+01,1.671320467065171397e+04
2.483333333333333215e+01,1.658999452668608137e+04
2.485416666666666430e+01,1.640699609498359860e+04
2.487500000000000000e+01,1.618825543548772475e+04
2.489583333333333215e+01,1.595193995458827339e+04
2.491666666666666430e+01,1.570644832108260744e+04
2.493750000000000000e+01,1.545795161335760713e+04
2.495833333333333215e+01,1.520643094190941338e+04
2.497916666666666430e+01,1.495171436910935154e+04
2.500000000000000000e+01,1.469845023073135235e+04
2.502083333333333215e+01,1.445883801101919380e+04
2.504166666666666430e+01,1.425357068455653643e+04
2.506250000000000000e+01,1.411035068126405531e+04
2.508333333333333215e+01,1.406004424494572595e+04
2.510416666666666430e+01,1.413107090745346068e+04
2.512500000000000000e+01,1.434428038928299793e+04
2.514583333333333215e+01,1.471210600277601407e+04
2.516666666666666430e+01,1.523064754686569722e+04
2.518750000000000000e+01,1.588028609771750780e+04
2.520833333333333215e+01,1.662591588019685514e+04
2.522916666666666430e+01,1.741859520414900908e+04
2.525000000000000000e+01,1.814721800000000076e+04
2.527083333333333215e+01,1.814721800000000076e+04
2.529166666666666430e+01,1.814721800000000076e+04
2.531250000000000000e+01,1.814721800000000076e+04
2.533333333333333215e+01,1.814721800000000076e+04
2.535416666666666430e+01,1.814721800000000076e+04
2.537500000000000000e+01,1.814721800000000076e+04
2.539583333333333215e+01,1.814721800000000076e+04
2.541666666666666430e+01,1.814721800000000076e+04
2.543750000000000000e+01,1.814721800000000076e+04
2.545833333333333215e+01,1.814721800000000076e+04
2.547916666666666430e+01,1.814721800000000076e+04
2.550000000000000000e+01,1.814721800000000076e+04
2.552083333333333215e+01,1.789101402429194059e+04
2.554166666666666430e+01,1.719268040027336610e+04
2.556250000000000000e+01,1.668616809502819524e+04
2.558333333333333215e+01,1.636627125067503221e+04
2.560416666666666430e+01,1.621574502124933861e+04
2.562500000000000000e+01,1.624101759478855820e+04
2.564583333333333215e+01,1.645377213748824579e+04
2.566666666666666430e+01,1.685715174356665011e+04
2.568750000000000000e+01,1.740575881059521998e+04
2.570833333333333215e+01,1.797973197139104013e+04
2.572916666666666430e+01,1.814721800000000076e+04
2.575000000000000000e+01,1.814721800000000076e+04
2.577083333333333215e+01,1.814721800000000076e+04
2.579166666666666430e+01,1.814721800000000076e+04
2.581250000000000000e+01,1.814721800000000076e+04
2.583333333333333215e+01,1.767260228817450843e+04
2.585416666666666430e+01,1.700492190991143070e+04
2.587500000000000000e+01,1.656751815417879698e+04
2.589583333333333215e+01,1.640236450464348309e+04
2.591666666666666430e+01,1.649703445746561192e+04
2.593750000000000000e+01,1.676027307942275365e+04
2.595833333333333215e+01,1.709343371128873332e+04
2.597916666666666430e+01,1.746349852801158704e+04
2.600000000000000000e+01,1.785468308713624720e+04
2.602083333333333215e+01,1.814721800000000076e+04
2.604166666666666430e+01,1.814721800000000076e+04
2.606250000000000000e+01,1.814721800000000076e+04
2.608333333333333215e+01,1.814721800000000076e+04
2.610416666666666430e+01,1.814721800000000076e+04
2.612500000000000000e+01,1.814721800000000076e+04
2.614583333333333215e+01,1.814721800000000076e+04
2.616666666666666430e+01,1.814721800000000076e+04
2.618750000000000000e+01,1.814721800000000076e+04
2.620833333333333215e+01,1.814721800000000076e+04
2.622916666666666430e+01,1.814721800000000076e+04
2.625000000000000000e+01,1.800513623239693334e+04
2.627083333333333215e+01,1.747978767157254333e+04
2.629166666666666430e+01,1.698205675416899976e+04
2.631250000000000000e+01,1.655504179431326338e+04
2.633333333333333215e+01,1.623040215256556985e+04
2.635416666666666430e+01,1.604108871146564707e+04
2.637500000000000000e+01,1.600592113184102345e+04
2.639583333333333215e+01,1.615391570762521224e+04
2.641666666666666430e+01,1.652715760654936093e+04
2.643750000000000000e+01,1.785313181163206536e+04
2.645833333333333215e+01,1.814721800000000076e+04
2.647916666666666430e+01,1.814721800000000076e+04
2.650000000000000000e+01,1.814721800000000076e+04
2.652083333333333215e+01,1.814721800000000076e+04
2.654166666666666430e+01,1.814721800000000076e+04
2.656250000000000000e+01,1.814721800000000076e+04
2.658333333333333215e+01,1.814721800000000076e+04
2.660416666666666430e+01,1.814721800000000076e+04
2.662500000000000000e+01,1.814721800000000076e+04
2.664583333333333215e+01,1.814721800000000076e+04
2.666666666666666430e+01,1.811689548821943390e+04
2.668750000000000000e+01,1.733949050443818851e+04
2.670833333333333215e+01,1.694054279243216661e+04
2.672916666666666430e+01,1.710310588035676119e+04
2.675000000000000000e+01,1.794877190614564461e+04
2.677083333333333215e+01,1.814721800000000076e+04
2.679166666666666430e+01,1.814721800000000076e+04
2.681250000000000000e+01,1.814721800000000076e+04
2.683333333333333215e+01,1.814721800000000076e+04
2.685416666666666430e+01,1.814721800000000076e+04
2.687500000000000000e+01,1.814721800000000076e+04
2.689583333333333215e+01,1.457904462245964896e+04
2.691666666666666430e+01,1.465187878034829555e+04
2.693750000000000000e+01,1.476412642643226718e+04
2.695833333333333215e+01,1.489963648670123439e+04
2.697916666666666430e+01,1.519379015525685463e+04
2.700000000000000000e+01,1.559319253689893594e+04
2.702083333333333215e+01,1.594079034038376267e+04
2.704166666666666430e+01,1.620264869453968640e+04
2.706250000000000000e+01,1.636953651787583294e+04
2.708333333333333215e+01,1.644543935335942297e+04
2.710416666666666430e+01,1.644335650857413202e+04
2.712500000000000000e+01,1.638114228177612677e+04
2.714583333333333215e+01,1.627768685828019443e+04
2.716666666666666430e+01,1.615013002278381464e+04
2.718750000000000000e+01,1.601232285976405183e+04
2.720833333333333215e+01,1.587434885743986524e+04
2.722916666666666430e+01,1.574276334445368047e+04
2.725000000000000000e+01,1.562121677627645840e+04
2.727083333333333215e+01,1.551118977277782324e+04
2.729166666666666430e+01,1.541272346629879394e+04
2.731250000000000000e+01,1.532505462196051667e+04
2.733333333333333215e+01,1.524707369787889183e+04
2.735416666666666430e+01,1.517759050022193333e+04
2.737500000000000000e+01,1.511544451505508187e+04
2.739583333333333215e+01,1.505952331717539710e+04
2.741666666666666430e+01,1.500875273927348826e+04
2.743750000000000000e+01,1.496210362696123047e+04
2.745833333333333215e+01,1.491863347428594716e+04
2.747916666666666430e+01,1.487755764582605480e+04
2.750000000000000000e+01,1.483833044472764959e+04
2.752083333333333215e+01,1.480071178140147458e+04
2.754166666666666430e+01,1.476479868097966391e+04
2.756250000000000000e+01,1.473101017324127315e+04
2.758333333333333215e+01,1.470002546504399652e+04
2.760416666666666430e+01,1.467268494384421138e+04
2.762500000000000000e+01,1.464986979508617878e+04
2.764583333333333215e+01,1.463237846977566005e+04
2.766666666666666430e+01,1.462081722133881340e+04
2.768750000000000000e+01,1.461551821749358351e+04
2.770833333333333215e+01,1.461649337967982137e+04
2.772916666666666430e+01,1.462342625993657566e+04
2.775000000000000000e+01,1.463569899364626326e+04
2.777083333333333215e+01,1.465244745932490696e+04
2.779166666666666430e+01,1.467263563368472023e+04
2.781250000000000000e+01,1.469513974466631043e+04
2.783333333333333215e+01,1.471883380011412373e+04
2.785416666666666430e+01,1.474266969792535747e+04
2.787500000000000000e+01,1.476574681761555257e+04
2.789583333333333215e+01,1.478736750497794492e+04
2.791666666666666430e+01,1.480707606220121306e+04
2.793750000000000000e+01,1.482467973271030860e+04
2.795833333333333215e+01,1.484025085501380818e+04
2.797916666666666430e+01,1.485411001296306131e+04
2.800000000000000000e+01,1.486679071270107670e+04
2.802083333333333215e+01,1.487898683376852205e+04
2.804166666666666430e+01,1.489148470003400143e+04
2.806250000000000000e+01,1.490508192874454107e+04
2.808333333333333215e+01,1.492049514464074309e+04
2.810416666666666430e+01,1.493825829831324154e+04
2.812500000000000000e+01,1.495861319315181754e+04
2.814583333333333215e+01,1.497997460405138190e+04
2.816666666666666430e+01,1.500087451090955801e+04
2.818750000000000000e+01,1.502323175771908427e+04
2.820833333333333215e+01,1.504488825252062452e+04
2.822916666666666430e+01,1.506310859653351872e+04
2.825000000000000000e+01,1.507478354224461145e+04
2.827083333333333215e+01,1.507682918047254498e+04
2.829166666666666430e+01,1.506676299377946998e+04
2.831250000000000000e+01,1.504333519617191632e+04
2.833333333333333215e+01,1.500700153724150732e+04
2.835416666666666430e+01,1.496001852510993922e+04
2.837500000000000000e+01,1.490606836154298799e+04
2.839583333333333215e+01,1.485073818791838130e+04
2.841666666666666430e+01,1.479834503229067195e+04
2.843750000000000000e+01,1.474944509287068286e+04
2.845833333333333215e+01,1.470675882075499612e+04
2.847916666666666430e+01,1.467269089833943144e+04
2.850000000000000000e+01,1.464895799214348153e+04
2.852083333333333215e+01,1.463674835815694314e+04
2.854166666666666430e+01,1.463687982845665101e+04
2.856250000000000000e+01,1.464983324610635827e+04
2.858333333333333215e+01,1.467565505675035820e+04
2.860416666666666430e+01,1.471378833434586704e+04
2.862500000000000000e+01,1.476291599355094149e+04
2.864583333333333215e+01,1.482088964689122804e+04
2.866666666666666430e+01,1.488478614885434581e+04
2.868750000000000000e+01,1.495109633655233847e+04
2.870833333333333215e+01,1.501601850781490793e+04
2.872916666666666430e+01,1.507580913546952070e+04
2.875000000000000000e+01,1.512713651960893912e+04
2.877083333333333215e+01,1.516738738966075471e+04
2.879166666666666430e+01,1.519488818431786422e+04
2.881250000000000000e+01,1.520901811052922130e+04
2.883333333333333215e+01,1.521020141089227764e+04
2.885416666666666430e+01,1.519968527387287031e+04
2.887500000000000000e+01,1.517961065311686616e+04
2.889583333333333215e+01,1.688872184074051984e+04
2.891666666666666430e+01,1.625924911283722395e+04
2.893750000000000000e+01,1.593481273333491117e+04
2.895833333333333215e+01,1.563728855406164439e+04
2.897916666666666430e+01,1.552032952468289659e+04
2.900000000000000000e+01,1.554894065260022762e+04
2.902083333333333215e+01,1.568906339933739946e+04
2.904166666666666430e+01,1.591574070056591881e+04
2.906250000000000000e+01,1.620663019677153716e+04
2.908333333333333215e+01,1.653831259133731146e+04
2.910416666666666430e+01,1.688599525786466620e+04
2.912500000000000000e+01,1.722512082235855269e+04
2.914583333333333215e+01,1.753326283071992293e+04
2.916666666666666430e+01,1.779111141524506456e+04
2.918750000000000000e+01,1.798200224235952192e+04
2.920833333333333215e+01,1.809017391465404944e+04
2.922916666666666430e+01,1.800892624524647181e+04
2.925000000000000000e+01,1.745640840729934280e+04
2.927083333333333215e+01,1.689841295057066964e+04
2.929166666666666430e+01,1.633462895439197382e+04
2.931250000000000000e+01,1.578491631283351308e+04
2.933333333333333215e+01,1.530153252354291908e+04
2.935416666666666430e+01,1.494891312576388009e+04
2.937500000000000000e+01,1.476986975439227899e+04
2.939583333333333215e+01,1.478745679755917809e+04
2.941666666666666430e+01,1.491458503022581499e+04
2.943750000000000000e+01,1.514689050467240304e+04
2.945833333333333215e+01,1.542643565189914443e+04
2.947916666666666430e+01,1.570851556807085581e+04
2.950000000000000000e+01,1.597045306370646722e+04
2.952083333333333215e+01,1.620924043509793773e+04
2.954166666666666430e+01,1.616046193345890424e+04
2.956250000000000000e+01,1.597649451741946905e+04
2.958333333333333215e+01,1.584140529799999058e+04
2.960416666666666430e+01,1.576021477052802220e+04
2.962500000000000000e+01,1.572356256115713768e+04
2.964583333333333215e+01,1.566771310633587564e+04
2.966666666666666430e+01,1.569308087129781779e+04
2.968750000000000000e+01,1.585101786396243187e+04
2.970833333333333215e+01,1.607633619296612960e+04
2.972916666666666430e+01,1.630845306252750015e+04
2.975000000000000000e+01,1.658680367487269905e+04
2.977083333333333215e+01,1.689891683434852166e+04
2.979166666666666430e+01,1.722800253479635649e+04
2.981250000000000000e+01,1.755441912733954814e+04
2.983333333333333215e+01,1.776608110800537179e+04
2.985416666666666430e+01,1.775559270505591849e+04
2.987500000000000000e+01,1.743992355846203645e+04
2.989583333333333215e+01,1.669040495844089673e+04
2.991666666666666430e+01,1.579610697187274127e+04
2.993750000000000000e+01,1.520322328140167156e+04
2.995833333333333215e+01,1.504720380507748268e+04
2.997916666666666430e+01,1.518034910828969805e+04
3.000000000000000000e+01,1.538599677636011620e+04
3.002083333333333215e+01,1.477920749140860789e+04
3.004166666666666430e+01,1.421153659851723569e+04
3.006250000000000000e+01,1.356689682960173377e+04
3.008333333333333215e+01,1.276777782049736561e+04
3.010416666666666430e+01,1.203447205755994401e+04
3.012500000000000000e+01,1.144708204666307574e+04
3.014583333333333215e+01,1.098068448256505144e+04
3.016666666666666430e+01,1.075671555547199750e+04
3.018750000000000000e+01,1.081740387921771799e+04
3.020833333333333215e+01,1.118037091486377903e+04
3.022916666666666430e+01,1.183909940884558637e+04
3.025000000000000000e+01,1.276869212685484308e+04
3.027083333333333215e+01,1.393320816216372623e+04
3.029166666666666430e+01,1.528928337665831714e+04
3.031250000000000000e+01,1.678550513270356896e+04
3.033333333333333215e+01,1.814721800000000076e+04
3.035416666666666430e+01,1.814721800000000076e+04
3.037500000000000000e+01,1.814721800000000076e+04
3.039583333333333215e+01,1.814721800000000076e+04
3.041666666666666430e+01,1.814721800000000076e+04
3.043750000000000000e+01,1.814721800000000076e+04
3.045833333333333215e+01,1.814721800000000076e+04
3.047916666666666430e+01,1.814721800000000076e+04
3.050000000000000000e+01,1.814721800000000076e+04
3.052083333333333215e+01,1.814721800000000076e+04
3.054166666666666430e+01,1.814721800000000076e+04
3.056250000000000000e+01,1.814721800000000076e+04
3.058333333333333215e+01,1.814721800000000076e+04
3.060416666666666430e+01,1.814721800000000076e+04
3.062500000000000000e+01,1.814721800000000076e+04
3.064583333333333215e+01,1.814721800000000076e+04
3.066666666666666430e+01,1.814721800000000076e+04
3.068750000000000000e+01,1.814721800000000076e+04
3.070833333333333215e+01,1.814721800000000076e+04
3.072916666666666430e+01,1.814721800000000076e+04
3.075000000000000000e+01,1.814721800000000076e+04
3.077083333333333215e+01,1.739168920969744431e+04
3.079166666666666430e+01,1.237246499790445159e+04
3.081250000000000000e+01,9.440299999999999272e+03
3.083333333333333215e+01,9.440299999999999272e+03
3.085416666666666430e+01,9.440299999999999272e+03
3.087500000000000000e+01,9.440299999999999272e+03
3.089583333333333215e+01,9.440299999999999272e+03
3.091666666666666430e+01,9.440299999999999272e+03
3.093750000000000000e+01,9.440299999999999272e+03
3.095833333333333215e+01,9.440299999999999272e+03
3.097916666666666430e+01,9.440299999999999272e+03
3.100000000000000000e+01,9.440299999999999272e+03
3.102083333333333215e+01,9.440299999999999272e+03
3.104166666666666430e+01,9.440299999999999272e+03
3.106250000000000000e+01,9.440299999999999272e+03
3.108333333333333215e+01,9.440299999999999272e+03
3.110416666666666430e+01,9.440299999999999272e+03
3.112500000000000000e+01,1.535121258614936596e+04
3.114583333333333215e+01,1.546490534129625667e+04
3.116666666666666430e+01,1.561462920530200790e+04
3.118750000000000000e+01,1.578335282081510741e+04
3.120833333333333215e+01,1.612789730338981826e+04
3.122916666666666430e+01,1.655762681165649701e+04
3.125000000000000000e+01,1.691889995692744196e+04
3.127083333333333215e+01,1.717752316532693658e+04
3.129166666666666430e+01,1.732652052033138898e+04
3.131250000000000000e+01,1.737362593799396200e+04
3.133333333333333215e+01,1.733581419152863964e+04
3.135416666666666430e+01,1.723419671390494113e+04
3.137500000000000000e+01,1.708976441157750378e+04
3.139583333333333215e+01,1.692062641279465606e+04
3.141666666666666430e+01,1.674077055193329943e+04
3.143750000000000000e+01,1.655996303203924617e+04
3.145833333333333215e+01,1.638432100365569204e+04
3.147916666666666430e+01,1.621715693466617449e+04
3.150000000000000000e+01,1.605983017248451506e+04
3.152083333333333215e+01,1.591251041019738841e+04
3.154166666666666430e+01,1.577476883671727046e+04
3.156250000000000000e+01,1.564595538770760686e+04
3.158333333333333215e+01,1.552538697502489595e+04
3.160416666666666430e+01,1.541240861559224868e+04
3.162500000000000000e+01,1.530639688714017757e+04
3.164583333333333215e+01,1.520676001730283679e+04
3.166666666666666430e+01,1.511296277562016621e+04
3.168750000000000000e+01,1.502457905972222579e+04
3.170833333333333215e+01,1.494135804006420949e+04
3.172916666666666430e+01,1.486328264650970232e+04
3.175000000000000000e+01,1.479060093041539585e+04
3.177083333333333215e+01,1.472381886850969386e+04
3.179166666666666430e+01,1.466365329651309730e+04
3.181250000000000000e+01,1.461095240061921140e+04
3.183333333333333215e+01,1.456659697423295802e+04
3.185416666666666430e+01,1.453139810411834333e+04
3.187500000000000000e+01,1.450423896624175177e+04
3.189583333333333215e+01,1.447913136524389120e+04
3.191666666666666430e+01,1.446621294921041408e+04
3.193750000000000000e+01,1.446521893919737704e+04
3.195833333333333215e+01,1.447564026478707092e+04
3.197916666666666430e+01,1.449677685294118055e+04
3.200000000000000000e+01,1.452779229996508730e+04
3.202083333333332860e+01,1.456774612401928243e+04
3.204166666666666430e+01,1.461556800904182455e+04
3.206250000000000000e+01,1.466992525030525576e+04
3.208333333333332860e+01,1.472892645823616476e+04
3.210416666666666430e+01,1.478962313532989720e+04
3.212500000000000000e+01,1.484736016642614049e+04
3.214583333333332860e+01,1.489523743000916147e+04
3.216666666666666430e+01,1.492424966096215576e+04
3.218750000000000000e+01,1.492480919199596246e+04
3.220833333333332860e+01,1.488984542832988518e+04
3.222916666666666430e+01,1.481839121626781343e+04
3.225000000000000000e+01,1.471748459229352011e+04
3.227083333333332860e+01,1.460077131403464227e+04
3.229166666666666430e+01,1.448431522043696896e+04
3.231250000000000000e+01,1.438192263026901492e+04
3.233333333333332860e+01,1.430226560734958548e+04
3.235416666666666430e+01,1.424861215965388692e+04
3.237500000000000000e+01,1.422043600621274527e+04
3.239583333333332860e+01,1.421555995215825169e+04
3.241666666666666430e+01,1.423178499897580332e+04
3.243750000000000000e+01,1.426760427463151791e+04
3.245833333333332860e+01,1.432210960130179956e+04
3.247916666666666430e+01,1.439442530910502683e+04
3.250000000000000000e+01,1.448302288565446725e+04
3.252083333333332860e+01,1.458518808759094827e+04
3.254166666666666430e+01,1.469679667435923693e+04
3.256250000000000000e+01,1.481244101760274862e+04
3.258333333333332860e+01,1.492585798491278911e+04
3.260416666666666430e+01,1.503055051364061364e+04
3.262500000000000000e+01,1.512047403069840220e+04
3.264583333333332860e+01,1.519066878006875777e+04
3.266666666666666430e+01,1.523774908326261721e+04
3.268750000000000000e+01,1.526019798530124535e+04
3.270833333333332860e+01,1.525845047151219842e+04
3.272916666666666430e+01,1.523477519024063076e+04
3.275000000000000000e+01,1.519298298494197297e+04
3.277083333333332860e+01,1.513800297854402743e+04
3.279166666666666430e+01,1.507537607161964115e+04
3.281250000000000000e+01,1.501072211472299387e+04
3.283333333333332860e+01,1.494923876996743638e+04
3.285416666666666430e+01,1.489528469476342798e+04
3.287500000000000000e+01,1.485208662442173591e+04
3.289583333333332860e+01,1.482159122871069849e+04
3.291666666666666430e+01,1.480446197698854667e+04
3.293750000000000000e+01,1.480020244318359619e+04
3.295833333333332860e+01,1.480737327201790322e+04
3.297916666666666430e+01,1.482386280307883862e+04
3.300000000000000000e+01,1.484717193672346548e+04
3.302083333333332860e+01,1.487468043679007678e+04
3.304166666666666430e+01,1.490387197377120174e+04
3.306250000000000000e+01,1.493250630913068017e+04
3.308333333333332860e+01,1.495873677580874210e+04
3.310416666666666430e+01,1.498117799628416833e+04
3.312500000000000000e+01,1.657402694909793354e+04
3.314583333333332860e+01,1.592787466708943248e+04
3.316666666666666430e+01,1.557215388519980115e+04
3.318750000000000000e+01,1.544989885113988930e+04
3.320833333333332860e+01,1.549104667569269441e+04
3.322916666666666430e+01,1.564434326530153339e+04
3.325000000000000000e+01,1.587892183262158869e+04
3.327083333333332860e+01,1.617478033247264466e+04
3.329166666666666430e+01,1.651419942360887580e+04
3.331250000000000000e+01,1.685613454921183802e+04
3.333333333333332860e+01,1.660233787555079107e+04
3.335416666666666430e+01,1.631745794054775979e+04
3.337500000000000000e+01,1.599906251589379099e+04
3.339583333333332860e+01,1.566476421506005136e+04
3.341666666666666430e+01,1.535384234754986028e+04
3.343750000000000000e+01,1.511585339108593325e+04
3.345833333333332860e+01,1.499464775602996451e+04
3.347916666666666430e+01,1.501444744671452281e+04
3.350000000000000000e+01,1.517373285231315094e+04
3.352083333333332860e+01,1.544709100228567331e+04
3.354166666666666430e+01,1.579199252425381201e+04
3.356250000000000000e+01,1.615801653532025375e+04
3.358333333333332860e+01,1.649739261416379304e+04
3.360416666666666430e+01,1.677575315741172744e+04
3.362500000000000000e+01,1.697534168048592255e+04
3.364583333333332860e+01,1.709455555473852291e+04
3.366666666666666430e+01,1.715325961373974133e+04
3.368750000000000000e+01,1.717786047334062459e+04
3.370833333333332860e+01,1.717083088087385113e+04
3.372916666666666430e+01,1.709637935717961591e+04
3.375000000000000000e+01,1.689742097412525254e+04
3.377083333333332860e+01,1.652638658082434631e+04
3.379166666666666430e+01,1.596854969786798756e+04
3.381250000000000000e+01,1.526346918680750969e+04
3.383333333333332860e+01,1.451005297123758646e+04
3.385416666666666430e+01,1.384766621572213262e+04
3.387500000000000000e+01,1.341601939585488071e+04
3.389583333333332860e+01,1.330338071670662976e+04
3.391666666666666430e+01,1.351263580110394105e+04
3.393750000000000000e+01,1.397312035692878271e+04
3.395833333333332860e+01,1.458765155686644357e+04
3.397916666666666430e+01,1.527950494844912100e+04
3.400000000000000000e+01,1.601093360201864925e+04
3.402083333333332860e+01,1.680355745122254302e+04
3.404166666666666430e+01,1.765628982629609891e+04
3.406250000000000000e+01,1.814721800000000076e+04
3.408333333333332860e+01,1.814721800000000076e+04
3.410416666666666430e+01,1.814721800000000076e+04
3.412500000000000000e+01,1.814721800000000076e+04
3.414583333333332860e+01,1.814721800000000076e+04
3.416666666666666430e+01,1.814721800000000076e+04
3.418750000000000000e+01,1.814721800000000076e+04
3.420833333333332860e+01,1.814721800000000076e+04
3.422916666666666430e+01,1.814721800000000076e+04
3.425000000000000000e+01,1.814721800000000076e+04
3.427083333333332860e+01,1.814721800000000076e+04
3.429166666666666430e+01,1.814721800000000076e+04
3.431250000000000000e+01,1.814721800000000076e+04
3.433333333333332860e+01,1.814721800000000076e+04
3.435416666666666430e+01,1.814721800000000076e+04
3.437500000000000000e+01,1.814721800000000076e+04
3.439583333333332860e+01,1.814721800000000076e+04
3.441666666666666430e+01,1.814721800000000076e+04
3.443750000000000000e+01,1.814721800000000076e+04
3.445833333333332860e+01,1.778826689458506007e+04
3.447916666666666430e+01,1.730788572178571485e+04
3.450000000000000000e+01,1.710203570532821323e+04
3.452083333333332860e+01,1.711320351997731996e+04
3.454166666666666430e+01,1.733272381131137809e+04
3.456250000000000000e+01,1.793234203830898332e+04
3.458333333333332860e+01,1.814721800000000076e+04
3.460416666666666430e+01,1.814721800000000076e+04
3.462500000000000000e+01,1.814721800000000076e+04
3.464583333333332860e+01,1.814721800000000076e+04
3.466666666666666430e+01,1.814721800000000076e+04
3.468750000000000000e+01,1.814721800000000076e+04
3.470833333333332860e+01,1.814721800000000076e+04
3.472916666666666430e+01,1.814721800000000076e+04
3.475000000000000000e+01,1.806675718718899225e+04
3.477083333333332860e+01,1.692249825612153290e+04
3.479166666666666430e+01,1.583006751618931594e+04
3.481250000000000000e+01,1.523808475962136799e+04
3.483333333333332860e+01,1.486147559806689242e+04
3.485416666666666430e+01,1.463477873790089143e+04
3.487500000000000000e+01,1.451553164543027378e+04
3.489583333333332860e+01,1.446711474191136222e+04
3.491666666666666430e+01,1.446286773005551731e+04
3.493750000000000000e+01,1.448375650180669254e+04
3.495833333333332860e+01,1.451575107712561294e+04
3.497916666666666430e+01,1.454783770441628440e+04
3.500000000000000000e+01,1.466668415075638404e+04
3.502083333333332860e+01,1.509916919125059940e+04
3.504166666666666430e+01,1.549335808952755542e+04
3.506250000000000000e+01,1.576053758300973277e+04
3.508333333333332860e+01,1.584525894122397585e+04
3.510416666666666430e+01,1.567592726596581997e+04
3.512500000000000000e+01,1.533455990876361466e+04
3.514583333333332860e+01,1.511175374427699353e+04
3.516666666666666430e+01,1.486473526310877787e+04
3.518750000000000000e+01,1.455455860860905159e+04
3.520833333333332860e+01,1.424676397254628318e+04
3.522916666666666430e+01,1.398734584591399107e+04
3.525000000000000000e+01,1.380306821063421376e+04
3.527083333333332860e+01,1.370346238114528023e+04
3.529166666666666430e+01,1.368582547730522856e+04
3.531250000000000000e+01,1.374027389423496061e+04
3.533333333333332860e+01,1.385339433538708545e+04
3.535416666666666430e+01,1.401032654659523178e+04
3.537500000000000000e+01,1.419560934798953895e+04
3.539583333333332860e+01,1.439320806809849091e+04
3.541666666666666430e+01,1.464094671021039903e+04
3.543750000000000000e+01,1.513786577053945439e+04
3.545833333333332860e+01,1.560564169265356759e+04
3.547916666666666430e+01,1.600167076262039700e+04
3.550000000000000000e+01,1.633112561929052390e+04
3.552083333333332860e+01,1.643420761746597418e+04
3.554166666666666430e+01,1.624586076938940096e+04
3.556250000000000000e+01,1.601751664994872044e+04
3.558333333333332860e+01,1.573132084829115411e+04
3.560416666666666430e+01,1.536133152181945479e+04
3.562500000000000000e+01,1.491439691877551741e+04
3.564583333333332860e+01,1.443433779673797471e+04
3.566666666666666430e+01,1.397913152517938943e+04
3.568750000000000000e+01,1.360716628063767348e+04
3.570833333333332860e+01,1.337421911501462455e+04
3.572916666666666430e+01,1.333268265447617159e+04
3.575000000000000000e+01,1.351491777174766685e+04
3.577083333333332860e+01,1.392902253963129988e+04
3.579166666666666430e+01,1.474943275212956360e+04
3.581250000000000000e+01,1.570239762328333745e+04
3.583333333333332860e+01,1.669761225153834312e+04
3.585416666666666430e+01,1.766117950032225417e+04
3.587500000000000000e+01,1.814721800000000076e+04
3.589583333333332860e+01,1.814721800000000076e+04
3.591666666666666430e+01,1.814721800000000076e+04
3.593750000000000000e+01,1.814721800000000076e+04
3.595833333333332860e+01,1.814721800000000076e+04
3.597916666666666430e+01,1.814721800000000076e+04
3.600000000000000000e+01,1.814721800000000076e+04
3.602083333333332860e+01,1.814721800000000076e+04
3.604166666666666430e+01,1.814721800000000076e+04
3.606250000000000000e+01,1.779962659063867613e+04
3.608333333333332860e+01,1.712565336952377402e+04
3.610416666666666430e+01,1.658462234016453294e+04
3.612500000000000000e+01,1.616224025992945462e+04
3.614583333333332860e+01,1.591791061270715363e+04
3.616666666666666430e+01,1.572774832877027438e+04
3.618750000000000000e+01,1.538227474827045080e+04
3.620833333333332860e+01,1.479651511801165907e+04
3.622916666666666430e+01,1.377420845449306944e+04
3.625000000000000000e+01,1.290511708144054137e+04
3.627083333333332860e+01,1.259500100100347481e+04
3.629166666666666430e+01,1.286830759304230014e+04
3.631250000000000000e+01,1.366609192772645110e+04
3.633333333333332860e+01,1.475902213559019219e+04
3.635416666666666430e+01,1.609411043109951424e+04
3.637500000000000000e+01,1.758130525694139578e+04
3.639583333333332860e+01,1.814721800000000076e+04
3.641666666666666430e+01,1.814721800000000076e+04
3.643750000000000000e+01,1.814721800000000076e+04
3.645833333333332860e+01,1.814721800000000076e+04
3.647916666666666430e+01,1.814721800000000076e+04
3.650000000000000000e+01,1.814721800000000076e+04
3.652083333333332860e+01,1.814721800000000076e+04
3.654166666666666430e+01,1.814721800000000076e+04
3.656250000000000000e+01,1.814721800000000076e+04
3.658333333333332860e+01,1.814721800000000076e+04
3.660416666666666430e+01,1.814721800000000076e+04
3.662500000000000000e+01,1.814721800000000076e+04
3.664583333333332860e+01,1.814721800000000076e+04
3.666666666666666430e+01,1.814721800000000076e+04
3.668750000000000000e+01,1.814721800000000076e+04
3.670833333333332860e+01,1.814721800000000076e+04
3.672916666666666430e+01,1.814721800000000076e+04
3.675000000000000000e+01,1.814721800000000076e+04
3.677083333333332860e+01,1.814721800000000076e+04
3.679166666666666430e+01,1.814721800000000076e+04
3.681250000000000000e+01,1.814721800000000076e+04
3.683333333333332860e+01,1.814721800000000076e+04
3.685416666666666430e+01,1.814721800000000076e+04
3.687500000000000000e+01,1.814721800000000076e+04
3.689583333333332860e+01,1.577375039192058102e+04
3.691666666666666430e+01,9.886273834211202484e+03
3.693750000000000000e+01,9.440299999999999272e+03
3.695833333333332860e+01,9.440299999999999272e+03
3.697916666666666430e+01,9.440299999999999272e+03
3.700000000000000000e+01,9.440299999999999272e+03
3.702083333333332860e+01,9.440299999999999272e+03
3.704166666666666430e+01,9.440299999999999272e+03
3.706250000000000000e+01,9.440299999999999272e+03
3.708333333333332860e+01,9.440299999999999272e+03
3.710416666666666430e+01,9.440299999999999272e+03
3.712500000000000000e+01,9.440299999999999272e+03
3.714583333333332860e+01,9.440299999999999272e+03
3.716666666666666430e+01,9.440299999999999272e+03
3.718750000000000000e+01,9.440299999999999272e+03
3.720833333333332860e+01,1.480470210665191917e+04
3.722916666666666430e+01,1.489496383817915921e+04
3.725000000000000000e+01,1.502427055653501156e+04
3.727083333333332860e+01,1.517618684608162948e+04
3.729166666666666430e+01,1.549205230345751261e+04
3.731250000000000000e+01,1.590833086787068532e+04
3.733333333333332860e+01,1.626825691891099996e+04
3.735416666666666430e+01,1.653744970244206706e+04
3.737500000000000000e+01,1.670708221543055697e+04
3.739583333333332860e+01,1.678209078840155053e+04
3.741666666666666430e+01,1.677660250491006809e+04
3.743750000000000000e+01,1.670947004321340864e+04
3.745833333333332860e+01,1.660027773428139699e+04
3.747916666666666430e+01,1.646651982555070936e+04
3.750000000000000000e+01,1.632212299812892888e+04
3.752083333333332860e+01,1.617706957480480560e+04
3.754166666666666430e+01,1.603773978229092609e+04
3.756250000000000000e+01,1.590761233608658949e+04
3.758333333333332860e+01,1.578804816667412524e+04
3.760416666666666430e+01,1.567904534934535695e+04
3.762500000000000000e+01,1.557987106214163578e+04
3.764583333333332860e+01,1.548949913585394825e+04
3.766666666666666430e+01,1.540685150737997174e+04
3.768750000000000000e+01,1.533089104549438707e+04
3.770833333333332860e+01,1.526063376682687522e+04
3.772916666666666430e+01,1.519514278168850433e+04
3.775000000000000000e+01,1.513354354737046378e+04
3.777083333333332860e+01,1.507507254857671433e+04
3.779166666666666430e+01,1.501914953330601202e+04
3.781250000000000000e+01,1.496545166003966733e+04
3.783333333333332860e+01,1.491396593165330705e+04
3.785416666666666430e+01,1.486500205929469303e+04
3.787500000000000000e+01,1.481915847415567259e+04
3.789583333333332860e+01,1.477724524770969583e+04
3.791666666666666430e+01,1.474017612223121978e+04
3.793750000000000000e+01,1.470884659698489850e+04
3.795833333333332860e+01,1.468401602035048927e+04
3.797916666666666430e+01,1.466620946232194910e+04
3.800000000000000000e+01,1.465565072019036597e+04
3.802083333333332860e+01,1.465223225087110404e+04
3.804166666666666430e+01,1.465552222706250177e+04
3.806250000000000000e+01,1.466480421050646328e+04
3.808333333333332860e+01,1.467914174088880827e+04
3.810416666666666430e+01,1.469745868091174270e+04
3.812500000000000000e+01,1.471862626587620252e+04
3.814583333333332860e+01,1.474154895357568239e+04
3.816666666666666430e+01,1.476524270685435113e+04
3.818750000000000000e+01,1.478890080565464814e+04
3.820833333333332860e+01,1.481194342781126761e+04
3.822916666666666430e+01,1.483404793243632594e+04
3.825000000000000000e+01,1.485515702753477672e+04
3.827083333333332860e+01,1.487546189073487039e+04
3.829166666666666430e+01,1.489535693968338819e+04
3.831250000000000000e+01,1.491536244466446442e+04
3.833333333333332860e+01,1.493601086039496658e+04
3.835416666666666430e+01,1.495769350055847826e+04
3.837500000000000000e+01,1.498046795328798908e+04
3.839583333333332860e+01,1.500383694698151157e+04
3.841666666666666430e+01,1.502447770053410204e+04
3.843750000000000000e+01,1.504039681126974392e+04
3.845833333333332860e+01,1.505144693030085546e+04
3.847916666666666430e+01,1.505379347277354464e+04
3.850000000000000000e+01,1.504377875648519694e+04
3.852083333333332860e+01,1.501890762139622893e+04
3.854166666666666430e+01,1.497880067665015667e+04
3.856250000000000000e+01,1.492567377689634668e+04
3.858333333333332860e+01,1.486402628171284960e+04
3.860416666666666430e+01,1.479959714966280808e+04
3.862500000000000000e+01,1.473803513798231870e+04
3.864583333333332860e+01,1.468384729469792364e+04
3.866666666666666430e+01,1.463997356814693921e+04
3.868750000000000000e+01,1.460797136927732208e+04
3.870833333333332860e+01,1.458852877527009696e+04
3.872916666666666430e+01,1.458197257252666896e+04
3.875000000000000000e+01,1.458854996770002617e+04
3.877083333333332860e+01,1.460842684310630648e+04
3.879166666666666430e+01,1.464147380578040611e+04
3.881250000000000000e+01,1.468697187642355493e+04
3.883333333333332860e+01,1.474336917473966605e+04
3.885416666666666430e+01,1.480818068758242953e+04
3.887500000000000000e+01,1.487806884340226679e+04
3.889583333333332860e+01,1.494909177668846678e+04
3.891666666666666430e+01,1.501706998529016346e+04
3.893750000000000000e+01,1.507800432455617192e+04
3.895833333333332860e+01,1.512847720898141051e+04
3.897916666666666430e+01,1.516597984960840040e+04
3.900000000000000000e+01,1.518912604960186945e+04
3.902083333333332860e+01,1.519773303818199565e+04
3.904166666666666430e+01,1.519276895949853497e+04
3.906250000000000000e+01,1.517618310928878054e+04
3.908333333333332860e+01,1.515064773940112354e+04
3.910416666666666430e+01,1.511924844363170996e+04
3.912500000000000000e+01,1.508516318442969714e+04
3.914583333333332860e+01,1.505136767517498083e+04
3.916666666666666430e+01,1.502039756144006242e+04
3.918750000000000000e+01,1.499418699429588742e+04
3.920833333333332860e+01,1.664912902313983795e+04
3.922916666666666430e+01,1.609645988873551687e+04
3.925000000000000000e+01,1.563228720935308593e+04
3.927083333333332860e+01,1.542260522825978842e+04
3.929166666666666430e+01,1.540638322778261863e+04
3.931250000000000000e+01,1.552849914735412676e+04
3.933333333333332860e+01,1.575475315678726838e+04
3.935416666666666430e+01,1.606065810543655971e+04
3.937500000000000000e+01,1.642317237938933977e+04
3.939583333333332860e+01,1.680150807330093448e+04
3.941666666666666430e+01,1.720576939149369719e+04
3.943750000000000000e+01,1.759359851106501446e+04
3.945833333333332860e+01,1.792085435883012178e+04
3.947916666666666430e+01,1.814721800000000076e+04
3.950000000000000000e+01,1.814721800000000076e+04
3.952083333333332860e+01,1.793218170293658841e+04
3.954166666666666430e+01,1.728679853627633929e+04
3.956250000000000000e+01,1.661344798420525331e+04
3.958333333333332860e+01,1.596168595442505102e+04
3.960416666666666430e+01,1.539469755209247160e+04
3.962500000000000000e+01,1.497478333782709160e+04
3.964583333333332860e+01,1.473675499102663889e+04
3.966666666666666430e+01,1.469031926294464938e+04
3.968750000000000000e+01,1.476215783489154637e+04
3.970833333333332860e+01,1.494566615674399873e+04
3.972916666666666430e+01,1.518304499131725606e+04
3.975000000000000000e+01,1.543734786093211005e+04
3.977083333333332860e+01,1.568871828937274040e+04
3.979166666666666430e+01,1.593317121321195373e+04
3.981250000000000000e+01,1.617586026418813344e+04
3.983333333333332860e+01,1.613386536042515218e+04
3.985416666666666430e+01,1.602806262054244871e+04
3.987500000000000000e+01,1.596040435119362155e+04
3.989583333333332860e+01,1.591808826789187151e+04
3.991666666666666430e+01,1.588189166858729004e+04
3.993750000000000000e+01,1.586443872648241449e+04
3.995833333333332860e+01,1.589987583436843488e+04
3.997916666666666430e+01,1.596158610546493946e+04
4.000000000000000000e+01,1.607108712219623339e+04
4.002083333333332860e+01,1.622924235817639419e+04
4.004166666666666430e+01,1.642976177880493924e+04
4.006250000000000000e+01,1.665962212174866363e+04
4.008333333333332860e+01,1.689905458369842017e+04
4.010416666666666430e+01,1.694993622294136367e+04
4.012500000000000000e+01,1.686396512202245503e+04
4.014583333333332860e+01,1.667772598361389100e+04
4.016666666666666430e+01,1.625271024633496927e+04
4.018750000000000000e+01,1.552899063996598125e+04
4.020833333333332860e+01,1.498692703882039859e+04
4.022916666666666430e+01,1.489155419492154761e+04
4.025000000000000000e+01,1.445965912069429760e+04
4.027083333333332860e+01,1.402633331489019110e+04
4.029166666666666430e+01,1.355032957266041558e+04
4.031250000000000000e+01,1.298883496050643589e+04
4.033333333333332860e+01,1.235952334519724172e+04
4.035416666666666430e+01,1.172930849120210587e+04
4.037500000000000000e+01,1.117482631604863855e+04
4.039583333333332860e+01,1.076754303156528476e+04
4.041666666666666430e+01,1.056603178886451315e+04
4.043750000000000000e+01,1.061137256485984108e+04
4.045833333333332860e+01,1.092236048696309081e+04
4.047916666666666430e+01,1.149325565305824421e+04
4.050000000000000000e+01,1.229826537452358389e+04
4.052083333333332860e+01,1.329414166184456917e+04
4.054166666666666430e+01,1.442707990592840724e+04
4.056250000000000000e+01,1.563978103376852596e+04
4.058333333333332860e+01,1.687804772166142357e+04
4.060416666666666430e+01,1.814721800000000076e+04
4.062500000000000000e+01,1.814721800000000076e+04
4.064583333333332860e+01,1.814721800000000076e+04
4.066666666666666430e+01,1.814721800000000076e+04
4.068750000000000000e+01,1.814721800000000076e+04
4.070833333333332860e+01,1.814721800000000076e+04
4.072916666666666430e+01,1.814721800000000076e+04
4.075000000000000000e+01,1.814721800000000076e+04
4.077083333333332860e+01,1.814721800000000076e+04
4.079166666666666430e+01,1.814721800000000076e+04
4.081250000000000000e+01,1.814721800000000076e+04
4.083333333333332860e+01,1.814721800000000076e+04
4.085416666666666430e+01,1.814721800000000076e+04
4.087500000000000000e+01,1.814721800000000076e+04
4.089583333333332860e+01,1.814721800000000076e+04
4.091666666666666430e+01,1.814721800000000076e+04
4.093750000000000000e+01,1.814721800000000076e+04
4.095833333333332860e+01,1.814721800000000076e+04
4.097916666666666430e+01,1.814721800000000076e+04
4.100000000000000000e+01,1.707244882311491165e+04
4.102083333333332860e+01,1.242880347272204381e+04
4.104166666666666430e+01,9.440299999999999272e+03
4.106250000000000000e+01,9.440299999999999272e+03
4.108333333333332860e+01,9.440299999999999272e+03
4.110416666666666430e+01,9.440299999999999272e+03
4.112500000000000000e+01,9.440299999999999272e+03
4.114583333333332860e+01,9.440299999999999272e+03
4.116666666666666430e+01,9.440299999999999272e+03
4.118750000000000000e+01,9.440299999999999272e+03
4.120833333333332860e+01,9.440299999999999272e+03
4.122916666666666430e+01,9.440299999999999272e+03
4.125000000000000000e+01,9.440299999999999272e+03
4.127083333333332860e+01,9.440299999999999272e+03
4.129166666666666430e+01,9.440299999999999272e+03
4.131250000000000000e+01,9.440299999999999272e+03
4.133333333333332860e+01,1.545428176654081471e+04
4.135416666666666430e+01,1.557636361814461270e+04
4.137500000000000000e+01,1.573793752115855750e+04
4.139583333333332860e+01,1.591977007011914247e+04
4.141666666666666430e+01,1.632809127323171197e+04
4.143750000000000000e+01,1.676098059592146819e+04
4.145833333333332860e+01,1.711352330329981851e+04
4.147916666666666430e+01,1.735798970752406603e+04
4.150000000000000000e+01,1.748950765515982494e+04
4.152083333333332860e+01,1.751754233601854503e+04
4.154166666666666430e+01,1.746067994314097086e+04
4.156250000000000000e+01,1.734138820776143984e+04
4.158333333333332860e+01,1.718164028360788870e+04
4.160416666666666430e+01,1.700009825642299984e+04
4.162500000000000000e+01,1.681087382187196636e+04
4.164583333333332860e+01,1.662347460993277127e+04
4.166666666666666430e+01,1.644346419280884948e+04
4.168750000000000000e+01,1.627341527090213276e+04
4.170833333333332860e+01,1.611389933207554350e+04
4.172916666666666430e+01,1.596438142297325248e+04
4.175000000000000000e+01,1.582389212682345897e+04
4.177083333333332860e+01,1.569142989020128880e+04
4.179166666666666430e+01,1.556613137165789158e+04
4.181250000000000000e+01,1.544729305813629981e+04
4.183333333333332860e+01,1.533433330070392913e+04
4.185416666666666430e+01,1.522676079205799033e+04
4.187500000000000000e+01,1.512418055378846475e+04
4.189583333333332860e+01,1.502633713912970416e+04
4.191666666666666430e+01,1.493317538390322807e+04
4.193750000000000000e+01,1.484489251170574789e+04
4.195833333333332860e+01,1.476195901111074272e+04
4.197916666666666430e+01,1.468509593922692511e+04
4.200000000000000000e+01,1.461520835145366436e+04
4.202083333333332860e+01,1.455328448688751450e+04
4.204166666666666430e+01,1.449270758436350661e+04
4.206250000000000000e+01,1.443927011084682817e+04
4.208333333333332860e+01,1.439789422723120151e+04
4.210416666666666430e+01,1.436864711353293751e+04
4.212500000000000000e+01,1.435121505903432990e+04
4.214583333333332860e+01,1.434491121849707633e+04
4.216666666666666430e+01,1.434871758016575404e+04
4.218750000000000000e+01,1.436135395902504388e+04
4.220833333333332860e+01,1.438136476356676212e+04
4.222916666666666430e+01,1.440721385307138189e+04
4.225000000000000000e+01,1.443737857470734525e+04
4.227083333333332860e+01,1.447043543470117947e+04
4.229166666666666430e+01,1.450513125605587265e+04
4.231250000000000000e+01,1.454043477108981824e+04
4.233333333333332860e+01,1.457556424498238994e+04
4.235416666666666430e+01,1.460998696821795238e+04
4.237500000000000000e+01,1.464338657032990159e+04
4.239583333333332860e+01,1.467559465234079471e+04
4.241666666666666430e+01,1.470648512902585935e+04
4.243750000000000000e+01,1.473583431263281818e+04
4.245833333333332860e+01,1.476315899154098952e+04
4.247916666666666430e+01,1.478756013990740030e+04
4.250000000000000000e+01,1.480762070767121986e+04
4.252083333333332860e+01,1.482142545006553701e+04
4.254166666666666430e+01,1.482677280227540177e+04
4.256250000000000000e+01,1.482161066380693956e+04
4.258333333333332860e+01,1.480463707542086559e+04
4.260416666666666430e+01,1.477588830681715262e+04
4.262500000000000000e+01,1.473706477161079238e+04
4.264583333333332860e+01,1.469140121202013324e+04
4.266666666666666430e+01,1.464307983231183243e+04
4.268750000000000000e+01,1.459640820756068933e+04
4.270833333333332860e+01,1.455508898209807376e+04
4.272916666666666430e+01,1.452182895285968698e+04
4.275000000000000000e+01,1.449833885810479114e+04
4.277083333333332860e+01,1.448559491542075193e+04
4.279166666666666430e+01,1.448415943036490717e+04
4.281250000000000000e+01,1.449439412040189927e+04
4.283333333333332860e+01,1.451649329300097816e+04
4.285416666666666430e+01,1.455035716929600312e+04
4.287500000000000000e+01,1.459538478352344100e+04
4.289583333333332860e+01,1.465028286151403881e+04
4.291666666666666430e+01,1.471296988819470789e+04
4.293750000000000000e+01,1.478061809699583682e+04
4.295833333333332860e+01,1.484983558541971433e+04
4.297916666666666430e+01,1.491695764747818612e+04
4.300000000000000000e+01,1.497839661443201840e+04
4.302083333333332860e+01,1.503099369599357669e+04
4.304166666666666430e+01,1.507232173675323793e+04
4.306250000000000000e+01,1.510090030716449837e+04
4.308333333333332860e+01,1.511630028363390011e+04
4.310416666666666430e+01,1.511913129028389812e+04
4.312500000000000000e+01,1.511092041167699790e+04
4.314583333333332860e+01,1.509390333532273507e+04
4.316666666666666430e+01,1.507075848673666405e+04
4.318750000000000000e+01,1.504431968724996477e+04
4.320833333333332860e+01,1.501730265580037667e+04
4.322916666666666430e+01,1.499207540221244199e+04
4.325000000000000000e+01,1.497049338026927944e+04
4.327083333333332860e+01,1.495380912063982032e+04
4.329166666666666430e+01,1.494265509406004639e+04
4.331250000000000000e+01,1.493708956708392361e+04
4.333333333333332860e+01,1.658857087283043802e+04
4.335416666666666430e+01,1.588434234843413651e+04
4.337500000000000000e+01,1.548000948871808941e+04
4.339583333333332860e+01,1.533928392478959358e+04
4.341666666666666430e+01,1.538446133207956154e+04
4.343750000000000000e+01,1.555778187146621713e+04
4.345833333333332860e+01,1.582220377899507002e+04
4.347916666666666430e+01,1.615224315047046184e+04
4.350000000000000000e+01,1.652531610127953536e+04
4.352083333333332860e+01,1.691737209237676507e+04
4.354166666666666430e+01,1.730143439692286483e+04
4.356250000000000000e+01,1.764737098696588873e+04
4.358333333333332860e+01,1.792229896558141991e+04
4.360416666666666430e+01,1.809364472726645545e+04
4.362500000000000000e+01,1.789846180959023332e+04
4.364583333333332860e+01,1.721487927638754991e+04
4.366666666666666430e+01,1.654142063799522657e+04
4.368750000000000000e+01,1.593513068556554572e+04
4.370833333333332860e+01,1.545149751928316618e+04
4.372916666666666430e+01,1.512906967633371823e+04
4.375000000000000000e+01,1.497755599389766940e+04
4.377083333333332860e+01,1.497502966933939024e+04
4.379166666666666430e+01,1.507764652692632808e+04
4.381250000000000000e+01,1.523604772806663823e+04
4.383333333333332860e+01,1.541012165142714002e+04
4.385416666666666430e+01,1.557809606501770395e+04
4.387500000000000000e+01,1.573773416021630692e+04
4.389583333333332860e+01,1.589985387770158195e+04
4.391666666666666430e+01,1.607609474098469582e+04
4.393750000000000000e+01,1.617624611816422839e+04
4.395833333333332860e+01,1.611011547651672299e+04
4.397916666666666430e+01,1.608299946647374964e+04
4.400000000000000000e+01,1.607735374995615712e+04
4.402083333333332860e+01,1.608097254121099104e+04
4.404166666666666430e+01,1.608978780321701561e+04
4.406250000000000000e+01,1.610696598956379239e+04
4.408333333333332860e+01,1.613900762331406077e+04
4.410416666666666430e+01,1.619080351582801813e+04
4.412500000000000000e+01,1.608756033353163730e+04
4.414583333333332860e+01,1.587419489312239239e+04
4.416666666666666430e+01,1.568653688651174161e+04
4.418750000000000000e+01,1.550435298186779983e+04
4.420833333333332860e+01,1.528623099212694797e+04
4.422916666666666430e+01,1.498747492692067317e+04
4.425000000000000000e+01,1.458166454819064165e+04
4.427083333333332860e+01,1.410062335765739408e+04
4.429166666666666430e+01,1.386497525618624059e+04
4.431250000000000000e+01,1.365925618523934099e+04
4.433333333333332860e+01,1.349834336871065534e+04
4.435416666666666430e+01,1.337604984836939548e+04
4.437500000000000000e+01,1.328385398147397791e+04
4.439583333333332860e+01,1.322810384530181909e+04
4.441666666666666430e+01,1.323343213927972101e+04
4.443750000000000000e+01,1.332344765904861924e+04
4.445833333333332860e+01,1.351140602416166075e+04
4.447916666666666430e+01,1.379867902979815335e+04
4.450000000000000000e+01,1.417397013243799665e+04
4.452083333333332860e+01,1.461417161787904843e+04
4.454166666666666430e+01,1.508761100541213818e+04
4.456250000000000000e+01,1.555605026343431746e+04
4.458333333333332860e+01,1.597936140126989994e+04
4.460416666666666430e+01,1.633571191000993349e+04
4.462500000000000000e+01,1.694293943256624334e+04
4.464583333333332860e+01,1.722838429277091564e+04
4.466666666666666430e+01,1.729825940898627596e+04
4.468750000000000000e+01,1.722712699490104933e+04
4.470833333333332860e+01,1.710992093024160931e+04
4.472916666666666430e+01,1.721300420031355316e+04
4.475000000000000000e+01,1.749993702348424631e+04
4.477083333333332860e+01,1.768138062345352955e+04
4.479166666666666430e+01,1.698624803516760585e+04
4.481250000000000000e+01,1.630768884594689735e+04
4.483333333333332860e+01,1.556504044746204454e+04
4.485416666666666430e+01,1.480079900595781874e+04
4.487500000000000000e+01,1.412383544250730483e+04
4.489583333333332860e+01,1.363657966189465515e+04
4.491666666666666430e+01,1.340935062674765868e+04
4.493750000000000000e+01,1.347962536839826862e+04
4.495833333333332860e+01,1.385184385264701632e+04
4.497916666666666430e+01,1.450010856472057640e+04
4.500000000000000000e+01,1.544928272604513404e+04
4.502083333333332860e+01,1.664728197979954712e+04
4.504166666666666430e+01,1.783428764297814269e+04
4.506250000000000000e+01,1.814721800000000076e+04
4.508333333333332860e+01,1.814721800000000076e+04
4.510416666666666430e+01,1.814721800000000076e+04
4.512500000000000000e+01,1.814721800000000076e+04
4.514583333333332860e+01,1.814721800000000076e+04
4.516666666666666430e+01,1.814721800000000076e+04
4.518750000000000000e+01,1.814721800000000076e+04
4.520833333333332860e+01,1.814721800000000076e+04
4.522916666666666430e+01,1.814721800000000076e+04
4.525000000000000000e+01,1.814721800000000076e+04
4.527083333333332860e+01,1.814721800000000076e+04
4.529166666666666430e+01,1.814721800000000076e+04
4.531250000000000000e+01,1.814721800000000076e+04
4.533333333333332860e+01,1.814721800000000076e+04
4.535416666666666430e+01,1.814721800000000076e+04
4.537500000000000000e+01,1.814721800000000076e+04
4.539583333333332860e+01,1.600529800345801414e+04
4.541666666666666430e+01,1.247334397147391064e+04
4.543750000000000000e+01,9.440299999999999272e+03
4.545833333333332860e+01,9.440299999999999272e+03
4.547916666666666430e+01,9.440299999999999272e+03
4.550000000000000000e+01,9.440299999999999272e+03
4.552083333333332860e+01,9.440299999999999272e+03
4.554166666666666430e+01,9.440299999999999272e+03
4.556250000000000000e+01,9.440299999999999272e+03
4.558333333333332860e+01,9.440299999999999272e+03
4.560416666666666430e+01,9.440299999999999272e+03
4.562500000000000000e+01,9.440299999999999272e+03
4.564583333333332860e+01,9.440299999999999272e+03
4.566666666666666430e+01,9.440299999999999272e+03
4.568750000000000000e+01,9.440299999999999272e+03
4.570833333333332860e+01,9.440299999999999272e+03
4.572916666666666430e+01,9.440299999999999272e+03
4.575000000000000000e+01,9.440299999999999272e+03
4.577083333333332860e+01,9.440299999999999272e+03
4.579166666666666430e+01,9.440299999999999272e+03
4.581250000000000000e+01,9.440299999999999272e+03
4.583333333333332860e+01,9.440299999999999272e+03
4.585416666666666430e+01,9.440299999999999272e+03
