0.000000000000000000e+00,0.000000000000000000e+00
2.083333333333333218e-02,1.750695395202772771e-04
4.166666666666666435e-02,2.122596884976216472e-03
6.250000000000000000e-02,8.152431338233847094e-03
8.333333333333332871e-02,2.067675746770695350e-02
1.041666666666666574e-01,4.182710933201155140e-02
1.250000000000000000e-01,7.308551575950290868e-02
1.458333333333333148e-01,1.151086659869923062e-01
1.666666666666666574e-01,1.677149201982955085e-01
1.875000000000000000e-01,2.300070011271335979e-01
2.083333333333333148e-01,3.005848619971739355e-01
2.291666666666666574e-01,3.777776270842121975e-01
2.500000000000000000e-01,4.598364367462058899e-01
2.708333333333333148e-01,5.450639420023427606e-01
2.916666666666666297e-01,6.318868072312452400e-01
3.125000000000000000e-01,7.188926445357625150e-01
3.333333333333333148e-01,8.048529384167120160e-01
3.541666666666666297e-01,8.887452267613986656e-01
3.750000000000000000e-01,9.697772329477322151e-01
3.958333333333333148e-01,1.047407763525439073e+00
4.166666666666666297e-01,1.121356514443774488e+00
4.375000000000000000e-01,1.191596612570639424e+00
4.583333333333333148e-01,1.258328059208043692e+00
4.791666666666666297e-01,1.321935016208789726e+00
5.000000000000000000e-01,1.382933180005860407e+00
5.208333333333332593e-01,1.441914516831312776e+00
5.416666666666666297e-01,1.499495688554534079e+00
5.625000000000000000e-01,1.556274487858917865e+00
5.833333333333332593e-01,1.612796437512092229e+00
6.041666666666666297e-01,1.669531964636209231e+00
6.250000000000000000e-01,1.726863407346383106e+00
6.458333333333332593e-01,1.785080457717433289e+00
6.666666666666666297e-01,1.844382348007362671e+00
6.875000000000000000e-01,1.904885035943550520e+00
7.083333333333332593e-01,1.966631756141825615e+00
7.291666666666666297e-01,2.029605514193166371e+00
7.500000000000000000e-01,2.093742356073483801e+00
7.708333333333332593e-01,2.158944504503205408e+00
7.916666666666666297e-01,2.225092682420536594e+00
8.125000000000000000e-01,2.292057125153210251e+00
8.333333333333332593e-01,2.359706919305009976e+00
8.541666666666666297e-01,2.427917413879110420e+00
8.750000000000000000e-01,2.496575547657651217e+00
8.958333333333332593e-01,2.565583039699077084e+00
9.166666666666666297e-01,2.634857497942960425e+00
9.375000000000000000e-01,2.704331603668088224e+00
9.583333333333332593e-01,2.773950610334914746e+00
9.791666666666666297e-01,2.843668439006449500e+00
1.000000000000000000e+00,2.913442652251453158e+00
1.020833333333333259e+00,2.983228549540517527e+00
1.041666666666666519e+00,3.052972566139834143e+00
1.062500000000000000e+00,3.122605096798894309e+00
1.083333333333333259e+00,3.192032826491156605e+00
1.104166666666666519e+00,3.261130647137056027e+00
1.125000000000000000e+00,3.329733274287841382e+00
1.145833333333333259e+00,3.397626741772296732e+00
1.166666666666666519e+00,3.464540027364953811e+00
1.187500000000000000e+00,3.530137130744530616e+00
1.208333333333333259e+00,3.594009981434823864e+00
1.229166666666666519e+00,3.655672618962416021e+00
1.250000000000000000e+00,3.714557204631854237e+00
1.270833333333333259e+00,3.770012638753010847e+00
1.291666666666666519e+00,3.821306865289292976e+00
1.312500000000000000e+00,3.867634248706285138e+00
1.333333333333333259e+00,3.908129508180789191e+00
1.354166666666666519e+00,3.941889369979763469e+00
1.375000000000000000e+00,3.968002233136148416e+00
1.395833333333333259e+00,3.985584842366455938e+00
1.416666666666666519e+00,3.993823568657617784e+00
1.437500000000000000e+00,3.992016866279659126e+00
1.458333333333333259e+00,3.979615154792858434e+00
1.479166666666666519e+00,3.956256847954803924e+00
1.500000000000000000e+00,3.921797362173718771e+00
1.520833333333333259e+00,3.876317302276935273e+00
1.541666666666666519e+00,3.820129285054400636e+00
1.562500000000000000e+00,3.753775312760994076e+00
1.583333333333333259e+00,3.678013877582230862e+00
1.604166666666666519e+00,3.593796639259758674e+00
1.625000000000000000e+00,3.502235011041332502e+00
1.645833333333333259e+00,3.404558114903949662e+00
1.666666666666666519e+00,3.302064942959357818e+00
1.687500000000000000e+00,3.196074418546493767e+00
1.708333333333333259e+00,3.087876835819432841e+00
1.729166666666666519e+00,2.978689064581420798e+00
1.750000000000000000e+00,2.869614750724503782e+00
1.770833333333333259e+00,2.761610272518375542e+00
1.791666666666666519e+00,2.655457567568992427e+00
1.812500000000000000e+00,2.551745639411042710e+00
1.833333333333333259e+00,2.450862835889843883e+00
1.854166666666666519e+00,2.353001315400701454e+00
1.875000000000000000e+00,2.258173510843402010e+00
1.895833333333333259e+00,2.166238483909918688e+00
1.916666666666666519e+00,2.076934632030467576e+00
1.937500000000000000e+00,1.989914750631014861e+00
1.958333333333333259e+00,1.904779939326164628e+00
1.979166666666666519e+00,1.821109891863989860e+00
2.000000000000000000e+00,1.738488273746426671e+00
2.020833333333333037e+00,1.640936195686569121e+00
2.041666666666666519e+00,1.548144048557091423e+00
2.062500000000000000e+00,1.454278253938640963e+00
2.083333333333333037e+00,1.354939122007685182e+00
2.104166666666666519e+00,1.246569554375095201e+00
2.125000000000000000e+00,1.126370646266654063e+00
2.145833333333333037e+00,9.924768283820188941e-01
2.166666666666666519e+00,8.438105295242807058e-01
2.187500000000000000e+00,6.798849158745788879e-01
2.208333333333333037e+00,5.006708630506941926e-01
2.229166666666666519e+00,3.065397736870578149e-01
2.250000000000000000e+00,9.827288055495785046e-02
2.270833333333333037e+00,-1.221121464810763640e-01
2.291666666666666519e+00,-3.358616809974624973e-01
2.312500000000000000e+00,-5.424013771008707741e-01
2.333333333333333037e+00,-7.415334457497407827e-01
2.354166666666666519e+00,-9.332161117402644201e-01
2.375000000000000000e+00,-1.117292369900993343e+00
2.395833333333333037e+00,-1.293153948984041124e+00
2.416666666666666519e+00,-1.459392843143702434e+00
2.437500000000000000e+00,-1.613523556517655111e+00
2.458333333333333037e+00,-1.751883491475447752e+00
2.479166666666666519e+00,-1.869811946256766388e+00
2.500000000000000000e+00,-1.962149772515048740e+00
2.520833333333333037e+00,-2.024658243135897262e+00
2.541666666666666519e+00,-2.055090177348680047e+00
2.562500000000000000e+00,-2.053585500678033249e+00
2.583333333333333037e+00,-2.022236747324856143e+00
2.604166666666666519e+00,-1.964301213061974138e+00
2.625000000000000000e+00,-1.883539831776902096e+00
2.645833333333333037e+00,-1.783859155338574309e+00
2.666666666666666519e+00,-1.668845568177412808e+00
2.687500000000000000e+00,-1.541550889052968110e+00
2.708333333333333037e+00,-1.404565894044788710e+00
2.729166666666666519e+00,-1.260079314766477721e+00
2.750000000000000000e+00,-1.109908798955455911e+00
2.770833333333333037e+00,-9.555325076715178723e-01
2.791666666666666519e+00,-7.981414064576430878e-01
2.812500000000000000e+00,-6.387272994456408837e-01
2.833333333333333037e+00,-4.782232852568517600e-01
2.854166666666666519e+00,-3.177112253935908681e-01
2.875000000000000000e+00,-1.586939910145402088e-01
2.895833333333333037e+00,-3.398734007370733841e-03
2.916666666666666519e+00,1.449597753668611655e-01
2.937500000000000000e+00,2.820632607206590148e-01
2.958333333333333037e+00,4.026267141896263113e-01
2.979166666666666519e+00,5.008236854077404709e-01
3.000000000000000000e+00,5.709440601333971577e-01
3.020833333333333037e+00,6.081958650062683214e-01
3.041666666666666519e+00,6.102012039188385861e-01
3.062500000000000000e+00,5.775723082168007227e-01
3.083333333333333037e+00,5.134109057561920819e-01
3.104166666666666519e+00,4.223196086692904139e-01
3.125000000000000000e+00,3.096102759023183770e-01
3.145833333333333037e+00,1.803355855807613761e-01
3.166666666666666519e+00,3.880549508866687480e-02
3.187500000000000000e+00,-1.113220769980841213e-01
3.208333333333333037e+00,-2.669619627802493067e-01
3.229166666666666519e+00,-4.256370016674518308e-01
3.250000000000000000e+00,-5.855877135556568636e-01
3.270833333333333037e+00,-7.458578926493641958e-01
3.291666666666666519e+00,-9.063334156106859218e-01
3.312500000000000000e+00,-1.067702262607196584e+00
3.333333333333333037e+00,-1.231313706790991391e+00
3.354166666666666519e+00,-1.398924157922097233e+00
3.375000000000000000e+00,-1.572317434073574827e+00
3.395833333333333037e+00,-1.752788131892979440e+00
3.416666666666666519e+00,-1.940487288053490023e+00
3.437500000000000000e+00,-2.133669834471667581e+00
3.458333333333333037e+00,-2.326181892431602449e+00
3.479166666666666519e+00,-2.507857973795762696e+00
3.500000000000000000e+00,-2.667744495144819705e+00
3.520833333333333037e+00,-2.801423679538003420e+00
3.541666666666666519e+00,-2.907199125131927353e+00
3.562500000000000000e+00,-2.984339013652760997e+00
3.583333333333333037e+00,-3.032376545726242156e+00
3.604166666666666519e+00,-3.051104951585711600e+00
3.625000000000000000e+00,-3.040570265787159610e+00
3.645833333333333037e+00,-3.001062091470064086e+00
3.666666666666666519e+00,-2.933239822099516392e+00
3.687500000000000000e+00,-2.839243263514333204e+00
3.708333333333333037e+00,-2.723317761891165922e+00
3.729166666666666519e+00,-2.592237123645813934e+00
3.750000000000000000e+00,-2.445276114867905193e+00
3.770833333333333037e+00,-2.281649515190507849e+00
3.791666666666666519e+00,-2.100656941446421566e+00
3.812500000000000000e+00,-1.901790667414626101e+00
3.833333333333333037e+00,-1.684534478494662535e+00
3.854166666666666519e+00,-1.448690945379365269e+00
3.875000000000000000e+00,-1.197327281992959680e+00
3.895833333333333037e+00,-9.315412950572344863e-01
3.916666666666666519e+00,-6.544491206652327531e-01
3.937500000000000000e+00,-3.728532327762639209e-01
3.958333333333333037e+00,-8.937861675014219243e-02
3.979166666666666519e+00,1.959972341105078730e-01
4.000000000000000000e+00,4.831574167300196621e-01
4.020833333333333037e+00,7.712492730015843012e-01
4.041666666666666075e+00,1.048972059013482117e+00
4.062500000000000000e+00,1.312693320927311502e+00
4.083333333333333037e+00,1.563935743336194006e+00
4.104166666666666075e+00,1.802203379242373726e+00
4.125000000000000000e+00,2.032997643903706741e+00
4.145833333333333037e+00,2.261720982179889816e+00
4.166666666666666075e+00,2.492825771834792370e+00
4.187500000000000000e+00,2.728716255559562320e+00
4.208333333333333037e+00,2.963868308654080241e+00
4.229166666666666075e+00,3.185058543974285339e+00
4.250000000000000000e+00,3.387511620021427916e+00
4.270833333333333037e+00,3.565817623590754604e+00
4.291666666666666075e+00,3.718434702350705834e+00
4.312500000000000000e+00,3.844095672420235310e+00
4.333333333333333037e+00,3.941811040473143901e+00
4.354166666666666075e+00,4.010868993943932814e+00
4.375000000000000000e+00,4.050832562292741024e+00
4.395833333333333037e+00,4.061534172653646024e+00
4.416666666666666075e+00,4.043067838056493279e+00
4.437500000000000000e+00,3.995779226352810021e+00
4.458333333333333037e+00,3.920507313192310939e+00
4.479166666666666075e+00,3.818148186807445832e+00
4.500000000000000000e+00,3.689663973944455666e+00
4.520833333333333037e+00,3.539780400195779553e+00
4.541666666666666075e+00,3.373088279639432141e+00
4.562500000000000000e+00,3.192778589649630128e+00
4.583333333333333037e+00,3.001949158105461812e+00
4.604166666666666075e+00,2.802515091963712290e+00
4.625000000000000000e+00,2.595346832559663586e+00
4.645833333333333037e+00,2.380545702823606558e+00
4.666666666666666075e+00,2.157688291747140497e+00
4.687500000000000000e+00,1.926144633898323466e+00
4.708333333333333037e+00,1.683268615536117618e+00
4.729166666666666075e+00,1.433489305673230074e+00
4.750000000000000000e+00,1.179619369876322654e+00
4.770833333333333037e+00,9.258806319706944787e-01
4.791666666666666075e+00,6.727083317715450983e-01
4.812500000000000000e+00,4.198502987338810222e-01
4.833333333333333037e+00,1.665426789515861983e-01
4.854166666666666075e+00,-8.793150983873845861e-02
4.875000000000000000e+00,-3.442279154475413883e-01
4.895833333333333037e+00,-6.029272442672786170e-01
4.916666666666666075e+00,-8.645228748908750926e-01
4.937500000000000000e+00,-1.129410130217297414e+00
4.958333333333333037e+00,-1.397877677262875817e+00
4.979166666666666075e+00,-1.670101476689494380e+00
5.000000000000000000e+00,-1.946141566020124669e+00
5.020833333333333037e+00,-2.224510292336134398e+00
5.041666666666666075e+00,-2.501996747368525842e+00
5.062500000000000000e+00,-2.776762805825019775e+00
5.083333333333333037e+00,-3.040207624418793664e+00
5.104166666666666075e+00,-3.289169441190048726e+00
5.125000000000000000e+00,-3.528891962683109451e+00
5.145833333333333037e+00,-3.766117767046852194e+00
5.166666666666666075e+00,-4.007591303925907233e+00
5.187500000000000000e+00,-4.258167992266000290e+00
5.208333333333333037e+00,-4.507476550933702697e+00
5.229166666666666075e+00,-4.750000573313051255e+00
5.250000000000000000e+00,-4.977410007650823864e+00
5.270833333333333037e+00,-5.188626311607937858e+00
5.291666666666666075e+00,-5.382697610815904810e+00
5.312500000000000000e+00,-5.558801798886980450e+00
5.333333333333333037e+00,-5.716248610935318553e+00
5.354166666666666075e+00,-5.854480729119623028e+00
5.375000000000000000e+00,-5.973073982575215268e+00
5.395833333333333037e+00,-6.071736706159305719e+00
5.416666666666666075e+00,-6.150308322740059452e+00
5.437500000000000000e+00,-6.204369016690090888e+00
5.458333333333333037e+00,-6.226836447581445277e+00
5.479166666666666075e+00,-6.222450098374832983e+00
5.500000000000000000e+00,-2.458590134101979385e-04
5.520833333333333037e+00,-2.279497020534857789e-03
5.541666666666666075e+00,-5.574167550323599722e-03
5.562500000000000000e+00,-8.307257598365525714e-03
5.583333333333333037e+00,-8.726891437355464853e-03
5.604166666666666075e+00,-5.288651553397106034e-03
5.625000000000000000e+00,3.267570936972920715e-03
5.645833333333333037e+00,1.785583964346410327e-02
5.666666666666666075e+00,3.896352380597009613e-02
5.687500000000000000e+00,6.658782289014973654e-02
5.708333333333333037e+00,1.002568259575009335e-01
5.729166666666666075e+00,1.391369370526677474e-01
5.750000000000000000e+00,1.821827731058547339e-01
5.770833333333333037e+00,2.282833953729892507e-01
5.791666666666666075e+00,2.763738159947640716e-01
5.812500000000000000e+00,3.255027056450152667e-01
5.833333333333333037e+00,3.748636865947672647e-01
5.854166666666666075e+00,4.238039991032870879e-01
5.875000000000000000e+00,4.718228354663038804e-01
5.895833333333333037e+00,5.185666252167694390e-01
5.916666666666666075e+00,5.638234156359488436e-01
5.937500000000000000e+00,6.075150857350245515e-01
5.958333333333333037e+00,6.496853669570361589e-01
5.979166666666666075e+00,6.904825068216637884e-01
6.000000000000000000e+00,7.301368302172612790e-01
6.020833333333333037e+00,7.689347631612384326e-01
6.041666666666666075e+00,8.071916386346182914e-01
6.062500000000000000e+00,8.452257256616139136e-01
6.083333333333333037e+00,8.833355774183515585e-01
6.104166666666666075e+00,9.217822098371123429e-01
6.125000000000000000e+00,9.607769770164050760e-01
6.145833333333333037e+00,1.000475407636509217e+00
6.166666666666666075e+00,1.040976753100732788e+00
6.187500000000000000e+00,1.082328571493742064e+00
6.208333333333333037e+00,1.124535323304466150e+00
6.229166666666666075e+00,1.167569710841890984e+00
6.250000000000000000e+00,1.211385376225147636e+00
6.270833333333333037e+00,1.255929582349484264e+00
6.291666666666666075e+00,1.301154630102585363e+00
6.312500000000000000e+00,1.347027003649539756e+00
6.333333333333333037e+00,1.393533565396136931e+00
6.354166666666666075e+00,1.440684511052165329e+00
6.375000000000000000e+00,1.488513199305085966e+00
6.395833333333333037e+00,1.537073339033463659e+00
6.416666666666666075e+00,1.586434289814533827e+00
6.437500000000000000e+00,1.636675366351671768e+00
6.458333333333333037e+00,1.687880032888401383e+00
6.479166666666666075e+00,1.740130745889282959e+00
6.500000000000000000e+00,1.793504982980618001e+00
6.520833333333333037e+00,1.848072729307344453e+00
6.541666666666666075e+00,1.903895426722189477e+00
6.562500000000000000e+00,1.961026162723260358e+00
6.583333333333333037e+00,2.019510701838307831e+00
6.604166666666666075e+00,2.079388839484932472e+00
6.625000000000000000e+00,2.140695471288423857e+00
6.645833333333333037e+00,2.203460702330058751e+00
6.666666666666666075e+00,2.267708266917856541e+00
6.687500000000000000e+00,2.333451512676338435e+00
6.708333333333333037e+00,2.400686279036522652e+00
6.729166666666666075e+00,2.469380250395769583e+00
6.750000000000000000e+00,2.539458853008602635e+00
6.770833333333333037e+00,2.610788455902299354e+00
6.791666666666666075e+00,2.683158299004583025e+00
6.812500000000000000e+00,2.756262817457312941e+00
6.833333333333333037e+00,2.829685663000499396e+00
6.854166666666666075e+00,2.902886241220353991e+00
6.875000000000000000e+00,2.975190023215891877e+00
6.895833333333333037e+00,3.045785536860686982e+00
6.916666666666666075e+00,3.113732437936540531e+00
6.937500000000000000e+00,3.177984668706178351e+00
6.958333333333333037e+00,3.237430220921133195e+00
6.979166666666666075e+00,3.290945617408983281e+00
7.000000000000000000e+00,3.337460040874881795e+00
7.020833333333333037e+00,3.376021676356388834e+00
7.041666666666666075e+00,3.405857859498551576e+00
7.062500000000000000e+00,3.426421573840244594e+00
7.083333333333333037e+00,3.437419620458145531e+00
7.104166666666666075e+00,3.438821394307628232e+00
7.125000000000000000e+00,3.430850272532400158e+00
7.145833333333333037e+00,3.413961237261723181e+00
7.166666666666666075e+00,3.388808482166600022e+00
7.187500000000000000e+00,3.356206023785548442e+00
7.208333333333333037e+00,3.317083537869931931e+00
7.229166666666666075e+00,3.272439262835685536e+00
7.250000000000000000e+00,3.223291923516932833e+00
7.270833333333333037e+00,3.170633983382837418e+00
7.291666666666666075e+00,3.115388798964632056e+00
7.312500000000000000e+00,3.058374193509494798e+00
7.333333333333333037e+00,3.000274530750060897e+00
7.354166666666666075e+00,2.941622640870196204e+00
7.375000000000000000e+00,2.882792079312599842e+00
7.395833333333333037e+00,2.823999331732484741e+00
7.416666666666666075e+00,2.765314830528232015e+00
7.437500000000000000e+00,2.706681100120082117e+00
7.458333333333333037e+00,2.647936041159264953e+00
7.479166666666666075e+00,2.588839293928747232e+00
7.500000000000000000e+00,2.529099739442853600e+00
7.520833333333333037e+00,2.457158826239379312e+00
7.541666666666666075e+00,2.386203892206827160e+00
7.562500000000000000e+00,2.311196478997112003e+00
7.583333333333333037e+00,2.228043916029684990e+00
7.604166666666666075e+00,2.133482076135744254e+00
7.625000000000000000e+00,2.025065146783514791e+00
7.645833333333333037e+00,1.901071894767752291e+00
7.666666666666666075e+00,1.760445144188843125e+00
7.687500000000000000e+00,1.602750869139060619e+00
7.708333333333333037e+00,1.428220136362367443e+00
7.729166666666666075e+00,1.237484928393825179e+00
7.750000000000000000e+00,1.031735647988455851e+00
7.770833333333333037e+00,8.128978685889397537e-01
7.791666666666666075e+00,5.885624225998266068e-01
7.812500000000000000e+00,3.712851209258334895e-01
7.833333333333333037e+00,1.614821867061711769e-01
7.854166666666666075e+00,-4.032130361478608593e-02
7.875000000000000000e+00,-2.334585893843281745e-01
7.895833333333333037e+00,-4.172244231340535570e-01
7.916666666666666075e+00,-5.908492957171308513e-01
7.937500000000000000e+00,-7.532822753689769613e-01
7.958333333333333037e+00,-9.028354275424633757e-01
7.979166666666666075e+00,-1.036600807029093962e+00
8.000000000000000000e+00,-1.150835947019024363e+00
8.020833333333332149e+00,-1.241577849970114444e+00
8.041666666666666075e+00,-1.305828112453089496e+00
8.062500000000000000e+00,-1.342251713767412813e+00
8.083333333333332149e+00,-1.351427628185364549e+00
8.104166666666666075e+00,-1.335579602318106573e+00
8.125000000000000000e+00,-1.298009432038620403e+00
8.145833333333332149e+00,-1.242538649868614176e+00
8.166666666666666075e+00,-1.172895570307430857e+00
8.187500000000000000e+00,-1.092219355374306256e+00
8.208333333333332149e+00,-1.002683511970725361e+00
8.229166666666666075e+00,-9.057417558256820600e-01
8.250000000000000000e+00,-8.022913887702035618e-01
8.270833333333332149e+00,-6.928727446035871651e-01
8.291666666666666075e+00,-5.779060196116203585e-01
8.312500000000000000e+00,-4.581349939677749061e-01
8.333333333333332149e+00,-3.346981257294410761e-01
8.354166666666666075e+00,-2.095044132160618633e-01
8.375000000000000000e+00,-8.565094679768310570e-02
8.395833333333332149e+00,3.304931888073112112e-02
8.416666666666666075e+00,1.425414363073120028e-01
8.437500000000000000e+00,2.387861956571216693e-01
8.458333333333332149e+00,3.178529294671465499e-01
8.479166666666666075e+00,3.759944841397016013e-01
8.500000000000000000e+00,4.098184566534709417e-01
8.520833333333332149e+00,4.168604239965122416e-01
8.541666666666666075e+00,3.962749401448415476e-01
8.562500000000000000e+00,3.490029467831616272e-01
8.583333333333332149e+00,2.774260787918094717e-01
8.604166666666666075e+00,1.848886784054399324e-01
8.625000000000000000e+00,7.493944365603091851e-02
8.645833333333332149e+00,-4.972806806167525545e-02
8.666666666666666075e+00,-1.873956312672680757e-01
8.687500000000000000e+00,-3.368535260532017350e-01
8.708333333333332149e+00,-4.971372269614558470e-01
8.729166666666666075e+00,-6.670457992128479008e-01
8.750000000000000000e+00,-8.438687444344825650e-01
8.770833333333332149e+00,-1.024122664810052541e+00
8.791666666666666075e+00,-1.205762884004245139e+00
8.812500000000000000e+00,-1.388466407343192044e+00
8.833333333333332149e+00,-1.573292153788265146e+00
8.854166666666666075e+00,-1.762600115137209489e+00
8.875000000000000000e+00,-1.958953077993692560e+00
8.895833333333332149e+00,-2.163860545404632241e+00
8.916666666666666075e+00,-2.373887787836953311e+00
8.937500000000000000e+00,-2.583941711198620705e+00
8.958333333333332149e+00,-2.783216500598481691e+00
8.979166666666666075e+00,-2.962452075812266994e+00
9.000000000000000000e+00,-3.120635578388605058e+00
9.020833333333332149e+00,-3.256907541342136003e+00
9.041666666666666075e+00,-3.370562645665914570e+00
9.062500000000000000e+00,-3.461049310602904772e+00
9.083333333333332149e+00,-3.527968198188276006e+00
9.104166666666666075e+00,-3.571069717077671068e+00
9.125000000000000000e+00,-3.590250614138945640e+00
9.145833333333332149e+00,-3.585549744787107418e+00
9.166666666666666075e+00,-3.557143114772762349e+00
9.187500000000000000e+00,-3.505338287365947991e+00
9.208333333333332149e+00,-3.431045319394070425e+00
9.229166666666666075e+00,-3.334336059889673631e+00
9.250000000000000000e+00,-3.215489300144657392e+00
9.270833333333332149e+00,-3.077466388879914749e+00
9.291666666666666075e+00,-2.923776341127411804e+00
9.312500000000000000e+00,-2.756996770784764905e+00
9.333333333333332149e+00,-2.579761191547270904e+00
9.354166666666666075e+00,-2.393822508545000005e+00
9.375000000000000000e+00,-2.199978740270067235e+00
9.395833333333332149e+00,-1.998375310140328098e+00
9.416666666666666075e+00,-1.788835559460109303e+00
9.437500000000000000e+00,-1.571236797840032340e+00
9.458333333333332149e+00,-1.342636256997683963e+00
9.479166666666666075e+00,-1.108764510029192518e+00
9.500000000000000000e+00,-8.721238119414886913e-01
9.520833333333332149e+00,-6.356607204833524261e-01
9.541666666666666075e+00,-3.985815845630560905e-01
9.562500000000000000e+00,-1.601348852585415539e-01
9.583333333333332149e+00,8.037702595380664949e-02
9.604166666666666075e+00,3.235867234721535035e-01
9.625000000000000000e+00,5.700511921384544545e-01
9.645833333333332149e+00,8.202421753309295793e-01
9.666666666666666075e+00,1.074537598320618459e+00
9.687500000000000000e+00,1.331796707899262522e+00
9.708333333333332149e+00,1.592451447366293849e+00
9.729166666666666075e+00,1.857015007185450539e+00
9.750000000000000000e+00,2.124981529713510398e+00
9.770833333333332149e+00,2.395654992608287071e+00
9.791666666666666075e+00,2.668136876881826325e+00
9.812500000000000000e+00,2.941351550693762640e+00
9.833333333333332149e+00,3.214126456338777249e+00
9.854166666666666075e+00,3.485330944781075857e+00
9.875000000000000000e+00,3.754047600226208647e+00
9.895833333333332149e+00,4.019712328646037669e+00
9.916666666666666075e+00,4.282140198583388013e+00
9.937500000000000000e+00,4.541383329794280499e+00
9.958333333333332149e+00,4.797452901871376518e+00
9.979166666666666075e+00,5.049569731181056120e+00
1.000000000000000000e+01,5.292633035032466182e+00
1.002083333333333215e+01,5.526249808391368923e+00
1.004166666666666607e+01,5.750080333073208649e+00
1.006250000000000000e+01,5.963838270425809718e+00
1.008333333333333215e+01,6.167290415202860920e+00
1.010416666666666607e+01,6.360256137328682335e+00
1.012500000000000000e+01,6.542606538117555992e+00
1.014583333333333215e+01,6.714263347523986347e+00
1.016666666666666607e+01,6.875197588966129203e+00
1.018750000000000000e+01,7.025428038076697135e+00
1.020833333333333215e+01,7.165019501338675489e+00
1.022916666666666607e+01,7.294080939930783103e+00
1.025000000000000000e+01,7.412763463230052530e+00
1.027083333333333215e+01,7.521258215296105831e+00
1.029166666666666607e+01,7.619794176300374922e+00
1.031250000000000000e+01,0.000000000000000000e+00
1.033333333333333215e+01,1.871986874932023875e-04
1.035416666666666607e+01,2.249350971250961388e-03
1.037500000000000000e+01,8.419958661208343242e-03
1.039583333333333215e+01,2.059293702747051064e-02
1.041666666666666607e+01,4.017749826755507431e-02
1.043750000000000000e+01,6.801565481415502989e-02
1.045833333333333215e+01,1.043101949596098726e-01
1.047916666666666607e+01,1.486306596007599679e-01
1.050000000000000000e+01,2.000264261260826515e-01
1.052083333333333215e+01,2.572039365988305626e-01
1.054166666666666607e+01,3.187107242046041677e-01
1.056250000000000000e+01,3.830836020697662159e-01
1.058333333333333215e+01,4.489461984888718504e-01
1.060416666666666607e+01,5.150634233721425037e-01
1.062500000000000000e+01,5.803695707371540058e-01
1.064583333333333215e+01,6.439848607775993106e-01
1.066666666666666607e+01,7.052282627925313685e-01
1.068750000000000000e+01,7.636272537285593298e-01
1.070833333333333215e+01,8.189210005896921940e-01
1.072916666666666607e+01,8.710530736286642428e-01
1.075000000000000000e+01,9.201517833827099757e-01
1.077083333333333215e+01,9.664991451597012562e-01
1.079166666666666607e+01,1.010491961327877775e+00
1.081250000000000000e+01,1.052599740796667849e+00
1.083333333333333215e+01,1.093324043846500171e+00
1.085416666666666607e+01,1.133162769956588711e+00
1.087500000000000000e+01,1.172581481013887705e+00
1.089583333333333215e+01,1.211992538184299528e+00
1.091666666666666607e+01,1.251741861976688241e+00
1.093750000000000000e+01,1.292102525268602031e+00
1.095833333333333215e+01,1.333274073427143769e+00
1.097916666666666607e+01,1.375386346751413136e+00
1.100000000000000000e+01,1.418506596322404834e+00
1.102083333333333215e+01,1.462648787455874011e+00
1.104166666666666607e+01,1.507784138012749908e+00
1.106250000000000000e+01,1.553852111496709876e+00
1.108333333333333215e+01,1.600771251737143741e+00
1.110416666666666607e+01,1.648417556000196793e+00
1.112500000000000000e+01,1.696662251452633718e+00
1.114583333333333215e+01,1.745429744253675253e+00
1.116666666666666607e+01,1.794656827996444104e+00
1.118750000000000000e+01,1.844297204626460296e+00
1.120833333333333215e+01,1.894324391319152978e+00
1.122916666666666607e+01,1.944733037177715174e+00
1.125000000000000000e+01,1.995538755418665433e+00
1.127083333333333215e+01,2.046776660088915900e+00
1.129166666666666607e+01,2.098498866021246911e+00
1.131250000000000000e+01,2.150771254108675201e+00
1.133333333333333215e+01,2.203669813604474115e+00
1.135416666666666607e+01,2.257276848477824505e+00
1.137500000000000000e+01,2.311677281356210312e+00
1.139583333333333215e+01,2.366955215283268465e+00
1.141666666666666607e+01,2.423190830281339636e+00
1.143750000000000000e+01,2.480457607255627028e+00
1.145833333333333215e+01,2.538819792804900999e+00
1.147916666666666607e+01,2.598329949904555125e+00
1.150000000000000000e+01,2.659026385377243340e+00
1.152083333333333215e+01,2.720930210513407665e+00
1.154166666666666607e+01,2.784041783178242913e+00
1.156250000000000000e+01,2.848336307725066963e+00
1.158333333333333215e+01,2.913758443461384573e+00
1.160416666666666607e+01,2.980215900318800681e+00
1.162500000000000000e+01,3.047572177904277257e+00
1.164583333333333215e+01,3.115638807982838099e+00
1.166666666666666607e+01,3.184167645247343970e+00
1.168750000000000000e+01,3.252843863573085859e+00
1.170833333333333215e+01,3.321280329950609289e+00
1.172916666666666607e+01,3.389013988855645199e+00
1.175000000000000000e+01,3.455504899644981975e+00
1.177083333333333215e+01,3.520138708026944396e+00
1.179166666666666607e+01,3.582233546594874252e+00
1.181250000000000000e+01,3.641052448890190085e+00
1.183333333333333215e+01,3.695822098199173844e+00
1.185416666666666607e+01,3.745758010532765692e+00
1.187500000000000000e+01,3.790095159553344306e+00
1.189583333333333215e+01,3.828120722454775304e+00
1.191666666666666607e+01,3.859193289480409739e+00
1.193750000000000000e+01,3.882800369607564583e+00
1.195833333333333215e+01,3.898547139579152887e+00
1.197916666666666607e+01,3.906177924738063467e+00
1.200000000000000000e+01,3.905590670151767085e+00
1.202083333333333215e+01,3.896843011185811889e+00
1.204166666666666607e+01,3.880149793856877860e+00
1.206250000000000000e+01,3.855872579312045190e+00
1.208333333333333215e+01,3.824502094585651157e+00
1.210416666666666607e+01,3.786634872761067694e+00
1.212500000000000000e+01,3.742945551441911434e+00
1.214583333333333215e+01,3.694156502871049241e+00
1.216666666666666607e+01,3.641006622320527519e+00
1.218750000000000000e+01,3.584221143589199521e+00
1.220833333333333215e+01,3.524484236255181813e+00
1.222916666666666607e+01,3.462415871912591481e+00
1.225000000000000000e+01,3.398553859041419045e+00
1.227083333333333215e+01,3.333341233965172457e+00
1.229166666666666607e+01,3.267119985208525534e+00
1.231250000000000000e+01,3.200131041212648686e+00
1.233333333333333215e+01,3.119892712806245250e+00
1.235416666666666607e+01,3.041830440183465267e+00
1.237500000000000000e+01,2.960775806595283832e+00
1.239583333333333215e+01,2.872818923583265516e+00
1.241666666666666607e+01,2.774966007840998561e+00
1.243750000000000000e+01,2.664945157952668175e+00
1.245833333333333215e+01,2.541102846006250360e+00
1.247916666666666607e+01,2.402360353485600619e+00
1.250000000000000000e+01,2.248198861950600147e+00
1.252083333333333215e+01,2.078655389431244949e+00
1.254166666666666607e+01,1.894316365795057022e+00
1.256250000000000000e+01,1.696301516926864039e+00
1.258333333333333215e+01,1.486243360487819576e+00
1.260416666666666607e+01,1.266283870345683793e+00
1.262500000000000000e+01,1.039333442403496788e+00
1.264583333333333215e+01,8.086393569819207983e-01
1.266666666666666607e+01,5.887956725487754062e-01
1.268750000000000000e+01,3.810988091550883694e-01
1.270833333333333215e+01,1.854739021233464680e-01
1.272916666666666607e+01,1.794528352773612934e-03
1.275000000000000000e+01,-1.701800188830606408e-01
1.277083333333333215e+01,-3.306904356295369829e-01
1.279166666666666607e+01,-4.797275610594503581e-01
1.281250000000000000e+01,-6.167726562757003261e-01
1.283333333333333215e+01,-7.406700588304807598e-01
1.285416666666666607e+01,-8.497222934475847644e-01
1.287500000000000000e+01,-9.420091396409977502e-01
1.289583333333333215e+01,-1.015843061503791001e+00
1.291666666666666607e+01,-1.070218977370054336e+00
1.293750000000000000e+01,-1.105116479635536830e+00
1.295833333333333215e+01,-1.121554578200059327e+00
1.297916666666666607e+01,-1.121428310168985476e+00
1.300000000000000000e+01,-1.107136746057097776e+00
1.302083333333333215e+01,-1.081106675491873226e+00
1.304166666666666607e+01,-1.045529193375697830e+00
1.306250000000000000e+01,-1.002262578121552394e+00
1.308333333333333215e+01,-9.528483664046116797e-01
1.310416666666666607e+01,-8.984685916804034944e-01
1.312500000000000000e+01,-8.400953990442293629e-01
1.314583333333333215e+01,-7.787043615754530856e-01
1.316666666666666607e+01,-7.155035465859003185e-01
1.318750000000000000e+01,-6.521625124743494206e-01
1.320833333333333215e+01,-5.909993149447719807e-01
1.322916666666666607e+01,-5.348146024854019132e-01
1.325000000000000000e+01,-4.863980107737806424e-01
1.327083333333333215e+01,-4.480460178748764677e-01
1.329166666666666607e+01,-4.214095353213782591e-01
1.331250000000000000e+01,-4.072380163039639456e-01
1.333333333333333215e+01,-4.045875733339308611e-01
1.335416666666666607e+01,-4.121995287382890782e-01
1.337500000000000000e+01,-4.294038241181525328e-01
1.339583333333333215e+01,-4.562633936073272056e-01
1.341666666666666607e+01,-4.896039673686530813e-01
1.343750000000000000e+01,-5.263251991178885536e-01
1.345833333333333215e+01,-5.643189184165042782e-01
1.347916666666666607e+01,-6.017843498469838126e-01
1.350000000000000000e+01,-6.374593283647190800e-01
1.352083333333333215e+01,-6.707330577960086693e-01
1.354166666666666607e+01,-7.015969577123404299e-01
1.356250000000000000e+01,-7.304843213837712845e-01
1.358333333333333215e+01,-7.580455096515833491e-01
1.360416666666666607e+01,-7.848781310765505781e-01
1.362500000000000000e+01,-8.112200857150753119e-01
1.364583333333333215e+01,-8.366213518197433974e-01
1.366666666666666607e+01,-8.596420784821774408e-01
1.368750000000000000e+01,-8.776808495779432340e-01
1.370833333333333215e+01,-8.870880718172241552e-01
1.372916666666666607e+01,-8.836604433093556699e-01
1.375000000000000000e+01,-8.649925051757831884e-01
1.377083333333333215e+01,-8.303918603319203617e-01
1.379166666666666607e+01,-7.798584529092854600e-01
1.381250000000000000e+01,-7.133118662351559669e-01
1.383333333333333215e+01,-6.308719114812044726e-01
1.385416666666666607e+01,-5.328500547329685366e-01
1.387500000000000000e+01,-4.197388670888833606e-01
1.389583333333333215e+01,-2.921998278689087458e-01
1.391666666666666607e+01,-1.510498317371075094e-01
1.393750000000000000e+01,2.753225715236889883e-03
1.395833333333333215e+01,1.681253783778367539e-01
1.397916666666666607e+01,3.438715888457368752e-01
1.400000000000000000e+01,5.287003190722062707e-01
1.402083333333333215e+01,7.212371355087213720e-01
1.404166666666666607e+01,9.200368434347476754e-01
1.406250000000000000e+01,1.123593880825074498e+00
1.408333333333333215e+01,1.330351332203228321e+00
1.410416666666666607e+01,1.538710000732598893e+00
1.412500000000000000e+01,1.747039994053213530e+00
1.414583333333333215e+01,1.953697081803420055e+00
1.416666666666666607e+01,2.150139306616821955e+00
1.418750000000000000e+01,2.265882121757194945e+00
1.420833333333333215e+01,2.313820035975819867e+00
1.422916666666666607e+01,2.360476172045581134e+00
1.425000000000000000e+01,2.405735181795557232e+00
1.427083333333333215e+01,2.449491349644316251e+00
1.429166666666666607e+01,2.491649271202697857e+00
1.431250000000000000e+01,2.532124403803501789e+00
1.433333333333333215e+01,2.570843497914951037e+00
1.435416666666666607e+01,2.607744916950289316e+00
1.437500000000000000e+01,2.642778851577417765e+00
1.439583333333333215e+01,2.675907433549053138e+00
1.441666666666666607e+01,2.707104753394581120e+00
1.443750000000000000e+01,2.736356786008695252e+00
1.445833333333333215e+01,2.763661228162895167e+00
1.447916666666666607e+01,0.000000000000000000e+00
1.450000000000000000e+01,7.442837638028624453e-05
1.452083333333333215e+01,8.835470734246912835e-04
1.454166666666666607e+01,3.279141588546358090e-03
1.456250000000000000e+01,7.987240448141726470e-03
1.458333333333333215e+01,1.558904025404801198e-02
1.460416666666666607e+01,2.650662800766665633e-02
1.462500000000000000e+01,4.099403076970602189e-02
1.464583333333333215e+01,5.911594726984055470e-02
1.466666666666666607e+01,8.074846794109467873e-02
1.468750000000000000e+01,1.056060027338221324e-01
1.470833333333333215e+01,1.332845049374377921e-01
1.472916666666666607e+01,1.633086790798077281e-01
1.475000000000000000e+01,1.951728906401995478e-01
1.477083333333333215e+01,2.283708837312728723e-01
1.479166666666666607e+01,2.624148687369557975e-01
1.481250000000000000e+01,2.968478426324437369e-01
1.483333333333333215e+01,3.312536706416587262e-01
1.485416666666666607e+01,3.652681787471009356e-01
1.487500000000000000e+01,3.985922620124386917e-01
1.489583333333333215e+01,4.310056471311420334e-01
1.491666666666666607e+01,4.623785955726755770e-01
1.493750000000000000e+01,4.926786774025520010e-01
1.495833333333333215e+01,5.219705057758547984e-01
1.497916666666666607e+01,5.504077052757022637e-01
1.500000000000000000e+01,5.782178719708709336e-01
1.502083333333333215e+01,6.056824178396155167e-01
1.504166666666666607e+01,6.331137599647126413e-01
1.506250000000000000e+01,6.608323379971029476e-01
1.508333333333333215e+01,6.891455886670343478e-01
1.510416666666666607e+01,7.183304694287770964e-01
1.512500000000000000e+01,7.486205517048645230e-01
1.514583333333333215e+01,7.801981688200332332e-01
1.516666666666666607e+01,8.131916250814338332e-01
1.518750000000000000e+01,8.476770682621702635e-01
1.520833333333333215e+01,8.836843213428058341e-01
1.522916666666666607e+01,9.212057746708672834e-01
1.525000000000000000e+01,9.602073569340088266e-01
1.527083333333333215e+01,1.000640619715769786e+00
1.529166666666666607e+01,1.042455062692897672e+00
1.531250000000000000e+01,1.085609966788378067e+00
1.533333333333333215e+01,1.130085163930198089e+00
1.535416666666666607e+01,1.175890330654208116e+00
1.537500000000000000e+01,1.223072524059602539e+00
1.539583333333333215e+01,1.271721747650848666e+00
1.541666666666666607e+01,1.321974281407537921e+00
1.543750000000000000e+01,1.374013232063621359e+00
1.545833333333333215e+01,1.428065101129399439e+00
1.547916666666666607e+01,1.484389981643736478e+00
1.550000000000000000e+01,1.543261460479955272e+00
1.552083333333333215e+01,1.604931891644831410e+00
1.554166666666666607e+01,1.669583480977873347e+00
1.556250000000000000e+01,1.737279220280373293e+00
1.558333333333333215e+01,1.807937184905637373e+00
1.560416666666666607e+01,1.881321597932426037e+00
1.562500000000000000e+01,1.956992304837025465e+00
1.564583333333333215e+01,2.034189374012934426e+00
1.566666666666666607e+01,2.111814152445051995e+00
1.568750000000000000e+01,2.188506875073577884e+00
1.570833333333333215e+01,2.262634071924901402e+00
1.572916666666666607e+01,2.332315539026701412e+00
1.575000000000000000e+01,2.395470130890244409e+00
1.577083333333333215e+01,2.450038066174641482e+00
1.579166666666666607e+01,2.494185325332366254e+00
1.581250000000000000e+01,2.526445214717051524e+00
1.583333333333333215e+01,2.545821843696232989e+00
1.585416666666666607e+01,2.551849935858416352e+00
1.587500000000000000e+01,2.544604742870561598e+00
1.589583333333333215e+01,2.524667278368277756e+00
1.591666666666666607e+01,2.493057061859004442e+00
1.593750000000000000e+01,2.451145096509097510e+00
1.595833333333333215e+01,2.400556777413592968e+00
1.597916666666666607e+01,2.343071345168063591e+00
1.600000000000000000e+01,2.280523010672112161e+00
1.602083333333333215e+01,2.214708556522357874e+00
1.604166666666666430e+01,2.147305821700821848e+00
1.606250000000000000e+01,2.079806281970752568e+00
1.608333333333333215e+01,2.013463254975636385e+00
1.610416666666666430e+01,1.949255943711193151e+00
1.612500000000000000e+01,1.887869112635897517e+00
1.614583333333333215e+01,1.829688319082384496e+00
1.616666666666666430e+01,1.774810471412348933e+00
1.618750000000000000e+01,1.723068635589218633e+00
1.620833333333333215e+01,1.674068707228906216e+00
1.622916666666666430e+01,1.627234419892651607e+00
1.625000000000000000e+01,1.581856716297250331e+00
1.627083333333333215e+01,1.537143890053168649e+00
1.629166666666666430e+01,1.492269825381487669e+00
1.631250000000000000e+01,1.446418688636777583e+00
1.633333333333333215e+01,1.398824845706001296e+00
1.635416666666666430e+01,1.348806767231063519e+00
1.637500000000000000e+01,1.295793841822663994e+00
1.639583333333333215e+01,1.239345192547476548e+00
1.641666666666666430e+01,1.179159954385079701e+00
1.643750000000000000e+01,1.115079079852265842e+00
1.645833333333333215e+01,1.047079465376800078e+00
1.647916666666666430e+01,9.752618239411140477e-01
1.650000000000000000e+01,8.837988916141357176e-01
1.652083333333333215e+01,7.923820627306108477e-01
1.654166666666666430e+01,6.954352522267924774e-01
1.656250000000000000e+01,5.887165663375137914e-01
1.658333333333333215e+01,4.691187860474705928e-01
1.660416666666666430e+01,3.360359636287204577e-01
1.662500000000000000e+01,1.921247232040240172e-01
1.664583333333333215e+01,3.900374425564336056e-02
1.666666666666666430e+01,-1.206713381450480599e-01
1.668750000000000000e+01,-2.846658295716220644e-01
1.670833333333333215e+01,-4.513067564688492683e-01
1.672916666666666430e+01,-6.193195339964175927e-01
1.675000000000000000e+01,-7.877249947824375154e-01
1.677083333333333215e+01,-9.558346637706108817e-01
1.679166666666666430e+01,-1.123221417829257218e+00
1.681250000000000000e+01,-1.289486451083688534e+00
1.683333333333333215e+01,-1.453825276786532505e+00
1.685416666666666430e+01,-1.614526553399318720e+00
1.687500000000000000e+01,-1.768550908109832065e+00
1.689583333333333215e+01,-1.911301329654602421e+00
1.691666666666666430e+01,-2.036121032562636657e+00
1.693750000000000000e+01,-2.136569220703159466e+00
1.695833333333333215e+01,-2.206297307749313763e+00
1.697916666666666430e+01,-2.239581884191030436e+00
1.700000000000000000e+01,-2.231875468522326322e+00
1.702083333333333215e+01,-2.181681321005382923e+00
1.704166666666666430e+01,-2.090644024697374093e+00
1.706250000000000000e+01,-1.962763757108552776e+00
1.708333333333333215e+01,-1.805512807992135649e+00
1.710416666666666430e+01,-1.623916093525599180e+00
1.712500000000000000e+01,-1.422442205914649982e+00
1.714583333333333215e+01,-1.210947738439639876e+00
1.716666666666666430e+01,-9.957824518710229889e-01
1.718750000000000000e+01,-7.827293152784989827e-01
1.720833333333333215e+01,-5.769904138514759806e-01
1.722916666666666430e+01,-3.825737542426785320e-01
1.725000000000000000e+01,-2.018568171568896619e-01
1.727083333333333215e+01,-3.513720824626950789e-02
1.729166666666666430e+01,1.187634818120591462e-01
1.731250000000000000e+01,2.633170154324148138e-01
1.733333333333333215e+01,4.021159667081886657e-01
1.735416666666666430e+01,5.409623897532942483e-01
1.737500000000000000e+01,6.867000175395495676e-01
1.739583333333333215e+01,8.471745242534877152e-01
1.741666666666666430e+01,1.031164723412001827e+00
1.743750000000000000e+01,1.247914898701409259e+00
1.745833333333333215e+01,1.501912661770091528e+00
1.747916666666666430e+01,1.767769817480569383e+00
1.750000000000000000e+01,0.000000000000000000e+00
1.752083333333333215e+01,1.627080569346693421e-04
1.754166666666666430e+01,1.950495420370908228e-03
1.756250000000000000e+01,7.302812824846068723e-03
1.758333333333333215e+01,1.787684808215022833e-02
1.760416666666666430e+01,3.493162204981959534e-02
1.762500000000000000e+01,5.926597835487457805e-02
1.764583333333333215e+01,9.116129433641231850e-02
1.766666666666666430e+01,1.303716490939590966e-01
1.768750000000000000e+01,1.761995568771922704e-01
1.770833333333333215e+01,2.276292087328493641e-01
1.772916666666666430e+01,2.834743082588400687e-01
1.775000000000000000e+01,3.425039849370427603e-01
1.777083333333333215e+01,4.035299577759250966e-01
1.779166666666666430e+01,4.654571734034021468e-01
1.781250000000000000e+01,5.273103502176802460e-01
1.783333333333333215e+01,5.882497973337744712e-01
1.785416666666666430e+01,6.475852645648789707e-01
1.787500000000000000e+01,7.047902878815890393e-01
1.789583333333333215e+01,7.595144677172265268e-01
1.791666666666666430e+01,8.115891859675843367e-01
1.793750000000000000e+01,8.610229436469483133e-01
1.795833333333333215e+01,9.079847796499823653e-01
1.797916666666666430e+01,9.527769698128936149e-01
1.800000000000000000e+01,9.958003264106227714e-01
1.802083333333333215e+01,1.037516364419943216e+00
1.804166666666666430e+01,1.078410405778297276e+00
1.806250000000000000e+01,1.118958763645549581e+00
1.808333333333333215e+01,1.159601970802716098e+00
1.810416666666666430e+01,1.200724946204481114e+00
1.812500000000000000e+01,1.242644185947246793e+00
1.814583333333333215e+01,1.285601511993549328e+00
1.816666666666666430e+01,1.329763553911009755e+00
1.818750000000000000e+01,1.375225931954783265e+00
1.820833333333333215e+01,1.422021024051323357e+00
1.822916666666666430e+01,1.470128209691421661e+00
1.825000000000000000e+01,1.519485566774463781e+00
1.827083333333333215e+01,1.570002126698431200e+00
1.829166666666666430e+01,1.621569940683684319e+00
1.831250000000000000e+01,1.674075353608476258e+00
1.833333333333333215e+01,1.727409008706296323e+00
1.835416666666666430e+01,1.781474218053731517e+00
1.837500000000000000e+01,1.836193439132384864e+00
1.839583333333333215e+01,1.891512707378021352e+00
1.841666666666666430e+01,1.947403993208050466e+00
1.843750000000000000e+01,2.003865574867608856e+00
1.845833333333333215e+01,2.060920632808460162e+00
1.847916666666666430e+01,2.118614360816047260e+00
1.850000000000000000e+01,2.177009938827143110e+00
1.852083333333333215e+01,2.236183713554923624e+00
1.854166666666666430e+01,2.296219885630948365e+00
1.856250000000000000e+01,2.357204914380112815e+00
1.858333333333333215e+01,2.419221738063817906e+00
1.860416666666666430e+01,2.482343786506756356e+00
1.862500000000000000e+01,2.546628654559515148e+00
1.864583333333333215e+01,2.612111230820252317e+00
1.866666666666666430e+01,2.678796060425014502e+00
1.868750000000000000e+01,2.746648787227642163e+00
1.870833333333333215e+01,2.815586684116394789e+00
1.872916666666666430e+01,2.885468528741145899e+00
1.875000000000000000e+01,2.956084356063307439e+00
1.877083333333333215e+01,3.027145810496271405e+00
1.879166666666666430e+01,3.098277826567755078e+00
1.881250000000000000e+01,3.169012206452429314e+00
1.883333333333333215e+01,3.238783552353548423e+00
1.885416666666666430e+01,3.306928247415293676e+00
1.887500000000000000e+01,3.372687827159864149e+00
1.889583333333333215e+01,3.435218792794759057e+00
1.891666666666666430e+01,3.493611110654774699e+00
1.893750000000000000e+01,3.546916904924134695e+00
1.895833333333333215e+01,3.594189159327974004e+00
1.897916666666666430e+01,3.634527970165139621e+00
1.900000000000000000e+01,3.667129725461920842e+00
1.902083333333333215e+01,3.691333326836145901e+00
1.904166666666666430e+01,3.706657774164057173e+00
1.906250000000000000e+01,3.712827057024030708e+00
1.908333333333333215e+01,3.709780688748939070e+00
1.910416666666666430e+01,3.697670480183947728e+00
1.912500000000000000e+01,3.676845619020236544e+00
1.914583333333333215e+01,3.647828640439989112e+00
1.916666666666666430e+01,3.611284727717802845e+00
1.918750000000000000e+01,3.567986412527141660e+00
1.920833333333333215e+01,3.518775494035407458e+00
1.922916666666666430e+01,3.464523973861878048e+00
1.925000000000000000e+01,3.406095921860663456e+00
1.927083333333333215e+01,3.344312273034056204e+00
1.929166666666666430e+01,3.279920467630899061e+00
1.931250000000000000e+01,3.213570534267366607e+00
1.933333333333333215e+01,3.145802999287275803e+00
1.935416666666666430e+01,3.077039740758967579e+00
1.937500000000000000e+01,3.007568127608370556e+00
1.939583333333333215e+01,2.937560742690697335e+00
1.941666666666666430e+01,2.867087976659718151e+00
1.943750000000000000e+01,2.796135082710573982e+00
1.945833333333333215e+01,2.724622060053901063e+00
1.947916666666666430e+01,2.652424719261465835e+00
1.950000000000000000e+01,2.579395406013113679e+00
1.952083333333333215e+01,2.491179306953774208e+00
1.954166666666666430e+01,2.405295175780363781e+00
1.956250000000000000e+01,2.316140265979625745e+00
1.958333333333333215e+01,2.219353979219519157e+00
1.960416666666666430e+01,2.111489562494330396e+00
1.962500000000000000e+01,1.990025769216699825e+00
1.964583333333333215e+01,1.853334229864507465e+00
1.966666666666666430e+01,1.700546832637216399e+00
1.968750000000000000e+01,1.531437807058592337e+00
1.970833333333333215e+01,1.346323191812343500e+00
1.972916666666666430e+01,1.145982717755789748e+00
1.975000000000000000e+01,9.316252734234238275e-01
1.977083333333333215e+01,7.049398033231386584e-01
1.979166666666666430e+01,4.686487415041359350e-01
1.981250000000000000e+01,2.393846566768007278e-01
1.983333333333333215e+01,2.036578831322405359e-02
1.985416666666666430e+01,-1.876122056806555638e-01
1.987500000000000000e+01,-3.840925117519380372e-01
1.989583333333333215e+01,-5.686016454603876058e-01
1.991666666666666430e+01,-7.404135211140357997e-01
1.993750000000000000e+01,-8.981394660710689815e-01
1.995833333333333215e+01,-1.039673990376028589e+00
1.997916666666666430e+01,-1.162291469143214684e+00
2.000000000000000000e+01,-1.263157224140828649e+00
2.002083333333333215e+01,-1.340050453266088848e+00
2.004166666666666430e+01,-1.391963559871194134e+00
2.006250000000000000e+01,-1.419333189332083522e+00
2.008333333333333215e+01,-1.423877066507249323e+00
2.010416666666666430e+01,-1.408189988611622478e+00
2.012500000000000000e+01,-1.375298005566266690e+00
2.014583333333333215e+01,-1.328286664107605208e+00
2.016666666666666430e+01,-1.269990591472529129e+00
2.018750000000000000e+01,-1.202755790704446381e+00
2.020833333333333215e+01,-1.128413137928738541e+00
2.022916666666666430e+01,-1.048390157920164656e+00
2.025000000000000000e+01,-9.638532812276179307e-01
2.027083333333333215e+01,-8.758836684993031030e-01
2.029166666666666430e+01,-7.856959120837397892e-01
2.031250000000000000e+01,-6.949333629167283588e-01
2.033333333333333215e+01,-6.058121747488049991e-01
2.035416666666666430e+01,-5.213355511975605872e-01
2.037500000000000000e+01,-4.450213092090521405e-01
2.039583333333333215e+01,-3.805064534231337170e-01
2.041666666666666430e+01,-3.306743963699728672e-01
2.043750000000000000e+01,-2.972573587191119082e-01
2.045833333333333215e+01,-2.807504853564099512e-01
2.047916666666666430e+01,-2.805466050868882788e-01
2.050000000000000000e+01,-2.951625321265385349e-01
2.052083333333333215e+01,-3.226009326909650143e-01
2.054166666666666430e+01,-3.606703849521303296e-01
2.056250000000000000e+01,-4.072450079497784148e-01
2.058333333333333215e+01,-4.606543367790529864e-01
2.060416666666666430e+01,-5.198039937364473673e-01
2.062500000000000000e+01,-5.840191702253156869e-01
2.064583333333333215e+01,-6.528030587626539871e-01
2.066666666666666430e+01,-7.255371911080770175e-01
2.068750000000000000e+01,-8.011345535480224322e-01
2.070833333333333215e+01,-8.776791763425438875e-01
2.072916666666666430e+01,-9.521191799263882816e-01
2.075000000000000000e+01,-1.020122396063867010e+00
2.077083333333333215e+01,-1.076403703910653320e+00
2.079166666666666430e+01,-1.115814328580490900e+00
2.081250000000000000e+01,-1.134021809851303519e+00
2.083333333333333215e+01,-1.130312669613079191e+00
2.085416666666666430e+01,-1.106422446649344193e+00
2.087500000000000000e+01,-1.064150507916598265e+00
2.089583333333333215e+01,-1.004201514022837305e+00
2.091666666666666430e+01,-9.279476407328626220e-01
2.093750000000000000e+01,-8.447990628540553715e-01
2.095833333333333215e+01,-7.583440897866571273e-01
2.097916666666666430e+01,-6.720780132561327003e-01
2.100000000000000000e+01,-5.883725104263454186e-01
2.102083333333333215e+01,-5.081858715085260103e-01
2.104166666666666430e+01,-4.312150455199737498e-01
2.106250000000000000e+01,-3.559500985257808559e-01
2.108333333333333215e+01,-2.796702793468370807e-01
2.110416666666666430e+01,-1.987772185673116754e-01
2.112500000000000000e+01,-1.089918749401423276e-01
2.114583333333333215e+01,-5.611664487786992804e-03
2.116666666666666430e+01,1.160466888612189384e-01
2.118750000000000000e+01,2.597052210540331529e-01
2.120833333333333215e+01,4.205354320743281415e-01
2.122916666666666430e+01,5.862860385884464121e-01
2.125000000000000000e+01,7.479404948712674583e-01
2.127083333333333215e+01,9.037629284001672536e-01
2.129166666666666430e+01,1.052685866750135535e+00
2.131250000000000000e+01,1.193746430585791440e+00
2.133333333333333215e+01,1.326094230524517137e+00
2.135416666666666430e+01,1.448997305547446990e+00
2.137500000000000000e+01,1.561846137842222149e+00
2.139583333333333215e+01,1.664155785596998616e+00
2.141666666666666430e+01,1.755566181127470760e+00
2.143750000000000000e+01,1.835840647861470831e+00
2.145833333333333215e+01,1.904862702162422039e+00
2.147916666666666430e+01,1.962631239179904119e+00
2.150000000000000000e+01,2.009254283050907031e+00
2.152083333333333215e+01,2.044941649888566193e+00
2.154166666666666430e+01,2.069997154270360351e+00
2.156250000000000000e+01,2.084811329398603696e+00
2.158333333333333215e+01,2.089855785089097751e+00
2.160416666666666430e+01,2.085679907339001549e+00
2.162500000000000000e+01,2.073633585843023042e+00
2.164583333333333215e+01,2.059144799472679033e+00
2.166666666666666430e+01,2.045770010575266529e+00
2.168750000000000000e+01,2.030007311319500296e+00
2.170833333333333215e+01,2.012100649756987547e+00
2.172916666666666430e+01,1.992436835427139785e+00
2.175000000000000000e+01,1.971412251349911937e+00
2.177083333333333215e+01,1.949429107010522078e+00
2.179166666666666430e+01,1.926891675561699824e+00
2.181250000000000000e+01,1.904202561767710078e+00
2.183333333333333215e+01,1.881759045434004074e+00
2.185416666666666430e+01,1.859949541952178986e+00
2.187500000000000000e+01,1.839150217750554095e+00
2.189583333333333215e+01,1.819721794277460836e+00
2.191666666666666430e+01,0.000000000000000000e+00
2.193750000000000000e+01,1.364784460182735738e-04
2.195833333333333215e+01,1.632957254058112206e-03
2.197916666666666430e+01,6.088188425356195164e-03
2.200000000000000000e+01,1.486126789841494579e-02
2.202083333333333215e+01,2.899787602739686138e-02
2.204166666666666430e+01,4.918218875050154454e-02
2.206250000000000000e+01,7.569456625690156037e-02
2.208333333333333215e+01,1.083887918349288604e-01
2.210416666666666430e+01,1.467402527727337813e-01
2.212500000000000000e+01,1.899455218646031729e-01
2.214583333333333215e+01,2.370405236657207315e-01
2.216666666666666430e+01,2.870065915581841987e-01
2.218750000000000000e+01,3.388479206498112850e-01
2.220833333333333215e+01,3.916395036066767643e-01
2.222916666666666430e+01,4.445540922009948437e-01
2.225000000000000000e+01,4.968786840419806561e-01
2.227083333333333215e+01,5.480280053335979673e-01
2.229166666666666430e+01,5.975576319695249383e-01
2.231250000000000000e+01,6.451751262380116536e-01
2.233333333333333215e+01,6.907456517685722774e-01
2.235416666666666430e+01,7.342888832713320157e-01
2.237500000000000000e+01,7.759657528354900746e-01
2.239583333333333215e+01,8.160557987096397348e-01
2.241666666666666430e+01,8.549277203724197083e-01
2.243750000000000000e+01,8.930066804325389462e-01
2.245833333333333215e+01,9.307418888004205249e-01
2.247916666666666430e+01,9.685773433355125972e-01
2.250000000000000000e+01,1.006927666113011544e+00
2.252083333333333215e+01,1.046160064550780922e+00
2.254166666666666430e+01,1.086582703435071018e+00
2.256250000000000000e+01,1.128439216835942283e+00
2.258333333333333215e+01,1.171908696087980983e+00
2.260416666666666430e+01,1.217110237282457819e+00
2.262500000000000000e+01,1.264110996764430839e+00
2.264583333333333215e+01,1.312936665125138846e+00
2.266666666666666430e+01,1.363583305782482435e+00
2.268750000000000000e+01,1.416029583471815290e+00
2.270833333333333215e+01,1.470248495181432080e+00
2.272916666666666430e+01,1.526217774949473860e+00
2.275000000000000000e+01,1.583928142772750736e+00
2.277083333333333215e+01,1.643388484040861908e+00
2.279166666666666430e+01,1.704626875368617345e+00
2.281250000000000000e+01,1.767686159397127144e+00
2.283333333333333215e+01,1.832612675818232839e+00
2.285416666666666430e+01,1.899437155151773693e+00
2.287500000000000000e+01,1.968148253587248986e+00
2.289583333333333215e+01,2.038661983566240288e+00
2.291666666666666430e+01,2.110792820080982235e+00
2.293750000000000000e+01,2.184230430084141972e+00
2.295833333333333215e+01,2.258517964394942901e+00
2.297916666666666430e+01,2.333022988029928246e+00
2.300000000000000000e+01,2.406902838176804060e+00
2.302083333333333215e+01,2.479083312554904772e+00
2.304166666666666430e+01,2.548270833404266522e+00
2.306250000000000000e+01,2.613003132317107902e+00
2.308333333333333215e+01,2.671729923882166347e+00
2.310416666666666430e+01,2.722911320170840366e+00
2.312500000000000000e+01,2.765122473557145799e+00
2.314583333333333215e+01,2.797152653050785087e+00
2.316666666666666430e+01,2.818086597091672640e+00
2.318750000000000000e+01,2.827358606095913274e+00
2.320833333333333215e+01,2.824775662373335106e+00
2.322916666666666430e+01,2.810512132477203551e+00
2.325000000000000000e+01,2.785082385849638964e+00
2.327083333333333215e+01,2.749298049199773608e+00
2.329166666666666430e+01,2.704214817426348727e+00
2.331250000000000000e+01,2.651071747181352745e+00
2.333333333333333215e+01,2.591225149506518832e+00
2.335416666666666430e+01,2.526079743868394178e+00
2.337500000000000000e+01,2.457020846041849893e+00
2.339583333333333215e+01,2.385352006338438802e+00
2.341666666666666430e+01,2.312242114867181897e+00
2.343750000000000000e+01,2.238684689715183751e+00
2.345833333333333215e+01,2.165470485519275901e+00
2.347916666666666430e+01,2.093173311738303344e+00
2.350000000000000000e+01,2.022148255866309086e+00
2.352083333333333215e+01,1.952541192041731488e+00
2.354166666666666430e+01,1.884308210496170588e+00
2.356250000000000000e+01,1.817243256197447643e+00
2.358333333333333215e+01,1.751011862426902876e+00
2.360416666666666430e+01,1.685188569303953887e+00
2.362500000000000000e+01,1.619295550529342265e+00
2.364583333333333215e+01,1.552840126082476679e+00
2.366666666666666430e+01,1.485349118601213547e+00
2.368750000000000000e+01,1.416398354604699428e+00
2.370833333333333215e+01,1.345636010889013745e+00
2.372916666666666430e+01,1.272798963197523170e+00
2.375000000000000000e+01,1.197721815524141808e+00
2.377083333333333215e+01,1.120338859075031390e+00
2.379166666666666430e+01,1.040679764232035565e+00
2.381250000000000000e+01,9.588602447378132831e-01
2.383333333333333215e+01,8.750691584751979502e-01
2.385416666666666430e+01,7.895534879347123614e-01
2.387500000000000000e+01,7.026024172250924238e-01
2.389583333333333215e+01,6.145313939607001119e-01
2.391666666666666430e+01,5.256667543268958021e-01
2.393750000000000000e+01,4.222279547789528076e-01
2.395833333333333215e+01,3.213080425638852877e-01
2.397916666666666430e+01,2.187208544928894716e-01
2.400000000000000000e+01,1.115419940064031196e-01
2.402083333333333215e+01,-1.764952549005981055e-03
2.404166666666666430e+01,-1.214860576200275932e-01
2.406250000000000000e+01,-2.468767360470690286e-01
2.408333333333333215e+01,-3.764508173403754432e-01
2.410416666666666430e+01,-5.082633526548437919e-01
2.412500000000000000e+01,-6.406566149680386069e-01
2.414583333333333215e+01,-7.721559559065985789e-01
2.416666666666666430e+01,-9.013227057072170645e-01
2.418750000000000000e+01,-1.026577014417736855e+00
2.420833333333333215e+01,-1.146010925601764985e+00
2.422916666666666430e+01,-1.257228257459438892e+00
2.425000000000000000e+01,-1.357258381904097755e+00
2.427083333333333215e+01,-1.442589041851619625e+00
2.429166666666666430e+01,-1.509342491826462629e+00
2.431250000000000000e+01,-1.553632413700822168e+00
2.433333333333333215e+01,-1.572593962744478047e+00
2.435416666666666430e+01,-1.564961223740629181e+00
2.437500000000000000e+01,-1.531175044034138066e+00
2.439583333333333215e+01,-1.473082419853563696e+00
2.441666666666666430e+01,-1.393491936070259785e+00
2.443750000000000000e+01,-1.295790539646828332e+00
2.445833333333333215e+01,-1.183460806493215056e+00
2.447916666666666430e+01,-1.059561016387478904e+00
2.450000000000000000e+01,-9.267076316435768346e-01
2.452083333333333215e+01,-7.871041192320996638e-01
2.454166666666666430e+01,-6.425551303478294063e-01
2.456250000000000000e+01,-4.944944542049303782e-01
2.458333333333333215e+01,-3.440548134309101558e-01
2.460416666666666430e+01,-1.921974492372470478e-01
2.462500000000000000e+01,-3.990673697603511205e-02
2.464583333333333215e+01,1.115543922931464399e-01
2.466666666666666430e+01,2.603629546511619930e-01
2.468750000000000000e+01,4.038961872671006925e-01
2.470833333333333215e+01,5.385800950484682659e-01
2.472916666666666430e+01,6.598925536526969449e-01
2.475000000000000000e+01,7.625922389399917289e-01
2.477083333333333215e+01,8.411836070742471083e-01
2.479166666666666430e+01,8.905414119597961919e-01
2.481250000000000000e+01,9.067617931813340970e-01
2.483333333333333215e+01,8.883783163286301798e-01
2.485416666666666430e+01,8.366283464777927170e-01
2.487500000000000000e+01,7.548560319154291598e-01
2.489583333333333215e+01,6.476872317126965983e-01
2.491666666666666430e+01,5.204570993205666074e-01
2.493750000000000000e+01,3.780952296661740375e-01
2.495833333333333215e+01,2.248509169709527467e-01
2.497916666666666430e+01,6.434977322691436130e-02
2.500000000000000000e+01,-1.004277457000247870e-01
2.502083333333333215e+01,-2.671834826799320828e-01
2.504166666666666430e+01,-4.343920371633855915e-01
2.506250000000000000e+01,-6.014074551000072599e-01
2.508333333333333215e+01,-7.684704338229847442e-01
2.510416666666666430e+01,-9.366220584729819665e-01
2.512500000000000000e+01,-1.107518107386894934e+00
2.514583333333333215e+01,-1.283203911706275457e+00
2.516666666666666430e+01,-1.465626714293032595e+00
2.518750000000000000e+01,-1.656034153127836195e+00
2.520833333333333215e+01,-1.854229597561950049e+00
2.522916666666666430e+01,-2.057759334213219660e+00
2.525000000000000000e+01,-2.257442694334418132e+00
2.527083333333333215e+01,-2.439384272002136811e+00
2.529166666666666430e+01,-2.598116082104062308e+00
2.531250000000000000e+01,-2.730105815209756592e+00
2.533333333333333215e+01,-2.834403215249590158e+00
2.535416666666666430e+01,-2.910318957221663450e+00
2.537500000000000000e+01,-2.957421878658712089e+00
2.539583333333333215e+01,-2.975533871854306511e+00
2.541666666666666430e+01,-2.964722646095437675e+00
2.543750000000000000e+01,-2.925292577192721399e+00
2.545833333333333215e+01,-2.857773865646833222e+00
2.547916666666666430e+01,-2.763864565822335084e+00
2.550000000000000000e+01,-2.646884300687418534e+00
2.552083333333333215e+01,-2.514174203009890807e+00
2.554166666666666430e+01,-2.367599926301445112e+00
2.556250000000000000e+01,-2.205853822783134355e+00
2.558333333333333215e+01,-2.027896958678533146e+00
2.560416666666666430e+01,-1.833156110504683856e+00
2.562500000000000000e+01,-1.621162595854244604e+00
2.564583333333333215e+01,-1.391869054344986756e+00
2.566666666666666430e+01,-1.147648064429749537e+00
2.568750000000000000e+01,-8.906491611270421771e-01
2.570833333333333215e+01,-6.216655594546892649e-01
2.572916666666666430e+01,-3.463758457702804106e-01
2.575000000000000000e+01,-6.882409713338888402e-02
2.577083333333333215e+01,2.097405673477871213e-01
2.579166666666666430e+01,4.892612153772867845e-01
2.581250000000000000e+01,7.695868407615672480e-01
2.583333333333333215e+01,1.040059366500318161e+00
2.585416666666666430e+01,1.297573403843772066e+00
2.587500000000000000e+01,1.543680359691271597e+00
2.589583333333333215e+01,1.780399867651587975e+00
2.591666666666666430e+01,2.007989994688137880e+00
2.593750000000000000e+01,2.229996498357488477e+00
2.595833333333333215e+01,2.449898439623411583e+00
2.597916666666666430e+01,2.669429139553588293e+00
2.600000000000000000e+01,2.887699374820685616e+00
2.602083333333333215e+01,3.097061037948976914e+00
2.604166666666666430e+01,3.285009626745996503e+00
2.606250000000000000e+01,3.446535340085361110e+00
2.608333333333333215e+01,3.576879168026722233e+00
2.610416666666666430e+01,3.672510916615657983e+00
2.612500000000000000e+01,3.730891678371334397e+00
2.614583333333333215e+01,3.750332850040893451e+00
2.616666666666666430e+01,3.730135436918206260e+00
2.618750000000000000e+01,3.669975579947980293e+00
2.620833333333333215e+01,3.570304269706400468e+00
2.622916666666666430e+01,3.434879542537178310e+00
2.625000000000000000e+01,3.269992378152780876e+00
2.627083333333333215e+01,3.084985400493932328e+00
2.629166666666666430e+01,2.886894581498066881e+00
2.631250000000000000e+01,2.680597123749325572e+00
2.633333333333333215e+01,2.470207629626155921e+00
2.635416666666666430e+01,2.256563484476479697e+00
2.637500000000000000e+01,2.037964835947426057e+00
2.639583333333333215e+01,1.810962547918717025e+00
2.641666666666666430e+01,1.570811291866828885e+00
2.643750000000000000e+01,1.309200276641636851e+00
2.645833333333333215e+01,1.032622606691067313e+00
2.647916666666666430e+01,7.438072235917775332e-01
2.650000000000000000e+01,4.530527182340562953e-01
2.652083333333333215e+01,1.591241058586428392e-01
2.654166666666666430e+01,-1.370409290984020145e-01
2.656250000000000000e+01,-4.339961917682372827e-01
2.658333333333333215e+01,-7.318950461095473647e-01
2.660416666666666430e+01,-1.030679200459154732e+00
2.662500000000000000e+01,-1.327351998438481173e+00
2.664583333333333215e+01,-1.620025871038066834e+00
2.666666666666666430e+01,-1.906451376836287182e+00
2.668750000000000000e+01,-2.173492695929920338e+00
2.670833333333333215e+01,-2.429455740506892614e+00
2.672916666666666430e+01,-2.688672685916750460e+00
2.675000000000000000e+01,-2.965263765751053437e+00
2.677083333333333215e+01,-3.247872986739815726e+00
2.679166666666666430e+01,-3.523704722795349298e+00
2.681250000000000000e+01,-3.791397512361682320e+00
2.683333333333333215e+01,-4.050502560963696652e+00
2.685416666666666430e+01,-4.300644532909521089e+00
2.687500000000000000e+01,0.000000000000000000e+00
2.689583333333333215e+01,1.653729788482490395e-04
2.691666666666666430e+01,1.979903293318678245e-03
2.693750000000000000e+01,7.380951000678127871e-03
2.695833333333333215e+01,1.800440329846747858e-02
2.697916666666666430e+01,3.508350590500546040e-02
2.700000000000000000e+01,5.938689822869040041e-02
2.702083333333333215e+01,9.116238195451310811e-02
2.704166666666666430e+01,1.301279770838082717e-01
2.706250000000000000e+01,1.755509431741751614e-01
2.708333333333333215e+01,2.263846804115453026e-01
2.710416666666666430e+01,2.814191516096261059e-01
2.712500000000000000e+01,3.394079766344152982e-01
2.714583333333333215e+01,3.991559016749787192e-01
2.716666666666666430e+01,4.595695396854506676e-01
2.718750000000000000e+01,5.196840744211904672e-01
2.720833333333333215e+01,5.786790490925441954e-01
2.722916666666666430e+01,6.358914802819425338e-01
2.725000000000000000e+01,6.908283249288764694e-01
2.727083333333333215e+01,7.431756933647128971e-01
2.729166666666666430e+01,7.928007182776444228e-01
2.731250000000000000e+01,8.397429538284314487e-01
2.733333333333333215e+01,8.841945028049941202e-01
2.735416666666666430e+01,9.264706148090361415e-01
2.737500000000000000e+01,9.669742950125931324e-01
2.739583333333333215e+01,1.006159092689643320e+00
2.741666666666666430e+01,1.044493830991689798e+00
2.743750000000000000e+01,1.082432026746070530e+00
2.745833333333333215e+01,1.120387587762766479e+00
2.747916666666666430e+01,1.158717373785180138e+00
2.750000000000000000e+01,1.197710484050314328e+00
2.752083333333333215e+01,1.237583664721297882e+00
2.754166666666666430e+01,1.278481945628519467e+00
2.756250000000000000e+01,1.320483471022654953e+00
2.758333333333333215e+01,1.363607452063274827e+00
2.760416666666666430e+01,1.407824212680569342e+00
2.762500000000000000e+01,1.453066400403598690e+00
2.764583333333333215e+01,1.499240564705087042e+00
2.766666666666666430e+01,1.546238443681799302e+00
2.768750000000000000e+01,1.593947428156062829e+00
2.770833333333333215e+01,1.642259783781288451e+00
2.772916666666666430e+01,1.691080310310462131e+00
2.775000000000000000e+01,1.740332212982719895e+00
2.777083333333333215e+01,1.789961063877285374e+00
2.779166666666666430e+01,1.839936844808476302e+00
2.781250000000000000e+01,1.890254182694097063e+00
2.783333333333333215e+01,1.940931001093214814e+00
2.785416666666666430e+01,1.992005903361082852e+00
2.787500000000000000e+01,2.043534660972130546e+00
2.789583333333333215e+01,2.095586197486088320e+00
2.791666666666666430e+01,2.148238434378505257e+00
2.793750000000000000e+01,2.201574306451761665e+00
2.795833333333333215e+01,2.255678172758498246e+00
2.797916666666666430e+01,2.310632755696645280e+00
2.800000000000000000e+01,2.366516646328978180e+00
2.802083333333333215e+01,2.423402325318565698e+00
2.804166666666666430e+01,2.481354570518012448e+00
2.806250000000000000e+01,2.540429056523236806e+00
2.808333333333333215e+01,2.600670900044979472e+00
2.810416666666666430e+01,2.662112870200110226e+00
2.812500000000000000e+01,2.724772969231428643e+00
2.814583333333333215e+01,2.788636599158506701e+00
2.816666666666666430e+01,2.853657684987930487e+00
2.818750000000000000e+01,2.919794952402294808e+00
2.820833333333333215e+01,2.986970315355490513e+00
2.822916666666666430e+01,3.055061144046743671e+00
2.825000000000000000e+01,3.123891949931393075e+00
2.827083333333333215e+01,3.193226135907147434e+00
2.829166666666666430e+01,3.262758567241407448e+00
2.831250000000000000e+01,3.332109706113993042e+00
2.833333333333333215e+01,3.400821964804094044e+00
2.835416666666666430e+01,3.468358888422697017e+00
2.837500000000000000e+01,3.534107877415382681e+00
2.839583333333333215e+01,3.597374896247073295e+00
2.841666666666666430e+01,3.657395461898834466e+00
2.843750000000000000e+01,3.713387379914219188e+00
2.845833333333333215e+01,3.764537283743791818e+00
2.847916666666666430e+01,3.810029388895422198e+00
2.850000000000000000e+01,3.849081067399994005e+00
2.852083333333333215e+01,3.880982141592006052e+00
2.854166666666666430e+01,3.905133724922701166e+00
2.856250000000000000e+01,3.921082199511442656e+00
2.858333333333333215e+01,3.928544691448050852e+00
2.860416666666666430e+01,3.927423877415978204e+00
2.862500000000000000e+01,3.917811578611205992e+00
2.864583333333333215e+01,3.899981872564134200e+00
2.866666666666666430e+01,3.874375158581586209e+00
2.868750000000000000e+01,3.841574831552700076e+00
2.870833333333333215e+01,3.802278203678731927e+00
2.872916666666666430e+01,3.757263301942026956e+00
2.875000000000000000e+01,3.707353266312256590e+00
2.877083333333333215e+01,3.653380240296003834e+00
2.879166666666666430e+01,3.596150762510597509e+00
2.881250000000000000e+01,3.536414623689055681e+00
2.883333333333333215e+01,3.474838899043178220e+00
2.885416666666666430e+01,3.411988377537644279e+00
2.887500000000000000e+01,3.348312520209431487e+00
2.889583333333333215e+01,3.272430624776851982e+00
2.891666666666666430e+01,3.199068001700881236e+00
2.893750000000000000e+01,3.123675075311413973e+00
2.895833333333333215e+01,3.042813318219582008e+00
2.897916666666666430e+01,2.953712012202882153e+00
2.900000000000000000e+01,2.854171468925389643e+00
2.902083333333333215e+01,2.742479609100805238e+00
2.904166666666666430e+01,2.617384411416163736e+00
2.906250000000000000e+01,2.478099757501956546e+00
2.908333333333333215e+01,2.324328120390952712e+00
2.910416666666666430e+01,2.156286233394926644e+00
2.912500000000000000e+01,1.974721258563533643e+00
2.914583333333333215e+01,1.780909639794665322e+00
2.916666666666666430e+01,1.576639500595109933e+00
2.918750000000000000e+01,1.364185999794166548e+00
2.920833333333333215e+01,1.146288899302273956e+00
2.922916666666666430e+01,9.281465715560910379e-01
2.925000000000000000e+01,7.204584210957579726e-01
2.927083333333333215e+01,5.226799840966288579e-01
2.929166666666666430e+01,3.345257135062392750e-01
2.931250000000000000e+01,1.558241062769846752e-01
2.933333333333333215e+01,-1.357657042804951211e-02
2.935416666666666430e+01,-1.737793364698972387e-01
2.937500000000000000e+01,-3.246463720322215751e-01
2.939583333333333215e+01,-4.655212257184186964e-01
2.941666666666666430e+01,-5.951279245972898035e-01
2.943750000000000000e+01,-7.114698282554633435e-01
2.945833333333333215e+01,-8.121530666878090665e-01
2.947916666666666430e+01,-8.948518990117699801e-01
2.950000000000000000e+01,-9.578608743985808083e-01
2.952083333333333215e+01,-1.000559478946478009e+00
2.954166666666666430e+01,-1.023583980085824852e+00
2.956250000000000000e+01,-1.028762410694004759e+00
2.958333333333333215e+01,-1.018571159868022269e+00
2.960416666666666430e+01,-9.955539049711290556e-01
2.962500000000000000e+01,-9.619774280061675897e-01
2.964583333333333215e+01,-9.197257143450516814e-01
2.966666666666666430e+01,-8.702448844598322797e-01
2.968750000000000000e+01,-8.145414416182512607e-01
2.970833333333333215e+01,-7.534238757148008503e-01
2.972916666666666430e+01,-6.877193728311183918e-01
2.975000000000000000e+01,-6.184551223509967555e-01
2.977083333333333215e+01,-5.471322880995842519e-01
2.979166666666666430e+01,-4.759389323139118222e-01
2.981250000000000000e+01,-4.078840586226026299e-01
2.983333333333333215e+01,-3.471981204633610707e-01
2.985416666666666430e+01,-2.962849507443651165e-01
2.987500000000000000e+01,-2.565365189675162250e-01
2.989583333333333215e+01,-2.278428714000479138e-01
2.991666666666666430e+01,-2.097116889188511690e-01
2.993750000000000000e+01,-2.020883382789096794e-01
2.995833333333333215e+01,-2.048619005830882855e-01
2.997916666666666430e+01,-2.188098474276614636e-01
3.000000000000000000e+01,-2.449905563286562393e-01
3.002083333333333215e+01,-2.798170804299887071e-01
3.004166666666666430e+01,-3.210821364175345805e-01
3.006250000000000000e+01,-3.662944415596839920e-01
3.008333333333333215e+01,-4.130640882637471312e-01
3.010416666666666430e+01,-4.596770071891516651e-01
3.012500000000000000e+01,-5.055163869901725393e-01
3.014583333333333215e+01,-5.509826475628154530e-01
3.016666666666666430e+01,-5.973989437262134938e-01
3.018750000000000000e+01,-6.467748012350001963e-01
3.020833333333333215e+01,-7.016257842469874051e-01
3.022916666666666430e+01,-7.647673725185660798e-01
3.025000000000000000e+01,-8.390210464105031241e-01
3.027083333333333215e+01,-9.267413936923573070e-01
3.029166666666666430e+01,-1.028693296591251194e+00
3.031250000000000000e+01,-1.136868455918354393e+00
3.033333333333333215e+01,-1.241554084490724907e+00
3.035416666666666430e+01,-1.338576823341949495e+00
3.037500000000000000e+01,-1.427762495701514256e+00
3.039583333333333215e+01,-1.509039608672966049e+00
3.041666666666666430e+01,-1.582436660136679274e+00
3.043750000000000000e+01,-1.648078247208302871e+00
3.045833333333333215e+01,-1.706180098222438435e+00
3.047916666666666430e+01,-1.757043149103008073e+00
3.050000000000000000e+01,-1.801046778785443392e+00
3.052083333333333215e+01,-1.838641306306349144e+00
3.054166666666666430e+01,-1.870339833293039433e+00
3.056250000000000000e+01,-1.896709488906657359e+00
3.058333333333333215e+01,-1.918362099944804999e+00
3.060416666666666430e+01,-1.935944271225680025e+00
3.062500000000000000e+01,-1.950126837369692501e+00
3.064583333333333215e+01,-1.961593682423530494e+00
3.066666666666666430e+01,-1.971030115292021767e+00
3.068750000000000000e+01,-1.979111473946597144e+00
3.070833333333333215e+01,-1.986493424927677331e+00
3.072916666666666430e+01,-1.993806013965698343e+00
3.075000000000000000e+01,-2.001652743013625724e+00
3.077083333333333215e+01,-2.008649815224189172e+00
3.079166666666666430e+01,-2.009068806847106536e+00
3.081250000000000000e+01,-2.006961077542421812e+00
3.083333333333333215e+01,-2.004521307622563864e+00
3.085416666666666430e+01,-2.001808464046928915e+00
3.087500000000000000e+01,-1.998882964659008721e+00
3.089583333333333215e+01,-1.995806140561041664e+00
3.091666666666666430e+01,-1.992639662607829543e+00
3.093750000000000000e+01,-1.989444960446413502e+00
3.095833333333333215e+01,-1.986282654294876604e+00
3.097916666666666430e+01,-1.983212012901629961e+00
3.100000000000000000e+01,-1.980290446129768345e+00
3.102083333333333215e+01,-1.977573037160564429e+00
3.104166666666666430e+01,-1.975112117042008730e+00
3.106250000000000000e+01,-1.972956882867766604e+00
3.108333333333333215e+01,-1.971153059974528610e+00
3.110416666666666430e+01,0.000000000000000000e+00
3.112500000000000000e+01,1.812202672182823082e-04
3.114583333333333215e+01,2.178492323364920099e-03
3.116666666666666430e+01,8.141486973191218446e-03
3.118750000000000000e+01,1.988643658309601978e-02
3.120833333333333215e+01,3.876574356042632868e-02
3.122916666666666430e+01,6.558681959947770812e-02
3.125000000000000000e+01,1.005414013575951643e-01
3.127083333333333215e+01,1.432057181440468951e-01
3.129166666666666430e+01,1.926484708960226888e-01
3.131250000000000000e+01,2.476037440816135360e-01
3.133333333333333215e+01,3.066518570397482324e-01
3.135416666666666430e+01,3.683658571694812811e-01
3.137500000000000000e+01,4.314089496833403703e-01
3.139583333333333215e+01,4.945900954831045637e-01
3.141666666666666430e+01,5.568936394988626137e-01
3.143750000000000000e+01,6.174967020424483310e-01
3.145833333333333215e+01,6.757812859454065402e-01
3.147916666666666430e+01,7.313414234945389003e-01
3.150000000000000000e+01,7.839821955047611146e-01
3.152083333333333215e+01,8.337075941729845674e-01
3.154166666666666430e+01,8.806963798638924867e-01
3.156250000000000000e+01,9.252678225321254724e-01
3.158333333333333215e+01,9.678412967634643094e-01
3.160416666666666430e+01,1.008894478007023476e+00
3.162500000000000000e+01,1.048924423139745432e+00
3.164583333333333215e+01,1.088414593668954877e+00
3.166666666666666430e+01,1.127809453529907691e+00
3.168750000000000000e+01,1.167497043295671277e+00
3.170833333333333215e+01,1.207799061518204597e+00
3.172916666666666430e+01,1.248967459096326893e+00
3.175000000000000000e+01,1.291186297809376216e+00
3.177083333333333215e+01,1.334577563469224293e+00
3.179166666666666430e+01,1.379209693179544560e+00
3.181250000000000000e+01,1.425107723877464094e+00
3.183333333333333215e+01,1.472264155839966282e+00
3.185416666666666430e+01,1.520649817631142486e+00
3.187500000000000000e+01,1.570210897037708664e+00
3.189583333333333215e+01,1.620841178835878083e+00
3.191666666666666430e+01,1.672515464307871458e+00
3.193750000000000000e+01,1.725221144527477213e+00
3.195833333333333215e+01,1.778962737216604140e+00
3.197916666666666430e+01,1.833764564861594781e+00
3.200000000000000000e+01,1.889671384658018649e+00
3.202083333333332860e+01,1.946746755579673360e+00
3.204166666666666430e+01,2.005068894024739645e+00
3.206250000000000000e+01,2.064723729853618295e+00
3.208333333333332860e+01,2.125794855783642134e+00
3.210416666666666430e+01,2.188350131794809972e+00
3.212500000000000000e+01,2.252424971691451727e+00
3.214583333333332860e+01,2.318002902583969238e+00
3.216666666666666430e+01,2.384994795201467177e+00
3.218750000000000000e+01,2.453218802199613080e+00
3.220833333333332860e+01,2.522382808024329570e+00
3.222916666666666430e+01,2.592069876712748133e+00
3.225000000000000000e+01,2.661726072802407472e+00
3.227083333333332860e+01,2.730651064623589974e+00
3.229166666666666430e+01,2.797994820776491309e+00
3.231250000000000000e+01,2.862765553910242566e+00
3.233333333333332860e+01,2.923852977067276537e+00
3.235416666666666430e+01,2.980068145963101767e+00
3.237500000000000000e+01,3.030198489238233428e+00
3.239583333333332860e+01,3.073074232996619415e+00
3.241666666666666430e+01,3.107639862185952673e+00
3.243750000000000000e+01,3.133022166382564588e+00
3.245833333333332860e+01,3.148586164641745011e+00
3.247916666666666430e+01,3.153972400843791046e+00
3.250000000000000000e+01,3.149112890321789315e+00
3.252083333333332860e+01,3.134226710540206629e+00
3.254166666666666430e+01,3.109798550001031892e+00
3.256250000000000000e+01,3.076544183801426247e+00
3.258333333333332860e+01,3.035366441934458592e+00
3.260416666666666430e+01,2.987304641806328487e+00
3.262500000000000000e+01,2.933480213622344568e+00
3.264583333333332860e+01,2.875041382388973776e+00
3.266666666666666430e+01,2.813109961400609649e+00
3.268750000000000000e+01,2.748733217440510579e+00
3.270833333333332860e+01,2.682843272256973943e+00
3.272916666666666430e+01,2.616225749811249113e+00
3.275000000000000000e+01,2.549498608291129731e+00
3.277083333333332860e+01,2.483101466758220077e+00
3.279166666666666430e+01,2.417295240723203786e+00
3.281250000000000000e+01,2.352171436726930409e+00
3.283333333333332860e+01,2.287669955776440833e+00
3.285416666666666430e+01,2.223603755411344807e+00
3.287500000000000000e+01,2.159688327491756432e+00
3.289583333333332860e+01,2.095573757128514458e+00
3.291666666666666430e+01,2.030877155128429035e+00
3.293750000000000000e+01,1.965213450842537179e+00
3.295833333333332860e+01,1.898222833520949671e+00
3.297916666666666430e+01,1.829593501213509388e+00
3.300000000000000000e+01,1.759078797771378211e+00
3.302083333333332860e+01,1.686508280408377081e+00
3.304166666666666430e+01,1.611792744350166950e+00
3.306250000000000000e+01,1.534923693600654060e+00
3.308333333333332860e+01,1.455968122649465624e+00
3.310416666666666430e+01,1.375059701623957631e+00
3.312500000000000000e+01,1.274961990682504487e+00
3.314583333333332860e+01,1.177654142948018290e+00
3.316666666666666430e+01,1.077235030991962272e+00
3.318750000000000000e+01,9.692810050451245996e-01
3.320833333333332860e+01,8.504691764329713743e-01
3.322916666666666430e+01,7.185729080177444272e-01
3.325000000000000000e+01,5.722608147538712497e-01
3.327083333333332860e+01,4.108819448268552499e-01
3.329166666666666430e+01,2.343180869118374754e-01
3.331250000000000000e+01,4.335707581638460067e-02
3.333333333333332860e+01,-1.479077893503185359e-01
3.335416666666666430e+01,-3.378544009427339456e-01
3.337500000000000000e+01,-5.253602834413974021e-01
3.339583333333332860e+01,-7.097341714097940013e-01
3.341666666666666430e+01,-8.906320882254440408e-01
3.343750000000000000e+01,-1.067906778744876162e+00
3.345833333333332860e+01,-1.241335382206888882e+00
3.347916666666666430e+01,-1.410231138670901219e+00
3.350000000000000000e+01,-1.573012526982614512e+00
3.352083333333332860e+01,-1.726832374296065620e+00
3.354166666666666430e+01,-1.867387243002623487e+00
3.356250000000000000e+01,-1.989038376281270670e+00
3.358333333333332860e+01,-2.085333405161331921e+00
3.360416666666666430e+01,-2.149895701055185349e+00
3.362500000000000000e+01,-2.177835697077105781e+00
3.364583333333332860e+01,-2.167152623311418225e+00
3.366666666666666430e+01,-2.118948167516904846e+00
3.368750000000000000e+01,-2.036602267286998114e+00
3.370833333333332860e+01,-1.924753804188651163e+00
3.372916666666666430e+01,-1.788674310740726359e+00
3.375000000000000000e+01,-1.633651709693819010e+00
3.377083333333332860e+01,-1.464431062829561370e+00
3.379166666666666430e+01,-1.285268430302740850e+00
3.381250000000000000e+01,-1.099947085423738091e+00
3.383333333333332860e+01,-9.117191287495836072e-01
3.385416666666666430e+01,-7.232016812201207401e-01
3.387500000000000000e+01,-5.361887491916444981e-01
3.389583333333332860e+01,-3.513784325469013758e-01
3.391666666666666430e+01,-1.681698191886460414e-01
3.393750000000000000e+01,1.527275880812915820e-02
3.395833333333332860e+01,2.017137078559105290e-01
3.397916666666666430e+01,3.944873628138182431e-01
3.400000000000000000e+01,5.971293981204868206e-01
3.402083333333332860e+01,8.128326749305124777e-01
3.404166666666666430e+01,1.043418713089895755e+00
3.406250000000000000e+01,1.279722457328092755e+00
3.408333333333332860e+01,1.509313323200176526e+00
3.410416666666666430e+01,1.720559882343681624e+00
3.412500000000000000e+01,1.911038332914367199e+00
3.414583333333332860e+01,2.079211111582513816e+00
3.416666666666666430e+01,2.223759926724082181e+00
3.418750000000000000e+01,2.343590508903409031e+00
3.420833333333332860e+01,2.437834970154812542e+00
3.422916666666666430e+01,2.505851918563105407e+00
3.425000000000000000e+01,2.547224478740515607e+00
3.427083333333332860e+01,2.561756375983774703e+00
3.429166666666666430e+01,2.549466248770412502e+00
3.431250000000000000e+01,2.510580359458091326e+00
3.433333333333332860e+01,2.445523876119262141e+00
3.435416666666666430e+01,2.354910899331526863e+00
3.437500000000000000e+01,2.239533406631701862e+00
3.439583333333332860e+01,2.100349284561785712e+00
3.441666666666666430e+01,1.938469614295537768e+00
3.443750000000000000e+01,1.759630781317498505e+00
3.445833333333332860e+01,1.570944995613456907e+00
3.447916666666666430e+01,1.373606528857187703e+00
3.450000000000000000e+01,1.166584160942017334e+00
3.452083333333332860e+01,9.493743036105484201e-01
3.454166666666666430e+01,7.217531537642007944e-01
3.456250000000000000e+01,4.823094934237553977e-01
3.458333333333332860e+01,2.353410612745058805e-01
3.460416666666666430e+01,-1.602443481101707701e-02
3.462500000000000000e+01,-2.677235246826645820e-01
3.464583333333332860e+01,-5.185995013139039767e-01
3.466666666666666430e+01,-7.668771015526226753e-01
3.468750000000000000e+01,-1.006559276700062622e+00
3.470833333333332860e+01,-1.231421088949588016e+00
3.472916666666666430e+01,-1.439113591053018837e+00
3.475000000000000000e+01,-1.630390462769671034e+00
3.477083333333332860e+01,-1.799737815669361307e+00
3.479166666666666430e+01,-1.948585618776635942e+00
3.481250000000000000e+01,-2.077432896097197723e+00
3.483333333333332860e+01,-2.186658453186951512e+00
3.485416666666666430e+01,-2.276355923261487391e+00
3.487500000000000000e+01,-2.346403154986478778e+00
3.489583333333332860e+01,-2.396600105716836460e+00
3.491666666666666430e+01,-2.426786142103506627e+00
3.493750000000000000e+01,-2.436926148169127782e+00
3.495833333333332860e+01,-2.427169082201078965e+00
3.497916666666666430e+01,-2.397901514528941291e+00
3.500000000000000000e+01,-2.349858032085028192e+00
3.502083333333332860e+01,-2.284281933031879319e+00
3.504166666666666430e+01,-2.202788522390460191e+00
3.506250000000000000e+01,-2.107686246515849682e+00
3.508333333333332860e+01,-2.002089164893264606e+00
3.510416666666666430e+01,-1.889757668730764451e+00
3.512500000000000000e+01,-1.774492707441828188e+00
3.514583333333332860e+01,-1.659555859168270198e+00
3.516666666666666430e+01,-1.547490845125526926e+00
3.518750000000000000e+01,-1.439757505055132780e+00
3.520833333333332860e+01,-1.337205560941790994e+00
3.522916666666666430e+01,-1.240359306254881666e+00
3.525000000000000000e+01,-1.149621099337215568e+00
3.527083333333332860e+01,-1.065387250889941129e+00
3.529166666666666430e+01,-9.880890932455855813e-01
3.531250000000000000e+01,-9.181749078689072086e-01
3.533333333333332860e+01,-8.560470514619855642e-01
3.535416666666666430e+01,-8.019698214346889786e-01
3.537500000000000000e+01,-7.559655064068365737e-01
3.539583333333332860e+01,-7.177164797265366269e-01
3.541666666666666430e+01,-6.864966147078638281e-01
3.543750000000000000e+01,-6.611508569882460495e-01
3.545833333333332860e+01,-6.401226796040521139e-01
3.547916666666666430e+01,-6.216085195194175350e-01
3.550000000000000000e+01,-6.037625919343132530e-01
3.552083333333332860e+01,-5.849767483232416465e-01
3.554166666666666430e+01,-5.640765780179919364e-01
3.556250000000000000e+01,-5.403649245860372430e-01
3.558333333333332860e+01,-5.136696644005175338e-01
3.560416666666666430e+01,-4.843102322871339349e-01
3.562500000000000000e+01,-4.529631392442969862e-01
3.564583333333332860e+01,-4.204530792913447890e-01
3.566666666666666430e+01,-3.875481518788662094e-01
3.568750000000000000e+01,-3.548265158024513366e-01
3.570833333333332860e+01,-3.226560565563024729e-01
3.572916666666666430e+01,-2.911907420105394606e-01
3.575000000000000000e+01,-2.606453385847845028e-01
3.577083333333332860e+01,-2.316432035656445787e-01
3.579166666666666430e+01,-2.054437031911418021e-01
3.581250000000000000e+01,-1.837682760545146787e-01
3.583333333333332860e+01,-1.685843096538575114e-01
3.585416666666666430e+01,-1.617962598492048154e-01
3.587500000000000000e+01,-1.643157777814908405e-01
3.589583333333332860e+01,-1.765100567359182138e-01
3.591666666666666430e+01,-1.989124191913884676e-01
3.593750000000000000e+01,-2.320826459769699812e-01
3.595833333333332860e+01,-2.765680608467086521e-01
3.597916666666666430e+01,-3.327384673497206791e-01
3.600000000000000000e+01,-4.007869740830531935e-01
3.602083333333332860e+01,-4.807331701059456286e-01
3.604166666666666430e+01,-5.724281998283889950e-01
3.606250000000000000e+01,-6.745909223867749827e-01
3.608333333333332860e+01,-7.858186234764449329e-01
3.610416666666666430e+01,-9.063935431976838375e-01
3.612500000000000000e+01,-1.035024804010292954e+00
3.614583333333332860e+01,-1.171707555266826351e+00
3.616666666666666430e+01,-1.315712181471371700e+00
3.618750000000000000e+01,-1.462654992825402678e+00
3.620833333333332860e+01,-1.603506848855198896e+00
3.622916666666666430e+01,-1.727376505863697842e+00
3.625000000000000000e+01,-1.834837908843916621e+00
3.627083333333332860e+01,-1.933841788716019972e+00
3.629166666666666430e+01,-2.032246333610127298e+00
3.631250000000000000e+01,-2.136724781644239624e+00
3.633333333333332860e+01,-2.251397822530673665e+00
3.635416666666666430e+01,-2.376616399623412423e+00
3.637500000000000000e+01,-2.502689797067981115e+00
3.639583333333332860e+01,-2.612825607740334011e+00
3.641666666666666430e+01,-2.695588563573112495e+00
3.643750000000000000e+01,-2.746801762601372765e+00
3.645833333333332860e+01,-2.765933611168815531e+00
3.647916666666666430e+01,-2.752856656281585934e+00
3.650000000000000000e+01,-2.707834921961270069e+00
3.652083333333332860e+01,-2.631506874233262128e+00
3.654166666666666430e+01,-2.524864568924909403e+00
3.656250000000000000e+01,-2.389229554837819514e+00
3.658333333333332860e+01,-2.226226114446231641e+00
3.660416666666666430e+01,-2.037752427582088188e+00
3.662500000000000000e+01,-1.825950243396544659e+00
3.664583333333332860e+01,-1.593173645086030987e+00
3.666666666666666430e+01,-1.341957492636383975e+00
3.668750000000000000e+01,-1.074986130928937689e+00
3.670833333333332860e+01,-7.950629473498052047e-01
3.672916666666666430e+01,-5.050813342822296770e-01
3.675000000000000000e+01,-2.079975137107726857e-01
3.677083333333332860e+01,9.319455793842028324e-02
3.679166666666666430e+01,3.954864397679292431e-01
3.681250000000000000e+01,6.958774978760838836e-01
3.683333333333332860e+01,9.913977372116420383e-01
3.685416666666666430e+01,1.279132781342676273e+00
3.687500000000000000e+01,1.556251863962129001e+00
3.689583333333332860e+01,1.755575211081985554e+00
3.691666666666666430e+01,1.830914590719599833e+00
3.693750000000000000e+01,1.890009719687905099e+00
3.695833333333332860e+01,1.944903236597782081e+00
3.697916666666666430e+01,1.995328023388732941e+00
3.700000000000000000e+01,2.041047431106319365e+00
3.702083333333332860e+01,2.081856470575248252e+00
3.704166666666666430e+01,2.117582750494936050e+00
3.706250000000000000e+01,2.148087162449550558e+00
3.708333333333332860e+01,2.173264314457130642e+00
3.710416666666666430e+01,2.193042716631166122e+00
3.712500000000000000e+01,2.207384724339749305e+00
3.714583333333332860e+01,2.216286245948100309e+00
3.716666666666666430e+01,2.219776223829643236e+00
3.718750000000000000e+01,0.000000000000000000e+00
3.720833333333332860e+01,1.697799481063574228e-04
3.722916666666666430e+01,2.036574546315539878e-03
3.725000000000000000e+01,7.603407356161227641e-03
3.727083333333332860e+01,1.856870027075744126e-02
3.729166666666666430e+01,3.621502892792492767e-02
3.731250000000000000e+01,6.133993925788790158e-02
3.733333333333332860e+01,9.419261017021141047e-02
3.735416666666666430e+01,1.344642114915856612e-01
3.737500000000000000e+01,1.813728193657205556e-01
3.739583333333332860e+01,2.338097080369162528e-01
3.741666666666666430e+01,2.904988984257108053e-01
3.743750000000000000e+01,3.501309737657484211e-01
3.745833333333332860e+01,4.114547943212571446e-01
3.747916666666666430e+01,4.733310373328357135e-01
3.750000000000000000e+01,5.347612034992547114e-01
3.752083333333332860e+01,5.949054716154874578e-01
3.754166666666666430e+01,6.530972336035205661e-01
3.756250000000000000e+01,7.088556237861266540e-01
3.758333333333332860e+01,7.618929558726723617e-01
3.760416666666666430e+01,8.121130213590579405e-01
3.762500000000000000e+01,8.595976717010234136e-01
3.764583333333332860e+01,9.045817468771960579e-01
3.766666666666666430e+01,9.474189777439102622e-01
3.768750000000000000e+01,9.885430545597940766e-01
3.770833333333332860e+01,1.028428340379367478e+00
3.772916666666666430e+01,1.067553983647966831e+00
3.775000000000000000e+01,1.106373959403021079e+00
3.777083333333332860e+01,1.145294309745102490e+00
3.779166666666666430e+01,1.184657838300531285e+00
3.781250000000000000e+01,1.224735813984087152e+00
3.783333333333332860e+01,1.265725807179581830e+00
3.785416666666666430e+01,1.307754548614928236e+00
3.787500000000000000e+01,1.350884618458632058e+00
3.789583333333332860e+01,1.395123800950549331e+00
3.791666666666666430e+01,1.440436044018286177e+00
3.793750000000000000e+01,1.486753112815757394e+00
3.795833333333332860e+01,1.533986191909671337e+00
3.797916666666666430e+01,1.582036848884527114e+00
3.800000000000000000e+01,1.630806908168642932e+00
3.802083333333332860e+01,1.680206895754772445e+00
3.804166666666666430e+01,1.730162811043159943e+00
3.806250000000000000e+01,1.780621073360895812e+00
3.808333333333332860e+01,1.831551587376864410e+00
3.810416666666666430e+01,1.882948975726214558e+00
3.812500000000000000e+01,1.934832132189869602e+00
3.814583333333332860e+01,1.987242342487850699e+00
3.816666666666666430e+01,2.040240288458161189e+00
3.818750000000000000e+01,2.093902284004923953e+00
3.820833333333332860e+01,2.148316082419312156e+00
3.822916666666666430e+01,2.203576546245961332e+00
3.825000000000000000e+01,2.259781390290582781e+00
3.827083333333332860e+01,2.317027106334768494e+00
3.829166666666666430e+01,2.375405066085400030e+00
3.831250000000000000e+01,2.434997687674435252e+00
3.833333333333332860e+01,2.495874451011619310e+00
3.835416666666666430e+01,2.558087469969100525e+00
3.837500000000000000e+01,2.621666289734856825e+00
3.839583333333332860e+01,2.686611595852231638e+00
3.841666666666666430e+01,2.752866028054018699e+00
3.843750000000000000e+01,2.820327846472620248e+00
3.845833333333332860e+01,2.888871228211943532e+00
3.847916666666666430e+01,2.958303159579183106e+00
3.850000000000000000e+01,3.028353589968746817e+00
3.852083333333332860e+01,3.098666771979699863e+00
3.854166666666666430e+01,3.168794502629523002e+00
3.856250000000000000e+01,3.238191869697285341e+00
3.858333333333332860e+01,3.306216322483710002e+00
3.860416666666666430e+01,3.372131469458977460e+00
3.862500000000000000e+01,3.435117572543139541e+00
3.864583333333332860e+01,3.494290705524073726e+00
3.866666666666666430e+01,3.548731669185301030e+00
3.868750000000000000e+01,3.597524106438234170e+00
3.870833333333332860e+01,3.639799231373329835e+00
3.872916666666666430e+01,3.674782755602808759e+00
3.875000000000000000e+01,3.701838603967964936e+00
3.877083333333332860e+01,3.720504296465038330e+00
3.879166666666666430e+01,3.730514379459854091e+00
3.881250000000000000e+01,3.731810440828846609e+00
3.883333333333332860e+01,3.724538252627218604e+00
3.885416666666666430e+01,3.709033875640112221e+00
3.887500000000000000e+01,3.685801008194764083e+00
3.889583333333332860e+01,3.655481732151864893e+00
3.891666666666666430e+01,3.618822508098550994e+00
3.893750000000000000e+01,3.576637103174824084e+00
3.895833333333332860e+01,3.529768187649402034e+00
3.897916666666666430e+01,3.479049513888655909e+00
3.900000000000000000e+01,3.425270720271626157e+00
3.902083333333332860e+01,3.369146741683533897e+00
3.904166666666666430e+01,3.311293506785571328e+00
3.906250000000000000e+01,3.252211097789988958e+00
3.908333333333332860e+01,3.192274927981438637e+00
3.910416666666666430e+01,3.131734851232116590e+00
3.912500000000000000e+01,3.070721536640945271e+00
3.914583333333332860e+01,3.009258978266593498e+00
3.916666666666666430e+01,2.947281699086853113e+00
3.918750000000000000e+01,2.884655058821686158e+00
3.920833333333332860e+01,2.809543307843484161e+00
3.922916666666666430e+01,2.735776586927602061e+00
3.925000000000000000e+01,2.658274593095898641e+00
3.927083333333332860e+01,2.572983069168461423e+00
3.929166666666666430e+01,2.476729656759635301e+00
3.931250000000000000e+01,2.367133803449405605e+00
3.933333333333332860e+01,2.242509885682164583e+00
3.935416666666666430e+01,2.101813007623877461e+00
3.937500000000000000e+01,1.944605888490217538e+00
3.939583333333332860e+01,1.771051585256190553e+00
3.941666666666666430e+01,1.581825249094529706e+00
3.943750000000000000e+01,1.378158754120785812e+00
3.945833333333332860e+01,1.161821538013713573e+00
3.947916666666666430e+01,9.352628286745525710e-01
3.950000000000000000e+01,7.022898483603203790e-01
3.952083333333332860e+01,4.741575750123525057e-01
3.954166666666666430e+01,2.578669773496787831e-01
3.956250000000000000e+01,5.373291547876410390e-02
3.958333333333332860e+01,-1.378921131855330717e-01
3.960416666666666430e+01,-3.167540374355528043e-01
3.962500000000000000e+01,-4.826488836911791980e-01
3.964583333333332860e+01,-6.352088717269994689e-01
3.966666666666666430e+01,-7.736566797558489528e-01
3.968750000000000000e+01,-8.967133967289659946e-01
3.970833333333332860e+01,-1.002702941207236131e+00
3.972916666666666430e+01,-1.089911656530188733e+00
3.975000000000000000e+01,-1.157001459581998848e+00
3.977083333333332860e+01,-1.203392042932798001e+00
3.979166666666666430e+01,-1.229475084244702643e+00
3.981250000000000000e+01,-1.236606994722351471e+00
3.983333333333332860e+01,-1.226905436203493682e+00
3.985416666666666430e+01,-1.202930481695330123e+00
3.987500000000000000e+01,-1.167257038759000443e+00
3.989583333333332860e+01,-1.122230567200744655e+00
3.991666666666666430e+01,-1.069888616472983500e+00
3.993750000000000000e+01,-1.011818351003505034e+00
3.995833333333332860e+01,-9.492062990783499687e-01
3.997916666666666430e+01,-8.830328454414700934e-01
4.000000000000000000e+01,-8.142389986633972176e-01
4.002083333333332860e+01,-7.439611486551627184e-01
4.004166666666666430e+01,-6.737617890894719297e-01
4.006250000000000000e+01,-6.058306635322536771e-01
4.008333333333332860e+01,-5.430785101693579309e-01
4.010416666666666430e+01,-4.885547783392689691e-01
4.012500000000000000e+01,-4.448999187105134867e-01
4.014583333333332860e+01,-4.139328078534892374e-01
4.016666666666666430e+01,-3.965057598655645221e-01
4.018750000000000000e+01,-3.922484381982448420e-01
4.020833333333332860e+01,-3.999388719208863407e-01
4.022916666666666430e+01,-4.186999309897205812e-01
4.025000000000000000e+01,-4.461079110542089943e-01
4.027083333333332860e+01,-4.798554759611088349e-01
4.029166666666666430e+01,-5.175322389715379945e-01
4.031250000000000000e+01,-5.568456967583259587e-01
4.033333333333332860e+01,-5.959087798406799141e-01
4.035416666666666430e+01,-6.334717858108429578e-01
4.037500000000000000e+01,-6.689808102181380445e-01
4.039583333333332860e+01,-7.025286302888774648e-01
4.041666666666666430e+01,-7.346353109226717581e-01
4.043750000000000000e+01,-7.659762461483511364e-01
4.045833333333332860e+01,-7.970584319935694051e-01
4.047916666666666430e+01,-8.278333636333956580e-01
4.050000000000000000e+01,-8.573566081212008472e-01
4.052083333333332860e+01,-8.834750270205002920e-01
4.054166666666666430e+01,-9.027594475049093292e-01
4.056250000000000000e+01,-9.108615093942312724e-01
4.058333333333332860e+01,-9.035940523224256227e-01
4.060416666666666430e+01,-8.793015694120620562e-01
4.062500000000000000e+01,-8.377087868503408918e-01
4.064583333333332860e+01,-7.785187417130364773e-01
4.066666666666666430e+01,-7.016640586966291782e-01
4.068750000000000000e+01,-6.072997585058154124e-01
4.070833333333332860e+01,-4.957935670954667917e-01
4.072916666666666430e+01,-3.677140906960275624e-01
4.075000000000000000e+01,-2.238172512415935456e-01
4.077083333333332860e+01,-6.503140878164620498e-02
4.079166666666666430e+01,1.075583644817729029e-01
4.081250000000000000e+01,2.927263480544611829e-01
4.083333333333332860e+01,4.891220173098322355e-01
4.085416666666666430e+01,6.952850902062979177e-01
4.087500000000000000e+01,9.096592788265392970e-01
4.089583333333332860e+01,1.130604563972161802e+00
4.091666666666666430e+01,1.356408510310089355e+00
4.093750000000000000e+01,1.585298156787752433e+00
4.095833333333332860e+01,1.815454753934169219e+00
4.097916666666666430e+01,2.045033123529228725e+00
4.100000000000000000e+01,2.242285519754640077e+00
4.102083333333332860e+01,2.344714060790587862e+00
4.104166666666666430e+01,2.398923883975626392e+00
4.106250000000000000e+01,2.451924091809196238e+00
4.108333333333332860e+01,2.503614927698726511e+00
4.110416666666666430e+01,2.553904944541171673e+00
4.112500000000000000e+01,2.602711616010119133e+00
4.114583333333332860e+01,2.649961830568555055e+00
4.116666666666666430e+01,2.695592276004241228e+00
4.118750000000000000e+01,2.739549721629654933e+00
4.120833333333332860e+01,2.781791204348067037e+00
4.122916666666666430e+01,2.822284123913892273e+00
4.125000000000000000e+01,2.861006252067368028e+00
4.127083333333332860e+01,2.897945659839608279e+00
4.129166666666666430e+01,2.933100567179598439e+00
4.131250000000000000e+01,0.000000000000000000e+00
4.133333333333332860e+01,2.000575702584478431e-04
4.135416666666666430e+01,2.417783200468580709e-03
4.137500000000000000e+01,9.133690886107288104e-03
4.139583333333332860e+01,2.249237197531455540e-02
4.141666666666666430e+01,4.409320679408876287e-02
4.143750000000000000e+01,7.488307225794199606e-02
4.145833333333332860e+01,1.150657164335161659e-01
4.147916666666666430e+01,1.641175801358853992e-01
4.150000000000000000e+01,2.209277995149328266e-01
4.152083333333332860e+01,2.840086357882620760e-01
4.154166666666666430e+01,3.517078362074945175e-01
4.156250000000000000e+01,4.223753276312311455e-01
4.158333333333332860e+01,4.944706301891241274e-01
4.160416666666666430e+01,5.666223864457893278e-01
4.162500000000000000e+01,6.376598510299366085e-01
4.164583333333332860e+01,7.066322875665923542e-01
4.166666666666666430e+01,7.728235030986783105e-01
4.168750000000000000e+01,8.357608355696887203e-01
4.170833333333332860e+01,8.952142565934552154e-01
4.172916666666666430e+01,9.511818532738093301e-01
4.175000000000000000e+01,1.003860873610429083e+00
4.177083333333332860e+01,1.053606953589537598e+00
4.179166666666666430e+01,1.100886579005216248e+00
4.181250000000000000e+01,1.146228579163840022e+00
4.183333333333332860e+01,1.190179679096305509e+00
4.185416666666666430e+01,1.233267515062388631e+00
4.187500000000000000e+01,1.275972747780992123e+00
4.189583333333332860e+01,1.318710455076421040e+00
4.191666666666666430e+01,1.361820016011228374e+00
4.193750000000000000e+01,1.405562163097616946e+00
4.195833333333332860e+01,1.450121661486459379e+00
4.197916666666666430e+01,1.495614073453569892e+00
4.200000000000000000e+01,1.542095203925907709e+00
4.202083333333332860e+01,1.589572036802493926e+00
4.204166666666666430e+01,1.637958408887630890e+00
4.206250000000000000e+01,1.687176348397766645e+00
4.208333333333332860e+01,1.737165580511644603e+00
4.210416666666666430e+01,1.787860176759642261e+00
4.212500000000000000e+01,1.839196522671130429e+00
4.214583333333332860e+01,1.891119871500263949e+00
4.216666666666666430e+01,1.943589402440659475e+00
4.218750000000000000e+01,1.996581731537775406e+00
4.220833333333332860e+01,2.050092866611905595e+00
4.222916666666666430e+01,2.104138656146119501e+00
4.225000000000000000e+01,2.158753849183256524e+00
4.227083333333332860e+01,2.213989945838156892e+00
4.229166666666666430e+01,2.269912061846192319e+00
4.231250000000000000e+01,2.326595044612892238e+00
4.233333333333332860e+01,2.384119057860537794e+00
4.235416666666666430e+01,2.442564799863060632e+00
4.237500000000000000e+01,2.502008445352641441e+00
4.239583333333332860e+01,2.562516316745885536e+00
4.241666666666666430e+01,2.624139212279758659e+00
4.243750000000000000e+01,2.686906264406965228e+00
4.245833333333332860e+01,2.750818189411753156e+00
4.247916666666666430e+01,2.815839835054700035e+00
4.250000000000000000e+01,2.881892046227212845e+00
4.252083333333332860e+01,2.948843040751476074e+00
4.254166666666666430e+01,3.016499681774520436e+00
4.256250000000000000e+01,3.084599184735659083e+00
4.258333333333332860e+01,3.152801842444456160e+00
4.260416666666666430e+01,3.220685291636667280e+00
4.262500000000000000e+01,3.287740790342697839e+00
4.264583333333332860e+01,3.353372104319601199e+00
4.266666666666666430e+01,3.416897994656364901e+00
4.268750000000000000e+01,3.477559800670200207e+00
4.270833333333332860e+01,3.534535863349529183e+00
4.272916666666666430e+01,3.586964179829636556e+00
4.275000000000000000e+01,3.633973574322198363e+00
4.277083333333332860e+01,3.674721978917963039e+00
4.279166666666666430e+01,3.708438597840602036e+00
4.281250000000000000e+01,3.734465404619209838e+00
4.283333333333332860e+01,3.752293119693357770e+00
4.285416666666666430e+01,3.761587683529184378e+00
4.287500000000000000e+01,3.762204944088649139e+00
4.289583333333332860e+01,3.754193180531493645e+00
4.291666666666666430e+01,3.737784586444376611e+00
4.293750000000000000e+01,3.713377642721748195e+00
4.295833333333332860e+01,3.681512490633042312e+00
4.297916666666666430e+01,3.642841255350642626e+00
4.300000000000000000e+01,3.598095066260721175e+00
4.302083333333332860e+01,3.548049438107000242e+00
4.304166666666666430e+01,3.493489719734045984e+00
4.306250000000000000e+01,3.435178383281747738e+00
4.308333333333332860e+01,3.373825896470389107e+00
4.310416666666666430e+01,3.310066721647635823e+00
4.312500000000000000e+01,3.244441613195341745e+00
4.314583333333332860e+01,3.177386887616525435e+00
4.316666666666666430e+01,3.109230788892205943e+00
4.318750000000000000e+01,3.040196535799453148e+00
4.320833333333332860e+01,2.970411176210552284e+00
4.322916666666666430e+01,2.899919028238475693e+00
4.325000000000000000e+01,2.828698283127035751e+00
4.327083333333332860e+01,2.756679283542659675e+00
4.329166666666666430e+01,2.683763058682234082e+00
4.331250000000000000e+01,2.609838867470037460e+00
4.333333333333332860e+01,2.520357897336259700e+00
4.335416666666666430e+01,2.433182542643949731e+00
4.337500000000000000e+01,2.342726553737036976e+00
4.339583333333332860e+01,2.244656474017922232e+00
4.341666666666666430e+01,2.135571256897077497e+00
4.343750000000000000e+01,2.013011757443396110e+00
4.345833333333332860e+01,1.875404592418821403e+00
4.347916666666666430e+01,1.721922180855407714e+00
4.350000000000000000e+01,1.552361611405725705e+00
4.352083333333332860e+01,1.367044406415703017e+00
4.354166666666666430e+01,1.166742220662586815e+00
4.356250000000000000e+01,9.526486919970172940e-01
4.358333333333332860e+01,7.264345856127319978e-01
4.360416666666666430e+01,4.905192299136731937e-01
4.362500000000000000e+01,2.550375226305280352e-01
4.364583333333332860e+01,3.035146804617318284e-02
4.366666666666666430e+01,-1.825004438568438303e-01
4.368750000000000000e+01,-3.829022909082541171e-01
4.370833333333332860e+01,-5.706382362132981223e-01
4.372916666666666430e+01,-7.453104943313424435e-01
4.375000000000000000e+01,-9.060288253473326447e-01
4.377083333333332860e+01,-1.051226927461040184e+00
4.379166666666666430e+01,-1.178658893271522512e+00
4.381250000000000000e+01,-1.285774281665946761e+00
4.383333333333332860e+01,-1.370342133945097629e+00
4.385416666666666430e+01,-1.431061192974604879e+00
4.387500000000000000e+01,-1.467901192479875716e+00
4.389583333333332860e+01,-1.482080372481722197e+00
4.391666666666666430e+01,-1.475764747039772118e+00
4.393750000000000000e+01,-1.451659604847190588e+00
4.395833333333332860e+01,-1.412640029781623729e+00
4.397916666666666430e+01,-1.361414296789975609e+00
4.400000000000000000e+01,-1.300421078278091613e+00
4.402083333333332860e+01,-1.231613176824014833e+00
4.404166666666666430e+01,-1.156514015164584075e+00
4.406250000000000000e+01,-1.076357018936616505e+00
4.408333333333332860e+01,-9.922508606221980276e-01
4.410416666666666430e+01,-9.053770728513386157e-01
4.412500000000000000e+01,-8.172590999791838895e-01
4.414583333333332860e+01,-7.299493321733439011e-01
4.416666666666666430e+01,-6.462302963586328275e-01
4.418750000000000000e+01,-5.695158311425554398e-01
4.420833333333332860e+01,-5.032881016900075943e-01
4.422916666666666430e+01,-4.503155526158276745e-01
4.425000000000000000e+01,-4.122801280800327817e-01
4.427083333333332860e+01,-3.897090401341622434e-01
4.429166666666666430e+01,-3.821196442610518273e-01
4.431250000000000000e+01,-3.881896068000481037e-01
4.433333333333332860e+01,-4.060957891991571755e-01
4.435416666666666430e+01,-4.338097303095413970e-01
4.437500000000000000e+01,-4.693486564325851651e-01
4.439583333333332860e+01,-5.109559016065001735e-01
4.441666666666666430e+01,-5.573484975393946383e-01
4.443750000000000000e+01,-6.076386681254609679e-01
4.445833333333332860e+01,-6.611013475295147712e-01
4.447916666666666430e+01,-7.168837220977374303e-01
4.450000000000000000e+01,-7.736734940238019220e-01
4.452083333333332860e+01,-8.293629327405482865e-01
4.454166666666666430e+01,-8.809609467124391857e-01
4.456250000000000000e+01,-9.248758335029437783e-01
4.458333333333332860e+01,-9.574050857062476050e-01
4.460416666666666430e+01,-9.753692423036512960e-01
4.462500000000000000e+01,-9.765336100031317690e-01
4.464583333333332860e+01,-9.612217672612459740e-01
4.466666666666666430e+01,-9.317879387125264090e-01
4.468750000000000000e+01,-8.905731831649534858e-01
4.470833333333332860e+01,-8.388511777404318304e-01
4.472916666666666430e+01,-7.768529774380434905e-01
4.475000000000000000e+01,-7.042774375109193130e-01
4.477083333333332860e+01,-6.234403677487441175e-01
4.479166666666666430e+01,-5.460975754611531174e-01
4.481250000000000000e+01,-4.734242881409261305e-01
4.483333333333332860e+01,-4.062185043745449864e-01
4.485416666666666430e+01,-3.447731736988483009e-01
4.487500000000000000e+01,-2.886073538761753099e-01
4.489583333333332860e+01,-2.365730804288866951e-01
4.491666666666666430e+01,-1.872325834946424461e-01
4.493750000000000000e+01,-1.392809807835756197e-01
4.495833333333332860e+01,-9.201223479702508312e-02
4.497916666666666430e+01,-4.583976233501983744e-02
4.500000000000000000e+01,-2.869367765644049734e-03
4.502083333333332860e+01,3.316891281331999647e-02
4.504166666666666430e+01,5.693119167024359578e-02
4.506250000000000000e+01,6.488068553690226614e-02
4.508333333333332860e+01,5.599525812063937957e-02
4.510416666666666430e+01,2.987305425812104495e-02
4.512500000000000000e+01,-1.357181010033203621e-02
4.514583333333332860e+01,-7.414606762349845726e-02
4.516666666666666430e+01,-1.513907701038511022e-01
4.518750000000000000e+01,-2.445982384280300515e-01
4.520833333333332860e+01,-3.528318224399931702e-01
4.522916666666666430e+01,-4.749477386418917146e-01
4.525000000000000000e+01,-6.096181701384176810e-01
4.527083333333332860e+01,-7.553547003290893569e-01
4.529166666666666430e+01,-9.105310308658292051e-01
4.531250000000000000e+01,-1.073403931138320555e+00
4.533333333333332860e+01,-1.242131846656463923e+00
4.535416666666666430e+01,-1.414792149203787153e+00
4.537500000000000000e+01,-1.589400579800961610e+00
4.539583333333332860e+01,-1.750074621529599028e+00
4.541666666666666430e+01,-1.855794764479159031e+00
4.543750000000000000e+01,-1.906427033414547445e+00
4.545833333333332860e+01,-1.949131031160362015e+00
4.547916666666666430e+01,-1.990940179488008610e+00
4.550000000000000000e+01,-2.031788668621835381e+00
4.552083333333332860e+01,-2.071618004579177885e+00
4.554166666666666430e+01,-2.110377306833036481e+00
4.556250000000000000e+01,-2.148023469390293538e+00
4.558333333333332860e+01,-2.184521221560613125e+00
4.560416666666666430e+01,-2.219843112438887989e+00
4.562500000000000000e+01,-2.253969433859321914e+00
4.564583333333332860e+01,-2.286888090474921587e+00
4.566666666666666430e+01,-2.318594422023656065e+00
4.568750000000000000e+01,-2.349090980984244403e+00
4.570833333333332860e+01,-2.378387268056906478e+00
4.572916666666666430e+01,-2.406499427769806854e+00
4.575000000000000000e+01,-2.433449906711139921e+00
4.577083333333332860e+01,-2.459267077234905674e+00
4.579166666666666430e+01,-2.483984829876089151e+00
4.581250000000000000e+01,-2.507642138076195959e+00
4.583333333333332860e+01,-2.530282599129872079e+00
4.585416666666666430e+01,-2.551953955501588656e+00
