0.000000000000000000e+00,-2.040902900923658725e-01
2.083333333333333218e-02,-1.713953594132721359e-01
4.166666666666666435e-02,-1.363871286326049648e-01
6.250000000000000000e-02,-9.831704156403929529e-02
8.333333333333332871e-02,-5.704796863624986281e-02
1.041666666666666574e-01,-1.312133780165174179e-02
1.250000000000000000e-01,3.217635478464772603e-02
1.458333333333333148e-01,7.699369807691019973e-02
1.666666666666666574e-01,1.194239473176919308e-01
1.875000000000000000e-01,1.579585444080973677e-01
2.083333333333333148e-01,1.917487549408607439e-01
2.291666666666666574e-01,2.206511160313771869e-01
2.500000000000000000e-01,2.451075134562419322e-01
2.708333333333333148e-01,2.659401833643552093e-01
2.916666666666666297e-01,2.841327314213118460e-01
3.125000000000000000e-01,3.006425341919115035e-01
3.333333333333333148e-01,3.162655584411484533e-01
3.541666666666666297e-01,3.315584480182262594e-01
3.750000000000000000e-01,3.468138802811671639e-01
3.958333333333333148e-01,3.620799971888730706e-01
4.166666666666666297e-01,3.772107397141885587e-01
4.375000000000000000e-01,3.919318386397311338e-01
4.583333333333333148e-01,4.059078485625906008e-01
4.791666666666666297e-01,4.187989373926331305e-01
5.000000000000000000e-01,4.303011908187996948e-01
5.208333333333332593e-01,4.401693805325251896e-01
5.416666666666666297e-01,4.482250559015115154e-01
5.625000000000000000e-01,4.543547628269945515e-01
5.833333333333332593e-01,4.585032885423424576e-01
6.041666666666666297e-01,4.606656998309247020e-01
6.250000000000000000e-01,4.608803291954232106e-01
6.458333333333332593e-01,4.592233696801059084e-01
6.666666666666666297e-01,4.558047060553702678e-01
6.875000000000000000e-01,4.507641299750931307e-01
7.083333333333332593e-01,4.442670801226488164e-01
7.291666666666666297e-01,4.364993493136470892e-01
7.500000000000000000e-01,4.276606256695967834e-01
7.708333333333332593e-01,4.179571317267813391e-01
7.916666666666666297e-01,4.075938966575614053e-01
8.125000000000000000e-01,3.967673052595719341e-01
8.333333333333332593e-01,3.856585249630912759e-01
8.541666666666666297e-01,3.744282625817653143e-01
8.750000000000000000e-01,3.632131026029236098e-01
8.958333333333332593e-01,3.521234817770316772e-01
9.166666666666666297e-01,3.412431987084706964e-01
9.375000000000000000e-01,3.306302592270432550e-01
9.583333333333332593e-01,3.203188159595698470e-01
9.791666666666666297e-01,3.103219581451406861e-01
1.000000000000000000e+00,3.006351256415965012e-01
1.020833333333333259e+00,2.912399434418229682e-01
1.041666666666666519e+00,2.821082926926499201e-01
1.062500000000000000e+00,2.732064524367275316e-01
1.083333333333333259e+00,2.644991677102676020e-01
1.104166666666666519e+00,2.559535248820295483e-01
1.125000000000000000e+00,2.475425349344770876e-01
1.145833333333333259e+00,2.392483197445288423e-01
1.166666666666666519e+00,2.310647417170896278e-01
1.187500000000000000e+00,2.229992021494684729e-01
1.208333333333333259e+00,2.150731810026901003e-01
1.229166666666666519e+00,2.073209728038539479e-01
1.250000000000000000e+00,1.997861061565489038e-01
1.270833333333333259e+00,1.925152331052820409e-01
1.291666666666666519e+00,1.855498776040598874e-01
1.312500000000000000e+00,1.789172296311032639e-01
1.333333333333333259e+00,1.726218951942991575e-01
1.354166666666666519e+00,1.666408221800681488e-01
1.375000000000000000e+00,1.609232616530194282e-01
1.395833333333333259e+00,1.553965725327656477e-01
1.416666666666666519e+00,1.499772031847279030e-01
1.437500000000000000e+00,1.445847592310492424e-01
1.458333333333333259e+00,1.391561748585009306e-01
1.479166666666666519e+00,1.335938052126385833e-01
1.500000000000000000e+00,1.278977624947408021e-01
1.520833333333333259e+00,1.221228508329819107e-01
1.541666666666666519e+00,1.163469128698644550e-01
1.562500000000000000e+00,1.106622353314244689e-01
1.583333333333333259e+00,1.051661188134800640e-01
1.604166666666666519e+00,9.995374070966787927e-02
1.625000000000000000e+00,9.511527847861685203e-02
1.645833333333333259e+00,9.073698560036348726e-02
1.666666666666666519e+00,8.690344259854647369e-02
1.687500000000000000e+00,8.369692059628601466e-02
1.708333333333333259e+00,8.119068085300146231e-02
1.729166666666666519e+00,7.943590916796336443e-02
1.750000000000000000e+00,7.844550136747950597e-02
1.770833333333333259e+00,7.818032872983694814e-02
1.791666666666666519e+00,7.854367665337674831e-02
1.812500000000000000e+00,7.938709697651162578e-02
1.833333333333333259e+00,8.052698332162636086e-02
1.854166666666666519e+00,8.176757055395444951e-02
1.875000000000000000e+00,8.292435508204308581e-02
1.895833333333333259e+00,8.384261401825020277e-02
1.916666666666666519e+00,8.440804983130197059e-02
1.937500000000000000e+00,8.454932282682846301e-02
1.958333333333333259e+00,8.423428467905232087e-02
1.979166666666666519e+00,8.346262976626245278e-02
2.000000000000000000e+00,8.225754558940324979e-02
2.020833333333333037e+00,1.204696750718169673e-01
2.041666666666666519e+00,1.406672100466815067e-01
2.062500000000000000e+00,1.503946663437936704e-01
2.083333333333333037e+00,1.536693717929737413e-01
2.104166666666666519e+00,1.521632406297579176e-01
2.125000000000000000e+00,1.465201030003309701e-01
2.145833333333333037e+00,1.368175058623260776e-01
2.166666666666666519e+00,1.230501814611488914e-01
2.187500000000000000e+00,1.054631179882744157e-01
2.208333333333333037e+00,8.470026414494744027e-02
2.229166666666666519e+00,6.182801628543031086e-02
2.250000000000000000e+00,3.827477675205297192e-02
2.270833333333333037e+00,1.507516637630847145e-02
2.291666666666666519e+00,-1.929446601972305622e-02
2.312500000000000000e+00,-6.058599739850284438e-02
2.333333333333333037e+00,-1.045794887606401324e-01
2.354166666666666519e+00,-1.472816141142090640e-01
2.375000000000000000e+00,-1.848825060726105862e-01
2.395833333333333037e+00,-2.138127370294597429e-01
2.416666666666666519e+00,-2.309262845916016937e-01
2.437500000000000000e+00,-2.338216456000261345e-01
2.458333333333333037e+00,-2.212691069107505792e-01
2.479166666666666519e+00,-1.936444716714705583e-01
2.500000000000000000e+00,-1.533911213871976265e-01
2.520833333333333037e+00,-1.049732295585450587e-01
2.541666666666666519e+00,-5.430463913372671897e-02
2.562500000000000000e+00,-7.214346901420166762e-03
2.583333333333333037e+00,3.174824082437846529e-02
2.604166666666666519e+00,5.972156630497946900e-02
2.625000000000000000e+00,7.538185056419655083e-02
2.645833333333333037e+00,7.851291019611526811e-02
2.666666666666666519e+00,6.980855335628038949e-02
2.687500000000000000e+00,5.049653695465030484e-02
2.708333333333333037e+00,2.207280755216323512e-02
2.729166666666666519e+00,-1.375419456078165459e-02
2.750000000000000000e+00,-5.507462486013050412e-02
2.770833333333333037e+00,-9.977210141916285913e-02
2.791666666666666519e+00,-1.455110587475769435e-01
2.812500000000000000e+00,-1.897257048269545554e-01
2.833333333333333037e+00,-2.296295875185602187e-01
2.854166666666666519e+00,-2.622742443758613873e-01
2.875000000000000000e+00,-2.846870331471707538e-01
2.895833333333333037e+00,-2.941114745354305726e-01
2.916666666666666519e+00,-2.883605265150213093e-01
2.937500000000000000e+00,-2.662610832380651882e-01
2.958333333333333037e+00,-2.281032630242405823e-01
2.979166666666666519e+00,-1.759603954434912632e-01
3.000000000000000000e+00,-1.137460770844203051e-01
3.020833333333333037e+00,-4.715608101882088482e-02
3.041666666666666519e+00,1.711341169035756130e-02
3.062500000000000000e+00,7.235448194864897709e-02
3.083333333333333037e+00,1.133523230579617930e-01
3.104166666666666519e+00,1.369888429721173861e-01
3.125000000000000000e+00,1.419458543024682551e-01
3.145833333333333037e+00,1.284159644583156290e-01
3.166666666666666519e+00,9.746174014987990519e-02
3.187500000000000000e+00,5.053245606734123319e-02
3.208333333333333037e+00,-1.062447568766150714e-02
3.229166666666666519e+00,-8.395686150673561943e-02
3.250000000000000000e+00,-1.671187772159392626e-01
3.270833333333333037e+00,-2.574784742689028016e-01
3.291666666666666519e+00,-3.521160074149758956e-01
3.312500000000000000e+00,-4.478003180543763673e-01
3.333333333333333037e+00,-5.409345234656939283e-01
3.354166666666666519e+00,-6.274726742186413908e-01
3.375000000000000000e+00,-7.028348602629768127e-01
3.395833333333333037e+00,-7.618728157084492247e-01
3.416666666666666519e+00,-7.989694893060116376e-01
3.437500000000000000e+00,-8.083805989569237127e-01
3.458333333333333037e+00,-7.870204762514192431e-01
3.479166666666666519e+00,-7.369917176954733362e-01
3.500000000000000000e+00,-6.665919408615782471e-01
3.520833333333333037e+00,-5.809397290109969969e-01
3.541666666666666519e+00,-4.835983494806757044e-01
3.562500000000000000e+00,-3.772449035888732483e-01
3.583333333333333037e+00,-2.645872064767775811e-01
3.604166666666666519e+00,-1.483384744768518892e-01
3.625000000000000000e+00,-3.119326431486472984e-02
3.645833333333333037e+00,8.419516357326223277e-02
3.666666666666666519e+00,1.943749086004939730e-01
3.687500000000000000e+00,2.911468678113913189e-01
3.708333333333333037e+00,3.624438503960911717e-01
3.729166666666666519e+00,3.979248905931085378e-01
3.750000000000000000e+00,4.074264971329158991e-01
3.770833333333333037e+00,3.979625414635338809e-01
3.791666666666666519e+00,3.747011458850287857e-01
3.812500000000000000e+00,3.416539463328318038e-01
3.833333333333333037e+00,3.021678092123067372e-01
3.854166666666666519e+00,2.591367948563441659e-01
3.875000000000000000e+00,2.135513741928274645e-01
3.895833333333333037e+00,1.676413626293094816e-01
3.916666666666666519e+00,1.215736715930433864e-01
3.937500000000000000e+00,7.244474449874248323e-02
3.958333333333333037e+00,1.897801174614720948e-02
3.979166666666666519e+00,-3.885714597890003313e-02
4.000000000000000000e+00,-1.010629943024662081e-01
4.020833333333333037e+00,-1.678916570720329071e-01
4.041666666666666075e+00,-2.440668780697444751e-01
4.062500000000000000e+00,-3.293584344347452175e-01
4.083333333333333037e+00,-4.201039005928972059e-01
4.104166666666666075e+00,-5.129177299303926407e-01
4.125000000000000000e+00,-6.018220289733859918e-01
4.145833333333333037e+00,-6.806383923090917332e-01
4.166666666666666075e+00,-7.426813156801147509e-01
4.187500000000000000e+00,-7.807695851112291807e-01
4.208333333333333037e+00,-7.915031661228568716e-01
4.229166666666666075e+00,-7.792855830382658944e-01
4.250000000000000000e+00,-7.453098221060774353e-01
4.270833333333333037e+00,-6.947504048959768364e-01
4.291666666666666075e+00,-6.301073514841892820e-01
4.312500000000000000e+00,-5.539698426034215251e-01
4.333333333333333037e+00,-4.689877686008847579e-01
4.354166666666666075e+00,-3.778440955059408912e-01
4.375000000000000000e+00,-2.832283118834258429e-01
4.395833333333333037e+00,-1.878111822340444714e-01
4.416666666666666075e+00,-9.422099490597059257e-02
4.437500000000000000e+00,-5.021455319283478318e-03
4.458333333333333037e+00,7.589162319527897882e-02
4.479166666666666075e+00,1.455860119717496681e-01
4.500000000000000000e+00,2.007370149619033817e-01
4.520833333333333037e+00,2.324869052967444005e-01
4.541666666666666075e+00,2.391017127408933685e-01
4.562500000000000000e+00,2.240349660035701185e-01
4.583333333333333037e+00,1.915506626068523843e-01
4.604166666666666075e+00,1.464639722993341109e-01
4.625000000000000000e+00,9.354668955754334714e-02
4.645833333333333037e+00,3.741200054892827864e-02
4.666666666666666075e+00,-1.754691684512727640e-02
4.687500000000000000e+00,-6.724669630655756569e-02
4.708333333333333037e+00,-1.064925034896330031e-01
4.729166666666666075e+00,-1.351737238549350628e-01
4.750000000000000000e+00,-1.533272199658597124e-01
4.770833333333333037e+00,-1.647448256030303038e-01
4.791666666666666075e+00,-1.719780986541286916e-01
4.812500000000000000e+00,-1.773661135524432775e-01
4.833333333333333037e+00,-1.828536160052163240e-01
4.854166666666666075e+00,-1.903471138862481427e-01
4.875000000000000000e+00,-2.016751777289563230e-01
4.895833333333333037e+00,-2.185515760933064433e-01
4.916666666666666075e+00,-2.425418553536169419e-01
4.937500000000000000e+00,-2.750338651698014392e-01
4.958333333333333037e+00,-3.172126413837388359e-01
4.979166666666666075e+00,-3.700399843787225418e-01
5.000000000000000000e+00,-4.342390015438080675e-01
5.020833333333333037e+00,-5.108756028727605702e-01
5.041666666666666075e+00,-6.007464736301098007e-01
5.062500000000000000e+00,-7.023481950790241291e-01
5.083333333333333037e+00,-8.147674113604175261e-01
5.104166666666666075e+00,-9.348154343966592617e-01
5.125000000000000000e+00,-1.057954634055890963e+00
5.145833333333333037e+00,-1.180468591393309730e+00
5.166666666666666075e+00,-1.299147874497427413e+00
5.187500000000000000e+00,-1.410990192973168522e+00
5.208333333333333037e+00,-1.516955963423494369e+00
5.229166666666666075e+00,-1.617253623618801539e+00
5.250000000000000000e+00,-1.715103594342348492e+00
5.270833333333333037e+00,-1.811885524160457672e+00
5.291666666666666075e+00,-1.908959205816210591e+00
5.312500000000000000e+00,-2.007654260750617592e+00
5.333333333333333037e+00,-2.109260395681008760e+00
5.354166666666666075e+00,-2.215018269281118890e+00
5.375000000000000000e+00,-2.326110998196452506e+00
5.395833333333333037e+00,-2.443656324210362829e+00
5.416666666666666075e+00,-2.568699458294495752e+00
5.437500000000000000e+00,-2.704347435060853400e+00
5.458333333333333037e+00,-2.853263821257771227e+00
5.479166666666666075e+00,-3.009922994440703548e+00
5.500000000000000000e+00,3.455876538046603191e-02
5.520833333333333037e+00,4.122796664029407948e-02
5.541666666666666075e+00,4.735238964435756898e-02
5.562500000000000000e+00,5.396010218892231813e-02
5.583333333333333037e+00,6.195258906487264433e-02
5.604166666666666075e+00,7.194532140246938379e-02
5.625000000000000000e+00,8.409107748329559817e-02
5.645833333333333037e+00,9.790258893945567864e-02
5.666666666666666075e+00,1.124532546558096868e-01
5.687500000000000000e+00,1.264477778315577228e-01
5.708333333333333037e+00,1.385350095865451880e-01
5.729166666666666075e+00,1.476546267443035187e-01
5.750000000000000000e+00,1.532426217029966287e-01
5.770833333333333037e+00,1.552735961447738455e-01
5.791666666666666075e+00,1.541776379552354248e-01
5.812500000000000000e+00,1.506904451398936584e-01
5.833333333333333037e+00,1.456890702609243415e-01
5.854166666666666075e+00,1.400477646072465776e-01
5.875000000000000000e+00,1.345308392933539099e-01
5.895833333333333037e+00,1.297269576935116409e-01
5.916666666666666075e+00,1.260217646549290915e-01
5.937500000000000000e+00,1.236018021302669884e-01
5.958333333333333037e+00,1.224806173228037420e-01
5.979166666666666075e+00,1.225374054091924875e-01
6.000000000000000000e+00,1.235595978626016500e-01
6.020833333333333037e+00,1.252830078159082039e-01
6.041666666666666075e+00,1.274257274873724644e-01
6.062500000000000000e+00,1.297142719290715063e-01
6.083333333333333037e+00,1.319020830000784406e-01
6.104166666666666075e+00,1.337813736302412571e-01
6.125000000000000000e+00,1.351895615419032859e-01
6.145833333333333037e+00,1.360114596921165875e-01
6.166666666666666075e+00,1.361781810811001636e-01
6.187500000000000000e+00,1.356635280382420261e-01
6.208333333333333037e+00,1.344785400312517865e-01
6.229166666666666075e+00,1.326648559068229760e-01
6.250000000000000000e+00,1.302875409353427549e-01
6.270833333333333037e+00,1.274279755350518628e-01
6.291666666666666075e+00,1.241772755334481226e-01
6.312500000000000000e+00,1.206305283320281557e-01
6.333333333333333037e+00,1.168819311247829840e-01
6.354166666666666075e+00,1.130207615090915163e-01
6.375000000000000000e+00,1.091280382584115666e-01
6.395833333333333037e+00,1.052737523911359552e-01
6.416666666666666075e+00,1.015146446381398476e-01
6.437500000000000000e+00,9.789262193749398433e-02
6.458333333333333037e+00,9.443398029513928871e-02
6.479166666666666075e+00,9.114959359440422126e-02
6.500000000000000000e+00,8.803612963414259029e-02
6.520833333333333037e+00,8.507819117884195259e-02
6.541666666666666075e+00,8.225110203599240999e-02
6.562500000000000000e+00,7.952392445700871837e-02
6.583333333333333037e+00,7.686224971696797859e-02
6.604166666666666075e+00,7.423036698163817948e-02
6.625000000000000000e+00,7.159257630670842754e-02
6.645833333333333037e+00,6.891364068687327871e-02
6.666666666666666075e+00,6.615863722945232450e-02
6.687500000000000000e+00,6.329274631355867597e-02
6.708333333333333037e+00,6.028179522726574702e-02
6.729166666666666075e+00,5.709461161387389266e-02
6.750000000000000000e+00,5.370831726859649075e-02
6.770833333333333037e+00,5.011732353270390017e-02
6.791666666666666075e+00,4.634557291846063548e-02
6.812500000000000000e+00,4.245930684518996884e-02
6.833333333333333037e+00,3.857499339591308196e-02
6.854166666666666075e+00,3.485595653272756389e-02
6.875000000000000000e+00,3.149378477639662444e-02
6.895833333333333037e+00,2.867645479108385173e-02
6.916666666666666075e+00,2.655087896493741467e-02
6.937500000000000000e+00,2.518989437060551936e-02
6.958333333333333037e+00,2.457227284568305747e-02
6.979166666666666075e+00,2.458096492188176219e-02
7.000000000000000000e+00,2.502074513757221452e-02
7.020833333333333037e+00,2.565201457093805107e-02
7.041666666666666075e+00,2.623342213891569075e-02
7.062500000000000000e+00,2.656361108003483032e-02
7.083333333333333037e+00,2.651290999299745973e-02
7.104166666666666075e+00,2.603900833426956926e-02
7.125000000000000000e+00,2.518520005692431729e-02
7.145833333333333037e+00,2.406393086218400201e-02
7.166666666666666075e+00,2.283098093327719236e-02
7.187500000000000000e+00,2.165636447367956519e-02
7.208333333333333037e+00,2.069730005418412427e-02
7.229166666666666075e+00,2.007703886964124634e-02
7.250000000000000000e+00,1.987153428118347900e-02
7.270833333333333037e+00,2.010432485853852827e-02
7.291666666666666075e+00,2.074881011047657528e-02
7.312500000000000000e+00,2.173636734617665628e-02
7.333333333333333037e+00,2.296840891386398714e-02
7.354166666666666075e+00,2.433038653811128715e-02
7.375000000000000000e+00,2.570582093359169082e-02
7.395833333333333037e+00,2.698864436371824216e-02
7.416666666666666075e+00,2.809250965907144487e-02
7.437500000000000000e+00,2.895624750130452313e-02
7.458333333333333037e+00,2.954529311199040678e-02
7.479166666666666075e+00,2.984954344901172979e-02
7.500000000000000000e+00,2.987861631555525574e-02
7.520833333333333037e+00,7.173009394452342646e-02
7.541666666666666075e+00,9.415050857264727069e-02
7.562500000000000000e+00,1.048528294565506530e-01
7.583333333333333037e+00,1.080539911197987840e-01
7.604166666666666075e+00,1.058309986058464658e-01
7.625000000000000000e+00,9.908610155476793580e-02
7.645833333333333037e+00,8.830522499941133308e-02
7.666666666666666075e+00,7.396883026804727812e-02
7.687500000000000000e+00,5.671092438202336022e-02
7.708333333333333037e+00,3.725623486757800168e-02
7.729166666666666075e+00,1.664750361170987472e-02
7.750000000000000000e+00,-4.025430009986182868e-03
7.770833333333333037e+00,-2.382039405382371106e-02
7.791666666666666075e+00,-4.592209299240019443e-02
7.812500000000000000e+00,-7.664478116085389481e-02
7.833333333333333037e+00,-1.123062762991252489e-01
7.854166666666666075e+00,-1.493287390554707272e-01
7.875000000000000000e+00,-1.840908298364824780e-01
7.895833333333333037e+00,-2.128797761537281064e-01
7.916666666666666075e+00,-2.320341767654980902e-01
7.937500000000000000e+00,-2.382269674725062680e-01
7.958333333333333037e+00,-2.288593233064098453e-01
7.979166666666666075e+00,-2.030171742493041553e-01
8.000000000000000000e+00,-1.623468721526515335e-01
8.020833333333332149e+00,-1.117783085075133853e-01
8.041666666666666075e+00,-5.829157245335739312e-02
8.062500000000000000e+00,-9.423845662959458302e-03
8.083333333333332149e+00,2.837584739041422444e-02
8.104166666666666075e+00,5.086712761229853635e-02
8.125000000000000000e+00,5.644450960387830535e-02
8.145833333333332149e+00,4.571680404512314111e-02
8.166666666666666075e+00,2.110023223066233994e-02
8.187500000000000000e+00,-1.435142419810354723e-02
8.208333333333332149e+00,-5.690339741949174829e-02
8.229166666666666075e+00,-1.027589796636034641e-01
8.250000000000000000e+00,-1.481031261270422394e-01
8.270833333333332149e+00,-1.891281411318449512e-01
8.291666666666666075e+00,-2.221237968775188476e-01
8.312500000000000000e+00,-2.439755493154769084e-01
8.333333333333332149e+00,-2.523033365180057941e-01
8.354166666666666075e+00,-2.462449936256819738e-01
8.375000000000000000e+00,-2.271034705295437439e-01
8.395833333333332149e+00,-1.974631485411557086e-01
8.416666666666666075e+00,-1.603099139619021674e-01
8.437500000000000000e+00,-1.186234942437569134e-01
8.458333333333332149e+00,-7.539653704778520593e-02
8.479166666666666075e+00,-3.377264424327851289e-02
8.500000000000000000e+00,2.868754484941532946e-03
8.520833333333332149e+00,3.110984035841960274e-02
8.541666666666666075e+00,4.790141105635169899e-02
8.562500000000000000e+00,5.124750784708262397e-02
8.583333333333332149e+00,4.041907727787386745e-02
8.604166666666666075e+00,1.585950507026704509e-02
8.625000000000000000e+00,-2.113987980800741476e-02
8.645833333333332149e+00,-6.855060198354023804e-02
8.666666666666666075e+00,-1.241988727886018246e-01
8.687500000000000000e+00,-1.863336249791478771e-01
8.708333333333332149e+00,-2.537127491764825660e-01
8.729166666666666075e+00,-3.257434544806786514e-01
8.750000000000000000e+00,-4.028249254000693114e-01
8.770833333333332149e+00,-4.851486550057459990e-01
8.791666666666666075e+00,-5.712463225033739267e-01
8.812500000000000000e+00,-6.581631317834365502e-01
8.833333333333332149e+00,-7.417824634342267132e-01
8.854166666666666075e+00,-8.168314479622058588e-01
8.875000000000000000e+00,-8.772885434693016293e-01
8.895833333333332149e+00,-9.167611578001253481e-01
8.916666666666666075e+00,-9.314062845094236431e-01
8.937500000000000000e+00,-9.188842144158201330e-01
8.958333333333332149e+00,-8.849525620447858953e-01
8.979166666666666075e+00,-8.386672833643632474e-01
9.000000000000000000e+00,-7.816491963267765408e-01
9.020833333333332149e+00,-7.155624582386888033e-01
9.041666666666666075e+00,-6.421020369321858157e-01
9.062500000000000000e+00,-5.629815627250032151e-01
9.083333333333332149e+00,-4.799216391134165094e-01
9.104166666666666075e+00,-3.946386789205182377e-01
9.125000000000000000e+00,-3.088343214127525216e-01
9.145833333333332149e+00,-2.241854748284497767e-01
9.166666666666666075e+00,-1.423350178950874845e-01
9.187500000000000000e+00,-6.488318323833831835e-02
9.208333333333332149e+00,4.172487643211554229e-03
9.229166666666666075e+00,6.415079572012288844e-02
9.250000000000000000e+00,1.122120939919462462e-01
9.270833333333332149e+00,1.417567036758799470e-01
9.291666666666666075e+00,1.508948363804923642e-01
9.312500000000000000e+00,1.424085031540953672e-01
9.333333333333332149e+00,1.200367297667665478e-01
9.354166666666666075e+00,8.818306965425208588e-02
9.375000000000000000e+00,5.135981198260286540e-02
9.395833333333332149e+00,1.393963122103985923e-02
9.416666666666666075e+00,-1.998231463355065046e-02
9.437500000000000000e+00,-4.673496583176241920e-02
9.458333333333332149e+00,-6.051179604703868509e-02
9.479166666666666075e+00,-6.367229229642983046e-02
9.500000000000000000e+00,-5.824530497791918782e-02
9.520833333333332149e+00,-4.896236615762046551e-02
9.541666666666666075e+00,-3.783017673319310353e-02
9.562500000000000000e+00,-2.685370688983234819e-02
9.583333333333332149e+00,-1.800044052107105039e-02
9.604166666666666075e+00,-1.316645230914034910e-02
9.625000000000000000e+00,-1.414481991146075701e-02
9.645833333333332149e+00,-2.259676786318410430e-02
9.666666666666666075e+00,-4.002584499276165553e-02
9.687500000000000000e+00,-6.866284879461403978e-02
9.708333333333332149e+00,-1.088756093946412346e-01
9.729166666666666075e+00,-1.603517931628429538e-01
9.750000000000000000e+00,-2.229643695832619898e-01
9.770833333333332149e+00,-2.962843344062320861e-01
9.791666666666666075e+00,-3.795448840426379200e-01
9.812500000000000000e+00,-4.715744944433405972e-01
9.833333333333332149e+00,-5.707212650002134735e-01
9.854166666666666075e+00,-6.748047826055669773e-01
9.875000000000000000e+00,-7.811347908588690547e-01
9.895833333333332149e+00,-8.866253381105216880e-01
9.916666666666666075e+00,-9.880177786525394801e-01
9.937500000000000000e+00,-1.082219686982138107e+00
9.958333333333332149e+00,-1.166763394609089843e+00
9.979166666666666075e+00,-1.240547583388491359e+00
1.000000000000000000e+01,-1.305858934140507577e+00
1.002083333333333215e+01,-1.363514979318032116e+00
1.004166666666666607e+01,-1.414363093284749295e+00
1.006250000000000000e+01,-1.459274664681536882e+00
1.008333333333333215e+01,-1.499139298230498296e+00
1.010416666666666607e+01,-1.534859091397736686e+00
1.012500000000000000e+01,-1.567343023865554574e+00
1.014583333333333215e+01,-1.597501491488834580e+00
1.016666666666666607e+01,-1.626241011011059445e+00
1.018750000000000000e+01,-1.654459117105906429e+00
1.020833333333333215e+01,-1.683039469183721826e+00
1.022916666666666607e+01,-1.712847181799867391e+00
1.025000000000000000e+01,-1.744724389393152109e+00
1.027083333333333215e+01,-1.779486053451196259e+00
1.029166666666666607e+01,-1.817916018035418357e+00
1.031250000000000000e+01,1.169817200943609886e-01
1.033333333333333215e+01,1.605547922841031039e-01
1.035416666666666607e+01,2.066069892765005911e-01
1.037500000000000000e+01,2.557057777403300425e-01
1.039583333333333215e+01,3.079323958042334830e-01
1.041666666666666607e+01,3.625697456145033915e-01
1.043750000000000000e+01,4.182480867047908002e-01
1.045833333333333215e+01,4.730832613873687253e-01
1.047916666666666607e+01,5.250930791920858098e-01
1.050000000000000000e+01,5.726687876783685960e-01
1.052083333333333215e+01,6.148543815877955954e-01
1.054166666666666607e+01,6.513969640270462769e-01
1.056250000000000000e+01,6.826238917705212961e-01
1.058333333333333215e+01,7.092347336863259466e-01
1.060416666666666607e+01,7.320845631158925393e-01
1.062500000000000000e+01,7.520055723302712103e-01
1.064583333333333215e+01,7.696863370997246712e-01
1.066666666666666607e+01,7.856097403351481878e-01
1.068750000000000000e+01,8.000409454436416823e-01
1.070833333333333215e+01,8.130524713551317006e-01
1.072916666666666607e+01,8.245717298326062927e-01
1.075000000000000000e+01,8.344369877136187386e-01
1.077083333333333215e+01,8.424503514738795884e-01
1.079166666666666607e+01,8.484203061592637818e-01
1.081250000000000000e+01,8.521905888913940963e-01
1.083333333333333215e+01,8.536557678875272837e-01
1.085416666666666607e+01,8.527662087223838450e-01
1.087500000000000000e+01,8.495260154207139314e-01
1.089583333333333215e+01,8.439873158590065483e-01
1.091666666666666607e+01,8.362433891246898732e-01
1.093750000000000000e+01,8.264220666133818005e-01
1.095833333333333215e+01,8.146799121218856188e-01
1.097916666666666607e+01,8.011970681561392249e-01
1.100000000000000000e+01,7.861723735443054695e-01
1.102083333333333215e+01,7.698183493717736248e-01
1.104166666666666607e+01,7.523558142580966113e-01
1.106250000000000000e+01,7.340081207428541532e-01
1.108333333333333215e+01,7.149952170918509875e-01
1.110416666666666607e+01,6.954152620166985654e-01
1.112500000000000000e+01,6.753464633831898212e-01
1.114583333333333215e+01,6.550123536137936187e-01
1.116666666666666607e+01,6.346097366178743426e-01
1.118750000000000000e+01,6.143070438825725121e-01
1.120833333333333215e+01,5.942439764495333065e-01
1.122916666666666607e+01,5.745322697954322599e-01
1.125000000000000000e+01,5.552573595372898296e-01
1.127083333333333215e+01,5.364807077993296591e-01
1.129166666666666607e+01,5.182425645900131661e-01
1.131250000000000000e+01,5.005649716327300602e-01
1.133333333333333215e+01,4.834548533291065930e-01
1.135416666666666607e+01,4.669070703318124460e-01
1.137500000000000000e+01,4.509073314664047705e-01
1.139583333333333215e+01,4.354348718058417278e-01
1.141666666666666607e+01,4.204648149720838779e-01
1.143750000000000000e+01,4.059701533119495775e-01
1.145833333333333215e+01,3.919233053173053483e-01
1.147916666666666607e+01,3.782972466436430592e-01
1.150000000000000000e+01,3.650662569030583837e-01
1.152083333333333215e+01,3.522063744911052563e-01
1.154166666666666607e+01,3.396957008299050229e-01
1.156250000000000000e+01,3.275147381059121399e-01
1.158333333333333215e+01,3.156469734181028830e-01
1.160416666666666607e+01,3.040799237449076653e-01
1.162500000000000000e+01,2.928068057818884462e-01
1.164583333333333215e+01,2.818288559300686780e-01
1.166666666666666607e+01,2.711580620338916447e-01
1.168750000000000000e+01,2.608196790159180156e-01
1.170833333333333215e+01,2.508534750767646981e-01
1.172916666666666607e+01,2.413124069408891237e-01
1.175000000000000000e+01,2.322576269604430810e-01
1.177083333333333215e+01,2.237495386639882788e-01
1.179166666666666607e+01,2.158358965063639778e-01
1.181250000000000000e+01,2.085392455214094554e-01
1.183333333333333215e+01,2.018467875763067521e-01
1.185416666666666607e+01,1.957056794523094334e-01
1.187500000000000000e+01,1.900257415692208907e-01
1.189583333333333215e+01,1.846861055931626472e-01
1.191666666666666607e+01,1.794991354608483358e-01
1.193750000000000000e+01,1.743824135090394079e-01
1.195833333333333215e+01,1.692709976133441041e-01
1.197916666666666607e+01,1.641266587460116222e-01
1.200000000000000000e+01,1.589427818030382800e-01
1.202083333333333215e+01,1.537441568930879576e-01
1.204166666666666607e+01,1.485818716714032151e-01
1.206250000000000000e+01,1.435245434648127760e-01
1.208333333333333215e+01,1.386477076540597875e-01
1.210416666666666607e+01,1.340232520920730530e-01
1.212500000000000000e+01,1.297104565242404028e-01
1.214583333333333215e+01,1.257496365088227319e-01
1.216666666666666607e+01,1.221587875685424956e-01
1.218750000000000000e+01,1.189331195455248097e-01
1.220833333333333215e+01,1.160470354165789725e-01
1.222916666666666607e+01,1.134578349007970416e-01
1.225000000000000000e+01,1.111104949357045041e-01
1.227083333333333215e+01,1.089436108532694375e-01
1.229166666666666607e+01,1.068948119375601746e-01
1.231250000000000000e+01,1.049057042915106513e-01
1.233333333333333215e+01,1.472585303790844846e-01
1.235416666666666607e+01,1.690258513215867342e-01
1.237500000000000000e+01,1.782794853299152216e-01
1.239583333333333215e+01,1.796312501370383452e-01
1.241666666666666607e+01,1.754179795602040792e-01
1.243750000000000000e+01,1.667551602234811636e-01
1.245833333333333215e+01,1.542940380512825560e-01
1.247916666666666607e+01,1.386339883683298246e-01
1.250000000000000000e+01,1.204894008352889595e-01
1.252083333333333215e+01,1.007094870895505895e-01
1.254166666666666607e+01,8.023082450269582167e-02
1.256250000000000000e+01,6.001724260643356845e-02
1.258333333333333215e+01,4.101038489903858358e-02
1.260416666666666607e+01,2.407845080511960764e-02
1.262500000000000000e+01,9.738167663129699420e-03
1.264583333333333215e+01,-1.581529493090566563e-03
1.266666666666666607e+01,-1.909308148245857442e-02
1.268750000000000000e+01,-4.083467927972603967e-02
1.270833333333333215e+01,-6.352844879486731211e-02
1.272916666666666607e+01,-8.385823576438165838e-02
1.275000000000000000e+01,-9.862189468593597630e-02
1.277083333333333215e+01,-1.050112145333780833e-01
1.279166666666666607e+01,-1.010271337814978576e-01
1.281250000000000000e+01,-8.597849691472234102e-02
1.283333333333333215e+01,-6.092165420374436036e-02
1.285416666666666607e+01,-2.883106759392798160e-02
1.287500000000000000e+01,5.677416111874815201e-03
1.289583333333333215e+01,3.709702185237034877e-02
1.291666666666666607e+01,6.008513689796883550e-02
1.293750000000000000e+01,7.053312189094183837e-02
1.295833333333333215e+01,6.627169037557521791e-02
1.297916666666666607e+01,4.718451118231913738e-02
1.300000000000000000e+01,1.508933850140487844e-02
1.302083333333333215e+01,-2.723804777667859431e-02
1.304166666666666607e+01,-7.650987542589794688e-02
1.306250000000000000e+01,-1.291695493512181048e-01
1.308333333333333215e+01,-1.815163782115011837e-01
1.310416666666666607e+01,-2.296063694253736298e-01
1.312500000000000000e+01,-2.693465848547971220e-01
1.314583333333333215e+01,-2.965568758096212565e-01
1.316666666666666607e+01,-3.071635399947042488e-01
1.318750000000000000e+01,-2.975971000250437482e-01
1.320833333333333215e+01,-2.655057619201530716e-01
1.322916666666666607e+01,-2.106347494009944421e-01
1.325000000000000000e+01,-1.358149791282906305e-01
1.327083333333333215e+01,-4.772201462973234276e-02
1.329166666666666607e+01,4.167556300046737494e-02
1.331250000000000000e+01,1.137878082838256477e-01
1.333333333333333215e+01,1.591630005042938834e-01
1.335416666666666607e+01,1.779670164907978247e-01
1.337500000000000000e+01,1.749442632787177598e-01
1.339583333333333215e+01,1.555351136672094570e-01
1.341666666666666607e+01,1.070602999429142166e-01
1.343750000000000000e+01,2.931946577155272737e-02
1.345833333333333215e+01,-7.211838229195660643e-02
1.347916666666666607e+01,-1.920960508874254846e-01
1.350000000000000000e+01,-3.259430720220429234e-01
1.352083333333333215e+01,-4.694648900069746666e-01
1.354166666666666607e+01,-6.188534799878074866e-01
1.356250000000000000e+01,-7.705030794741444256e-01
1.358333333333333215e+01,-9.207470624472381404e-01
1.360416666666666607e+01,-1.065542202532684612e+00
1.362500000000000000e+01,-1.200129486840183279e+00
1.364583333333333215e+01,-1.318724047058451809e+00
1.366666666666666607e+01,-1.414334417903951868e+00
1.368750000000000000e+01,-1.478861236597657447e+00
1.370833333333333215e+01,-1.503625869250650338e+00
1.372916666666666607e+01,-1.485956299459045837e+00
1.375000000000000000e+01,-1.440370876028119973e+00
1.377083333333333215e+01,-1.373592796271580374e+00
1.379166666666666607e+01,-1.292856943221698973e+00
1.381250000000000000e+01,-1.201916587450745144e+00
1.383333333333333215e+01,-1.104579717154177354e+00
1.385416666666666607e+01,-1.004659111106715352e+00
1.387500000000000000e+01,-9.059249578244527035e-01
1.389583333333333215e+01,-8.120604811646052745e-01
1.391666666666666607e+01,-7.266209305076886116e-01
1.393750000000000000e+01,-6.529961872079738106e-01
1.395833333333333215e+01,-5.943771256807078851e-01
1.397916666666666607e+01,-5.537257427312893832e-01
1.400000000000000000e+01,-5.337489265602627375e-01
1.402083333333333215e+01,-5.368755740930650777e-01
1.404166666666666607e+01,-5.652365941485046896e-01
1.406250000000000000e+01,-6.206472096495996293e-01
1.408333333333333215e+01,-7.045910257961203182e-01
1.410416666666666607e+01,-8.182057438298928620e-01
1.412500000000000000e+01,-9.622711994096990740e-01
1.414583333333333215e+01,-1.137201167031980820e+00
1.416666666666666607e+01,-1.342688721514647021e+00
1.418750000000000000e+01,-1.562869116575595685e+00
1.420833333333333215e+01,-1.777922599609018439e+00
1.422916666666666607e+01,-1.998396219668834739e+00
1.425000000000000000e+01,-2.224028732757481919e+00
1.427083333333333215e+01,-2.454508921493150808e+00
1.429166666666666607e+01,-2.689478953231323022e+00
1.431250000000000000e+01,-2.928538032446827089e+00
1.433333333333333215e+01,-3.171246308489025445e+00
1.435416666666666607e+01,-3.417129000906699243e+00
1.437500000000000000e+01,-3.665680704592223282e+00
1.439583333333333215e+01,-3.916369836542247906e+00
1.441666666666666607e+01,-4.168643185480092939e+00
1.443750000000000000e+01,-4.421930525208553675e+00
1.445833333333333215e+01,-4.675649252527150246e+00
1.447916666666666607e+01,-1.172060541349780188e-01
1.450000000000000000e+01,-1.387469392992033146e-01
1.452083333333333215e+01,-1.607697546920058562e-01
1.454166666666666607e+01,-1.824797296665742197e-01
1.456250000000000000e+01,-2.032723193798602890e-01
1.458333333333333215e+01,-2.228230199526357036e-01
1.460416666666666607e+01,-2.412518973784994747e-01
1.462500000000000000e+01,-2.589105414052983445e-01
1.464583333333333215e+01,-2.764159336466404659e-01
1.466666666666666607e+01,-2.944623208224557143e-01
1.468750000000000000e+01,-3.136019862735804353e-01
1.470833333333333215e+01,-3.340979982971705176e-01
1.472916666666666607e+01,-3.558696969479495653e-01
1.475000000000000000e+01,-3.785194799442753721e-01
1.477083333333333215e+01,-4.014134467331244016e-01
1.479166666666666607e+01,-4.237862610616506265e-01
1.481250000000000000e+01,-4.448466486032547351e-01
1.483333333333333215e+01,-4.638682298932731984e-01
1.485416666666666607e+01,-4.802574262304563635e-01
1.487500000000000000e+01,-4.935951821191442712e-01
1.489583333333333215e+01,-5.036526319499764481e-01
1.491666666666666607e+01,-5.103836101280160298e-01
1.493750000000000000e+01,-5.138994215844033819e-01
1.495833333333333215e+01,-5.144328319952387041e-01
1.497916666666666607e+01,-5.122984253132260024e-01
1.500000000000000000e+01,-5.078553476311700177e-01
1.502083333333333215e+01,-5.014764212637280449e-01
1.504166666666666607e+01,-4.935253170141525869e-01
1.506250000000000000e+01,-4.843415300519034461e-01
1.508333333333333215e+01,-4.742316868202691715e-01
1.510416666666666607e+01,-4.634652829673318042e-01
1.512500000000000000e+01,-4.522731450669807418e-01
1.514583333333333215e+01,-4.408474392220817495e-01
1.516666666666666607e+01,-4.293426379497367606e-01
1.518750000000000000e+01,-4.178773068085634979e-01
1.520833333333333215e+01,-4.065367999674596722e-01
1.522916666666666607e+01,-3.953769699503631441e-01
1.525000000000000000e+01,-3.844288707600800326e-01
1.527083333333333215e+01,-3.737042566081659190e-01
1.529166666666666607e+01,-3.632015320574312756e-01
1.531250000000000000e+01,-3.529117470048149241e-01
1.533333333333333215e+01,-3.428242726306262034e-01
1.535416666666666607e+01,-3.329319373993628317e-01
1.537500000000000000e+01,-3.232356278726114529e-01
1.539583333333333215e+01,-3.137486520317538385e-01
1.541666666666666607e+01,-3.045015193714653567e-01
1.543750000000000000e+01,-2.955482084608609950e-01
1.545833333333333215e+01,-2.869753817039302768e-01
1.547916666666666607e+01,-2.789159045797017233e-01
1.550000000000000000e+01,-2.715658147756329077e-01
1.552083333333333215e+01,-2.651955698789557059e-01
1.554166666666666607e+01,-2.601270796417841646e-01
1.556250000000000000e+01,-2.566273975796573570e-01
1.558333333333333215e+01,-2.547022354828987756e-01
1.560416666666666607e+01,-2.539096083298106876e-01
1.562500000000000000e+01,-2.534067678502766596e-01
1.564583333333333215e+01,-2.522734089242192335e-01
1.566666666666666607e+01,-2.498309378241941325e-01
1.568750000000000000e+01,-2.457738495414891200e-01
1.570833333333333215e+01,-2.401467316699067156e-01
1.572916666666666607e+01,-2.331438149344973454e-01
1.575000000000000000e+01,-2.250233713839396021e-01
1.577083333333333215e+01,-2.160740828892429299e-01
1.579166666666666607e+01,-2.066815479761006102e-01
1.581250000000000000e+01,-1.973017204584299467e-01
1.583333333333333215e+01,-1.883669584681645359e-01
1.585416666666666607e+01,-1.801972905960634030e-01
1.587500000000000000e+01,-1.729458265930964578e-01
1.589583333333333215e+01,-1.665884161865561486e-01
1.591666666666666607e+01,-1.609518441113736431e-01
1.593750000000000000e+01,-1.557657309907237719e-01
1.595833333333333215e+01,-1.507217265283619101e-01
1.597916666666666607e+01,-1.455272253742415367e-01
1.600000000000000000e+01,-1.399465092749269668e-01
1.602083333333333215e+01,-1.338273223177209315e-01
1.604166666666666430e+01,-1.271139670220558515e-01
1.606250000000000000e+01,-1.198488454831394406e-01
1.608333333333333215e+01,-1.121637791320691246e-01
1.610416666666666430e+01,-1.042617612077058609e-01
1.612500000000000000e+01,-9.639014368321970061e-02
1.614583333333333215e+01,-8.880788417801134538e-02
1.616666666666666430e+01,-8.175155015317409068e-02
1.618750000000000000e+01,-7.540595261651514281e-02
1.620833333333333215e+01,-6.988468171523699868e-02
1.622916666666666430e+01,-6.522354667101884496e-02
1.625000000000000000e+01,-6.138688294500591752e-02
1.627083333333333215e+01,-5.828397920006193195e-02
1.629166666666666430e+01,-5.579123473451957915e-02
1.631250000000000000e+01,-5.377526764626869293e-02
1.633333333333333215e+01,-5.211283628029238224e-02
1.635416666666666430e+01,-5.070469435534990382e-02
1.637500000000000000e+01,-4.948203277846097842e-02
1.639583333333333215e+01,-4.840570633433303321e-02
1.641666666666666430e+01,-4.745972242289837884e-02
1.643750000000000000e+01,-4.664129066191360223e-02
1.645833333333333215e+01,-4.595000847652801201e-02
1.647916666666666430e+01,-4.537851361522605292e-02
1.650000000000000000e+01,-1.481795994959889378e-03
1.652083333333333215e+01,2.287333669321992002e-02
1.654166666666666430e+01,3.521306352800208928e-02
1.656250000000000000e+01,3.944320004650093275e-02
1.658333333333333215e+01,3.755054006497626773e-02
1.660416666666666430e+01,2.840421873667828626e-02
1.662500000000000000e+01,8.445016381344752285e-03
1.664583333333333215e+01,-2.182685242232455802e-02
1.666666666666666430e+01,-6.150122997563917115e-02
1.668750000000000000e+01,-1.089251150535687634e-01
1.670833333333333215e+01,-1.621973684028360785e-01
1.672916666666666430e+01,-2.192096797843193223e-01
1.675000000000000000e+01,-2.775327853664050770e-01
1.677083333333333215e+01,-3.342737967102368257e-01
1.679166666666666430e+01,-3.860178356823616985e-01
1.681250000000000000e+01,-4.289452491485056251e-01
1.683333333333333215e+01,-4.591057839513207894e-01
1.685416666666666430e+01,-4.728021409256478180e-01
1.687500000000000000e+01,-4.670565401843062570e-01
1.689583333333333215e+01,-4.401480902006840168e-01
1.691666666666666430e+01,-3.933196643464283437e-01
1.693750000000000000e+01,-3.286283225104410510e-01
1.695833333333333215e+01,-2.500190737306145494e-01
1.697916666666666430e+01,-1.630490242545793722e-01
1.700000000000000000e+01,-7.591095814667857267e-02
1.702083333333333215e+01,2.663411125837678462e-03
1.704166666666666430e+01,6.608051035980738730e-02
1.706250000000000000e+01,1.092742794796780770e-01
1.708333333333333215e+01,1.262633160227348839e-01
1.710416666666666430e+01,1.186606199244963772e-01
1.712500000000000000e+01,8.805925075031530158e-02
1.714583333333333215e+01,3.155567373694340150e-02
1.716666666666666430e+01,-4.969813924098456098e-02
1.718750000000000000e+01,-1.537381978805893168e-01
1.720833333333333215e+01,-2.777878054315149337e-01
1.722916666666666430e+01,-4.183189143594664428e-01
1.725000000000000000e+01,-5.715016144980629154e-01
1.727083333333333215e+01,-7.335709275277038088e-01
1.729166666666666430e+01,-9.012420750062664077e-01
1.731250000000000000e+01,-1.071563499170947065e+00
1.733333333333333215e+01,-1.242180506157458009e+00
1.735416666666666430e+01,-1.410418673379795429e+00
1.737500000000000000e+01,-1.573058114761167525e+00
1.739583333333333215e+01,-1.725768239075543553e+00
1.741666666666666430e+01,-1.862357380460804013e+00
1.743750000000000000e+01,-1.973871879487932413e+00
1.745833333333333215e+01,-2.049699542582198664e+00
1.747916666666666430e+01,-2.093058429060403736e+00
1.750000000000000000e+01,1.169817200943609886e-01
1.752083333333333215e+01,1.383659276741625588e-01
1.754166666666666430e+01,1.611603435416893437e-01
1.756250000000000000e+01,1.860145656778838807e-01
1.758333333333333215e+01,2.131848773959543475e-01
1.760416666666666430e+01,2.422615791228184545e-01
1.762500000000000000e+01,2.722716770430015920e-01
1.764583333333333215e+01,3.018030987922586950e-01
1.766666666666666430e+01,3.292922078801416852e-01
1.768750000000000000e+01,3.534186004467293474e-01
1.770833333333333215e+01,3.733681967793901491e-01
1.772916666666666430e+01,3.889165286753576978e-01
1.775000000000000000e+01,4.003610962437594289e-01
1.777083333333333215e+01,4.083657374517759009e-01
1.779166666666666430e+01,4.137793708378135760e-01
1.781250000000000000e+01,4.174726331313280969e-01
1.783333333333333215e+01,4.202147297783976887e-01
1.785416666666666430e+01,4.225971166548016522e-01
1.787500000000000000e+01,4.250014022420161020e-01
1.789583333333333215e+01,4.276040701813232370e-01
1.791666666666666430e+01,4.304078080191552913e-01
1.793750000000000000e+01,4.332879276432348159e-01
1.795833333333333215e+01,4.360428935445128107e-01
1.797916666666666430e+01,4.384401761641469886e-01
1.800000000000000000e+01,4.402519432537591038e-01
1.802083333333333215e+01,4.412786204288625114e-01
1.804166666666666430e+01,4.413612454585079670e-01
1.806250000000000000e+01,4.403852985915513996e-01
1.808333333333333215e+01,4.382792441254962923e-01
1.810416666666666430e+01,4.350106370945930334e-01
1.812500000000000000e+01,4.305817540797264309e-01
1.814583333333333215e+01,4.250257047040474356e-01
1.816666666666666430e+01,4.184031605840882184e-01
1.818750000000000000e+01,4.107993411194166833e-01
1.820833333333333215e+01,4.023207323875141461e-01
1.822916666666666430e+01,3.930911148691167423e-01
1.825000000000000000e+01,3.832467264542184227e-01
1.827083333333333215e+01,3.729306757956427076e-01
1.829166666666666430e+01,3.622869583150100103e-01
1.831250000000000000e+01,3.514545605619366353e-01
1.833333333333333215e+01,3.405621535392886479e-01
1.835416666666666430e+01,3.297237882530520969e-01
1.837500000000000000e+01,3.190358530950687665e-01
1.839583333333333215e+01,3.085753762067090511e-01
1.841666666666666430e+01,2.983995964594376438e-01
1.843750000000000000e+01,2.885466115462691494e-01
1.845833333333333215e+01,2.790368517002605464e-01
1.847916666666666430e+01,2.698751179476896467e-01
1.850000000000000000e+01,2.610529493618982677e-01
1.852083333333333215e+01,2.525511258271917470e-01
1.854166666666666430e+01,2.443421559452882974e-01
1.856250000000000000e+01,2.363926365263696316e-01
1.858333333333333215e+01,2.286654025342168273e-01
1.860416666666666430e+01,2.211214235761233549e-01
1.862500000000000000e+01,2.137214571708584976e-01
1.864583333333333215e+01,2.064275498586083113e-01
1.866666666666666430e+01,1.992045859501372917e-01
1.868750000000000000e+01,1.920222046894006773e-01
1.870833333333333215e+01,1.848574954803938741e-01
1.872916666666666430e+01,1.776988521332616144e-01
1.875000000000000000e+01,1.705510962310876899e-01
1.877083333333333215e+01,1.634413524922175287e-01
1.879166666666666430e+01,1.564242000988965153e-01
1.881250000000000000e+01,1.495836628822345138e-01
1.883333333333333215e+01,1.430292877400823059e-01
1.885416666666666430e+01,1.368845187073798875e-01
1.887500000000000000e+01,1.312678315663611817e-01
1.889583333333333215e+01,1.262698555754843133e-01
1.891666666666666430e+01,1.219318036731257410e-01
1.893750000000000000e+01,1.182310887543325112e-01
1.895833333333333215e+01,1.150787476323331532e-01
1.897916666666666430e+01,1.123304994364080489e-01
1.900000000000000000e+01,1.098096822446906207e-01
1.902083333333333215e+01,1.073370593988189903e-01
1.904166666666666430e+01,1.047606900501593385e-01
1.906250000000000000e+01,1.019793243539771910e-01
1.908333333333333215e+01,9.895489171599716749e-02
1.910416666666666430e+01,9.571270208159796122e-02
1.912500000000000000e+01,9.233088783180933012e-02
1.914583333333333215e+01,8.892258301206763804e-02
1.916666666666666430e+01,8.561508125717928741e-02
1.918750000000000000e+01,8.252988637576040565e-02
1.920833333333333215e+01,7.976655494854859030e-02
1.922916666666666430e+01,7.739195156035377776e-02
1.925000000000000000e+01,7.543533569429397567e-02
1.927083333333333215e+01,7.388878209668460484e-02
1.929166666666666430e+01,7.271187127110947945e-02
1.931250000000000000e+01,7.183933175258076786e-02
1.933333333333333215e+01,7.117473831178197652e-02
1.935416666666666430e+01,7.060438266885823988e-02
1.937500000000000000e+01,7.005984893200795094e-02
1.939583333333333215e+01,6.947788223942935604e-02
1.941666666666666430e+01,6.880635730929840488e-02
1.943750000000000000e+01,6.800743682954098202e-02
1.945833333333333215e+01,6.705817418919637896e-02
1.947916666666666430e+01,6.594912773097788561e-02
1.950000000000000000e+01,6.468174826619713103e-02
1.952083333333333215e+01,1.057830503886500739e-01
1.954166666666666430e+01,1.272835144077631153e-01
1.956250000000000000e+01,1.371268842004677857e-01
1.958333333333333215e+01,1.395442870000455915e-01
1.960416666666666430e+01,1.365900945407136913e-01
1.962500000000000000e+01,1.291962507460555076e-01
1.964583333333333215e+01,1.177902638687784859e-01
1.966666666666666430e+01,1.027283899777750864e-01
1.968750000000000000e+01,8.450416681091224569e-02
1.970833333333333215e+01,6.382744582842181380e-02
1.972916666666666430e+01,4.165143570524403732e-02
1.975000000000000000e+01,1.918048383403272300e-02
1.977083333333333215e+01,-2.163959202943299340e-03
1.979166666666666430e+01,-2.119481612523552855e-02
1.981250000000000000e+01,-4.707426127329946558e-02
1.983333333333333215e+01,-7.790642505101169624e-02
1.985416666666666430e+01,-1.097966433465637076e-01
1.987500000000000000e+01,-1.387420181888039949e-01
1.989583333333333215e+01,-1.609838051826520400e-01
1.991666666666666430e+01,-1.731559486407734660e-01
1.993750000000000000e+01,-1.726874547914475366e-01
1.995833333333333215e+01,-1.584409746917188055e-01
1.997916666666666430e+01,-1.314365183364970546e-01
2.000000000000000000e+01,-9.497934875561661605e-02
2.002083333333333215e+01,-5.411247964967644264e-02
2.004166666666666430e+01,-1.455780773092070664e-02
2.006250000000000000e+01,1.846766211277547920e-02
2.008333333333333215e+01,4.116004468688765766e-02
2.010416666666666430e+01,5.157865176055508039e-02
2.012500000000000000e+01,4.959562473619096717e-02
2.014583333333333215e+01,3.660430369639947751e-02
2.016666666666666430e+01,1.508376679304055008e-02
2.018750000000000000e+01,-1.198511457529522102e-02
2.020833333333333215e+01,-4.143819043349145081e-02
2.022916666666666430e+01,-7.006097617959577972e-02
2.025000000000000000e+01,-9.466178971911644313e-02
2.027083333333333215e+01,-1.122094761591091033e-01
2.029166666666666430e+01,-1.201077754532424019e-01
2.031250000000000000e+01,-1.167676901666830913e-01
2.033333333333333215e+01,-1.020016520933597903e-01
2.035416666666666430e+01,-7.757550998789299046e-02
2.037500000000000000e+01,-4.674362155631597154e-02
2.039583333333333215e+01,-1.380726118480529035e-02
2.041666666666666430e+01,1.653724313916367025e-02
2.043750000000000000e+01,3.964257671843990360e-02
2.045833333333333215e+01,5.181379594261203286e-02
2.047916666666666430e+01,5.080211870827755494e-02
2.050000000000000000e+01,3.625708889862967049e-02
2.052083333333333215e+01,9.212852785835518726e-03
2.054166666666666430e+01,-2.819346677015029806e-02
2.056250000000000000e+01,-7.307468562816681057e-02
2.058333333333333215e+01,-1.218782737766614249e-01
2.060416666666666430e+01,-1.706303298524785295e-01
2.062500000000000000e+01,-2.150950350218565899e-01
2.064583333333333215e+01,-2.508492428131826046e-01
2.066666666666666430e+01,-2.734314949685332508e-01
2.068750000000000000e+01,-2.786431235675241314e-01
2.070833333333333215e+01,-2.630648769526711672e-01
2.072916666666666430e+01,-2.248072223856963647e-01
2.075000000000000000e+01,-1.644808332152116193e-01
2.077083333333333215e+01,-8.633077669593063053e-02
2.079166666666666430e+01,1.297366944009276232e-03
2.081250000000000000e+01,8.050400315291643405e-02
2.083333333333333215e+01,1.368584320244016495e-01
2.085416666666666430e+01,1.662771348352950207e-01
2.087500000000000000e+01,1.714367746071301379e-01
2.089583333333333215e+01,1.573835579594497769e-01
2.091666666666666430e+01,1.246108262314089693e-01
2.093750000000000000e+01,6.068979242061910834e-02
2.095833333333333215e+01,-2.892569103569519323e-02
2.097916666666666430e+01,-1.392590645088465640e-01
2.100000000000000000e+01,-2.653437364133033882e-01
2.102083333333333215e+01,-4.025982181324998521e-01
2.104166666666666430e+01,-5.468974474200013480e-01
2.106250000000000000e+01,-6.942960981381043339e-01
2.108333333333333215e+01,-8.406141817557934992e-01
2.110416666666666430e+01,-9.811556872678534047e-01
2.112500000000000000e+01,-1.110222134392394810e+00
2.114583333333333215e+01,-1.220596331819828961e+00
2.116666666666666430e+01,-1.303125396742490727e+00
2.118750000000000000e+01,-1.346807306535261262e+00
2.120833333333333215e+01,-1.347926425891085689e+00
2.122916666666666430e+01,-1.317112913140526143e+00
2.125000000000000000e+01,-1.267017969828430735e+00
2.127083333333333215e+01,-1.201808104796459942e+00
2.129166666666666430e+01,-1.124953656465487839e+00
2.131250000000000000e+01,-1.039999716661956786e+00
2.133333333333333215e+01,-9.505206000425873158e-01
2.135416666666666430e+01,-8.600762920810182122e-01
2.137500000000000000e+01,-7.721713028772813070e-01
2.139583333333333215e+01,-6.902162688658231016e-01
2.141666666666666430e+01,-6.174925543132426808e-01
2.143750000000000000e+01,-5.571200078548472767e-01
2.145833333333333215e+01,-5.120279235496320025e-01
2.147916666666666430e+01,-4.849291382596084832e-01
2.150000000000000000e+01,-4.782970685284189116e-01
2.152083333333333215e+01,-4.943453644460592544e-01
2.154166666666666430e+01,-5.350097776273886607e-01
2.156250000000000000e+01,-6.019318870050736070e-01
2.158333333333333215e+01,-6.964445895686163235e-01
2.160416666666666430e+01,-8.195597317891986089e-01
2.162500000000000000e+01,-9.780379541559790502e-01
2.164583333333333215e+01,-1.168140629478318315e+00
2.166666666666666430e+01,-1.369704070474198065e+00
2.168750000000000000e+01,-1.577174130450598843e+00
2.170833333333333215e+01,-1.790482106191324752e+00
2.172916666666666430e+01,-2.009506109621517211e+00
2.175000000000000000e+01,-2.234060209032958877e+00
2.177083333333333215e+01,-2.463897100797668660e+00
2.179166666666666430e+01,-2.698711302531077383e+00
2.181250000000000000e+01,-2.938142817157241904e+00
2.183333333333333215e+01,-3.181781216874222107e+00
2.185416666666666430e+01,-3.429170095366254500e+00
2.187500000000000000e+01,-3.679811835767747397e+00
2.189583333333333215e+01,-3.933172640993422675e+00
2.191666666666666430e+01,-1.172060541349780188e-01
2.193750000000000000e+01,-9.955590981530160199e-02
2.195833333333333215e+01,-8.049213034007865475e-02
2.197916666666666430e+01,-5.935149865244461476e-02
2.200000000000000000e+01,-3.581623960911557714e-02
2.202083333333333215e+01,-1.012229034907022145e-02
2.204166666666666430e+01,1.692254801787156787e-02
2.206250000000000000e+01,4.410627335928678228e-02
2.208333333333333215e+01,6.998067080390688033e-02
2.210416666666666430e+01,9.324268959335368923e-02
2.212500000000000000e+01,1.130176145346341865e-01
2.214583333333333215e+01,1.289766335263606289e-01
2.216666666666666430e+01,1.413031891539869855e-01
2.218750000000000000e+01,1.505621320051411804e-01
2.220833333333333215e+01,1.575315649457744993e-01
2.222916666666666430e+01,1.630427008390575583e-01
2.225000000000000000e+01,1.678533388902410661e-01
2.227083333333333215e+01,1.725646011931738777e-01
2.229166666666666430e+01,1.775804358137843264e-01
2.231250000000000000e+01,1.831038686147016814e-01
2.233333333333333215e+01,1.891608914633399474e-01
2.235416666666666430e+01,1.956412732750495154e-01
2.237500000000000000e+01,2.023457529296967261e-01
2.239583333333333215e+01,2.090308872439758381e-01
2.241666666666666430e+01,2.154457455709582470e-01
2.243750000000000000e+01,2.213578828165206902e-01
2.245833333333333215e+01,2.265688035538567513e-01
2.247916666666666430e+01,2.309209434530514471e-01
2.250000000000000000e+01,2.342989188309602955e-01
2.252083333333333215e+01,2.366276289466822114e-01
2.254166666666666430e+01,2.378691002755002892e-01
2.256250000000000000e+01,2.380191086796599187e-01
2.258333333333333215e+01,2.371038804918502163e-01
2.260416666666666430e+01,2.351767006321631992e-01
2.262500000000000000e+01,2.323140704618655294e-01
2.264583333333333215e+01,2.286111037749027908e-01
2.266666666666666430e+01,2.241760288240210452e-01
2.268750000000000000e+01,2.191238757302607087e-01
2.270833333333333215e+01,2.135695914780664506e-01
2.272916666666666430e+01,2.076208936553810835e-01
2.275000000000000000e+01,2.013711449929633523e-01
2.277083333333333215e+01,1.948924460259059133e-01
2.279166666666666430e+01,1.882291075345681741e-01
2.281250000000000000e+01,1.813918796804946387e-01
2.283333333333333215e+01,1.743541194954807971e-01
2.285416666666666430e+01,1.670528827868815736e-01
2.287500000000000000e+01,1.594007184046991044e-01
2.289583333333333215e+01,1.513159225503762084e-01
2.291666666666666430e+01,1.427749947564631861e-01
2.293750000000000000e+01,1.338750020401125174e-01
2.295833333333333215e+01,1.248712139359800521e-01
2.297916666666666430e+01,1.161536343628652157e-01
2.300000000000000000e+01,1.081625500470651535e-01
2.302083333333333215e+01,1.012844076773034563e-01
2.304166666666666430e+01,9.577103200802523919e-02
2.306250000000000000e+01,9.169767937304892924e-02
2.308333333333333215e+01,8.895592141355529447e-02
2.310416666666666430e+01,8.727605788698497569e-02
2.312500000000000000e+01,8.627655562554890911e-02
2.314583333333333215e+01,8.553433365151634493e-02
2.316666666666666430e+01,8.466204530162378672e-02
2.318750000000000000e+01,8.337433441960784286e-02
2.320833333333333215e+01,8.152811785485891694e-02
2.322916666666666430e+01,7.913043995053357926e-02
2.325000000000000000e+01,7.631686350459128410e-02
2.327083333333333215e+01,7.330998405669400531e-02
2.329166666666666430e+01,7.037008179172259126e-02
2.331250000000000000e+01,6.774872149522470632e-02
2.333333333333333215e+01,6.565271284730134216e-02
2.335416666666666430e+01,6.422173984542335623e-02
2.337500000000000000e+01,6.351935827002107293e-02
2.339583333333333215e+01,6.353473081817100077e-02
2.341666666666666430e+01,6.419168942144759527e-02
2.343750000000000000e+01,6.536218865154570790e-02
2.345833333333333215e+01,6.688223880030773338e-02
2.347916666666666430e+01,6.856922466186153586e-02
2.350000000000000000e+01,7.023969549441055893e-02
2.352083333333333215e+01,7.172632811406531861e-02
2.354166666666666430e+01,7.289227407282700133e-02
2.356250000000000000e+01,7.364100635690239149e-02
2.358333333333333215e+01,7.392032143019809654e-02
2.360416666666666430e+01,7.372020587253841351e-02
2.362500000000000000e+01,7.306547872159481483e-02
2.364583333333333215e+01,7.200507950880952190e-02
2.366666666666666430e+01,7.060033580690243393e-02
2.368750000000000000e+01,6.891445700101239691e-02
2.370833333333333215e+01,6.700495944545747928e-02
2.372916666666666430e+01,6.491990399657059096e-02
2.375000000000000000e+01,6.269791811601789500e-02
2.377083333333333215e+01,6.037117136771548431e-02
2.379166666666666430e+01,5.796992778219730441e-02
2.381250000000000000e+01,5.552710329424537933e-02
2.383333333333333215e+01,5.308142686107095165e-02
2.385416666666666430e+01,5.067827619907908088e-02
2.387500000000000000e+01,4.836790575243071072e-02
2.389583333333333215e+01,4.620144587538399517e-02
2.391666666666666430e+01,4.422557554662678164e-02
2.393750000000000000e+01,7.394643510096059191e-02
2.395833333333333215e+01,9.098218977417919795e-02
2.397916666666666430e+01,9.819861657031635216e-02
2.400000000000000000e+01,9.730870732802671119e-02
2.402083333333333215e+01,8.911031562635142456e-02
2.404166666666666430e+01,7.399417839272746933e-02
2.406250000000000000e+01,5.246775007409158753e-02
2.408333333333333215e+01,2.554513623079079920e-02
2.410416666666666430e+01,-5.215623720259361662e-03
2.412500000000000000e+01,-3.765264480625905852e-02
2.414583333333333215e+01,-6.945259099656911350e-02
2.416666666666666430e+01,-9.823426468818972912e-02
2.418750000000000000e+01,-1.216622921648198297e-01
2.420833333333333215e+01,-1.376042680694363751e-01
2.422916666666666430e+01,-1.443363618788218727e-01
2.425000000000000000e+01,-1.407870494354609980e-01
2.427083333333333215e+01,-1.267860312654222055e-01
2.429166666666666430e+01,-1.032709881700583920e-01
2.431250000000000000e+01,-7.256061881499477340e-02
2.433333333333333215e+01,-3.808542502846704730e-02
2.435416666666666430e+01,-4.099655191138835454e-03
2.437500000000000000e+01,2.530331908797338325e-02
2.439583333333333215e+01,4.688539022399917239e-02
2.441666666666666430e+01,5.855957044162206360e-02
2.443750000000000000e+01,5.934923206968418380e-02
2.445833333333333215e+01,4.928434427454559535e-02
2.447916666666666430e+01,2.923034458812029390e-02
2.450000000000000000e+01,4.948126677147801330e-04
2.452083333333333215e+01,-3.525944808207048808e-02
2.454166666666666430e+01,-7.605363368055828577e-02
2.456250000000000000e+01,-1.196224095502489843e-01
2.458333333333333215e+01,-1.634478585785739402e-01
2.460416666666666430e+01,-2.048032706317509111e-01
2.462500000000000000e+01,-2.408149937351889702e-01
2.464583333333333215e+01,-2.685640407720903955e-01
2.466666666666666430e+01,-2.852627990475881115e-01
2.468750000000000000e+01,-2.885191017573374150e-01
2.470833333333333215e+01,-2.766759839403699073e-01
2.472916666666666430e+01,-2.492006015312769607e-01
2.475000000000000000e+01,-2.070391595780994576e-01
2.477083333333333215e+01,-1.528153979967430132e-01
2.479166666666666430e+01,-9.081968092251378744e-02
2.481250000000000000e+01,-2.680889948898266401e-02
2.483333333333333215e+01,3.280195049893236403e-02
2.485416666666666430e+01,8.190398317824554297e-02
2.487500000000000000e+01,1.159012489536465906e-01
2.489583333333333215e+01,1.321046219197482829e-01
2.491666666666666430e+01,1.294102704423909789e-01
2.493750000000000000e+01,1.082174125049854552e-01
2.495833333333333215e+01,6.967464835118299116e-02
2.497916666666666430e+01,1.536171089453701975e-02
2.500000000000000000e+01,-5.280211324804802431e-02
2.502083333333333215e+01,-1.325797730006750552e-01
2.504166666666666430e+01,-2.214465047691347444e-01
2.506250000000000000e+01,-3.166228934645241577e-01
2.508333333333333215e+01,-4.150654368336921807e-01
2.510416666666666430e+01,-5.134243447369871705e-01
2.512500000000000000e+01,-6.079626885418025761e-01
2.514583333333333215e+01,-6.944039144221582083e-01
2.516666666666666430e+01,-7.678681688761250790e-01
2.518750000000000000e+01,-8.228637502001021620e-01
2.520833333333333215e+01,-8.534565752606075861e-01
2.522916666666666430e+01,-8.537285446947213696e-01
2.525000000000000000e+01,-8.230567532689846422e-01
2.527083333333333215e+01,-7.695322292025161826e-01
2.529166666666666430e+01,-6.968941504960514122e-01
2.531250000000000000e+01,-6.102903130831608403e-01
2.533333333333333215e+01,-5.123061686271537241e-01
2.535416666666666430e+01,-4.055809006099513891e-01
2.537500000000000000e+01,-2.927819040134676531e-01
2.539583333333333215e+01,-1.765802944737566160e-01
2.541666666666666430e+01,-5.962764098821059927e-02
2.543750000000000000e+01,5.546591506291961848e-02
2.545833333333333215e+01,1.661520222551742532e-01
2.547916666666666430e+01,2.661861326772476111e-01
2.550000000000000000e+01,3.462962329746146484e-01
2.552083333333333215e+01,3.922035317990409942e-01
2.554166666666666430e+01,4.084346850502976745e-01
2.556250000000000000e+01,4.038290429626967271e-01
2.558333333333333215e+01,3.844837483617311036e-01
2.560416666666666430e+01,3.548150669155484271e-01
2.562500000000000000e+01,3.183778762353902669e-01
2.564583333333333215e+01,2.781536227748231394e-01
2.566666666666666430e+01,2.357360225693284905e-01
2.568750000000000000e+01,1.930657462061847185e-01
2.570833333333333215e+01,1.523103685296594845e-01
2.572916666666666430e+01,1.116766158128461445e-01
2.575000000000000000e+01,6.941782969413433368e-02
2.577083333333333215e+01,2.488404501520308579e-02
2.579166666666666430e+01,-2.191929710030766920e-02
2.581250000000000000e+01,-7.096333275892936776e-02
2.583333333333333215e+01,-1.278342901064074000e-01
2.585416666666666430e+01,-1.933202687837411171e-01
2.587500000000000000e+01,-2.648636324566836509e-01
2.589583333333333215e+01,-3.389151838084984991e-01
2.591666666666666430e+01,-4.123079358575015285e-01
2.593750000000000000e+01,-4.798916748702602431e-01
2.595833333333333215e+01,-5.360845454908916841e-01
2.597916666666666430e+01,-5.753193143723920322e-01
2.600000000000000000e+01,-5.922910136147371274e-01
2.602083333333333215e+01,-5.859313486943975580e-01
2.604166666666666430e+01,-5.614420937672367495e-01
2.606250000000000000e+01,-5.195366009810185037e-01
2.608333333333333215e+01,-4.630138124233917907e-01
2.610416666666666430e+01,-3.953775703839042532e-01
2.612500000000000000e+01,-3.207742631733442873e-01
2.614583333333333215e+01,-2.444164438120285388e-01
2.616666666666666430e+01,-1.707205891898316841e-01
2.618750000000000000e+01,-1.032448123047527838e-01
2.620833333333333215e+01,-4.706745799843654182e-02
2.622916666666666430e+01,-1.120279871956307224e-02
2.625000000000000000e+01,-9.346129858132981019e-04
2.627083333333333215e+01,-1.973361809415748180e-02
2.629166666666666430e+01,-6.535660548237116896e-02
2.631250000000000000e+01,-1.336554835043539391e-01
2.633333333333333215e+01,-2.204608522594519449e-01
2.635416666666666430e+01,-3.204756188700541020e-01
2.637500000000000000e+01,-4.283129602720207596e-01
2.639583333333333215e+01,-5.388228176609026754e-01
2.641666666666666430e+01,-6.470288396086503191e-01
2.643750000000000000e+01,-7.470657367079442945e-01
2.645833333333333215e+01,-8.394984334156313510e-01
2.647916666666666430e+01,-9.237393522121848388e-01
2.650000000000000000e+01,-1.004776014933843387e+00
2.652083333333333215e+01,-1.083814964958329297e+00
2.654166666666666430e+01,-1.162822408410143726e+00
2.656250000000000000e+01,-1.243970844908646400e+00
2.658333333333333215e+01,-1.328692393539806504e+00
2.660416666666666430e+01,-1.418344889412199938e+00
2.662500000000000000e+01,-1.515015719770055558e+00
2.664583333333333215e+01,-1.619357464068191810e+00
2.666666666666666430e+01,-1.730501175878793818e+00
2.668750000000000000e+01,-1.848865973314188338e+00
2.670833333333333215e+01,-1.967857563691228107e+00
2.672916666666666430e+01,-2.079106278895451076e+00
2.675000000000000000e+01,-2.173771773465569712e+00
2.677083333333333215e+01,-2.251756985672910716e+00
2.679166666666666430e+01,-2.316931596121178050e+00
2.681250000000000000e+01,-2.370470815800445052e+00
2.683333333333333215e+01,-2.413385600735596714e+00
2.685416666666666430e+01,-2.446761667563625675e+00
2.687500000000000000e+01,1.169817200943609886e-01
2.689583333333333215e+01,1.444044182665906451e-01
2.691666666666666430e+01,1.735129422415905565e-01
2.693750000000000000e+01,2.049308684356756505e-01
2.695833333333333215e+01,2.388646249209553651e-01
2.697916666666666430e+01,2.748473485141052497e-01
2.700000000000000000e+01,3.118237059269695632e-01
2.702083333333333215e+01,3.482877607624957905e-01
2.704166666666666430e+01,3.825752169715490592e-01
2.706250000000000000e+01,4.132784221687770820e-01
2.708333333333333215e+01,4.395208688490027105e-01
2.710416666666666430e+01,4.610404276582881766e-01
2.712500000000000000e+01,4.781141428746719102e-01
2.714583333333333215e+01,4.913929259599066901e-01
2.716666666666666430e+01,5.017124929836997982e-01
2.718750000000000000e+01,5.099258589294409783e-01
2.720833333333333215e+01,5.167797642689822002e-01
2.722916666666666430e+01,5.228407246484469972e-01
2.725000000000000000e+01,5.284667690848277033e-01
2.727083333333333215e+01,5.338161162914408786e-01
2.729166666666666430e+01,5.388814946822222396e-01
2.731250000000000000e+01,5.435380093597448337e-01
2.733333333333333215e+01,5.475935403174402305e-01
2.735416666666666430e+01,5.508332874390052813e-01
2.737500000000000000e+01,5.530535726133025687e-01
2.739583333333333215e+01,5.540834866322501551e-01
2.741666666666666430e+01,5.537956625939187694e-01
2.743750000000000000e+01,5.521089737291619004e-01
2.745833333333333215e+01,5.489863169547271049e-01
2.747916666666666430e+01,5.444301692626799527e-01
2.750000000000000000e+01,5.384777098493906955e-01
2.752083333333333215e+01,5.311963601273007596e-01
2.754166666666666430e+01,5.226798567670934981e-01
2.756250000000000000e+01,5.130445467509781032e-01
2.758333333333333215e+01,5.024254705530253329e-01
2.760416666666666430e+01,4.909719034809060800e-01
2.762500000000000000e+01,4.788422513053255947e-01
2.764583333333333215e+01,4.661984440911602356e-01
2.766666666666666430e+01,4.532001661894179967e-01
2.768750000000000000e+01,4.399993591310837338e-01
2.770833333333333215e+01,4.267354292174367902e-01
2.772916666666666430e+01,4.135315004228892755e-01
2.775000000000000000e+01,4.004919091854544644e-01
2.777083333333333215e+01,3.877009793437928842e-01
2.779166666666666430e+01,3.752229771856182561e-01
2.781250000000000000e+01,3.631030511052182885e-01
2.783333333333333215e+01,3.513689153274149879e-01
2.785416666666666430e+01,3.400330362568311782e-01
2.787500000000000000e+01,3.290951084039552832e-01
2.789583333333333215e+01,3.185446471089178333e-01
2.791666666666666430e+01,3.083635628894562664e-01
2.793750000000000000e+01,2.985286094063498985e-01
2.795833333333333215e+01,2.890136136180099236e-01
2.797916666666666430e+01,2.797914080289863326e-01
2.800000000000000000e+01,2.708353981729230697e-01
2.802083333333333215e+01,2.621207190516817720e-01
2.804166666666666430e+01,2.536249638725616151e-01
2.806250000000000000e+01,2.453285049385532379e-01
2.808333333333333215e+01,2.372144655016731329e-01
2.810416666666666430e+01,2.292684383075282162e-01
2.812500000000000000e+01,2.214780788648441912e-01
2.814583333333333215e+01,2.137949561758113182e-01
2.816666666666666430e+01,2.061515950335376379e-01
2.818750000000000000e+01,1.985682171473392155e-01
2.820833333333333215e+01,1.910620413071300872e-01
2.822916666666666430e+01,1.836498438428412205e-01
2.825000000000000000e+01,1.763511985368697577e-01
2.827083333333333215e+01,1.691921895805231502e-01
2.829166666666666430e+01,1.622089918308051437e-01
2.831250000000000000e+01,1.554502464194685851e-01
2.833333333333333215e+01,1.489768495764104139e-01
2.835416666666666430e+01,1.428579230762329622e-01
2.837500000000000000e+01,1.371625352549806498e-01
2.839583333333333215e+01,1.319182611369912883e-01
2.841666666666666430e+01,1.271020568217262614e-01
2.843750000000000000e+01,1.227430745705718473e-01
2.845833333333333215e+01,1.188355349659538374e-01
2.847916666666666430e+01,1.153322311669875699e-01
2.850000000000000000e+01,1.121471048962273814e-01
2.852083333333333215e+01,1.091671041769638056e-01
2.854166666666666430e+01,1.062707203127598171e-01
2.856250000000000000e+01,1.033488181232356806e-01
2.858333333333333215e+01,1.003229304160900281e-01
2.860416666666666430e+01,9.715713310579400519e-02
2.862500000000000000e+01,9.386150902803817864e-02
2.864583333333333215e+01,9.048734132884717063e-02
2.866666666666666430e+01,8.711590616433496914e-02
2.868750000000000000e+01,8.384369371539319993e-02
2.870833333333333215e+01,8.076703114438113507e-02
2.872916666666666430e+01,7.796859590610805135e-02
2.875000000000000000e+01,7.550747655805635505e-02
2.877083333333333215e+01,7.341353591437425885e-02
2.879166666666666430e+01,7.168605870379635148e-02
2.881250000000000000e+01,7.029612240279344004e-02
2.883333333333333215e+01,6.919181263967222328e-02
2.885416666666666430e+01,6.830509897152430010e-02
2.887500000000000000e+01,6.755987171253929890e-02
2.889583333333333215e+01,1.119870037151051573e-01
2.891666666666666430e+01,1.354291477574412761e-01
2.893750000000000000e+01,1.462394703096019932e-01
2.895833333333333215e+01,1.489961888190195760e-01
2.897916666666666430e+01,1.461808223729454126e-01
2.900000000000000000e+01,1.389813669581495270e-01
2.902083333333333215e+01,1.280594648963681026e-01
2.904166666666666430e+01,1.139974686542866572e-01
2.906250000000000000e+01,9.749262859226394407e-02
2.908333333333333215e+01,7.938825362070260627e-02
2.910416666666666430e+01,6.061748542288509373e-02
2.912500000000000000e+01,4.211465148360667154e-02
2.914583333333333215e+01,2.472735882141905567e-02
2.916666666666666430e+01,9.140760705302721986e-03
2.918750000000000000e+01,-4.193157426842907681e-03
2.920833333333333215e+01,-1.513613366080527982e-02
2.922916666666666430e+01,-2.575102949342312347e-02
2.925000000000000000e+01,-4.310055015246886528e-02
2.927083333333333215e+01,-6.400953563231095989e-02
2.929166666666666430e+01,-8.523129990294253666e-02
2.931250000000000000e+01,-1.035087251611725989e-01
2.933333333333333215e+01,-1.157466987253674279e-01
2.935416666666666430e+01,-1.193046073999030482e-01
2.937500000000000000e+01,-1.124325173185252852e-01
2.939583333333333215e+01,-9.480589549451680365e-02
2.941666666666666430e+01,-6.782366353625303435e-02
2.943750000000000000e+01,-3.490638585109719777e-02
2.945833333333333215e+01,-1.058224115382255803e-03
2.947916666666666430e+01,2.794828826793838497e-02
2.950000000000000000e+01,4.669539519522517002e-02
2.952083333333333215e+01,5.126783350535384781e-02
2.954166666666666430e+01,3.984441941349151084e-02
2.956250000000000000e+01,1.293916212265973191e-02
2.958333333333333215e+01,-2.720308420816925504e-02
2.960416666666666430e+01,-7.742622916130284527e-02
2.962500000000000000e+01,-1.341159064025201908e-01
2.964583333333333215e+01,-1.935305300943276352e-01
2.966666666666666430e+01,-2.516711749622067562e-01
2.968750000000000000e+01,-3.042793892264010203e-01
2.970833333333333215e+01,-3.470664956890395780e-01
2.972916666666666430e+01,-3.757007487984763694e-01
2.975000000000000000e+01,-3.858348656550482092e-01
2.977083333333333215e+01,-3.735978401774219804e-01
2.979166666666666430e+01,-3.362709075075777099e-01
2.981250000000000000e+01,-2.732510067804806431e-01
2.983333333333333215e+01,-1.903113813387850572e-01
2.985416666666666430e+01,-9.378940422839789071e-02
2.987500000000000000e+01,2.068861639256899983e-03
2.989583333333333215e+01,8.413850068027473039e-02
2.991666666666666430e+01,1.424635477553907459e-01
2.993750000000000000e+01,1.696551616122470019e-01
2.995833333333333215e+01,1.718018209341878322e-01
2.997916666666666430e+01,1.554035030796535044e-01
3.000000000000000000e+01,1.215704353558905715e-01
3.002083333333333215e+01,5.407117193333817878e-02
3.004166666666666430e+01,-4.053299365930746606e-02
3.006250000000000000e+01,-1.563615732945288217e-01
3.008333333333333215e+01,-2.882813517359252287e-01
3.010416666666666430e+01,-4.316867119576720535e-01
3.012500000000000000e+01,-5.824472800505792192e-01
3.014583333333333215e+01,-7.368558792164526805e-01
3.016666666666666430e+01,-8.912365970938775916e-01
3.018750000000000000e+01,-1.041620475364060994e+00
3.020833333333333215e+01,-1.183285763393933099e+00
3.022916666666666430e+01,-1.310229174225005844e+00
3.025000000000000000e+01,-1.414610615537027494e+00
3.027083333333333215e+01,-1.486295659297593774e+00
3.029166666666666430e+01,-1.513387313105541088e+00
3.031250000000000000e+01,-1.496345264539780784e+00
3.033333333333333215e+01,-1.448582462871415899e+00
3.035416666666666430e+01,-1.380925758469979003e+00
3.037500000000000000e+01,-1.296811377982873381e+00
3.039583333333333215e+01,-1.199814572148119929e+00
3.041666666666666430e+01,-1.093599548364271090e+00
3.043750000000000000e+01,-9.818708409031216000e-01
3.045833333333333215e+01,-8.683267031065257102e-01
3.047916666666666430e+01,-7.566150198628024404e-01
3.050000000000000000e+01,-6.502921500986998948e-01
3.052083333333333215e+01,-5.527850187466212262e-01
3.054166666666666430e+01,-4.673566852053695486e-01
3.056250000000000000e+01,-3.970755184884606770e-01
3.058333333333333215e+01,-3.447880032701639563e-01
3.060416666666666430e+01,-3.130950777355708814e-01
3.062500000000000000e+01,-3.043317523690001747e-01
3.064583333333333215e+01,-3.205495703169219945e-01
3.066666666666666430e+01,-3.635012612287687461e-01
3.068750000000000000e+01,-4.346268047085833364e-01
3.070833333333333215e+01,-5.350402883626900197e-01
3.072916666666666430e+01,-6.655177077339003988e-01
3.075000000000000000e+01,-8.264871040785788381e-01
3.077083333333333215e+01,-1.019057342910469011e+00
3.079166666666666430e+01,-1.227515778880480468e+00
3.081250000000000000e+01,-1.439401417446383169e+00
3.083333333333333215e+01,-1.656990287594861000e+00
3.085416666666666430e+01,-1.880062877102030461e+00
3.087500000000000000e+01,-2.108356206022403700e+00
3.089583333333333215e+01,-2.341566440206995559e+00
3.091666666666666430e+01,-2.579351691605041630e+00
3.093750000000000000e+01,-2.821334979394963582e+00
3.095833333333333215e+01,-3.067107331089412359e+00
3.097916666666666430e+01,-3.316231004667603344e+00
3.100000000000000000e+01,-3.568242812797053354e+00
3.102083333333333215e+01,-3.822657529297575962e+00
3.104166666666666430e+01,-4.078971356814849791e+00
3.106250000000000000e+01,-4.336665433582700402e+00
3.108333333333333215e+01,-4.595209356354713393e+00
3.110416666666666430e+01,-1.172060541349780188e-01
3.112500000000000000e+01,-6.603606119711105671e-02
3.114583333333333215e+01,-1.181769809157909822e-02
3.116666666666666430e+01,4.600572363027872341e-02
3.118750000000000000e+01,1.074935626436597375e-01
3.120833333333333215e+01,1.719105653961296443e-01
3.122916666666666430e+01,2.378262458941929891e-01
3.125000000000000000e+01,3.032669155478923129e-01
3.127083333333333215e+01,3.661223000872984579e-01
3.129166666666666430e+01,4.246493660483379173e-01
3.131250000000000000e+01,4.777769497576855318e-01
3.133333333333333215e+01,5.251654196068786806e-01
3.135416666666666430e+01,5.670801344184352999e-01
3.137500000000000000e+01,6.041736452118048328e-01
3.139583333333333215e+01,6.372592572915475317e-01
3.141666666666666430e+01,6.671263685958027656e-01
3.143750000000000000e+01,6.944178143308861184e-01
3.145833333333333215e+01,7.195694505749674619e-01
3.147916666666666430e+01,7.428017549875092218e-01
3.150000000000000000e+01,7.641487680482981215e-01
3.152083333333333215e+01,7.835084255967309508e-01
3.154166666666666430e+01,8.006996369466717889e-01
3.156250000000000000e+01,8.155148043101394517e-01
3.158333333333333215e+01,8.277608841574486398e-01
3.160416666666666430e+01,8.372864725030141342e-01
3.162500000000000000e+01,8.439958377785835575e-01
3.164583333333333215e+01,8.478528488739933699e-01
3.166666666666666430e+01,8.488783732327669362e-01
3.168750000000000000e+01,8.471443218343818193e-01
3.170833333333333215e+01,8.427665903224542676e-01
3.172916666666666430e+01,8.358981272245881167e-01
3.175000000000000000e+01,8.267225368115668216e-01
3.177083333333333215e+01,8.154481150515004995e-01
3.179166666666666430e+01,8.023020163182450482e-01
3.181250000000000000e+01,7.875242785976063198e-01
3.183333333333333215e+01,7.713615933587001372e-01
3.185416666666666430e+01,7.540608982362688728e-01
3.187500000000000000e+01,7.358170785082476240e-01
3.189583333333333215e+01,7.166473532749098041e-01
3.191666666666666430e+01,6.968121725008016298e-01
3.193750000000000000e+01,6.765453315662334211e-01
3.195833333333333215e+01,6.560508916968796900e-01
3.197916666666666430e+01,6.355012752422074529e-01
3.200000000000000000e+01,6.150364103108924008e-01
3.202083333333332860e+01,5.947637423289174885e-01
3.204166666666666430e+01,5.747589388890370632e-01
3.206250000000000000e+01,5.550672151244514518e-01
3.208333333333332860e+01,5.357054311904093646e-01
3.210416666666666430e+01,5.166654891138563466e-01
3.212500000000000000e+01,4.979200627534484669e-01
3.214583333333332860e+01,4.794321541929342789e-01
3.216666666666666430e+01,4.611698881628985558e-01
3.218750000000000000e+01,4.431264951929041462e-01
3.220833333333332860e+01,4.253419965674032910e-01
3.222916666666666430e+01,4.079188146499383438e-01
3.225000000000000000e+01,3.910220585421444461e-01
3.227083333333332860e+01,3.748598108558147124e-01
3.229166666666666430e+01,3.596471910294400942e-01
3.231250000000000000e+01,3.455639791625095825e-01
3.233333333333332860e+01,3.327161745515793689e-01
3.235416666666666430e+01,3.211096522814199661e-01
3.237500000000000000e+01,3.106418682478919724e-01
3.239583333333332860e+01,3.011148681400585558e-01
3.241666666666666430e+01,2.922683185033209674e-01
3.243750000000000000e+01,2.838256663601579910e-01
3.245833333333332860e+01,2.755424406584054409e-01
3.247916666666666430e+01,2.672452704942296919e-01
3.250000000000000000e+01,2.588535441911280488e-01
3.252083333333332860e+01,2.503810757291076161e-01
3.254166666666666430e+01,2.419204088642073203e-01
3.256250000000000000e+01,2.336158285876064888e-01
3.258333333333332860e+01,2.256322302722052475e-01
3.260416666666666430e+01,2.181260981759588491e-01
3.262500000000000000e+01,2.112227914058552869e-01
3.264583333333332860e+01,2.050020000581312674e-01
3.266666666666666430e+01,1.994913024413770830e-01
3.268750000000000000e+01,1.946665985182559067e-01
3.270833333333332860e+01,1.904578306326883685e-01
3.272916666666666430e+01,1.867585502367179739e-01
3.275000000000000000e+01,1.834381463220819408e-01
3.277083333333332860e+01,1.803556122017499486e-01
3.279166666666666430e+01,1.773735344888658916e-01
3.281250000000000000e+01,1.743707285916699379e-01
3.283333333333332860e+01,1.712519018442851537e-01
3.285416666666666430e+01,1.679530853073512020e-01
3.287500000000000000e+01,1.644423165599898373e-01
3.289583333333332860e+01,1.607159707195206511e-01
3.291666666666666430e+01,1.567919480906524166e-01
3.293750000000000000e+01,1.527014126786406523e-01
3.295833333333332860e+01,1.484808422152663065e-01
3.297916666666666430e+01,1.441658315455561501e-01
3.300000000000000000e+01,1.397875067465181309e-01
3.302083333333332860e+01,1.353717158667224474e-01
3.304166666666666430e+01,1.309405234005918128e-01
3.306250000000000000e+01,1.265150791082024218e-01
3.308333333333332860e+01,1.221187351052286513e-01
3.310416666666666430e+01,1.177793631962600895e-01
3.312500000000000000e+01,1.562833697203295236e-01
3.314583333333332860e+01,1.759789411901917233e-01
3.316666666666666430e+01,1.843510215990236123e-01
3.318750000000000000e+01,1.852301180751236287e-01
3.320833333333332860e+01,1.805537532444888849e-01
3.322916666666666430e+01,1.711750211927004772e-01
3.325000000000000000e+01,1.575116802944409866e-01
3.327083333333332860e+01,1.399770898869752978e-01
3.329166666666666430e+01,1.191985809690885578e-01
3.331250000000000000e+01,9.567990950190799482e-02
3.333333333333332860e+01,5.914185021312579754e-02
3.335416666666666430e+01,1.263628947804247907e-02
3.337500000000000000e+01,-4.050303601970006023e-02
3.339583333333332860e+01,-9.687700819775368899e-02
3.341666666666666430e+01,-1.529469257703356955e-01
3.343750000000000000e+01,-2.050122368707924247e-01
3.345833333333332860e+01,-2.492690907444325699e-01
3.347916666666666430e+01,-2.819686758764173851e-01
3.350000000000000000e+01,-2.996909464471878004e-01
3.352083333333332860e+01,-2.997496119522614633e-01
3.354166666666666430e+01,-2.807145674851780348e-01
3.356250000000000000e+01,-2.429619810005118896e-01
3.358333333333332860e+01,-1.890677703826659783e-01
3.360416666666666430e+01,-1.239234895511620443e-01
3.362500000000000000e+01,-5.433565909418139328e-02
3.364583333333332860e+01,1.206347279848549343e-02
3.366666666666666430e+01,6.835275790002981466e-02
3.368750000000000000e+01,1.095650575909894592e-01
3.370833333333332860e+01,1.328428920885552089e-01
3.372916666666666430e+01,1.369448485453377551e-01
3.375000000000000000e+01,1.218020858218343966e-01
3.377083333333332860e+01,8.808240983639092914e-02
3.379166666666666430e+01,3.674228430240385201e-02
3.381250000000000000e+01,-3.097216878451594657e-02
3.383333333333332860e+01,-1.134362250504432623e-01
3.385416666666666430e+01,-2.085686769690843212e-01
3.387500000000000000e+01,-3.138028076316621839e-01
3.389583333333332860e+01,-4.261119578615945036e-01
3.391666666666666430e+01,-5.420750391450760430e-01
3.393750000000000000e+01,-6.579432747264589709e-01
3.395833333333332860e+01,-7.696294288501573932e-01
3.397916666666666430e+01,-8.725382711345400777e-01
3.400000000000000000e+01,-9.612545263850970079e-01
3.402083333333332860e+01,-1.029217141012963355e+00
3.404166666666666430e+01,-1.068657713788589536e+00
3.406250000000000000e+01,-1.077818408753296486e+00
3.408333333333332860e+01,-1.059946445527260028e+00
3.410416666666666430e+01,-1.023210920661760559e+00
3.412500000000000000e+01,-9.699011321903445726e-01
3.414583333333332860e+01,-9.018865403822535765e-01
3.416666666666666430e+01,-8.211323586658688667e-01
3.418750000000000000e+01,-7.296790086625160043e-01
3.420833333333332860e+01,-6.296218807202613732e-01
3.422916666666666430e+01,-5.230915748817450694e-01
3.425000000000000000e+01,-4.122347859707949369e-01
3.427083333333332860e+01,-2.991959803833958986e-01
3.429166666666666430e+01,-1.860999937025492046e-01
3.431250000000000000e+01,-7.503565885974587679e-02
3.433333333333332860e+01,3.195944487195076511e-02
3.435416666666666430e+01,1.329130506538840351e-01
3.437500000000000000e+01,2.259310171322941596e-01
3.439583333333332860e+01,3.092088588420802142e-01
3.441666666666666430e+01,3.810419719286060602e-01
3.443750000000000000e+01,4.331578425452104475e-01
3.445833333333332860e+01,4.587392201584036266e-01
3.447916666666666430e+01,4.614901050006703365e-01
3.450000000000000000e+01,4.478121943499024371e-01
3.452083333333332860e+01,4.231405510166547645e-01
3.454166666666666430e+01,3.923910441128536375e-01
3.456250000000000000e+01,3.609065865797506656e-01
3.458333333333332860e+01,3.293794766500457993e-01
3.460416666666666430e+01,2.994889875378286548e-01
3.462500000000000000e+01,2.725821310696971977e-01
3.464583333333332860e+01,2.517949611983901770e-01
3.466666666666666430e+01,2.390276347178117433e-01
3.468750000000000000e+01,2.317961350664080877e-01
3.470833333333332860e+01,2.268843828550395902e-01
3.472916666666666430e+01,2.237231722645974807e-01
3.475000000000000000e+01,2.241518119515821805e-01
3.477083333333332860e+01,2.230424806861915354e-01
3.479166666666666430e+01,2.223466737955398231e-01
3.481250000000000000e+01,2.230160279071871920e-01
3.483333333333332860e+01,2.257469904422369500e-01
3.485416666666666430e+01,2.306860316516375631e-01
3.487500000000000000e+01,2.374445897000317385e-01
3.489583333333332860e+01,2.452716459868171106e-01
3.491666666666666430e+01,2.532591807319829469e-01
3.493750000000000000e+01,2.605442971086505688e-01
3.495833333333332860e+01,2.664645652370893347e-01
3.497916666666666430e+01,2.706348336324155279e-01
3.500000000000000000e+01,2.727891206575434602e-01
3.502083333333332860e+01,2.727400168883292175e-01
3.504166666666666430e+01,2.709987396118276881e-01
3.506250000000000000e+01,2.676038960091157715e-01
3.508333333333332860e+01,2.619568218180396424e-01
3.510416666666666430e+01,2.529056561375810919e-01
3.512500000000000000e+01,2.393841017932386572e-01
3.514583333333332860e+01,2.209014920663323889e-01
3.516666666666666430e+01,1.975415761626321542e-01
3.518750000000000000e+01,1.705785166162449018e-01
3.520833333333332860e+01,1.418605748554599977e-01
3.522916666666666430e+01,1.135194959211899557e-01
3.525000000000000000e+01,8.774683677228847789e-02
3.527083333333332860e+01,6.662474063101291033e-02
3.529166666666666430e+01,5.199101642407896046e-02
3.531250000000000000e+01,4.532013293923174702e-02
3.533333333333332860e+01,4.760788308464214413e-02
3.535416666666666430e+01,5.924996596813193739e-02
3.537500000000000000e+01,7.990462918779635271e-02
3.539583333333332860e+01,1.083316758952593689e-01
3.541666666666666430e+01,1.421650336254808300e-01
3.543750000000000000e+01,1.776282964328927960e-01
3.545833333333332860e+01,2.097717582380166923e-01
3.547916666666666430e+01,2.329025222937668727e-01
3.550000000000000000e+01,2.419131598297901975e-01
3.552083333333332860e+01,2.332636132795384842e-01
3.554166666666666430e+01,2.054938090929839256e-01
3.556250000000000000e+01,1.591213194015716759e-01
3.558333333333332860e+01,9.571235593305894851e-02
3.560416666666666430e+01,1.743096678196473515e-02
3.562500000000000000e+01,-7.317560340846779310e-02
3.564583333333332860e+01,-1.732529230169087275e-01
3.566666666666666430e+01,-2.796419478206392251e-01
3.568750000000000000e+01,-3.888013434408337243e-01
3.570833333333332860e+01,-4.966946055946018235e-01
3.572916666666666430e+01,-5.985238861077218919e-01
3.575000000000000000e+01,-6.886826153507636938e-01
3.577083333333332860e+01,-7.607223766712538637e-01
3.579166666666666430e+01,-8.077977441348906940e-01
3.581250000000000000e+01,-8.228002342885195608e-01
3.583333333333332860e+01,-7.997401001324343506e-01
3.585416666666666430e+01,-7.407988381856519533e-01
3.587500000000000000e+01,-6.575527243039727132e-01
3.589583333333332860e+01,-5.550817820770986843e-01
3.591666666666666430e+01,-4.425412089409018201e-01
3.593750000000000000e+01,-3.269900733220772460e-01
3.595833333333332860e+01,-2.130716493758446350e-01
3.597916666666666430e+01,-1.053117020254814434e-01
3.600000000000000000e+01,-8.055832680040815943e-03
3.602083333333332860e+01,7.458703934309221517e-02
3.604166666666666430e+01,1.387946419850473456e-01
3.606250000000000000e+01,1.787725155165477142e-01
3.608333333333332860e+01,1.904627961895035415e-01
3.610416666666666430e+01,1.743937382141022008e-01
3.612500000000000000e+01,1.298559560481698794e-01
3.614583333333332860e+01,6.018603424121850981e-02
3.616666666666666430e+01,-3.034725818462296471e-02
3.618750000000000000e+01,-1.384745842391118809e-01
3.620833333333332860e+01,-2.620134207295289896e-01
3.622916666666666430e+01,-3.995508645552240945e-01
3.625000000000000000e+01,-5.454506898616888755e-01
3.627083333333332860e+01,-6.922934312731824358e-01
3.629166666666666430e+01,-8.329751799386216904e-01
3.631250000000000000e+01,-9.595992525131608053e-01
3.633333333333332860e+01,-1.062906444236640713e+00
3.635416666666666430e+01,-1.132016198883462055e+00
3.637500000000000000e+01,-1.161372830471364859e+00
3.639583333333332860e+01,-1.157152735832032375e+00
3.641666666666666430e+01,-1.129392485410891211e+00
3.643750000000000000e+01,-1.085881290095554119e+00
3.645833333333332860e+01,-1.029870937269813380e+00
3.647916666666666430e+01,-9.647034412986628116e-01
3.650000000000000000e+01,-8.937662379956832215e-01
3.652083333333332860e+01,-8.204491183712477875e-01
3.654166666666666430e+01,-7.481033674252696164e-01
3.656250000000000000e+01,-6.800034909385108683e-01
3.658333333333332860e+01,-6.193118292686491388e-01
3.660416666666666430e+01,-5.690462723392136768e-01
3.662500000000000000e+01,-5.320512038840133906e-01
3.664583333333332860e+01,-5.109717144043337544e-01
3.666666666666666430e+01,-5.082310295493395191e-01
3.668750000000000000e+01,-5.260110025449327154e-01
3.670833333333332860e+01,-5.662354176618057400e-01
3.672916666666666430e+01,-6.305557566768555944e-01
3.675000000000000000e+01,-7.203390192892231703e-01
3.677083333333332860e+01,-8.366572151687275971e-01
3.679166666666666430e+01,-9.802783334557120254e-01
3.681250000000000000e+01,-1.151658989865664617e+00
3.683333333333332860e+01,-1.350939469604063303e+00
3.685416666666666430e+01,-1.577942257934451975e+00
3.687500000000000000e+01,-1.832175071236324282e+00
3.689583333333332860e+01,-2.092579271719067879e+00
3.691666666666666430e+01,-2.322528588461441501e+00
3.693750000000000000e+01,-2.551588932152369704e+00
3.695833333333332860e+01,-2.784429025431740090e+00
3.697916666666666430e+01,-3.020804321524574121e+00
3.700000000000000000e+01,-3.260438366773201757e+00
3.702083333333332860e+01,-3.503025134935568108e+00
3.704166666666666430e+01,-3.748231515229830446e+00
3.706250000000000000e+01,-3.995699932844134938e+00
3.708333333333332860e+01,-4.245051080577466607e+00
3.710416666666666430e+01,-4.495886740117145841e+00
3.712500000000000000e+01,-4.747792671289074562e+00
3.714583333333332860e+01,-5.000341547517400009e+00
3.716666666666666430e+01,-5.253095915758902557e+00
3.718750000000000000e+01,-1.172060541349780188e-01
3.720833333333332860e+01,-8.281220154422316848e-02
3.722916666666666430e+01,-4.617743612959097910e-02
3.725000000000000000e+01,-6.673730295268348947e-03
3.727083333333332860e+01,3.588827281210808795e-02
3.729166666666666430e+01,8.098533220363438034e-02
3.731250000000000000e+01,1.274674261833450284e-01
3.733333333333332860e+01,1.736982164297702080e-01
3.735416666666666430e+01,2.178791206422760474e-01
3.737500000000000000e+01,2.584931929921389648e-01
3.739583333333332860e+01,2.945933091278443716e-01
3.741666666666666430e+01,3.258827557764884530e-01
3.743750000000000000e+01,3.526270436597671587e-01
3.745833333333332860e+01,3.754728748316181197e-01
3.747916666666666430e+01,3.952461342235323860e-01
3.750000000000000000e+01,4.127767557615508176e-01
3.752083333333332860e+01,4.287731025493728976e-01
3.754166666666666430e+01,4.437505331387145979e-01
3.756250000000000000e+01,4.580086297135208540e-01
3.758333333333332860e+01,4.716465446023920260e-01
3.760416666666666430e+01,4.846034818856182480e-01
3.762500000000000000e+01,4.967110137332869102e-01
3.764583333333332860e+01,5.077457018628539487e-01
3.766666666666666430e+01,5.174737960064420550e-01
3.768750000000000000e+01,5.256837344260588685e-01
3.770833333333332860e+01,5.322058042731139249e-01
3.772916666666666430e+01,5.369209015009198671e-01
3.775000000000000000e+01,5.397615846154072416e-01
3.777083333333332860e+01,5.407086991546911081e-01
3.779166666666666430e+01,5.397861669753547531e-01
3.781250000000000000e+01,5.370555415530203769e-01
3.783333333333332860e+01,5.326109935095942882e-01
3.785416666666666430e+01,5.265747227456961665e-01
3.787500000000000000e+01,5.190924584760772120e-01
3.789583333333332860e+01,5.103286645088314089e-01
3.791666666666666430e+01,5.004612175636901084e-01
3.793750000000000000e+01,4.896755610121451552e-01
3.795833333333332860e+01,4.781585608534618670e-01
3.797916666666666430e+01,4.660924425612946176e-01
3.800000000000000000e+01,4.536492396573103547e-01
3.802083333333332860e+01,4.409861411458051439e-01
3.804166666666666430e+01,4.282420102905051262e-01
3.806250000000000000e+01,4.155351973409270316e-01
3.808333333333332860e+01,4.029626200776815770e-01
3.810416666666666430e+01,3.905999672461321071e-01
3.812500000000000000e+01,3.785028069614816970e-01
3.814583333333332860e+01,3.667083565689351898e-01
3.816666666666666430e+01,3.552376823986438947e-01
3.818750000000000000e+01,3.440981314859565265e-01
3.820833333333332860e+01,3.332858364801607465e-01
3.822916666666666430e+01,3.227881681541692749e-01
3.825000000000000000e+01,3.125860330795552366e-01
3.827083333333332860e+01,3.026559302910384330e-01
3.829166666666666430e+01,2.929716979848744907e-01
3.831250000000000000e+01,2.835059086629220237e-01
3.833333333333332860e+01,2.742309163368950586e-01
3.835416666666666430e+01,2.651196269892273083e-01
3.837500000000000000e+01,2.561461538262503335e-01
3.839583333333332860e+01,2.472866259355984697e-01
3.841666666666666430e+01,2.384660769861441654e-01
3.843750000000000000e+01,2.296208269300011040e-01
3.845833333333332860e+01,2.207744285394677153e-01
3.847916666666666430e+01,2.119589811126994794e-01
3.850000000000000000e+01,2.032218708921403605e-01
3.852083333333332860e+01,1.946316944474271449e-01
3.854166666666666430e+01,1.862809161882897913e-01
3.856250000000000000e+01,1.782825814541006137e-01
3.858333333333332860e+01,1.707594586109454915e-01
3.860416666666666430e+01,1.638262655961697234e-01
3.862500000000000000e+01,1.575682720625770916e-01
3.864583333333332860e+01,1.520214115646264241e-01
3.866666666666666430e+01,1.471593743338720228e-01
3.868750000000000000e+01,1.428918714028315495e-01
3.870833333333332860e+01,1.390756683534646321e-01
3.872916666666666430e+01,1.355367150593220493e-01
3.875000000000000000e+01,1.320987027478593423e-01
3.877083333333332860e+01,1.286116810257091903e-01
3.879166666666666430e+01,1.249745603413203315e-01
3.881250000000000000e+01,1.211472499616476212e-01
3.883333333333332860e+01,1.171510290007880817e-01
3.885416666666666430e+01,1.130585062638076038e-01
3.887500000000000000e+01,1.089764359651129166e-01
3.889583333333332860e+01,1.050254307764002942e-01
3.891666666666666430e+01,1.013203728956878630e-01
3.893750000000000000e+01,9.795441235808360902e-02
3.895833333333332860e+01,9.498824632970599702e-02
3.897916666666666430e+01,9.244521131734556585e-02
3.900000000000000000e+01,9.031179309205113193e-02
3.902083333333332860e+01,8.854254533909453051e-02
3.904166666666666430e+01,8.706808830378535979e-02
3.906250000000000000e+01,8.580476156994981674e-02
3.908333333333332860e+01,8.466455742640807691e-02
3.910416666666666430e+01,8.356412043550678903e-02
3.912500000000000000e+01,8.243185342932395077e-02
3.914583333333332860e+01,8.121251561780098993e-02
3.916666666666666430e+01,7.986910923926703043e-02
3.918750000000000000e+01,7.838227051422248792e-02
3.920833333333332860e+01,1.194072296346414541e-01
3.922916666666666430e+01,1.407876194927748514e-01
3.925000000000000000e+01,1.502536464463436194e-01
3.927083333333332860e+01,1.521611323053448650e-01
3.929166666666666430e+01,1.486488826351338999e-01
3.931250000000000000e+01,1.406757168661450508e-01
3.933333333333332860e+01,1.287755193425677291e-01
3.935416666666666430e+01,1.134650323854432263e-01
3.937500000000000000e+01,9.540493152135720578e-02
3.939583333333332860e+01,7.539972833781113937e-02
3.941666666666666430e+01,5.442903269318775245e-02
3.943750000000000000e+01,3.351835409560224854e-02
3.945833333333332860e+01,1.371108626345263030e-02
3.947916666666666430e+01,-4.074909401906649277e-03
3.950000000000000000e+01,-1.962604504361019353e-02
3.952083333333332860e+01,-3.848698282551075295e-02
3.954166666666666430e+01,-6.258425989813987123e-02
3.956250000000000000e+01,-8.824435646575630454e-02
3.958333333333332860e+01,-1.117773267177936819e-01
3.960416666666666430e+01,-1.296367509792145933e-01
3.962500000000000000e+01,-1.387017734295105387e-01
3.964583333333332860e+01,-1.366802136702250370e-01
3.966666666666666430e+01,-1.226012377546531473e-01
3.968750000000000000e+01,-9.722695739891089317e-02
3.970833333333332860e+01,-6.330366962267627851e-02
3.972916666666666430e+01,-2.528257128125623726e-02
3.975000000000000000e+01,1.135796181731373207e-02
3.977083333333332860e+01,4.111845037376486711e-02
3.979166666666666430e+01,5.951186930366113292e-02
3.981250000000000000e+01,6.386214425997355226e-02
3.983333333333332860e+01,5.344481432153450756e-02
3.985416666666666430e+01,2.956502536244527690e-02
3.987500000000000000e+01,-5.225229048682535071e-03
3.989583333333332860e+01,-4.777969581284791101e-02
3.991666666666666430e+01,-9.470833830293715061e-02
3.993750000000000000e+01,-1.423556665323693904e-01
3.995833333333332860e+01,-1.868846774632997587e-01
3.997916666666666430e+01,-2.243851422835281828e-01
4.000000000000000000e+01,-2.508564084749677625e-01
4.002083333333332860e+01,-2.624370915037150254e-01
4.004166666666666430e+01,-2.558011309754816831e-01
4.006250000000000000e+01,-2.287773727350059239e-01
4.008333333333332860e+01,-1.813040599352134796e-01
4.010416666666666430e+01,-1.163233471296262478e-01
4.012500000000000000e+01,-4.051445255312590560e-02
4.014583333333332860e+01,3.632811645222681213e-02
4.016666666666666430e+01,1.016831557307859013e-01
4.018750000000000000e+01,1.433867392101394189e-01
4.020833333333332860e+01,1.610975492990240066e-01
4.022916666666666430e+01,1.566281517858127414e-01
4.025000000000000000e+01,1.216248448909887647e-01
4.027083333333332860e+01,5.881001036431988960e-02
4.029166666666666430e+01,-2.807808014684076009e-02
4.031250000000000000e+01,-1.348911121399602731e-01
4.033333333333332860e+01,-2.574371903822638141e-01
4.035416666666666430e+01,-3.916641449902676375e-01
4.037500000000000000e+01,-5.337466580886183198e-01
4.039583333333332860e+01,-6.800049099092344562e-01
4.041666666666666430e+01,-8.267628019142857498e-01
4.043750000000000000e+01,-9.700778058685175509e-01
4.045833333333332860e+01,-1.105416068151101161e+00
4.047916666666666430e+01,-1.227339413652846378e+00
4.050000000000000000e+01,-1.329239319167243805e+00
4.052083333333332860e+01,-1.403399876563604209e+00
4.054166666666666430e+01,-1.441440119008485565e+00
4.056250000000000000e+01,-1.435252392186747938e+00
4.058333333333332860e+01,-1.397532465326033257e+00
4.060416666666666430e+01,-1.333897912890995574e+00
4.062500000000000000e+01,-1.255736660130761795e+00
4.064583333333332860e+01,-1.166842624713700705e+00
4.066666666666666430e+01,-1.071073605524029970e+00
4.068750000000000000e+01,-9.722992427251493375e-01
4.070833333333332860e+01,-8.743515302895566998e-01
4.072916666666666430e+01,-7.809783818831679270e-01
4.075000000000000000e+01,-6.958006427071264932e-01
4.077083333333332860e+01,-6.222728264797894315e-01
4.079166666666666430e+01,-5.636477359488653027e-01
4.081250000000000000e+01,-5.229449931716705358e-01
4.083333333333332860e+01,-5.029233579460459236e-01
4.085416666666666430e+01,-5.060565498230888970e-01
4.087500000000000000e+01,-5.345121303445786731e-01
4.089583333333332860e+01,-5.901329099486514185e-01
4.091666666666666430e+01,-6.744204422066553128e-01
4.093750000000000000e+01,-7.885205902619006890e-01
4.095833333333332860e+01,-9.332118508496730636e-01
4.097916666666666430e+01,-1.108897696519702825e+00
4.100000000000000000e+01,-1.314490266772097904e+00
4.102083333333332860e+01,-1.530133127886685207e+00
4.104166666666666430e+01,-1.744401333148722255e+00
4.106250000000000000e+01,-1.963618296384915363e+00
4.108333333333332860e+01,-2.187542803216713239e+00
4.110416666666666430e+01,-2.415886225076818050e+00
4.112500000000000000e+01,-2.648315665131526053e+00
4.114583333333332860e+01,-2.884457393001201631e+00
4.116666666666666430e+01,-3.123900529514761715e+00
4.118750000000000000e+01,-3.366200944112042848e+00
4.120833333333332860e+01,-3.610885327945781764e+00
4.122916666666666430e+01,-3.857455405638441359e+00
4.125000000000000000e+01,-4.105392248370303143e+00
4.127083333333332860e+01,-4.354160650776249142e+00
4.129166666666666430e+01,-4.603213534182847511e+00
4.131250000000000000e+01,-1.172060541349780188e-01
4.133333333333332860e+01,-6.221298282790169859e-02
4.135416666666666430e+01,-3.940415856927424049e-03
4.137500000000000000e+01,5.817522759370159779e-02
4.139583333333332860e+01,1.241662938373605390e-01
4.141666666666666430e+01,1.931557614128415756e-01
4.143750000000000000e+01,2.635498800656255747e-01
4.145833333333332860e+01,3.331828408278220133e-01
4.147916666666666430e+01,3.998371139287076881e-01
4.150000000000000000e+01,4.617580844867266721e-01
4.152083333333332860e+01,5.179351310369416650e-01
4.154166666666666430e+01,5.681250595094434752e-01
4.156250000000000000e+01,6.126919219099240532e-01
4.158333333333332860e+01,6.523661823971593776e-01
4.160416666666666430e+01,6.880070607771875402e-01
4.162500000000000000e+01,7.204160211710076700e-01
4.164583333333332860e+01,7.502183887732791767e-01
4.166666666666666430e+01,7.778106585232036352e-01
4.168750000000000000e+01,8.033613990142165484e-01
4.170833333333332860e+01,8.268495114032071713e-01
4.172916666666666430e+01,8.481225315696254707e-01
4.175000000000000000e+01,8.669593718609460709e-01
4.177083333333332860e+01,8.831257832462374724e-01
4.179166666666666430e+01,8.964158080409505569e-01
4.181250000000000000e+01,9.066773381310455626e-01
4.183333333333332860e+01,9.138235531978091686e-01
4.185416666666666430e+01,9.178339950774064837e-01
4.187500000000000000e+01,9.187494398928403028e-01
4.189583333333332860e+01,9.166640461116805083e-01
4.191666666666666430e+01,9.117170757937802517e-01
4.193750000000000000e+01,9.040852988207662699e-01
4.195833333333332860e+01,8.939762921483979108e-01
4.197916666666666430e+01,8.816223394345571451e-01
4.200000000000000000e+01,8.672744847481032027e-01
4.202083333333332860e+01,8.511963910325955895e-01
4.204166666666666430e+01,8.334603929840442849e-01
4.206250000000000000e+01,8.142715263467779074e-01
4.208333333333332860e+01,7.939417656729308437e-01
4.210416666666666430e+01,7.727650927470998132e-01
4.212500000000000000e+01,7.510122385163301439e-01
4.214583333333332860e+01,7.289266723600421605e-01
4.216666666666666430e+01,7.067219681492163952e-01
4.218750000000000000e+01,6.845805444013847163e-01
4.220833333333332860e+01,6.626536613114788477e-01
4.222916666666666430e+01,6.410624780718611193e-01
4.225000000000000000e+01,6.198999358988098729e-01
4.227083333333332860e+01,5.992332312474767386e-01
4.229166666666666430e+01,5.791066683439485274e-01
4.231250000000000000e+01,5.595447163673551438e-01
4.233333333333332860e+01,5.405551325342395907e-01
4.235416666666666430e+01,5.221320419631727550e-01
4.237500000000000000e+01,5.042588897387553226e-01
4.239583333333332860e+01,4.869112071847829237e-01
4.241666666666666430e+01,4.700591726610735543e-01
4.243750000000000000e+01,4.536700048617363645e-01
4.245833333333332860e+01,4.377103041135807504e-01
4.247916666666666430e+01,4.221485420902105212e-01
4.250000000000000000e+01,4.069579605863121730e-01
4.252083333333332860e+01,3.921201184443028898e-01
4.254166666666666430e+01,3.776291445159805638e-01
4.256250000000000000e+01,3.634963455567473689e-01
4.258333333333332860e+01,3.497541945448461864e-01
4.260416666666666430e+01,3.364580742697469429e-01
4.262500000000000000e+01,3.236838566263049999e-01
4.264583333333332860e+01,3.115198785625225564e-01
4.266666666666666430e+01,3.000532680068739855e-01
4.268750000000000000e+01,2.893525152299831760e-01
4.270833333333332860e+01,2.794499413572957280e-01
4.272916666666666430e+01,2.703285539322958786e-01
4.275000000000000000e+01,2.619172864534790590e-01
4.277083333333332860e+01,2.540968172412857440e-01
4.279166666666666430e+01,2.467155097971650557e-01
4.281250000000000000e+01,2.396123140491911718e-01
4.283333333333332860e+01,2.326416142017045108e-01
4.285416666666666430e+01,2.256946267828528752e-01
4.287500000000000000e+01,2.187131003604454726e-01
4.289583333333332860e+01,2.116932377480786054e-01
4.291666666666666430e+01,2.046801567135188848e-01
4.293750000000000000e+01,1.977551116950440613e-01
4.295833333333332860e+01,1.910187262827053589e-01
4.297916666666666430e+01,1.845736036333311125e-01
4.300000000000000000e+01,1.785091078850136737e-01
4.302083333333332860e+01,1.728901614475048809e-01
4.304166666666666430e+01,1.677508806389882701e-01
4.306250000000000000e+01,1.630929924504682660e-01
4.308333333333332860e+01,1.588883494640161986e-01
4.310416666666666430e+01,1.550845030217094522e-01
4.312500000000000000e+01,1.516121582924760958e-01
4.314583333333332860e+01,1.483933508050988281e-01
4.316666666666666430e+01,1.453492996386486769e-01
4.318750000000000000e+01,1.424070828742502459e-01
4.320833333333332860e+01,1.395045376079343258e-01
4.322916666666666430e+01,1.365930959533709077e-01
4.325000000000000000e+01,1.336385960670103401e-01
4.327083333333332860e+01,1.306204012166150286e-01
4.329166666666666430e+01,1.275293661920809951e-01
4.331250000000000000e+01,1.243652724371572815e-01
4.333333333333332860e+01,1.634638487075518454e-01
4.335416666666666430e+01,1.832031372973554340e-01
4.337500000000000000e+01,1.914259160753603861e-01
4.339583333333332860e+01,1.922949828169972786e-01
4.341666666666666430e+01,1.878470556481254272e-01
4.343750000000000000e+01,1.790007752171667577e-01
4.345833333333332860e+01,1.661803441144477644e-01
4.347916666666666430e+01,1.497449530961567632e-01
4.350000000000000000e+01,1.301973044655806711e-01
4.352083333333332860e+01,1.082645143477843214e-01
4.354166666666666430e+01,8.492514396235600893e-02
4.356250000000000000e+01,6.141195976361854547e-02
4.358333333333332860e+01,3.916828217349175439e-02
4.360416666666666430e+01,1.961044698382563567e-02
4.362500000000000000e+01,-1.454753023041725031e-03
4.364583333333332860e+01,-2.836211412440596893e-02
4.366666666666666430e+01,-5.785851181159296780e-02
4.368750000000000000e+01,-8.614603561198058701e-02
4.370833333333332860e+01,-1.093188844338202209e-01
4.372916666666666430e+01,-1.238845935385183283e-01
4.375000000000000000e+01,-1.271089231475732995e-01
4.377083333333332860e+01,-1.175902085790753171e-01
4.379166666666666430e+01,-9.584297287176538060e-02
4.381250000000000000e+01,-6.449247896882133457e-02
4.383333333333332860e+01,-2.793148862635767490e-02
4.385416666666666430e+01,8.541112667806728329e-03
4.387500000000000000e+01,3.981494147500643649e-02
4.389583333333332860e+01,6.191895770022055184e-02
4.391666666666666430e+01,7.258933027857862597e-02
4.393750000000000000e+01,7.134856246364590371e-02
4.395833333333332860e+01,5.925715246237933664e-02
4.397916666666666430e+01,3.862269700696100566e-02
4.400000000000000000e+01,1.219570311268847532e-02
4.402083333333332860e+01,-1.692662474345215870e-02
4.404166666666666430e+01,-4.557586325711655839e-02
4.406250000000000000e+01,-7.059246840731912831e-02
4.408333333333332860e+01,-8.894731118186785523e-02
4.410416666666666430e+01,-9.796996608024942377e-02
4.412500000000000000e+01,-9.584388726050888097e-02
4.414583333333332860e+01,-8.208327303527715446e-02
4.416666666666666430e+01,-5.808903181840262969e-02
4.418750000000000000e+01,-2.712533665006481437e-02
4.420833333333332860e+01,6.275765294757445004e-03
4.422916666666666430e+01,3.701741196957703678e-02
4.425000000000000000e+01,6.013894720750057737e-02
4.427083333333332860e+01,7.175441606866661548e-02
4.429166666666666430e+01,6.948043734587433518e-02
4.431250000000000000e+01,5.292568322669616993e-02
4.433333333333332860e+01,2.309774594353193600e-02
4.435416666666666430e+01,-1.790544916912540502e-02
4.437500000000000000e+01,-6.717404258714772258e-02
4.439583333333332860e+01,-1.212565729403896064e-01
4.441666666666666430e+01,-1.761647909653315525e-01
4.443750000000000000e+01,-2.275991623393200103e-01
4.445833333333332860e+01,-2.710114419898975169e-01
4.447916666666666430e+01,-3.017035111012389414e-01
4.450000000000000000e+01,-3.150587110494811327e-01
4.452083333333332860e+01,-3.070345338706668148e-01
4.454166666666666430e+01,-2.748962591369558672e-01
4.456250000000000000e+01,-2.181816930190649262e-01
4.458333333333332860e+01,-1.395779287738683205e-01
4.460416666666666430e+01,-4.495468138988373968e-02
4.462500000000000000e+01,5.035621658618831542e-02
4.464583333333332860e+01,1.270855423996622713e-01
4.466666666666666430e+01,1.756982997725967666e-01
4.468750000000000000e+01,1.964058572889984533e-01
4.470833333333332860e+01,1.943288865368275609e-01
4.472916666666666430e+01,1.753403059676146292e-01
4.475000000000000000e+01,1.441583026124144962e-01
4.477083333333332860e+01,9.885740580715897396e-02
4.479166666666666430e+01,2.366228991927162711e-02
4.481250000000000000e+01,-7.419153906777661844e-02
4.483333333333332860e+01,-1.886323201365532887e-01
4.485416666666666430e+01,-3.143867546526624701e-01
4.487500000000000000e+01,-4.465745019041805208e-01
4.489583333333332860e+01,-5.804187496671249225e-01
4.491666666666666430e+01,-7.108921009541032676e-01
4.493750000000000000e+01,-8.322675732597282217e-01
4.495833333333332860e+01,-9.377045758227220418e-01
4.497916666666666430e+01,-1.019010742400519032e+00
4.500000000000000000e+01,-1.067001910932337427e+00
4.502083333333332860e+01,-1.072546220045464960e+00
4.504166666666666430e+01,-1.036212373682323884e+00
4.506250000000000000e+01,-9.704907149776156317e-01
4.508333333333332860e+01,-8.812545964701018475e-01
4.510416666666666430e+01,-7.795565440294788262e-01
4.512500000000000000e+01,-6.704619807528776620e-01
4.514583333333332860e+01,-5.590497213067701088e-01
4.516666666666666430e+01,-4.503298206995249298e-01
4.518750000000000000e+01,-3.491670534954595118e-01
4.520833333333332860e+01,-2.602108961610458682e-01
4.522916666666666430e+01,-1.878326457207027123e-01
4.525000000000000000e+01,-1.360700492569961173e-01
4.527083333333332860e+01,-1.085795226833252830e-01
4.529166666666666430e+01,-1.085956732894420157e-01
4.531250000000000000e+01,-1.388973843586888135e-01
4.533333333333332860e+01,-2.017792377190451292e-01
4.535416666666666430e+01,-2.990268960271312837e-01
4.537500000000000000e+01,-4.318959625733977403e-01
4.539583333333332860e+01,-6.034823854073585458e-01
4.541666666666666430e+01,-8.058954626702885538e-01
4.543750000000000000e+01,-1.016879012101464586e+00
4.545833333333332860e+01,-1.233119263094202944e+00
4.547916666666666430e+01,-1.455416730920405799e+00
4.550000000000000000e+01,-1.683487006299471345e+00
4.552083333333332860e+01,-1.916984339090560985e+00
4.554166666666666430e+01,-2.155506098926430525e+00
4.556250000000000000e+01,-2.398597576696599898e+00
4.558333333333332860e+01,-2.645757078261901984e+00
4.560416666666666430e+01,-2.896441267147714882e+00
4.562500000000000000e+01,-3.150070712948095597e+00
4.564583333333332860e+01,-3.406035599880326004e+00
4.566666666666666430e+01,-3.663701547223738864e+00
4.568750000000000000e+01,-3.922415491209646277e+00
4.570833333333332860e+01,-4.181511576698651922e+00
4.572916666666666430e+01,-4.440317006790068355e+00
4.575000000000000000e+01,-4.698157799316597050e+00
4.577083333333332860e+01,-4.954364400887373954e+00
4.579166666666666430e+01,-5.208277111635175594e+00
4.581250000000000000e+01,-5.459251276977829193e+00
4.583333333333332860e+01,-5.706662206402148385e+00
4.585416666666666430e+01,-5.949909783409596642e+00
