0.000000000000000000e+00,0.000000000000000000e+00
2.083333333333333218e-02,-4.312847108806995289e-01
4.166666666666666435e-02,-8.633622017970953300e-01
6.250000000000000000e-02,-1.295841665980223878e+00
8.333333333333332871e-02,-1.664470389120033422e+00
1.041666666666666574e-01,-1.867584448696415267e+00
1.250000000000000000e-01,-1.911424566635370192e+00
1.458333333333333148e-01,-1.819698703588439770e+00
1.666666666666666574e-01,-1.623261382299190370e+00
1.875000000000000000e-01,-1.356852566010964045e+00
2.083333333333333148e-01,-1.055467311989544354e+00
2.291666666666666574e-01,-7.505567360933536047e-01
2.500000000000000000e-01,-4.670700092458202612e-01
2.708333333333333148e-01,-2.219398994335398112e-01
2.916666666666666297e-01,-2.402710301128184456e-02
3.125000000000000000e-01,1.248237111761931195e-01
3.333333333333333148e-01,2.280758597346533301e-01
3.541666666666666297e-01,2.926385831056426134e-01
3.750000000000000000e-01,3.270783227950697092e-01
3.958333333333333148e-01,3.400790680087408813e-01
4.166666666666666297e-01,3.393617702816645321e-01
4.375000000000000000e-01,3.311055930004812020e-01
4.583333333333333148e-01,3.197953927216377057e-01
4.791666666666666297e-01,3.083627221071718605e-01
5.000000000000000000e-01,2.984804120457110188e-01
5.208333333333332593e-01,2.908977489949620687e-01
5.416666666666666297e-01,2.857450815824492119e-01
5.625000000000000000e-01,2.827774758664440835e-01
5.833333333333332593e-01,2.815557776082667774e-01
6.041666666666666297e-01,2.815766143505287755e-01
6.250000000000000000e-01,2.823675621993395057e-01
6.458333333333332593e-01,2.835625028982202145e-01
6.666666666666666297e-01,2.849643078075960179e-01
6.875000000000000000e-01,2.865936069107094530e-01
7.083333333333332593e-01,2.887178832042365251e-01
7.291666666666666297e-01,2.918547550329093632e-01
7.500000000000000000e-01,2.967460318696483745e-01
7.708333333333332593e-01,3.043035169804471085e-01
7.916666666666666297e-01,3.155321272992012149e-01
8.125000000000000000e-01,3.314395538414655062e-01
8.333333333333332593e-01,3.529437074180779010e-01
8.541666666666666297e-01,3.807893355345884912e-01
8.750000000000000000e-01,4.154834872905580623e-01
8.958333333333332593e-01,4.572561945164120289e-01
9.166666666666666297e-01,5.060485209190823674e-01
9.375000000000000000e-01,5.615260132699789741e-01
9.583333333333332593e-01,6.231121950434670431e-01
9.791666666666666297e-01,6.900342665868721692e-01
1.000000000000000000e+00,7.613718415312162868e-01
1.020833333333333259e+00,8.360995724341797608e-01
1.041666666666666519e+00,9.131159001153933419e-01
1.062500000000000000e+00,9.912527270531943380e-01
1.083333333333333259e+00,1.069264336283834993e+00
1.104166666666666519e+00,1.145798084694874319e+00
1.125000000000000000e+00,1.219353861520394933e+00
1.145833333333333259e+00,1.288243225098743228e+00
1.166666666666666519e+00,1.350561260031732269e+00
1.187500000000000000e+00,1.404183086973467054e+00
1.208333333333333259e+00,1.446791767910399651e+00
1.229166666666666519e+00,1.475935927306470274e+00
1.250000000000000000e+00,1.489106829212893723e+00
1.270833333333333259e+00,1.483820265480112921e+00
1.291666666666666519e+00,1.457691571337018432e+00
1.312500000000000000e+00,1.408501861665452548e+00
1.333333333333333259e+00,1.334265622521253025e+00
1.354166666666666519e+00,1.233317993855573613e+00
1.375000000000000000e+00,1.104440386824163456e+00
1.395833333333333259e+00,9.470356809816623533e-01
1.416666666666666519e+00,7.613530644163651884e-01
1.437500000000000000e+00,5.487525440469224192e-01
1.458333333333333259e+00,3.119926491635121590e-01
1.479166666666666519e+00,5.555905380305176111e-02
1.500000000000000000e+00,-2.141561154662896815e-01
1.520833333333333259e+00,-4.886824415848623482e-01
1.541666666666666519e+00,-7.575041424534633139e-01
1.562500000000000000e+00,-1.008453800758057683e+00
1.583333333333333259e+00,-1.228567350502268729e+00
1.604166666666666519e+00,-1.405416167548477979e+00
1.625000000000000000e+00,-1.528765315814965442e+00
1.645833333333333259e+00,-1.592229038959115606e+00
1.666666666666666519e+00,-1.594491803260369656e+00
1.687500000000000000e+00,-1.539705632185882189e+00
1.708333333333333259e+00,-1.436879487607317207e+00
1.729166666666666519e+00,-1.298384846159040151e+00
1.750000000000000000e+00,-1.137984427386529829e+00
1.770833333333333259e+00,-9.689106788941289627e-01
1.791666666666666519e+00,-8.024237861729647259e-01
1.812500000000000000e+00,-6.470389639098319545e-01
1.833333333333333259e+00,-5.083707186417005808e-01
1.854166666666666519e+00,-3.894025581287881010e-01
1.875000000000000000e+00,-2.909706693668777100e-01
1.895833333333333259e+00,-2.123026894207816762e-01
1.916666666666666519e+00,-1.515218050400490846e-01
1.937500000000000000e+00,-1.060792972269903045e-01
1.958333333333333259e+00,-7.310815869855528948e-02
1.979166666666666519e+00,-4.970278707144813735e-02
2.000000000000000000e+00,-3.313330686203237729e-02
2.020833333333333037e+00,8.362503696017485610e-02
2.041666666666666519e+00,1.684787111205333643e-01
2.062500000000000000e+00,2.114983067409944573e-01
2.083333333333333037e+00,2.165575531724565628e-01
2.104166666666666519e+00,1.916637797126809206e-01
2.125000000000000000e+00,1.441538673012068283e-01
2.145833333333333037e+00,8.202945863062528764e-02
2.166666666666666519e+00,1.422158597058652101e-02
2.187500000000000000e+00,-5.019079985661759058e-02
2.208333333333333037e+00,-1.032370053093626949e-01
2.229166666666666519e+00,-1.397267295310105073e-01
2.250000000000000000e+00,-1.590602654021694984e-01
2.270833333333333037e+00,-1.672578364525167116e-01
2.291666666666666519e+00,-1.824747485747875153e-01
2.312500000000000000e+00,-2.038506947060464702e-01
2.333333333333333037e+00,-2.278742095414116875e-01
2.354166666666666519e+00,-2.545409723955771586e-01
2.375000000000000000e+00,-2.861369036214072015e-01
2.395833333333333037e+00,-3.255149665752961607e-01
2.416666666666666519e+00,-3.744564482450766230e-01
2.437500000000000000e+00,-4.325868607719612902e-01
2.458333333333333037e+00,-4.968962396369364098e-01
2.479166666666666519e+00,-5.617471761756374082e-01
2.500000000000000000e+00,-6.172021670605438715e-01
2.520833333333333037e+00,-6.542170123849233576e-01
2.541666666666666519e+00,-6.640447464939227551e-01
2.562500000000000000e+00,-6.389189552093152979e-01
2.583333333333333037e+00,-5.725560639847966371e-01
2.604166666666666519e+00,-4.608905489333647298e-01
2.625000000000000000e+00,-3.038293777186499844e-01
2.645833333333333037e+00,-1.071080380884407990e-01
2.666666666666666519e+00,1.150021321781861949e-01
2.687500000000000000e+00,3.398814227389854170e-01
2.708333333333333037e+00,5.407537819142399504e-01
2.729166666666666519e+00,6.929763426000421500e-01
2.750000000000000000e+00,7.804090520640897255e-01
2.770833333333333037e+00,7.990639236218168850e-01
2.791666666666666519e+00,7.569031049682619638e-01
2.812500000000000000e+00,6.704813627118992869e-01
2.833333333333333037e+00,5.602402011590943420e-01
2.854166666666666519e+00,4.460493187141002513e-01
2.875000000000000000e+00,3.437650938641525489e-01
2.895833333333333037e+00,2.633833134251110653e-01
2.916666666666666519e+00,2.086778868711607060e-01
2.937500000000000000e+00,1.777980200650625398e-01
2.958333333333333037e+00,1.643635130520048615e-01
2.979166666666666519e+00,1.588105771145089107e-01
3.000000000000000000e+00,1.498864251638201417e-01
3.020833333333333037e+00,1.230856547413853169e-01
3.041666666666666519e+00,7.032906957910592394e-02
3.062500000000000000e+00,-1.088051981301630874e-02
3.083333333333333037e+00,-1.171116794098266273e-01
3.104166666666666519e+00,-2.385410961861034185e-01
3.125000000000000000e+00,-3.610475266250920967e-01
3.145833333333333037e+00,-4.663429084065339736e-01
3.166666666666666519e+00,-5.340842020752606389e-01
3.187500000000000000e+00,-5.492360363083719221e-01
3.208333333333333037e+00,-5.075530882055582227e-01
3.229166666666666519e+00,-4.169907052353717947e-01
3.250000000000000000e+00,-2.945363432728879127e-01
3.270833333333333037e+00,-1.607839807820100608e-01
3.291666666666666519e+00,-3.497123488005898090e-02
3.312500000000000000e+00,6.816747394380658076e-02
3.333333333333333037e+00,1.396200733553257523e-01
3.354166666666666519e+00,1.759739360084214832e-01
3.375000000000000000e+00,1.785402486965101121e-01
3.395833333333333037e+00,1.520633316141761504e-01
3.416666666666666519e+00,1.035296864354863511e-01
3.437500000000000000e+00,4.136068759207506274e-02
3.458333333333333037e+00,-6.215700444628894511e-02
3.479166666666666519e+00,-1.386090844734853278e-01
3.500000000000000000e+00,-1.468683501310779349e-01
3.520833333333333037e+00,-1.420631534984173328e-01
3.541666666666666519e+00,-1.371571598761029409e-01
3.562500000000000000e+00,-1.321899957138763237e-01
3.583333333333333037e+00,-1.272006174949872059e-01
3.604166666666666519e+00,-1.222269985504878254e-01
3.625000000000000000e+00,-1.173058396946255189e-01
3.645833333333333037e+00,-1.124723049411914949e-01
3.666666666666666519e+00,-1.038635414378438343e-01
3.687500000000000000e+00,-5.151365446565243228e-02
3.708333333333333037e+00,1.316494671213949419e-01
3.729166666666666519e+00,2.945805940580286109e-01
3.750000000000000000e+00,4.135603618822317751e-01
3.770833333333333037e+00,4.788772234239837000e-01
3.791666666666666519e+00,4.857946155354102569e-01
3.812500000000000000e+00,4.367577292324616445e-01
3.833333333333333037e+00,3.433530814595520675e-01
3.854166666666666519e+00,2.290553640477537845e-01
3.875000000000000000e+00,1.788451149453317290e-01
3.895833333333333037e+00,2.276270047620962411e-01
3.916666666666666519e+00,2.866325003951419315e-01
3.937500000000000000e+00,2.848956500851837492e-01
3.958333333333333037e+00,2.832155960995939026e-01
3.979166666666666519e+00,2.815923963674215602e-01
4.000000000000000000e+00,2.800260805327060565e-01
4.020833333333333037e+00,2.945167279572757923e-01
4.041666666666666075e+00,3.052818489012445458e-01
4.062500000000000000e+00,2.189548430108672616e-01
4.083333333333333037e+00,1.124942656449480077e-01
4.104166666666666075e+00,1.198556557568324632e-01
4.125000000000000000e+00,2.402391164978977534e-01
4.145833333333333037e+00,4.274185749056562678e-01
4.166666666666666075e+00,6.358057207422689316e-01
4.187500000000000000e+00,8.287207161949385892e-01
4.208333333333333037e+00,1.003459613328239852e+00
4.229166666666666075e+00,1.067192478158090818e+00
4.250000000000000000e+00,1.062706944402415532e+00
4.270833333333333037e+00,1.058299341450154918e+00
4.291666666666666075e+00,1.053962943490098114e+00
4.312500000000000000e+00,1.049690964673960725e+00
4.333333333333333037e+00,1.045476620335333173e+00
4.354166666666666075e+00,1.041313185232315863e+00
4.375000000000000000e+00,1.037194048421851145e+00
4.395833333333333037e+00,1.033112764433291586e+00
4.416666666666666075e+00,1.029063100467197067e+00
4.437500000000000000e+00,1.025039079402199294e+00
4.458333333333333037e+00,1.008043190900182351e+00
4.479166666666666075e+00,9.681832493377071636e-01
4.500000000000000000e+00,9.010767363215835823e-01
4.520833333333333037e+00,7.150305531829421746e-01
4.541666666666666075e+00,3.076719151484491044e-01
4.562500000000000000e+00,-2.735891731606950872e-01
4.583333333333333037e+00,-9.802375196693410286e-01
4.604166666666666075e+00,-1.755422895383323079e+00
4.625000000000000000e+00,-2.548240694899428060e+00
4.645833333333333037e+00,-3.313298166445258097e+00
4.666666666666666075e+00,-4.010194006651849996e+00
4.687500000000000000e+00,-4.604601348874410860e+00
4.708333333333333037e+00,-5.045052171233189497e+00
4.729166666666666075e+00,-5.303565118829274283e+00
4.750000000000000000e+00,-5.310288206894299812e+00
4.770833333333333037e+00,-5.257412662859636043e+00
4.791666666666666075e+00,-5.228298434699389929e+00
4.812500000000000000e+00,-5.195390732694751712e+00
4.833333333333333037e+00,-5.158922590476156422e+00
4.854166666666666075e+00,-5.119200340967718255e+00
4.875000000000000000e+00,-5.076593575417951421e+00
4.895833333333333037e+00,-5.031524311254196746e+00
4.916666666666666075e+00,-4.984455654845706185e+00
4.937500000000000000e+00,-4.935880234621891738e+00
4.958333333333333037e+00,-4.886308664201046703e+00
4.979166666666666075e+00,-4.836258275077893742e+00
5.000000000000000000e+00,-4.786242334843766599e+00
5.020833333333333037e+00,-4.692872711482104719e+00
5.041666666666666075e+00,-4.478935912840758427e+00
5.062500000000000000e+00,-4.133738382443309156e+00
5.083333333333333037e+00,-3.747760315498502859e+00
5.104166666666666075e+00,-3.377569056074454235e+00
5.125000000000000000e+00,-3.023974706844109406e+00
5.145833333333333037e+00,-2.688705990120889844e+00
5.166666666666666075e+00,-2.365771363693667695e+00
5.187500000000000000e+00,-2.033157633904800310e+00
5.208333333333333037e+00,-1.851752859642243898e+00
5.229166666666666075e+00,-1.863129860659403780e+00
5.250000000000000000e+00,-1.876098051335906014e+00
5.270833333333333037e+00,-1.890479363716817129e+00
5.291666666666666075e+00,-1.906091239208937305e+00
5.312500000000000000e+00,-1.922748058971756269e+00
5.333333333333333037e+00,-1.940262535311696013e+00
5.354166666666666075e+00,-1.958447055938337567e+00
5.375000000000000000e+00,-1.977114973755824456e+00
5.395833333333333037e+00,-1.996081835680684202e+00
5.416666666666666075e+00,-2.015166544792230230e+00
5.437500000000000000e+00,-1.811784671544868441e+00
5.458333333333333037e+00,-9.896289854238810024e-01
5.479166666666666075e+00,-1.943400668017974675e-01
5.500000000000000000e+00,5.511069261910523931e-01
5.520833333333333037e+00,1.427489459571343322e-01
5.541666666666666075e+00,-2.613363936368933160e-01
5.562500000000000000e+00,-6.622665178223730020e-01
5.583333333333333037e+00,-1.063025319200368912e+00
5.604166666666666075e+00,-1.465297349217486111e+00
5.625000000000000000e+00,-1.869919593355946041e+00
5.645833333333333037e+00,-2.143818919714155058e+00
5.666666666666666075e+00,-2.247524382250178476e+00
5.687500000000000000e+00,-2.202611140817737567e+00
5.708333333333333037e+00,-2.040657059456886913e+00
5.729166666666666075e+00,-1.795528200033173594e+00
5.750000000000000000e+00,-1.499905089073041653e+00
5.770833333333333037e+00,-1.182706048557013556e+00
5.791666666666666075e+00,-8.674712587985353718e-01
5.812500000000000000e+00,-5.717648838045102933e-01
5.833333333333333037e+00,-3.074029635223592405e-01
5.854166666666666075e+00,-8.120809361196743015e-02
5.875000000000000000e+00,1.039762144790458281e-01
5.895833333333333037e+00,2.482259029741619716e-01
5.916666666666666075e+00,3.536713684277787428e-01
5.937500000000000000e+00,4.237904784413567549e-01
5.958333333333333037e+00,4.628380176954468572e-01
5.979166666666666075e+00,4.754533171739457886e-01
6.000000000000000000e+00,4.664096925261759785e-01
6.020833333333333037e+00,4.404433169783966706e-01
6.041666666666666075e+00,4.021102090484427460e-01
6.062500000000000000e+00,3.556480719325006978e-01
6.083333333333333037e+00,3.048478037422676645e-01
6.104166666666666075e+00,2.529551968480620028e-01
6.125000000000000000e+00,2.026229334692126183e-01
6.145833333333333037e+00,1.559188284635734945e-01
6.166666666666666075e+00,1.143782931684250159e-01
6.187500000000000000e+00,7.908355813110279353e-02
6.208333333333333037e+00,5.075356749842888787e-02
6.229166666666666075e+00,2.982803848421329562e-02
6.250000000000000000e+00,1.653295566074083206e-02
6.270833333333333037e+00,1.092204454948516278e-02
6.291666666666666075e+00,1.289561150524202483e-02
6.312500000000000000e+00,2.220296067077600841e-02
6.333333333333333037e+00,3.843721399555508067e-02
6.354166666666666075e+00,6.103223059008205248e-02
6.375000000000000000e+00,8.927127909428228536e-02
6.395833333333333037e+00,1.223146435932520731e-01
6.416666666666666075e+00,1.592477250726594407e-01
6.437500000000000000e+00,1.991469896648926374e-01
6.458333333333333037e+00,2.411585172459089210e-01
6.479166666666666075e+00,2.845821130590074910e-01
6.500000000000000000e+00,3.289537374372816791e-01
6.520833333333333037e+00,3.741202746283435743e-01
6.541666666666666075e+00,4.203025442877775797e-01
6.562500000000000000e+00,4.681438776104740462e-01
6.583333333333333037e+00,5.187416163541012093e-01
6.604166666666666075e+00,5.736569625577289111e-01
6.625000000000000000e+00,6.348942459166114771e-01
6.645833333333333037e+00,7.048332495874930492e-01
6.666666666666666075e+00,7.860872456335934455e-01
6.687500000000000000e+00,8.812459747569756363e-01
6.708333333333333037e+00,9.924529424064845173e-01
6.729166666666666075e+00,1.120775698468577275e+00
6.750000000000000000e+00,1.265383793326262607e+00
6.770833333333333037e+00,1.422678830596202371e+00
6.791666666666666075e+00,1.585707276663293142e+00
6.812500000000000000e+00,1.744309743990979822e+00
6.833333333333333037e+00,1.886320711587546217e+00
6.854166666666666075e+00,1.999651093309561478e+00
6.875000000000000000e+00,2.074526689158501469e+00
6.895833333333333037e+00,2.104986352000890015e+00
6.916666666666666075e+00,2.089151039569301371e+00
6.937500000000000000e+00,2.028439187898217533e+00
6.958333333333333037e+00,1.926339846942292100e+00
6.979166666666666075e+00,1.787355054982496583e+00
7.000000000000000000e+00,1.616428859350996339e+00
7.020833333333333037e+00,1.418854114048848869e+00
7.041666666666666075e+00,1.200455276131763283e+00
7.062500000000000000e+00,9.678069038607769459e-01
7.083333333333333037e+00,7.283060334250629486e-01
7.104166666666666075e+00,4.900089383027769752e-01
7.125000000000000000e+00,2.612301599191759194e-01
7.145833333333333037e+00,4.996733608976483554e-02
7.166666666666666075e+00,-1.367460333444966147e-01
7.187500000000000000e+00,-2.934461772976749150e-01
7.208333333333333037e+00,-4.167013308533917826e-01
7.229166666666666075e+00,-5.053584692441583925e-01
7.250000000000000000e+00,-5.605414911525645749e-01
7.270833333333333037e+00,-5.854092872483107612e-01
7.291666666666666075e+00,-5.847190225443659184e-01
7.312500000000000000e+00,-5.642664850144657462e-01
7.333333333333333037e+00,-5.302871780060247620e-01
7.354166666666666075e+00,-4.888974256379116645e-01
7.375000000000000000e+00,-4.456364777583723957e-01
7.395833333333333037e+00,-4.051441612882963339e-01
7.416666666666666075e+00,-3.709810498222222419e-01
7.437500000000000000e+00,-3.455756645177199271e-01
7.458333333333333037e+00,-3.302698119117133402e-01
7.479166666666666075e+00,-3.254293476577045374e-01
7.500000000000000000e+00,-3.305910330986322476e-01
7.520833333333333037e+00,3.587540792044537352e-01
7.541666666666666075e+00,9.711241614905515851e-01
7.562500000000000000e+00,1.326235077039907617e+00
7.583333333333333037e+00,1.431257308059311617e+00
7.604166666666666075e+00,1.309188873409246057e+00
7.625000000000000000e+00,9.894259469481311298e-01
7.645833333333333037e+00,5.105264975043229958e-01
7.666666666666666075e+00,-7.908949705199314062e-02
7.687500000000000000e+00,-7.233458790587385945e-01
7.708333333333333037e+00,-1.333829803908840539e+00
7.729166666666666075e+00,-1.882027668937786835e+00
7.750000000000000000e+00,-2.354235056915209512e+00
7.770833333333333037e+00,-2.677315559123920607e+00
7.791666666666666075e+00,-2.836882174901421472e+00
7.812500000000000000e+00,-2.827265961227302782e+00
7.833333333333333037e+00,-2.656469172066896700e+00
7.854166666666666075e+00,-2.391586791231714137e+00
7.875000000000000000e+00,-2.134115128140352091e+00
7.895833333333333037e+00,-1.975411999762340498e+00
7.916666666666666075e+00,-1.976995674153749993e+00
7.937500000000000000e+00,-2.153349567773400697e+00
7.958333333333333037e+00,-2.454914248069719918e+00
7.979166666666666075e+00,-2.765847168306106330e+00
8.000000000000000000e+00,-3.073680229227468974e+00
8.020833333333332149e+00,-3.327018976741489276e+00
8.041666666666666075e+00,-3.473807656622213358e+00
8.062500000000000000e+00,-3.464673629890114626e+00
8.083333333333332149e+00,-3.257113195858193144e+00
8.104166666666666075e+00,-2.819955259369533174e+00
8.125000000000000000e+00,-2.140144266652755256e+00
8.145833333333332149e+00,-1.433404639918381740e+00
8.166666666666666075e+00,-7.003653511888349170e-01
8.187500000000000000e+00,1.813729160557768505e-02
8.208333333333332149e+00,7.288346295630035998e-01
8.229166666666666075e+00,1.438644157085772424e+00
8.250000000000000000e+00,2.154231036572568758e+00
8.270833333333332149e+00,2.881854963235628730e+00
8.291666666666666075e+00,3.627384838744072137e+00
8.312500000000000000e+00,4.289999031111056738e+00
8.333333333333332149e+00,4.633096704617472028e+00
8.354166666666666075e+00,4.685708760621907665e+00
8.375000000000000000e+00,4.527600540873224944e+00
8.395833333333332149e+00,4.247616127016510923e+00
8.416666666666666075e+00,3.917254459110310449e+00
8.437500000000000000e+00,3.575516750073069350e+00
8.458333333333332149e+00,3.228337283924448187e+00
8.479166666666666075e+00,2.856428255174340070e+00
8.500000000000000000e+00,2.412292880300969333e+00
8.520833333333332149e+00,1.874866487806891246e+00
8.541666666666666075e+00,1.325563807559336338e+00
8.562500000000000000e+00,7.267634730862116976e-01
8.583333333333332149e+00,3.827111523609012106e-02
8.604166666666666075e+00,-7.404031426872916821e-01
8.625000000000000000e+00,-1.556997079604011569e+00
8.645833333333332149e+00,-2.366964196482099325e+00
8.666666666666666075e+00,-3.152033173954547962e+00
8.687500000000000000e+00,-3.832422561041169295e+00
8.708333333333332149e+00,-4.106908720839125948e+00
8.729166666666666075e+00,-3.963024815155079317e+00
8.750000000000000000e+00,-3.537205874498063007e+00
8.770833333333332149e+00,-3.027357231903820889e+00
8.791666666666666075e+00,-2.476942643771175234e+00
8.812500000000000000e+00,-1.921669990030457464e+00
8.833333333333332149e+00,-1.456814491545942669e+00
8.854166666666666075e+00,-1.111114392834903875e+00
8.875000000000000000e+00,-8.758805591472244023e-01
8.895833333333332149e+00,-7.366799979313991553e-01
8.916666666666666075e+00,-7.169654307040611574e-01
8.937500000000000000e+00,-7.946530625759279376e-01
8.958333333333332149e+00,-7.913274829796357324e-01
8.979166666666666075e+00,-7.880153254783162087e-01
9.000000000000000000e+00,-7.847176874076826625e-01
9.020833333333332149e+00,-7.814356794573449339e-01
9.041666666666666075e+00,-7.781704168752361372e-01
9.062500000000000000e+00,-7.749230110340979971e-01
9.083333333333332149e+00,-7.716945613966212925e-01
9.104166666666666075e+00,-7.684861479111085858e-01
9.125000000000000000e+00,-7.652988238648694708e-01
9.145833333333332149e+00,-7.621336092180228672e-01
9.166666666666666075e+00,-7.589914844359723078e-01
9.187500000000000000e+00,-7.558733848345653428e-01
9.208333333333332149e+00,-7.505152219130543090e-01
9.229166666666666075e+00,-7.388978155064145348e-01
9.250000000000000000e+00,-7.013210817326424040e-01
9.270833333333332149e+00,-5.375901489910893671e-01
9.291666666666666075e+00,-1.503901397613632285e-01
9.312500000000000000e+00,4.145963581232713357e-01
9.333333333333332149e+00,1.091307154157807435e+00
9.354166666666666075e+00,1.825624817813313649e+00
9.375000000000000000e+00,2.569831827218334475e+00
9.395833333333332149e+00,3.280897090443246622e+00
9.416666666666666075e+00,3.922232969074274322e+00
9.437500000000000000e+00,4.466096477168883361e+00
9.458333333333332149e+00,4.791784561301564160e+00
9.479166666666666075e+00,4.912912543391311004e+00
9.500000000000000000e+00,4.886600903157330755e+00
9.520833333333332149e+00,4.856699156628362601e+00
9.541666666666666075e+00,4.823415008404523974e+00
9.562500000000000000e+00,4.787013692884208638e+00
9.583333333333332149e+00,4.747810621648854479e+00
9.604166666666666075e+00,4.706163515255552987e+00
9.625000000000000000e+00,4.662464194970209697e+00
9.645833333333332149e+00,4.617130203685069212e+00
9.666666666666666075e+00,4.570596416328895906e+00
9.687500000000000000e+00,4.466670643036927402e+00
9.708333333333332149e+00,4.329500474236941621e+00
9.729166666666666075e+00,4.191635970314314008e+00
9.750000000000000000e+00,4.049332099825686981e+00
9.770833333333332149e+00,3.896213605045154349e+00
9.791666666666666075e+00,3.723726889896224357e+00
9.812500000000000000e+00,3.522855919325885043e+00
9.833333333333332149e+00,3.287118533836444367e+00
9.854166666666666075e+00,3.016476875166398841e+00
9.875000000000000000e+00,2.721177216475541005e+00
9.895833333333332149e+00,2.423878951390698422e+00
9.916666666666666075e+00,2.158171951970023983e+00
9.937500000000000000e+00,1.962174902276943245e+00
9.958333333333332149e+00,1.867588567795776200e+00
9.979166666666666075e+00,1.876904637698084688e+00
1.000000000000000000e+01,1.887059444800674113e+00
1.002083333333333215e+01,1.897953530726880222e+00
1.004166666666666607e+01,1.909486000307190290e+00
1.006250000000000000e+01,1.921555089250124304e+00
1.008333333333333215e+01,1.934058716886186913e+00
1.010416666666666607e+01,1.946895021594260644e+00
1.012500000000000000e+01,1.959962876726588199e+00
1.014583333333333215e+01,1.973162385056893120e+00
1.016666666666666607e+01,1.986395349984872105e+00
1.018750000000000000e+01,1.999565721938076690e+00
1.020833333333333215e+01,2.012580018617896815e+00
1.022916666666666607e+01,2.025347717938934977e+00
1.025000000000000000e+01,2.037781622709518903e+00
1.027083333333333215e+01,2.049798196294573938e+00
1.029166666666666607e+01,2.061317868689751975e+00
1.031250000000000000e+01,0.000000000000000000e+00
1.033333333333333215e+01,-4.425017638566410838e-01
1.035416666666666607e+01,-8.860775493941323022e-01
1.037500000000000000e+01,-1.331158323430220003e+00
1.039583333333333215e+01,-1.777904430417633908e+00
1.041666666666666607e+01,-2.091895695802217237e+00
1.043750000000000000e+01,-2.216729492842720806e+00
1.045833333333333215e+01,-2.173689080474741520e+00
1.047916666666666607e+01,-1.998465023279474062e+00
1.050000000000000000e+01,-1.731207832646644906e+00
1.052083333333333215e+01,-1.411670367956499916e+00
1.054166666666666607e+01,-1.075210950717598424e+00
1.056250000000000000e+01,-7.500818588171542789e-01
1.058333333333333215e+01,-4.563143148370334412e-01
1.060416666666666607e+01,-2.059723678567328686e-01
1.062500000000000000e+01,-4.293409800300114140e-03
1.064583333333333215e+01,1.487394791604439159e-01
1.066666666666666607e+01,2.568124821371349231e-01
1.068750000000000000e+01,3.258679823467328651e-01
1.070833333333333215e+01,3.628671570107452338e-01
1.072916666666666607e+01,3.748477177416770223e-01
1.075000000000000000e+01,3.683142602408013833e-01
1.077083333333333215e+01,3.489190248878870082e-01
1.079166666666666607e+01,3.213565242361540175e-01
1.081250000000000000e+01,2.893899021462763566e-01
1.083333333333333215e+01,2.559408459233717403e-01
1.085416666666666607e+01,2.231981022826513006e-01
1.087500000000000000e+01,1.927225233862093490e-01
1.089583333333333215e+01,1.655422908123320158e-01
1.091666666666666607e+01,1.422399990135863601e-01
1.093750000000000000e+01,1.230374130025555096e-01
1.095833333333333215e+01,1.078827431241775880e-01
1.097916666666666607e+01,9.654000816062853485e-02
1.100000000000000000e+01,8.867556725484060376e-02
1.102083333333333215e+01,8.393504792001774129e-02
1.104166666666666607e+01,8.200426634478105714e-02
1.106250000000000000e+01,8.264967042734039371e-02
1.108333333333333215e+01,8.573663859030812573e-02
1.110416666666666607e+01,9.122518246663036123e-02
1.112500000000000000e+01,9.914834846389290746e-02
1.114583333333333215e+01,1.095861459534420435e-01
1.116666666666666607e+01,1.226312107842573718e-01
1.118750000000000000e+01,1.383554744860274466e-01
1.120833333333333215e+01,1.567846558516176048e-01
1.122916666666666607e+01,1.778842601244692012e-01
1.125000000000000000e+01,2.015586569616164836e-01
1.127083333333333215e+01,2.276629650225914792e-01
1.129166666666666607e+01,2.560259953537266653e-01
1.131250000000000000e+01,2.864813527834457751e-01
1.133333333333333215e+01,3.189031258826121040e-01
1.135416666666666607e+01,3.532424586071303274e-01
1.137500000000000000e+01,3.895615321402551845e-01
1.139583333333333215e+01,4.280618500581953034e-01
1.141666666666666607e+01,4.691039777906609309e-01
1.143750000000000000e+01,5.132158582959727156e-01
1.145833333333333215e+01,5.610864076661663535e-01
1.147916666666666607e+01,6.135402771337447048e-01
1.150000000000000000e+01,6.714885673435079250e-01
1.152083333333333215e+01,7.358492217630033805e-01
1.154166666666666607e+01,8.074305001348294208e-01
1.156250000000000000e+01,8.867726014614820684e-01
1.158333333333333215e+01,9.739480974693831561e-01
1.160416666666666607e+01,1.068333564339996489e+00
1.162500000000000000e+01,1.168383732113928986e+00
1.164583333333333215e+01,1.271462752777222871e+00
1.166666666666666607e+01,1.373804992676388226e+00
1.168750000000000000e+01,1.470673588067884507e+00
1.170833333333333215e+01,1.556744052604323691e+00
1.172916666666666607e+01,1.626665123425162562e+00
1.175000000000000000e+01,1.675670568122166637e+00
1.177083333333333215e+01,1.700081022863303204e+00
1.179166666666666607e+01,1.697573494071397793e+00
1.181250000000000000e+01,1.667191543999847925e+00
1.183333333333333215e+01,1.609167616191026884e+00
1.185416666666666607e+01,1.524678906973258474e+00
1.187500000000000000e+01,1.415644424427206394e+00
1.189583333333333215e+01,1.284699669496845331e+00
1.191666666666666607e+01,1.136141764282816213e+00
1.193750000000000000e+01,9.729095925506975329e-01
1.195833333333333215e+01,7.986049750479770060e-01
1.197916666666666607e+01,6.175547939635633865e-01
1.200000000000000000e+01,4.346697980689515073e-01
1.202083333333333215e+01,2.552079062239354657e-01
1.204166666666666607e+01,8.446062381151253629e-02
1.206250000000000000e+01,-7.260682438065221844e-02
1.208333333333333215e+01,-2.117189498758575150e-01
1.210416666666666607e+01,-3.296104348115230787e-01
1.212500000000000000e+01,-4.242617107340163618e-01
1.214583333333333215e+01,-4.950196958710050832e-01
1.216666666666666607e+01,-5.425899764080919230e-01
1.218750000000000000e+01,-5.689044744758066097e-01
1.220833333333333215e+01,-5.768850657339601451e-01
1.222916666666666607e+01,-5.701717751966099978e-01
1.225000000000000000e+01,-5.528653414199847793e-01
1.227083333333333215e+01,-5.290610238903292739e-01
1.229166666666666607e+01,-5.025392199677154448e-01
1.231250000000000000e+01,-4.765351189945374322e-01
1.233333333333333215e+01,2.248872524937435002e-01
1.235416666666666607e+01,8.814331639039124644e-01
1.237500000000000000e+01,1.326821519953584660e+00
1.239583333333333215e+01,1.519932299075040349e+00
1.241666666666666607e+01,1.481294037754140813e+00
1.243750000000000000e+01,1.240449823171468680e+00
1.245833333333333215e+01,8.352184272396099285e-01
1.247916666666666607e+01,3.118973682640309719e-01
1.250000000000000000e+01,-2.771408008029127568e-01
1.252083333333333215e+01,-8.771565037476154458e-01
1.254166666666666607e+01,-1.434872259130768768e+00
1.256250000000000000e+01,-1.902454437048824110e+00
1.258333333333333215e+01,-2.242809923830950680e+00
1.260416666666666607e+01,-2.437483051690992220e+00
1.262500000000000000e+01,-2.501103336300690483e+00
1.264583333333333215e+01,-2.480963964973017521e+00
1.266666666666666607e+01,-2.440010951360440661e+00
1.268750000000000000e+01,-2.409300223678834563e+00
1.270833333333333215e+01,-2.410027459634668023e+00
1.272916666666666607e+01,-2.467784744418763498e+00
1.275000000000000000e+01,-2.598869360876502554e+00
1.277083333333333215e+01,-2.800461903392208463e+00
1.279166666666666607e+01,-3.051602068173022708e+00
1.281250000000000000e+01,-3.319771861124460877e+00
1.283333333333333215e+01,-3.566689911810621894e+00
1.285416666666666607e+01,-3.751281383981404094e+00
1.287500000000000000e+01,-3.831030444257994994e+00
1.289583333333333215e+01,-3.763475600711490898e+00
1.291666666666666607e+01,-3.508861100553354539e+00
1.293750000000000000e+01,-3.034484023635891869e+00
1.295833333333333215e+01,-2.395543705444287408e+00
1.297916666666666607e+01,-1.776304596877447350e+00
1.300000000000000000e+01,-1.166506578924933146e+00
1.302083333333333215e+01,-5.551459292534295376e-01
1.304166666666666607e+01,6.481627100209580439e-02
1.306250000000000000e+01,6.946519474129450034e-01
1.308333333333333215e+01,1.332531801252555992e+00
1.310416666666666607e+01,1.972595164015515490e+00
1.312500000000000000e+01,2.608628910203778517e+00
1.314583333333333215e+01,3.235493284213005527e+00
1.316666666666666607e+01,3.850309733306027660e+00
1.318750000000000000e+01,4.453461458839455211e+00
1.320833333333333215e+01,5.044902762478314706e+00
1.322916666666666607e+01,5.622632396865173021e+00
1.325000000000000000e+01,6.188348634427278228e+00
1.327083333333333215e+01,6.555424596901817225e+00
1.329166666666666607e+01,6.660181449150207378e+00
1.331250000000000000e+01,6.432437060646715388e+00
1.333333333333333215e+01,5.922386796565457523e+00
1.335416666666666607e+01,5.280829960532729572e+00
1.337500000000000000e+01,4.650787169337078808e+00
1.339583333333333215e+01,4.019289130949950994e+00
1.341666666666666607e+01,3.395304783329064158e+00
1.343750000000000000e+01,2.776905171418083906e+00
1.345833333333333215e+01,2.166491222138065442e+00
1.347916666666666607e+01,1.575520157711791658e+00
1.350000000000000000e+01,1.013665045411777932e+00
1.352083333333333215e+01,4.838227748049218624e-01
1.354166666666666607e+01,-1.710583725255101703e-02
1.356250000000000000e+01,-4.960262159652338299e-01
1.358333333333333215e+01,-9.617179385217550225e-01
1.360416666666666607e+01,-1.423671418203394490e+00
1.362500000000000000e+01,-1.890876868638182051e+00
1.364583333333333215e+01,-2.371038069569916029e+00
1.366666666666666607e+01,-2.870578380017768438e+00
1.368750000000000000e+01,-3.395403972391320302e+00
1.370833333333333215e+01,-3.952051194249316612e+00
1.372916666666666607e+01,-4.559800220957542116e+00
1.375000000000000000e+01,-4.747014108491276474e+00
1.377083333333333215e+01,-4.705734957971901444e+00
1.379166666666666607e+01,-4.664644525446814072e+00
1.381250000000000000e+01,-4.623946869404075954e+00
1.383333333333333215e+01,-4.583836696148046563e+00
1.385416666666666607e+01,-4.544497310100924281e+00
1.387500000000000000e+01,-4.506098822920346691e+00
1.389583333333333215e+01,-4.468796627621426154e+00
1.391666666666666607e+01,-4.432730139959726756e+00
1.393750000000000000e+01,-4.398021805697669429e+00
1.395833333333333215e+01,-4.364776369063244843e+00
1.397916666666666607e+01,-4.333080394732125029e+00
1.400000000000000000e+01,-4.303002033031778417e+00
1.402083333333333215e+01,-4.274591015782450931e+00
1.404166666666666607e+01,-4.247878868253467388e+00
1.406250000000000000e+01,-4.222879321118083062e+00
1.408333333333333215e+01,-4.199588905025910535e+00
1.410416666666666607e+01,-4.177987709465426747e+00
1.412500000000000000e+01,-4.158040286943640140e+00
1.414583333333333215e+01,-4.139696683147201739e+00
1.416666666666666607e+01,-4.014564507599045484e+00
1.418750000000000000e+01,-3.751049755383805362e+00
1.420833333333333215e+01,-3.740678684856721059e+00
1.422916666666666607e+01,-3.730919762152328012e+00
1.425000000000000000e+01,-3.721717922061992034e+00
1.427083333333333215e+01,-3.713016280628672394e+00
1.429166666666666607e+01,-3.704756625814284110e+00
1.431250000000000000e+01,-3.696879897177321350e+00
1.433333333333333215e+01,-3.689326651335107510e+00
1.435416666666666607e+01,-3.682037510288795445e+00
1.437500000000000000e+01,-3.674953589997152381e+00
1.439583333333333215e+01,-3.668016906894311369e+00
1.441666666666666607e+01,-3.661170760354400588e+00
1.443750000000000000e+01,-3.654360089409713908e+00
1.445833333333333215e+01,-3.647531802326709371e+00
1.447916666666666607e+01,0.000000000000000000e+00
1.450000000000000000e+01,-3.807965102353846332e-01
1.452083333333333215e+01,-7.604618960282750750e-01
1.454166666666666607e+01,-1.139781682953512787e+00
1.456250000000000000e+01,-1.519386552953777114e+00
1.458333333333333215e+01,-1.899678993717084374e+00
1.460416666666666607e+01,-2.153084741160534499e+00
1.462500000000000000e+01,-2.256683894861236883e+00
1.464583333333333215e+01,-2.226576208118200562e+00
1.466666666666666607e+01,-2.086187393812043211e+00
1.468750000000000000e+01,-1.861922464068012095e+00
1.470833333333333215e+01,-1.580901959877758500e+00
1.472916666666666607e+01,-1.268933396927194091e+00
1.475000000000000000e+01,-9.489073545169622870e-01
1.477083333333333215e+01,-6.397892952937753730e-01
1.479166666666666607e+01,-3.561893134206433054e-01
1.481250000000000000e+01,-1.083776411343932433e-01
1.483333333333333215e+01,9.739783355745801341e-02
1.485416666666666607e+01,2.584010482609346848e-01
1.487500000000000000e+01,3.749011190710568320e-01
1.489583333333333215e+01,4.496191488032916239e-01
1.491666666666666607e+01,4.870824461471157663e-01
1.493750000000000000e+01,4.929925242555814324e-01
1.495833333333333215e+01,4.736579658909803592e-01
1.497916666666666607e+01,4.355158416269175325e-01
1.500000000000000000e+01,3.847504029902884537e-01
1.502083333333333215e+01,3.270068608319073866e-01
1.504166666666666607e+01,2.671920723908534079e-01
1.506250000000000000e+01,2.093525056458130640e-01
1.508333333333333215e+01,1.566206672847260672e-01
1.510416666666666607e+01,1.112214289306548282e-01
1.512500000000000000e+01,7.452938926700514166e-02
1.514583333333333215e+01,4.716943839565825719e-02
1.516666666666666607e+01,2.915180703824419781e-02
1.518750000000000000e+01,2.002933135341932250e-02
1.520833333333333215e+01,1.906278954976516407e-02
1.522916666666666607e+01,2.538128418867263009e-02
1.525000000000000000e+01,3.812782467676949227e-02
1.527083333333333215e+01,5.658470085435350627e-02
1.529166666666666607e+01,8.027835510932321283e-02
1.531250000000000000e+01,1.090688237440116393e-01
1.533333333333333215e+01,1.432342203558910343e-01
1.535416666666666607e+01,1.835662591720099990e-01
1.537500000000000000e+01,2.314988110800269561e-01
1.539583333333333215e+01,2.892983290740882008e-01
1.541666666666666607e+01,3.603520649318657232e-01
1.543750000000000000e+01,4.495920870658210444e-01
1.545833333333333215e+01,5.640696663622039031e-01
1.547916666666666607e+01,7.135824160544954609e-01
1.550000000000000000e+01,9.108966609853090812e-01
1.552083333333333215e+01,1.170234016011411970e+00
1.554166666666666607e+01,1.501414567858130100e+00
1.556250000000000000e+01,1.897758510177024460e+00
1.558333333333333215e+01,2.323706251067578332e+00
1.560416666666666607e+01,2.718142903909801511e+00
1.562500000000000000e+01,3.018494382239909068e+00
1.564583333333333215e+01,3.184734150148257115e+00
1.566666666666666607e+01,3.208249712357801098e+00
1.568750000000000000e+01,3.107262262256676788e+00
1.570833333333333215e+01,2.911251620469422097e+00
1.572916666666666607e+01,2.650488104515861476e+00
1.575000000000000000e+01,2.345900848887720436e+00
1.577083333333333215e+01,2.012178103610601898e+00
1.579166666666666607e+01,1.659647110100451961e+00
1.581250000000000000e+01,1.296404611816646124e+00
1.583333333333333215e+01,9.309063127833544504e-01
1.585416666666666607e+01,5.732039934799324499e-01
1.587500000000000000e+01,2.349778473584916982e-01
1.589583333333333215e+01,-7.133190889907600751e-02
1.591666666666666607e+01,-3.339220375303498800e-01
1.593750000000000000e+01,-5.431596419015018995e-01
1.595833333333333215e+01,-6.928973816147199205e-01
1.597916666666666607e+01,-7.813087679017682863e-01
1.600000000000000000e+01,-8.111078359745462762e-01
1.602083333333333215e+01,-7.891475284752210717e-01
1.604166666666666430e+01,-7.255024353971620821e-01
1.606250000000000000e+01,-6.322221175720589281e-01
1.608333333333333215e+01,-5.219807716721446278e-01
1.610416666666666430e+01,-4.068294662460809619e-01
1.612500000000000000e+01,-2.971982287803726641e-01
1.614583333333333215e+01,-2.012517656030381463e-01
1.616666666666666430e+01,-1.246385801627723222e-01
1.618750000000000000e+01,-7.058250559401246793e-02
1.620833333333333215e+01,-4.020918600687384270e-02
1.622916666666666430e+01,-3.298967242060296678e-02
1.625000000000000000e+01,-4.720115100847204620e-02
1.627083333333333215e+01,-8.033156564820755074e-02
1.629166666666666430e+01,-1.293878515016957387e-01
1.631250000000000000e+01,-1.911270288492920300e-01
1.633333333333333215e+01,-2.621999615521787841e-01
1.635416666666666430e+01,-3.392316452876507071e-01
1.637500000000000000e+01,-4.188722531135410931e-01
1.639583333333333215e+01,-4.978486312329494234e-01
1.641666666666666430e+01,-5.730410809933932370e-01
1.643750000000000000e+01,-6.415982006207192612e-01
1.645833333333333215e+01,-7.010868658559843425e-01
1.647916666666666430e+01,-7.496589783614932001e-01
1.650000000000000000e+01,-2.188851838507718806e-01
1.652083333333333215e+01,1.344593629642968635e-01
1.654166666666666430e+01,2.563202145703634693e-01
1.656250000000000000e+01,1.640065458570017787e-01
1.658333333333333215e+01,-1.165337312867288783e-01
1.660416666666666430e+01,-5.592567546320381666e-01
1.662500000000000000e+01,-1.108846896860751885e+00
1.664583333333333215e+01,-1.656059351611070429e+00
1.666666666666666430e+01,-2.085102128138969224e+00
1.668750000000000000e+01,-2.309587275099587611e+00
1.670833333333333215e+01,-2.302651617781073412e+00
1.672916666666666430e+01,-2.095140857067289364e+00
1.675000000000000000e+01,-1.758810783879286799e+00
1.677083333333333215e+01,-1.379006526298346413e+00
1.679166666666666430e+01,-1.029332652496255829e+00
1.681250000000000000e+01,-7.586552189882964647e-01
1.683333333333333215e+01,-5.904282233371869193e-01
1.685416666666666430e+01,-5.276241074901659722e-01
1.687500000000000000e+01,-5.575376545920845972e-01
1.689583333333333215e+01,-6.548018844204225308e-01
1.691666666666666430e+01,-7.901907622106325579e-01
1.693750000000000000e+01,-9.155031646225328945e-01
1.695833333333333215e+01,-9.800738282512637678e-01
1.697916666666666430e+01,-9.439416750233950992e-01
1.700000000000000000e+01,-7.850601774247907283e-01
1.702083333333333215e+01,-4.978913185658956353e-01
1.704166666666666430e+01,-8.391924766159003513e-02
1.706250000000000000e+01,4.403176527319523359e-01
1.708333333333333215e+01,1.036905299900477972e+00
1.710416666666666430e+01,1.607429158736579877e+00
1.712500000000000000e+01,2.078823795795683882e+00
1.714583333333333215e+01,2.315719944563040311e+00
1.716666666666666430e+01,2.232887130180656765e+00
1.718750000000000000e+01,1.846361030674769532e+00
1.720833333333333215e+01,1.272428803632226657e+00
1.722916666666666430e+01,6.566543615440365578e-01
1.725000000000000000e+01,1.073754952880133229e-01
1.727083333333333215e+01,-3.726330238919334237e-01
1.729166666666666430e+01,-7.251427857214785000e-01
1.731250000000000000e+01,-9.304942879754534157e-01
1.733333333333333215e+01,-9.713511934101164425e-01
1.735416666666666430e+01,-8.823826993694264820e-01
1.737500000000000000e+01,-7.298457032452199122e-01
1.739583333333333215e+01,-5.603012395162838555e-01
1.741666666666666430e+01,-3.812140507311406745e-01
1.743750000000000000e+01,-1.691675935746521364e-01
1.745833333333333215e+01,1.371837865195352224e-01
1.747916666666666430e+01,1.180543418726781868e-01
1.750000000000000000e+01,0.000000000000000000e+00
1.752083333333333215e+01,-4.219270484595115667e-01
1.754166666666666430e+01,-8.440934879448181993e-01
1.756250000000000000e+01,-1.267043983469181567e+00
1.758333333333333215e+01,-1.691096279849875650e+00
1.760416666666666430e+01,-2.011704661639162506e+00
1.762500000000000000e+01,-2.158579904233226543e+00
1.764583333333333215e+01,-2.146747096788439890e+00
1.766666666666666430e+01,-2.005708682614255167e+00
1.768750000000000000e+01,-1.769973579030063027e+00
1.770833333333333215e+01,-1.475036825643350813e+00
1.772916666666666430e+01,-1.153858814523033072e+00
1.775000000000000000e+01,-8.341558097361787549e-01
1.777083333333333215e+01,-5.369231765206960993e-01
1.779166666666666430e+01,-2.761608232896859416e-01
1.781250000000000000e+01,-5.947961063799316744e-02
1.783333333333333215e+01,1.107719985915668337e-01
1.785416666666666430e+01,2.362038359169966739e-01
1.787500000000000000e+01,3.211668480886475940e-01
1.789583333333333215e+01,3.716052696655325338e-01
1.791666666666666430e+01,3.940772582467881868e-01
1.793750000000000000e+01,3.950367504587809497e-01
1.795833333333333215e+01,3.803811891576430182e-01
1.797916666666666430e+01,3.552224892093479025e-01
1.800000000000000000e+01,3.238173399924828555e-01
1.802083333333333215e+01,2.895923081703092317e-01
1.804166666666666430e+01,2.552130131522267198e-01
1.806250000000000000e+01,2.226664823426563744e-01
1.808333333333333215e+01,1.933433650761651745e-01
1.810416666666666430e+01,1.681173045082399731e-01
1.812500000000000000e+01,1.474249753288369991e-01
1.814583333333333215e+01,1.313526313870342632e-01
1.816666666666666430e+01,1.197309061440131744e-01
1.818750000000000000e+01,1.122335834897366380e-01
1.820833333333333215e+01,1.084723873236678043e-01
1.822916666666666430e+01,1.080789640893052989e-01
1.825000000000000000e+01,1.107666203522107568e-01
1.827083333333333215e+01,1.163673375456617531e-01
1.829166666666666430e+01,1.248432872793283632e-01
1.831250000000000000e+01,1.362756967675313180e-01
1.833333333333333215e+01,1.508368238266994121e-01
1.835416666666666430e+01,1.687526077483207376e-01
1.837500000000000000e+01,1.902641194411130166e-01
1.839583333333333215e+01,2.155952312430354512e-01
1.841666666666666430e+01,2.449320712029350866e-01
1.843750000000000000e+01,2.784172761883943470e-01
1.845833333333333215e+01,3.161594925987566973e-01
1.847916666666666430e+01,3.582563119690168607e-01
1.850000000000000000e+01,4.048269059296738526e-01
1.852083333333333215e+01,4.560491027896461658e-01
1.854166666666666430e+01,5.121944776568195801e-01
1.856250000000000000e+01,5.736539428697791099e-01
1.858333333333333215e+01,6.409449617998886906e-01
1.860416666666666430e+01,7.146896249959127090e-01
1.862500000000000000e+01,7.955506047899848499e-01
1.864583333333333215e+01,8.841104858216737306e-01
1.866666666666666430e+01,9.806816155361119947e-01
1.868750000000000000e+01,1.085042671305941786e+00
1.870833333333333215e+01,1.196119837854990431e+00
1.872916666666666430e+01,1.311667500429440025e+00
1.875000000000000000e+01,1.428048478975644020e+00
1.877083333333333215e+01,1.540242517369459829e+00
1.879166666666666430e+01,1.642186101103609186e+00
1.881250000000000000e+01,1.727442920647097813e+00
1.883333333333333215e+01,1.790052503845882770e+00
1.885416666666666430e+01,1.825294821235291964e+00
1.887500000000000000e+01,1.830129484607954771e+00
1.889583333333333215e+01,1.803221658597610411e+00
1.891666666666666430e+01,1.744655721880598920e+00
1.893750000000000000e+01,1.655546423796997235e+00
1.895833333333333215e+01,1.537741377463882619e+00
1.897916666666666430e+01,1.393708852100449480e+00
1.900000000000000000e+01,1.226593728671399708e+00
1.902083333333333215e+01,1.040352781156848927e+00
1.904166666666666430e+01,8.398606319331365366e-01
1.906250000000000000e+01,6.308977571038060228e-01
1.908333333333333215e+01,4.199732266928401514e-01
1.910416666666666430e+01,2.139816858804052813e-01
1.912500000000000000e+01,1.973511883650702972e-02
1.914583333333333215e+01,-1.565622235857386246e-01
1.916666666666666430e+01,-3.098162876725227277e-01
1.918750000000000000e+01,-4.364489354431149715e-01
1.920833333333333215e+01,-5.346507926955759160e-01
1.922916666666666430e+01,-6.044505828562460881e-01
1.925000000000000000e+01,-6.475981655125454539e-01
1.927083333333333215e+01,-6.672845840252882299e-01
1.929166666666666430e+01,-6.677433668125974942e-01
1.931250000000000000e+01,-6.537902789509679735e-01
1.933333333333333215e+01,-6.303625413839669678e-01
1.935416666666666430e+01,-6.021080866310277724e-01
1.937500000000000000e+01,-5.730589185577824596e-01
1.939583333333333215e+01,-5.464244481090314576e-01
1.941666666666666430e+01,-5.244878746951858739e-01
1.943750000000000000e+01,-5.085960455874877217e-01
1.945833333333333215e+01,-4.992226876995577989e-01
1.947916666666666430e+01,-4.960833788686044299e-01
1.950000000000000000e+01,-4.982830424458099539e-01
1.952083333333333215e+01,1.689476997336755992e-01
1.954166666666666430e+01,6.527495290192762978e-01
1.956250000000000000e+01,8.960050546111359981e-01
1.958333333333333215e+01,9.179639809781287019e-01
1.960416666666666430e+01,7.446152453516519110e-01
1.962500000000000000e+01,4.096584744862686867e-01
1.964583333333333215e+01,-4.250158990497079209e-02
1.966666666666666430e+01,-5.570531474922001403e-01
1.968750000000000000e+01,-1.071956890172024668e+00
1.970833333333333215e+01,-1.523669070496330491e+00
1.972916666666666430e+01,-1.855046890015134009e+00
1.975000000000000000e+01,-2.025904196580226468e+00
1.977083333333333215e+01,-2.026482293371838495e+00
1.979166666666666430e+01,-1.898011565010295332e+00
1.981250000000000000e+01,-1.705427944302392973e+00
1.983333333333333215e+01,-1.505480143072155164e+00
1.985416666666666430e+01,-1.360100433848280277e+00
1.987500000000000000e+01,-1.316615446464402650e+00
1.989583333333333215e+01,-1.396410467075359874e+00
1.991666666666666430e+01,-1.595425422133369020e+00
1.993750000000000000e+01,-1.872732983893532932e+00
1.995833333333333215e+01,-2.185130281846730416e+00
1.997916666666666430e+01,-2.489532491661112790e+00
2.000000000000000000e+01,-2.743229591412974067e+00
2.002083333333333215e+01,-2.905297169554634351e+00
2.004166666666666430e+01,-2.938082216464362961e+00
2.006250000000000000e+01,-2.809282782756046259e+00
2.008333333333333215e+01,-2.494785167260490599e+00
2.010416666666666430e+01,-1.982901507732506952e+00
2.012500000000000000e+01,-1.347277901102124087e+00
2.014583333333333215e+01,-7.041674888710474089e-01
2.016666666666666430e+01,-4.430204937407238724e-02
2.018750000000000000e+01,6.334434253610909948e-01
2.020833333333333215e+01,1.321430615415082777e+00
2.022916666666666430e+01,2.006663795941264095e+00
2.025000000000000000e+01,2.675037121614312063e+00
2.027083333333333215e+01,3.315006327320158430e+00
2.029166666666666430e+01,3.906302798538704213e+00
2.031250000000000000e+01,4.274857458382763653e+00
2.033333333333333215e+01,4.441319543829355787e+00
2.035416666666666430e+01,4.451999221231768722e+00
2.037500000000000000e+01,4.347779849254653328e+00
2.039583333333333215e+01,4.139226877808079408e+00
2.041666666666666430e+01,3.821336269128166041e+00
2.043750000000000000e+01,3.371865465797349692e+00
2.045833333333333215e+01,2.790171024213562223e+00
2.047916666666666430e+01,2.219156246112845121e+00
2.050000000000000000e+01,1.649438850316168548e+00
2.052083333333333215e+01,1.068811165513022798e+00
2.054166666666666430e+01,4.693190262741821495e-01
2.056250000000000000e+01,-1.411730924410498356e-01
2.058333333333333215e+01,-7.566266193618408353e-01
2.060416666666666430e+01,-1.373080853401227541e+00
2.062500000000000000e+01,-1.986570792296402210e+00
2.064583333333333215e+01,-2.594126547075610301e+00
2.066666666666666430e+01,-3.194265082419543766e+00
2.068750000000000000e+01,-3.787139626921220970e+00
2.070833333333333215e+01,-4.374551597111034695e+00
2.072916666666666430e+01,-4.959694020125612113e+00
2.075000000000000000e+01,-5.543654286678902032e+00
2.077083333333333215e+01,-5.964130625318686540e+00
2.079166666666666430e+01,-6.181548025623305520e+00
2.081250000000000000e+01,-6.069066605022663374e+00
2.083333333333333215e+01,-5.643934847798417032e+00
2.085416666666666430e+01,-4.995691335185918902e+00
2.087500000000000000e+01,-4.359733283563809181e+00
2.089583333333333215e+01,-3.721379436329663282e+00
2.091666666666666430e+01,-3.061370332431348817e+00
2.093750000000000000e+01,-2.336922939045381842e+00
2.095833333333333215e+01,-1.552032320457441550e+00
2.097916666666666430e+01,-7.819754045065036019e-01
2.100000000000000000e+01,-3.330566860851517236e-02
2.102083333333333215e+01,6.972902760520626186e-01
2.104166666666666430e+01,1.388479634953930120e+00
2.106250000000000000e+01,2.003908708686735984e+00
2.108333333333333215e+01,2.548342574400509708e+00
2.110416666666666430e+01,3.028071176851695245e+00
2.112500000000000000e+01,3.448366351751414705e+00
2.114583333333333215e+01,3.814938593467688044e+00
2.116666666666666430e+01,4.150406105485646258e+00
2.118750000000000000e+01,4.518069051952187110e+00
2.120833333333333215e+01,4.790225654647043640e+00
2.122916666666666430e+01,4.796463637355743437e+00
2.125000000000000000e+01,4.776279752465155681e+00
2.127083333333333215e+01,4.757284071768794753e+00
2.129166666666666430e+01,4.739378651390835806e+00
2.131250000000000000e+01,4.722458801898794079e+00
2.133333333333333215e+01,4.706414603641881023e+00
2.135416666666666430e+01,4.691132403395696926e+00
2.137500000000000000e+01,4.676496275121523993e+00
2.139583333333333215e+01,4.662389429353407166e+00
2.141666666666666430e+01,4.648695557489504360e+00
2.143750000000000000e+01,4.635300099057502621e+00
2.145833333333333215e+01,4.622091421821073354e+00
2.147916666666666430e+01,4.608961906372016415e+00
2.150000000000000000e+01,4.595808928589841358e+00
2.152083333333333215e+01,4.582535735028817392e+00
2.154166666666666430e+01,4.569052207896146633e+00
2.156250000000000000e+01,4.555275517800683183e+00
2.158333333333333215e+01,4.541130663868520934e+00
2.160416666666666430e+01,4.526550902131404541e+00
2.162500000000000000e+01,4.098800058457595874e+00
2.164583333333333215e+01,3.581773169811140800e+00
2.166666666666666430e+01,3.516036471886402559e+00
2.168750000000000000e+01,3.514676635007448091e+00
2.170833333333333215e+01,3.510694449720045629e+00
2.172916666666666430e+01,3.504060483541019178e+00
2.175000000000000000e+01,3.494770306763672618e+00
2.177083333333333215e+01,3.482843567168935284e+00
2.179166666666666430e+01,3.468322892457532003e+00
2.181250000000000000e+01,3.451272639730101233e+00
2.183333333333333215e+01,3.431777511562385641e+00
2.185416666666666430e+01,3.409941058241490186e+00
2.187500000000000000e+01,3.385884085562215429e+00
2.189583333333333215e+01,3.359742987245533996e+00
2.191666666666666430e+01,0.000000000000000000e+00
2.193750000000000000e+01,-4.189025761704603945e-01
2.195833333333333215e+01,-8.382644842083204484e-01
2.197916666666666430e+01,-1.258654247568531170e+00
2.200000000000000000e+01,-1.680417692218885595e+00
2.202083333333333215e+01,-2.040161722606777417e+00
2.204166666666666430e+01,-2.224199871088667457e+00
2.206250000000000000e+01,-2.242484882264854207e+00
2.208333333333333215e+01,-2.123361652625439078e+00
2.210416666666666430e+01,-1.900738318380986946e+00
2.212500000000000000e+01,-1.609917607419711016e+00
2.214583333333333215e+01,-1.284217947290618334e+00
2.216666666666666430e+01,-9.523283712174747118e-01
2.218750000000000000e+01,-6.367702964279058353e-01
2.220833333333333215e+01,-3.534641521338627856e-01
2.222916666666666430e+01,-1.121250861175342034e-01
2.225000000000000000e+01,8.283935933705474652e-02
2.227083333333333215e+01,2.312052398033462575e-01
2.229166666666666430e+01,3.358638776746938892e-01
2.231250000000000000e+01,4.018089385104823830e-01
2.233333333333333215e+01,4.351967193795091005e-01
2.235416666666666430e+01,4.425883257684515848e-01
2.237500000000000000e+01,4.304030728626156432e-01
2.239583333333333215e+01,4.045658089024608550e-01
2.241666666666666430e+01,3.703087217032213774e-01
2.243750000000000000e+01,3.320820890637991574e-01
2.245833333333333215e+01,2.935346099607893944e-01
2.247916666666666430e+01,2.575362027649383267e-01
2.250000000000000000e+01,2.262278083190795430e-01
2.252083333333333215e+01,2.010915049095050866e-01
2.254166666666666430e+01,1.830407836302218594e-01
2.256250000000000000e+01,1.725322366749826863e-01
2.258333333333333215e+01,1.696962747472386956e-01
2.260416666666666430e+01,1.744805096463718785e-01
2.262500000000000000e+01,1.867975985347167800e-01
2.264583333333333215e+01,2.066698220112173079e-01
2.266666666666666430e+01,2.343650587056457235e-01
2.268750000000000000e+01,2.705224274101623028e-01
2.270833333333333215e+01,3.162696229015387051e-01
2.272916666666666430e+01,3.733362414891925329e-01
2.275000000000000000e+01,4.441654044436131321e-01
2.277083333333333215e+01,5.320145563926733656e-01
2.279166666666666430e+01,6.410058040119004374e-01
2.281250000000000000e+01,7.760209497492920327e-01
2.283333333333333215e+01,9.422204944591769937e-01
2.285416666666666430e+01,1.143816442967241720e+00
2.287500000000000000e+01,1.381690494488147403e+00
2.289583333333333215e+01,1.649908320693070030e+00
2.291666666666666430e+01,1.932527279733651682e+00
2.293750000000000000e+01,2.203615254163135084e+00
2.295833333333333215e+01,2.432637816360438965e+00
2.297916666666666430e+01,2.593327930663405834e+00
2.300000000000000000e+01,2.670826812957106000e+00
2.302083333333333215e+01,2.663347550370931849e+00
2.304166666666666430e+01,2.578832286807096974e+00
2.306250000000000000e+01,2.429702606085072158e+00
2.308333333333333215e+01,2.228597445953558687e+00
2.310416666666666430e+01,1.986335974504361834e+00
2.312500000000000000e+01,1.711836821747794835e+00
2.314583333333333215e+01,1.413070498121465679e+00
2.316666666666666430e+01,1.098179760203026989e+00
2.318750000000000000e+01,7.762422061151725838e-01
2.320833333333333215e+01,4.574707569720419253e-01
2.322916666666666430e+01,1.528613000715490777e-01
2.325000000000000000e+01,-1.265798447475316446e-01
2.327083333333333215e+01,-3.708321675732125788e-01
2.329166666666666430e+01,-5.718664457552240510e-01
2.331250000000000000e+01,-7.244676706318677883e-01
2.333333333333333215e+01,-8.267376553449952148e-01
2.335416666666666430e+01,-8.802089670181810765e-01
2.337500000000000000e+01,-8.895705899116134185e-01
2.339583333333333215e+01,-8.620637881066471886e-01
2.341666666666666430e+01,-8.066497451894406590e-01
2.343750000000000000e+01,-7.330757208150973092e-01
2.345833333333333215e+01,-6.509697648517143165e-01
2.347916666666666430e+01,-5.690744810500335538e-01
2.350000000000000000e+01,-4.946934148118898311e-01
2.352083333333333215e+01,-4.333776401285546753e-01
2.354166666666666430e+01,-3.888342878530881563e-01
2.356250000000000000e+01,-3.630051039958365755e-01
2.358333333333333215e+01,-3.562503804654829631e-01
2.360416666666666430e+01,-3.675813916444929386e-01
2.362500000000000000e+01,-3.949044468234543248e-01
2.364583333333333215e+01,-4.352578931952878483e-01
2.366666666666666430e+01,-4.850369083610929222e-01
2.368750000000000000e+01,-5.402145532665585392e-01
2.370833333333333215e+01,-5.965718578134133754e-01
2.372916666666666430e+01,-6.499437303522431764e-01
2.375000000000000000e+01,-6.964774012715121421e-01
2.377083333333333215e+01,-7.328887672249783103e-01
2.379166666666666430e+01,-7.566921572467723012e-01
2.381250000000000000e+01,-7.663739860927458736e-01
2.383333333333333215e+01,-7.614828847954822066e-01
2.385416666666666430e+01,-7.426186058709220994e-01
2.387500000000000000e+01,-7.113173396689019823e-01
2.389583333333333215e+01,-6.698482141420905034e-01
2.391666666666666430e+01,-6.209501601373470514e-01
2.393750000000000000e+01,-5.257379197267516568e-01
2.395833333333333215e+01,-4.646501331639067423e-01
2.397916666666666430e+01,-4.387442548051301294e-01
2.400000000000000000e+01,-4.352540775375872695e-01
2.402083333333333215e+01,-4.400646947456972047e-01
2.404166666666666430e+01,-4.402893942601282529e-01
2.406250000000000000e+01,-4.261018564567591316e-01
2.408333333333333215e+01,-3.928121206571394408e-01
2.410416666666666430e+01,-3.422223997757222191e-01
2.412500000000000000e+01,-2.803208883187723321e-01
2.414583333333333215e+01,-2.137622015470285186e-01
2.416666666666666430e+01,-1.484522786353698609e-01
2.418750000000000000e+01,-8.804816759892261646e-02
2.420833333333333215e+01,-3.338076258460743323e-02
2.422916666666666430e+01,1.720010465550804099e-02
2.425000000000000000e+01,6.696490769086994865e-02
2.427083333333333215e+01,1.197545181531044084e-01
2.429166666666666430e+01,1.789068273204829085e-01
2.431250000000000000e+01,2.452900548100971634e-01
2.433333333333333215e+01,3.193986518070073277e-01
2.435416666666666430e+01,3.982032983039655583e-01
2.437500000000000000e+01,4.744845001288355291e-01
2.439583333333333215e+01,5.376942957746200236e-01
2.441666666666666430e+01,5.754810607782725462e-01
2.443750000000000000e+01,5.767600585794891987e-01
2.445833333333333215e+01,5.350755467961150202e-01
2.447916666666666430e+01,4.499073114452534217e-01
2.450000000000000000e+01,3.286749938169709062e-01
2.452083333333333215e+01,1.856852949278393616e-01
2.454166666666666430e+01,3.887248545524268212e-02
2.456250000000000000e+01,-9.441125009802787960e-02
2.458333333333333215e+01,-2.009975303991636819e-01
2.460416666666666430e+01,-2.737934101974068279e-01
2.462500000000000000e+01,-3.121743120592847531e-01
2.464583333333333215e+01,-3.209634302580397502e-01
2.466666666666666430e+01,-3.084692550645265485e-01
2.468750000000000000e+01,-2.844136451661647413e-01
2.470833333333333215e+01,-2.581658276654462680e-01
2.472916666666666430e+01,-2.374360015298467574e-01
2.475000000000000000e+01,-2.274044907294817119e-01
2.477083333333333215e+01,-2.302148169920747167e-01
2.479166666666666430e+01,-2.437928173828727840e-01
2.481250000000000000e+01,-2.598812852073635327e-01
2.483333333333333215e+01,-2.723282070774532548e-01
2.485416666666666430e+01,-2.734480752116153490e-01
2.487500000000000000e+01,-2.548340722659644397e-01
2.489583333333333215e+01,-2.093166186625644853e-01
2.491666666666666430e+01,-1.385008953966245515e-01
2.493750000000000000e+01,-4.672440082029849506e-02
2.495833333333333215e+01,5.578125954446735285e-02
2.497916666666666430e+01,1.540142081123896667e-01
2.500000000000000000e+01,2.325450755631549293e-01
2.502083333333333215e+01,2.800904331721317253e-01
2.504166666666666430e+01,2.920981707464817001e-01
2.506250000000000000e+01,2.707995731461829148e-01
2.508333333333333215e+01,2.234944309320660849e-01
2.510416666666666430e+01,1.600817463339646862e-01
2.512500000000000000e+01,9.080319222970741067e-02
2.514583333333333215e+01,2.471917235179806049e-02
2.516666666666666430e+01,-3.117457656724546833e-02
2.518750000000000000e+01,-7.201948388153735225e-02
2.520833333333333215e+01,-9.478914969157223314e-02
2.522916666666666430e+01,-9.805897730342659491e-02
2.525000000000000000e+01,-1.728523578931898397e-01
2.527083333333333215e+01,-2.189258210085129330e-01
2.529166666666666430e+01,-2.260602911612563659e-01
2.531250000000000000e+01,-2.334877381673923502e-01
2.533333333333333215e+01,-2.411278503385399785e-01
2.535416666666666430e+01,-2.489010735268284424e-01
2.537500000000000000e+01,-2.567292690481020045e-01
2.539583333333333215e+01,-2.645363275263714065e-01
2.541666666666666430e+01,-2.722487356446963158e-01
2.543750000000000000e+01,-2.797960934140537037e-01
2.545833333333333215e+01,-2.871115801751638053e-01
2.547916666666666430e+01,-2.786197793579492932e-01
2.550000000000000000e+01,-5.243735734025183060e-02
2.552083333333333215e+01,4.253874270730906848e-01
2.554166666666666430e+01,8.181083528326417165e-01
2.556250000000000000e+01,1.080581187058381021e+00
2.558333333333333215e+01,1.204266840178760622e+00
2.560416666666666430e+01,1.190254298374898045e+00
2.562500000000000000e+01,1.066224655968966761e+00
2.564583333333333215e+01,8.788454313856832734e-01
2.566666666666666430e+01,7.196231716497594189e-01
2.568750000000000000e+01,6.626902814019308696e-01
2.570833333333333215e+01,7.162880856826605580e-01
2.572916666666666430e+01,7.467143590503064754e-01
2.575000000000000000e+01,7.440799872182206620e-01
2.577083333333333215e+01,7.414896125713676955e-01
2.579166666666666430e+01,7.389438715326535068e-01
2.581250000000000000e+01,7.364433598873441067e-01
2.583333333333333215e+01,6.448839007848610194e-01
2.585416666666666430e+01,4.432338575878916886e-01
2.587500000000000000e+01,2.133663961350426297e-01
2.589583333333333215e+01,3.525794827697045081e-02
2.591666666666666430e+01,-1.126213540256078630e-03
2.593750000000000000e+01,1.110354377453229291e-01
2.595833333333333215e+01,3.253785912463564300e-01
2.597916666666666430e+01,5.790222382670311418e-01
2.600000000000000000e+01,8.046771255369230547e-01
2.602083333333333215e+01,9.628253803285139467e-01
2.604166666666666430e+01,1.048842597001501176e+00
2.606250000000000000e+01,1.084632505325086038e+00
2.608333333333333215e+01,1.094427156886891961e+00
2.610416666666666430e+01,1.091067995867389451e+00
2.612500000000000000e+01,1.081676622082376582e+00
2.614583333333333215e+01,1.066307519343010268e+00
2.616666666666666430e+01,1.042575444440851706e+00
2.618750000000000000e+01,1.017363701758641215e+00
2.620833333333333215e+01,9.918271731870166308e-01
2.622916666666666430e+01,9.456582641373033615e-01
2.625000000000000000e+01,7.872151792533769177e-01
2.627083333333333215e+01,3.836436125603534530e-01
2.629166666666666430e+01,-2.447192485944484630e-01
2.631250000000000000e+01,-1.049627605117561924e+00
2.633333333333333215e+01,-1.899283050543832063e+00
2.635416666666666430e+01,-2.744692114372438319e+00
2.637500000000000000e+01,-3.588767165384924684e+00
2.639583333333333215e+01,-4.435753033068380979e+00
2.641666666666666430e+01,-5.259377293355163019e+00
2.643750000000000000e+01,-5.899869453453623791e+00
2.645833333333333215e+01,-6.077215041049006672e+00
2.647916666666666430e+01,-5.826358568100236113e+00
2.650000000000000000e+01,-5.621079949096567496e+00
2.652083333333333215e+01,-5.520881814507536234e+00
2.654166666666666430e+01,-5.481120359571544753e+00
2.656250000000000000e+01,-5.440533130275813534e+00
2.658333333333333215e+01,-5.399403901733212052e+00
2.660416666666666430e+01,-5.353296317593973619e+00
2.662500000000000000e+01,-5.208271878410852374e+00
2.664583333333333215e+01,-4.923138791837153860e+00
2.666666666666666430e+01,-4.481239138364831120e+00
2.668750000000000000e+01,-4.014221086882286293e+00
2.670833333333333215e+01,-3.551418901504856951e+00
2.672916666666666430e+01,-3.137559194660510808e+00
2.675000000000000000e+01,-2.789213602983862117e+00
2.677083333333333215e+01,-2.773186710164445845e+00
2.679166666666666430e+01,-2.781494003125653425e+00
2.681250000000000000e+01,-2.791082449554932232e+00
2.683333333333333215e+01,-2.801754721026249673e+00
2.685416666666666430e+01,-2.813310163907493777e+00
2.687500000000000000e+01,0.000000000000000000e+00
2.689583333333333215e+01,-4.278092086010920059e-01
2.691666666666666430e+01,-8.561472064244691760e-01
2.693750000000000000e+01,-1.285527070874278754e+00
2.695833333333333215e+01,-1.716211855947794129e+00
2.697916666666666430e+01,-2.046652142388440510e+00
2.700000000000000000e+01,-2.197804341928466076e+00
2.702083333333333215e+01,-2.185125275592163074e+00
2.704166666666666430e+01,-2.039772757019832294e+00
2.706250000000000000e+01,-1.797927705314004143e+00
2.708333333333333215e+01,-1.496448727478711938e+00
2.710416666666666430e+01,-1.169230077345494667e+00
2.712500000000000000e+01,-8.444990503124649717e-01
2.714583333333333215e+01,-5.434290011450927382e-01
2.716666666666666430e+01,-2.799846095319267758e-01
2.718750000000000000e+01,-6.163826226889924237e-02
2.720833333333333215e+01,1.094229319925526939e-01
2.722916666666666430e+01,2.349491878681890245e-01
2.725000000000000000e+01,3.193919576415546469e-01
2.727083333333333215e+01,3.687578235078370348e-01
2.729166666666666430e+01,3.896452824621188804e-01
2.731250000000000000e+01,3.885458328607216960e-01
2.733333333333333215e+01,3.714062625557111863e-01
2.735416666666666430e+01,3.434058042618171047e-01
2.737500000000000000e+01,3.088844026252146602e-01
2.739583333333333215e+01,2.713602973300615617e-01
2.741666666666666430e+01,2.335897618212003923e-01
2.743750000000000000e+01,1.976410083411491436e-01
2.745833333333333215e+01,1.649705884173778281e-01
2.747916666666666430e+01,1.364999661952147059e-01
2.750000000000000000e+01,1.126947897284823197e-01
2.752083333333333215e+01,9.365119935001732510e-02
2.754166666666666430e+01,7.918983961289270679e-02
2.756250000000000000e+01,6.895284260038318791e-02
2.758333333333333215e+01,6.249602424399815920e-02
2.760416666666666430e+01,5.936814778458087555e-02
2.762500000000000000e+01,5.917068052114475563e-02
2.764583333333333215e+01,6.159430662851282656e-02
2.766666666666666430e+01,6.643181550394633428e-02
2.768750000000000000e+01,7.357016576477092007e-02
2.770833333333333215e+01,8.296700099608070311e-02
2.772916666666666430e+01,9.461836283694775862e-02
2.775000000000000000e+01,1.085247434388299098e-01
2.777083333333333215e+01,1.246620168013676810e-01
2.779166666666666430e+01,1.429621968476979255e-01
2.781250000000000000e+01,1.633066332690051026e-01
2.783333333333333215e+01,1.855320392571399579e-01
2.785416666666666430e+01,2.094480653691450922e-01
2.787500000000000000e+01,2.348638294820186434e-01
2.789583333333333215e+01,2.616200108155851134e-01
2.791666666666666430e+01,2.896229433760268979e-01
2.793750000000000000e+01,3.188774677070768115e-01
2.795833333333333215e+01,3.495158666878807607e-01
2.797916666666666430e+01,3.818207750703010994e-01
2.800000000000000000e+01,4.162403285523458285e-01
2.802083333333333215e+01,4.533938942681786100e-01
2.804166666666666430e+01,4.940664459960596999e-01
2.806250000000000000e+01,5.391889939803737875e-01
2.808333333333333215e+01,5.898014579222659037e-01
2.810416666666666430e+01,6.469930540151163090e-01
2.812500000000000000e+01,7.118139047037475020e-01
2.814583333333333215e+01,7.851436216337271956e-01
2.816666666666666430e+01,8.675238873333264156e-01
2.818750000000000000e+01,9.589734921366944720e-01
2.820833333333333215e+01,1.058739107311848615e+00
2.822916666666666430e+01,1.165056859759235897e+00
2.825000000000000000e+01,1.274975428563286828e+00
2.827083333333333215e+01,1.384320784806958526e+00
2.829166666666666430e+01,1.487881283945326816e+00
2.831250000000000000e+01,1.579846670294395405e+00
2.833333333333333215e+01,1.654447466628089947e+00
2.835416666666666430e+01,1.706647810679362776e+00
2.837500000000000000e+01,1.732702220264838555e+00
2.839583333333333215e+01,1.731666319360724016e+00
2.841666666666666430e+01,1.704843310533554313e+00
2.843750000000000000e+01,1.651531748409188927e+00
2.845833333333333215e+01,1.571802141076406922e+00
2.847916666666666430e+01,1.466631736165864064e+00
2.850000000000000000e+01,1.337821003035262413e+00
2.852083333333333215e+01,1.187963733361516949e+00
2.854166666666666430e+01,1.020471996301923756e+00
2.856250000000000000e+01,8.396014587511196892e-01
2.858333333333333215e+01,6.504149193234797233e-01
2.860416666666666430e+01,4.586388759260066617e-01
2.862500000000000000e+01,2.703973126286356443e-01
2.864583333333333215e+01,9.183867332564657482e-02
2.866666666666666430e+01,-7.130141563869824006e-02
2.868750000000000000e+01,-2.141427430392799924e-01
2.870833333333333215e+01,-3.330456273565633452e-01
2.872916666666666430e+01,-4.258838985752287920e-01
2.875000000000000000e+01,-4.921686299975709944e-01
2.877083333333333215e+01,-5.330085326583440253e-01
2.879166666666666430e+01,-5.509171948042513867e-01
2.881250000000000000e+01,-5.494987640195172496e-01
2.883333333333333215e+01,-5.330648139700272514e-01
2.885416666666666430e+01,-5.063505945855520940e-01
2.887500000000000000e+01,-4.739850885663819957e-01
2.889583333333333215e+01,2.133779031464517195e-01
2.891666666666666430e+01,8.610520279882837302e-01
2.893750000000000000e+01,1.401694811278628494e+00
2.895833333333333215e+01,1.696402681688096603e+00
2.897916666666666430e+01,1.755775177000064913e+00
2.900000000000000000e+01,1.606368891210540717e+00
2.902083333333333215e+01,1.281671287875949306e+00
2.904166666666666430e+01,8.217048363374166442e-01
2.906250000000000000e+01,2.709980178045838239e-01
2.908333333333333215e+01,-3.245876597211840298e-01
2.910416666666666430e+01,-9.209825239898439264e-01
2.912500000000000000e+01,-1.478536075567818520e+00
2.914583333333333215e+01,-1.964582353548246285e+00
2.916666666666666430e+01,-2.356736483565347484e+00
2.918750000000000000e+01,-2.647327452694721028e+00
2.920833333333333215e+01,-2.848192385555199380e+00
2.922916666666666430e+01,-2.994732997378460659e+00
2.925000000000000000e+01,-3.103521350676082147e+00
2.927083333333333215e+01,-3.155980270765051277e+00
2.929166666666666430e+01,-3.163763845691172527e+00
2.931250000000000000e+01,-3.169291234673037305e+00
2.933333333333333215e+01,-3.216102546842038556e+00
2.935416666666666430e+01,-3.323614753121030496e+00
2.937500000000000000e+01,-3.482545717430836518e+00
2.939583333333333215e+01,-3.671743220491633597e+00
2.941666666666666430e+01,-3.837185226214933298e+00
2.943750000000000000e+01,-3.940755467113587152e+00
2.945833333333333215e+01,-3.939782157129536166e+00
2.947916666666666430e+01,-3.787985756897112033e+00
2.950000000000000000e+01,-3.441038613796849166e+00
2.952083333333333215e+01,-2.862980916210836391e+00
2.954166666666666430e+01,-2.215649895221627030e+00
2.956250000000000000e+01,-1.591118850697958109e+00
2.958333333333333215e+01,-9.780587051362926720e-01
2.960416666666666430e+01,-3.638935626847729088e-01
2.962500000000000000e+01,2.596989488647163391e-01
2.964583333333333215e+01,8.861133814935252540e-01
2.966666666666666430e+01,1.518514683193757264e+00
2.968750000000000000e+01,2.165044431071200925e+00
2.970833333333333215e+01,2.821407457206653202e+00
2.972916666666666430e+01,3.470833099100093300e+00
2.975000000000000000e+01,4.107423228713513730e+00
2.977083333333333215e+01,4.728436558701406334e+00
2.979166666666666430e+01,5.335522318899776018e+00
2.981250000000000000e+01,5.932720009265752381e+00
2.983333333333333215e+01,6.453329720605588626e+00
2.985416666666666430e+01,6.755007714772506944e+00
2.987500000000000000e+01,6.775739955797114966e+00
2.989583333333333215e+01,6.467128152363010862e+00
2.991666666666666430e+01,5.907221782995192072e+00
2.993750000000000000e+01,5.278258676057441257e+00
2.995833333333333215e+01,4.668527218364315168e+00
2.997916666666666430e+01,4.062581209750470101e+00
3.000000000000000000e+01,3.447998290966236556e+00
3.002083333333333215e+01,2.822949544595392268e+00
3.004166666666666430e+01,2.169758323415166501e+00
3.006250000000000000e+01,1.496680831002441980e+00
3.008333333333333215e+01,8.374848287746750053e-01
3.010416666666666430e+01,2.038942773939266262e-01
3.012500000000000000e+01,-4.068883090760763710e-01
3.014583333333333215e+01,-9.863497267331999829e-01
3.016666666666666430e+01,-1.541619299435409207e+00
3.018750000000000000e+01,-2.081434184480578153e+00
3.020833333333333215e+01,-2.613786947491936630e+00
3.022916666666666430e+01,-3.144397560477718567e+00
3.025000000000000000e+01,-3.676615000333416816e+00
3.027083333333333215e+01,-4.213184632119882700e+00
3.029166666666666430e+01,-4.754618986254422808e+00
3.031250000000000000e+01,-5.112970950488455735e+00
3.033333333333333215e+01,-5.094288304501926490e+00
3.035416666666666430e+01,-5.076042294904453023e+00
3.037500000000000000e+01,-5.058122255033546288e+00
3.039583333333333215e+01,-5.040420503449499989e+00
3.041666666666666430e+01,-5.022833500003588192e+00
3.043750000000000000e+01,-5.005262887066631805e+00
3.045833333333333215e+01,-4.987616410059660943e+00
3.047916666666666430e+01,-4.969808713427610769e+00
3.050000000000000000e+01,-4.951762010081536047e+00
3.052083333333333215e+01,-4.933406624089676562e+00
3.054166666666666430e+01,-4.914681408010944885e+00
3.056250000000000000e+01,-4.895534037727576226e+00
3.058333333333333215e+01,-4.875921188940968598e+00
3.060416666666666430e+01,-4.855808600643156225e+00
3.062500000000000000e+01,-4.835171031865302282e+00
3.064583333333333215e+01,-4.813992118835712652e+00
3.066666666666666430e+01,-4.792264140356605751e+00
3.068750000000000000e+01,-4.769987699736492281e+00
3.070833333333333215e+01,-4.747171332000103661e+00
3.072916666666666430e+01,-4.723831045348215518e+00
3.075000000000000000e+01,-4.699989805964123413e+00
3.077083333333333215e+01,-4.118569437074199868e+00
3.079166666666666430e+01,-3.690120489223813305e+00
3.081250000000000000e+01,-3.675952095245664353e+00
3.083333333333333215e+01,-3.661704161947518799e+00
3.085416666666666430e+01,-3.647379252747713796e+00
3.087500000000000000e+01,-3.632980916204173294e+00
3.089583333333333215e+01,-3.618513624288568931e+00
3.091666666666666430e+01,-3.603982707535407393e+00
3.093750000000000000e+01,-3.589394287632713620e+00
3.095833333333333215e+01,-3.574755208006123564e+00
3.097916666666666430e+01,-3.560072962930487250e+00
3.100000000000000000e+01,-3.545355625682938605e+00
3.102083333333333215e+01,-3.530611776229048537e+00
3.104166666666666430e+01,-3.515850428909478520e+00
3.106250000000000000e+01,-3.501080960568797806e+00
3.108333333333333215e+01,-3.486313039541064196e+00
3.110416666666666430e+01,0.000000000000000000e+00
3.112500000000000000e+01,-4.495170384719331391e-01
3.114583333333333215e+01,-9.006682384658618590e-01
3.116666666666666430e+01,-1.353857386438230170e+00
3.118750000000000000e+01,-1.809205012614024444e+00
3.120833333333333215e+01,-2.142643194248254890e+00
3.122916666666666430e+01,-2.278723079723111944e+00
3.125000000000000000e+01,-2.238379082995903602e+00
3.127083333333333215e+01,-2.059406184077045232e+00
3.129166666666666430e+01,-1.784206593913392869e+00
3.131250000000000000e+01,-1.454440786753370629e+00
3.133333333333333215e+01,-1.106893813861816733e+00
3.135416666666666430e+01,-7.707861189026425919e-01
3.137500000000000000e+01,-4.667597002939320450e-01
3.139583333333333215e+01,-2.072471035248887872e-01
3.141666666666666430e+01,2.298193223186951149e-03
3.143750000000000000e+01,1.617764539874188834e-01
3.145833333333333215e+01,2.748324364786172702e-01
3.147916666666666430e+01,3.474424964055082277e-01
3.150000000000000000e+01,3.866837384790386967e-01
3.152083333333333215e+01,3.997933869117532568e-01
3.154166666666666430e+01,3.935505096137469905e-01
3.156250000000000000e+01,3.739363476696438982e-01
3.158333333333333215e+01,3.459997791028369130e-01
3.160416666666666430e+01,3.138518243915220385e-01
3.162500000000000000e+01,2.807277239050077755e-01
3.164583333333333215e+01,2.490767499614058300e-01
3.166666666666666430e+01,2.206592734327342820e-01
3.168750000000000000e+01,1.966436964614940996e-01
3.170833333333333215e+01,1.777042187880258917e-01
3.172916666666666430e+01,1.641231766371619716e-01
3.175000000000000000e+01,1.558986485949264977e-01
3.177083333333333215e+01,1.528537062502462740e-01
3.179166666666666430e+01,1.547411377288618051e-01
3.181250000000000000e+01,1.613370196401726353e-01
3.183333333333333215e+01,1.725177493236701165e-01
3.185416666666666430e+01,1.883175066425580302e-01
3.187500000000000000e+01,2.089633465564787740e-01
3.189583333333333215e+01,2.348830940186041605e-01
3.191666666666666430e+01,2.667334133052965406e-01
3.193750000000000000e+01,3.053972772262278368e-01
3.195833333333333215e+01,3.519825174497632769e-01
3.197916666666666430e+01,4.078230982225226064e-01
3.200000000000000000e+01,4.744812107439764781e-01
3.202083333333332860e+01,5.537404094032941648e-01
3.204166666666666430e+01,6.475668358888222453e-01
3.206250000000000000e+01,7.579959705403772618e-01
3.208333333333332860e+01,8.868774857082540874e-01
3.210416666666666430e+01,1.035390318817341893e+00
3.212500000000000000e+01,1.203252341757646393e+00
3.214583333333332860e+01,1.387646975772255820e+00
3.216666666666666430e+01,1.582123068790153964e+00
3.218750000000000000e+01,1.776043569778751996e+00
3.220833333333332860e+01,1.955296108206798555e+00
3.222916666666666430e+01,2.104567981030928348e+00
3.225000000000000000e+01,2.210552140467644922e+00
3.227083333333332860e+01,2.264693118362980595e+00
3.229166666666666430e+01,2.264255691929810688e+00
3.231250000000000000e+01,2.211501319682291022e+00
3.233333333333332860e+01,2.111746212193781780e+00
3.235416666666666430e+01,1.971387480783947543e+00
3.237500000000000000e+01,1.796637442483594915e+00
3.239583333333332860e+01,1.593138764623667436e+00
3.241666666666666430e+01,1.366226262978248895e+00
3.243750000000000000e+01,1.121464623239546432e+00
3.245833333333332860e+01,8.651413840914041753e-01
3.247916666666666430e+01,6.045130985701338000e-01
3.250000000000000000e+01,3.477204110902207823e-01
3.252083333333332860e+01,1.033833847835574499e-01
3.254166666666666430e+01,-1.200408187456425690e-01
3.256250000000000000e+01,-3.150118643671892538e-01
3.258333333333332860e+01,-4.756317006435462069e-01
3.260416666666666430e+01,-5.982163734503037622e-01
3.262500000000000000e+01,-6.816252981619592699e-01
3.264583333333332860e+01,-7.273055279632130166e-01
3.266666666666666430e+01,-7.390551673123770815e-01
3.268750000000000000e+01,-7.225506105188694850e-01
3.270833333333332860e+01,-6.847130102916860750e-01
3.272916666666666430e+01,-6.330068769872586598e-01
3.275000000000000000e+01,-5.747650268247023186e-01
3.277083333333332860e+01,-5.166192079864158071e-01
3.279166666666666430e+01,-4.640882979415328902e-01
3.281250000000000000e+01,-4.213420381918568380e-01
3.283333333333332860e+01,-3.911261430199451383e-01
3.285416666666666430e+01,-3.748129703743933172e-01
3.287500000000000000e+01,-3.725350948615817059e-01
3.289583333333332860e+01,-3.833645161345843322e-01
3.291666666666666430e+01,-4.055107669261966974e-01
3.293750000000000000e+01,-4.365226924116942242e-01
3.295833333333332860e+01,-4.734899152908905173e-01
3.297916666666666430e+01,-5.132462474944837760e-01
3.300000000000000000e+01,-5.525770073165383600e-01
3.302083333333332860e+01,-5.884280616879580261e-01
3.304166666666666430e+01,-6.181085901297889151e-01
3.306250000000000000e+01,-6.394738057684385968e-01
3.308333333333332860e+01,-6.510701039544767310e-01
3.310416666666666430e+01,-6.522249674171589628e-01
3.312500000000000000e+01,-2.644768359149669013e-01
3.314583333333332860e+01,1.801541239543170709e-03
3.316666666666666430e+01,1.166954832660551666e-01
3.318750000000000000e+01,9.776448288489834881e-02
3.320833333333332860e+01,-3.213745682542435561e-02
3.322916666666666430e+01,-2.458683496488815179e-01
3.325000000000000000e+01,-5.115630793307771595e-01
3.327083333333332860e+01,-7.936471228607135942e-01
3.329166666666666430e+01,-1.056394294838908232e+00
3.331250000000000000e+01,-1.269402731380378402e+00
3.333333333333332860e+01,-1.380829599752217307e+00
3.335416666666666430e+01,-1.366743813347036429e+00
3.337500000000000000e+01,-1.239585548227701839e+00
3.339583333333332860e+01,-1.042853576312714248e+00
3.341666666666666430e+01,-8.310255052224077010e-01
3.343750000000000000e+01,-6.517014832393823731e-01
3.345833333333332860e+01,-5.356206558503279203e-01
3.347916666666666430e+01,-4.950543258344883846e-01
3.350000000000000000e+01,-5.267961157592579990e-01
3.352083333333332860e+01,-6.159494896564907673e-01
3.354166666666666430e+01,-7.389163690578236521e-01
3.356250000000000000e+01,-8.658592431003266920e-01
3.358333333333332860e+01,-9.635203942282266620e-01
3.360416666666666430e+01,-9.962217580379169046e-01
3.362500000000000000e+01,-9.373925898335440099e-01
3.364583333333332860e+01,-7.748051701680087611e-01
3.366666666666666430e+01,-5.052087191921211806e-01
3.368750000000000000e+01,-1.355267712203387098e-01
3.370833333333332860e+01,3.133853645806766730e-01
3.372916666666666430e+01,8.030802630688100852e-01
3.375000000000000000e+01,1.271439759819169568e+00
3.377083333333332860e+01,1.638250567388393808e+00
3.379166666666666430e+01,1.829981974956172763e+00
3.381250000000000000e+01,1.803878332909816251e+00
3.383333333333332860e+01,1.565031805433084289e+00
3.385416666666666430e+01,1.166440009737028216e+00
3.387500000000000000e+01,6.924605233987539687e-01
3.389583333333332860e+01,2.339067579670071617e-01
3.391666666666666430e+01,-1.344399292314663596e-01
3.393750000000000000e+01,-3.665931181675236572e-01
3.395833333333332860e+01,-4.476953164703327825e-01
3.397916666666666430e+01,-3.890766858293616126e-01
3.400000000000000000e+01,-2.209380762467801074e-01
3.402083333333332860e+01,2.449494898266751930e-02
3.404166666666666430e+01,3.088883198476178871e-01
3.406250000000000000e+01,5.171062895904002810e-01
3.408333333333332860e+01,5.102930979591902005e-01
3.410416666666666430e+01,4.868163590211072589e-01
3.412500000000000000e+01,4.617778743707707245e-01
3.414583333333332860e+01,4.354091199717270433e-01
3.416666666666666430e+01,4.079457071412878610e-01
3.418750000000000000e+01,3.796252459296862170e-01
3.420833333333332860e+01,3.506852913389318926e-01
3.422916666666666430e+01,3.213613856572567484e-01
3.425000000000000000e+01,2.918852084998671548e-01
3.427083333333332860e+01,2.624828444747805967e-01
3.429166666666666430e+01,2.333731767484631126e-01
3.431250000000000000e+01,2.047664131828971779e-01
3.433333333333332860e+01,1.768627501651898748e-01
3.435416666666666430e+01,1.498511777629883690e-01
3.437500000000000000e+01,1.239084284224728355e-01
3.439583333333332860e+01,9.919807008779195356e-02
3.441666666666666430e+01,7.586974336743712577e-02
3.443750000000000000e+01,-5.750378931962275147e-02
3.445833333333332860e+01,-3.542633002188497193e-01
3.447916666666666430e+01,-7.710234099150579112e-01
3.450000000000000000e+01,-1.210418697948217881e+00
3.452083333333332860e+01,-1.608724888318369795e+00
3.454166666666666430e+01,-1.944962922647886172e+00
3.456250000000000000e+01,-2.181295612730083100e+00
3.458333333333332860e+01,-2.335441091560288118e+00
3.460416666666666430e+01,-2.413782787781451056e+00
3.462500000000000000e+01,-2.491295272496581781e+00
3.464583333333332860e+01,-2.559453453541924883e+00
3.466666666666666430e+01,-2.613163539451522688e+00
3.468750000000000000e+01,-2.700354813298270429e+00
3.470833333333332860e+01,-2.894515656571446716e+00
3.472916666666666430e+01,-2.877703658718755442e+00
3.475000000000000000e+01,-2.497397518567960883e+00
3.477083333333332860e+01,-2.029637504344971255e+00
3.479166666666666430e+01,-1.569890456885222996e+00
3.481250000000000000e+01,-1.256678958509942268e+00
3.483333333333332860e+01,-1.053643352454605608e+00
3.485416666666666430e+01,-8.985109863694732413e-01
3.487500000000000000e+01,-7.418297676742714453e-01
3.489583333333332860e+01,-5.486908535020015298e-01
3.491666666666666430e+01,-2.983080353054188283e-01
3.493750000000000000e+01,1.558223152285941916e-02
3.495833333333332860e+01,3.838750790871700014e-01
3.497916666666666430e+01,7.816928508581445501e-01
3.500000000000000000e+01,1.181842538198560666e+00
3.502083333333332860e+01,1.599889600938310119e+00
3.504166666666666430e+01,2.004610623747264952e+00
3.506250000000000000e+01,2.341956326632656626e+00
3.508333333333332860e+01,2.550096708463038819e+00
3.510416666666666430e+01,2.561228919848392849e+00
3.512500000000000000e+01,2.348497351210458994e+00
3.514583333333332860e+01,2.022419344619621917e+00
3.516666666666666430e+01,1.647262284294906065e+00
3.518750000000000000e+01,1.213554720908726070e+00
3.520833333333332860e+01,7.250632656751943017e-01
3.522916666666666430e+01,1.931868100124534415e-01
3.525000000000000000e+01,-3.683694488436974335e-01
3.527083333333332860e+01,-9.474116227668567536e-01
3.529166666666666430e+01,-1.534879325168419184e+00
3.531250000000000000e+01,-2.124859409690157630e+00
3.533333333333332860e+01,-2.713843200760954755e+00
3.535416666666666430e+01,-3.299812659208113619e+00
3.537500000000000000e+01,-3.881439924116270479e+00
3.539583333333332860e+01,-4.457501977896872525e+00
3.541666666666666430e+01,-4.990109538748900952e+00
3.543750000000000000e+01,-5.292019771410523710e+00
3.545833333333332860e+01,-5.341846735390034517e+00
3.547916666666666430e+01,-5.133064143652443789e+00
3.550000000000000000e+01,-4.655148920313105343e+00
3.552083333333332860e+01,-4.015922617996588784e+00
3.554166666666666430e+01,-3.379669683564118898e+00
3.556250000000000000e+01,-2.748206026892630938e+00
3.558333333333332860e+01,-2.124953664554195321e+00
3.560416666666666430e+01,-1.515053579491425051e+00
3.562500000000000000e+01,-9.225866512484334203e-01
3.564583333333332860e+01,-3.480606273202128675e-01
3.566666666666666430e+01,2.114679485530562009e-01
3.568750000000000000e+01,7.607901135945117632e-01
3.570833333333332860e+01,1.297687155074743970e+00
3.572916666666666430e+01,1.829922036292275234e+00
3.575000000000000000e+01,2.368725690772395254e+00
3.577083333333332860e+01,2.909015479072399213e+00
3.579166666666666430e+01,3.458691481371192200e+00
3.581250000000000000e+01,4.005525027693752627e+00
3.583333333333332860e+01,4.541540053807874067e+00
3.585416666666666430e+01,5.098531439938148502e+00
3.587500000000000000e+01,5.522044858842063420e+00
3.589583333333332860e+01,5.589812849217572932e+00
3.591666666666666430e+01,5.545412853180434531e+00
3.593750000000000000e+01,5.500748231704356783e+00
3.595833333333332860e+01,5.456034155038238076e+00
3.597916666666666430e+01,5.411482929096012029e+00
3.600000000000000000e+01,5.367300875825946171e+00
3.602083333333332860e+01,5.323685492302559830e+00
3.604166666666666430e+01,5.280822912665190216e+00
3.606250000000000000e+01,5.135330805839639190e+00
3.608333333333332860e+01,4.808580206873763530e+00
3.610416666666666430e+01,4.357694870738948012e+00
3.612500000000000000e+01,3.889690399661915432e+00
3.614583333333332860e+01,3.414744327205873287e+00
3.616666666666666430e+01,2.913481949325072762e+00
3.618750000000000000e+01,2.407386506082779043e+00
3.620833333333332860e+01,1.909246614486634686e+00
3.622916666666666430e+01,1.417668467359860074e+00
3.625000000000000000e+01,9.169686483981059899e-01
3.627083333333332860e+01,3.912653170843642947e-01
3.629166666666666430e+01,-1.763272371583345932e-01
3.631250000000000000e+01,-7.988134910222169927e-01
3.633333333333332860e+01,-1.440066980898766280e+00
3.635416666666666430e+01,-2.086425752514042387e+00
3.637500000000000000e+01,-2.239876160073113631e+00
3.639583333333332860e+01,-2.164582857114304648e+00
3.641666666666666430e+01,-2.143390925715765949e+00
3.643750000000000000e+01,-2.122152286169805446e+00
3.645833333333332860e+01,-2.100992398280856044e+00
3.647916666666666430e+01,-2.080032524967180052e+00
3.650000000000000000e+01,-2.059388425541255341e+00
3.652083333333332860e+01,-2.039169189783577529e+00
3.654166666666666430e+01,-2.019476218297282966e+00
3.656250000000000000e+01,-2.000402352350484136e+00
3.658333333333332860e+01,-1.982031154280916807e+00
3.660416666666666430e+01,-1.964436337568383317e+00
3.662500000000000000e+01,-1.947681343885773853e+00
3.664583333333332860e+01,-1.931819062826766409e+00
3.666666666666666430e+01,-1.916891688582170739e+00
3.668750000000000000e+01,-1.902930706598722210e+00
3.670833333333332860e+01,-1.889957002202820924e+00
3.672916666666666430e+01,-1.877981082303742832e+00
3.675000000000000000e+01,-1.867003400600668162e+00
3.677083333333332860e+01,-1.857014776198183448e+00
3.679166666666666430e+01,-1.847996895176923005e+00
3.681250000000000000e+01,-1.839922884459787689e+00
3.683333333333332860e+01,-1.832757947248772945e+00
3.685416666666666430e+01,-1.826460049371262384e+00
3.687500000000000000e+01,-1.820980646055612828e+00
3.689583333333332860e+01,-1.974672849318213297e+00
3.691666666666666430e+01,-1.934966419143873795e+00
3.693750000000000000e+01,-1.942787347981017376e+00
3.695833333333332860e+01,-1.951646679378789884e+00
3.697916666666666430e+01,-1.961418723752241355e+00
3.700000000000000000e+01,-1.971975792670393579e+00
3.702083333333332860e+01,-1.983189071421882499e+00
3.704166666666666430e+01,-1.994929462738593395e+00
3.706250000000000000e+01,-2.007068397531384552e+00
3.708333333333332860e+01,-2.019478608944953901e+00
3.710416666666666430e+01,-2.032034866489111913e+00
3.712500000000000000e+01,-2.044614667448211520e+00
3.714583333333332860e+01,-2.057098883206452289e+00
3.716666666666666430e+01,-2.069372358551744284e+00
3.718750000000000000e+01,0.000000000000000000e+00
3.720833333333332860e+01,-4.341533981618999061e-01
3.722916666666666430e+01,-8.693139546747644664e-01
3.725000000000000000e+01,-1.305979801098169801e+00
3.727083333333332860e+01,-1.744388304506824028e+00
3.729166666666666430e+01,-2.076609398288151276e+00
3.731250000000000000e+01,-2.223900240494309344e+00
3.733333333333332860e+01,-2.203111753999578148e+00
3.735416666666666430e+01,-2.047324372173173312e+00
3.737500000000000000e+01,-1.794655444792400800e+00
3.739583333333332860e+01,-1.483581197345421820e+00
3.741666666666666430e+01,-1.149094860738534507e+00
3.743750000000000000e+01,-8.199499568957283602e-01
3.745833333333332860e+01,-5.173392875710353112e-01
3.747916666666666430e+01,-2.548720565105411784e-01
3.750000000000000000e+01,-3.943942007912050463e-02
3.752083333333332860e+01,1.274417068919969087e-01
3.754166666666666430e+01,2.481842046524563861e-01
3.756250000000000000e+01,3.278194265706400046e-01
3.758333333333332860e+01,3.727999645396147255e-01
3.760416666666666430e+01,3.900242743346149510e-01
3.762500000000000000e+01,3.861514452409957054e-01
3.764583333333332860e+01,3.671898981285441343e-01
3.766666666666666430e+01,3.383031948178771842e-01
3.768750000000000000e+01,3.037627158592077770e-01
3.770833333333332860e+01,2.669833318636166131e-01
3.772916666666666430e+01,2.305961156019684100e-01
3.775000000000000000e+01,1.965325458266425351e-01
3.777083333333332860e+01,1.661101194422049676e-01
3.779166666666666430e+01,1.401178832600937507e-01
3.781250000000000000e+01,1.189052581705214440e-01
3.783333333333332860e+01,1.024775344249888864e-01
3.785416666666666430e+01,9.059656900609569519e-02
3.787500000000000000e+01,8.288064406440051601e-02
3.789583333333332860e+01,7.889553173407959363e-02
3.791666666666666430e+01,7.822925717757449326e-02
3.793750000000000000e+01,8.054518333250869355e-02
3.795833333333332860e+01,8.561112785685927318e-02
3.797916666666666430e+01,9.330552203631664598e-02
3.800000000000000000e+01,1.036045061987000276e-01
3.802083333333332860e+01,1.165559074286704050e-01
3.804166666666666430e+01,1.322470740404187994e-01
3.806250000000000000e+01,1.507735370539349529e-01
3.808333333333332860e+01,1.722144766279143091e-01
3.810416666666666430e+01,1.966191251864971568e-01
3.812500000000000000e+01,2.240060421101645882e-01
3.814583333333332860e+01,2.543752289625604290e-01
3.816666666666666430e+01,2.877314545379745514e-01
3.818750000000000000e+01,3.241159340389089816e-01
3.820833333333332860e+01,3.636427437013852737e-01
3.822916666666666430e+01,4.065359966167024774e-01
3.825000000000000000e+01,4.531636090051707755e-01
3.827083333333332860e+01,5.040631025916246788e-01
3.829166666666666430e+01,5.599539643307299697e-01
3.831250000000000000e+01,6.217293357626858530e-01
3.833333333333332860e+01,6.904171292124748893e-01
3.835416666666666430e+01,7.670973744012942186e-01
3.837500000000000000e+01,8.527598432933757300e-01
3.839583333333332860e+01,9.480864692930196513e-01
3.841666666666666430e+01,1.053136682847096939e+00
3.843750000000000000e+01,1.166991741805002869e+00
3.845833333333332860e+01,1.287408408089673051e+00
3.847916666666666430e+01,1.410533763882074076e+00
3.850000000000000000e+01,1.530888800070731248e+00
3.852083333333332860e+01,1.641737712027096618e+00
3.854166666666666430e+01,1.735854895058003278e+00
3.856250000000000000e+01,1.806522519451933428e+00
3.858333333333332860e+01,1.848451986372955824e+00
3.860416666666666430e+01,1.858333651451945290e+00
3.862500000000000000e+01,1.834892006921290619e+00
3.864583333333332860e+01,1.778547978824157161e+00
3.866666666666666430e+01,1.690927818555862494e+00
3.868750000000000000e+01,1.574450833921775095e+00
3.870833333333332860e+01,1.432118766267643561e+00
3.872916666666666430e+01,1.267502520150202594e+00
3.875000000000000000e+01,1.084838095970825478e+00
3.877083333333332860e+01,8.891186102153108006e-01
3.879166666666666430e+01,6.860887713888501604e-01
3.881250000000000000e+01,4.820900080806365673e-01
3.883333333333332860e+01,2.837510587952121188e-01
3.885416666666666430e+01,9.755917475625829061e-02
3.887500000000000000e+01,-7.062521854213844874e-02
3.889583333333332860e+01,-2.160355287432974836e-01
3.891666666666666430e+01,-3.353763951675415300e-01
3.893750000000000000e+01,-4.270566130860328768e-01
3.895833333333332860e+01,-4.912473497892330121e-01
3.897916666666666430e+01,-5.297631323230789224e-01
3.900000000000000000e+01,-5.457891148422369110e-01
3.902083333333332860e+01,-5.434984611352050576e-01
3.904166666666666430e+01,-5.276152973658692069e-01
3.906250000000000000e+01,-5.029800970871953769e-01
3.908333333333332860e+01,-4.741661145299952973e-01
3.910416666666666430e+01,-4.451802606156787245e-01
3.912500000000000000e+01,-4.192636943256109472e-01
3.914583333333332860e+01,-3.987906566949219189e-01
3.916666666666666430e+01,-3.852519557744523704e-01
3.918750000000000000e+01,-3.793033930456217173e-01
3.920833333333332860e+01,3.141001112232262860e-01
3.922916666666666430e+01,9.520362443821099863e-01
3.925000000000000000e+01,1.332338222454950039e+00
3.927083333333332860e+01,1.461733398549895702e+00
3.929166666666666430e+01,1.364192346089018848e+00
3.931250000000000000e+01,1.069860178524856931e+00
3.933333333333332860e+01,6.178991054946143535e-01
3.935416666666666430e+01,5.705397383209442896e-02
3.937500000000000000e+01,-5.567671682430480606e-01
3.939583333333332860e+01,-1.157507367029162682e+00
3.941666666666666430e+01,-1.697580447622011324e+00
3.943750000000000000e+01,-2.129456120218705006e+00
3.945833333333332860e+01,-2.409028959427045535e+00
3.947916666666666430e+01,-2.525267020535413298e+00
3.950000000000000000e+01,-2.518433415368889428e+00
3.952083333333332860e+01,-2.421550790277136489e+00
3.954166666666666430e+01,-2.303354149246993998e+00
3.956250000000000000e+01,-2.207190259113286146e+00
3.958333333333332860e+01,-2.179538631136088256e+00
3.960416666666666430e+01,-2.251596761886883957e+00
3.962500000000000000e+01,-2.426080835862251206e+00
3.964583333333332860e+01,-2.680196508515527487e+00
3.966666666666666430e+01,-2.969519618663854832e+00
3.968750000000000000e+01,-3.266046836804877174e+00
3.970833333333332860e+01,-3.517945042220337104e+00
3.972916666666666430e+01,-3.679891479996710402e+00
3.975000000000000000e+01,-3.708272017814155053e+00
3.977083333333332860e+01,-3.562431067194276491e+00
3.979166666666666430e+01,-3.207866914041373363e+00
3.981250000000000000e+01,-2.621421316066883112e+00
3.983333333333332860e+01,-1.988037142712837824e+00
3.985416666666666430e+01,-1.359943981062189389e+00
3.987500000000000000e+01,-7.257998687511516556e-01
3.989583333333332860e+01,-7.951460493722854739e-02
3.991666666666666430e+01,5.781123932153323652e-01
3.993750000000000000e+01,1.241083530189460049e+00
3.995833333333332860e+01,1.905357006781704721e+00
3.997916666666666430e+01,2.559303351584766961e+00
4.000000000000000000e+01,3.196308388030590919e+00
4.002083333333332860e+01,3.813131755089302022e+00
4.004166666666666430e+01,4.410692382823035551e+00
4.006250000000000000e+01,4.994399428639463956e+00
4.008333333333332860e+01,5.560254184868021810e+00
4.010416666666666430e+01,5.990623609932033133e+00
4.012500000000000000e+01,6.232976930816587213e+00
4.014583333333332860e+01,6.293198303271621441e+00
4.016666666666666430e+01,6.133274102584024945e+00
4.018750000000000000e+01,5.702346268228077442e+00
4.020833333333332860e+01,5.066493794655009708e+00
4.022916666666666430e+01,4.443822657462804138e+00
4.025000000000000000e+01,3.834029090212895952e+00
4.027083333333332860e+01,3.224478943772799422e+00
4.029166666666666430e+01,2.611397663505423683e+00
4.031250000000000000e+01,2.004018301055744633e+00
4.033333333333332860e+01,1.415721480878245897e+00
4.035416666666666430e+01,8.549351293082217973e-01
4.037500000000000000e+01,3.244168516047393758e-01
4.039583333333332860e+01,-1.801973129343504842e-01
4.041666666666666430e+01,-6.665781983044001269e-01
4.043750000000000000e+01,-1.144048813904937623e+00
4.045833333333332860e+01,-1.622411130680433855e+00
4.047916666666666430e+01,-2.106493642540257394e+00
4.050000000000000000e+01,-2.601833374465452486e+00
4.052083333333332860e+01,-3.113384868840376019e+00
4.054166666666666430e+01,-3.646827467799767852e+00
4.056250000000000000e+01,-4.210175321068476251e+00
4.058333333333332860e+01,-4.655151929350346052e+00
4.060416666666666430e+01,-4.609822035483224667e+00
4.062500000000000000e+01,-4.564413077557198051e+00
4.064583333333332860e+01,-4.519202023454160333e+00
4.066666666666666430e+01,-4.474456205140320719e+00
4.068750000000000000e+01,-4.430430298478739815e+00
4.070833333333332860e+01,-4.387363636110253928e+00
4.072916666666666430e+01,-4.345477866933619815e+00
4.075000000000000000e+01,-4.304974970064641582e+00
4.077083333333332860e+01,-4.266035625869488257e+00
4.079166666666666430e+01,-4.228817941789270840e+00
4.081250000000000000e+01,-4.193456526231393866e+00
4.083333333333332860e+01,-4.160061899819107012e+00
4.085416666666666430e+01,-4.128720229776259742e+00
4.087500000000000000e+01,-4.099493370183997065e+00
4.089583333333332860e+01,-4.072419188277479840e+00
4.091666666666666430e+01,-4.047512154844905119e+00
4.093750000000000000e+01,-4.024764175133904054e+00
4.095833333333332860e+01,-4.004145635443003393e+00
4.097916666666666430e+01,-3.985606639755574943e+00
4.100000000000000000e+01,-3.829047106979606152e+00
4.102083333333332860e+01,-3.674895069725960806e+00
4.104166666666666430e+01,-3.665530164119762180e+00
4.106250000000000000e+01,-3.656753272355334872e+00
4.108333333333332860e+01,-3.648506322245530509e+00
4.110416666666666430e+01,-3.640729579039129860e+00
4.112500000000000000e+01,-3.633362159130000713e+00
4.114583333333332860e+01,-3.626342530910581008e+00
4.116666666666666430e+01,-3.619608999404727356e+00
4.118750000000000000e+01,-3.613100171641296487e+00
4.120833333333332860e+01,-3.606755400060436489e+00
4.122916666666666430e+01,-3.600515201576393931e+00
4.125000000000000000e+01,-3.594321650250686062e+00
4.127083333333332860e+01,-3.588118741855121474e+00
4.129166666666666430e+01,-3.581852728922962914e+00
4.131250000000000000e+01,0.000000000000000000e+00
4.133333333333332860e+01,-4.523721078099646742e-01
4.135416666666666430e+01,-9.063378829629015199e-01
4.137500000000000000e+01,-1.362285693076668691e+00
4.139583333333332860e+01,-1.820343105450078935e+00
4.141666666666666430e+01,-2.117813856044338028e+00
4.143750000000000000e+01,-2.219571338554446438e+00
4.145833333333332860e+01,-2.151698206979539840e+00
4.147916666666666430e+01,-1.953158837717156926e+00
4.150000000000000000e+01,-1.666896994215903760e+00
4.152083333333332860e+01,-1.334652290368357530e+00
4.154166666666666430e+01,-9.926957735692661933e-01
4.156250000000000000e+01,-6.691066022453112661e-01
4.158333333333332860e+01,-3.828596545519822314e-01
4.160416666666666430e+01,-1.443906588425029613e-01
4.162500000000000000e+01,4.293124334307104467e-02
4.164583333333332860e+01,1.809460082630874878e-01
4.166666666666666430e+01,2.749237518174894035e-01
4.168750000000000000e+01,3.319953812150844841e-01
4.170833333333332860e+01,3.598504263158163741e-01
4.172916666666666430e+01,3.658220423221688611e-01
4.175000000000000000e+01,3.563593764849796175e-01
4.177083333333332860e+01,3.368120131976652387e-01
4.179166666666666430e+01,3.114243648499869788e-01
4.181250000000000000e+01,2.834432359562160109e-01
4.183333333333332860e+01,2.552663691051401673e-01
4.185416666666666430e+01,2.285900985023207876e-01
4.187500000000000000e+01,2.045393125843379678e-01
4.189583333333332860e+01,1.837778562884936906e-01
4.191666666666666430e+01,1.666053997060914227e-01
4.193750000000000000e+01,1.530490360898159874e-01
4.195833333333332860e+01,1.429536423404783596e-01
4.197916666666666430e+01,1.360692213014710605e-01
4.200000000000000000e+01,1.321299149232266490e-01
4.202083333333332860e+01,1.309184848582586325e-01
4.204166666666666430e+01,1.323101819297657911e-01
4.206250000000000000e+01,1.362902824184028527e-01
4.208333333333332860e+01,1.429606721136281733e-01
4.210416666666666430e+01,1.525243275984211888e-01
4.212500000000000000e+01,1.652538660460839692e-01
4.214583333333332860e+01,1.814535621099819251e-01
4.216666666666666430e+01,2.014216841146565518e-01
4.218750000000000000e+01,2.254192137928449635e-01
4.220833333333332860e+01,2.536495424268525034e-01
4.222916666666666430e+01,2.862517025882767574e-01
4.225000000000000000e+01,3.233075656131781384e-01
4.227083333333332860e+01,3.648614908585844363e-01
4.229166666666666430e+01,4.109491839731884699e-01
4.231250000000000000e+01,4.616310640674116672e-01
4.233333333333332860e+01,5.170242910752940180e-01
4.235416666666666430e+01,5.773266563005233776e-01
4.237500000000000000e+01,6.428245956934992567e-01
4.239583333333332860e+01,7.138765341720697544e-01
4.241666666666666430e+01,7.908618060956300599e-01
4.243750000000000000e+01,8.740853065887074225e-01
4.245833333333332860e+01,9.636304657267313889e-01
4.247916666666666430e+01,1.059160679456449650e+00
4.250000000000000000e+01,1.159684764016885028e+00
4.252083333333332860e+01,1.263326093162660424e+00
4.254166666666666430e+01,1.367162665544350064e+00
4.256250000000000000e+01,1.467221904623140727e+00
4.258333333333332860e+01,1.558698340618903222e+00
4.260416666666666430e+01,1.636400909953388494e+00
4.262500000000000000e+01,1.695344052002249580e+00
4.264583333333332860e+01,1.731321422349020089e+00
4.266666666666666430e+01,1.741296762480430971e+00
4.268750000000000000e+01,1.723526538967722566e+00
4.270833333333332860e+01,1.677447993893830702e+00
4.272916666666666430e+01,1.603453855745147427e+00
4.275000000000000000e+01,1.502689092667436777e+00
4.277083333333332860e+01,1.376954801622423785e+00
4.279166666666666430e+01,1.228730104079265084e+00
4.281250000000000000e+01,1.061263118507169034e+00
4.283333333333332860e+01,8.786546074148463559e-01
4.285416666666666430e+01,6.858617706288205884e-01
4.287500000000000000e+01,4.885747960291703662e-01
4.289583333333332860e+01,2.929536424289576613e-01
4.291666666666666430e+01,1.052472169561954052e-01
4.293750000000000000e+01,-6.865587776901230233e-02
4.295833333333332860e+01,-2.236811503309842353e-01
4.297916666666666430e+01,-3.559616529141814700e-01
4.300000000000000000e+01,-4.631169569082831949e-01
4.302083333333332860e+01,-5.443825901255773259e-01
4.304166666666666430e+01,-6.005777166797539035e-01
4.306250000000000000e+01,-6.339217136548849219e-01
4.308333333333332860e+01,-6.477300201484795794e-01
4.310416666666666430e+01,-6.460336062066455165e-01
4.312500000000000000e+01,-6.331726889955464621e-01
4.314583333333332860e+01,-6.134131290280880888e-01
4.316666666666666430e+01,-5.906242023915502237e-01
4.318750000000000000e+01,-5.680418542370965218e-01
4.320833333333332860e+01,-5.481258111278355383e-01
4.322916666666666430e+01,-5.325055712052404466e-01
4.325000000000000000e+01,-5.220014718561758471e-01
4.327083333333332860e+01,-5.167031488311568665e-01
4.329166666666666430e+01,-5.160877182266867536e-01
4.331250000000000000e+01,-5.191622485944465959e-01
4.333333333333332860e+01,1.303326041840814353e-01
4.335416666666666430e+01,6.013142543015592700e-01
4.337500000000000000e+01,8.380166123034803460e-01
4.339583333333332860e+01,8.594572479463511439e-01
4.341666666666666430e+01,6.917012800741764167e-01
4.343750000000000000e+01,3.684806096654164032e-01
4.345833333333332860e+01,-6.608676929817390577e-02
4.347916666666666430e+01,-5.578943292938779441e-01
4.350000000000000000e+01,-1.046156552045927501e+00
4.352083333333332860e+01,-1.469276381218904914e+00
4.354166666666666430e+01,-1.772857605887863119e+00
4.356250000000000000e+01,-1.920122973675610467e+00
4.358333333333332860e+01,-1.904597578911270794e+00
4.360416666666666430e+01,-1.764014803893992456e+00
4.362500000000000000e+01,-1.592620715790034724e+00
4.364583333333332860e+01,-1.423469450735687536e+00
4.366666666666666430e+01,-1.315160632641168892e+00
4.368750000000000000e+01,-1.304351784236498890e+00
4.370833333333332860e+01,-1.407070199640517494e+00
4.372916666666666430e+01,-1.612811687340649058e+00
4.375000000000000000e+01,-1.888042539164216604e+00
4.377083333333332860e+01,-2.195023506650325196e+00
4.379166666666666430e+01,-2.493514326296692118e+00
4.381250000000000000e+01,-2.743209171632170040e+00
4.383333333333332860e+01,-2.905076326336620607e+00
4.385416666666666430e+01,-2.942708336947093439e+00
4.387500000000000000e+01,-2.824243106567243089e+00
4.389583333333332860e+01,-2.524971089013594128e+00
4.391666666666666430e+01,-2.031182693418581486e+00
4.393750000000000000e+01,-1.405001454359366297e+00
4.395833333333332860e+01,-7.744437247856357232e-01
4.397916666666666430e+01,-1.299371674901826090e-01
4.400000000000000000e+01,5.328491508634013440e-01
4.402083333333332860e+01,1.209275740685649803e+00
4.404166666666666430e+01,1.888572726791078349e+00
4.406250000000000000e+01,2.557503844396010528e+00
4.408333333333332860e+01,3.204109728049587602e+00
4.410416666666666430e+01,3.820350695309857603e+00
4.412500000000000000e+01,4.294342605706792604e+00
4.414583333333332860e+01,4.554921075240239148e+00
4.416666666666666430e+01,4.637928260651774437e+00
4.418750000000000000e+01,4.582382247338426140e+00
4.420833333333332860e+01,4.405357189230754145e+00
4.422916666666666430e+01,4.106834953462020543e+00
4.425000000000000000e+01,3.668318623235318210e+00
4.427083333333332860e+01,3.077178562978375442e+00
4.429166666666666430e+01,2.499585013328212924e+00
4.431250000000000000e+01,1.929887825064107831e+00
4.433333333333332860e+01,1.358680213771996437e+00
4.435416666666666430e+01,7.784034681466013295e-01
4.437500000000000000e+01,1.872383008996719722e-01
4.439583333333332860e+01,-4.061280332759180101e-01
4.441666666666666430e+01,-9.998184188289249708e-01
4.443750000000000000e+01,-1.592446434622448725e+00
4.445833333333332860e+01,-2.182972699586332332e+00
4.447916666666666430e+01,-2.771116693625636618e+00
4.450000000000000000e+01,-3.357424333430194974e+00
4.452083333333332860e+01,-3.940201238110906168e+00
4.454166666666666430e+01,-4.518231052188000696e+00
4.456250000000000000e+01,-5.095605148395045525e+00
4.458333333333332860e+01,-5.677318979834764967e+00
4.460416666666666430e+01,-6.267660844935357467e+00
4.462500000000000000e+01,-6.496066829319954827e+00
4.464583333333332860e+01,-6.333252587691685420e+00
4.466666666666666430e+01,-5.845646705950746203e+00
4.468750000000000000e+01,-5.197829054974936192e+00
4.470833333333332860e+01,-4.556955105627859659e+00
4.472916666666666430e+01,-3.911581387728235715e+00
4.475000000000000000e+01,-3.252380063058184501e+00
4.477083333333332860e+01,-2.571943945315346980e+00
4.479166666666666430e+01,-1.863634148212890640e+00
4.481250000000000000e+01,-1.134295562816187264e+00
4.483333333333332860e+01,-4.134127283133502417e-01
4.485416666666666430e+01,2.687923673323675544e-01
4.487500000000000000e+01,9.001318026436745390e-01
4.489583333333332860e+01,1.485088854169055672e+00
4.491666666666666430e+01,2.035293247283450846e+00
4.493750000000000000e+01,2.565348241462384493e+00
4.495833333333332860e+01,3.091162582135407622e+00
4.497916666666666430e+01,3.629599362503153515e+00
4.500000000000000000e+01,4.171306361321608591e+00
4.502083333333332860e+01,4.712668772718628496e+00
4.504166666666666430e+01,5.258476273885976937e+00
4.506250000000000000e+01,5.537878283997647699e+00
4.508333333333332860e+01,5.493194555067954177e+00
4.510416666666666430e+01,5.448854601654949725e+00
4.512500000000000000e+01,5.405047542106546921e+00
4.514583333333332860e+01,5.361951842032434357e+00
4.516666666666666430e+01,5.319732899058512210e+00
4.518750000000000000e+01,5.278540991786782044e+00
4.520833333333332860e+01,5.238509600217546414e+00
4.522916666666666430e+01,5.199754098067667307e+00
4.525000000000000000e+01,5.162370811224191947e+00
4.527083333333332860e+01,5.126436431050411358e+00
4.529166666666666430e+01,5.092007766437662397e+00
4.531250000000000000e+01,5.059121814382202764e+00
4.533333333333332860e+01,5.027796125459536469e+00
4.535416666666666430e+01,4.998029437854140333e+00
4.537500000000000000e+01,4.969802551555793535e+00
4.539583333333332860e+01,4.676898512537574604e+00
4.541666666666666430e+01,4.306712727438150701e+00
4.543750000000000000e+01,4.128426065196272532e+00
4.545833333333332860e+01,4.114112099598812300e+00
4.547916666666666430e+01,4.100127889182314078e+00
4.550000000000000000e+01,4.086435049926201657e+00
4.552083333333332860e+01,4.072994992737652531e+00
4.554166666666666430e+01,4.059769252347948054e+00
4.556250000000000000e+01,4.046719800222778218e+00
4.558333333333332860e+01,4.033809339547254957e+00
4.560416666666666430e+01,4.021001580629525840e+00
4.562500000000000000e+01,4.008261495345927905e+00
4.564583333333332860e+01,3.995555549523132743e+00
4.566666666666666430e+01,3.982851912416689899e+00
4.568750000000000000e+01,3.970120642698828473e+00
4.570833333333332860e+01,3.957333850609887627e+00
4.572916666666666430e+01,3.944465836155853999e+00
4.575000000000000000e+01,3.931493203448147788e+00
4.577083333333332860e+01,3.918394951480180133e+00
4.579166666666666430e+01,3.905152541817569212e+00
4.581250000000000000e+01,3.891749943844889703e+00
4.583333333333332860e+01,3.878173658361118825e+00
4.585416666666666430e+01,3.864412720448477057e+00
