0.000000000000000000e+00,1.470503988203952783e-01
2.083333333333333218e-02,1.470514929772313295e-01
4.166666666666666435e-02,1.470746824838328470e-01
6.250000000000000000e-02,1.471856157793168252e-01
8.333333333333332871e-02,1.474995875510470844e-01
1.041666666666666574e-01,1.481794132670548880e-01
1.250000000000000000e-01,1.494245087102892278e-01
1.458333333333333148e-01,1.514549052544275354e-01
1.666666666666666574e-01,1.544937489116089691e-01
1.875000000000000000e-01,1.587512460519205915e-01
2.083333333333333148e-01,1.644123467379027259e-01
2.291666666666666574e-01,1.716291653756905622e-01
2.500000000000000000e-01,1.805177891347005681e-01
2.708333333333333148e-01,1.911583277391744329e-01
2.916666666666666297e-01,2.035969431320136247e-01
3.125000000000000000e-01,2.178489312726772098e-01
3.333333333333333148e-01,2.339023863592219477e-01
3.541666666666666297e-01,2.517223280822395437e-01
3.750000000000000000e-01,2.712553173660335326e-01
3.958333333333333148e-01,2.924345391426829699e-01
4.166666666666666297e-01,3.151851849627249069e-01
4.375000000000000000e-01,3.394298232691375095e-01
4.583333333333333148e-01,3.650933701565461931e-01
4.791666666666666297e-01,3.921072961304408744e-01
5.000000000000000000e-01,4.204128091996264804e-01
5.208333333333332593e-01,4.499628997651061724e-01
5.416666666666666297e-01,4.807232738454654264e-01
5.625000000000000000e-01,5.126723082707064227e-01
5.833333333333332593e-01,5.458002240314904219e-01
6.041666666666666297e-01,5.801076963727884728e-01
6.250000000000000000e-01,6.156041137149165232e-01
6.458333333333332593e-01,6.523056733800964846e-01
6.666666666666666297e-01,6.902334689797212652e-01
6.875000000000000000e-01,7.294116881871579583e-01
7.083333333333332593e-01,7.698660045427967447e-01
7.291666666666666297e-01,8.116222154626585583e-01
7.500000000000000000e-01,8.547051521251408657e-01
7.708333333333332593e-01,8.991378658007180835e-01
7.916666666666666297e-01,9.449410790998866716e-01
8.125000000000000000e-01,9.921328786970597946e-01
8.333333333333332593e-01,1.040728617386800448e+00
8.541666666666666297e-01,1.090740987112338578e+00
8.750000000000000000e-01,1.142180220530650159e+00
8.958333333333332593e-01,1.195054376732806123e+00
9.166666666666666297e-01,1.249369667030351128e+00
9.375000000000000000e-01,1.305130779222307469e+00
9.583333333333332593e-01,1.362341163143933276e+00
9.791666666666666297e-01,1.421003245906377943e+00
1.000000000000000000e+00,1.481118551190860222e+00
1.020833333333333259e+00,1.542687702399118566e+00
1.041666666666666519e+00,1.605710293778129349e+00
1.062500000000000000e+00,1.670184616651477105e+00
1.083333333333333259e+00,1.736107229882509984e+00
1.104166666666666519e+00,1.803472365302597469e+00
1.125000000000000000e+00,1.872271160849149796e+00
1.145833333333333259e+00,1.942490717263729127e+00
1.166666666666666519e+00,2.014112978787063302e+00
1.187500000000000000e+00,2.087113444366472503e+00
1.208333333333333259e+00,2.161459723260529930e+00
1.229166666666666519e+00,2.237109957590147413e+00
1.250000000000000000e+00,2.314011145072861542e+00
1.270833333333333259e+00,2.392097409553066267e+00
1.291666666666666519e+00,2.471288287012395113e+00
1.312500000000000000e+00,2.551487121263540825e+00
1.333333333333333259e+00,2.632579693952861177e+00
1.354166666666666519e+00,2.714433240812284875e+00
1.375000000000000000e+00,2.796896019913095000e+00
1.395833333333333259e+00,2.879797587866326669e+00
1.416666666666666519e+00,2.962949901530610664e+00
1.437500000000000000e+00,3.046149299497303620e+00
1.458333333333333259e+00,3.129179341413319104e+00
1.479166666666666519e+00,3.211814429213369682e+00
1.500000000000000000e+00,3.293824113130811693e+00
1.520833333333333259e+00,3.374977729221726008e+00
1.541666666666666519e+00,3.455049193076258796e+00
1.562500000000000000e+00,3.533821820663580748e+00
1.583333333333333259e+00,3.611092965639200791e+00
1.604166666666666519e+00,3.686678255922439806e+00
1.625000000000000000e+00,3.760415215017620216e+00
1.645833333333333259e+00,3.832166074639094422e+00
1.666666666666666519e+00,3.901819633297425316e+00
1.687500000000000000e+00,3.969292086134499797e+00
1.708333333333333259e+00,4.034526826405684830e+00
1.729166666666666519e+00,4.097493278319030985e+00
1.750000000000000000e+00,4.158184856195946466e+00
1.770833333333333259e+00,4.216616164370629249e+00
1.791666666666666519e+00,4.272819572321126635e+00
1.812500000000000000e+00,4.326841331592412132e+00
1.833333333333333259e+00,4.378737442724809803e+00
1.854166666666666519e+00,4.428569515857682326e+00
1.875000000000000000e+00,4.476400877987418703e+00
1.895833333333333259e+00,4.522293151338751649e+00
1.916666666666666519e+00,4.566303464700868453e+00
1.937500000000000000e+00,4.608482379409685414e+00
1.958333333333333259e+00,4.648872534053188232e+00
1.979166666666666519e+00,4.687507951916312088e+00
2.000000000000000000e+00,4.724413918685435476e+00
2.020833333333333037e+00,4.759413786481158759e+00
2.041666666666666519e+00,4.792445511228629940e+00
2.062500000000000000e+00,4.823534750002241189e+00
2.083333333333333037e+00,4.852603870357405036e+00
2.104166666666666519e+00,4.879493872640998653e+00
2.125000000000000000e+00,4.903980338942888650e+00
2.145833333333333037e+00,4.925792112823316415e+00
2.166666666666666519e+00,4.944629198752413579e+00
2.187500000000000000e+00,4.960176784484762180e+00
2.208333333333333037e+00,4.972115906214058079e+00
2.229166666666666519e+00,4.980132251412729083e+00
2.250000000000000000e+00,4.983924577997698613e+00
2.270833333333333037e+00,4.983223480705201602e+00
2.291666666666666519e+00,4.978010248001303317e+00
2.312500000000000000e+00,4.968430245843712179e+00
2.333333333333333037e+00,4.954636426371009428e+00
2.354166666666666519e+00,4.936783638152071774e+00
2.375000000000000000e+00,4.915028790639124345e+00
2.395833333333333037e+00,4.889537479691004940e+00
2.416666666666666519e+00,4.860497786765691330e+00
2.437500000000000000e+00,4.828140490077824865e+00
2.458333333333333037e+00,4.792762886012205570e+00
2.479166666666666519e+00,4.754751251557498115e+00
2.500000000000000000e+00,4.714596051155067080e+00
2.520833333333333037e+00,4.672885457227920369e+00
2.541666666666666519e+00,4.630271815792255552e+00
2.562500000000000000e+00,4.587424447823925888e+00
2.583333333333333037e+00,4.544984849681629413e+00
2.604166666666666519e+00,4.503535679265236347e+00
2.625000000000000000e+00,4.463584810738374209e+00
2.645833333333333037e+00,4.425559289538304242e+00
2.666666666666666519e+00,4.389807973986126655e+00
2.687500000000000000e+00,4.356611445966916740e+00
2.708333333333333037e+00,4.326192541749975362e+00
2.729166666666666519e+00,4.298725241650839024e+00
2.750000000000000000e+00,4.274342673891214694e+00
2.770833333333333037e+00,4.253144464814555548e+00
2.791666666666666519e+00,4.235203173881549432e+00
2.812500000000000000e+00,4.220569194601540453e+00
2.833333333333333037e+00,4.209273165977219122e+00
2.854166666666666519e+00,4.201324615751019564e+00
2.875000000000000000e+00,4.196705462820691679e+00
2.895833333333333037e+00,4.195357443010443887e+00
2.916666666666666519e+00,4.197163676284280776e+00
2.937500000000000000e+00,4.201926515857801192e+00
2.958333333333333037e+00,4.209346095042404201e+00
2.979166666666666519e+00,4.219005323454129375e+00
3.000000000000000000e+00,4.230366661497926728e+00
3.020833333333333037e+00,4.242783784741203768e+00
3.041666666666666519e+00,4.255538589807192906e+00
3.062500000000000000e+00,4.267900568164339603e+00
3.083333333333333037e+00,4.279183790707503654e+00
3.104166666666666519e+00,4.288786721533490720e+00
3.125000000000000000e+00,4.296213805910225503e+00
3.145833333333333037e+00,4.301078368899573512e+00
3.166666666666666519e+00,4.303090208499526170e+00
3.187500000000000000e+00,4.302040683532895926e+00
3.208333333333333037e+00,4.297790036059330632e+00
3.229166666666666519e+00,4.290255131739050931e+00
3.250000000000000000e+00,4.279395370883269045e+00
3.270833333333333037e+00,4.265196632373928765e+00
3.291666666666666519e+00,4.247654037712178088e+00
3.312500000000000000e+00,4.226754890760530792e+00
3.333333333333333037e+00,4.202463705023480323e+00
3.354166666666666519e+00,4.174711570579320963e+00
3.375000000000000000e+00,4.143392370104840516e+00
3.395833333333333037e+00,4.108368603679306119e+00
3.416666666666666519e+00,4.069489699966303498e+00
3.437500000000000000e+00,4.026625221516100694e+00
3.458333333333333037e+00,3.979736420077575332e+00
3.479166666666666519e+00,3.928964736343552033e+00
3.500000000000000000e+00,3.874675745815415073e+00
3.520833333333333037e+00,3.817380990068389490e+00
3.541666666666666519e+00,3.757648605771115147e+00
3.562500000000000000e+00,3.696069513140047391e+00
3.583333333333333037e+00,3.633246559533094722e+00
3.604166666666666519e+00,3.569789056678155603e+00
3.625000000000000000e+00,3.506307450164896089e+00
3.645833333333333037e+00,3.443408164975073404e+00
3.666666666666666519e+00,3.381686951349887504e+00
3.687500000000000000e+00,3.321706919088377230e+00
3.708333333333333037e+00,3.263960248515000995e+00
3.729166666666666519e+00,3.208822222235089061e+00
3.750000000000000000e+00,3.156618679662473781e+00
3.770833333333333037e+00,3.107690713520657066e+00
3.791666666666666519e+00,3.062394294071204115e+00
3.812500000000000000e+00,3.021097123755657865e+00
3.833333333333333037e+00,2.984177302120829989e+00
3.854166666666666519e+00,2.952019964654609918e+00
3.875000000000000000e+00,2.924973580549647512e+00
3.895833333333333037e+00,2.903346702065725093e+00
3.916666666666666519e+00,2.887399720307254558e+00
3.937500000000000000e+00,2.877282211833989578e+00
3.958333333333333037e+00,2.873054706688797921e+00
3.979166666666666519e+00,2.874756711125364017e+00
4.000000000000000000e+00,2.882426700884938242e+00
4.020833333333333037e+00,2.896091288454273105e+00
4.041666666666666075e+00,2.915629036313581501e+00
4.062500000000000000e+00,2.940779197888077068e+00
4.083333333333333037e+00,2.971269628586131084e+00
4.104166666666666075e+00,3.006834381654644783e+00
4.125000000000000000e+00,3.047271979463814784e+00
4.145833333333333037e+00,3.092494878947758430e+00
4.166666666666666075e+00,3.142516849393363731e+00
4.187500000000000000e+00,3.197419452570183118e+00
4.208333333333333037e+00,3.257234772799258327e+00
4.229166666666666075e+00,3.321780954289446530e+00
4.250000000000000000e+00,3.390705821686705868e+00
4.270833333333333037e+00,3.463549418964503079e+00
4.291666666666666075e+00,3.539788955361876877e+00
4.312500000000000000e+00,3.618872943888882254e+00
4.333333333333333037e+00,3.700226966571656728e+00
4.354166666666666075e+00,3.783259464441052877e+00
4.375000000000000000e+00,3.867367491598468821e+00
4.395833333333333037e+00,3.951942377184945787e+00
4.416666666666666075e+00,4.036375243926775269e+00
4.437500000000000000e+00,4.120062337025028221e+00
4.458333333333333037e+00,4.202413287650544227e+00
4.479166666666666075e+00,4.282856660170317298e+00
4.500000000000000000e+00,4.360840261781364191e+00
4.520833333333333037e+00,4.435876324863421871e+00
4.541666666666666075e+00,4.507573350798744549e+00
4.562500000000000000e+00,4.575619943687279978e+00
4.583333333333333037e+00,4.639771461624146554e+00
4.604166666666666075e+00,4.699834232379342502e+00
4.625000000000000000e+00,4.755641146096293070e+00
4.645833333333333037e+00,4.807033312030165817e+00
4.666666666666666075e+00,4.853847079078485116e+00
4.687500000000000000e+00,4.895907073179774471e+00
4.708333333333333037e+00,4.932999190797866973e+00
4.729166666666666075e+00,4.964942669768027450e+00
4.750000000000000000e+00,4.991630353366797834e+00
4.770833333333333037e+00,5.013031572838695382e+00
4.791666666666666075e+00,5.029154919484625452e+00
4.812500000000000000e+00,5.040009075847195597e+00
4.833333333333333037e+00,5.045590975255829669e+00
4.854166666666666075e+00,5.045882198656007844e+00
4.875000000000000000e+00,5.040850133052740212e+00
4.895833333333333037e+00,5.030449421103813989e+00
4.916666666666666075e+00,5.014623679609716334e+00
4.937500000000000000e+00,4.993307456097131336e+00
4.958333333333333037e+00,4.966428383074978470e+00
4.979166666666666075e+00,4.933909480204004439e+00
5.000000000000000000e+00,4.895671547414497837e+00
5.020833333333333037e+00,4.851653358814068895e+00
5.041666666666666075e+00,4.801845860080231176e+00
5.062500000000000000e+00,4.746289509817038343e+00
5.083333333333333037e+00,4.685147825012092149e+00
5.104166666666666075e+00,4.618696192582687488e+00
5.125000000000000000e+00,4.547170943953712907e+00
5.145833333333333037e+00,4.470680024722548218e+00
5.166666666666666075e+00,4.389190324238914087e+00
5.187500000000000000e+00,4.302551334208890133e+00
5.208333333333333037e+00,4.210702804539276478e+00
5.229166666666666075e+00,4.113741265838259054e+00
5.250000000000000000e+00,4.011914174592259741e+00
5.270833333333333037e+00,3.905550107800367599e+00
5.291666666666666075e+00,3.794998534795053668e+00
5.312500000000000000e+00,3.680627137819127537e+00
5.333333333333333037e+00,3.562819080943607997e+00
5.354166666666666075e+00,3.441970247988251685e+00
5.375000000000000000e+00,3.318486468836287173e+00
5.395833333333333037e+00,3.192780752206883843e+00
5.416666666666666075e+00,3.065270541600046972e+00
5.437500000000000000e+00,2.936429465988872334e+00
5.458333333333333037e+00,2.806856693931991220e+00
5.479166666666666075e+00,2.677152229471627898e+00
5.500000000000000000e+00,4.881678365423881005e-01
5.520833333333333037e+00,4.881409345059687932e-01
5.541666666666666075e+00,4.880528435113283825e-01
5.562500000000000000e+00,4.879000989329960736e-01
5.583333333333333037e+00,4.877165574413190874e-01
5.604166666666666075e+00,4.875702149925088547e-01
5.625000000000000000e+00,4.875577521408576143e-01
5.645833333333333037e+00,4.877978584196927536e-01
5.666666666666666075e+00,4.884230249256517054e-01
5.687500000000000000e+00,4.895697691824216768e-01
5.708333333333333037e+00,4.913685822485944210e-01
5.729166666666666075e+00,4.939354285249099030e-01
5.750000000000000000e+00,4.973660591897793304e-01
5.770833333333333037e+00,5.017334437304804551e-01
5.791666666666666075e+00,5.070878378069783032e-01
5.812500000000000000e+00,5.134586319668559273e-01
5.833333333333333037e+00,5.208571491511843066e-01
5.854166666666666075e+00,5.292798009213209864e-01
5.875000000000000000e+00,5.387112862564503724e-01
5.895833333333333037e+00,5.491277121538292727e-01
5.916666666666666075e+00,5.604996027242038492e-01
5.937500000000000000e+00,5.727947636298120759e-01
5.958333333333333037e+00,5.859809307722142480e-01
5.979166666666666075e+00,6.000281003299965388e-01
6.000000000000000000e+00,6.149104307723703977e-01
6.020833333333333037e+00,6.306076295686839916e-01
6.041666666666666075e+00,6.471057799081494366e-01
6.062500000000000000e+00,6.643976130372393207e-01
6.083333333333333037e+00,6.824822786127117125e-01
6.104166666666666075e+00,7.013647019166237007e-01
6.125000000000000000e+00,7.210546402064431648e-01
6.145833333333333037e+00,7.415655609542231019e-01
6.166666666666666075e+00,7.629134637641237227e-01
6.187500000000000000e+00,7.851157571980663663e-01
6.208333333333333037e+00,8.081902832220236865e-01
6.229166666666666075e+00,8.321545574107658272e-01
6.250000000000000000e+00,8.570252649162160008e-01
6.270833333333333037e+00,8.828180231989428695e-01
6.291666666666666075e+00,9.095473952197059564e-01
6.312500000000000000e+00,9.372271135868701641e-01
6.333333333333333037e+00,9.658704591427119679e-01
6.354166666666666075e+00,9.954907281646646622e-01
6.375000000000000000e+00,1.026101721436464720e+00
6.395833333333333037e+00,1.057718195585655163e+00
6.416666666666666075e+00,1.090356230788100289e+00
6.437500000000000000e+00,1.124033486612844523e+00
6.458333333333333037e+00,1.158769336479056555e+00
6.479166666666666075e+00,1.194584888211112528e+00
6.500000000000000000e+00,1.231502911306247450e+00
6.520833333333333037e+00,1.269547699414986575e+00
6.541666666666666075e+00,1.308744898821958769e+00
6.562500000000000000e+00,1.349121330908162886e+00
6.583333333333333037e+00,1.390704829694111577e+00
6.604166666666666075e+00,1.433524105723042119e+00
6.625000000000000000e+00,1.477608635622604583e+00
6.645833333333333037e+00,1.522988563196023604e+00
6.666666666666666075e+00,1.569694583146227229e+00
6.687500000000000000e+00,1.617757763069508581e+00
6.708333333333333037e+00,1.667209244584562100e+00
6.729166666666666075e+00,1.718079753278771715e+00
6.750000000000000000e+00,1.770398843960999002e+00
6.770833333333333037e+00,1.824193817103569204e+00
6.791666666666666075e+00,1.879488265929495139e+00
6.812500000000000000e+00,1.936300246330664443e+00
6.833333333333333037e+00,1.994640092873614323e+00
6.854166666666666075e+00,2.054507926862902956e+00
6.875000000000000000e+00,2.115890926625668023e+00
6.895833333333333037e+00,2.178760477829835285e+00
6.916666666666666075e+00,2.243069400692830229e+00
6.937500000000000000e+00,2.308749536918388578e+00
6.958333333333333037e+00,2.375710030781441606e+00
6.979166666666666075e+00,2.443836627521577487e+00
7.000000000000000000e+00,2.512992233220759264e+00
7.020833333333333037e+00,2.583018845277640807e+00
7.041666666666666075e+00,2.653740795119503559e+00
7.062500000000000000e+00,2.724969080423670142e+00
7.083333333333333037e+00,2.796506442189539143e+00
7.104166666666666075e+00,2.868152788769964712e+00
7.125000000000000000e+00,2.939710584977957453e+00
7.145833333333333037e+00,3.010989886877158739e+00
7.166666666666666075e+00,3.081812780725522671e+00
7.187500000000000000e+00,3.152017054301055943e+00
7.208333333333333037e+00,3.221458982302429330e+00
7.229166666666666075e+00,3.290015149399148964e+00
7.250000000000000000e+00,3.357583274556670272e+00
7.270833333333333037e+00,3.424082045680158171e+00
7.291666666666666075e+00,3.489450025311286563e+00
7.312500000000000000e+00,3.553643741240716469e+00
7.333333333333333037e+00,3.616635122984429795e+00
7.354166666666666075e+00,3.678408479288118649e+00
7.375000000000000000e+00,3.738957228979448377e+00
7.395833333333333037e+00,3.798280596482657590e+00
7.416666666666666075e+00,3.856380465692579751e+00
7.437500000000000000e+00,3.913258555177800968e+00
7.458333333333333037e+00,3.968914038543425615e+00
7.479166666666666075e+00,4.023341691237741991e+00
7.500000000000000000e+00,4.076530603490606808e+00
7.520833333333333037e+00,4.128324877403461102e+00
7.541666666666666075e+00,4.178637592126546174e+00
7.562500000000000000e+00,4.227425799724883859e+00
7.583333333333333037e+00,4.274553431948804771e+00
7.604166666666666075e+00,4.319808994850419026e+00
7.625000000000000000e+00,4.362923116267093171e+00
7.645833333333333037e+00,4.403584487357035115e+00
7.666666666666666075e+00,4.441454287481011676e+00
7.687500000000000000e+00,4.476179588793325337e+00
7.708333333333333037e+00,4.507406904839049488e+00
7.729166666666666075e+00,4.534792788756572435e+00
7.750000000000000000e+00,4.558014140706824868e+00
7.770833333333333037e+00,4.576782008480834385e+00
7.791666666666666075e+00,4.590918293607995970e+00
7.812500000000000000e+00,4.600465282745008544e+00
7.833333333333333037e+00,4.605575412690065207e+00
7.854166666666666075e+00,4.606410835985434993e+00
7.875000000000000000e+00,4.603146323837312259e+00
7.895833333333333037e+00,4.595971119879876277e+00
7.916666666666666075e+00,4.585090055514693397e+00
7.937500000000000000e+00,4.570727419371163336e+00
7.958333333333333037e+00,4.553137036251998282e+00
7.979166666666666075e+00,4.532623095704799709e+00
8.000000000000000000e+00,4.509561620927856396e+00
8.020833333333332149e+00,4.484410019134234204e+00
8.041666666666666075e+00,4.457696680418344215e+00
8.062500000000000000e+00,4.429992046087075863e+00
8.083333333333332149e+00,4.401870542480476267e+00
8.104166666666666075e+00,4.373873780309964765e+00
8.125000000000000000e+00,4.346483175154246759e+00
8.145833333333332149e+00,4.320104430087622127e+00
8.166666666666666075e+00,4.295064067962838017e+00
8.187500000000000000e+00,4.271617546168926083e+00
8.208333333333332149e+00,4.249966924339103613e+00
8.229166666666666075e+00,4.230278053991916920e+00
8.250000000000000000e+00,4.212693589979484621e+00
8.270833333333332149e+00,4.197342108640609304e+00
8.291666666666666075e+00,4.184342576582995576e+00
8.312500000000000000e+00,4.173801287689302697e+00
8.333333333333332149e+00,4.165804235446152859e+00
8.354166666666666075e+00,4.160404184500390734e+00
8.375000000000000000e+00,4.157599380456776572e+00
8.395833333333332149e+00,4.157314661204996042e+00
8.416666666666666075e+00,4.159392425991660147e+00
8.437500000000000000e+00,4.163590762488023067e+00
8.458333333333332149e+00,4.169584872208622173e+00
8.479166666666666075e+00,4.176970197593940171e+00
8.500000000000000000e+00,4.185268057124692298e+00
8.520833333333332149e+00,4.193939528151262586e+00
8.541666666666666075e+00,4.202413562636951205e+00
8.562500000000000000e+00,4.210123676518450431e+00
8.583333333333332149e+00,4.216541289459110331e+00
8.604166666666666075e+00,4.221200269373310832e+00
8.625000000000000000e+00,4.223708151160838753e+00
8.645833333333332149e+00,4.223736698618396623e+00
8.666666666666666075e+00,4.221001534225049312e+00
8.687500000000000000e+00,4.215247534865192769e+00
8.708333333333332149e+00,4.206241338006008412e+00
8.729166666666666075e+00,4.193772195043498741e+00
8.750000000000000000e+00,4.177673317024228616e+00
8.770833333333332149e+00,4.157844379988062222e+00
8.791666666666666075e+00,4.134239832988698460e+00
8.812500000000000000e+00,4.106835034435182052e+00
8.833333333333332149e+00,4.075594557742642898e+00
8.854166666666666075e+00,4.040444373591475902e+00
8.875000000000000000e+00,4.001258345610408718e+00
8.895833333333332149e+00,3.957869617851069499e+00
8.916666666666666075e+00,3.910141771018594614e+00
8.937500000000000000e+00,3.858031780878987238e+00
8.958333333333332149e+00,3.801676252542580237e+00
8.979166666666666075e+00,3.741417841202811623e+00
9.000000000000000000e+00,3.677686945598439561e+00
9.020833333333332149e+00,3.610933150565793337e+00
9.041666666666666075e+00,3.541622019918746478e+00
9.062500000000000000e+00,3.470231888275923993e+00
9.083333333333332149e+00,3.397250675133794307e+00
9.104166666666666075e+00,3.323172742748948139e+00
9.125000000000000000e+00,3.248495817576729117e+00
9.145833333333332149e+00,3.173717993137355364e+00
9.166666666666666075e+00,3.099334830262543417e+00
9.187500000000000000e+00,3.025836568728217379e+00
9.208333333333332149e+00,2.953699427024184754e+00
9.229166666666666075e+00,2.883389936526067121e+00
9.250000000000000000e+00,2.815371644102411697e+00
9.270833333333332149e+00,2.750070955989671440e+00
9.291666666666666075e+00,2.687846398697617545e+00
9.312500000000000000e+00,2.628993368617963178e+00
9.333333333333332149e+00,2.573751680105649253e+00
9.354166666666666075e+00,2.522316129232917259e+00
9.375000000000000000e+00,2.474856995100627621e+00
9.395833333333332149e+00,2.431536382555884668e+00
9.416666666666666075e+00,2.392517694374533654e+00
9.437500000000000000e+00,2.357967643020589588e+00
9.458333333333332149e+00,2.328090817500310550e+00
9.479166666666666075e+00,2.303043937545182995e+00
9.500000000000000000e+00,2.282903660720648098e+00
9.520833333333332149e+00,2.267689826835871614e+00
9.541666666666666075e+00,2.257408716601909227e+00
9.562500000000000000e+00,2.252082638408653636e+00
9.583333333333332149e+00,2.251748903073457875e+00
9.604166666666666075e+00,2.256458560480268272e+00
9.625000000000000000e+00,2.266274911141278992e+00
9.645833333333332149e+00,2.281271809163684772e+00
9.666666666666666075e+00,2.301531777184379735e+00
9.687500000000000000e+00,2.327126390173234416e+00
9.708333333333332149e+00,2.358123274949268211e+00
9.729166666666666075e+00,2.394599879510159290e+00
9.750000000000000000e+00,2.436631468068391815e+00
9.770833333333332149e+00,2.484280396845524930e+00
9.791666666666666075e+00,2.537592010709608381e+00
9.812500000000000000e+00,2.596590749867688341e+00
9.833333333333332149e+00,2.661277463392154097e+00
9.854166666666666075e+00,2.731629121525385617e+00
9.875000000000000000e+00,2.807601825575454235e+00
9.895833333333332149e+00,2.889136991568411084e+00
9.916666666666666075e+00,2.976168995408598583e+00
9.937500000000000000e+00,3.068631187240714375e+00
9.958333333333332149e+00,3.166457154300033050e+00
9.979166666666666075e+00,3.269570283899303487e+00
1.000000000000000000e+01,3.377823377605416511e+00
1.002083333333333215e+01,3.491022819196088367e+00
1.004166666666666607e+01,3.608967470478739781e+00
1.006250000000000000e+01,3.731449783178873769e+00
1.008333333333333215e+01,3.858256908479432479e+00
1.010416666666666607e+01,3.989171797486851911e+00
1.012500000000000000e+01,4.123974286453628402e+00
1.014583333333333215e+01,4.262442161140698182e+00
1.016666666666666607e+01,4.404352195256408642e+00
1.018750000000000000e+01,4.549481158459719232e+00
1.020833333333333215e+01,4.697606789959817064e+00
1.022916666666666607e+01,4.848508734277526599e+00
1.025000000000000000e+01,5.001969436251012979e+00
1.027083333333333215e+01,5.157774992863909169e+00
1.029166666666666607e+01,5.315715959943321245e+00
1.031250000000000000e+01,7.089986543588611134e-03
1.033333333333333215e+01,7.091156515359625136e-03
1.035416666666666607e+01,7.115827105552917017e-03
1.037500000000000000e+01,7.231406781675715593e-03
1.039583333333333215e+01,7.547938392727611412e-03
1.041666666666666607e+01,8.208950024492091962e-03
1.043750000000000000e+01,9.380295231063782990e-03
1.045833333333333215e+01,1.123738286042030854e-02
1.047916666666666607e+01,1.395183958142319318e-02
1.050000000000000000e+01,1.767964449038830071e-02
1.052083333333333215e+01,2.255246421698900092e-02
1.054166666666666607e+01,2.867281234738969578e-02
1.056250000000000000e+01,3.611262538241714198e-02
1.058333333333333215e+01,4.491430224657159964e-02
1.060416666666666607e+01,5.509323263074425436e-02
1.062500000000000000e+01,6.664112112441002156e-02
1.064583333333333215e+01,7.952974487889430399e-02
1.066666666666666607e+01,9.371500644935619462e-02
1.068750000000000000e+01,1.091412164500049076e-01
1.070833333333333215e+01,1.257454987371074417e-01
1.072916666666666607e+01,1.434621305827976645e-01
1.075000000000000000e+01,1.622265732520111747e-01
1.077083333333333215e+01,1.819789452911514116e-01
1.079166666666666607e+01,2.026667439602103382e-01
1.081250000000000000e+01,2.242467097272470289e-01
1.083333333333333215e+01,2.466858265328369382e-01
1.085416666666666607e+01,2.699615332724696337e-01
1.087500000000000000e+01,2.940612774094153448e-01
1.089583333333333215e+01,3.189815684535731721e-01
1.091666666666666607e+01,3.447266926993762803e-01
1.093750000000000000e+01,3.713072387732331836e-01
1.095833333333333215e+01,3.987385628637479251e-01
1.097916666666666607e+01,4.270392977859739925e-01
1.100000000000000000e+01,4.562299845736936255e-01
1.102083333333333215e+01,4.863318813075933056e-01
1.104166666666666607e+01,5.173659827097832897e-01
1.106250000000000000e+01,5.493522663158938446e-01
1.108333333333333215e+01,5.823091668570901103e-01
1.110416666666666607e+01,6.162528722306350737e-01
1.112500000000000000e+01,6.511969105217937370e-01
1.114583333333333215e+01,6.871527773695275121e-01
1.116666666666666607e+01,7.241305385493372881e-01
1.118750000000000000e+01,7.621391479591141938e-01
1.120833333333333215e+01,8.011868395392887088e-01
1.122916666666666607e+01,8.412815596205290847e-01
1.125000000000000000e+01,8.824314077314298066e-01
1.127083333333333215e+01,9.246450571819537778e-01
1.129166666666666607e+01,9.679321315991056274e-01
1.131250000000000000e+01,1.012303519580353361e+00
1.133333333333333215e+01,1.057771616098875711e+00
1.135416666666666607e+01,1.104350485525712466e+00
1.137500000000000000e+01,1.152055946477319459e+00
1.139583333333333215e+01,1.200905582664819393e+00
1.141666666666666607e+01,1.250918686226057286e+00
1.143750000000000000e+01,1.302116140568254199e+00
1.145833333333333215e+01,1.354520248598057197e+00
1.147916666666666607e+01,1.408154509543014798e+00
1.150000000000000000e+01,1.463043343640760385e+00
1.152083333333333215e+01,1.519211759151103847e+00
1.154166666666666607e+01,1.576684950921299677e+00
1.156250000000000000e+01,1.635487814772411896e+00
1.158333333333333215e+01,1.695644358152843534e+00
1.160416666666666607e+01,1.757176985881875320e+00
1.162500000000000000e+01,1.820105641460391777e+00
1.164583333333333215e+01,1.884446790128181615e+00
1.166666666666666607e+01,1.950212239619617094e+00
1.168750000000000000e+01,2.017407807389930863e+00
1.170833333333333215e+01,2.086031857151278590e+00
1.172916666666666607e+01,2.156073741351627771e+00
1.175000000000000000e+01,2.227512199835848250e+00
1.177083333333333215e+01,2.300313780276005193e+00
1.179166666666666607e+01,2.374431365012631190e+00
1.181250000000000000e+01,2.449802910804619316e+00
1.183333333333333215e+01,2.526350527267452684e+00
1.185416666666666607e+01,2.603980027882329740e+00
1.187500000000000000e+01,2.682581075938326176e+00
1.189583333333333215e+01,2.762027998344285251e+00
1.191666666666666607e+01,2.842181123408572763e+00
1.193750000000000000e+01,2.922889014181166978e+00
1.195833333333333215e+01,3.003990988599059442e+00
1.197916666666666607e+01,3.085319847615827449e+00
1.200000000000000000e+01,3.166704967877325139e+00
1.202083333333333215e+01,3.247975592719114513e+00
1.204166666666666607e+01,3.328964143079691684e+00
1.206250000000000000e+01,3.409509375507015605e+00
1.208333333333333215e+01,3.489459231143325457e+00
1.210416666666666607e+01,3.568673243446123688e+00
1.212500000000000000e+01,3.647024401476211430e+00
1.214583333333333215e+01,3.724400399091480907e+00
1.216666666666666607e+01,3.800704237481110859e+00
1.218750000000000000e+01,3.875854187317723465e+00
1.220833333333333215e+01,3.949783154492257697e+00
1.222916666666666607e+01,4.022437526822264076e+00
1.225000000000000000e+01,4.093775603031924781e+00
1.227083333333333215e+01,4.163765714196435042e+00
1.229166666666666607e+01,4.232384160831903053e+00
1.231250000000000000e+01,4.299613098417067292e+00
1.233333333333333215e+01,4.365282667719499798e+00
1.235416666666666607e+01,4.429312619256365657e+00
1.237500000000000000e+01,4.491682833125211438e+00
1.239583333333333215e+01,4.552281319491218170e+00
1.241666666666666607e+01,4.610926095418601989e+00
1.243750000000000000e+01,4.667381749881893249e+00
1.245833333333333215e+01,4.721373205332417555e+00
1.247916666666666607e+01,4.772598119887905277e+00
1.250000000000000000e+01,4.820738746093515381e+00
1.252083333333333215e+01,4.865473598170891201e+00
1.254166666666666607e+01,4.906488980841818837e+00
1.256250000000000000e+01,4.943490239661123553e+00
1.258333333333333215e+01,4.976212602398256024e+00
1.260416666666666607e+01,5.004431799388996183e+00
1.262500000000000000e+01,5.027977901420815243e+00
1.264583333333333215e+01,5.046745973240143179e+00
1.266666666666666607e+01,5.060840691480905207e+00
1.268750000000000000e+01,5.070504184881871268e+00
1.270833333333333215e+01,5.075988511969918626e+00
1.272916666666666607e+01,5.077543687367009007e+00
1.275000000000000000e+01,5.075415810309466202e+00
1.277083333333333215e+01,5.069846024754220082e+00
1.279166666666666607e+01,5.061073530252986785e+00
1.281250000000000000e+01,5.049343970372296653e+00
1.283333333333333215e+01,5.034921662240378737e+00
1.285416666666666607e+01,5.018101775178095636e+00
1.287500000000000000e+01,4.999217767345314201e+00
1.289583333333333215e+01,4.978640451557336810e+00
1.291666666666666607e+01,4.956767565234438067e+00
1.293750000000000000e+01,4.934005706172769123e+00
1.295833333333333215e+01,4.910749001698524019e+00
1.297916666666666607e+01,4.887359327577048163e+00
1.300000000000000000e+01,4.864152446788765793e+00
1.302083333333333215e+01,4.841393462421287097e+00
1.304166666666666607e+01,4.819299648276036407e+00
1.306250000000000000e+01,4.798046680759792793e+00
1.308333333333333215e+01,4.777775381129684362e+00
1.310416666666666607e+01,4.758598820175367727e+00
1.312500000000000000e+01,4.740608206691729443e+00
1.314583333333333215e+01,4.723874599895325765e+00
1.316666666666666607e+01,4.708445973436309551e+00
1.318750000000000000e+01,4.694339501901097833e+00
1.320833333333333215e+01,4.681529426634651436e+00
1.322916666666666607e+01,4.669935091499254121e+00
1.325000000000000000e+01,4.659416922971839625e+00
1.327083333333333215e+01,4.649783114964940012e+00
1.329166666666666607e+01,4.640802092022472181e+00
1.331250000000000000e+01,4.632219123522279602e+00
1.333333333333333215e+01,4.623786020291560384e+00
1.335416666666666607e+01,4.615278762647879063e+00
1.337500000000000000e+01,4.606492317528056546e+00
1.339583333333333215e+01,4.597226342713126357e+00
1.341666666666666607e+01,4.587317884212820829e+00
1.343750000000000000e+01,4.576669918739519893e+00
1.345833333333333215e+01,4.565238204247267895e+00
1.347916666666666607e+01,4.553018845032037021e+00
1.350000000000000000e+01,4.540038962780902132e+00
1.352083333333333215e+01,4.526343910771164047e+00
1.354166666666666607e+01,4.511984175159558852e+00
1.356250000000000000e+01,4.497004746620295812e+00
1.358333333333333215e+01,4.481438678591072922e+00
1.360416666666666607e+01,4.465305913278563743e+00
1.362500000000000000e+01,4.448618212913014069e+00
1.364583333333333215e+01,4.431390788921423685e+00
1.366666666666666607e+01,4.413660512258497093e+00
1.368750000000000000e+01,4.395508897340413945e+00
1.370833333333333215e+01,4.377085213293167243e+00
1.372916666666666607e+01,4.358622766290904060e+00
1.375000000000000000e+01,4.340421031768440407e+00
1.377083333333333215e+01,4.322806483070413819e+00
1.379166666666666607e+01,4.306111636099721807e+00
1.381250000000000000e+01,4.290669768317159516e+00
1.383333333333333215e+01,4.276813317208155496e+00
1.385416666666666607e+01,4.264869812471860477e+00
1.387500000000000000e+01,4.255158012058063655e+00
1.389583333333333215e+01,4.247984279146946207e+00
1.391666666666666607e+01,4.243639230032627552e+00
1.393750000000000000e+01,4.242394675274764992e+00
1.395833333333333215e+01,4.244500868307476971e+00
1.397916666666666607e+01,4.250184066744433053e+00
1.400000000000000000e+01,4.259644401681497605e+00
1.402083333333333215e+01,4.273054039391032788e+00
1.404166666666666607e+01,4.290555608807860466e+00
1.406250000000000000e+01,4.312260860131443607e+00
1.408333333333333215e+01,4.338249521327909974e+00
1.410416666666666607e+01,4.368568339732862071e+00
1.412500000000000000e+01,4.403230339586681197e+00
1.414583333333333215e+01,4.442214378019094134e+00
1.416666666666666607e+01,4.485377667933578394e+00
1.418750000000000000e+01,4.531622581343140332e+00
1.420833333333333215e+01,4.579429718199621746e+00
1.422916666666666607e+01,4.628219739241578701e+00
1.425000000000000000e+01,4.677964483487735414e+00
1.427083333333333215e+01,4.728633506034417344e+00
1.429166666666666607e+01,4.780194287438572331e+00
1.431250000000000000e+01,4.832612455621482006e+00
1.433333333333333215e+01,4.885852017739107822e+00
1.435416666666666607e+01,4.939875599633893444e+00
1.437500000000000000e+01,4.994644690621367289e+00
1.439583333333333215e+01,5.050119891477860889e+00
1.441666666666666607e+01,5.106261163591082841e+00
1.443750000000000000e+01,5.163028077321341947e+00
1.445833333333333215e+01,5.220380057704741006e+00
1.447916666666666607e+01,4.191133638714467091e-01
1.450000000000000000e+01,4.191138290431060676e-01
1.452083333333333215e+01,4.191235300146197718e-01
1.454166666666666607e+01,4.191686060540050218e-01
1.456250000000000000e+01,4.192914487001352941e-01
1.458333333333333215e+01,4.195477718957350000e-01
1.460416666666666607e+01,4.200034193303568419e-01
1.462500000000000000e+01,4.207309376560688374e-01
1.464583333333333215e+01,4.218057988864626906e-01
1.466666666666666607e+01,4.233024431974645174e-01
1.468750000000000000e+01,4.252906649058401101e-01
1.470833333333333215e+01,4.278327708966787046e-01
1.472916666666666607e+01,4.309816991604726866e-01
1.475000000000000000e+01,4.347800497609589088e-01
1.477083333333333215e+01,4.392598318109758870e-01
1.479166666666666607e+01,4.444426967706265885e-01
1.481250000000000000e+01,4.503404830947768667e-01
1.483333333333333215e+01,4.569559878414252152e-01
1.485416666666666607e+01,4.642839603142443483e-01
1.487500000000000000e+01,4.723123530923947766e-01
1.489583333333333215e+01,4.810238567991188541e-01
1.491666666666666607e+01,4.903976982331526013e-01
1.493750000000000000e+01,5.004116222966603633e-01
1.495833333333333215e+01,5.110439273063782650e-01
1.497916666666666607e+01,5.222753964043047592e-01
1.500000000000000000e+01,5.340909714557779964e-01
1.502083333333333215e+01,5.464810463367989479e-01
1.504166666666666607e+01,5.594423036372118130e-01
1.506250000000000000e+01,5.729780708343080731e-01
1.508333333333333215e+01,5.870982195887207711e-01
1.510416666666666607e+01,6.018186695714589085e-01
1.512500000000000000e+01,6.171605842583578472e-01
1.514583333333333215e+01,6.331493606609862601e-01
1.516666666666666607e+01,6.498135190289556773e-01
1.518750000000000000e+01,6.671835935389970329e-01
1.520833333333333215e+01,6.852911127308523032e-01
1.522916666666666607e+01,7.041677411917187657e-01
1.525000000000000000e+01,7.238446340757184183e-01
1.527083333333333215e+01,7.443520356582384867e-01
1.529166666666666607e+01,7.657191340530722368e-01
1.531250000000000000e+01,7.879741677017485513e-01
1.533333333333333215e+01,8.111447659453453474e-01
1.535416666666666607e+01,8.352584960538645964e-01
1.537500000000000000e+01,8.603435821611098433e-01
1.539583333333333215e+01,8.864297566488280600e-01
1.541666666666666607e+01,9.135491996386454483e-01
1.543750000000000000e+01,9.417375136320691453e-01
1.545833333333333215e+01,9.710346615009028959e-01
1.547916666666666607e+01,1.001485757391663789e+00
1.550000000000000000e+01,1.033141532944883201e+00
1.552083333333333215e+01,1.066058215685349531e+00
1.554166666666666607e+01,1.100296522823946299e+00
1.556250000000000000e+01,1.135919638888928551e+00
1.558333333333333215e+01,1.172990434585921227e+00
1.560416666666666607e+01,1.211568298171157521e+00
1.562500000000000000e+01,1.251705208994011276e+00
1.564583333333333215e+01,1.293439888260073944e+00
1.566666666666666607e+01,1.336790716645997357e+00
1.568750000000000000e+01,1.381749749611094868e+00
1.570833333333333215e+01,1.428277369282145992e+00
1.572916666666666607e+01,1.476296883534801818e+00
1.575000000000000000e+01,1.525689803459227001e+00
1.577083333333333215e+01,1.576294160225108376e+00
1.579166666666666607e+01,1.627907625413734349e+00
1.581250000000000000e+01,1.680294099439646471e+00
1.583333333333333215e+01,1.733192700744815351e+00
1.585416666666666607e+01,1.786328374680379971e+00
1.587500000000000000e+01,1.839423133108107900e+00
1.589583333333333215e+01,1.892206940931521197e+00
1.591666666666666607e+01,1.944427462891217706e+00
1.593750000000000000e+01,1.995858147921408365e+00
1.595833333333333215e+01,2.046304358623959541e+00
1.597916666666666607e+01,2.095607419004974048e+00
1.600000000000000000e+01,2.143646574378788028e+00
1.602083333333333215e+01,2.190338961506615334e+00
1.604166666666666430e+01,2.235637783154247771e+00
1.606250000000000000e+01,2.279528958213022261e+00
1.608333333333333215e+01,2.322026563364032015e+00
1.610416666666666430e+01,2.363167395909274493e+00
1.612500000000000000e+01,2.403004985077765276e+00
1.614583333333333215e+01,2.441603376055510477e+00
1.616666666666666430e+01,2.479031008047924534e+00
1.618750000000000000e+01,2.515354992971413406e+00
1.620833333333333215e+01,2.550636062904944712e+00
1.622916666666666430e+01,2.584924390237579139e+00
1.625000000000000000e+01,2.618256404765011425e+00
1.627083333333333215e+01,2.650652653335983544e+00
1.629166666666666430e+01,2.682116683825600312e+00
1.631250000000000000e+01,2.712634892378195328e+00
1.633333333333333215e+01,2.742177244786312862e+00
1.635416666666666430e+01,2.770698756676805985e+00
1.637500000000000000e+01,2.798141593173872455e+00
1.639583333333333215e+01,2.824437628422051816e+00
1.641666666666666430e+01,2.849511290829354060e+00
1.643750000000000000e+01,2.873282516039283863e+00
1.645833333333333215e+01,2.895669640090771324e+00
1.647916666666666430e+01,2.916592089818860867e+00
1.650000000000000000e+01,2.935775379854044242e+00
1.652083333333333215e+01,2.953058159713962461e+00
1.654166666666666430e+01,2.968371164929207051e+00
1.656250000000000000e+01,2.981545394938389659e+00
1.658333333333333215e+01,2.992337053465746521e+00
1.660416666666666430e+01,3.000468628468057286e+00
1.662500000000000000e+01,3.005690431415271036e+00
1.664583333333333215e+01,3.007795628219731565e+00
1.666666666666666430e+01,3.006624818096278240e+00
1.668750000000000000e+01,3.002069838645247568e+00
1.670833333333333215e+01,2.994062023105911852e+00
1.672916666666666430e+01,2.982562397082782368e+00
1.675000000000000000e+01,2.967554653265597420e+00
1.677083333333333215e+01,2.949039077970900369e+00
1.679166666666666430e+01,2.927026890015681282e+00
1.681250000000000000e+01,2.901537714733811502e+00
1.683333333333333215e+01,2.872604395299707125e+00
1.685416666666666430e+01,2.840287672666401253e+00
1.687500000000000000e+01,2.804700330116649098e+00
1.689583333333333215e+01,2.766037791834939252e+00
1.691666666666666430e+01,2.724617375668883401e+00
1.693750000000000000e+01,2.680892908175556144e+00
1.695833333333333215e+01,2.635451686619215028e+00
1.697916666666666430e+01,2.589005828755213123e+00
1.700000000000000000e+01,2.542373554905590360e+00
1.702083333333333215e+01,2.496432071570509059e+00
1.704166666666666430e+01,2.452050373135910011e+00
1.706250000000000000e+01,2.410032866710364541e+00
1.708333333333333215e+01,2.371056777231015822e+00
1.710416666666666430e+01,2.335671321222400731e+00
1.712500000000000000e+01,2.304326424802557671e+00
1.714583333333333215e+01,2.277312195073246670e+00
1.716666666666666430e+01,2.254756561121997294e+00
1.718750000000000000e+01,2.236662394397104237e+00
1.720833333333333215e+01,2.222919565706684697e+00
1.722916666666666430e+01,2.213324663705764195e+00
1.725000000000000000e+01,2.207611363242540481e+00
1.727083333333333215e+01,2.205490048663191871e+00
1.729166666666666430e+01,2.206683419093849796e+00
1.731250000000000000e+01,2.210967154322726724e+00
1.733333333333333215e+01,2.218190817161885153e+00
1.735416666666666430e+01,2.228306953720376349e+00
1.737500000000000000e+01,2.241402209189967909e+00
1.739583333333333215e+01,2.257718553346861334e+00
1.741666666666666430e+01,2.277673425898792736e+00
1.743750000000000000e+01,2.301873627538927547e+00
1.745833333333333215e+01,2.331059796498071712e+00
1.747916666666666430e+01,2.365691006251312789e+00
1.750000000000000000e+01,3.087400868914709218e-01
1.752083333333333215e+01,3.087411038012425335e-01
1.754166666666666430e+01,3.087624919374927779e-01
1.756250000000000000e+01,3.088626983637550172e-01
1.758333333333333215e+01,3.091373504275102269e-01
1.760416666666666430e+01,3.097116890413757484e-01
1.762500000000000000e+01,3.107314780218896066e-01
1.764583333333333215e+01,3.123526672729090570e-01
1.766666666666666430e+01,3.147304194211868467e-01
1.768750000000000000e+01,3.180090002927600246e-01
1.770833333333333215e+01,3.223139944744687346e-01
1.772916666666666430e+01,3.277475155834784770e-01
1.775000000000000000e+01,3.343862495383765898e-01
1.777083333333333215e+01,3.422816478771252835e-01
1.779166666666666430e+01,3.514614788900916609e-01
1.781250000000000000e+01,3.619321253576772146e-01
1.783333333333333215e+01,3.736812943834277867e-01
1.785416666666666430e+01,3.866810287203121810e-01
1.787500000000000000e+01,4.008910135650887718e-01
1.789583333333333215e+01,4.162621591037941049e-01
1.791666666666666430e+01,4.327403588173833748e-01
1.793750000000000000e+01,4.502702370661347819e-01
1.795833333333333215e+01,4.687986478712643512e-01
1.797916666666666430e+01,4.882776893961677245e-01
1.800000000000000000e+01,5.086670512224317209e-01
1.802083333333333215e+01,5.299355937329743860e-01
1.804166666666666430e+01,5.520621462619476061e-01
1.806250000000000000e+01,5.750355842882927115e-01
1.808333333333333215e+01,5.988542966718978233e-01
1.810416666666666430e+01,6.235251812121741510e-01
1.812500000000000000e+01,6.490623150277425868e-01
1.814583333333333215e+01,6.754854408971127100e-01
1.816666666666666430e+01,7.028183963086892527e-01
1.818750000000000000e+01,7.310875920348212098e-01
1.820833333333333215e+01,7.603206243452722557e-01
1.822916666666666430e+01,7.905450817190541324e-01
1.825000000000000000e+01,8.217875848033230346e-01
1.827083333333333215e+01,8.540730785840324746e-01
1.829166666666666430e+01,8.874243788887766771e-01
1.831250000000000000e+01,9.218619615324864514e-01
1.833333333333333215e+01,9.574039713974503707e-01
1.835416666666666430e+01,9.940664201793335542e-01
1.837500000000000000e+01,1.031863535225095108e+00
1.839583333333333215e+01,1.070808217843908006e+00
1.841666666666666430e+01,1.110912567842508025e+00
1.843750000000000000e+01,1.152188431953904857e+00
1.845833333333333215e+01,1.194647937221513301e+00
1.847916666666666430e+01,1.238303975882203423e+00
1.850000000000000000e+01,1.283170615148153448e+00
1.852083333333333215e+01,1.329263412569567926e+00
1.854166666666666430e+01,1.376599624346552808e+00
1.856250000000000000e+01,1.425198299135197022e+00
1.858333333333333215e+01,1.475080252901607158e+00
1.860416666666666430e+01,1.526267920907952602e+00
1.862500000000000000e+01,1.578785081056945039e+00
1.864583333333333215e+01,1.632656439104746005e+00
1.866666666666666430e+01,1.687907061685132160e+00
1.868750000000000000e+01,1.744561639172890422e+00
1.870833333333333215e+01,1.802643559044859289e+00
1.872916666666666430e+01,1.862173773463145832e+00
1.875000000000000000e+01,1.923169453391172956e+00
1.877083333333333215e+01,1.985642434927857414e+00
1.879166666666666430e+01,2.049597478793442118e+00
1.881250000000000000e+01,2.115030377418830820e+00
1.883333333333333215e+01,2.181925955025122654e+00
1.885416666666666430e+01,2.250256018997994545e+00
1.887500000000000000e+01,2.319977343654625379e+00
1.889583333333333215e+01,2.391029804360446320e+00
1.891666666666666430e+01,2.463334825070914391e+00
1.893750000000000000e+01,2.536794339998587056e+00
1.895833333333333215e+01,2.611290480617921350e+00
1.897916666666666430e+01,2.686686167240806888e+00
1.900000000000000000e+01,2.762826706098827856e+00
1.902083333333333215e+01,2.839542380269485022e+00
1.904166666666666430e+01,2.916651901767727928e+00
1.906250000000000000e+01,2.993966492948942015e+00
1.908333333333333215e+01,3.071294309892487195e+00
1.910416666666666430e+01,3.148444913698047465e+00
1.912500000000000000e+01,3.225233526641145154e+00
1.914583333333333215e+01,3.301484860229814799e+00
1.916666666666666430e+01,3.377036354883891089e+00
1.918750000000000000e+01,3.451740717720307217e+00
1.920833333333333215e+01,3.525467685349590763e+00
1.922916666666666430e+01,3.598104976537311650e+00
1.925000000000000000e+01,3.669558438749922935e+00
1.927083333333333215e+01,3.739751433758543797e+00
1.929166666666666430e+01,3.808623548166433004e+00
1.931250000000000000e+01,3.876128750701050230e+00
1.933333333333333215e+01,3.942233198535878280e+00
1.935416666666666430e+01,4.006912829387193398e+00
1.937500000000000000e+01,4.070150680427818912e+00
1.939583333333333215e+01,4.131934322405995452e+00
1.941666666666666430e+01,4.192253618468340548e+00
1.943750000000000000e+01,4.251098803470481080e+00
1.945833333333333215e+01,4.308458956366885140e+00
1.947916666666666430e+01,4.364320903916221184e+00
1.950000000000000000e+01,4.418668561027924824e+00
1.952083333333333215e+01,4.471307160848286166e+00
1.954166666666666430e+01,4.522141811570421943e+00
1.956250000000000000e+01,4.571150544181258546e+00
1.958333333333333215e+01,4.618210290947586394e+00
1.960416666666666430e+01,4.663118015146146433e+00
1.962500000000000000e+01,4.705610095413955030e+00
1.964583333333333215e+01,4.745381571087510686e+00
1.966666666666666430e+01,4.782103192978056860e+00
1.968750000000000000e+01,4.815435862985126825e+00
1.970833333333333215e+01,4.845042794539160091e+00
1.972916666666666430e+01,4.870599815826688328e+00
1.975000000000000000e+01,4.891804553752160167e+00
1.977083333333333215e+01,4.908385945132787143e+00
1.979166666666666430e+01,4.920121131139426396e+00
1.981250000000000000e+01,4.927017777859814984e+00
1.983333333333333215e+01,4.929262210596641935e+00
1.985416666666666430e+01,4.927077664429360127e+00
1.987500000000000000e+01,4.920699874975083432e+00
1.989583333333333215e+01,4.910374308177633651e+00
1.991666666666666430e+01,4.896359301815007115e+00
1.993750000000000000e+01,4.878936522363560790e+00
1.995833333333333215e+01,4.858425862762679515e+00
1.997916666666666430e+01,4.835199149777472449e+00
2.000000000000000000e+01,4.809686745074816194e+00
2.002083333333333215e+01,4.782370794372085676e+00
2.004166666666666430e+01,4.753764812105066184e+00
2.006250000000000000e+01,4.724385288981309827e+00
2.008333333333333215e+01,4.694723423581657507e+00
2.010416666666666430e+01,4.665223349575099654e+00
2.012500000000000000e+01,4.636269414478467965e+00
2.014583333333333215e+01,4.608181861745317853e+00
2.016666666666666430e+01,4.581219407728067239e+00
2.018750000000000000e+01,4.555587420197781512e+00
2.020833333333333215e+01,4.531448804681243558e+00
2.022916666666666430e+01,4.508933457003730716e+00
2.025000000000000000e+01,4.488144908279373624e+00
2.027083333333333215e+01,4.469163580022803117e+00
2.029166666666666430e+01,4.452045836204845841e+00
2.031250000000000000e+01,4.436817524970545712e+00
2.033333333333333215e+01,4.423463258817335486e+00
2.035416666666666430e+01,4.411911700026852401e+00
2.037500000000000000e+01,4.402022452484595227e+00
2.039583333333333215e+01,4.393579798473260745e+00
2.041666666666666430e+01,4.386300628161301951e+00
2.043750000000000000e+01,4.379856028658466904e+00
2.045833333333333215e+01,4.373896542764783568e+00
2.047916666666666430e+01,4.368076269818106816e+00
2.050000000000000000e+01,4.362073037168277878e+00
2.052083333333333215e+01,4.355602212769674964e+00
2.054166666666666430e+01,4.348423450067472551e+00
2.056250000000000000e+01,4.340341621863209376e+00
2.058333333333333215e+01,4.331200715635597831e+00
2.060416666666666430e+01,4.320872356861076291e+00
2.062500000000000000e+01,4.309245544043268872e+00
2.064583333333333215e+01,4.296220897749763346e+00
2.066666666666666430e+01,4.281710671119620670e+00
2.068750000000000000e+01,4.265645601141161869e+00
2.070833333333333215e+01,4.247989177203694844e+00
2.072916666666666430e+01,4.228758794744115868e+00
2.075000000000000000e+01,4.208051487840729799e+00
2.077083333333333215e+01,4.186067302922440447e+00
2.079166666666666430e+01,4.163116082518727445e+00
2.081250000000000000e+01,4.139606355375565094e+00
2.083333333333333215e+01,4.115991748457950905e+00
2.085416666666666430e+01,4.092708762438473258e+00
2.087500000000000000e+01,4.070155702865259961e+00
2.089583333333333215e+01,4.048706417695011162e+00
2.091666666666666430e+01,4.028712190361888545e+00
2.093750000000000000e+01,4.010397484910793509e+00
2.095833333333333215e+01,3.993861277780327068e+00
2.097916666666666430e+01,3.979128695564817964e+00
2.100000000000000000e+01,3.966165223414039875e+00
2.102083333333333215e+01,3.954904412299599326e+00
2.104166666666666430e+01,3.945275868470876635e+00
2.106250000000000000e+01,3.937230835396589690e+00
2.108333333333333215e+01,3.930767357233873049e+00
2.110416666666666430e+01,3.925951305002064462e+00
2.112500000000000000e+01,3.922932189859331231e+00
2.114583333333333215e+01,3.921954176800224623e+00
2.116666666666666430e+01,3.923359528021744591e+00
2.118750000000000000e+01,3.927576681600059239e+00
2.120833333333333215e+01,3.935003885826903414e+00
2.122916666666666430e+01,3.945843831345787756e+00
2.125000000000000000e+01,3.960087583421892710e+00
2.127083333333333215e+01,3.977628097769018822e+00
2.129166666666666430e+01,3.998330363809494248e+00
2.131250000000000000e+01,4.022038424560834713e+00
2.133333333333333215e+01,4.048577657659111040e+00
2.135416666666666430e+01,4.077757196366824211e+00
2.137500000000000000e+01,4.109372450189331616e+00
2.139583333333333215e+01,4.143207685533822904e+00
2.141666666666666430e+01,4.179038627784687598e+00
2.143750000000000000e+01,4.216635047229469357e+00
2.145833333333333215e+01,4.255763292521114849e+00
2.147916666666666430e+01,4.296188737099143395e+00
2.150000000000000000e+01,4.337678106962843394e+00
2.152083333333333215e+01,4.380001663869197870e+00
2.154166666666666430e+01,4.422935228630838544e+00
2.156250000000000000e+01,4.466262046610553149e+00
2.158333333333333215e+01,4.509774520269808740e+00
2.160416666666666430e+01,4.553275853032916487e+00
2.162500000000000000e+01,4.596589992860566909e+00
2.164583333333333215e+01,4.639618237902720210e+00
2.166666666666666430e+01,4.682354437647606282e+00
2.168750000000000000e+01,4.724781501646410753e+00
2.170833333333333215e+01,4.766852741798202509e+00
2.172916666666666430e+01,4.808528308288260611e+00
2.175000000000000000e+01,4.849776535709700909e+00
2.177083333333333215e+01,4.890574095738593918e+00
2.179166666666666430e+01,4.930906071470940510e+00
2.181250000000000000e+01,4.970765953675730486e+00
2.183333333333333215e+01,5.010155560168118249e+00
2.185416666666666430e+01,5.049084880401666808e+00
2.187500000000000000e+01,5.087571848198686908e+00
2.189583333333333215e+01,5.125642046273291896e+00
2.191666666666666430e+01,3.227057459967211939e-01
2.193750000000000000e+01,3.227065989732024187e-01
2.195833333333333215e+01,3.227245203953518216e-01
2.197916666666666430e+01,3.228081622391060224e-01
2.200000000000000000e+01,3.230366798418168317e-01
2.202083333333333215e+01,3.235136696369939613e-01
2.204166666666666430e+01,3.243600304889004415e-01
2.206250000000000000e+01,3.257058831041477753e-01
2.208333333333333215e+01,3.276818220228599476e-01
2.210416666666666430e+01,3.304105728740573400e-01
2.212500000000000000e+01,3.340003144719645434e-01
2.214583333333333215e+01,3.385403360192336675e-01
2.216666666666666430e+01,3.440990280157120162e-01
2.218750000000000000e+01,3.507237366779372145e-01
2.220833333333333215e+01,3.584418639546735896e-01
2.222916666666666430e+01,3.672626995201226929e-01
2.225000000000000000e+01,3.771796784944989600e-01
2.227083333333333215e+01,3.881729422574287103e-01
2.229166666666666430e+01,4.002121759147880820e-01
2.231250000000000000e+01,4.132596965545042300e-01
2.233333333333333215e+01,4.272737062314374001e-01
2.235416666666666430e+01,4.422115531943828226e-01
2.237500000000000000e+01,4.580327996342043462e-01
2.239583333333333215e+01,4.747018918908422203e-01
2.241666666666666430e+01,4.921902688159639494e-01
2.243750000000000000e+01,5.104778109417509313e-01
2.245833333333333215e+01,5.295536076024277561e-01
2.247916666666666430e+01,5.494160849685777448e-01
2.250000000000000000e+01,5.700725862131224009e-01
2.252083333333333215e+01,5.915385239047326049e-01
2.254166666666666430e+01,6.138362366708570717e-01
2.256250000000000000e+01,6.369936809750755824e-01
2.258333333333333215e+01,6.610430781175514747e-01
2.260416666666666430e+01,6.860196194166836570e-01
2.262500000000000000e+01,7.119603116102534157e-01
2.264583333333333215e+01,7.389030220189221065e-01
2.266666666666666430e+01,7.668857606735489663e-01
2.268750000000000000e+01,7.959462155841176001e-01
2.270833333333333215e+01,8.261215380912196871e-01
2.272916666666666430e+01,8.574483575094085097e-01
2.275000000000000000e+01,8.899629870667992160e-01
2.277083333333333215e+01,9.237017649444685397e-01
2.279166666666666430e+01,9.587014532565706348e-01
2.281250000000000000e+01,9.949995928034183201e-01
2.283333333333333215e+01,1.032634683361679073e+00
2.285416666666666430e+01,1.071646034960920257e+00
2.287500000000000000e+01,1.112073131931837766e+00
2.289583333333333215e+01,1.153954393224187580e+00
2.291666666666666430e+01,1.197325308197852767e+00
2.293750000000000000e+01,1.242216023688592408e+00
2.295833333333333215e+01,1.288648445636345174e+00
2.297916666666666430e+01,1.336632782188008850e+00
2.300000000000000000e+01,1.386163408061848790e+00
2.302083333333333215e+01,1.437214179221178112e+00
2.304166666666666430e+01,1.489733731812722173e+00
2.306250000000000000e+01,1.543641526509850204e+00
2.308333333333333215e+01,1.598825332356888618e+00
2.310416666666666430e+01,1.655140619811065639e+00
2.312500000000000000e+01,1.712412088622815798e+00
2.314583333333333215e+01,1.770437314659967232e+00
2.316666666666666430e+01,1.828992249267134440e+00
2.318750000000000000e+01,1.887838082007174068e+00
2.320833333333333215e+01,1.946728849265311867e+00
2.322916666666666430e+01,2.005419170958795849e+00
2.325000000000000000e+01,2.063671598355959258e+00
2.327083333333333215e+01,2.121263193901306465e+00
2.329166666666666430e+01,2.177991082535964296e+00
2.331250000000000000e+01,2.233676792297520475e+00
2.333333333333333215e+01,2.288169253366626243e+00
2.335416666666666430e+01,2.341346376386750805e+00
2.337500000000000000e+01,2.393115201267826286e+00
2.339583333333333215e+01,2.443410695372880248e+00
2.341666666666666430e+01,2.492193367575049390e+00
2.343750000000000000e+01,2.539445931921910038e+00
2.345833333333333215e+01,2.585169290708874357e+00
2.347916666666666430e+01,2.629378113911083226e+00
2.350000000000000000e+01,2.672096280295424009e+00
2.352083333333333215e+01,2.713352424670873120e+00
2.354166666666666430e+01,2.753175809517867556e+00
2.356250000000000000e+01,2.791592706682341163e+00
2.358333333333333215e+01,2.828623434175045137e+00
2.360416666666666430e+01,2.864280145217363849e+00
2.362500000000000000e+01,2.898565415377371668e+00
2.364583333333333215e+01,2.931471623759303924e+00
2.366666666666666430e+01,2.962981079176219001e+00
2.368750000000000000e+01,2.993066803812794330e+00
2.370833333333333215e+01,3.021693856326308047e+00
2.372916666666666430e+01,3.048821054856513335e+00
2.375000000000000000e+01,3.074402949299000820e+00
2.377083333333333215e+01,3.098391892622162302e+00
2.379166666666666430e+01,3.120740073219078425e+00
2.381250000000000000e+01,3.141401392672637627e+00
2.383333333333333215e+01,3.160333102217927070e+00
2.385416666666666430e+01,3.177497141708771622e+00
2.387500000000000000e+01,3.192861152353305254e+00
2.389583333333333215e+01,3.206399155850254257e+00
2.391666666666666430e+01,3.218091907211374281e+00
2.393750000000000000e+01,3.227752352751203979e+00
2.395833333333333215e+01,3.235293855712249034e+00
2.397916666666666430e+01,3.240715723729214126e+00
2.400000000000000000e+01,3.243945182649670134e+00
2.402083333333333215e+01,3.244865832230060310e+00
2.404166666666666430e+01,3.243344959369680147e+00
2.406250000000000000e+01,3.239256931961185249e+00
2.408333333333333215e+01,3.232501176469141146e+00
2.410416666666666430e+01,3.223014358375827282e+00
2.412500000000000000e+01,3.210770733524330733e+00
2.414583333333333215e+01,3.195776671691379356e+00
2.416666666666666430e+01,3.178068675492131234e+00
2.418750000000000000e+01,3.157714848114575368e+00
2.420833333333333215e+01,3.134820186760859606e+00
2.422916666666666430e+01,3.109535456121467867e+00
2.425000000000000000e+01,3.082068499925612937e+00
2.427083333333333215e+01,3.052695886774074996e+00
2.429166666666666430e+01,3.021772111893582746e+00
2.431250000000000000e+01,2.989733329820914776e+00
2.433333333333333215e+01,2.957085294628094996e+00
2.435416666666666430e+01,2.924373830464350732e+00
2.437500000000000000e+01,2.892149737942808940e+00
2.439583333333333215e+01,2.860936701081950417e+00
2.441666666666666430e+01,2.831207419510065382e+00
2.443750000000000000e+01,2.803368241670088246e+00
2.445833333333333215e+01,2.777752911205941366e+00
2.447916666666666430e+01,2.754627365219744828e+00
2.450000000000000000e+01,2.734199385053350362e+00
2.452083333333333215e+01,2.716627475286852000e+00
2.454166666666666430e+01,2.702029315045340052e+00
2.456250000000000000e+01,2.690489739383523649e+00
2.458333333333333215e+01,2.682067614992003524e+00
2.460416666666666430e+01,2.676800514631598737e+00
2.462500000000000000e+01,2.674705880508061018e+00
2.464583333333333215e+01,2.675777373981870877e+00
2.466666666666666430e+01,2.679975520589156446e+00
2.468750000000000000e+01,2.687212980694176689e+00
2.470833333333333215e+01,2.697335935914427552e+00
2.472916666666666430e+01,2.710104201540333158e+00
2.475000000000000000e+01,2.725174181103856785e+00
2.477083333333333215e+01,2.742089530106712303e+00
2.479166666666666430e+01,2.760283405795618705e+00
2.481250000000000000e+01,2.779096026304375133e+00
2.483333333333333215e+01,2.797815059169348473e+00
2.485416666666666430e+01,2.815731517352951574e+00
2.487500000000000000e+01,2.832189249947958398e+00
2.489583333333333215e+01,2.846618710794935225e+00
2.491666666666666430e+01,2.858556808068506427e+00
2.493750000000000000e+01,2.867648025259696976e+00
2.495833333333333215e+01,2.873631249841435586e+00
2.497916666666666430e+01,2.876326054139148880e+00
2.500000000000000000e+01,2.875619380674405257e+00
2.502083333333333215e+01,2.871451505117891934e+00
2.504166666666666430e+01,2.863800907580873911e+00
2.506250000000000000e+01,2.852666720155339952e+00
2.508333333333333215e+01,2.838050279940824705e+00
2.510416666666666430e+01,2.819937713159065495e+00
2.512500000000000000e+01,2.798285555481844877e+00
2.514583333333333215e+01,2.773010723286263524e+00
2.516666666666666430e+01,2.743988442847315579e+00
2.518750000000000000e+01,2.711061753862369805e+00
2.520833333333333215e+01,2.674065343490460211e+00
2.522916666666666430e+01,2.632865792312637954e+00
2.525000000000000000e+01,2.587465811740814026e+00
2.527083333333333215e+01,2.538121480788031015e+00
2.529166666666666430e+01,2.485273186995973216e+00
2.531250000000000000e+01,2.429450454725165187e+00
2.533333333333333215e+01,2.371222724665920101e+00
2.535416666666666430e+01,2.311175970312784766e+00
2.537500000000000000e+01,2.249907292440016970e+00
2.539583333333333215e+01,2.188019600835147571e+00
2.541666666666666430e+01,2.126116429426144094e+00
2.543750000000000000e+01,2.064796926470867877e+00
2.545833333333333215e+01,2.004651056893687500e+00
2.547916666666666430e+01,1.946243118324934018e+00
2.550000000000000000e+01,1.890080975128870300e+00
2.552083333333333215e+01,1.836555572453709484e+00
2.554166666666666430e+01,1.785973367798510791e+00
2.556250000000000000e+01,1.738639888901976516e+00
2.558333333333333215e+01,1.694884250235190626e+00
2.560416666666666430e+01,1.655051036423069721e+00
2.562500000000000000e+01,1.619495069449706115e+00
2.564583333333333215e+01,1.588575950123631397e+00
2.566666666666666430e+01,1.562624089276143602e+00
2.568750000000000000e+01,1.541922788625908813e+00
2.570833333333333215e+01,1.526727268347382704e+00
2.572916666666666430e+01,1.517215257881133317e+00
2.575000000000000000e+01,1.513466832377686089e+00
2.577083333333333215e+01,1.515513368425379426e+00
2.579166666666666430e+01,1.523375492544949861e+00
2.581250000000000000e+01,1.537071303025691282e+00
2.583333333333333215e+01,1.556484512076804050e+00
2.585416666666666430e+01,1.581371486408078564e+00
2.587500000000000000e+01,1.611482237663615091e+00
2.589583333333333215e+01,1.646604890361386575e+00
2.591666666666666430e+01,1.686547546957852584e+00
2.593750000000000000e+01,1.731164784109829657e+00
2.595833333333333215e+01,1.780384759572047670e+00
2.597916666666666430e+01,1.834186923546349268e+00
2.600000000000000000e+01,1.892554525139503951e+00
2.602083333333333215e+01,1.955367097026608381e+00
2.604166666666666430e+01,2.022281845480918605e+00
2.606250000000000000e+01,2.092789161316428004e+00
2.608333333333333215e+01,2.166277667142413765e+00
2.610416666666666430e+01,2.242052215765397705e+00
2.612500000000000000e+01,2.319356491622393879e+00
2.614583333333333215e+01,2.397391948991169919e+00
2.616666666666666430e+01,2.475337814299972017e+00
2.618750000000000000e+01,2.552363489923981987e+00
2.620833333333333215e+01,2.627640502201809003e+00
2.622916666666666430e+01,2.700389199168108600e+00
2.625000000000000000e+01,2.769939312229412920e+00
2.627083333333333215e+01,2.835791494936413137e+00
2.629166666666666430e+01,2.897615622251398459e+00
2.631250000000000000e+01,2.955202232069031432e+00
2.633333333333333215e+01,3.008433736993868735e+00
2.635416666666666430e+01,3.057237139380208024e+00
2.637500000000000000e+01,3.101524785263837458e+00
2.639583333333333215e+01,3.141151370150070843e+00
2.641666666666666430e+01,3.175883195116259827e+00
2.643750000000000000e+01,3.205342584634369274e+00
2.645833333333333215e+01,3.229162769466392913e+00
2.647916666666666430e+01,3.247066300634903868e+00
2.650000000000000000e+01,3.258928603762305531e+00
2.652083333333333215e+01,3.264693964289041794e+00
2.654166666666666430e+01,3.264308141971634658e+00
2.656250000000000000e+01,3.257742646773848172e+00
2.658333333333333215e+01,3.244978989425916893e+00
2.660416666666666430e+01,3.225998121717966516e+00
2.662500000000000000e+01,3.200818808910145030e+00
2.664583333333333215e+01,3.169508142963103126e+00
2.666666666666666430e+01,3.132176988299752107e+00
2.668750000000000000e+01,3.089119230250094272e+00
2.670833333333333215e+01,3.040634566177943032e+00
2.672916666666666430e+01,2.986774199672591390e+00
2.675000000000000000e+01,2.927293250818079340e+00
2.677083333333333215e+01,2.861972214995097907e+00
2.679166666666666430e+01,2.790847144972389948e+00
2.681250000000000000e+01,2.714076508808299426e+00
2.683333333333333215e+01,2.631835599143458548e+00
2.685416666666666430e+01,2.544308142291380914e+00
2.687500000000000000e+01,-3.150989110324839970e-01
2.689583333333333215e+01,-3.150978774671703841e-01
2.691666666666666430e+01,-3.150761476339870026e-01
2.693750000000000000e+01,-3.149747328412164649e-01
2.695833333333333215e+01,-3.146978066554654285e-01
2.697916666666666430e+01,-3.141204330452349591e-01
2.700000000000000000e+01,-3.130977468307204470e-01
2.702083333333333215e+01,-3.114753699175598634e-01
2.704166666666666430e+01,-3.091004452277694159e-01
2.706250000000000000e+01,-3.058317576170267449e-01
2.708333333333333215e+01,-3.015474553113322576e-01
2.710416666666666430e+01,-2.961497130454409654e-01
2.712500000000000000e+01,-2.895665258545976339e-01
2.714583333333333215e+01,-2.817513395127307363e-01
2.716666666666666430e+01,-2.726813195999637784e-01
2.718750000000000000e+01,-2.623548710857991351e-01
2.720833333333333215e+01,-2.507887446274662535e-01
2.722916666666666430e+01,-2.380148505993875119e-01
2.725000000000000000e+01,-2.240768073174280728e-01
2.727083333333333215e+01,-2.090262679713054683e-01
2.729166666666666430e+01,-1.929191461907602823e-01
2.731250000000000000e+01,-1.758119344249698401e-01
2.733333333333333215e+01,-1.577583457059428540e-01
2.735416666666666430e+01,-1.388064936879051525e-01
2.737500000000000000e+01,-1.189967659643837578e-01
2.739583333333333215e+01,-9.836046291909851524e-02
2.741666666666666430e+01,-7.691919183416087713e-02
2.743750000000000000e+01,-5.468493997869514067e-02
2.745833333333333215e+01,-3.166070773861699023e-02
2.747916666666666430e+01,-7.841562584818075748e-03
2.750000000000000000e+01,1.678402817795505639e-02
2.752083333333333215e+01,4.223271897233422251e-02
2.754166666666666430e+01,6.852477854014246694e-02
2.756250000000000000e+01,9.568264977094644019e-02
2.758333333333333215e+01,1.237296508221438357e-01
2.760416666666666430e+01,1.526888697030467090e-01
2.762500000000000000e+01,1.825822842502878296e-01
2.764583333333333215e+01,2.134301216643226806e-01
2.766666666666666430e+01,2.452504568529348394e-01
2.768750000000000000e+01,2.780590366688517334e-01
2.770833333333333215e+01,3.118693074376177599e-01
2.772916666666666430e+01,3.466926156457356689e-01
2.775000000000000000e+01,3.825385461572832213e-01
2.777083333333333215e+01,4.194153589203716281e-01
2.779166666666666430e+01,4.573304840137248362e-01
2.781250000000000000e+01,4.962910362331616199e-01
2.783333333333333215e+01,5.363043141904724198e-01
2.785416666666666430e+01,5.773782547693299128e-01
2.787500000000000000e+01,6.195218211516859697e-01
2.789583333333333215e+01,6.627453106895920820e-01
2.791666666666666430e+01,7.070605767849874601e-01
2.793750000000000000e+01,7.524811658775407697e-01
2.795833333333333215e+01,7.990223760511677709e-01
2.797916666666666430e+01,8.467012473183914700e-01
2.800000000000000000e+01,8.955364952197498729e-01
2.802083333333333215e+01,9.455483990498381175e-01
2.804166666666666430e+01,9.967586539729949013e-01
2.806250000000000000e+01,1.049190192764525742e+00
2.808333333333333215e+01,1.102866978190433001e+00
2.810416666666666430e+01,1.157813761445646294e+00
2.812500000000000000e+01,1.214055796008648214e+00
2.814583333333333215e+01,1.271618309278439440e+00
2.816666666666666430e+01,1.330525839556997658e+00
2.818750000000000000e+01,1.390802035374091528e+00
2.820833333333333215e+01,1.452469238655262007e+00
2.822916666666666430e+01,1.515547623204940297e+00
2.825000000000000000e+01,1.580054163871144945e+00
2.827083333333333215e+01,1.646001431830893535e+00
2.829166666666666430e+01,1.713396226364959585e+00
2.831250000000000000e+01,1.782238069287688242e+00
2.833333333333333215e+01,1.852517602888966053e+00
2.835416666666666430e+01,1.924214945662376053e+00
2.837500000000000000e+01,1.997298074289824754e+00
2.839583333333333215e+01,2.071721163843602831e+00
2.841666666666666430e+01,2.147423029437601549e+00
2.843750000000000000e+01,2.224326316971745765e+00
2.845833333333333215e+01,2.302336942231240080e+00
2.847916666666666430e+01,2.381343791905952578e+00
2.850000000000000000e+01,2.461219112752559557e+00
2.852083333333333215e+01,2.541819692574825762e+00
2.854166666666666430e+01,2.622988859061281097e+00
2.856250000000000000e+01,2.704559232052485385e+00
2.858333333333333215e+01,2.786356081808668783e+00
2.860416666666666430e+01,2.868201087766094393e+00
2.862500000000000000e+01,2.949916267023846128e+00
2.864583333333333215e+01,3.031327846357082301e+00
2.866666666666666430e+01,3.112269875818641118e+00
2.868750000000000000e+01,3.192587415011224561e+00
2.870833333333333215e+01,3.272139157794122344e+00
2.872916666666666430e+01,3.350799395567536365e+00
2.875000000000000000e+01,3.428459254737417083e+00
2.877083333333333215e+01,3.505027182285348264e+00
2.879166666666666430e+01,3.580428694502222342e+00
2.881250000000000000e+01,3.654605445437242306e+00
2.883333333333333215e+01,3.727513709493541771e+00
2.885416666666666430e+01,3.799122402589965475e+00
2.887500000000000000e+01,3.869410777528466738e+00
2.889583333333333215e+01,3.938221270827671816e+00
2.891666666666666430e+01,4.005486300068609395e+00
2.893750000000000000e+01,4.071200936159869777e+00
2.895833333333333215e+01,4.135279397518118571e+00
2.897916666666666430e+01,4.197572615777798610e+00
2.900000000000000000e+01,4.257880840219753438e+00
2.902083333333333215e+01,4.315964490800511477e+00
2.904166666666666430e+01,4.371554018349096182e+00
2.906250000000000000e+01,4.424359621886247318e+00
2.908333333333333215e+01,4.474081291725395815e+00
2.910416666666666430e+01,4.520419347360809859e+00
2.912500000000000000e+01,4.563085375577666802e+00
2.914583333333333215e+01,4.601813276335356306e+00
2.916666666666666430e+01,4.636370070496272255e+00
2.918750000000000000e+01,4.666566248269829131e+00
2.920833333333333215e+01,4.692265630842825885e+00
2.922916666666666430e+01,4.713419921826855763e+00
2.925000000000000000e+01,4.730157822099817722e+00
2.927083333333333215e+01,4.742690074888180618e+00
2.929166666666666430e+01,4.751219389590567665e+00
2.931250000000000000e+01,4.755944131085382942e+00
2.933333333333333215e+01,4.757059539878604859e+00
2.935416666666666430e+01,4.754758418321315183e+00
2.937500000000000000e+01,4.749234389552938751e+00
2.939583333333333215e+01,4.740690261682924067e+00
2.941666666666666430e+01,4.729350061201095912e+00
2.943750000000000000e+01,4.715473302361941954e+00
2.945833333333333215e+01,4.699366156615337076e+00
2.947916666666666430e+01,4.681384128524642030e+00
2.950000000000000000e+01,4.661923865789801447e+00
2.952083333333333215e+01,4.641404394565583402e+00
2.954166666666666430e+01,4.620242234401951364e+00
2.956250000000000000e+01,4.598825671953980176e+00
2.958333333333333215e+01,4.577496377033553721e+00
2.960416666666666430e+01,4.556543173559783000e+00
2.962500000000000000e+01,4.536205075421099409e+00
2.964583333333333215e+01,4.516678515802704297e+00
2.966666666666666430e+01,4.498126011006823965e+00
2.968750000000000000e+01,4.480685342715427844e+00
2.970833333333333215e+01,4.464475949809095567e+00
2.972916666666666430e+01,4.449600338453737258e+00
2.975000000000000000e+01,4.436141424653254006e+00
2.977083333333333215e+01,4.424154928639101314e+00
2.979166666666666430e+01,4.413656825576317111e+00
2.981250000000000000e+01,4.404607236941438408e+00
2.983333333333333215e+01,4.396887079038310553e+00
2.985416666666666430e+01,4.390310011706594295e+00
2.987500000000000000e+01,4.384652615664432318e+00
2.989583333333333215e+01,4.379683499610270481e+00
2.991666666666666430e+01,4.375179450476214704e+00
2.993750000000000000e+01,4.370922344554919903e+00
2.995833333333333215e+01,4.366695313890788022e+00
2.997916666666666430e+01,4.362272560489792284e+00
3.000000000000000000e+01,4.357408039132855571e+00
3.002083333333333215e+01,4.351888654461153472e+00
3.004166666666666430e+01,4.345560764537017562e+00
3.006250000000000000e+01,4.338320565937923590e+00
3.008333333333333215e+01,4.330115439520836773e+00
3.010416666666666430e+01,4.320934736356695893e+00
3.012500000000000000e+01,4.310790238247741435e+00
3.014583333333333215e+01,4.299693726121522452e+00
3.016666666666666430e+01,4.287636881088797480e+00
3.018750000000000000e+01,4.274575027691367879e+00
3.020833333333333215e+01,4.260415093179571677e+00
3.022916666666666430e+01,4.245007622008354353e+00
3.025000000000000000e+01,4.228144136435149747e+00
3.027083333333333215e+01,4.209562780734411369e+00
3.029166666666666430e+01,4.188971973530846604e+00
3.031250000000000000e+01,4.166175890109797386e+00
3.033333333333333215e+01,4.141169988637682486e+00
3.035416666666666430e+01,4.114078545890345495e+00
3.037500000000000000e+01,4.085063555321313267e+00
3.039583333333333215e+01,4.054289352091965171e+00
3.041666666666666430e+01,4.021920505389959821e+00
3.043750000000000000e+01,3.988119782036171124e+00
3.045833333333333215e+01,3.953046204825164889e+00
3.047916666666666430e+01,3.916853226509113828e+00
3.050000000000000000e+01,3.879687037885515721e+00
3.052083333333333215e+01,3.841685026200327702e+00
3.054166666666666430e+01,3.802974398164048697e+00
3.056250000000000000e+01,3.763670980453848625e+00
3.058333333333333215e+01,3.723878209804326378e+00
3.060416666666666430e+01,3.683686324789174904e+00
3.062500000000000000e+01,3.643171772054504931e+00
3.064583333333333215e+01,3.602396840294111335e+00
3.066666666666666430e+01,3.561409533309195741e+00
3.068750000000000000e+01,3.520243684104444437e+00
3.070833333333333215e+01,3.478919288355823536e+00
3.072916666666666430e+01,3.437442996471474110e+00
3.075000000000000000e+01,3.395808667144144533e+00
3.077083333333333215e+01,3.354021227320665322e+00
3.079166666666666430e+01,3.312168626911836444e+00
3.081250000000000000e+01,3.270338771791997168e+00
3.083333333333333215e+01,3.228557075016492917e+00
3.085416666666666430e+01,3.186829719845322817e+00
3.087500000000000000e+01,3.145161642076210295e+00
3.089583333333333215e+01,3.103556506450063868e+00
3.091666666666666430e+01,3.062016694760151481e+00
3.093750000000000000e+01,3.020543306042665410e+00
3.095833333333333215e+01,2.979136168738881096e+00
3.097916666666666430e+01,2.937793864385715548e+00
3.100000000000000000e+01,2.896513762176761819e+00
3.102083333333333215e+01,2.855292063605375574e+00
3.104166666666666430e+01,2.814123856327345408e+00
3.106250000000000000e+01,2.773003176343018072e+00
3.108333333333333215e+01,2.731923077583904291e+00
3.110416666666666430e+01,2.779153747678158037e-01
3.112500000000000000e+01,2.779165073721653889e-01
3.114583333333333215e+01,2.779404110240093484e-01
3.116666666666666430e+01,2.780522381498123918e-01
3.118750000000000000e+01,2.783580575644835076e-01
3.120833333333333215e+01,2.789960604385146592e-01
3.122916666666666430e+01,2.801258564495742731e-01
3.125000000000000000e+01,2.819161869900511652e-01
3.127083333333333215e+01,2.845320075330637910e-01
3.129166666666666430e+01,2.881229282617857601e-01
3.131250000000000000e+01,2.928147578659227035e-01
3.133333333333333215e+01,2.987047955046359116e-01
3.135416666666666430e+01,3.058604914899316074e-01
3.137500000000000000e+01,3.143205563285021986e-01
3.139583333333333215e+01,3.240975725366961879e-01
3.141666666666666430e+01,3.351814316497022106e-01
3.143750000000000000e+01,3.475432289013002385e-01
3.145833333333333215e+01,3.611394515611500711e-01
3.147916666666666430e+01,3.759163581604311188e-01
3.150000000000000000e+01,3.918144055976255369e-01
3.152083333333333215e+01,4.087725148229776617e-01
3.154166666666666430e+01,4.267319295097399823e-01
3.156250000000000000e+01,4.456394391841128622e-01
3.158333333333333215e+01,4.654498048870965299e-01
3.160416666666666430e+01,4.861273192031822510e-01
3.162500000000000000e+01,5.076465265406550076e-01
3.164583333333333215e+01,5.299922038370343813e-01
3.166666666666666430e+01,5.531587476240306112e-01
3.168750000000000000e+01,5.771491316178085640e-01
3.170833333333333215e+01,6.019735960520797846e-01
3.172916666666666430e+01,6.276482132774600098e-01
3.175000000000000000e+01,6.541934499794213043e-01
3.177083333333333215e+01,6.816328193882706943e-01
3.179166666666666430e+01,7.099916903008550717e-01
3.181250000000000000e+01,7.392962956549568032e-01
3.183333333333333215e+01,7.695729629194583143e-01
3.185416666666666430e+01,8.008475720770924511e-01
3.187500000000000000e+01,8.331450685893085906e-01
3.189583333333333215e+01,8.664886060212165786e-01
3.191666666666666430e+01,9.009001202766805383e-01
3.193750000000000000e+01,9.364011685750691649e-01
3.195833333333333215e+01,9.730132520445142763e-01
3.197916666666666430e+01,1.010758209859759171e+00
3.200000000000000000e+01,1.049658643793280000e+00
3.202083333333332860e+01,1.089738327837002752e+00
3.204166666666666430e+01,1.131022552728945252e+00
3.206250000000000000e+01,1.173538349618657550e+00
3.208333333333332860e+01,1.217314530896056457e+00
3.210416666666666430e+01,1.262381480580135218e+00
3.212500000000000000e+01,1.308770624701492968e+00
3.214583333333332860e+01,1.356513519105934540e+00
3.216666666666666430e+01,1.405640513671484237e+00
3.218750000000000000e+01,1.456178988404888797e+00
3.220833333333332860e+01,1.508151196609128775e+00
3.222916666666666430e+01,1.561571772835518290e+00
3.225000000000000000e+01,1.616444961645158163e+00
3.227083333333332860e+01,1.672761624616786236e+00
3.229166666666666430e+01,1.730496128004820777e+00
3.231250000000000000e+01,1.789603304547576101e+00
3.233333333333332860e+01,1.850015775414089347e+00
3.235416666666666430e+01,1.911641967166848977e+00
3.237500000000000000e+01,1.974365151758340264e+00
3.239583333333332860e+01,2.038043779385652066e+00
3.241666666666666430e+01,2.102513263920173348e+00
3.243750000000000000e+01,2.167589222111596214e+00
3.245833333333332860e+01,2.233071987418809190e+00
3.247916666666666430e+01,2.298752063601341433e+00
3.250000000000000000e+01,2.364416093319375634e+00
3.252083333333332860e+01,2.429852905900604654e+00
3.254166666666666430e+01,2.494859258222185350e+00
3.256250000000000000e+01,2.559244960581010364e+00
3.258333333333332860e+01,2.622837157981365852e+00
3.260416666666666430e+01,2.685483605010623886e+00
3.262500000000000000e+01,2.747054832150671810e+00
3.264583333333332860e+01,2.807445160653409655e+00
3.266666666666666430e+01,2.866572585786914651e+00
3.268750000000000000e+01,2.924377611099923779e+00
3.270833333333332860e+01,2.980821171858588858e+00
3.272916666666666430e+01,3.035881827426038626e+00
3.275000000000000000e+01,3.089552427902261922e+00
3.277083333333332860e+01,3.141836471680064857e+00
3.279166666666666430e+01,3.192744370682085719e+00
3.281250000000000000e+01,3.242289830398949135e+00
3.283333333333332860e+01,3.290486532121855490e+00
3.285416666666666430e+01,3.337345274526826611e+00
3.287500000000000000e+01,3.382871692325492230e+00
3.289583333333332860e+01,3.427064624506756640e+00
3.291666666666666430e+01,3.469915158247625531e+00
3.293750000000000000e+01,3.511406330824610844e+00
3.295833333333332860e+01,3.551513433524039698e+00
3.297916666666666430e+01,3.590204830392174973e+00
3.300000000000000000e+01,3.627443181908791114e+00
3.302083333333332860e+01,3.663186950237088180e+00
3.304166666666666430e+01,3.697392059222846861e+00
3.306250000000000000e+01,3.730013588719648165e+00
3.308333333333332860e+01,3.761007397845829381e+00
3.310416666666666430e+01,3.790331592838220409e+00
3.312500000000000000e+01,3.817732260994291416e+00
3.314583333333332860e+01,3.843086907428857835e+00
3.316666666666666430e+01,3.866379367271930878e+00
3.318750000000000000e+01,3.887488950268945143e+00
3.320833333333332860e+01,3.906215884816303330e+00
3.322916666666666430e+01,3.922304797459464698e+00
3.325000000000000000e+01,3.935465272320402885e+00
3.327083333333332860e+01,3.945387877594896064e+00
3.329166666666666430e+01,3.951756519631041797e+00
3.331250000000000000e+01,3.954264149196600631e+00
3.333333333333332860e+01,3.952785831862691168e+00
3.335416666666666430e+01,3.947335475677556715e+00
3.337500000000000000e+01,3.937954995183768681e+00
3.339583333333332860e+01,3.924704086582480045e+00
3.341666666666666430e+01,3.907652309877972296e+00
3.343750000000000000e+01,3.886873757861345702e+00
3.345833333333332860e+01,3.862446360846995663e+00
3.347916666666666430e+01,3.834458292440920069e+00
3.350000000000000000e+01,3.803023000356420713e+00
3.352083333333332860e+01,3.768302507521773315e+00
3.354166666666666430e+01,3.730536272238165640e+00
3.356250000000000000e+01,3.690070232669002692e+00
3.358333333333332860e+01,3.647378401865578823e+00
3.360416666666666430e+01,3.603069260130355556e+00
3.362500000000000000e+01,3.557867453253691359e+00
3.364583333333332860e+01,3.512564961924925733e+00
3.366666666666666430e+01,3.467956531913140239e+00
3.368750000000000000e+01,3.424784626459276282e+00
3.370833333333332860e+01,3.383704536616160663e+00
3.372916666666666430e+01,3.345265911011252591e+00
3.375000000000000000e+01,3.309907064638719199e+00
3.377083333333332860e+01,3.277962230538586041e+00
3.379166666666666430e+01,3.249672942572239709e+00
3.381250000000000000e+01,3.225198071561666158e+00
3.383333333333332860e+01,3.204624434198414029e+00
3.385416666666666430e+01,3.187979179153247689e+00
3.387500000000000000e+01,3.175245376592379820e+00
3.389583333333332860e+01,3.166382561890376923e+00
3.391666666666666430e+01,3.161352078776903163e+00
3.393750000000000000e+01,3.160143311626508300e+00
3.395833333333332860e+01,3.162795584083278211e+00
3.397916666666666430e+01,3.169413123442345270e+00
3.400000000000000000e+01,3.180172530601009573e+00
3.402083333333332860e+01,3.195320422022254636e+00
3.404166666666666430e+01,3.215153652333540002e+00
3.406250000000000000e+01,3.239869223820880606e+00
3.408333333333332860e+01,3.269429846614923196e+00
3.410416666666666430e+01,3.303547675384328475e+00
3.412500000000000000e+01,3.341809614673794560e+00
3.414583333333332860e+01,3.383763415833863419e+00
3.416666666666666430e+01,3.428927528553864068e+00
3.418750000000000000e+01,3.476795732511763326e+00
3.420833333333332860e+01,3.526841837857633166e+00
3.422916666666666430e+01,3.578524406544248748e+00
3.425000000000000000e+01,3.631291449611736333e+00
3.427083333333332860e+01,3.684585058759080045e+00
3.429166666666666430e+01,3.737845933910409979e+00
3.431250000000000000e+01,3.790517771982832684e+00
3.433333333333332860e+01,3.842051485643406483e+00
3.435416666666666430e+01,3.891909224460273098e+00
3.437500000000000000e+01,3.939568174463408567e+00
3.439583333333332860e+01,3.984524115696211677e+00
3.441666666666666430e+01,4.026294720831454121e+00
3.443750000000000000e+01,4.064477917896558878e+00
3.445833333333332860e+01,4.098808143024136541e+00
3.447916666666666430e+01,4.129094035506721383e+00
3.450000000000000000e+01,4.155142189826785071e+00
3.452083333333332860e+01,4.176744759537771579e+00
3.454166666666666430e+01,4.193687208951101475e+00
3.456250000000000000e+01,4.205735868444804737e+00
3.458333333333332860e+01,4.212698826149511966e+00
3.460416666666666430e+01,4.214458526854684806e+00
3.462500000000000000e+01,4.210974038086669147e+00
3.464583333333332860e+01,4.202253100895620541e+00
3.466666666666666430e+01,4.188335570617020664e+00
3.468750000000000000e+01,4.169350939740517958e+00
3.470833333333332860e+01,4.145555708133207062e+00
3.472916666666666430e+01,4.117288236800844103e+00
3.475000000000000000e+01,4.084896953589930213e+00
3.477083333333332860e+01,4.048793101662475635e+00
3.479166666666666430e+01,4.009415278680846129e+00
3.481250000000000000e+01,3.967184293552964203e+00
3.483333333333332860e+01,3.922512229406065920e+00
3.485416666666666430e+01,3.875806912838495766e+00
3.487500000000000000e+01,3.827476953266542026e+00
3.489583333333332860e+01,3.777934514049582138e+00
3.491666666666666430e+01,3.727595494069729565e+00
3.493750000000000000e+01,3.676877667083357615e+00
3.495833333333332860e+01,3.626197376784932036e+00
3.497916666666666430e+01,3.575965075175094654e+00
3.500000000000000000e+01,3.526579040538013743e+00
3.502083333333332860e+01,3.478416058300450864e+00
3.504166666666666430e+01,3.431822270092438121e+00
3.506250000000000000e+01,3.387101383249198516e+00
3.508333333333332860e+01,3.344498549647930474e+00
3.510416666666666430e+01,3.304185338293664564e+00
3.512500000000000000e+01,3.266253819461998997e+00
3.514583333333332860e+01,3.230723232191995198e+00
3.516666666666666430e+01,3.197553926112920220e+00
3.518750000000000000e+01,3.166667199017273671e+00
3.520833333333332860e+01,3.137961846529185195e+00
3.522916666666666430e+01,3.111323214196540565e+00
3.525000000000000000e+01,3.086627329651522977e+00
3.527083333333332860e+01,3.063741911050106292e+00
3.529166666666666430e+01,3.042525920127686412e+00
3.531250000000000000e+01,3.022829018517633415e+00
3.533333333333332860e+01,3.004491977115399948e+00
3.535416666666666430e+01,2.987348777290054880e+00
3.537500000000000000e+01,2.971230796766536564e+00
3.539583333333332860e+01,2.955973104674697982e+00
3.541666666666666430e+01,2.941422450044141268e+00
3.543750000000000000e+01,2.927446111205176837e+00
3.545833333333332860e+01,2.913940623702656385e+00
3.547916666666666430e+01,2.900838334390314355e+00
3.550000000000000000e+01,2.888110093587576088e+00
3.552083333333332860e+01,2.875762609640859058e+00
3.554166666666666430e+01,2.863830892195119215e+00
3.556250000000000000e+01,2.852368545503818797e+00
3.558333333333332860e+01,2.841437206234330937e+00
3.560416666666666430e+01,2.831095918235514208e+00
3.562500000000000000e+01,2.821392434953246209e+00
3.564583333333332860e+01,2.812358305074766918e+00
3.566666666666666430e+01,2.804008363398739156e+00
3.568750000000000000e+01,2.796343669544822497e+00
3.570833333333332860e+01,2.789355769090131165e+00
3.572916666666666430e+01,2.783031173681091541e+00
3.575000000000000000e+01,2.777352683148215817e+00
3.577083333333332860e+01,2.772293695080676468e+00
3.579166666666666430e+01,2.767806493536407064e+00
3.581250000000000000e+01,2.763810956135499985e+00
3.583333333333332860e+01,2.760187567872174785e+00
3.585416666666666430e+01,2.756776054520182484e+00
3.587500000000000000e+01,2.753389381736211394e+00
3.589583333333332860e+01,2.749829895411358915e+00
3.591666666666666430e+01,2.745889970313751594e+00
3.593750000000000000e+01,2.741349790622944482e+00
3.595833333333332860e+01,2.735977889103199168e+00
3.597916666666666430e+01,2.729533614167040767e+00
3.600000000000000000e+01,2.721770822125996858e+00
3.602083333333332860e+01,2.712441522224320334e+00
3.604166666666666430e+01,2.701299430907852184e+00
3.606250000000000000e+01,2.688115482434486836e+00
3.608333333333332860e+01,2.672689376651349313e+00
3.610416666666666430e+01,2.654829634671755922e+00
3.612500000000000000e+01,2.634357815104264144e+00
3.614583333333332860e+01,2.611105337433962781e+00
3.616666666666666430e+01,2.584912222305649543e+00
3.618750000000000000e+01,2.555678990307104659e+00
3.620833333333332860e+01,2.523456087802887549e+00
3.622916666666666430e+01,2.488506703460311442e+00
3.625000000000000000e+01,2.451178355032400891e+00
3.627083333333332860e+01,2.411714104854485008e+00
3.629166666666666430e+01,2.370191730465716073e+00
3.631250000000000000e+01,2.326539202852708321e+00
3.633333333333332860e+01,2.280576333005897460e+00
3.635416666666666430e+01,2.232083021749823981e+00
3.637500000000000000e+01,2.180957994087389551e+00
3.639583333333332860e+01,2.127395133135363547e+00
3.641666666666666430e+01,2.071874805642479167e+00
3.643750000000000000e+01,2.015023394203244056e+00
3.645833333333332860e+01,1.957505511957736477e+00
3.647916666666666430e+01,1.899991777974312734e+00
3.650000000000000000e+01,1.843150548214258055e+00
3.652083333333332860e+01,1.787639965867283243e+00
3.654166666666666430e+01,1.734100415239980597e+00
3.656250000000000000e+01,1.683147451587573951e+00
3.658333333333332860e+01,1.635365267218354290e+00
3.660416666666666430e+01,1.591300742022481618e+00
3.662500000000000000e+01,1.551458114378483133e+00
3.664583333333332860e+01,1.516294296208432035e+00
3.666666666666666430e+01,1.486214843769964045e+00
3.668750000000000000e+01,1.461570583553902569e+00
3.670833333333332860e+01,1.442654880439895315e+00
3.672916666666666430e+01,1.429701523381983197e+00
3.675000000000000000e+01,1.422883193384763212e+00
3.677083333333332860e+01,1.422310471689713252e+00
3.679166666666666430e+01,1.428031346820006542e+00
3.681250000000000000e+01,1.440031191956238077e+00
3.683333333333332860e+01,1.458233210651113998e+00
3.685416666666666430e+01,1.482499382725662951e+00
3.687500000000000000e+01,1.512631967826520096e+00
3.689583333333332860e+01,1.547563092273567920e+00
3.691666666666666430e+01,1.585086821232425613e+00
3.693750000000000000e+01,1.623976328874740860e+00
3.695833333333332860e+01,1.664044934753473370e+00
3.697916666666666430e+01,1.705201716650876831e+00
3.700000000000000000e+01,1.747350566059631127e+00
3.702083333333332860e+01,1.790390838258628214e+00
3.704166666666666430e+01,1.834218024039971251e+00
3.706250000000000000e+01,1.878724437815068926e+00
3.708333333333332860e+01,1.923799916844128877e+00
3.710416666666666430e+01,1.969332526391829097e+00
3.712500000000000000e+01,2.015209265709234643e+00
3.714583333333332860e+01,2.061316769875647825e+00
3.716666666666666430e+01,2.107542002701864536e+00
3.718750000000000000e+01,2.793470594487013070e-02
3.720833333333332860e+01,2.793576705134189972e-02
3.722916666666666430e+01,2.795811565916372921e-02
3.725000000000000000e+01,2.806256052542947799e-02
3.727083333333332860e+01,2.834809443830350537e-02
3.729166666666666430e+01,2.894396609325423225e-02
3.731250000000000000e+01,3.000013183056866525e-02
3.733333333333332860e+01,3.167632173857451439e-02
3.735416666666666430e+01,3.413041657117460437e-02
3.737500000000000000e+01,3.750780691393796468e-02
3.739583333333332860e+01,4.193332158485004596e-02
3.741666666666666430e+01,4.750640969407364522e-02
3.743750000000000000e+01,5.429935361520966952e-02
3.745833333333332860e+01,6.235775448114394548e-02
3.747916666666666430e+01,7.170244896656179090e-02
3.750000000000000000e+01,8.233222738074118252e-02
3.752083333333332860e+01,9.422701017449676419e-02
3.754166666666666430e+01,1.073513521091967460e-01
3.756250000000000000e+01,1.216582251873412485e-01
3.758333333333332860e+01,1.370930009870948429e-01
3.760416666666666430e+01,1.535974742461558296e-01
3.762500000000000000e+01,1.711137026530471228e-01
3.764583333333332860e+01,1.895874170461704644e-01
3.766666666666666430e+01,2.089707904346271572e-01
3.768750000000000000e+01,2.292244298399444546e-01
3.770833333333332860e+01,2.503185470333171847e-01
3.772916666666666430e+01,2.722333491818895723e-01
3.775000000000000000e+01,2.949587534932434085e-01
3.777083333333332860e+01,3.184935667099292878e-01
3.779166666666666430e+01,3.428442837183486303e-01
3.781250000000000000e+01,3.680236557593655200e-01
3.783333333333332860e+01,3.940491638005270691e-01
3.785416666666666430e+01,4.209415112437727702e-01
3.787500000000000000e+01,4.487232258246028338e-01
3.789583333333332860e+01,4.774174359412069468e-01
3.791666666666666430e+01,5.070468636027956055e-01
3.793750000000000000e+01,5.376330559004919296e-01
3.795833333333332860e+01,5.691958599573238020e-01
3.797916666666666430e+01,6.017531327390097662e-01
3.800000000000000000e+01,6.353206665581651036e-01
3.802083333333332860e+01,6.699123030908823440e-01
3.804166666666666430e+01,7.055402028396871028e-01
3.806250000000000000e+01,7.422152330345529458e-01
3.808333333333332860e+01,7.799474350011407209e-01
3.810416666666666430e+01,8.187465321858907741e-01
3.812500000000000000e+01,8.586224423870880695e-01
3.814583333333332860e+01,8.995857621633952528e-01
3.816666666666666430e+01,9.416481974642439967e-01
3.818750000000000000e+01,9.848229215828032679e-01
3.820833333333332860e+01,1.029124848745279985e+00
3.822916666666666430e+01,1.074570818172708719e+00
3.825000000000000000e+01,1.121179688547705444e+00
3.827083333333332860e+01,1.168972345953037006e+00
3.829166666666666430e+01,1.217971629219464225e+00
3.831250000000000000e+01,1.268202175155881184e+00
3.833333333333332860e+01,1.319690182481645158e+00
3.835416666666666430e+01,1.372463087811628846e+00
3.837500000000000000e+01,1.426549140409491212e+00
3.839583333333332860e+01,1.481976855647065161e+00
3.841666666666666430e+01,1.538774052269847648e+00
3.843750000000000000e+01,1.596966816214106855e+00
3.845833333333332860e+01,1.656578831676635222e+00
3.847916666666666430e+01,1.717630342811234057e+00
3.850000000000000000e+01,1.780136630163654088e+00
3.852083333333332860e+01,1.844106293988357015e+00
3.854166666666666430e+01,1.909539377797069060e+00
3.856250000000000000e+01,1.976425379573286900e+00
3.858333333333332860e+01,2.044741213874499586e+00
3.860416666666666430e+01,2.114449212666924982e+00
3.862500000000000000e+01,2.185495289037790556e+00
3.864583333333332860e+01,2.257807428797161009e+00
3.866666666666666430e+01,2.331294704956616837e+00
3.868750000000000000e+01,2.405847012304045851e+00
3.870833333333332860e+01,2.481335682485698246e+00
3.872916666666666430e+01,2.557615063234320640e+00
3.875000000000000000e+01,2.634525040580848465e+00
3.877083333333332860e+01,2.711894373003313596e+00
3.879166666666666430e+01,2.789544617647538693e+00
3.881250000000000000e+01,2.867294379582576713e+00
3.883333333333332860e+01,2.944963609349242617e+00
3.885416666666666430e+01,3.022377701664210825e+00
3.887500000000000000e+01,3.099371192376604078e+00
3.889583333333332860e+01,3.175790897201568264e+00
3.891666666666666430e+01,3.251498377294053554e+00
3.893750000000000000e+01,3.326371653569110354e+00
3.895833333333332860e+01,3.400306127714039395e+00
3.897916666666666430e+01,3.473214706501011051e+00
3.900000000000000000e+01,3.545027167724707606e+00
3.902083333333332860e+01,3.615688848054486204e+00
3.904166666666666430e+01,3.685158770693961472e+00
3.906250000000000000e+01,3.753407359439070223e+00
3.908333333333332860e+01,3.820413902394700134e+00
3.910416666666666430e+01,3.886163932049891301e+00
3.912500000000000000e+01,3.950646679216464729e+00
3.914583333333332860e+01,4.013852738488449923e+00
3.916666666666666430e+01,4.075772055276767780e+00
3.918750000000000000e+01,4.136392312416390382e+00
3.920833333333332860e+01,4.195554057598177344e+00
3.922916666666666430e+01,4.253172668110710930e+00
3.925000000000000000e+01,4.309212065111809764e+00
3.927083333333332860e+01,4.363543139082162625e+00
3.929166666666666430e+01,4.415963014513123674e+00
3.931250000000000000e+01,4.466212527833801182e+00
3.933333333333332860e+01,4.513991560803746417e+00
3.935416666666666430e+01,4.558972920270567109e+00
3.937500000000000000e+01,4.600815351219697646e+00
3.939583333333332860e+01,4.639176155459860063e+00
3.941666666666666430e+01,4.673722624783480661e+00
3.943750000000000000e+01,4.704143258190111254e+00
3.945833333333332860e+01,4.730159092326891468e+00
3.947916666666666430e+01,4.751536635474603365e+00
3.950000000000000000e+01,4.768110515452968379e+00
3.952083333333332860e+01,4.779887827288271218e+00
3.954166666666666430e+01,4.787056777233874350e+00
3.956250000000000000e+01,4.789867812775377764e+00
3.958333333333332860e+01,4.788578595017800588e+00
3.960416666666666430e+01,4.783453135069858142e+00
3.962500000000000000e+01,4.774760265170219675e+00
3.964583333333332860e+01,4.762775129745210556e+00
3.966666666666666430e+01,4.747785577417404923e+00
3.968750000000000000e+01,4.730101853979225446e+00
3.970833333333332860e+01,4.710065859213775852e+00
3.972916666666666430e+01,4.688054985762359905e+00
3.975000000000000000e+01,4.664477836454905990e+00
3.977083333333332860e+01,4.639761636435947523e+00
3.979166666666666430e+01,4.614333699369137953e+00
3.981250000000000000e+01,4.588601140609797291e+00
3.983333333333332860e+01,4.562933230407581142e+00
3.985416666666666430e+01,4.537649322490785231e+00
3.987500000000000000e+01,4.513014922738959989e+00
3.989583333333332860e+01,4.489244544468571796e+00
3.991666666666666430e+01,4.466507486886203360e+00
3.993750000000000000e+01,4.444935994016068648e+00
3.995833333333332860e+01,4.424634320452424774e+00
3.997916666666666430e+01,4.405684704137332375e+00
4.000000000000000000e+01,4.388149587257839990e+00
4.002083333333332860e+01,4.372069504282279695e+00
4.004166666666666430e+01,4.357456123886102262e+00
4.006250000000000000e+01,4.344280845507924482e+00
4.008333333333332860e+01,4.332460142038454087e+00
4.010416666666666430e+01,4.321847092711966098e+00
4.012500000000000000e+01,4.312236052477537385e+00
4.014583333333332860e+01,4.303376620083957604e+00
4.016666666666666430e+01,4.294992690992358142e+00
4.018750000000000000e+01,4.286805971654189307e+00
4.020833333333332860e+01,4.278557531848475648e+00
4.022916666666666430e+01,4.270009592534272258e+00
4.025000000000000000e+01,4.260960643572152762e+00
4.027083333333332860e+01,4.251258920189671109e+00
4.029166666666666430e+01,4.240802099075185794e+00
4.031250000000000000e+01,4.229536863287515658e+00
4.033333333333332860e+01,4.217452901614756833e+00
4.035416666666666430e+01,4.204571442480302679e+00
4.037500000000000000e+01,4.190931095991055066e+00
4.039583333333332860e+01,4.176573857912400101e+00
4.041666666666666430e+01,4.161534230390194544e+00
4.043750000000000000e+01,4.145833687893626163e+00
4.045833333333332860e+01,4.129481452800854768e+00
4.047916666666666430e+01,4.112482867658485475e+00
4.050000000000000000e+01,4.094855366110864203e+00
4.052083333333332860e+01,4.076651167255389119e+00
4.054166666666666430e+01,4.057983614384293780e+00
4.056250000000000000e+01,4.039049700025889145e+00
4.058333333333332860e+01,4.020137375708571881e+00
4.060416666666666430e+01,4.001587692107278826e+00
4.062500000000000000e+01,3.983759666626364382e+00
4.064583333333332860e+01,3.967017821407005318e+00
4.066666666666666430e+01,3.951729985750175977e+00
4.068750000000000000e+01,3.938262598482929366e+00
4.070833333333332860e+01,3.926976191972453734e+00
4.072916666666666430e+01,3.918221105341499033e+00
4.075000000000000000e+01,3.912333466465426124e+00
4.077083333333332860e+01,3.909631473717512407e+00
4.079166666666666430e+01,3.910411999079093093e+00
4.081250000000000000e+01,3.914947523989650069e+00
4.083333333333332860e+01,3.923483408076294587e+00
4.085416666666666430e+01,3.936235478945642630e+00
4.087500000000000000e+01,3.953387919923765814e+00
4.089583333333332860e+01,3.975091425677036217e+00
4.091666666666666430e+01,4.001461599897500498e+00
4.093750000000000000e+01,4.032577592505380615e+00
4.095833333333332860e+01,4.068481016280796503e+00
4.097916666666666430e+01,4.109175226619989019e+00
4.100000000000000000e+01,4.154250163524190853e+00
4.102083333333332860e+01,4.202247666702101370e+00
4.104166666666666430e+01,4.251775427873693225e+00
4.106250000000000000e+01,4.302417612987365914e+00
4.108333333333332860e+01,4.354147761490837709e+00
4.110416666666666430e+01,4.406937437317419715e+00
4.112500000000000000e+01,4.460756409843498638e+00
4.114583333333332860e+01,4.515572846102067217e+00
4.116666666666666430e+01,4.571353511907087608e+00
4.118750000000000000e+01,4.628063979698699981e+00
4.120833333333332860e+01,4.685668841056348732e+00
4.122916666666666430e+01,4.744131921944967800e+00
4.125000000000000000e+01,4.803416498861778017e+00
4.127083333333332860e+01,4.863485514143550681e+00
4.129166666666666430e+01,4.924301788781510147e+00
4.131250000000000000e+01,2.705629900820480938e-01
4.133333333333332860e+01,2.705642404152387992e-01
4.135416666666666430e+01,2.705907153017506062e-01
4.137500000000000000e+01,2.707157877941600010e-01
4.139583333333332860e+01,2.710608374466746961e-01
4.141666666666666430e+01,2.717852301092401057e-01
4.143750000000000000e+01,2.730735712500796941e-01
4.145833333333332860e+01,2.751209067840862943e-01
4.147916666666666430e+01,2.781173217635367623e-01
4.150000000000000000e+01,2.822344375261822136e-01
4.152083333333332860e+01,2.876157602603613417e-01
4.154166666666666430e+01,2.943714935617628425e-01
4.156250000000000000e+01,3.025772381402738742e-01
4.158333333333332860e+01,3.122754317597680185e-01
4.160416666666666430e+01,3.234784213267596908e-01
4.162500000000000000e+01,3.361724137177174998e-01
4.164583333333332860e+01,3.503219236836372374e-01
4.166666666666666430e+01,3.658745626889942648e-01
4.168750000000000000e+01,3.827660625409634032e-01
4.170833333333332860e+01,4.009253634795242327e-01
4.172916666666666430e+01,4.202795113891310552e-01
4.175000000000000000e+01,4.407580669770186366e-01
4.177083333333332860e+01,4.622967564780885996e-01
4.179166666666666430e+01,4.848401800597383349e-01
4.181250000000000000e+01,5.083435103338141969e-01
4.183333333333332860e+01,5.327732256111777920e-01
4.185416666666666430e+01,5.581070073192864189e-01
4.187500000000000000e+01,5.843329795537772764e-01
4.189583333333332860e+01,6.114484840806274635e-01
4.191666666666666430e+01,6.394585752126192846e-01
4.193750000000000000e+01,6.683743954446245139e-01
4.195833333333332860e+01,6.982115621286684171e-01
4.197916666666666430e+01,7.289886631390867233e-01
4.200000000000000000e+01,7.607259289433652150e-01
4.202083333333332860e+01,7.934441218431026455e-01
4.204166666666666430e+01,8.271629657301612371e-01
4.206250000000000000e+01,8.619004686826755579e-01
4.208333333333332860e+01,8.976732144803245550e-01
4.210416666666666430e+01,9.344964430222533203e-01
4.212500000000000000e+01,9.723840349603540822e-01
4.214583333333332860e+01,1.011348645007957625e+00
4.216666666666666430e+01,1.051401953277836254e+00
4.218750000000000000e+01,1.092555002673359255e+00
4.220833333333332860e+01,1.134818589820038914e+00
4.222916666666666430e+01,1.178203677592574161e+00
4.225000000000000000e+01,1.222721799203131621e+00
4.227083333333332860e+01,1.268385427082720396e+00
4.229166666666666430e+01,1.315208284132463934e+00
4.231250000000000000e+01,1.363205579809752432e+00
4.233333333333332860e+01,1.412394158259334009e+00
4.235416666666666430e+01,1.462792549611378723e+00
4.237500000000000000e+01,1.514420918093922541e+00
4.239583333333332860e+01,1.567300901434571347e+00
4.241666666666666430e+01,1.621455335154330379e+00
4.243750000000000000e+01,1.676907853132515003e+00
4.245833333333332860e+01,1.733682352962421458e+00
4.247916666666666430e+01,1.791802312194407332e+00
4.250000000000000000e+01,1.851289940903140030e+00
4.252083333333332860e+01,1.912165158430583212e+00
4.254166666666666430e+01,1.974444388448241439e+00
4.256250000000000000e+01,2.038139176354697657e+00
4.258333333333332860e+01,2.103254644851175303e+00
4.260416666666666430e+01,2.169787815135528319e+00
4.262500000000000000e+01,2.237725831678027966e+00
4.264583333333332860e+01,2.307044140232795915e+00
4.266666666666666430e+01,2.377704686338909301e+00
4.268750000000000000e+01,2.449654228609866813e+00
4.270833333333332860e+01,2.522822895431031220e+00
4.272916666666666430e+01,2.597123145723484239e+00
4.275000000000000000e+01,2.672449309809235007e+00
4.277083333333332860e+01,2.748677871451649768e+00
4.279166666666666430e+01,2.825668600155598398e+00
4.281250000000000000e+01,2.903266558733263558e+00
4.283333333333332860e+01,2.981304911850343853e+00
4.285416666666666430e+01,3.059608370086481344e+00
4.287500000000000000e+01,3.137997041485343530e+00
4.289583333333332860e+01,3.216290438361020243e+00
4.291666666666666430e+01,3.294311397999679869e+00
4.293750000000000000e+01,3.371889709725027107e+00
4.295833333333332860e+01,3.448865283776826107e+00
4.297916666666666430e+01,3.525090739936147077e+00
4.300000000000000000e+01,3.600433332344807003e+00
4.302083333333332860e+01,3.674776162652773515e+00
4.304166666666666430e+01,3.748018669083588161e+00
4.306250000000000000e+01,3.820076415586647567e+00
4.308333333333332860e+01,3.890880241940625428e+00
4.310416666666666430e+01,3.960374869567255374e+00
4.312500000000000000e+01,4.028517085338011228e+00
4.314583333333332860e+01,4.095273643807908925e+00
4.316666666666666430e+01,4.160619035378443797e+00
4.318750000000000000e+01,4.224533263629422386e+00
4.320833333333332860e+01,4.286999760533657167e+00
4.322916666666666430e+01,4.348003545561910599e+00
4.325000000000000000e+01,4.407529706533701130e+00
4.327083333333332860e+01,4.465562249452705856e+00
4.329166666666666430e+01,4.522083334307710700e+00
4.331250000000000000e+01,4.577072886281170483e+00
4.333333333333332860e+01,4.630330076416327323e+00
4.335416666666666430e+01,4.681756558080283348e+00
4.337500000000000000e+01,4.731330027614895961e+00
4.339583333333332860e+01,4.778927532840464565e+00
4.341666666666666430e+01,4.824346931273061578e+00
4.343750000000000000e+01,4.867326700351702229e+00
4.345833333333332860e+01,4.907565196442307709e+00
4.347916666666666430e+01,4.944737459560446524e+00
4.350000000000000000e+01,4.978509306358820830e+00
4.352083333333332860e+01,5.008549121626165501e+00
4.354166666666666430e+01,5.034537844416672847e+00
4.356250000000000000e+01,5.056177948717030191e+00
4.358333333333332860e+01,5.073202860360845001e+00
4.360416666666666430e+01,5.085390252816693213e+00
4.362500000000000000e+01,5.092664786782906461e+00
4.364583333333332860e+01,5.095165102401395529e+00
4.366666666666666430e+01,5.093128502863094376e+00
4.368750000000000000e+01,5.086809085255436180e+00
4.370833333333332860e+01,5.076469009938024968e+00
4.372916666666666430e+01,5.062377094838962144e+00
4.375000000000000000e+01,5.044816580995887811e+00
4.377083333333332860e+01,5.024097848856584392e+00
4.379166666666666430e+01,5.000572588806038610e+00
4.381250000000000000e+01,4.974643407360169967e+00
4.383333333333332860e+01,4.946762430558385049e+00
4.385416666666666430e+01,4.917416944455341721e+00
4.387500000000000000e+01,4.887105575067801411e+00
4.389583333333332860e+01,4.856311880270948400e+00
4.391666666666666430e+01,4.825481944345209051e+00
4.393750000000000000e+01,4.795009686896455570e+00
4.395833333333332860e+01,4.765230251311765031e+00
4.397916666666666430e+01,4.736420689637268922e+00
4.400000000000000000e+01,4.708804723925375413e+00
4.402083333333332860e+01,4.682560994100473550e+00
4.404166666666666430e+01,4.657832907629837926e+00
4.406250000000000000e+01,4.634735864258927585e+00
4.408333333333332860e+01,4.613361245653532450e+00
4.410416666666666430e+01,4.593776553651443884e+00
4.412500000000000000e+01,4.576020540774804246e+00
4.414583333333332860e+01,4.560093769088663151e+00
4.416666666666666430e+01,4.545945020676846582e+00
4.418750000000000000e+01,4.533457073798303760e+00
4.420833333333332860e+01,4.522440065659382391e+00
4.422916666666666430e+01,4.512639743617996579e+00
4.425000000000000000e+01,4.503757688996200770e+00
4.427083333333332860e+01,4.495474989183085412e+00
4.429166666666666430e+01,4.487474470826139594e+00
4.431250000000000000e+01,4.479459615111854198e+00
4.433333333333332860e+01,4.471167895914830659e+00
4.435416666666666430e+01,4.462377547688331170e+00
4.437500000000000000e+01,4.452908719984374208e+00
4.439583333333332860e+01,4.442620334803355497e+00
4.441666666666666430e+01,4.431402292760842521e+00
4.443750000000000000e+01,4.419166128714499209e+00
4.445833333333332860e+01,4.405839622384353227e+00
4.447916666666666430e+01,4.391367013516807027e+00
4.450000000000000000e+01,4.375715793038841284e+00
4.452083333333332860e+01,4.358890594320429912e+00
4.454166666666666430e+01,4.340951309404090352e+00
4.456250000000000000e+01,4.322028275016852383e+00
4.458333333333332860e+01,4.302328574734342936e+00
4.460416666666666430e+01,4.282130350832844101e+00
4.462500000000000000e+01,4.261767086563191143e+00
4.464583333333332860e+01,4.241587169788744838e+00
4.466666666666666430e+01,4.221905748121756119e+00
4.468750000000000000e+01,4.202987943058791309e+00
4.470833333333332860e+01,4.185062883733729144e+00
4.472916666666666430e+01,4.168346121431530271e+00
4.475000000000000000e+01,4.153055155438489798e+00
4.477083333333332860e+01,4.139381552465369651e+00
4.479166666666666430e+01,4.127351654919604762e+00
4.481250000000000000e+01,4.116877738084709470e+00
4.483333333333332860e+01,4.107852408715728210e+00
4.485416666666666430e+01,4.100157801836596505e+00
4.487500000000000000e+01,4.093679396986818375e+00
4.489583333333332860e+01,4.088321187656623223e+00
4.491666666666666430e+01,4.084015028554314419e+00
4.493750000000000000e+01,4.080721397809246476e+00
4.495833333333332860e+01,4.078420827214592315e+00
4.497916666666666430e+01,4.077094974647438086e+00
4.500000000000000000e+01,4.076695879162593350e+00
4.502083333333332860e+01,4.077110559960011038e+00
4.504166666666666430e+01,4.078125895269161916e+00
4.506250000000000000e+01,4.079439024249932544e+00
4.508333333333332860e+01,4.080708142825203666e+00
4.510416666666666430e+01,4.081577070007678110e+00
4.512500000000000000e+01,4.081685158327005958e+00
4.514583333333332860e+01,4.080673479672800141e+00
4.516666666666666430e+01,4.078190478895681537e+00
4.518750000000000000e+01,4.073897302209089410e+00
4.520833333333332860e+01,4.067472736179568393e+00
4.522916666666666430e+01,4.058617707798912733e+00
4.525000000000000000e+01,4.047059312381821705e+00
4.527083333333332860e+01,4.032554354388029338e+00
4.529166666666666430e+01,4.014892407165207899e+00
4.531250000000000000e+01,3.993898419918866516e+00
4.533333333333332860e+01,3.969434917424441434e+00
4.535416666666666430e+01,3.941403832689123643e+00
4.537500000000000000e+01,3.909747960764808017e+00
4.539583333333332860e+01,3.874626258669639167e+00
4.541666666666666430e+01,3.836844155688106550e+00
4.543750000000000000e+01,3.797547850651457058e+00
4.545833333333332860e+01,3.757295387935095654e+00
4.547916666666666430e+01,3.716164328658376981e+00
4.550000000000000000e+01,3.674174149995347527e+00
4.552083333333332860e+01,3.631345609343703096e+00
4.554166666666666430e+01,3.587700587926669460e+00
4.556250000000000000e+01,3.543261929972564062e+00
4.558333333333332860e+01,3.498053279841918162e+00
4.560416666666666430e+01,3.452098918873456324e+00
4.562500000000000000e+01,3.405423603341076966e+00
4.564583333333332860e+01,3.358052404687670744e+00
4.566666666666666430e+01,3.310010553069751893e+00
4.568750000000000000e+01,3.261323285166951802e+00
4.570833333333332860e+01,3.212015697154675387e+00
4.572916666666666430e+01,3.162112603689942070e+00
4.575000000000000000e+01,3.111638403710365708e+00
4.577083333333332860e+01,3.060616953789948802e+00
4.579166666666666430e+01,3.009071449731187009e+00
4.581250000000000000e+01,2.957024317000916724e+00
4.583333333333332860e+01,2.904497110538363014e+00
4.585416666666666430e+01,2.851510424379244846e+00
