0.000000000000000000e+00,0.000000000000000000e+00
2.083333333333333218e-02,-8.240191537709304348e-02
4.166666666666666435e-02,-2.194634741544522483e-01
6.250000000000000000e-02,-3.556235580971011112e-01
8.333333333333332871e-02,-4.887619876344567182e-01
1.041666666666666574e-01,-6.095949731328025312e-01
1.250000000000000000e-01,-7.005264800693024041e-01
1.458333333333333148e-01,-7.434628029802616833e-01
1.666666666666666574e-01,-7.267832309440760419e-01
1.875000000000000000e-01,-6.486545420117435512e-01
2.083333333333333148e-01,-5.172733512578859827e-01
2.291666666666666574e-01,-3.487609150942330150e-01
2.500000000000000000e-01,-1.637637183367528504e-01
2.708333333333333148e-01,1.624033750909248397e-02
2.916666666666666297e-01,1.722377744680978484e-01
3.125000000000000000e-01,2.901526870552360027e-01
3.333333333333333148e-01,3.622388618622776058e-01
3.541666666666666297e-01,3.873604636322875994e-01
3.750000000000000000e-01,3.701822937598064911e-01
3.958333333333333148e-01,3.195225271160333502e-01
4.166666666666666297e-01,2.464252659408516788e-01
4.375000000000000000e-01,1.623977694174627562e-01
4.583333333333333148e-01,7.805250216122394669e-02
4.791666666666666297e-01,2.210577020803627946e-03
5.000000000000000000e-01,-5.858685444629929684e-02
5.208333333333332593e-01,-1.002474450279287055e-01
5.416666666666666297e-01,-1.210580013023836443e-01
5.625000000000000000e-01,-1.214412634868113905e-01
5.833333333333332593e-01,-1.035920890961312679e-01
6.041666666666666297e-01,-7.103774688421515826e-02
6.250000000000000000e-01,-2.816203883854329071e-02
6.458333333333332593e-01,2.026934401909663563e-02
6.666666666666666297e-01,6.955068621281390584e-02
6.875000000000000000e-01,1.154228774729693097e-01
7.083333333333332593e-01,1.543897426003113527e-01
7.291666666666666297e-01,1.839531195924790641e-01
7.500000000000000000e-01,2.027579361851949979e-01
7.708333333333332593e-01,2.106411094592645084e-01
7.916666666666666297e-01,2.085828360473784837e-01
8.125000000000000000e-01,1.985661245035897915e-01
8.333333333333332593e-01,1.833590056792677725e-01
8.541666666666666297e-01,1.662415072118212933e-01
8.750000000000000000e-01,1.507040546330570274e-01
8.958333333333332593e-01,1.401444325554478398e-01
9.166666666666666297e-01,1.375872321989031200e-01
9.375000000000000000e-01,1.454440741745696153e-01
9.583333333333332593e-01,1.653260514861612518e-01
9.791666666666666297e-01,1.979129003509862983e-01
1.000000000000000000e+00,2.428774434850325403e-01
1.020833333333333259e+00,2.988596492247304059e-01
1.041666666666666519e+00,3.634827261333507531e-01
1.062500000000000000e+00,4.334045086400793445e-01
1.083333333333333259e+00,5.044014477772620353e-01
1.104166666666666519e+00,5.714898415279778821e-01
1.125000000000000000e+00,6.290983743590869981e-01
1.145833333333333259e+00,6.713144219784484834e-01
1.166666666666666519e+00,6.922284839308749937e-01
1.187500000000000000e+00,6.863901153670581845e-01
1.208333333333333259e+00,6.493609308127650248e-01
1.229166666666666519e+00,5.783091225016430137e-01
1.250000000000000000e+00,4.725492922764837900e-01
1.270833333333333259e+00,3.339119929605884884e-01
1.291666666666666519e+00,1.668459199402305693e-01
1.312500000000000000e+00,-2.178773906127062787e-02
1.333333333333333259e+00,-2.231950045775763503e-01
1.354166666666666519e+00,-4.273074433053922760e-01
1.375000000000000000e+00,-6.234976841524835223e-01
1.395833333333333259e+00,-8.012443080786244565e-01
1.416666666666666519e+00,-9.506792337952321148e-01
1.437500000000000000e+00,-1.063001132985236019e+00
1.458333333333333259e+00,-1.130784970478038609e+00
1.479166666666666519e+00,-1.148254841654454239e+00
1.500000000000000000e+00,-1.111610636335794489e+00
1.520833333333333259e+00,-1.019471353394469926e+00
1.541666666666666519e+00,-8.734889732590906952e-01
1.562500000000000000e+00,-6.790954204329582300e-01
1.583333333333333259e+00,-4.462031162783028915e-01
1.604166666666666519e+00,-1.895435757763324069e-01
1.625000000000000000e+00,7.177172804165032893e-02
1.645833333333333259e+00,3.158463189809019855e-01
1.666666666666666519e+00,5.208409382345788874e-01
1.687500000000000000e+00,6.686059642661472679e-01
1.708333333333333259e+00,7.480646765422820366e-01
1.729166666666666519e+00,7.571272479277075806e-01
1.750000000000000000e+00,7.024239704166198583e-01
1.770833333333333259e+00,5.971045441264075659e-01
1.791666666666666519e+00,4.577130731288966414e-01
1.812500000000000000e+00,3.012561484689549873e-01
1.833333333333333259e+00,1.431348391375849016e-01
1.854166666666666519e+00,-3.952413609335042599e-03
1.875000000000000000e+00,-1.303768823763925555e-01
1.895833333333333259e+00,-2.295345596242771014e-01
1.916666666666666519e+00,-2.976264102054763105e-01
1.937500000000000000e+00,-3.333861343440887026e-01
1.958333333333333259e+00,-3.377926688898578167e-01
1.979166666666666519e+00,-3.137623372576069380e-01
2.000000000000000000e+00,-2.658050236884506035e-01
2.020833333333333037e+00,-2.649050187444809690e-01
2.041666666666666519e+00,-2.921293259090216310e-01
2.062500000000000000e+00,-3.053022974538734946e-01
2.083333333333333037e+00,-3.075222122888343623e-01
2.104166666666666519e+00,-2.953793014076653289e-01
2.125000000000000000e+00,-2.624945137017463681e-01
2.145833333333333037e+00,-2.059740793287259120e-01
2.166666666666666519e+00,-1.251349659001748105e-01
2.187500000000000000e+00,-2.210120502445445112e-02
2.208333333333333037e+00,9.655496556506082406e-02
2.229166666666666519e+00,2.192344382511662859e-01
2.250000000000000000e+00,3.313655435808382510e-01
2.270833333333333037e+00,4.215744589906630369e-01
2.291666666666666519e+00,4.972401024409065506e-01
2.312500000000000000e+00,5.505567105542056305e-01
2.333333333333333037e+00,5.658785980797832460e-01
2.354166666666666519e+00,5.393307851217501447e-01
2.375000000000000000e+00,4.759169247346234921e-01
2.395833333333333037e+00,3.859099455236580933e-01
2.416666666666666519e+00,2.803662797931394945e-01
2.437500000000000000e+00,1.680311815266680164e-01
2.458333333333333037e+00,5.418942798780651549e-02
2.479166666666666519e+00,-5.920389565131234377e-02
2.500000000000000000e+00,-1.693195255780290953e-01
2.520833333333333037e+00,-2.738349020287307867e-01
2.541666666666666519e+00,-3.721299067286615303e-01
2.562500000000000000e+00,-4.616941359471055106e-01
2.583333333333333037e+00,-5.356655743074701936e-01
2.604166666666666519e+00,-5.813949465415216844e-01
2.625000000000000000e+00,-5.806697632597360714e-01
2.645833333333333037e+00,-5.174548886518469670e-01
2.666666666666666519e+00,-3.838602829152653051e-01
2.687500000000000000e+00,-1.819812593995940864e-01
2.708333333333333037e+00,7.153228824701252098e-02
2.729166666666666519e+00,3.445508414392253194e-01
2.750000000000000000e+00,5.953006714743361849e-01
2.770833333333333037e+00,7.826026475101646174e-01
2.791666666666666519e+00,8.771366872767032419e-01
2.812500000000000000e+00,8.692135956768582972e-01
2.833333333333333037e+00,7.697055698886231534e-01
2.854166666666666519e+00,6.042400680365064281e-01
2.875000000000000000e+00,4.038097329395761159e-01
2.895833333333333037e+00,1.963019655379953932e-01
2.916666666666666519e+00,1.883108867476446235e-03
2.937500000000000000e+00,-1.677348713144745096e-01
2.958333333333333037e+00,-3.076979085523903201e-01
2.979166666666666519e+00,-4.176853841737803164e-01
3.000000000000000000e+00,-4.997895339435169393e-01
3.020833333333333037e+00,-5.485804478037512588e-01
3.041666666666666519e+00,-5.613408813658703478e-01
3.062500000000000000e+00,-5.381335736696927219e-01
3.083333333333333037e+00,-4.745240355650045538e-01
3.104166666666666519e+00,-3.633271696329647416e-01
3.125000000000000000e+00,-2.020621202281240314e-01
3.145833333333333037e+00,2.563864393588244361e-03
3.166666666666666519e+00,2.327728295869941899e-01
3.187500000000000000e+00,4.589313781214324206e-01
3.208333333333333037e+00,6.444184205112517549e-01
3.229166666666666519e+00,7.549207384840239676e-01
3.250000000000000000e+00,7.683802804419188615e-01
3.270833333333333037e+00,6.820442057198179420e-01
3.291666666666666519e+00,5.138120324030922559e-01
3.312500000000000000e+00,2.968906052800223128e-01
3.333333333333333037e+00,6.964098810619812063e-02
3.354166666666666519e+00,-1.349478498016027928e-01
3.375000000000000000e+00,-2.961687424837700089e-01
3.395833333333333037e+00,-4.068526957958443768e-01
3.416666666666666519e+00,-4.699408157682377629e-01
3.437500000000000000e+00,-4.935204459622511974e-01
3.458333333333333037e+00,-4.427138268407976862e-01
3.479166666666666519e+00,-2.998678999466982686e-01
3.500000000000000000e+00,-2.143095811901230552e-01
3.520833333333333037e+00,-2.060795508533821985e-01
3.541666666666666519e+00,-2.116847624534303751e-01
3.562500000000000000e+00,-2.196245894324655723e-01
3.583333333333333037e+00,-2.300353458838931275e-01
3.604166666666666519e+00,-2.431936240220481660e-01
3.625000000000000000e+00,-2.595284716270998548e-01
3.645833333333333037e+00,-2.796533642393349561e-01
3.666666666666666519e+00,-2.940376319035007957e-01
3.687500000000000000e+00,-2.255965218568962705e-01
3.708333333333333037e+00,-8.009091247616073606e-02
3.729166666666666519e+00,1.066990528391428272e-01
3.750000000000000000e+00,3.274615639474195428e-01
3.770833333333333037e+00,5.661482779885451677e-01
3.791666666666666519e+00,7.919859448195996077e-01
3.812500000000000000e+00,9.626081691914142313e-01
3.833333333333333037e+00,1.036481158764136490e+00
3.854166666666666519e+00,9.855938831422467183e-01
3.875000000000000000e+00,9.002028311513611269e-01
3.895833333333333037e+00,9.237424351304310832e-01
3.916666666666666519e+00,1.055017886669074256e+00
3.937500000000000000e+00,1.151906404696042552e+00
3.958333333333333037e+00,1.208703110053315655e+00
3.979166666666666519e+00,1.269815038295022624e+00
4.000000000000000000e+00,1.335532214472592294e+00
4.020833333333333037e+00,1.419261670149322807e+00
4.041666666666666075e+00,1.364623755534174698e+00
4.062500000000000000e+00,9.209947390231922881e-01
4.083333333333333037e+00,9.935849637519744704e-02
4.104166666666666075e+00,-6.964984648336818296e-01
4.125000000000000000e+00,-1.212424736766187117e+00
4.145833333333333037e+00,-1.472396356152266161e+00
4.166666666666666075e+00,-1.556981444373779500e+00
4.187500000000000000e+00,-1.536764108372068893e+00
4.208333333333333037e+00,-1.353847901787805785e+00
4.229166666666666075e+00,-1.190283928207481967e+00
4.250000000000000000e+00,-1.153154730878756640e+00
4.270833333333333037e+00,-1.165155028554168970e+00
4.291666666666666075e+00,-1.190592529005613187e+00
4.312500000000000000e+00,-1.228130816763697286e+00
4.333333333333333037e+00,-1.277360510024278195e+00
4.354166666666666075e+00,-1.338521655228801510e+00
4.375000000000000000e+00,-1.412365234831925775e+00
4.395833333333333037e+00,-1.500090432221632408e+00
4.416666666666666075e+00,-1.603324923925171008e+00
4.437500000000000000e+00,-1.724128581586308329e+00
4.458333333333333037e+00,-1.866309014618377393e+00
4.479166666666666075e+00,-2.042450585613175829e+00
4.500000000000000000e+00,-2.233843666665454641e+00
4.520833333333333037e+00,-2.248045933615777869e+00
4.541666666666666075e+00,-1.984334954925484062e+00
4.562500000000000000e+00,-1.438304559242893355e+00
4.583333333333333037e+00,-6.682203591206636872e-01
4.604166666666666075e+00,2.902730265996993353e-01
4.625000000000000000e+00,1.471828251947231436e+00
4.645833333333333037e+00,2.915363055572067097e+00
4.666666666666666075e+00,4.621991351220112954e+00
4.687500000000000000e+00,6.458180817481108171e+00
4.708333333333333037e+00,8.100396793626980951e+00
4.729166666666666075e+00,8.832016472666243345e+00
4.750000000000000000e+00,8.401138702405543057e+00
4.770833333333333037e+00,7.414267347470158143e+00
4.791666666666666075e+00,6.356782862628342912e+00
4.812500000000000000e+00,5.390052037092113224e+00
4.833333333333333037e+00,4.562581677052110152e+00
4.854166666666666075e+00,3.881494832025877528e+00
4.875000000000000000e+00,3.331246637880838080e+00
4.895833333333333037e+00,2.889846894285550860e+00
4.916666666666666075e+00,2.536122980377740532e+00
4.937500000000000000e+00,2.252193432572415333e+00
4.958333333333333037e+00,2.023834450724635303e+00
4.979166666666666075e+00,1.840084225062156520e+00
5.000000000000000000e+00,1.692670417298764107e+00
5.020833333333333037e+00,1.568644373162186412e+00
5.041666666666666075e+00,1.451177112528753810e+00
5.062500000000000000e+00,1.337913838767796904e+00
5.083333333333333037e+00,1.128532969729526769e+00
5.104166666666666075e+00,6.938177995124874542e-01
5.125000000000000000e+00,4.332360550110436748e-02
5.145833333333333037e+00,-7.044247040520943415e-01
5.166666666666666075e+00,-1.378314364845195428e+00
5.187500000000000000e+00,-1.775725872408255412e+00
5.208333333333333037e+00,-1.936369612892910652e+00
5.229166666666666075e+00,-1.991118714765221398e+00
5.250000000000000000e+00,-2.023805330331061469e+00
5.270833333333333037e+00,-2.072552537292342123e+00
5.291666666666666075e+00,-2.141920228958213102e+00
5.312500000000000000e+00,-2.238330434035436411e+00
5.333333333333333037e+00,-2.371071196592588137e+00
5.354166666666666075e+00,-2.553962658077814751e+00
5.375000000000000000e+00,-2.808215028384639211e+00
5.395833333333333037e+00,-3.167501323133780744e+00
5.416666666666666075e+00,-3.687257724546000759e+00
5.437500000000000000e+00,-4.688329740659119338e+00
5.458333333333333037e+00,-5.154090663013539242e+00
5.479166666666666075e+00,-4.534633980820373722e+00
5.500000000000000000e+00,-2.596651855090903283e+01
5.520833333333333037e+00,-5.778991893575289307e-01
5.541666666666666075e+00,-5.797195584597232276e-01
5.562500000000000000e+00,-5.347592833271900270e-01
5.583333333333333037e+00,-4.663465575032023080e-01
5.604166666666666075e+00,-3.884770438466815801e-01
5.625000000000000000e+00,-3.106356090927542279e-01
5.645833333333333037e+00,-2.383542170790786674e-01
5.666666666666666075e+00,-1.704740258372012818e-01
5.687500000000000000e+00,-1.022955139933439117e-01
5.708333333333333037e+00,-3.104713830401406582e-02
5.729166666666666075e+00,4.208659071355547177e-02
5.750000000000000000e+00,1.122776114027588257e-01
5.770833333333333037e+00,1.724413382593006361e-01
5.791666666666666075e+00,2.150274240131486714e-01
5.812500000000000000e+00,2.337541255199342416e-01
5.833333333333333037e+00,2.249924608731403985e-01
5.854166666666666075e+00,1.886148688903421800e-01
5.875000000000000000e+00,1.282028567135888864e-01
5.895833333333333037e+00,5.062315048481724755e-02
5.916666666666666075e+00,-3.493297589488519872e-02
5.937500000000000000e+00,-1.183085946946399458e-01
5.958333333333333037e+00,-1.898286472961510096e-01
5.979166666666666075e+00,-2.415659358175282767e-01
6.000000000000000000e+00,-2.682528129503061187e-01
6.020833333333333037e+00,-2.677468123293180735e-01
6.041666666666666075e+00,-2.410413206645307671e-01
6.062500000000000000e+00,-1.918839419644569055e-01
6.083333333333333037e+00,-1.261149600069200183e-01
6.104166666666666075e+00,-5.085920828334389299e-02
6.125000000000000000e+00,2.630405739513164143e-02
6.145833333333333037e+00,9.810010515350975346e-02
6.166666666666666075e+00,1.581911357089307302e-01
6.187500000000000000e+00,2.016526158797915524e-01
6.208333333333333037e+00,2.252811620928862890e-01
6.229166666666666075e+00,2.277371138370045678e-01
6.250000000000000000e+00,2.095336634677952281e-01
6.270833333333333037e+00,1.728881755884816851e-01
6.291666666666666075e+00,1.214552442260899978e-01
6.312500000000000000e+00,5.996659809280058262e-02
6.333333333333333037e+00,-6.191002285168778485e-03
6.354166666666666075e+00,-7.142464991494235083e-02
6.375000000000000000e+00,-1.303766643583619267e-01
6.395833333333333037e+00,-1.783278274066170122e-01
6.416666666666666075e+00,-2.115312873715975428e-01
6.437500000000000000e+00,-2.274499615732668012e-01
6.458333333333333037e+00,-2.248818335357796183e-01
6.479166666666666075e+00,-2.039676200907363235e-01
6.500000000000000000e+00,-1.660835768021553527e-01
6.520833333333333037e+00,-1.136301482504082916e-01
6.541666666666666075e+00,-4.973441056499861013e-02
6.562500000000000000e+00,2.210974237433349643e-02
6.583333333333333037e+00,9.843504439133932138e-02
6.604166666666666075e+00,1.761954630561499702e-01
6.625000000000000000e+00,2.531254217849552290e-01
6.645833333333333037e+00,3.280211656035403323e-01
6.666666666666666075e+00,4.008918796429390419e-01
6.687500000000000000e+00,4.729127476579434441e-01
6.708333333333333037e+00,5.460938985025428627e-01
6.729166666666666075e+00,6.225721914794395406e-01
6.750000000000000000e+00,7.034714821341270241e-01
6.770833333333333037e+00,7.874150712418653830e-01
6.791666666666666075e+00,8.690462830003031769e-01
6.812500000000000000e+00,9.382446142738222195e-01
6.833333333333333037e+00,9.808562064380164092e-01
6.854166666666666075e+00,9.813606219510122575e-01
6.875000000000000000e+00,9.269420087730886326e-01
6.895833333333333037e+00,8.114627616188239134e-01
6.916666666666666075e+00,6.376457441973044649e-01
6.937500000000000000e+00,4.166337509369659742e-01
6.958333333333333037e+00,1.654055100125519928e-01
6.979166666666666075e+00,-9.664840487663095558e-02
7.000000000000000000e+00,-3.507512773239156445e-01
7.020833333333333037e+00,-5.807507881051701126e-01
7.041666666666666075e+00,-7.741126827736060090e-01
7.062500000000000000e+00,-9.222028175424197283e-01
7.083333333333333037e+00,-1.020184533774668445e+00
7.104166666666666075e+00,-1.066747717798124828e+00
7.125000000000000000e+00,-1.063765503740440765e+00
7.145833333333333037e+00,-1.015895233214819671e+00
7.166666666666666075e+00,-9.301054945725903966e-01
7.187500000000000000e+00,-8.151081119153672505e-01
7.208333333333333037e+00,-6.806905857036894547e-01
7.229166666666666075e+00,-5.369722412124745548e-01
7.250000000000000000e+00,-3.936385034068311528e-01
7.270833333333333037e+00,-2.592323278738193348e-01
7.291666666666666075e+00,-1.405887941813375175e-01
7.312500000000000000e+00,-4.248140601149308360e-02
7.333333333333333037e+00,3.249015282831169138e-02
7.354166666666666075e+00,8.378774646412812110e-02
7.375000000000000000e+00,1.126523586043124414e-01
7.395833333333333037e+00,1.217224559804297446e-01
7.416666666666666075e+00,1.146190164763303265e-01
7.437500000000000000e+00,9.554431790092521304e-02
7.458333333333333037e+00,6.891986326876020641e-02
7.479166666666666075e+00,3.907217456826894697e-02
7.500000000000000000e+00,9.966673562732397684e-03
7.520833333333333037e+00,-3.875541091105920710e-01
7.541666666666666075e+00,-9.969029398040196721e-01
7.562500000000000000e+00,-1.537581102820627210e+00
7.583333333333333037e+00,-1.971364237400897945e+00
7.604166666666666075e+00,-2.260127234071751978e+00
7.625000000000000000e+00,-2.376820742882677528e+00
7.645833333333333037e+00,-2.298937547892643707e+00
7.666666666666666075e+00,-2.010355052436808343e+00
7.687500000000000000e+00,-1.501524785173443455e+00
7.708333333333333037e+00,-7.962423748431906034e-01
7.729166666666666075e+00,1.027075819168850046e-01
7.750000000000000000e+00,1.215894736665049436e+00
7.770833333333333037e+00,2.473632998733928723e+00
7.791666666666666075e+00,3.730215174753269469e+00
7.812500000000000000e+00,4.753207169277416710e+00
7.833333333333333037e+00,5.279885445923431675e+00
7.854166666666666075e+00,5.168542816431861198e+00
7.875000000000000000e+00,4.491947069582748142e+00
7.895833333333333037e+00,3.475719129671032803e+00
7.916666666666666075e+00,2.361318803337945749e+00
7.937500000000000000e+00,1.307729940218864684e+00
7.958333333333333037e+00,3.500887746194303318e-01
7.979166666666666075e+00,-5.262977753301703032e-01
8.000000000000000000e+00,-1.330108681200849574e+00
8.020833333333332149e+00,-2.047843771529122225e+00
8.041666666666666075e+00,-2.664201372726883843e+00
8.062500000000000000e+00,-3.162526676620625032e+00
8.083333333333332149e+00,-3.510556573795264867e+00
8.104166666666666075e+00,-3.664832610291488990e+00
8.125000000000000000e+00,-3.580769414460873712e+00
8.145833333333332149e+00,-3.234377604166492226e+00
8.166666666666666075e+00,-2.670814227390627238e+00
8.187500000000000000e+00,-2.005058424886706270e+00
8.208333333333332149e+00,-1.291711973461792340e+00
8.229166666666666075e+00,-5.302687007299331512e-01
8.250000000000000000e+00,2.801160184082496230e-01
8.270833333333332149e+00,1.136146951659696924e+00
8.291666666666666075e+00,2.023331387160738792e+00
8.312500000000000000e+00,2.835208729343337009e+00
8.333333333333332149e+00,3.406458311336673095e+00
8.354166666666666075e+00,3.619490236354076629e+00
8.375000000000000000e+00,3.442588761443179379e+00
8.395833333333332149e+00,2.929609718188344036e+00
8.416666666666666075e+00,2.187071513505888021e+00
8.437500000000000000e+00,1.324162721938840104e+00
8.458333333333332149e+00,4.233096166786820547e-01
8.479166666666666075e+00,-4.617813172201592486e-01
8.500000000000000000e+00,-1.273075838662080628e+00
8.520833333333332149e+00,-1.932110664995670968e+00
8.541666666666666075e+00,-2.373486081822168359e+00
8.562500000000000000e+00,-2.540676474336654778e+00
8.583333333333332149e+00,-2.370458412455983321e+00
8.604166666666666075e+00,-1.851375558544147371e+00
8.625000000000000000e+00,-1.062244845155605910e+00
8.645833333333332149e+00,-6.815239804991479744e-02
8.666666666666666075e+00,1.136764317679766823e+00
8.687500000000000000e+00,2.493638051127984312e+00
8.708333333333332149e+00,3.814312139952624747e+00
8.729166666666666075e+00,4.790475868228497802e+00
8.750000000000000000e+00,5.115791604932214298e+00
8.770833333333332149e+00,4.699003291827041018e+00
8.791666666666666075e+00,3.737203882161708179e+00
8.812500000000000000e+00,2.542103094079715575e+00
8.833333333333332149e+00,1.346495350387842294e+00
8.854166666666666075e+00,2.627805885789484819e-01
8.875000000000000000e+00,-6.706174263183477535e-01
8.895833333333332149e+00,-1.445895000560606825e+00
8.916666666666666075e+00,-1.949215589851546859e+00
8.937500000000000000e+00,-2.073177935589784582e+00
8.958333333333332149e+00,-1.968284409768961574e+00
8.979166666666666075e+00,-1.839086781149281258e+00
9.000000000000000000e+00,-1.741782810092916911e+00
9.020833333333332149e+00,-1.670305938586403194e+00
9.041666666666666075e+00,-1.620334126719340517e+00
9.062500000000000000e+00,-1.588812851588628838e+00
9.083333333333332149e+00,-1.573633963176014117e+00
9.104166666666666075e+00,-1.573419428829316624e+00
9.125000000000000000e+00,-1.587376898216038557e+00
9.145833333333332149e+00,-1.615205500264843330e+00
9.166666666666666075e+00,-1.657037573195107916e+00
9.187500000000000000e+00,-1.713406545550344884e+00
9.208333333333332149e+00,-1.791787539763837644e+00
9.229166666666666075e+00,-1.903269834893706713e+00
9.250000000000000000e+00,-2.011000849198537832e+00
9.270833333333332149e+00,-1.934278563057874045e+00
9.291666666666666075e+00,-1.589808687528386777e+00
9.312500000000000000e+00,-9.744961314058815383e-01
9.333333333333332149e+00,-1.295318270310144015e-01
9.354166666666666075e+00,9.033556505816293658e-01
9.375000000000000000e+00,2.124361095574268887e+00
9.395833333333332149e+00,3.512809039610355732e+00
9.416666666666666075e+00,4.969792205392700168e+00
9.437500000000000000e+00,6.266878447725624746e+00
9.458333333333332149e+00,6.977135465504225031e+00
9.479166666666666075e+00,6.912476305387241560e+00
9.500000000000000000e+00,6.349920085678254722e+00
9.520833333333332149e+00,5.644677255495382795e+00
9.541666666666666075e+00,4.950682499576076978e+00
9.562500000000000000e+00,4.315384205024395570e+00
9.583333333333332149e+00,3.758532567052403905e+00
9.604166666666666075e+00,3.282573576743949673e+00
9.625000000000000000e+00,2.881215297839048617e+00
9.645833333333332149e+00,2.544831195078320007e+00
9.666666666666666075e+00,2.263336011729442987e+00
9.687500000000000000e+00,2.016252550339565630e+00
9.708333333333332149e+00,1.798493509410789670e+00
9.729166666666666075e+00,1.616343820841976253e+00
9.750000000000000000e+00,1.467375032998280204e+00
9.770833333333332149e+00,1.345247013457701257e+00
9.791666666666666075e+00,1.244836632423698575e+00
9.812500000000000000e+00,1.162220789645747487e+00
9.833333333333332149e+00,1.094643583055002978e+00
9.854166666666666075e+00,1.040321703324686098e+00
9.875000000000000000e+00,9.981521804631263706e-01
9.895833333333332149e+00,9.678486468363232120e-01
9.916666666666666075e+00,9.514421956227856469e-01
9.937500000000000000e+00,9.565740856005788828e-01
9.958333333333332149e+00,9.999044801506755675e-01
9.979166666666666075e+00,1.102409902732006231e+00
1.000000000000000000e+01,1.241059733156813394e+00
1.002083333333333215e+01,1.394488188069701096e+00
1.004166666666666607e+01,1.564419563417143166e+00
1.006250000000000000e+01,1.752487234035452701e+00
1.008333333333333215e+01,1.960044023570429061e+00
1.010416666666666607e+01,2.187870660146398194e+00
1.012500000000000000e+01,2.435754205915824144e+00
1.014583333333333215e+01,2.701919893105792170e+00
1.016666666666666607e+01,2.982334013741070322e+00
1.018750000000000000e+01,3.269965002057855230e+00
1.020833333333333215e+01,3.554199504846600632e+00
1.022916666666666607e+01,3.820737525003245594e+00
1.025000000000000000e+01,4.052361990619182563e+00
1.027083333333333215e+01,4.230870064632128447e+00
1.029166666666666607e+01,4.340066772655113425e+00
1.031250000000000000e+01,-1.162062357392414356e+02
1.033333333333333215e+01,-7.141756304663914035e-02
1.035416666666666607e+01,-1.913796654412333320e-01
1.037500000000000000e+01,-3.111962820950960884e-01
1.039583333333333215e+01,-4.269015098615696058e-01
1.041666666666666607e+01,-5.314645874505183887e-01
1.043750000000000000e+01,-6.106427371886939959e-01
1.045833333333333215e+01,-6.479131267989074461e-01
1.047916666666666607e+01,-6.328247161100328810e-01
1.050000000000000000e+01,-5.646542199178679056e-01
1.052083333333333215e+01,-4.518164975782197335e-01
1.054166666666666607e+01,-3.090324697737156789e-01
1.056250000000000000e+01,-1.538280726050003100e-01
1.058333333333333215e+01,-3.430105282643092224e-03
1.060416666666666607e+01,1.275100100885793175e-01
1.062500000000000000e+01,2.283384650729882726e-01
1.064583333333333215e+01,2.930652262263351293e-01
1.066666666666666607e+01,3.204153146772150684e-01
1.068750000000000000e+01,3.133081198812635026e-01
1.070833333333333215e+01,2.778355533801506461e-01
1.072916666666666607e+01,2.220072526918852596e-01
1.075000000000000000e+01,1.545102840323763216e-01
1.077083333333333215e+01,8.365749345900108658e-02
1.079166666666666607e+01,1.661631815343034280e-02
1.081250000000000000e+01,-4.106367853000814083e-02
1.083333333333333215e+01,-8.565452117929883702e-02
1.085416666666666607e+01,-1.152379116462070030e-01
1.087500000000000000e+01,-1.295371126309055043e-01
1.089583333333333215e+01,-1.296485787036161241e-01
1.091666666666666607e+01,-1.177196706043217578e-01
1.093750000000000000e+01,-9.660802453358297015e-02
1.095833333333333215e+01,-6.954998569861658986e-02
1.097916666666666607e+01,-3.985759869371485742e-02
1.100000000000000000e+01,-1.065575131662543917e-02
1.102083333333333215e+01,1.533444756787782914e-02
1.104166666666666607e+01,3.596261544012824274e-02
1.106250000000000000e+01,4.976373360804964285e-02
1.108333333333333215e+01,5.601820484621700125e-02
1.110416666666666607e+01,5.475698439387688410e-02
1.112500000000000000e+01,4.671462118966318577e-02
1.114583333333333215e+01,3.322473836170480865e-02
1.116666666666666607e+01,1.607389769729428153e-02
1.118750000000000000e+01,-2.667509891553399015e-03
1.120833333333333215e+01,-2.082588146626185299e-02
1.122916666666666607e+01,-3.630221705440872526e-02
1.125000000000000000e+01,-4.723288668345126950e-02
1.127083333333333215e+01,-5.212073641231285137e-02
1.129166666666666607e+01,-4.992691253526815309e-02
1.131250000000000000e+01,-4.011750523194757001e-02
1.133333333333333215e+01,-2.266299890129852557e-02
1.135416666666666607e+01,2.007692839821606512e-03
1.137500000000000000e+01,3.309326954504432372e-02
1.139583333333333215e+01,6.953762701654619960e-02
1.141666666666666607e+01,1.101677188420411291e-01
1.143750000000000000e+01,1.538382348392530741e-01
1.145833333333333215e+01,1.995679235539180585e-01
1.147916666666666607e+01,2.466510354575655040e-01
1.150000000000000000e+01,2.947262287537311121e-01
1.152083333333333215e+01,3.437843738860753007e-01
1.154166666666666607e+01,3.940965032430269188e-01
1.156250000000000000e+01,4.460451095246554809e-01
1.158333333333333215e+01,4.998489882456640943e-01
1.160416666666666607e+01,5.551883184200712140e-01
1.162500000000000000e+01,6.107674847068659263e-01
1.164583333333333215e+01,6.638994382890746060e-01
1.166666666666666607e+01,7.102477561610369694e-01
1.168750000000000000e+01,7.438946542796766037e-01
1.170833333333333215e+01,7.578754268902810898e-01
1.172916666666666607e+01,7.452023978359056944e-01
1.175000000000000000e+01,7.002116236405555583e-01
1.177083333333333215e+01,6.198862175555266418e-01
1.179166666666666607e+01,5.047537822080594427e-01
1.181250000000000000e+01,3.590806716784171737e-01
1.183333333333333215e+01,1.903374161932820385e-01
1.185416666666666607e+01,8.150061471361436105e-03
1.187500000000000000e+01,-1.769364788006866362e-01
1.189583333333333215e+01,-3.546440454363077865e-01
1.191666666666666607e+01,-5.167533006292386322e-01
1.193750000000000000e+01,-6.563507195481810275e-01
1.195833333333333215e+01,-7.675133655833201729e-01
1.197916666666666607e+01,-8.461371377214914613e-01
1.200000000000000000e+01,-8.901368183692432989e-01
1.202083333333333215e+01,-8.994571934855619677e-01
1.204166666666666607e+01,-8.759721427520681392e-01
1.206250000000000000e+01,-8.232856638656093073e-01
1.208333333333333215e+01,-7.464407480728947331e-01
1.210416666666666607e+01,-6.515438139544098561e-01
1.212500000000000000e+01,-5.453195916302596702e-01
1.214583333333333215e+01,-4.346223251984936420e-01
1.216666666666666607e+01,-3.259412254887514848e-01
1.218750000000000000e+01,-2.249471309933352980e-01
1.220833333333333215e+01,-1.361287884129984693e-01
1.222916666666666607e+01,-6.256315441232351837e-02
1.225000000000000000e+01,-5.833784474007064347e-03
1.227083333333333215e+01,3.393711696954948565e-02
1.229166666666666607e+01,5.791777155436772517e-02
1.231250000000000000e+01,6.828470624192517491e-02
1.233333333333333215e+01,-3.311290270048885542e-01
1.235416666666666607e+01,-9.617897760284845887e-01
1.237500000000000000e+01,-1.506454525098300357e+00
1.239583333333333215e+01,-1.938694140674500854e+00
1.241666666666666607e+01,-2.236551776117896573e+00
1.243750000000000000e+01,-2.376333165394478808e+00
1.245833333333333215e+01,-2.339340234525936424e+00
1.247916666666666607e+01,-2.115119070805026702e+00
1.250000000000000000e+01,-1.701446570139894199e+00
1.252083333333333215e+01,-1.103074332122022660e+00
1.254166666666666607e+01,-3.323424998938815378e-01
1.256250000000000000e+01,5.854329416287216148e-01
1.258333333333333215e+01,1.601083606842055751e+00
1.260416666666666607e+01,2.630262772948729122e+00
1.262500000000000000e+01,3.551406009841607592e+00
1.264583333333333215e+01,4.245776211685786450e+00
1.266666666666666607e+01,4.675406772560628532e+00
1.268750000000000000e+01,4.776576505466346489e+00
1.270833333333333215e+01,4.499121189171344959e+00
1.272916666666666607e+01,3.893895102582454637e+00
1.275000000000000000e+01,3.077819287447102869e+00
1.277083333333333215e+01,2.170904089989569741e+00
1.279166666666666607e+01,1.257924665905709283e+00
1.281250000000000000e+01,3.858965070663664676e-01
1.283333333333333215e+01,-4.216962021200290067e-01
1.285416666666666607e+01,-1.150653612300881257e+00
1.287500000000000000e+01,-1.787364243800989350e+00
1.289583333333333215e+01,-2.315200756665982684e+00
1.291666666666666607e+01,-2.714222016372716428e+00
1.293750000000000000e+01,-2.962756903499649042e+00
1.295833333333333215e+01,-3.042625609987302138e+00
1.297916666666666607e+01,-2.948443910021947278e+00
1.300000000000000000e+01,-2.685363989514137018e+00
1.302083333333333215e+01,-2.265875937447493271e+00
1.304166666666666607e+01,-1.713759039386199001e+00
1.306250000000000000e+01,-1.061470029863996078e+00
1.308333333333333215e+01,-3.603052167811453543e-01
1.310416666666666607e+01,3.458407058686949753e-01
1.312500000000000000e+01,1.022104194825179224e+00
1.314583333333333215e+01,1.624762300441839669e+00
1.316666666666666607e+01,2.098044531888924702e+00
1.318750000000000000e+01,2.377828237464082228e+00
1.320833333333333215e+01,2.394717889765882290e+00
1.322916666666666607e+01,2.112297978538514531e+00
1.325000000000000000e+01,1.563629568180127993e+00
1.327083333333333215e+01,8.325157035738675049e-01
1.329166666666666607e+01,3.047506029007673867e-02
1.331250000000000000e+01,-7.328195812968032463e-01
1.333333333333333215e+01,-1.366706050775431391e+00
1.335416666666666607e+01,-1.823868551908867541e+00
1.337500000000000000e+01,-2.102212839935240662e+00
1.339583333333333215e+01,-2.218915347416732686e+00
1.341666666666666607e+01,-2.166318330555297322e+00
1.343750000000000000e+01,-1.939127391102868803e+00
1.345833333333333215e+01,-1.573928501913766986e+00
1.347916666666666607e+01,-1.132486917845309637e+00
1.350000000000000000e+01,-6.676671026103986328e-01
1.352083333333333215e+01,-2.085205114596977438e-01
1.354166666666666607e+01,2.341626844491675463e-01
1.356250000000000000e+01,6.574881567425707729e-01
1.358333333333333215e+01,1.058726478109161206e+00
1.360416666666666607e+01,1.429929025645242380e+00
1.362500000000000000e+01,1.752922258384131293e+00
1.364583333333333215e+01,1.995280869458194939e+00
1.366666666666666607e+01,2.109866733328443544e+00
1.368750000000000000e+01,2.040992939168331688e+00
1.370833333333333215e+01,1.738550023411652656e+00
1.372916666666666607e+01,1.295663576204801215e+00
1.375000000000000000e+01,9.165275244560919798e-01
1.377083333333333215e+01,6.439596454336411480e-01
1.379166666666666607e+01,3.991083927782064222e-01
1.381250000000000000e+01,1.483329602083336418e-01
1.383333333333333215e+01,-1.110786417383637925e-01
1.385416666666666607e+01,-3.822989719505489603e-01
1.387500000000000000e+01,-6.687824684028975675e-01
1.389583333333333215e+01,-9.740113833864527670e-01
1.391666666666666607e+01,-1.301101322837430851e+00
1.393750000000000000e+01,-1.652183106065862939e+00
1.395833333333333215e+01,-2.027470952509798252e+00
1.397916666666666607e+01,-2.423957700503513113e+00
1.400000000000000000e+01,-2.833791206756639536e+00
1.402083333333333215e+01,-3.242636048997125542e+00
1.404166666666666607e+01,-3.628719031502082970e+00
1.406250000000000000e+01,-3.963642177185709770e+00
1.408333333333333215e+01,-4.216006563848253563e+00
1.410416666666666607e+01,-4.357912499758773706e+00
1.412500000000000000e+01,-4.372529877258777731e+00
1.414583333333333215e+01,-4.259392914793121321e+00
1.416666666666666607e+01,-4.024294416826762699e+00
1.418750000000000000e+01,-3.183036594914682382e+00
1.420833333333333215e+01,-2.508596026417778901e+00
1.422916666666666607e+01,-2.198791401571583037e+00
1.425000000000000000e+01,-1.913370453067489763e+00
1.427083333333333215e+01,-1.653298615994337695e+00
1.429166666666666607e+01,-1.417653877183560951e+00
1.431250000000000000e+01,-1.204433355727761779e+00
1.433333333333333215e+01,-1.011098929262328028e+00
1.435416666666666607e+01,-8.349178078900258981e-01
1.437500000000000000e+01,-6.731570326610203381e-01
1.439583333333333215e+01,-5.231803405848332034e-01
1.441666666666666607e+01,-3.824825984517055133e-01
1.443750000000000000e+01,-2.486854493785095599e-01
1.445833333333333215e+01,-1.195090577456809910e-01
1.447916666666666607e+01,5.592767706889140555e+01
1.450000000000000000e+01,-3.972370772744340806e-02
1.452083333333333215e+01,-1.062668864096318055e-01
1.454166666666666607e+01,-1.728350509797613177e-01
1.456250000000000000e+01,-2.381350422981220460e-01
1.458333333333333215e+01,-2.995214401096781831e-01
1.460416666666666607e+01,-3.532800621478809355e-01
1.462500000000000000e+01,-3.923533405464761925e-01
1.464583333333333215e+01,-4.087322153268201363e-01
1.466666666666666607e+01,-3.975368136326368207e-01
1.468750000000000000e+01,-3.583344047061874926e-01
1.470833333333333215e+01,-2.948078841486680979e-01
1.472916666666666607e+01,-2.136319008231348793e-01
1.475000000000000000e+01,-1.230989660960732923e-01
1.477083333333333215e+01,-3.185948475509414735e-02
1.479166666666666607e+01,5.207310681803423158e-02
1.481250000000000000e+01,1.220484850733367654e-01
1.483333333333333215e+01,1.732749900404535470e-01
1.485416666666666607e+01,2.031099776724069050e-01
1.487500000000000000e+01,2.111787137455213292e-01
1.489583333333333215e+01,1.992398423310370870e-01
1.491666666666666607e+01,1.707846215110222499e-01
1.493750000000000000e+01,1.304665092588479514e-01
1.495833333333333215e+01,8.345722746576567097e-02
1.497916666666666607e+01,3.482985681903594255e-02
1.500000000000000000e+01,-1.094852517697209038e-02
1.502083333333333215e+01,-5.036672510857953533e-02
1.504166666666666607e+01,-8.105068396730052971e-02
1.506250000000000000e+01,-1.017936942499017006e-01
1.508333333333333215e+01,-1.124696887284998281e-01
1.510416666666666607e+01,-1.138683425478510536e-01
1.512500000000000000e+01,-1.074861491112728551e-01
1.514583333333333215e+01,-9.529916824252526730e-02
1.516666666666666607e+01,-7.953614630474425962e-02
1.518750000000000000e+01,-6.246528495696423988e-02
1.520833333333333215e+01,-4.620339890673896832e-02
1.522916666666666607e+01,-3.255340683317398121e-02
1.525000000000000000e+01,-2.287484668354378137e-02
1.527083333333333215e+01,-1.799124193230694502e-02
1.529166666666666607e+01,-1.813651948279215720e-02
1.531250000000000000e+01,-2.293950675465450395e-02
1.533333333333333215e+01,-3.144043314355915442e-02
1.535416666666666607e+01,-4.212619777269388521e-02
1.537500000000000000e+01,-5.296172344556082656e-02
1.539583333333333215e+01,-6.138230570555425203e-02
1.541666666666666607e+01,-6.419528090305837154e-02
1.543750000000000000e+01,-5.731823733147001221e-02
1.545833333333333215e+01,-3.526240095742871894e-02
1.547916666666666607e+01,9.709133746379494667e-03
1.550000000000000000e+01,8.862895965121997399e-02
1.552083333333333215e+01,2.162823579731141255e-01
1.554166666666666607e+01,4.087588312148060510e-01
1.556250000000000000e+01,6.744747920834871513e-01
1.558333333333333215e+01,9.986489229307571325e-01
1.560416666666666607e+01,1.331981087488297799e+00
1.562500000000000000e+01,1.598447281689334920e+00
1.564583333333333215e+01,1.723363747577866256e+00
1.566666666666666607e+01,1.668380086759217784e+00
1.568750000000000000e+01,1.439611604234366737e+00
1.570833333333333215e+01,1.070966635635522746e+00
1.572916666666666607e+01,6.084409193491939760e-01
1.575000000000000000e+01,1.088468627952789980e-01
1.577083333333333215e+01,-3.722182524520527558e-01
1.579166666666666607e+01,-7.967414959246013062e-01
1.581250000000000000e+01,-1.142385494679842406e+00
1.583333333333333215e+01,-1.396798417526808889e+00
1.585416666666666607e+01,-1.554816003541432679e+00
1.587500000000000000e+01,-1.617026586411108191e+00
1.589583333333333215e+01,-1.589067139150600383e+00
1.591666666666666607e+01,-1.481152621795186031e+00
1.593750000000000000e+01,-1.307482590668034961e+00
1.595833333333333215e+01,-1.085329406165495003e+00
1.597916666666666607e+01,-8.337610965246362582e-01
1.600000000000000000e+01,-5.720879443197968151e-01
1.602083333333333215e+01,-3.182395500158106127e-01
1.604166666666666430e+01,-8.734824774635319145e-02
1.606250000000000000e+01,1.092059749402358726e-01
1.608333333333333215e+01,2.641582215338555972e-01
1.610416666666666430e+01,3.741781380270261526e-01
1.612500000000000000e+01,4.393268755714672125e-01
1.614583333333333215e+01,4.623603196238015300e-01
1.616666666666666430e+01,4.480515828764901620e-01
1.618750000000000000e+01,4.026272304099358657e-01
1.620833333333333215e+01,3.333190243960834076e-01
1.622916666666666430e+01,2.479778376113553895e-01
1.625000000000000000e+01,1.546922935040478952e-01
1.627083333333333215e+01,6.138224722397933597e-02
1.629166666666666430e+01,-2.461601014264624965e-02
1.631250000000000000e+01,-9.694298975649895400e-02
1.633333333333333215e+01,-1.506037899955821047e-01
1.635416666666666430e+01,-1.822560683659989467e-01
1.637500000000000000e+01,-1.903592793942699979e-01
1.639583333333333215e+01,-1.751902511007454866e-01
1.641666666666666430e+01,-1.387339326467458278e-01
1.643750000000000000e+01,-8.446327831302880007e-02
1.645833333333333215e+01,-1.702325088844602874e-02
1.647916666666666430e+01,5.816643248975017499e-02
1.650000000000000000e+01,-1.929906325421493207e-01
1.652083333333333215e+01,-6.184112474979794882e-01
1.654166666666666430e+01,-9.490165833662416173e-01
1.656250000000000000e+01,-1.135194728316279322e+00
1.658333333333333215e+01,-1.128843810640950629e+00
1.660416666666666430e+01,-8.783247290993041467e-01
1.662500000000000000e+01,-3.302196324045763021e-01
1.664583333333333215e+01,5.101999474436378357e-01
1.666666666666666430e+01,1.498419745456804453e+00
1.668750000000000000e+01,2.432508525016900958e+00
1.670833333333333215e+01,3.118580218188729880e+00
1.672916666666666430e+01,3.402969755543622909e+00
1.675000000000000000e+01,3.238330975304086756e+00
1.677083333333333215e+01,2.702346012836501998e+00
1.679166666666666430e+01,1.945060761717591014e+00
1.681250000000000000e+01,1.115514661028474297e+00
1.683333333333333215e+01,3.203295155893433055e-01
1.685416666666666430e+01,-3.809160068491674878e-01
1.687500000000000000e+01,-9.638473043954891573e-01
1.689583333333333215e+01,-1.426238956314309192e+00
1.691666666666666430e+01,-1.756551623830578723e+00
1.693750000000000000e+01,-1.968601643146949520e+00
1.695833333333333215e+01,-2.105699100367875776e+00
1.697916666666666430e+01,-2.213892583735772579e+00
1.700000000000000000e+01,-2.290133841019580174e+00
1.702083333333333215e+01,-2.296411143396023036e+00
1.704166666666666430e+01,-2.196380811548568790e+00
1.706250000000000000e+01,-1.938114015707632865e+00
1.708333333333333215e+01,-1.431775644812359527e+00
1.710416666666666430e+01,-6.419644565082873733e-01
1.712500000000000000e+01,4.757913508453777141e-01
1.714583333333333215e+01,1.922718376394672024e+00
1.716666666666666430e+01,3.569132935932969541e+00
1.718750000000000000e+01,5.106139272671883944e+00
1.720833333333333215e+01,6.006608709759466258e+00
1.722916666666666430e+01,5.928523991526360781e+00
1.725000000000000000e+01,4.921024414897058996e+00
1.727083333333333215e+01,3.118602899213582802e+00
1.729166666666666430e+01,7.126672466135124395e-01
1.731250000000000000e+01,-1.851540910591411127e+00
1.733333333333333215e+01,-3.680323965731227887e+00
1.735416666666666430e+01,-4.244309045804482317e+00
1.737500000000000000e+01,-3.857870413149099509e+00
1.739583333333333215e+01,-3.130110684013610367e+00
1.741666666666666430e+01,-2.454249139161197135e+00
1.743750000000000000e+01,-1.942152104661441836e+00
1.745833333333333215e+01,-1.537131021060889280e+00
1.747916666666666430e+01,-1.327928417459896426e+00
1.750000000000000000e+01,2.106654954560898574e+00
1.752083333333333215e+01,-6.857450100352381617e-02
1.754166666666666430e+01,-1.836274686219152019e-01
1.756250000000000000e+01,-2.985074910377732427e-01
1.758333333333333215e+01,-4.099728890950503635e-01
1.760416666666666430e+01,-5.122542930193412225e-01
1.762500000000000000e+01,-5.933016166678498626e-01
1.764583333333333215e+01,-6.378328307695992905e-01
1.766666666666666430e+01,-6.347704160730215373e-01
1.768750000000000000e+01,-5.812554368593756404e-01
1.770833333333333215e+01,-4.828261818528591931e-01
1.772916666666666430e+01,-3.514373566337822830e-01
1.775000000000000000e+01,-2.025779162814258516e-01
1.777083333333333215e+01,-5.246210124354444559e-02
1.779166666666666430e+01,8.420972192263764811e-02
1.781250000000000000e+01,1.958072903792626995e-01
1.783333333333333215e+01,2.746812655010202331e-01
1.785416666666666430e+01,3.175171635477807008e-01
1.787500000000000000e+01,3.251870111709098676e-01
1.789583333333333215e+01,3.020656628830469259e-01
1.791666666666666430e+01,2.549886899811197871e-01
1.793750000000000000e+01,1.920907304732393239e-01
1.795833333333333215e+01,1.217167403841248330e-01
1.797916666666666430e+01,5.153653132223856570e-02
1.800000000000000000e+01,-1.207797164949531155e-02
1.802083333333333215e+01,-6.441053046231071111e-02
1.804166666666666430e+01,-1.025258680856399041e-01
1.806250000000000000e+01,-1.252105564661880610e-01
1.808333333333333215e+01,-1.327814017999833229e-01
1.810416666666666430e+01,-1.268089643275349676e-01
1.812500000000000000e+01,-1.097951334255078404e-01
1.814583333333333215e+01,-8.483624145894586022e-02
1.816666666666666430e+01,-5.529688378060471088e-02
1.818750000000000000e+01,-2.451204437081000442e-02
1.820833333333333215e+01,4.471524694966255709e-03
1.822916666666666430e+01,2.910759771641013849e-02
1.825000000000000000e+01,4.751089259024388056e-02
1.827083333333333215e+01,5.856061752345165239e-02
1.829166666666666430e+01,6.194320147307941227e-02
1.831250000000000000e+01,5.813277368474834006e-02
1.833333333333333215e+01,4.831210796870633040e-02
1.835416666666666430e+01,3.424190112017777565e-02
1.837500000000000000e+01,1.809126523794768460e-02
1.839583333333333215e+01,2.246021339957327001e-03
1.841666666666666430e+01,-1.088688483374178340e-02
1.843750000000000000e+01,-1.906081769788570135e-02
1.845833333333333215e+01,-2.034085280303088439e-02
1.847916666666666430e+01,-1.321301121027507186e-02
1.850000000000000000e+01,3.355946905304163508e-03
1.852083333333333215e+01,2.991002994198432852e-02
1.854166666666666430e+01,6.654297981572976362e-02
1.856250000000000000e+01,1.129748518508530974e-01
1.858333333333333215e+01,1.686499545372734943e-01
1.860416666666666430e+01,2.328329709065539710e-01
1.862500000000000000e+01,3.046728420874662557e-01
1.864583333333333215e+01,3.831974991395726837e-01
1.866666666666666430e+01,4.671997846449520431e-01
1.868750000000000000e+01,5.549822379176402309e-01
1.870833333333333215e+01,6.439560623705532505e-01
1.872916666666666430e+01,7.301486600278970229e-01
1.875000000000000000e+01,8.077660334377541052e-01
1.877083333333333215e+01,8.690546313521978483e-01
1.879166666666666430e+01,9.047446384192155966e-01
1.881250000000000000e+01,9.052469658389741269e-01
1.883333333333333215e+01,8.624880220472825876e-01
1.885416666666666430e+01,7.719060040152072588e-01
1.887500000000000000e+01,6.339276954540808973e-01
1.889583333333333215e+01,4.543794550410318323e-01
1.891666666666666430e+01,2.437156393274735322e-01
1.893750000000000000e+01,1.540682018515626694e-02
1.895833333333333215e+01,-2.159471031976605282e-01
1.897916666666666430e+01,-4.362900229334703006e-01
1.900000000000000000e+01,-6.333203553818409492e-01
1.902083333333333215e+01,-7.972189918097309924e-01
1.904166666666666430e+01,-9.209977329964855741e-01
1.906250000000000000e+01,-1.000593838286892190e+00
1.908333333333333215e+01,-1.034804193500009628e+00
1.910416666666666430e+01,-1.025109067922018724e+00
1.912500000000000000e+01,-9.754026963799797834e-01
1.914583333333333215e+01,-8.916310989706001111e-01
1.916666666666666430e+01,-7.813341398874422694e-01
1.918750000000000000e+01,-6.530954525645717990e-01
1.920833333333333215e+01,-5.159182602618197500e-01
1.922916666666666430e+01,-3.785647493930082153e-01
1.925000000000000000e+01,-2.489165079581270312e-01
1.927083333333333215e+01,-1.334258794804825676e-01
1.929166666666666430e+01,-3.672520564810066723e-02
1.931250000000000000e+01,3.856021179932889176e-02
1.933333333333333215e+01,9.178342377954362696e-02
1.935416666666666430e+01,1.240606878244094879e-01
1.937500000000000000e+01,1.379216102181763937e-01
1.939583333333333215e+01,1.368825702635201313e-01
1.941666666666666430e+01,1.250095221817473234e-01
1.943750000000000000e+01,1.065149826711799808e-01
1.945833333333333215e+01,8.541162636154875365e-02
1.947916666666666430e+01,6.523437429642009455e-02
1.950000000000000000e+01,4.883491710805520913e-02
1.952083333333333215e+01,-3.179793794862401102e-01
1.954166666666666430e+01,-8.759519608802033286e-01
1.956250000000000000e+01,-1.351129938672919861e+00
1.958333333333333215e+01,-1.715219479739589659e+00
1.960416666666666430e+01,-1.928454621982075512e+00
1.962500000000000000e+01,-1.957847790567683433e+00
1.964583333333333215e+01,-1.781383050454675043e+00
1.966666666666666430e+01,-1.385078156975814601e+00
1.968750000000000000e+01,-7.671477471081180610e-01
1.970833333333333215e+01,5.440900102493273494e-02
1.972916666666666430e+01,1.028309788267399938e+00
1.975000000000000000e+01,2.053201900676283387e+00
1.977083333333333215e+01,2.975232021721030851e+00
1.979166666666666430e+01,3.631437214371246114e+00
1.981250000000000000e+01,3.929452680573010781e+00
1.983333333333333215e+01,3.820506441129650099e+00
1.985416666666666430e+01,3.355125452360480764e+00
1.987500000000000000e+01,2.670969940699932543e+00
1.989583333333333215e+01,1.902583725078858201e+00
1.991666666666666430e+01,1.138716454985200244e+00
1.993750000000000000e+01,4.250396075437152810e-01
1.995833333333333215e+01,-2.215109799635146537e-01
1.997916666666666430e+01,-8.007806343622116962e-01
2.000000000000000000e+01,-1.315248280890071619e+00
2.002083333333333215e+01,-1.762013406695871254e+00
2.004166666666666430e+01,-2.129960986134388889e+00
2.006250000000000000e+01,-2.399423596930617020e+00
2.008333333333333215e+01,-2.543693785406576424e+00
2.010416666666666430e+01,-2.533067133973469609e+00
2.012500000000000000e+01,-2.344463611330194652e+00
2.014583333333333215e+01,-1.973049039289821449e+00
2.016666666666666430e+01,-1.447702658454026015e+00
2.018750000000000000e+01,-8.119929985277685169e-01
2.020833333333333215e+01,-1.089787944035118805e-01
2.022916666666666430e+01,6.137077123422165492e-01
2.025000000000000000e+01,1.300424252205259368e+00
2.027083333333333215e+01,1.886219926782314316e+00
2.029166666666666430e+01,2.299799774690181930e+00
2.031250000000000000e+01,2.474765358138153459e+00
2.033333333333333215e+01,2.377732776490102395e+00
2.035416666666666430e+01,2.023016159135703873e+00
2.037500000000000000e+01,1.462538863294724489e+00
2.039583333333333215e+01,7.846730074593588622e-01
2.041666666666666430e+01,8.641716663804421827e-02
2.043750000000000000e+01,-5.612983976705829825e-01
2.045833333333333215e+01,-1.104399995848886151e+00
2.047916666666666430e+01,-1.500896985328514788e+00
2.050000000000000000e+01,-1.717769738706469429e+00
2.052083333333333215e+01,-1.731265219918901366e+00
2.054166666666666430e+01,-1.540925282212990632e+00
2.056250000000000000e+01,-1.198524325379197508e+00
2.058333333333333215e+01,-7.716270839605802179e-01
2.060416666666666430e+01,-3.066257192269057352e-01
2.062500000000000000e+01,1.593597075481654191e-01
2.064583333333333215e+01,5.882922271979601492e-01
2.066666666666666430e+01,9.391961967484744322e-01
2.068750000000000000e+01,1.169214237228173303e+00
2.070833333333333215e+01,1.238415906027335867e+00
2.072916666666666430e+01,1.116579036858530660e+00
2.075000000000000000e+01,7.870265148457662452e-01
2.077083333333333215e+01,2.662090535710665007e-01
2.079166666666666430e+01,-3.787416437874649988e-01
2.081250000000000000e+01,-1.047983110854478817e+00
2.083333333333333215e+01,-1.642861449121260975e+00
2.085416666666666430e+01,-2.102718553709314708e+00
2.087500000000000000e+01,-2.412357297022794889e+00
2.089583333333333215e+01,-2.584337330139561573e+00
2.091666666666666430e+01,-2.620921338774728326e+00
2.093750000000000000e+01,-2.434452788763125763e+00
2.095833333333333215e+01,-1.980729606202643822e+00
2.097916666666666430e+01,-1.382041613160762239e+00
2.100000000000000000e+01,-7.539912545228091290e-01
2.102083333333333215e+01,-1.129247144156009242e-01
2.104166666666666430e+01,5.516640272801769385e-01
2.106250000000000000e+01,1.237993056158982697e+00
2.108333333333333215e+01,1.946655417487513695e+00
2.110416666666666430e+01,2.661626848718159355e+00
2.112500000000000000e+01,3.314208786247580196e+00
2.114583333333333215e+01,3.768407177254024631e+00
2.116666666666666430e+01,3.863052453569432831e+00
2.118750000000000000e+01,3.540201488886784986e+00
2.120833333333333215e+01,2.826883057132933530e+00
2.122916666666666430e+01,2.196403671553269987e+00
2.125000000000000000e+01,1.745610729404673656e+00
2.127083333333333215e+01,1.347526981114333555e+00
2.129166666666666430e+01,9.893684860346017018e-01
2.131250000000000000e+01,6.674487060443148323e-01
2.133333333333333215e+01,3.770958256588370361e-01
2.135416666666666430e+01,1.135405737444044050e-01
2.137500000000000000e+01,-1.276146118163241638e-01
2.139583333333333215e+01,-3.501744789423542059e-01
2.141666666666666430e+01,-5.572652962889037553e-01
2.143750000000000000e+01,-7.513168197280428728e-01
2.145833333333333215e+01,-9.340743893475909054e-01
2.147916666666666430e+01,-1.106622937656396299e+00
2.150000000000000000e+01,-1.269416682062134427e+00
2.152083333333333215e+01,-1.422315680947566996e+00
2.154166666666666430e+01,-1.564634814819402919e+00
2.156250000000000000e+01,-1.695212765213500727e+00
2.158333333333333215e+01,-1.812508263227523564e+00
2.160416666666666430e+01,-1.914728092280344240e+00
2.162500000000000000e+01,-2.132657326726816294e+00
2.164583333333333215e+01,-2.330913114380661177e+00
2.166666666666666430e+01,-2.447427429073675942e+00
2.168750000000000000e+01,-2.544465828403341234e+00
2.170833333333333215e+01,-2.627773290838357312e+00
2.172916666666666430e+01,-2.694629020629565108e+00
2.175000000000000000e+01,-2.742350925759639679e+00
2.177083333333333215e+01,-2.768806522424719141e+00
2.179166666666666430e+01,-2.772633038351387746e+00
2.181250000000000000e+01,-2.753388119352213614e+00
2.183333333333333215e+01,-2.711602926402818525e+00
2.185416666666666430e+01,-2.648727518127065750e+00
2.187500000000000000e+01,-2.566979678766422523e+00
2.189583333333333215e+01,-2.469126204103366362e+00
2.191666666666666430e+01,3.535133846012388403e+01
2.193750000000000000e+01,-5.895554343292226662e-02
2.195833333333333215e+01,-1.578739541627448562e-01
2.197916666666666430e+01,-2.567077091464479710e-01
2.200000000000000000e+01,-3.526901477427654141e-01
2.202083333333333215e+01,-4.409182153609013666e-01
2.204166666666666430e+01,-5.122104484172123051e-01
2.206250000000000000e+01,-5.536280240684894327e-01
2.208333333333333215e+01,-5.549085597894977129e-01
2.210416666666666430e+01,-5.128180612839062791e-01
2.212500000000000000e+01,-4.314943911482220784e-01
2.214583333333333215e+01,-3.207685367309385249e-01
2.216666666666666430e+01,-1.936707178648333638e-01
2.218750000000000000e+01,-6.401049155252769296e-02
2.220833333333333215e+01,5.552841971495325879e-02
2.222916666666666430e+01,1.547016114866590630e-01
2.225000000000000000e+01,2.264924194532107471e-01
2.227083333333333215e+01,2.674554064950152021e-01
2.229166666666666430e+01,2.776908665036881274e-01
2.231250000000000000e+01,2.604017478265707730e-01
2.233333333333333215e+01,2.211014584522669191e-01
2.235416666666666430e+01,1.666595063037744628e-01
2.237500000000000000e+01,1.043490965341380416e-01
2.239583333333333215e+01,4.102698585429997991e-02
2.241666666666666430e+01,-1.747574301176235689e-02
2.243750000000000000e+01,-6.672691223608995248e-02
2.245833333333333215e+01,-1.038463623287206872e-01
2.247916666666666430e+01,-1.274789824404105598e-01
2.250000000000000000e+01,-1.376367630273391818e-01
2.252083333333333215e+01,-1.354565203973974175e-01
2.254166666666666430e+01,-1.229120345965604155e-01
2.256250000000000000e+01,-1.025112368203322522e-01
2.258333333333333215e+01,-7.700078873693394499e-02
2.260416666666666430e+01,-4.909195608328120741e-02
2.262500000000000000e+01,-2.121499924752368038e-02
2.264583333333333215e+01,4.694809871339300500e-03
2.266666666666666430e+01,2.737867632723012257e-02
2.268750000000000000e+01,4.640407498209397907e-02
2.270833333333333215e+01,6.228592590184622857e-02
2.272916666666666430e+01,7.658552800933371429e-02
2.275000000000000000e+01,9.199670610367149948e-02
2.277083333333333215e+01,1.124271653616597533e-01
2.279166666666666430e+01,1.430669763161827035e-01
2.281250000000000000e+01,1.903854918716623157e-01
2.283333333333333215e+01,2.618812227621721833e-01
2.285416666666666430e+01,3.652019090271404478e-01
2.287500000000000000e+01,5.060223850718870153e-01
2.289583333333333215e+01,6.841545618384645699e-01
2.291666666666666430e+01,8.884076105503921905e-01
2.293750000000000000e+01,1.092863533800350950e+00
2.295833333333333215e+01,1.258707565051785826e+00
2.297916666666666430e+01,1.343701998340785853e+00
2.300000000000000000e+01,1.316051196234631293e+00
2.302083333333333215e+01,1.165396070689614483e+00
2.304166666666666430e+01,9.051088660964978772e-01
2.306250000000000000e+01,5.658490172542265384e-01
2.308333333333333215e+01,1.853238448852052578e-01
2.310416666666666430e+01,-2.003654598117483587e-01
2.312500000000000000e+01,-5.613962573615562945e-01
2.314583333333333215e+01,-8.754595449689750453e-01
2.316666666666666430e+01,-1.127200242988177337e+00
2.318750000000000000e+01,-1.307193667245261981e+00
2.320833333333333215e+01,-1.411092796897211565e+00
2.322916666666666430e+01,-1.439067349052538747e+00
2.325000000000000000e+01,-1.395418565467886562e+00
2.327083333333333215e+01,-1.288200509429702212e+00
2.329166666666666430e+01,-1.128708920064901200e+00
2.331250000000000000e+01,-9.307541772506511268e-01
2.333333333333333215e+01,-7.096958184168180583e-01
2.335416666666666430e+01,-4.812813961094362103e-01
2.337500000000000000e+01,-2.603999944119266274e-01
2.339583333333333215e+01,-5.991444995242267701e-02
2.341666666666666430e+01,1.102499440792314989e-01
2.343750000000000000e+01,2.436264699371286646e-01
2.345833333333333215e+01,3.372954446926781369e-01
2.347916666666666430e+01,3.915980945819028669e-01
2.350000000000000000e+01,4.096003044324874054e-01
2.352083333333333215e+01,3.964440323424751611e-01
2.354166666666666430e+01,3.586931746898314177e-01
2.356250000000000000e+01,3.037301681253816721e-01
2.358333333333333215e+01,2.392161804933934377e-01
2.360416666666666430e+01,1.726064359848803464e-01
2.362500000000000000e+01,1.107109873221022722e-01
2.364583333333333215e+01,5.929872819021231312e-02
2.366666666666666430e+01,2.275607956337288851e-02
2.368750000000000000e+01,3.828050086080447834e-03
2.370833333333333215e+01,3.472331734327704922e-03
2.372916666666666430e+01,2.084847656569432939e-02
2.375000000000000000e+01,5.345332799846558292e-02
2.377083333333333215e+01,9.740167624302031868e-02
2.379166666666666430e+01,1.478364139291993284e-01
2.381250000000000000e+01,1.994353413555843835e-01
2.383333333333333215e+01,2.469641060152593104e-01
2.385416666666666430e+01,2.858107996496305758e-01
2.387500000000000000e+01,3.124332645031592248e-01
2.389583333333333215e+01,3.246598702246934476e-01
2.391666666666666430e+01,3.218087208434892155e-01
2.393750000000000000e+01,2.789005317290285113e-01
2.395833333333333215e+01,2.348773103680484309e-01
2.397916666666666430e+01,2.254306981588053982e-01
2.400000000000000000e+01,2.471931579133783974e-01
2.402083333333333215e+01,2.876167148468464774e-01
2.404166666666666430e+01,3.291062347524801868e-01
2.406250000000000000e+01,3.504655977619542395e-01
2.408333333333333215e+01,3.320581194851009998e-01
2.410416666666666430e+01,2.709616989150375188e-01
2.412500000000000000e+01,1.762445614875488564e-01
2.414583333333333215e+01,6.017977560236875689e-02
2.416666666666666430e+01,-6.188379804403565387e-02
2.418750000000000000e+01,-1.754329376952239450e-01
2.420833333333333215e+01,-2.697029586105514909e-01
2.422916666666666430e+01,-3.386219803788460547e-01
2.425000000000000000e+01,-3.801877047541216692e-01
2.427083333333333215e+01,-3.950612502524452618e-01
2.429166666666666430e+01,-3.847884518983013535e-01
2.431250000000000000e+01,-3.437207469742734611e-01
2.433333333333333215e+01,-2.711275982843093235e-01
2.435416666666666430e+01,-1.716484870380522998e-01
2.437500000000000000e+01,-4.950541496369156858e-02
2.439583333333333215e+01,8.943623309071853378e-02
2.441666666666666430e+01,2.342380618885768484e-01
2.443750000000000000e+01,3.674724135889770316e-01
2.445833333333333215e+01,4.694002029282599020e-01
2.447916666666666430e+01,5.209632493279476861e-01
2.450000000000000000e+01,5.073933985384656564e-01
2.452083333333333215e+01,4.245901134741258964e-01
2.454166666666666430e+01,2.822102538417792239e-01
2.456250000000000000e+01,1.021720702615713794e-01
2.458333333333333215e+01,-8.697646672683356783e-02
2.460416666666666430e+01,-2.574335992215409652e-01
2.462500000000000000e+01,-3.884418228122232808e-01
2.464583333333333215e+01,-4.697035323048779909e-01
2.466666666666666430e+01,-5.009461288097264431e-01
2.468750000000000000e+01,-4.888362862870508918e-01
2.470833333333333215e+01,-4.431873856264441081e-01
2.472916666666666430e+01,-3.739129901272265077e-01
2.475000000000000000e+01,-2.892580490824081529e-01
2.477083333333333215e+01,-1.951140284956164039e-01
2.479166666666666430e+01,-9.452196672631352214e-02
2.481250000000000000e+01,1.213131968956981943e-02
2.483333333333333215e+01,1.227895383700331466e-01
2.485416666666666430e+01,2.329859032819502906e-01
2.487500000000000000e+01,3.348934785945598680e-01
2.489583333333333215e+01,4.142650245284109078e-01
2.491666666666666430e+01,4.579623842674838685e-01
2.493750000000000000e+01,4.545550149570370957e-01
2.495833333333333215e+01,3.943123776947993209e-01
2.497916666666666430e+01,2.766077048240702663e-01
2.500000000000000000e+01,1.135638274740778941e-01
2.502083333333333215e+01,-7.100595241212470654e-02
2.504166666666666430e+01,-2.466707438274539088e-01
2.506250000000000000e+01,-3.841821270114141873e-01
2.508333333333333215e+01,-4.635778553349060305e-01
2.510416666666666430e+01,-4.792331387893642991e-01
2.512500000000000000e+01,-4.394203522738849288e-01
2.514583333333333215e+01,-3.613099111775657235e-01
2.516666666666666430e+01,-2.639435129084295450e-01
2.518750000000000000e+01,-1.628740301318913897e-01
2.520833333333333215e+01,-6.822500755524141258e-02
2.522916666666666430e+01,1.468672351729682912e-02
2.525000000000000000e+01,1.618402486451459010e-01
2.527083333333333215e+01,2.553586630894530973e-01
2.529166666666666430e+01,2.386787812700627565e-01
2.531250000000000000e+01,1.966614879457787568e-01
2.533333333333333215e+01,1.622546685913871523e-01
2.535416666666666430e+01,1.330884139349494399e-01
2.537500000000000000e+01,1.074736992339295066e-01
2.539583333333333215e+01,8.413349027015598613e-02
2.541666666666666430e+01,6.203146270184962952e-02
2.543750000000000000e+01,4.025229273773248129e-02
2.545833333333333215e+01,1.790622092481630734e-02
2.547916666666666430e+01,3.858278435104225967e-02
2.550000000000000000e+01,9.897098059949741011e-02
2.552083333333333215e+01,3.017422567401617517e-01
2.554166666666666430e+01,6.688962960139785974e-01
2.556250000000000000e+01,1.124060771913717449e+00
2.558333333333333215e+01,1.599954269616681746e+00
2.560416666666666430e+01,2.005076727150907789e+00
2.562500000000000000e+01,2.247045658156189507e+00
2.564583333333333215e+01,2.253690081945350698e+00
2.566666666666666430e+01,2.081142208640896385e+00
2.568750000000000000e+01,1.909071203259817828e+00
2.570833333333333215e+01,1.873784148328211607e+00
2.572916666666666430e+01,1.907459940361601269e+00
2.575000000000000000e+01,1.925972544133308872e+00
2.577083333333333215e+01,1.931791318193996965e+00
2.579166666666666430e+01,1.933215190474041556e+00
2.581250000000000000e+01,1.930226422706294187e+00
2.583333333333333215e+01,1.717306407454271877e+00
2.585416666666666430e+01,1.119013770268406205e+00
2.587500000000000000e+01,1.729662458956280346e-01
2.589583333333333215e+01,-9.843735365099455237e-01
2.591666666666666430e+01,-2.053865667190825306e+00
2.593750000000000000e+01,-2.816022768873758686e+00
2.595833333333333215e+01,-3.245241749685481736e+00
2.597916666666666430e+01,-3.391608231195857748e+00
2.600000000000000000e+01,-3.326187560333937476e+00
2.602083333333333215e+01,-3.087877739097022012e+00
2.604166666666666430e+01,-2.836225258095394608e+00
2.606250000000000000e+01,-2.668764290365521763e+00
2.608333333333333215e+01,-2.578423553259635348e+00
2.610416666666666430e+01,-2.554235799076951974e+00
2.612500000000000000e+01,-2.588293210331029215e+00
2.614583333333333215e+01,-2.678120785836894502e+00
2.616666666666666430e+01,-2.828476341377042846e+00
2.618750000000000000e+01,-3.046904312068784204e+00
2.620833333333333215e+01,-3.331513332421869311e+00
2.622916666666666430e+01,-3.520408623595367104e+00
2.625000000000000000e+01,-3.444626406204919000e+00
2.627083333333333215e+01,-3.124806461118541101e+00
2.629166666666666430e+01,-2.638855228888859372e+00
2.631250000000000000e+01,-2.002942299404042004e+00
2.633333333333333215e+01,-1.206857404465317529e+00
2.635416666666666430e+01,-2.042744951671071618e-01
2.637500000000000000e+01,1.137335525414624016e+00
2.639583333333333215e+01,3.072914538753636293e+00
2.641666666666666430e+01,5.999069928014785447e+00
2.643750000000000000e+01,1.027570451898241544e+01
2.645833333333333215e+01,1.435447313095890820e+01
2.647916666666666430e+01,1.481452232118413193e+01
2.650000000000000000e+01,1.238856203616499130e+01
2.652083333333333215e+01,9.445291806003973889e+00
2.654166666666666430e+01,7.035700546104578734e+00
2.656250000000000000e+01,5.281666215731062763e+00
2.658333333333333215e+01,4.045804571013214002e+00
2.660416666666666430e+01,3.175339391098383146e+00
2.662500000000000000e+01,2.536963937510801514e+00
2.664583333333333215e+01,2.054425665240586341e+00
2.666666666666666430e+01,1.683774531488097637e+00
2.668750000000000000e+01,1.220853590292080071e+00
2.670833333333333215e+01,6.349916257342371750e-01
2.672916666666666430e+01,1.309347331203127851e-01
2.675000000000000000e+01,-5.430934663846187505e-02
2.677083333333333215e+01,-1.636420148482997661e-02
2.679166666666666430e+01,6.379952131478816568e-02
2.681250000000000000e+01,1.463916796943820486e-01
2.683333333333333215e+01,2.301849181584749715e-01
2.685416666666666430e+01,3.168618562718030773e-01
2.687500000000000000e+01,-6.905976894923551868e+01
2.689583333333333215e+01,-6.703557708277088634e-02
2.691666666666666430e+01,-1.795222358672205754e-01
2.693750000000000000e+01,-2.918566917543876094e-01
2.695833333333333215e+01,-4.007140171778252880e-01
2.697916666666666430e+01,-5.001507676131855540e-01
2.700000000000000000e+01,-5.782302634053204660e-01
2.702083333333333215e+01,-6.198774007080362081e-01
2.704166666666666430e+01,-6.143707858981419800e-01
2.706250000000000000e+01,-5.593691815713432991e-01
2.708333333333333215e+01,-4.609036840615703401e-01
2.710416666666666430e+01,-3.312108196157175222e-01
2.712500000000000000e+01,-1.857570056964781280e-01
2.714583333333333215e+01,-4.044051656866298750e-02
2.716666666666666430e+01,9.056729748594527507e-02
2.718750000000000000e+01,1.962696926333467040e-01
2.720833333333333215e+01,2.696483234883864100e-01
2.722916666666666430e+01,3.079281996855887105e-01
2.725000000000000000e+01,3.123610890099135506e-01
2.727083333333333215e+01,2.875083501152688736e-01
2.729166666666666430e+01,2.402018960355347676e-01
2.731250000000000000e+01,1.784111644445744993e-01
2.733333333333333215e+01,1.101972383922956711e-01
2.735416666666666430e+01,4.287490292272888581e-02
2.737500000000000000e+01,-1.756433871155249626e-02
2.739583333333333215e+01,-6.676978972380998023e-02
2.741666666666666430e+01,-1.021242926897781844e-01
2.743750000000000000e+01,-1.226617694061298280e-01
2.745833333333333215e+01,-1.288621789825152852e-01
2.747916666666666430e+01,-1.223715706354806532e-01
2.750000000000000000e+01,-1.056852667829173420e-01
2.752083333333333215e+01,-8.182362590684588710e-02
2.754166666666666430e+01,-5.402313187694862684e-02
2.756250000000000000e+01,-2.545828741823519259e-02
2.758333333333333215e+01,9.964243502336156411e-04
2.760416666666666430e+01,2.295876384071826593e-02
2.762500000000000000e+01,3.868073768011259794e-02
2.764583333333333215e+01,4.713648625594268893e-02
2.766666666666666430e+01,4.805314623030598753e-02
2.768750000000000000e+01,4.188404772864484649e-02
2.770833333333333215e+01,2.972727046844880761e-02
2.772916666666666430e+01,1.319707670278758016e-02
2.775000000000000000e+01,-5.739919109835067701e-03
2.777083333333333215e+01,-2.494880674819821564e-02
2.779166666666666430e+01,-4.231419483568221729e-02
2.781250000000000000e+01,-5.591548998239059820e-02
2.783333333333333215e+01,-6.417490740736586652e-02
2.785416666666666430e+01,-6.596654317414829549e-02
2.787500000000000000e+01,-6.067895063556183466e-02
2.789583333333333215e+01,-4.822802446383556152e-02
2.791666666666666430e+01,-2.902118766774641756e-02
2.793750000000000000e+01,-3.877704833453954336e-03
2.795833333333333215e+01,2.608677267904990771e-02
2.797916666666666430e+01,5.960074704911466625e-02
2.800000000000000000e+01,9.539004457431565775e-02
2.802083333333333215e+01,1.323301931704259360e-01
2.804166666666666430e+01,1.695842960461333426e-01
2.806250000000000000e+01,2.067128344696715914e-01
2.808333333333333215e+01,2.437420690437024362e-01
2.810416666666666430e+01,2.811776981863581826e-01
2.812500000000000000e+01,3.199500014080117749e-01
2.814583333333333215e+01,3.612741378815007565e-01
2.816666666666666430e+01,4.064141053229884948e-01
2.818750000000000000e+01,4.563487832896915286e-01
2.820833333333333215e+01,5.113350696194463030e-01
2.822916666666666430e+01,5.704051274055798038e-01
2.825000000000000000e+01,6.308867845608292502e-01
2.827083333333333215e+01,6.880899480692065362e-01
2.829166666666666430e+01,7.353472843388459967e-01
2.831250000000000000e+01,7.645780787808844625e-01
2.833333333333333215e+01,7.674216758665074467e-01
2.835416666666666430e+01,7.367719553154294942e-01
2.837500000000000000e+01,6.683274134041916614e-01
2.839583333333333215e+01,5.617663676342223855e-01
2.841666666666666430e+01,4.206242468395164913e-01
2.843750000000000000e+01,2.514762292211463190e-01
2.845833333333333215e+01,6.355263296718760557e-02
2.847916666666666430e+01,-1.321837147501194742e-01
2.850000000000000000e+01,-3.243436061608391263e-01
2.852083333333333215e+01,-5.022350088660134659e-01
2.854166666666666430e+01,-6.566822373558200976e-01
2.856250000000000000e+01,-7.805397544754941741e-01
2.858333333333333215e+01,-8.689591393289175514e-01
2.860416666666666430e+01,-9.194763993095180776e-01
2.862500000000000000e+01,-9.319685707725762214e-01
2.864583333333333215e+01,-9.085049488871582701e-01
2.866666666666666430e+01,-8.531010840751023228e-01
2.868750000000000000e+01,-7.713766637557031292e-01
2.870833333333333215e+01,-6.701212713955368994e-01
2.872916666666666430e+01,-5.567829047901009520e-01
2.875000000000000000e+01,-4.389100309827370650e-01
2.877083333333333215e+01,-3.235942002451029920e-01
2.879166666666666430e+01,-2.169706997234863710e-01
2.881250000000000000e+01,-1.238336267531157109e-01
2.883333333333333215e+01,-4.740780879682260363e-02
2.885416666666666430e+01,1.069192506705318735e-02
2.887500000000000000e+01,5.039090695068293435e-02
2.889583333333333215e+01,-2.922340177162283670e-01
2.891666666666666430e+01,-8.575140704878270181e-01
2.893750000000000000e+01,-1.354430679405093096e+00
2.895833333333333215e+01,-1.759820910577071906e+00
2.897916666666666430e+01,-2.055836760199391211e+00
2.900000000000000000e+01,-2.222386615949668354e+00
2.902083333333333215e+01,-2.244161613129716848e+00
2.904166666666666430e+01,-2.113320785605774965e+00
2.906250000000000000e+01,-1.829019152267528980e+00
2.908333333333333215e+01,-1.395285571252159684e+00
2.910416666666666430e+01,-8.192193710252109184e-01
2.912500000000000000e+01,-1.111985404122517451e-01
2.914583333333333215e+01,7.120488685007195784e-01
2.916666666666666430e+01,1.621931103599199453e+00
2.918750000000000000e+01,2.572560210941347236e+00
2.920833333333333215e+01,3.500774339797179557e+00
2.922916666666666430e+01,4.341032390790131146e+00
2.925000000000000000e+01,5.006394257578896223e+00
2.927083333333333215e+01,5.329783706907392116e+00
2.929166666666666430e+01,5.170291465393912489e+00
2.931250000000000000e+01,4.543204688796535606e+00
2.933333333333333215e+01,3.601038682073612662e+00
2.935416666666666430e+01,2.523733757332547789e+00
2.937500000000000000e+01,1.438896162761179376e+00
2.939583333333333215e+01,4.212279101732860909e-01
2.941666666666666430e+01,-5.131170710897565712e-01
2.943750000000000000e+01,-1.355013943458794223e+00
2.945833333333333215e+01,-2.085138873565043127e+00
2.947916666666666430e+01,-2.685254568941951803e+00
2.950000000000000000e+01,-3.134875891275872739e+00
2.952083333333333215e+01,-3.411750421061599869e+00
2.954166666666666430e+01,-3.501080332428836428e+00
2.956250000000000000e+01,-3.400970413204561282e+00
2.958333333333333215e+01,-3.117268411828853836e+00
2.960416666666666430e+01,-2.665639010282323973e+00
2.962500000000000000e+01,-2.072619227790637897e+00
2.964583333333333215e+01,-1.389189236588275644e+00
2.966666666666666430e+01,-6.681118552844305114e-01
2.968750000000000000e+01,7.564015221695896685e-02
2.970833333333333215e+01,8.282444969715760941e-01
2.972916666666666430e+01,1.538905551403062955e+00
2.975000000000000000e+01,2.140945112873133827e+00
2.977083333333333215e+01,2.559535331612721176e+00
2.979166666666666430e+01,2.715662260203369094e+00
2.981250000000000000e+01,2.545780592863075675e+00
2.983333333333333215e+01,2.071690855255985397e+00
2.985416666666666430e+01,1.429623853868409622e+00
2.987500000000000000e+01,7.647221116610958269e-01
2.989583333333333215e+01,7.585105227430233299e-02
2.991666666666666430e+01,-6.847737021098523336e-01
2.993750000000000000e+01,-1.409896112263026913e+00
2.995833333333333215e+01,-1.997449907280408166e+00
2.997916666666666430e+01,-2.438857012635931465e+00
3.000000000000000000e+01,-2.735730494160659720e+00
3.002083333333333215e+01,-2.821086475232448709e+00
3.004166666666666430e+01,-2.652598889948630134e+00
3.006250000000000000e+01,-2.269731494239080494e+00
3.008333333333333215e+01,-1.750983519649560005e+00
3.010416666666666430e+01,-1.195100507826241998e+00
3.012500000000000000e+01,-6.518914235613095798e-01
3.014583333333333215e+01,-1.237059797505084546e-01
3.016666666666666430e+01,4.004643083279679772e-01
3.018750000000000000e+01,9.337512935429295169e-01
3.020833333333333215e+01,1.479943434509433331e+00
3.022916666666666430e+01,2.023813487506789688e+00
3.025000000000000000e+01,2.519836515989579695e+00
3.027083333333333215e+01,2.885880455507881415e+00
3.029166666666666430e+01,3.005200324788253052e+00
3.031250000000000000e+01,2.707504357502366954e+00
3.033333333333333215e+01,2.346934870636133486e+00
3.035416666666666430e+01,2.064826129427368429e+00
3.037500000000000000e+01,1.784331649070084680e+00
3.039583333333333215e+01,1.510791463104782739e+00
3.041666666666666430e+01,1.247349113688833722e+00
3.043750000000000000e+01,9.954661287197077435e-01
3.045833333333333215e+01,7.554196366865681966e-01
3.047916666666666430e+01,5.267257188426315295e-01
3.050000000000000000e+01,3.084734113740896788e-01
3.052083333333333215e+01,9.957679212707493122e-02
3.054166666666666430e+01,-1.010385796867661057e-01
3.056250000000000000e+01,-2.942976221999220598e-01
3.058333333333333215e+01,-4.808716782828081904e-01
3.060416666666666430e+01,-6.610983948700708268e-01
3.062500000000000000e+01,-8.349202111933315962e-01
3.064583333333333215e+01,-1.001840726401510118e+00
3.066666666666666430e+01,-1.160902339289889174e+00
3.068750000000000000e+01,-1.310691787082492787e+00
3.070833333333333215e+01,-1.449381922896019859e+00
3.072916666666666430e+01,-1.574817449974339256e+00
3.075000000000000000e+01,-1.684648625561789403e+00
3.077083333333333215e+01,-1.808301200512469453e+00
3.079166666666666430e+01,-1.846531569868288036e+00
3.081250000000000000e+01,-1.843905464276309747e+00
3.083333333333333215e+01,-1.844311412301404607e+00
3.085416666666666430e+01,-1.829679903963821186e+00
3.087500000000000000e+01,-1.800568821083038618e+00
3.089583333333333215e+01,-1.757910956672092517e+00
3.091666666666666430e+01,-1.702949388542765785e+00
3.093750000000000000e+01,-1.637154176477537693e+00
3.095833333333333215e+01,-1.562130916586236928e+00
3.097916666666666430e+01,-1.479531307760098002e+00
3.100000000000000000e+01,-1.390973934186585659e+00
3.102083333333333215e+01,-1.297980637135044191e+00
3.104166666666666430e+01,-1.201930869098232435e+00
3.106250000000000000e+01,-1.104033862042376413e+00
3.108333333333333215e+01,-1.005316612391909281e+00
3.110416666666666430e+01,2.194393638842634431e+01
3.112500000000000000e+01,-6.740988715681772714e-02
3.114583333333333215e+01,-1.807067191936853334e-01
3.116666666666666430e+01,-2.939068766805190691e-01
3.118750000000000000e+01,-4.030203559611482689e-01
3.120833333333333215e+01,-5.011057529432267899e-01
3.122916666666666430e+01,-5.747443223453778671e-01
3.125000000000000000e+01,-6.081744198973249027e-01
3.127083333333333215e+01,-5.915481488435373469e-01
3.129166666666666430e+01,-5.246518157095205748e-01
3.131250000000000000e+01,-4.161202153677758808e-01
3.133333333333333215e+01,-2.804612864730662292e-01
3.135416666666666430e+01,-1.345596218519480303e-01
3.137500000000000000e+01,5.299381868878461077e-03
3.139583333333333215e+01,1.255232836779864858e-01
3.141666666666666430e+01,2.164597514161270553e-01
3.143750000000000000e+01,2.729291446773687291e-01
3.145833333333333215e+01,2.941919672134736263e-01
3.147916666666666430e+01,2.834021301881985977e-01
3.150000000000000000e+01,2.466099791454514634e-01
3.152083333333333215e+01,1.915628039396340965e-01
3.154166666666666430e+01,1.265311883380425551e-01
3.156250000000000000e+01,5.932273905611984421e-02
3.158333333333333215e+01,-3.430200058962884491e-03
3.160416666666666430e+01,-5.669159490592068362e-02
3.162500000000000000e+01,-9.718198867766736360e-02
3.164583333333333215e+01,-1.233328393322592476e-01
3.166666666666666430e+01,-1.350963857876323893e-01
3.168750000000000000e+01,-1.336671900345767217e-01
3.170833333333333215e+01,-1.211607034445083553e-01
3.172916666666666430e+01,-1.002838032769621801e-01
3.175000000000000000e+01,-7.402255057037621100e-02
3.177083333333333215e+01,-4.536279105655460775e-02
3.179166666666666430e+01,-1.705149235772718264e-02
3.181250000000000000e+01,8.597940835998407749e-03
3.183333333333333215e+01,2.985514582143600215e-02
3.185416666666666430e+01,4.567641538806221924e-02
3.187500000000000000e+01,5.576172674437307464e-02
3.189583333333333215e+01,6.056790198577743922e-02
3.191666666666666430e+01,6.128026195365787743e-02
3.193750000000000000e+01,5.974231770122195861e-02
3.195833333333333215e+01,5.836141572999120619e-02
3.197916666666666430e+01,6.000558934659294685e-02
3.200000000000000000e+01,6.789937177538751811e-02
3.202083333333332860e+01,8.552404443582029003e-02
3.204166666666666430e+01,1.165154350342482159e-01
3.206250000000000000e+01,1.645284878242644355e-01
3.208333333333332860e+01,2.329992194289232099e-01
3.210416666666666430e+01,3.246840505003405486e-01
3.212500000000000000e+01,4.408164156391704003e-01
3.214583333333332860e+01,5.797537779815130632e-01
3.216666666666666430e+01,7.351996459061016509e-01
3.218750000000000000e+01,8.945440143447376258e-01
3.220833333333332860e+01,1.038414785349512037e+00
3.222916666666666430e+01,1.142661915986854071e+00
3.225000000000000000e+01,1.183153280163749432e+00
3.227083333333332860e+01,1.142091404217528972e+00
3.229166666666666430e+01,1.013217616668817378e+00
3.231250000000000000e+01,8.035323308569171097e-01
3.233333333333332860e+01,5.310363257915842183e-01
3.235416666666666430e+01,2.200307763714763887e-01
3.237500000000000000e+01,-1.037709190320481589e-01
3.239583333333332860e+01,-4.167877568874569505e-01
3.241666666666666430e+01,-6.994270018811059586e-01
3.243750000000000000e+01,-9.366824878926098830e-01
3.245833333333332860e+01,-1.118083681892920511e+00
3.247916666666666430e+01,-1.237433128983150166e+00
3.250000000000000000e+01,-1.292530719740151213e+00
3.252083333333332860e+01,-1.284913458307137990e+00
3.254166666666666430e+01,-1.219560182305768459e+00
3.256250000000000000e+01,-1.104494772240974143e+00
3.258333333333332860e+01,-9.502374049043335047e-01
3.260416666666666430e+01,-7.690823064126306452e-01
3.262500000000000000e+01,-5.742157956228783888e-01
3.264583333333332860e+01,-3.787288206408987445e-01
3.266666666666666430e+01,-1.946185391938299869e-01
3.268750000000000000e+01,-3.190086457955176868e-02
3.270833333333332860e+01,1.020455249196081660e-01
3.272916666666666430e+01,2.028207270602684353e-01
3.275000000000000000e+01,2.690112738181626995e-01
3.277083333333332860e+01,3.019099365153825598e-01
3.279166666666666430e+01,3.050371628770214283e-01
3.281250000000000000e+01,2.835641035530458431e-01
3.283333333333332860e+01,2.437192700845325355e-01
3.285416666666666430e+01,1.922296608763485182e-01
3.287500000000000000e+01,1.358189395740551086e-01
3.289583333333332860e+01,8.076847440582890503e-02
3.291666666666666430e+01,3.254168625543196747e-02
3.293750000000000000e+01,-4.524003929812669966e-03
3.295833333333332860e+01,-2.744525526349261835e-02
3.297916666666666430e+01,-3.472525724196939834e-02
3.300000000000000000e+01,-2.637854155370522591e-02
3.302083333333332860e+01,-3.842957899088506046e-03
3.304166666666666430e+01,3.021829927139652039e-02
3.306250000000000000e+01,7.221259053747530743e-02
3.308333333333332860e+01,1.179896311260681951e-01
3.310416666666666430e+01,1.632569866603862385e-01
3.312500000000000000e+01,-2.356013605276152667e-02
3.314583333333332860e+01,-3.254960983654839879e-01
3.316666666666666430e+01,-5.603922825040652533e-01
3.318750000000000000e+01,-7.056224582233712184e-01
3.320833333333332860e+01,-7.357582287146355871e-01
3.322916666666666430e+01,-6.328617913041683085e-01
3.325000000000000000e+01,-3.836444192237449258e-01
3.327083333333332860e+01,1.638201794996252403e-02
3.329166666666666430e+01,5.539733523219481093e-01
3.331250000000000000e+01,1.188839737175706901e+00
3.333333333333332860e+01,1.813809176195552819e+00
3.335416666666666430e+01,2.264895245561220349e+00
3.337500000000000000e+01,2.424005350727305608e+00
3.339583333333332860e+01,2.266154299344843803e+00
3.341666666666666430e+01,1.853144081865870652e+00
3.343750000000000000e+01,1.293639680349479626e+00
3.345833333333332860e+01,6.938603539758898542e-01
3.347916666666666430e+01,1.288411862651961393e-01
3.350000000000000000e+01,-3.618713242118234419e-01
3.352083333333332860e+01,-7.656431751594459101e-01
3.354166666666666430e+01,-1.086012795658369168e+00
3.356250000000000000e+01,-1.334580453439394132e+00
3.358333333333332860e+01,-1.526195759470943214e+00
3.360416666666666430e+01,-1.669158453946669507e+00
3.362500000000000000e+01,-1.759965357845294509e+00
3.364583333333332860e+01,-1.793606035536064347e+00
3.366666666666666430e+01,-1.758002821602796306e+00
3.368750000000000000e+01,-1.623914650688171646e+00
3.370833333333332860e+01,-1.345560095079174623e+00
3.372916666666666430e+01,-8.840216613555011982e-01
3.375000000000000000e+01,-2.317192327888606407e-01
3.377083333333332860e+01,5.902164134741427759e-01
3.379166666666666430e+01,1.517379946059005613e+00
3.381250000000000000e+01,2.419954221599312394e+00
3.383333333333332860e+01,3.108223238638224473e+00
3.385416666666666430e+01,3.383389695338338221e+00
3.387500000000000000e+01,3.132031833398420062e+00
3.389583333333332860e+01,2.400424649428064772e+00
3.391666666666666430e+01,1.378922038228867830e+00
3.393750000000000000e+01,3.118298086656787760e-01
3.395833333333332860e+01,-5.967447714110174495e-01
3.397916666666666430e+01,-1.237283338020456203e+00
3.400000000000000000e+01,-1.599655106101648183e+00
3.402083333333332860e+01,-1.737387945861972094e+00
3.404166666666666430e+01,-1.721229078499803000e+00
3.406250000000000000e+01,-1.552103603489583872e+00
3.408333333333332860e+01,-1.409617639373054399e+00
3.410416666666666430e+01,-1.353135742577914691e+00
3.412500000000000000e+01,-1.328944112449207848e+00
3.414583333333332860e+01,-1.321380078279007275e+00
3.416666666666666430e+01,-1.327571773296581714e+00
3.418750000000000000e+01,-1.345874211690096134e+00
3.420833333333332860e+01,-1.375463813629373755e+00
3.422916666666666430e+01,-1.416111067165503279e+00
3.425000000000000000e+01,-1.468054269775959320e+00
3.427083333333332860e+01,-1.531933990070549978e+00
3.429166666666666430e+01,-1.608766035713960374e+00
3.431250000000000000e+01,-1.699939788775512994e+00
3.433333333333332860e+01,-1.807232905646616317e+00
3.435416666666666430e+01,-1.932834253182072359e+00
3.437500000000000000e+01,-2.079364931232642100e+00
3.439583333333332860e+01,-2.249881788707932984e+00
3.441666666666666430e+01,-2.447837698371377435e+00
3.443750000000000000e+01,-2.586819179311856232e+00
3.445833333333332860e+01,-2.506178736895837034e+00
3.447916666666666430e+01,-2.169461264964972713e+00
3.450000000000000000e+01,-1.602297509470501424e+00
3.452083333333332860e+01,-8.109976226562114476e-01
3.454166666666666430e+01,1.608096344638809683e-01
3.456250000000000000e+01,1.297084226976249255e+00
3.458333333333332860e+01,2.521936264746436507e+00
3.460416666666666430e+01,3.673841163280876287e+00
3.462500000000000000e+01,4.592395734501725890e+00
3.464583333333332860e+01,5.142763571295710712e+00
3.466666666666666430e+01,5.291669898752179080e+00
3.468750000000000000e+01,5.233378804329357870e+00
3.470833333333332860e+01,5.146239857602969536e+00
3.472916666666666430e+01,4.940964017425162780e+00
3.475000000000000000e+01,4.493430436453643928e+00
3.477083333333332860e+01,3.768679390200329049e+00
3.479166666666666430e+01,2.848544432844189345e+00
3.481250000000000000e+01,1.967376454676293740e+00
3.483333333333332860e+01,1.225604715575245862e+00
3.485416666666666430e+01,5.946894625572021198e-01
3.487500000000000000e+01,4.551010897828611235e-02
3.489583333333332860e+01,-4.416613344567688060e-01
3.491666666666666430e+01,-8.813520746925735949e-01
3.493750000000000000e+01,-1.285609014270790773e+00
3.495833333333332860e+01,-1.666164971891276103e+00
3.497916666666666430e+01,-2.036350580526649967e+00
3.500000000000000000e+01,-2.376655594288324291e+00
3.502083333333332860e+01,-2.551153829843158416e+00
3.504166666666666430e+01,-2.473511782346849763e+00
3.506250000000000000e+01,-2.156872299719299502e+00
3.508333333333332860e+01,-1.650762778458436664e+00
3.510416666666666430e+01,-1.056965386663079265e+00
3.512500000000000000e+01,-4.830239340130917380e-01
3.514583333333332860e+01,2.896480553992536455e-02
3.516666666666666430e+01,4.076355296648476179e-01
3.518750000000000000e+01,5.993610584138393538e-01
3.520833333333332860e+01,6.177020645822006717e-01
3.522916666666666430e+01,5.067355059756504243e-01
3.525000000000000000e+01,3.196894344698566481e-01
3.527083333333332860e+01,1.037876152301139276e-01
3.529166666666666430e+01,-1.063305554754864213e-01
3.531250000000000000e+01,-2.888801027789287268e-01
3.533333333333332860e+01,-4.325354740112560270e-01
3.535416666666666430e+01,-5.337651484484129405e-01
3.537500000000000000e+01,-5.947718146397196204e-01
3.539583333333332860e+01,-6.220298788986888816e-01
3.541666666666666430e+01,-6.259970226378471780e-01
3.543750000000000000e+01,-6.223678108631247596e-01
3.545833333333332860e+01,-6.242287474290677540e-01
3.547916666666666430e+01,-6.346360083646533923e-01
3.550000000000000000e+01,-6.469093396039022892e-01
3.552083333333332860e+01,-6.456779964679970618e-01
3.554166666666666430e+01,-6.089142472114501548e-01
3.556250000000000000e+01,-5.097043224583470700e-01
3.558333333333332860e+01,-3.261308513557041877e-01
3.560416666666666430e+01,-5.263679537329846170e-02
3.562500000000000000e+01,2.998851261306141325e-01
3.564583333333332860e+01,7.124255333954561120e-01
3.566666666666666430e+01,1.163453644668333231e+00
3.568750000000000000e+01,1.627311137207322345e+00
3.570833333333332860e+01,2.050267969809232760e+00
3.572916666666666430e+01,2.387086994767890324e+00
3.575000000000000000e+01,2.602329704109339836e+00
3.577083333333332860e+01,2.626069296223477068e+00
3.579166666666666430e+01,2.433177147297655996e+00
3.581250000000000000e+01,2.027188455395605438e+00
3.583333333333332860e+01,1.414359970901386987e+00
3.585416666666666430e+01,7.208469690979555367e-01
3.587500000000000000e+01,1.387504207062875139e-01
3.589583333333332860e+01,-2.818234525405598490e-01
3.591666666666666430e+01,-6.136473621319140648e-01
3.593750000000000000e+01,-9.277333089156361012e-01
3.595833333333332860e+01,-1.246962096611213600e+00
3.597916666666666430e+01,-1.573233835595593266e+00
3.600000000000000000e+01,-1.906910553931571162e+00
3.602083333333332860e+01,-2.246147824195162457e+00
3.604166666666666430e+01,-2.586161053382177055e+00
3.606250000000000000e+01,-2.951781979195181371e+00
3.608333333333332860e+01,-3.368550081162860366e+00
3.610416666666666430e+01,-3.796511549075750835e+00
3.612500000000000000e+01,-4.112445046431534301e+00
3.614583333333332860e+01,-4.168177865875039245e+00
3.616666666666666430e+01,-3.885777998439953862e+00
3.618750000000000000e+01,-3.303501355484663726e+00
3.620833333333332860e+01,-2.613718523665005122e+00
3.622916666666666430e+01,-1.960933521239864419e+00
3.625000000000000000e+01,-1.375609715160020841e+00
3.627083333333332860e+01,-8.457805159743632117e-01
3.629166666666666430e+01,-3.382143781111111025e-01
3.631250000000000000e+01,1.870375537479720407e-01
3.633333333333332860e+01,7.522459803427317127e-01
3.635416666666666430e+01,1.363449233253186677e+00
3.637500000000000000e+01,1.949303409413193577e+00
3.639583333333332860e+01,2.249785618492757600e+00
3.641666666666666430e+01,2.173198381585403460e+00
3.643750000000000000e+01,1.960331358663001566e+00
3.645833333333332860e+01,1.748211129278280929e+00
3.647916666666666430e+01,1.535730607871522047e+00
3.650000000000000000e+01,1.320596413923278867e+00
3.652083333333332860e+01,1.099292009361168887e+00
3.654166666666666430e+01,8.669197449564363112e-01
3.656250000000000000e+01,6.168831333381428195e-01
3.658333333333332860e+01,3.403557031018635826e-01
3.660416666666666430e+01,2.546019429021750824e-02
3.662500000000000000e+01,-3.439420003497035694e-01
3.664583333333332860e+01,-7.899517179586625915e-01
3.666666666666666430e+01,-1.342819438545126864e+00
3.668750000000000000e+01,-2.043162741446622910e+00
3.670833333333332860e+01,-2.942297316907798610e+00
3.672916666666666430e+01,-4.094800464428207221e+00
3.675000000000000000e+01,-5.528969237397342695e+00
3.677083333333332860e+01,-7.172149289024698504e+00
3.679166666666666430e+01,-8.734908114630858478e+00
3.681250000000000000e+01,-9.690632180570203147e+00
3.683333333333332860e+01,-9.585095549198452858e+00
3.685416666666666430e+01,-8.478318811092705687e+00
3.687500000000000000e+01,-6.879569829994697017e+00
3.689583333333332860e+01,-4.198884991081914819e+00
3.691666666666666430e+01,-1.952277462052542489e+00
3.693750000000000000e+01,-1.070282973902749291e+00
3.695833333333332860e+01,-6.932628609511013451e-01
3.697916666666666430e+01,-3.936636633506438443e-01
3.700000000000000000e+01,-1.511050952138575099e-01
3.702083333333332860e+01,4.908228423482441372e-02
3.704166666666666430e+01,2.175458818877977762e-01
3.706250000000000000e+01,3.621070478321719577e-01
3.708333333333332860e+01,4.885908664317177852e-01
3.710416666666666430e+01,6.013994444878747458e-01
3.712500000000000000e+01,7.039093971607179867e-01
3.714583333333332860e+01,7.987494225005526971e-01
3.716666666666666430e+01,8.879957562959965855e-01
3.718750000000000000e+01,8.406860805042889240e+01
3.720833333333332860e+01,-6.710761584758831444e-02
3.722916666666666430e+01,-1.797934408266181339e-01
3.725000000000000000e+01,-2.923861029614588380e-01
3.727083333333332860e+01,-4.013626933577200129e-01
3.729166666666666430e+01,-5.004677674541906374e-01
3.731250000000000000e+01,-5.772843799060960457e-01
3.733333333333332860e+01,-6.164500497980467397e-01
3.735416666666666430e+01,-6.074141634567994386e-01
3.737500000000000000e+01,-5.484271282887016596e-01
3.739583333333332860e+01,-4.463288505151463692e-01
3.741666666666666430e+01,-3.141359368493903403e-01
3.743750000000000000e+01,-1.678823513318978833e-01
3.745833333333332860e+01,-2.373220094242323164e-02
3.747916666666666430e+01,1.041925464428143933e-01
3.750000000000000000e+01,2.052249594424735424e-01
3.752083333333332860e+01,2.728907065425696388e-01
3.754166666666666430e+01,3.050885471346103106e-01
3.756250000000000000e+01,3.037643043617592742e-01
3.758333333333332860e+01,2.740849284227209193e-01
3.760416666666666430e+01,2.233226531460037467e-01
3.762500000000000000e+01,1.596832987401113346e-01
3.764583333333332860e+01,9.125848461271168777e-02
3.766666666666666430e+01,2.521416127365394555e-02
3.768750000000000000e+01,-3.274257741478892036e-02
3.770833333333332860e+01,-7.863000181600854344e-02
3.772916666666666430e+01,-1.102340487248497647e-01
3.775000000000000000e+01,-1.269815308670383391e-01
3.777083333333332860e+01,-1.296999677963366349e-01
3.779166666666666430e+01,-1.203122738196666930e-01
3.781250000000000000e+01,-1.015041249346986252e-01
3.783333333333332860e+01,-7.639336549705788570e-02
3.785416666666666430e+01,-4.822294016209527356e-02
3.787500000000000000e+01,-2.009085365641860577e-02
3.789583333333332860e+01,5.275204516385079145e-03
3.791666666666666430e+01,2.569396042520488699e-02
3.793750000000000000e+01,3.965391059377409988e-02
3.795833333333332860e+01,4.638110218513857852e-02
3.797916666666666430e+01,4.584982786869606919e-02
3.800000000000000000e+01,3.873732587599176824e-02
3.802083333333332860e+01,2.632735814742792613e-02
3.804166666666666430e+01,1.037181009178778091e-02
3.806250000000000000e+01,-7.076755210372764893e-03
3.808333333333332860e+01,-2.384617367397035004e-02
3.810416666666666430e+01,-3.782311828799511666e-02
3.812500000000000000e+01,-4.711330388947554404e-02
3.814583333333332860e+01,-5.016999387073584060e-02
3.816666666666666430e+01,-4.588074090999549881e-02
3.818750000000000000e+01,-3.360641213582593601e-02
3.820833333333332860e+01,-1.317087277930983902e-02
3.822916666666666430e+01,1.519602147161891459e-02
3.825000000000000000e+01,5.095533888526726507e-02
3.827083333333332860e+01,9.338511622939571488e-02
3.829166666666666430e+01,1.417207890597340647e-01
3.831250000000000000e+01,1.952910547589552515e-01
3.833333333333332860e+01,2.536254007458237369e-01
3.835416666666666430e+01,3.165038929709027560e-01
3.837500000000000000e+01,3.839139270866462894e-01
3.839583333333332860e+01,4.558750632987301765e-01
3.841666666666666430e+01,5.320925316549212081e-01
3.843750000000000000e+01,6.114422829287293748e-01
3.845833333333332860e+01,6.913428226078346395e-01
3.847916666666666430e+01,7.671386792668766219e-01
3.850000000000000000e+01,8.317654313480888906e-01
3.852083333333332860e+01,8.760287800799193558e-01
3.854166666666666430e+01,8.897274409768870518e-01
3.856250000000000000e+01,8.635573563783749407e-01
3.858333333333332860e+01,7.913279595799820321e-01
3.860416666666666430e+01,6.717486793355391672e-01
3.862500000000000000e+01,5.091331290614919958e-01
3.864583333333332860e+01,3.128104200870773788e-01
3.866666666666666430e+01,9.555462617268073444e-02
3.868750000000000000e+01,-1.283671012421332414e-01
3.870833333333332860e+01,-3.449735495605992242e-01
3.872916666666666430e+01,-5.418733866374458863e-01
3.875000000000000000e+01,-7.090505675795109042e-01
3.877083333333332860e+01,-8.392370482849820235e-01
3.879166666666666430e+01,-9.280124292714144740e-01
3.881250000000000000e+01,-9.737378597276159509e-01
3.883333333333332860e+01,-9.773826951660218310e-01
3.885416666666666430e+01,-9.422643175148798234e-01
3.887500000000000000e+01,-8.737017326930676120e-01
3.889583333333332860e+01,-7.785797805473546607e-01
3.891666666666666430e+01,-6.648284346423424251e-01
3.893750000000000000e+01,-5.408366261612419512e-01
3.895833333333332860e+01,-4.148381927290376581e-01
3.897916666666666430e+01,-2.943235951715245102e-01
3.900000000000000000e+01,-1.855385856786744281e-01
3.902083333333332860e+01,-9.312495581311508452e-02
3.904166666666666430e+01,-1.993819818828090895e-02
3.906250000000000000e+01,3.295234811891534221e-02
3.908333333333332860e+01,6.610428642702137481e-02
3.910416666666666430e+01,8.142726232186503488e-02
3.912500000000000000e+01,8.184245676644019696e-02
3.914583333333332860e+01,7.092144128912836187e-02
3.916666666666666430e+01,5.253762180522869585e-02
3.918750000000000000e+01,3.055090517185976573e-02
3.920833333333332860e+01,-3.720364350157088218e-01
3.922916666666666430e+01,-9.931277145898755876e-01
3.925000000000000000e+01,-1.539851721956995600e+00
3.927083333333332860e+01,-1.976638656366360713e+00
3.929166666666666430e+01,-2.270956904852066138e+00
3.931250000000000000e+01,-2.397144675256893009e+00
3.933333333333332860e+01,-2.334513990813794848e+00
3.935416666666666430e+01,-2.069912599889164539e+00
3.937500000000000000e+01,-1.598149014901228959e+00
3.939583333333332860e+01,-9.283034577788189523e-01
3.941666666666666430e+01,-6.991085083694859037e-02
3.943750000000000000e+01,9.525125577713398073e-01
3.945833333333332860e+01,2.067051245436182683e+00
3.947916666666666430e+01,3.147581828714118402e+00
3.950000000000000000e+01,4.018970168807210364e+00
3.952083333333332860e+01,4.603427110243318410e+00
3.954166666666666430e+01,4.813185055303089044e+00
3.956250000000000000e+01,4.578942636232877561e+00
3.958333333333332860e+01,3.967435896454668764e+00
3.960416666666666430e+01,3.128129615066999936e+00
3.962500000000000000e+01,2.205298925359623574e+00
3.964583333333332860e+01,1.291021995161766966e+00
3.966666666666666430e+01,4.284344386448060149e-01
3.968750000000000000e+01,-3.661091513263956543e-01
3.970833333333332860e+01,-1.085726350303638732e+00
3.972916666666666430e+01,-1.721181191316626169e+00
3.975000000000000000e+01,-2.256948289982627198e+00
3.977083333333332860e+01,-2.671296176793706678e+00
3.979166666666666430e+01,-2.938542717929498505e+00
3.981250000000000000e+01,-3.033019414083976795e+00
3.983333333333332860e+01,-2.940699723640781471e+00
3.985416666666666430e+01,-2.663944270143697945e+00
3.987500000000000000e+01,-2.215839533214755797e+00
3.989583333333332860e+01,-1.621996470099380083e+00
3.991666666666666430e+01,-9.374152435148737084e-01
3.993750000000000000e+01,-2.153690736079210133e-01
3.995833333333332860e+01,5.120117302380391422e-01
3.997916666666666430e+01,1.205049992035976736e+00
4.000000000000000000e+01,1.812365149672033438e+00
4.002083333333332860e+01,2.274387291217434992e+00
4.004166666666666430e+01,2.526042082790097787e+00
4.006250000000000000e+01,2.511039665626492834e+00
4.008333333333332860e+01,2.189517989754566241e+00
4.010416666666666430e+01,1.595828092225771710e+00
4.012500000000000000e+01,8.288382197491142023e-01
4.014583333333332860e+01,7.536270535037914442e-04
4.016666666666666430e+01,-7.907588788738013630e-01
4.018750000000000000e+01,-1.463993910920004415e+00
4.020833333333332860e+01,-1.967053943869467414e+00
4.022916666666666430e+01,-2.286100940275058946e+00
4.025000000000000000e+01,-2.400757246264035416e+00
4.027083333333332860e+01,-2.296236093523795319e+00
4.029166666666666430e+01,-1.997175514811675656e+00
4.031250000000000000e+01,-1.564408193654984736e+00
4.033333333333332860e+01,-1.066698108769537523e+00
4.035416666666666430e+01,-5.527535636174185640e-01
4.037500000000000000e+01,-5.654739628762239789e-02
4.039583333333332860e+01,4.104306207672832052e-01
4.041666666666666430e+01,8.513184404714206899e-01
4.043750000000000000e+01,1.267841959637841853e+00
4.045833333333332860e+01,1.654379085465229604e+00
4.047916666666666430e+01,1.973578768054152999e+00
4.050000000000000000e+01,2.171619438681521963e+00
4.052083333333332860e+01,2.191329304621475238e+00
4.054166666666666430e+01,1.977511890205980727e+00
4.056250000000000000e+01,1.495680314837704472e+00
4.058333333333332860e+01,1.005608521330826788e+00
4.060416666666666430e+01,6.795627940582762427e-01
4.062500000000000000e+01,4.201917846197336104e-01
4.064583333333332860e+01,1.564988717746869096e-01
4.066666666666666430e+01,-1.153254219952168924e-01
4.068750000000000000e+01,-3.997154479967051088e-01
4.070833333333332860e+01,-7.016059504367500033e-01
4.072916666666666430e+01,-1.026241371887908427e+00
4.075000000000000000e+01,-1.378828014953644487e+00
4.077083333333332860e+01,-1.763896819421141071e+00
4.079166666666666430e+01,-2.184200436043089777e+00
4.081250000000000000e+01,-2.638953649941550239e+00
4.083333333333332860e+01,-3.121319595075768838e+00
4.085416666666666430e+01,-3.615383659282469075e+00
4.087500000000000000e+01,-4.093579983943996581e+00
4.089583333333332860e+01,-4.516533316885406713e+00
4.091666666666666430e+01,-4.837780460331376986e+00
4.093750000000000000e+01,-5.014404486524412619e+00
4.095833333333332860e+01,-5.020638651534586216e+00
4.097916666666666430e+01,-4.857539901676421579e+00
4.100000000000000000e+01,-4.171204250906489719e+00
4.102083333333332860e+01,-3.042732771527917990e+00
4.104166666666666430e+01,-2.359434677352128418e+00
4.106250000000000000e+01,-2.035045398788103199e+00
4.108333333333332860e+01,-1.748098861821411276e+00
4.110416666666666430e+01,-1.495281472835070957e+00
4.112500000000000000e+01,-1.272513008197808659e+00
4.114583333333332860e+01,-1.075580290709886810e+00
4.116666666666666430e+01,-9.004664136543674147e-01
4.118750000000000000e+01,-7.434937889266777233e-01
4.120833333333332860e+01,-6.013604206215177328e-01
4.122916666666666430e+01,-4.711186134839522310e-01
4.125000000000000000e+01,-3.501247261254398779e-01
4.127083333333332860e+01,-2.359754679390739796e-01
4.129166666666666430e+01,-1.264382022740768718e-01
4.131250000000000000e+01,5.978994848197452683e+01
4.133333333333332860e+01,-7.500511286232837416e-02
4.135416666666666430e+01,-2.011307720451895598e-01
4.137500000000000000e+01,-3.271461182215184005e-01
4.139583333333332860e+01,-4.485585866358695606e-01
4.141666666666666430e+01,-5.574803343940951672e-01
4.143750000000000000e+01,-6.377184706845572260e-01
4.145833333333332860e+01,-6.715539346699631595e-01
4.147916666666666430e+01,-6.487379721876224137e-01
4.150000000000000000e+01,-5.698318812605787098e-01
4.152083333333332860e+01,-4.451746972882077991e-01
4.154166666666666430e+01,-2.915392913626220217e-01
4.156250000000000000e+01,-1.282076487023573463e-01
4.158333333333332860e+01,2.640813160179300567e-02
4.160416666666666430e+01,1.571783473808270326e-01
4.162500000000000000e+01,2.536903330727480199e-01
4.164583333333332860e+01,3.108188121903345813e-01
4.166666666666666430e+01,3.285904291162862201e-01
4.168750000000000000e+01,3.113842277730125563e-01
4.170833333333332860e+01,2.666431481199276199e-01
4.172916666666666430e+01,2.034302149344959787e-01
4.175000000000000000e+01,1.310937396913767206e-01
4.177083333333332860e+01,5.820671196692217553e-02
4.179166666666666430e+01,-8.154115657424965136e-03
4.181250000000000000e+01,-6.279941969085534037e-02
4.183333333333332860e+01,-1.025403012653549606e-01
4.185416666666666430e+01,-1.260898452658838487e-01
4.187500000000000000e+01,-1.338200984199522381e-01
4.189583333333332860e+01,-1.274328935623638692e-01
4.191666666666666430e+01,-1.095909046837597600e-01
4.193750000000000000e+01,-8.354515312354959811e-02
4.195833333333332860e+01,-5.278614245094259694e-02
4.197916666666666430e+01,-2.073598769020223997e-02
4.200000000000000000e+01,9.509343924800850445e-03
4.202083333333332860e+01,3.538353101631397379e-02
4.204166666666666430e+01,5.499210808730059519e-02
4.206250000000000000e+01,6.721301031422721728e-02
4.208333333333332860e+01,7.173060173483958302e-02
4.210416666666666430e+01,6.899862465330919292e-02
4.212500000000000000e+01,6.015544883791390518e-02
4.214583333333332860e+01,4.689850025609776374e-02
4.216666666666666430e+01,3.132598224041505119e-02
4.218750000000000000e+01,1.575950664416048141e-02
4.220833333333332860e+01,2.562707628997129561e-03
4.222916666666666430e+01,-6.029250004395914075e-03
4.225000000000000000e+01,-8.055885146968533306e-03
4.227083333333332860e+01,-1.942738520460451923e-03
4.229166666666666430e+01,1.342898697760741555e-02
4.231250000000000000e+01,3.869691311815492973e-02
4.233333333333332860e+01,7.403374783315319618e-02
4.235416666666666430e+01,1.191978349851641195e-01
4.237500000000000000e+01,1.736050151239043604e-01
4.239583333333332860e+01,2.364030814911332046e-01
4.241666666666666430e+01,3.065245705128728515e-01
4.243750000000000000e+01,3.826894354804909471e-01
4.245833333333332860e+01,4.633288076610262429e-01
4.247916666666666430e+01,5.464090059894095575e-01
4.250000000000000000e+01,6.291575171703817082e-01
4.252083333333332860e+01,7.077355272015839471e-01
4.254166666666666430e+01,7.769632573365143902e-01
4.256250000000000000e+01,8.302662055551812692e-01
4.258333333333332860e+01,8.600308824366365013e-01
4.260416666666666430e+01,8.584866924330613047e-01
4.262500000000000000e+01,8.190467946459525361e-01
4.264583333333332860e+01,7.378038973001852519e-01
4.266666666666666430e+01,6.147210938879519304e-01
4.268750000000000000e+01,4.541066785921539228e-01
4.270833333333332860e+01,2.642169325440644201e-01
4.272916666666666430e+01,5.614996774594871454e-02
4.275000000000000000e+01,-1.576015237695318483e-01
4.277083333333332860e+01,-3.645607062280316057e-01
4.279166666666666430e+01,-5.533951339698062188e-01
4.281250000000000000e+01,-7.146832079706089136e-01
4.283333333333332860e+01,-8.413536222592201685e-01
4.285416666666666430e+01,-9.288776279457930940e-01
4.287500000000000000e+01,-9.752886902190274210e-01
4.289583333333332860e+01,-9.810787031670606950e-01
4.291666666666666430e+01,-9.489950424630155812e-01
4.293750000000000000e+01,-8.837468824595264838e-01
4.295833333333332860e+01,-7.916232739521829043e-01
4.297916666666666430e+01,-6.800278446873978533e-01
4.300000000000000000e+01,-5.569440346748690818e-01
4.302083333333332860e+01,-4.303587791920908678e-01
4.304166666666666430e+01,-3.076882891170200640e-01
4.306250000000000000e+01,-1.952616745293453970e-01
4.308333333333332860e+01,-9.792038387778223552e-02
4.310416666666666430e+01,-1.877977704831934602e-02
4.312500000000000000e+01,4.082523762485745777e-02
4.314583333333332860e+01,8.121894505315130353e-02
4.316666666666666430e+01,1.041232693322748926e-01
4.318750000000000000e+01,1.123070097586511551e-01
4.320833333333332860e+01,1.091991208901110788e-01
4.322916666666666430e+01,9.851074626344091811e-02
4.325000000000000000e+01,8.389717453419076598e-02
4.327083333333332860e+01,6.867772462152399449e-02
4.329166666666666430e+01,5.562183214229254880e-02
4.331250000000000000e+01,4.680377861814855045e-02
4.333333333333332860e+01,-3.080217643979059616e-01
4.335416666666666430e+01,-8.517967855132566601e-01
4.337500000000000000e+01,-1.314388943457150516e+00
4.339583333333332860e+01,-1.666708614630516561e+00
4.341666666666666430e+01,-1.869954441721104477e+00
4.343750000000000000e+01,-1.892871916461599913e+00
4.345833333333332860e+01,-1.714184511558285884e+00
4.347916666666666430e+01,-1.320849829051182311e+00
4.350000000000000000e+01,-7.128720558778924854e-01
4.352083333333332860e+01,8.863593681954107240e-02
4.354166666666666430e+01,1.028364573104301627e+00
4.356250000000000000e+01,2.002529064440071949e+00
4.358333333333332860e+01,2.861128908080332156e+00
4.360416666666666430e+01,3.453799558491326138e+00
4.362500000000000000e+01,3.724910496322162423e+00
4.364583333333332860e+01,3.659579402791078184e+00
4.366666666666666430e+01,3.276098968926736799e+00
4.368750000000000000e+01,2.675949411518140142e+00
4.370833333333332860e+01,1.976301838654992427e+00
4.372916666666666430e+01,1.261688510112466854e+00
4.375000000000000000e+01,5.799692492576782321e-01
4.377083333333332860e+01,-4.880421679425506198e-02
4.379166666666666430e+01,-6.202734580903475070e-01
4.381250000000000000e+01,-1.133666048772150603e+00
4.383333333333332860e+01,-1.585006746278086798e+00
4.385416666666666430e+01,-1.964156472737796921e+00
4.387500000000000000e+01,-2.253889595748348018e+00
4.389583333333332860e+01,-2.430440129196147048e+00
4.391666666666666430e+01,-2.466080728807959588e+00
4.393750000000000000e+01,-2.336768967063079128e+00
4.395833333333332860e+01,-2.033467244060902068e+00
4.397916666666666430e+01,-1.563980145027803914e+00
4.400000000000000000e+01,-9.689492029322877009e-01
4.402083333333332860e+01,-2.967782156430143203e-01
4.404166666666666430e+01,4.083435650529620986e-01
4.406250000000000000e+01,1.094452356694731066e+00
4.408333333333332860e+01,1.700188767907011567e+00
4.410416666666666430e+01,2.156401741397727445e+00
4.412500000000000000e+01,2.394216989791641215e+00
4.414583333333332860e+01,2.367639302409414448e+00
4.416666666666666430e+01,2.075483406253894714e+00
4.418750000000000000e+01,1.562857881853537245e+00
4.420833333333332860e+01,9.175784112918496938e-01
4.422916666666666430e+01,2.361067091956070563e-01
4.425000000000000000e+01,-4.086292230594326114e-01
4.427083333333332860e+01,-9.614852524409287504e-01
4.429166666666666430e+01,-1.381580255974565130e+00
4.431250000000000000e+01,-1.638242544379089782e+00
4.433333333333332860e+01,-1.708665987393583663e+00
4.435416666666666430e+01,-1.590866583534966683e+00
4.437500000000000000e+01,-1.309602131365011024e+00
4.439583333333332860e+01,-9.292790241300435961e-01
4.441666666666666430e+01,-5.069968897365949578e-01
4.443750000000000000e+01,-7.727168922733396172e-02
4.445833333333332860e+01,3.279226453453640833e-01
4.447916666666666430e+01,6.746895686673832770e-01
4.450000000000000000e+01,9.262963042841042549e-01
4.452083333333332860e+01,1.035511733766501408e+00
4.454166666666666430e+01,9.590316109790166799e-01
4.456250000000000000e+01,6.912315104148409883e-01
4.458333333333332860e+01,2.616959018824936423e-01
4.460416666666666430e+01,-2.789780880994702228e-01
4.462500000000000000e+01,-8.506914201659236952e-01
4.464583333333332860e+01,-1.351712800133856307e+00
4.466666666666666430e+01,-1.707718991409005849e+00
4.468750000000000000e+01,-1.894398998485409713e+00
4.470833333333332860e+01,-1.928114688245668562e+00
4.472916666666666430e+01,-1.840547423113280789e+00
4.475000000000000000e+01,-1.665794629814505434e+00
4.477083333333332860e+01,-1.422791564488251392e+00
4.479166666666666430e+01,-1.062572077221484168e+00
4.481250000000000000e+01,-5.627111679180183401e-01
4.483333333333332860e+01,4.068089399147289953e-02
4.485416666666666430e+01,6.723679057687492744e-01
4.487500000000000000e+01,1.272229818760687081e+00
4.489583333333332860e+01,1.825225331402203999e+00
4.491666666666666430e+01,2.325181206107252319e+00
4.493750000000000000e+01,2.750741315641619167e+00
4.495833333333332860e+01,3.060249612971398747e+00
4.497916666666666430e+01,3.195201590898919086e+00
4.500000000000000000e+01,3.055154960604372860e+00
4.502083333333332860e+01,2.593982874120094095e+00
4.504166666666666430e+01,1.931886067620470993e+00
4.506250000000000000e+01,1.336498254211839321e+00
4.508333333333332860e+01,9.014720553079076382e-01
4.510416666666666430e+01,5.307136176990159271e-01
4.512500000000000000e+01,1.633868191809257908e-01
4.514583333333332860e+01,-2.088395069478261590e-01
4.516666666666666430e+01,-5.950385387658783110e-01
4.518750000000000000e+01,-1.004734175894721471e+00
4.520833333333332860e+01,-1.447422407456205651e+00
4.522916666666666430e+01,-1.931604606662709056e+00
4.525000000000000000e+01,-2.462921501903692523e+00
4.527083333333332860e+01,-3.040909642546035130e+00
4.529166666666666430e+01,-3.654101150458985980e+00
4.531250000000000000e+01,-4.274088642523803827e+00
4.533333333333332860e+01,-4.851212496103545213e+00
4.535416666666666430e+01,-5.317116170942133735e+00
4.537500000000000000e+01,-5.599450511535919439e+00
4.539583333333332860e+01,-5.530711379504717584e+00
4.541666666666666430e+01,-4.690597658193338404e+00
4.543750000000000000e+01,-3.581350250319900397e+00
4.545833333333332860e+01,-2.934567383533254414e+00
4.547916666666666430e+01,-2.553550309117690986e+00
4.550000000000000000e+01,-2.205681482325385190e+00
4.552083333333332860e+01,-1.892674036676019966e+00
4.554166666666666430e+01,-1.613111374122286890e+00
4.556250000000000000e+01,-1.363902910399421131e+00
4.558333333333332860e+01,-1.141223903417106555e+00
4.560416666666666430e+01,-9.410658425347300238e-01
4.562500000000000000e+01,-7.595241325077957129e-01
4.564583333333332860e+01,-5.929209181070191903e-01
4.566666666666666430e+01,-4.378294971825695825e-01
4.568750000000000000e+01,-2.910417217616547703e-01
4.570833333333332860e+01,-1.495021618153522525e-01
4.572916666666666430e+01,-1.022110676366239090e-02
4.575000000000000000e+01,1.298291788629448718e-01
4.577083333333332860e+01,2.738357046938126871e-01
4.579166666666666430e+01,4.252880586260481266e-01
4.581250000000000000e+01,5.881513848617707652e-01
4.583333333333332860e+01,7.670792099932413066e-01
4.585416666666666430e+01,9.676778756651032154e-01
